gamma_lev,n_warmup,stream,omega_hat,alpha_hat,beta_hat,persistence_hat,converged,equals_initialiser,at_lower_bound,at_upper_bound,alarm_eco,alarm_ml
0,250,0,0.29355540914148903,0.044486999999999999,0.70126699999999997,0.74575400000000003,True,False,False,False,False,False
0,250,1,0.19843015030589162,0.15151000000000001,0.61523700000000003,0.76674700000000007,True,False,False,False,False,False
0,250,2,0.36721027337182022,0.073536000000000004,0.466192,0.53972799999999999,True,False,False,False,False,False
0,250,3,0.75064333291334273,0.131463,0.21873799999999999,0.35020099999999998,True,False,False,False,False,False
0,250,4,0.98345566607249768,9.9999999999999995e-07,9.9999999999999995e-07,1.9999999999999999e-06,True,False,True,False,False,False
0,250,5,0.28955807685107521,0.077660000000000007,0.67060900000000001,0.74826900000000007,True,False,False,False,False,False
0,250,6,0.092002721150985525,0.022769999999999999,0.86373,0.88649999999999995,True,False,False,False,False,True
0,250,7,0.10967840500817344,0.032252999999999997,0.87552700000000006,0.90778000000000003,True,False,False,False,False,True
0,250,8,0.061783494864711921,0.082005999999999996,0.86847099999999999,0.95047700000000002,True,False,False,False,False,False
0,250,9,0.93068135329871959,9.9999999999999995e-07,9.9999999999999995e-07,1.9999999999999999e-06,True,False,True,False,True,False
0,250,10,0.059889603877747923,0.044137000000000003,0.89896100000000001,0.94309799999999999,True,False,False,False,False,False
0,250,11,0.68275929069552466,9.9999999999999995e-07,0.48692099999999999,0.48692199999999997,True,False,True,False,False,False
0,250,12,0.19804449227824972,0.015013,0.81866899999999998,0.83368200000000003,True,False,False,False,False,False
0,250,13,0.4415535288944975,9.9999999999999995e-07,0.468918,0.46891899999999997,True,False,True,False,True,False
0,250,14,0.80911130191876168,0.16676099999999999,0.066366999999999995,0.233128,True,False,False,False,False,False
0,250,15,0.075005197515452149,0.063041,0.85965000000000003,0.92269100000000004,True,False,False,False,False,False
0,250,16,0.34845206936315687,0.13559399999999999,0.56174900000000005,0.69734300000000005,True,False,False,False,False,True
0,250,17,1.0274723373206121,9.9999999999999995e-07,9.9999999999999995e-07,1.9999999999999999e-06,True,False,True,False,False,False
0,250,18,0.06268938914257767,0.015952000000000001,0.91634700000000002,0.93229899999999999,True,False,False,False,False,True
0,250,19,0.45176205477375336,0.18026400000000001,0.45368399999999998,0.63394799999999996,True,False,False,False,False,False
0,250,20,0.056414774326262455,0.060359999999999997,0.87970499999999996,0.94006499999999993,True,False,False,False,False,False
0,250,21,0.20159616853496723,0.053380999999999998,0.74880199999999997,0.80218299999999998,True,False,False,False,False,False
0,250,22,0.12979210273458838,0.0080669999999999995,0.83489199999999997,0.84295900000000001,True,False,False,False,False,False
0,250,23,1.0247596374237191,9.9999999999999995e-07,9.9999999999999995e-07,1.9999999999999999e-06,True,False,True,False,False,False
0,250,24,0.71210404417025397,9.9999999999999995e-07,9.9999999999999995e-07,1.9999999999999999e-06,True,False,True,False,True,True
0,250,25,0.075951728507059377,0.038745000000000002,0.86016400000000004,0.89890900000000007,True,False,False,False,False,False
0,250,26,0.1014169991425574,0.088777999999999996,0.814137,0.90291500000000002,True,False,False,False,False,False
0,250,27,0.24462413967907218,0.152369,0.60449399999999998,0.75686299999999995,True,False,False,False,False,False
0,250,28,1.2814747276600049,0.188356,9.9999999999999995e-07,0.188357,True,False,True,False,False,False
0,250,29,0.83269522116880579,9.9999999999999995e-07,9.9999999999999995e-07,1.9999999999999999e-06,True,False,True,False,False,False
0,250,30,0.89232965219227256,9.9999999999999995e-07,9.9999999999999995e-07,1.9999999999999999e-06,True,False,True,False,True,False
0,250,31,0.11591430940735784,0.041522999999999997,0.81815800000000005,0.85968100000000003,True,False,False,False,True,False
0,250,32,0.92177670456246841,0.111443,9.9999999999999995e-07,0.111444,True,False,True,False,False,False
0,250,33,0.68971137067432431,0.0029220000000000001,0.40893499999999999,0.41185699999999997,True,False,False,False,False,False
0,250,34,0.030463164249796053,0.018561000000000001,0.95413499999999996,0.97269600000000001,True,False,False,False,False,False
0,250,35,0.70129931447370553,0.046445,0.31157699999999999,0.35802200000000001,True,False,False,False,False,False
0,250,36,0.36465919030605032,9.9999999999999995e-07,0.51204400000000005,0.51204500000000008,True,False,True,False,False,False
0,250,37,0.03941902154085928,0.076941999999999997,0.86562499999999998,0.94256699999999993,True,False,False,False,False,False
0,250,38,0.79037330146941676,0.110235,9.9999999999999995e-07,0.110236,True,False,True,False,False,False
0,250,39,0.12977266930915818,0.11874700000000001,0.72746,0.84620700000000004,True,False,False,False,False,False
0,250,40,0.43964744796631111,0.069220000000000004,0.54787300000000005,0.61709300000000011,True,False,False,False,False,False
0,250,41,0.1388207481018679,0.012538000000000001,0.87357799999999997,0.88611600000000001,True,False,False,False,False,False
0,250,42,0.09210214644222757,0.076300999999999994,0.822268,0.89856899999999995,True,False,False,False,False,False
0,250,43,0.10513704458784558,0.129525,0.79076299999999999,0.92028799999999999,True,False,False,False,False,False
0,250,44,1.0148195106939206,9.9999999999999995e-07,9.9999999999999995e-07,1.9999999999999999e-06,True,False,True,False,False,False
0,250,45,0.34446335369649728,0.111947,0.56220999999999999,0.67415700000000001,True,False,False,False,False,True
0,250,46,0.32372857263788868,0.10304099999999999,0.50173900000000005,0.6047800000000001,True,False,False,False,False,False
0,250,47,0.853911033606922,9.9999999999999995e-07,9.9999999999999995e-07,1.9999999999999999e-06,True,False,True,False,True,True
0,250,48,0.091833217500985387,0.085103999999999999,0.80825000000000002,0.89335399999999998,True,False,False,False,False,False
0,250,49,0.1573527557935622,0.021850999999999999,0.81126399999999999,0.83311499999999994,True,False,False,False,False,False
0,250,50,0.336307932615456,0.14732899999999999,0.44807999999999998,0.59540899999999997,True,False,False,False,False,False
0,250,51,0.66547849854992724,0.055638,0.0053499999999999997,0.060988000000000001,True,False,False,False,False,False
0,250,52,0.61061097647362894,0.231545,0.134489,0.36603399999999997,True,False,False,False,False,False
0,250,53,0.92757166444665351,9.9999999999999995e-07,9.9999999999999995e-07,1.9999999999999999e-06,True,False,True,False,False,False
0,250,54,0.65575444117090886,0.067392999999999995,0.184443,0.251836,True,False,False,False,False,False
0,250,55,0.05698021992915895,0.049311000000000001,0.89179900000000001,0.94111,True,False,False,False,False,False
0,250,56,0.34475238790966506,0.069556999999999994,0.57135599999999998,0.64091299999999995,True,False,False,False,False,False
0,250,57,0.085520501695515505,0.053682000000000001,0.86153400000000002,0.91521600000000003,True,False,False,False,False,False
0,250,58,0.16744706693937617,0.135992,0.61948899999999996,0.75548099999999996,True,False,False,False,False,False
0,250,59,0.8420036054256671,0.194106,9.9999999999999995e-07,0.194107,True,False,True,False,False,False
0,250,60,0.51450679375642339,9.9999999999999995e-07,0.47381200000000001,0.47381299999999998,True,False,True,False,False,False
0,250,61,0.48472152707878591,9.9999999999999995e-07,0.48907600000000001,0.48907699999999998,True,False,True,False,False,False
0,250,62,0.96763344817712105,9.9999999999999995e-07,9.9999999999999995e-07,1.9999999999999999e-06,True,False,True,False,False,False
0,250,63,0.10813147301559323,0.035973999999999999,0.85664399999999996,0.89261799999999991,True,False,False,False,False,False
0,250,64,0.87351842238826005,0.014089000000000001,9.9999999999999995e-07,0.01409,True,False,True,False,False,False
0,250,65,0.44492095377710056,0.045190000000000001,0.34103800000000001,0.38622800000000002,True,False,False,False,False,False
0,250,66,0.46829392952389076,9.9999999999999995e-07,0.46628500000000001,0.46628599999999998,True,False,True,False,False,False
0,250,67,0.059715062690966172,0.020053999999999999,0.91320699999999999,0.93326100000000001,True,False,False,False,False,False
0,250,68,0.58652445382928697,0.19694700000000001,0.30879699999999999,0.50574399999999997,True,False,False,False,False,True
0,250,69,0.81249349616088107,9.9999999999999995e-07,9.9999999999999995e-07,1.9999999999999999e-06,True,False,True,False,False,False
0,250,70,1.163458673307703,0.074637999999999996,9.9999999999999995e-07,0.074638999999999997,True,False,True,False,False,False
0,250,71,0.037961881583349871,0.031980000000000001,0.93240599999999996,0.96438599999999997,True,False,False,False,False,False
0,250,72,0.66966175125230776,9.9999999999999995e-07,9.9999999999999995e-07,1.9999999999999999e-06,True,False,True,False,True,False
0,250,73,0.086747982223536663,0.064924999999999997,0.86166100000000001,0.92658600000000002,True,False,False,False,False,False
0,250,74,0.015683900914935569,0.011774,0.97340400000000005,0.985178,True,False,False,False,False,False
0,250,75,0.11853844804991492,0.030849000000000001,0.80981199999999998,0.84066099999999999,True,False,False,False,False,False
0,250,76,0.010221210899017293,0.016424000000000001,0.97108899999999998,0.98751299999999997,True,False,False,False,False,False
0,250,77,0.091223235116481158,0.0066810000000000003,0.92394299999999996,0.93062400000000001,True,False,False,False,False,False
0,250,78,0.096110668678533115,0.030322999999999999,0.86780599999999997,0.89812899999999996,True,False,False,False,False,False
0,250,79,0.26015021614959838,0.13741,0.62066600000000005,0.75807600000000008,True,False,False,False,False,True
0,250,80,0.052697541990772569,0.014926,0.93037800000000004,0.94530400000000003,True,False,False,False,False,False
0,250,81,0.41004871432228795,0.024289999999999999,0.44498199999999999,0.46927199999999997,True,False,False,False,False,False
0,250,82,0.09834825049462298,0.139513,0.74619199999999997,0.88570499999999996,True,False,False,False,False,False
0,250,83,0.50914315902802232,0.083518999999999996,0.31093799999999999,0.394457,True,False,False,False,False,False
0,250,84,0.85464317659816003,9.9999999999999995e-07,9.9999999999999995e-07,1.9999999999999999e-06,True,False,True,False,True,False
0,250,85,0.15711263163441341,0.087600999999999998,0.78434400000000004,0.87194500000000008,True,False,False,False,False,False
0,250,86,0.054173269693788988,0.025946,0.92010099999999995,0.94604699999999997,True,False,False,False,False,False
0,250,87,0.89468019214311023,0.033311,9.9999999999999995e-07,0.033312000000000001,True,False,True,False,False,False
0,250,88,0.29838952607144364,0.10017,0.602993,0.70316299999999998,True,False,False,False,False,False
0,250,89,0.55639085927318088,9.9999999999999995e-07,0.46918799999999999,0.46918899999999997,True,False,True,False,False,False
0,250,90,0.13838496773775008,0.094378000000000004,0.79904699999999995,0.89342499999999991,True,False,False,False,False,True
0,250,91,0.59263040561848723,0.13803499999999999,0.15839,0.29642499999999999,True,False,False,False,False,False
0,250,92,0.31657113546959542,0.17733399999999999,0.56386499999999995,0.74119899999999994,True,False,False,False,False,False
0,250,93,0.29517922282352088,0.063299999999999995,0.52924599999999999,0.59254600000000002,True,False,False,False,False,False
0,250,94,0.17080358047162858,0.102919,0.78503500000000004,0.88795400000000002,True,False,False,False,False,False
0,250,95,0.83068933662424138,0.23139199999999999,0.091357999999999995,0.32274999999999998,True,False,False,False,False,False
0,250,96,0.13343256475456877,0.035233,0.79196699999999998,0.82719999999999994,True,False,False,False,False,False
0,250,97,0.10218524577132415,0.083251000000000006,0.79864500000000005,0.88189600000000001,True,False,False,False,False,False
0,250,98,0.80226247136392725,0.227579,0.031403,0.25898199999999999,True,False,False,False,False,False
0,250,99,0.84119863217444946,0.059380000000000002,9.9999999999999995e-07,0.059381000000000003,True,False,True,False,True,False
0,250,100,0.062782034331814576,0.028624,0.90961099999999995,0.93823499999999993,True,False,False,False,False,False
0,250,101,0.078890596812557529,0.054619000000000001,0.88724800000000004,0.94186700000000001,True,False,False,False,False,True
0,250,102,0.61225968005589249,0.087121000000000004,0.21363799999999999,0.300759,True,False,False,False,True,False
0,250,103,0.040817078977266358,0.030369,0.92616699999999996,0.95653599999999994,True,False,False,False,False,False
0,250,104,0.1045461554346116,0.078366000000000005,0.80079400000000001,0.87916000000000005,True,False,False,False,False,False
0,250,105,0.73983374634834864,0.015771,9.9999999999999995e-07,0.015772000000000001,True,False,True,False,False,False
0,250,106,0.47263845000713184,0.158886,0.19812199999999999,0.35700799999999999,True,False,False,False,True,False
0,250,107,0.91020627394270037,0.018624999999999999,0.10903,0.12765499999999999,True,False,False,False,False,False
0,250,108,0.21438415443716047,0.131687,0.703322,0.835009,True,False,False,False,False,False
0,250,109,0.41594330876493202,0.15908700000000001,0.408887,0.56797399999999998,True,False,False,False,False,False
0,250,110,0.15575871437600208,0.119182,0.73416300000000001,0.85334500000000002,True,False,False,False,False,False
0,250,111,0.74779678677781014,0.087744000000000003,9.9999999999999995e-07,0.087745000000000004,True,False,True,False,False,False
0,250,112,0.65285766973979431,0.048634999999999998,0.131828,0.18046299999999998,True,False,False,False,False,False
0,250,113,0.42352848186604675,0.24906700000000001,0.20727200000000001,0.45633900000000005,True,False,False,False,False,False
0,250,114,0.82022754077420612,0.025551999999999998,9.9999999999999995e-07,0.025552999999999999,True,False,True,False,True,False
0,250,115,0.15534802264432962,0.062174,0.80699900000000002,0.86917299999999997,True,False,False,False,False,False
0,250,116,0.033692146245715454,0.029565999999999999,0.93553200000000003,0.96509800000000001,True,False,False,False,False,False
0,250,117,0.15094813723620082,0.097242999999999996,0.74560400000000004,0.84284700000000001,True,False,False,False,False,False
0,250,118,0.5104556939050936,9.9999999999999995e-07,0.454179,0.45417999999999997,True,False,True,False,False,False
0,250,119,0.80647943172263414,0.24240100000000001,0.011237,0.25363800000000003,True,False,False,False,False,False
0,250,120,0.17498837447904095,0.038126,0.75188200000000005,0.79000800000000004,True,False,False,False,False,False
0,250,121,0.79728212180826363,0.110441,9.9999999999999995e-07,0.110442,True,False,True,False,False,False
0,250,122,0.066297822174504126,0.102321,0.83802500000000002,0.94034600000000002,True,False,False,False,False,False
0,250,123,0.65197121412591963,0.13036500000000001,0.108274,0.23863899999999999,True,False,False,False,False,False
0,250,124,0.011725891918906285,0.037368999999999999,0.949963,0.98733199999999999,True,False,False,False,False,False
0,250,125,0.26098103921142496,0.045118999999999999,0.73285299999999998,0.777972,True,False,False,False,False,False
0,250,126,0.069373586083121191,0.028337999999999999,0.88402099999999995,0.91235899999999992,True,False,False,False,False,False
0,250,127,1.0087154986853595,0.107487,9.9999999999999995e-07,0.107488,True,False,True,False,False,False
0,250,128,0.62496303694490474,0.065804000000000001,0.304089,0.36989300000000003,True,False,False,False,False,False
0,250,129,0.43901691126753906,0.0085599999999999999,0.61837299999999995,0.62693299999999996,True,False,False,False,False,False
0,250,130,0.14518925664441751,0.035432999999999999,0.83139700000000005,0.8668300000000001,True,False,False,False,False,False
0,250,131,0.76918787169340952,0.178592,0.14830099999999999,0.32689299999999999,True,False,False,False,False,False
0,250,132,0.86423675734498751,0.000678,9.9999999999999995e-07,0.00067900000000000002,True,False,True,False,False,False
0,250,133,1.052734606369691,0.069757,9.9999999999999995e-07,0.069758000000000001,True,False,True,False,False,False
0,250,134,0.20038467647301753,0.036507999999999999,0.79742400000000002,0.83393200000000001,True,False,False,False,False,False
0,250,135,0.29867781565124291,0.236399,0.46328799999999998,0.69968699999999995,True,False,False,False,False,False
0,250,136,0.056090362570726512,0.071276000000000006,0.87523799999999996,0.94651399999999997,True,False,False,False,False,False
0,250,137,0.85405488225195125,0.13820199999999999,9.9999999999999995e-07,0.13820299999999999,True,False,True,False,False,False
0,250,138,1.0601043222496349,0.018137,9.9999999999999995e-07,0.018138000000000001,True,False,True,False,False,False
0,250,139,0.097565828046698028,0.075159000000000004,0.82964199999999999,0.90480099999999997,True,False,False,False,False,False
0,250,140,0.63187544831233788,0.28769800000000001,9.9999999999999995e-07,0.28769899999999998,True,False,True,False,True,False
0,250,141,0.073800863063845201,0.011480000000000001,0.89681200000000005,0.9082920000000001,True,False,False,False,True,False
0,250,142,1.0009481901647803,0.13325799999999999,9.9999999999999995e-07,0.13325899999999999,True,False,True,False,False,False
0,250,143,0.70072269248335661,0.16699,9.9999999999999995e-07,0.166991,True,False,True,False,True,False
0,250,144,0.51588205033307999,0.17841399999999999,0.43797000000000003,0.61638400000000004,True,False,False,False,False,False
0,250,145,0.88661169407772666,0.010257,9.9999999999999995e-07,0.010258,True,False,True,False,False,False
0,250,146,0.074333406614967942,0.041676999999999999,0.89926399999999995,0.94094099999999992,True,False,False,False,False,True
0,250,147,0.47142900330221127,0.16120499999999999,0.440884,0.60208899999999999,True,False,False,False,False,True
0,250,148,0.45408447093716686,0.184806,0.43976399999999999,0.62456999999999996,True,False,False,False,False,False
0,250,149,0.15231019942522872,0.091932,0.79054100000000005,0.88247300000000006,True,False,False,False,False,False
0,250,150,0.024270004485798156,0.063436999999999993,0.91385700000000003,0.977294,True,False,False,False,False,False
0,250,151,0.75185043667494855,0.17054,9.9999999999999995e-07,0.170541,True,False,True,False,False,False
0,250,152,0.24886577825326964,0.079126000000000002,0.67447199999999996,0.75359799999999999,True,False,False,False,False,False
0,250,153,0.55845501182355883,0.38277800000000001,0.21177599999999999,0.59455400000000003,True,False,False,False,False,False
0,250,154,0.74786287617126002,0.084892999999999996,9.9999999999999995e-07,0.084893999999999997,True,False,True,False,False,False
0,250,155,0.012625691952900206,0.026183999999999999,0.95748100000000003,0.98366500000000001,True,False,False,False,False,False
0,250,156,0.02377282640631154,0.031165000000000002,0.94346099999999999,0.97462599999999999,True,False,False,False,False,False
0,250,157,0.2893044419458734,0.18026300000000001,0.48372399999999999,0.66398699999999999,True,False,False,False,False,False
0,250,158,0.88234638580650426,9.9999999999999995e-07,9.9999999999999995e-07,1.9999999999999999e-06,True,False,True,False,True,False
0,250,159,0.13477211762861224,0.035490000000000001,0.80706599999999995,0.84255599999999997,True,False,False,False,False,False
0,250,160,0.74899718137283977,9.9999999999999995e-07,9.9999999999999995e-07,1.9999999999999999e-06,True,False,True,False,False,False
0,250,161,0.11713002946989892,0.083753999999999995,0.74182199999999998,0.82557599999999998,True,False,False,False,True,False
0,250,162,0.34826245102303366,0.031907999999999999,0.60317299999999996,0.63508100000000001,True,False,False,False,False,True
0,250,163,0.53555736435700907,9.9999999999999995e-07,0.47994599999999998,0.47994699999999996,True,False,True,False,True,True
0,250,164,0.24277018400677236,0.063140000000000002,0.69467599999999996,0.75781599999999993,True,False,False,False,False,False
0,250,165,0.098479237112977125,0.108155,0.78832100000000005,0.89647600000000005,True,False,False,False,False,False
0,250,166,0.46814813567563779,0.0076490000000000004,0.55785399999999996,0.56550299999999998,True,False,False,False,False,False
0,250,167,0.038437836284907705,0.045496000000000002,0.91462600000000005,0.96012200000000003,True,False,False,False,False,True
0,250,168,0.029870048062027626,0.028239,0.94347800000000004,0.97171700000000005,True,False,False,False,False,False
0,250,169,0.47928077512864692,9.9999999999999995e-07,0.47359499999999999,0.47359599999999996,True,False,True,False,False,False
0,250,170,0.57046862081822103,0.185304,0.134987,0.32029099999999999,True,False,False,False,False,False
0,250,171,0.53135806469532465,9.9999999999999995e-07,0.48098600000000002,0.480987,True,False,True,False,False,False
0,250,172,0.79456295492415652,0.065144999999999995,0.18301899999999999,0.248164,True,False,False,False,False,False
0,250,173,0.78715674693276805,0.170958,9.9999999999999995e-07,0.170959,True,False,True,False,False,False
0,250,174,0.97941425533849757,9.9999999999999995e-07,9.9999999999999995e-07,1.9999999999999999e-06,True,False,True,False,False,False
0,250,175,1.0502977063851353,9.9999999999999995e-07,9.9999999999999995e-07,1.9999999999999999e-06,True,False,True,False,False,False
0,250,176,1.1329588196822145,0.123658,9.9999999999999995e-07,0.12365900000000001,True,False,True,False,False,True
0,250,177,0.59871923996151555,0.109873,0.35872599999999999,0.46859899999999999,True,False,False,False,False,False
0,250,178,0.12580748323034055,0.029839000000000001,0.84736400000000001,0.87720299999999995,True,False,False,False,False,False
0,250,179,0.041347499568250463,0.048134999999999997,0.91091500000000003,0.95905000000000007,True,False,False,False,False,False
0,250,180,0.74842775814681572,9.9999999999999995e-07,0.45633600000000002,0.45633699999999999,True,False,True,False,False,False
0,250,181,0.12216929475713594,0.041085000000000003,0.84157099999999996,0.882656,True,False,False,False,False,False
0,250,182,0.099244756758568725,0.027934,0.84048400000000001,0.86841800000000002,True,False,False,False,True,False
0,250,183,0.2091255860778938,0.072549000000000002,0.75001799999999996,0.82256699999999994,True,False,False,False,False,False
0,250,184,0.34411121099765263,0.074804999999999996,0.51880400000000004,0.59360900000000005,True,False,False,False,True,False
0,250,185,0.52425655322178388,0.15742999999999999,0.30803900000000001,0.46546900000000002,True,False,False,False,False,False
0,250,186,0.093685098803504591,0.060706000000000003,0.82113000000000003,0.88183600000000006,True,False,False,False,False,False
0,250,187,0.97228795449659111,9.9999999999999995e-07,9.9999999999999995e-07,1.9999999999999999e-06,True,False,True,False,False,False
0,250,188,0.362707119453896,0.076585,0.55082200000000003,0.62740700000000005,True,False,False,False,False,False
0,250,189,0.42026411134442226,0.058757999999999998,0.44446000000000002,0.50321800000000005,True,False,False,False,False,False
0,250,190,0.57225443957676692,0.100443,0.37537300000000001,0.47581600000000002,True,False,False,False,False,True
0,250,191,0.78446009224622948,0.109135,9.9999999999999995e-07,0.109136,True,False,True,False,False,False
0,250,192,0.048445673024810107,0.124496,0.83611500000000005,0.9606110000000001,True,False,False,False,False,False
0,250,193,1.159574977843544,0.057812000000000002,9.9999999999999995e-07,0.057813000000000003,True,False,True,False,True,False
0,250,194,0.028636876803723229,0.033209000000000002,0.93902099999999999,0.97223000000000004,True,False,False,False,False,False
0,250,195,0.74460651654501631,0.127028,0.238508,0.36553599999999997,True,False,False,False,False,False
0,250,196,0.30090119648623576,0.12978200000000001,0.56650299999999998,0.69628500000000004,True,False,False,False,False,True
0,250,197,0.047980616568870267,0.011736999999999999,0.93450699999999998,0.94624399999999997,True,False,False,False,False,False
0,250,198,0.35035445723871983,0.01511,0.63363599999999998,0.64874599999999993,True,False,False,False,False,False
0,250,199,0.29052727276944157,0.12562300000000001,0.55898800000000004,0.68461100000000008,True,False,False,False,False,True
0,500,0,0.26400669208819239,0.055524999999999998,0.68073099999999998,0.73625600000000002,True,False,False,False,False,False
0,500,1,0.21699558528965426,0.10230599999999999,0.66922300000000001,0.77152900000000002,True,False,False,False,False,False
0,500,2,0.21278376141179497,0.101926,0.69873300000000005,0.80065900000000001,True,False,False,False,False,False
0,500,3,0.45959163293197769,0.046862000000000001,0.507158,0.55401999999999996,True,False,False,False,False,False
0,500,4,0.88672119497914093,9.9999999999999995e-07,9.9999999999999995e-07,1.9999999999999999e-06,True,False,True,False,False,False
0,500,5,0.517481905025162,0.102053,0.40674399999999999,0.50879699999999994,True,False,False,False,False,False
0,500,6,0.065032486201109546,0.024892000000000001,0.89998800000000001,0.92488000000000004,True,False,False,False,False,True
0,500,7,1.062384543931681,0.145536,9.9999999999999995e-07,0.145537,True,False,True,False,False,True
0,500,8,0.091143193744300882,0.047801999999999997,0.87111099999999997,0.91891299999999998,True,False,False,False,False,False
0,500,9,0.91248583416018358,9.9999999999999995e-07,9.9999999999999995e-07,1.9999999999999999e-06,True,False,True,False,True,False
0,500,10,0.19648898604352877,0.060665999999999998,0.77290499999999995,0.83357099999999995,True,False,False,False,False,False
0,500,11,0.12090974170154664,0.016053999999999999,0.87912599999999996,0.89517999999999998,True,False,False,False,False,False
0,500,12,0.23445032294684578,0.048658,0.73006199999999999,0.77871999999999997,True,False,False,False,False,False
0,500,13,0.29869115621222164,0.026239999999999999,0.66927400000000004,0.69551400000000008,True,False,False,False,False,False
0,500,14,0.67219800266686103,0.087150000000000005,0.15981699999999999,0.24696699999999999,True,False,False,False,False,False
0,500,15,0.25368019197937919,0.24773600000000001,0.56023500000000004,0.80797099999999999,True,False,False,False,False,False
0,500,16,0.22590204170144162,0.117593,0.66733200000000004,0.78492500000000009,True,False,False,False,False,True
0,500,17,0.32543045322047121,0.017018999999999999,0.66313800000000001,0.68015700000000001,True,False,False,False,False,False
0,500,18,0.24063850149179625,0.037161,0.73077899999999996,0.76793999999999996,True,False,False,False,False,True
0,500,19,0.035546149350037137,0.027415999999999999,0.93843399999999999,0.96584999999999999,True,False,False,False,False,False
0,500,20,0.13977478324131304,0.109427,0.77119400000000005,0.8806210000000001,True,False,False,False,False,False
0,500,21,0.15902482527726755,0.037111999999999999,0.80953399999999998,0.84664600000000001,True,False,False,False,False,False
0,500,22,0.45852240903995012,9.9999999999999995e-07,0.46726000000000001,0.46726099999999998,True,False,True,False,True,False
0,500,23,0.13795433476426888,0.067569000000000004,0.82164400000000004,0.88921300000000003,True,False,False,False,False,False
0,500,24,0.031590348080367467,0.019151000000000001,0.94318100000000005,0.96233200000000008,True,False,False,False,False,False
0,500,25,0.75175236654949162,0.082409999999999997,0.070484000000000005,0.152894,True,False,False,False,False,False
0,500,26,0.10646008938412795,0.051325999999999997,0.84052899999999997,0.89185499999999995,True,False,False,False,False,False
0,500,27,0.12412446647207151,0.059820999999999999,0.81137099999999995,0.87119199999999997,True,False,False,False,False,False
0,500,28,0.53903141456370729,0.102696,0.52531300000000003,0.62800900000000004,True,False,False,False,False,False
0,500,29,0.85550440481657486,9.9999999999999995e-07,9.9999999999999995e-07,1.9999999999999999e-06,True,False,True,False,False,False
0,500,30,0.86337196550942275,9.9999999999999995e-07,9.9999999999999995e-07,1.9999999999999999e-06,True,False,True,False,True,False
0,500,31,0.011336978975505606,0.0077640000000000001,0.97947600000000001,0.98724000000000001,True,False,False,False,True,False
0,500,32,0.52574037452361899,0.060906000000000002,0.38210899999999998,0.44301499999999999,True,False,False,False,False,False
0,500,33,0.61492226845385811,9.9999999999999995e-07,0.455432,0.45543299999999998,True,False,True,False,False,False
0,500,34,0.049865275951807377,0.030252000000000001,0.923508,0.95375999999999994,True,False,False,False,False,False
0,500,35,0.75197238615077944,0.029172,0.27236700000000003,0.301539,True,False,False,False,False,False
0,500,36,0.1780354078757386,0.069112999999999994,0.72498499999999999,0.79409799999999997,True,False,False,False,False,False
0,500,37,0.082677165541286304,0.073775999999999994,0.81957000000000002,0.89334599999999997,True,False,False,False,False,False
0,500,38,0.81764602763292882,0.101591,9.9999999999999995e-07,0.101592,True,False,True,False,False,False
0,500,39,0.16310957687735009,0.051874000000000003,0.77045300000000005,0.82232700000000003,True,False,False,False,False,False
0,500,40,0.34125537744779311,0.11280800000000001,0.56824300000000005,0.68105100000000007,True,False,False,False,False,False
0,500,41,0.17416066126755267,0.024365999999999999,0.83169000000000004,0.85605600000000004,True,False,False,False,False,False
0,500,42,0.091101339641839141,0.039766000000000003,0.85280599999999995,0.89257199999999992,True,False,False,False,False,False
0,500,43,0.094499041444888396,0.101414,0.80910700000000002,0.91052100000000002,True,False,False,False,False,False
0,500,44,0.49900666410297134,0.017717,0.55378499999999997,0.57150199999999995,True,False,False,False,False,False
0,500,45,0.29153633483415481,0.081720000000000001,0.64052200000000004,0.72224200000000005,True,False,False,False,False,True
0,500,46,0.22909323379910382,0.110678,0.61210100000000001,0.72277900000000006,True,False,False,False,False,False
0,500,47,0.47504476181645938,9.9999999999999995e-07,0.498666,0.49866699999999997,True,False,True,False,True,True
0,500,48,0.20096889740722051,0.061234999999999998,0.712059,0.77329400000000004,True,False,False,False,False,False
0,500,49,0.12756906313695157,0.034470000000000001,0.80604500000000001,0.84051500000000001,True,False,False,False,False,False
0,500,50,0.31014418567799112,0.077946000000000001,0.57208899999999996,0.65003499999999992,True,False,False,False,False,False
0,500,51,0.058254813747367871,0.014352,0.91742900000000005,0.93178100000000008,True,False,False,False,False,False
0,500,52,0.78106453682635135,0.17205400000000001,0.004176,0.17623000000000003,True,False,False,False,False,False
0,500,53,0.89602651432376135,0.012326999999999999,9.9999999999999995e-07,0.012327999999999999,True,False,True,False,False,False
0,500,54,0.29693181079686731,0.105888,0.625274,0.73116199999999998,True,False,False,False,False,False
0,500,55,0.1251448062374545,0.096148999999999998,0.78568700000000002,0.88183600000000006,True,False,False,False,False,False
0,500,56,0.44841318415594628,0.102382,0.42244300000000001,0.52482499999999999,True,False,False,False,False,False
0,500,57,0.17830323327401354,0.054571000000000001,0.75051100000000004,0.80508200000000008,True,False,False,False,False,True
0,500,58,0.095267835167991186,0.132219,0.77067600000000003,0.902895,True,False,False,False,False,False
0,500,59,0.7772595582251175,0.137958,9.9999999999999995e-07,0.137959,True,False,True,False,False,False
0,500,60,0.18147771406607233,0.020944999999999998,0.81390200000000001,0.83484700000000001,True,False,False,False,False,False
0,500,61,0.49435975241663832,0.041744000000000003,0.41851300000000002,0.46025700000000003,True,False,False,False,False,False
0,500,62,0.97311205607672047,9.9999999999999995e-07,9.9999999999999995e-07,1.9999999999999999e-06,True,False,True,False,False,False
0,500,63,0.092389468842553599,0.016225,0.89720699999999998,0.91343200000000002,True,False,False,False,False,False
0,500,64,0.83818271571810066,0.074409000000000003,9.9999999999999995e-07,0.074410000000000004,True,False,True,False,False,False
0,500,65,0.1124957886489291,0.042257999999999997,0.83312399999999998,0.87538199999999999,True,False,False,False,False,False
0,500,66,0.12942448366313614,0.017683000000000001,0.85516800000000004,0.87285100000000004,True,False,False,False,False,False
0,500,67,0.022696315200305656,0.021212999999999999,0.95662199999999997,0.97783500000000001,True,False,False,False,False,False
0,500,68,0.45610983287375323,0.18900800000000001,0.44528099999999998,0.63428899999999999,True,False,False,False,False,True
0,500,69,0.055106711627383453,0.041014000000000002,0.89756999999999998,0.93858399999999997,True,False,False,False,False,False
0,500,70,1.1023636155544791,0.025821,9.9999999999999995e-07,0.025822000000000001,True,False,True,False,False,False
0,500,71,0.028772993035644859,0.025101999999999999,0.94297600000000004,0.96807799999999999,True,False,False,False,False,False
0,500,72,0.0074907673271061535,0.0039820000000000003,0.98800699999999997,0.99198900000000001,True,False,False,False,False,False
0,500,73,0.081214302165478328,0.020381,0.90141199999999999,0.92179299999999997,True,False,False,False,False,False
0,500,74,0.45767234803306922,0.006215,0.50328899999999999,0.50950399999999996,True,False,False,False,False,False
0,500,75,0.0069896320542231312,0.017899999999999999,0.97543800000000003,0.99333800000000005,True,False,False,False,False,False
0,500,76,0.054559349903798841,0.024840999999999998,0.91548499999999999,0.940326,True,False,False,False,False,False
0,500,77,0.15215124227758417,0.0090379999999999992,0.86690299999999998,0.87594099999999997,True,False,False,False,False,False
0,500,78,0.1128409909984662,0.045030000000000001,0.83135499999999996,0.87638499999999997,True,False,False,False,False,False
0,500,79,0.15109899847748989,0.099325999999999998,0.73541800000000002,0.83474400000000004,True,False,False,False,False,True
0,500,80,0.18938408920967342,0.065522999999999998,0.76605999999999996,0.83158299999999996,True,False,False,False,False,False
0,500,81,0.43709211330801623,0.0031670000000000001,0.450457,0.45362399999999997,True,False,False,False,False,False
0,500,82,0.11697133688618368,0.083017999999999995,0.783721,0.86673900000000004,True,False,False,False,False,False
0,500,83,0.01879386468123528,0.0067739999999999996,0.96988300000000005,0.976657,True,False,False,False,False,False
0,500,84,0.11713436460127755,0.051949000000000002,0.82323599999999997,0.87518499999999999,True,False,False,False,False,False
0,500,85,0.17322834970114992,0.090626999999999999,0.74827200000000005,0.83889900000000006,True,False,False,False,False,False
0,500,86,0.068212227033365824,0.030655999999999999,0.89127299999999998,0.921929,True,False,False,False,False,False
0,500,87,0.28240564948997154,0.058172000000000001,0.64662299999999995,0.70479499999999995,True,False,False,False,False,False
0,500,88,0.19828767800681454,0.044165000000000003,0.74357200000000001,0.78773700000000002,True,False,False,False,False,False
0,500,89,0.077327931569147912,0.036866999999999997,0.88993299999999997,0.92679999999999996,True,False,False,False,False,False
0,500,90,0.23708967153374211,0.131718,0.67742000000000002,0.80913800000000002,True,False,False,False,False,True
0,500,91,0.059370036475565865,0.056835999999999998,0.882884,0.93972,True,False,False,False,False,False
0,500,92,0.39037050180252025,0.10977000000000001,0.52022299999999999,0.62999300000000003,True,False,False,False,False,False
0,500,93,0.19106072829649173,0.031544999999999997,0.71128000000000002,0.74282500000000007,True,False,False,False,False,False
0,500,94,0.18817529986976869,0.10329000000000001,0.75287499999999996,0.85616499999999995,True,False,False,False,False,False
0,500,95,0.19976398457614161,0.068166000000000004,0.76457299999999995,0.8327389999999999,True,False,False,False,False,False
0,500,96,0.77591614427996836,0.069515999999999994,9.9999999999999995e-07,0.069516999999999995,True,False,True,False,False,False
0,500,97,0.15109902601155914,0.052449000000000003,0.76353800000000005,0.81598700000000002,True,False,False,False,False,False
0,500,98,0.78819356471149238,0.12867500000000001,0.057624000000000002,0.18629900000000002,True,False,False,False,False,False
0,500,99,0.18417663290605268,0.087179000000000006,0.74733000000000005,0.83450900000000006,True,False,False,False,False,False
0,500,100,0.075701909529314215,0.033092999999999997,0.89956899999999995,0.93266199999999999,True,False,False,False,False,False
0,500,101,0.077367135586471125,0.027378,0.910026,0.93740400000000002,True,False,False,False,False,True
0,500,102,0.39657312917054149,0.040676999999999998,0.47445199999999998,0.51512899999999995,True,False,False,False,True,False
0,500,103,0.31269749488172927,0.10320699999999999,0.56128,0.66448700000000005,True,False,False,False,False,False
0,500,104,0.070693800119373651,0.035234000000000001,0.89056599999999997,0.92579999999999996,True,False,False,False,False,False
0,500,105,0.2740602911648326,0.039477999999999999,0.64206799999999997,0.68154599999999999,True,False,False,False,False,False
0,500,106,0.53519112800055701,0.11457000000000001,0.18744,0.30201,True,False,False,False,True,False
0,500,107,0.19067747662450571,0.069325999999999999,0.720974,0.7903,True,False,False,False,False,False
0,500,108,0.25017878887566253,0.062406000000000003,0.71523099999999995,0.77763699999999991,True,False,False,False,False,False
0,500,109,0.24605963658772095,0.045665999999999998,0.72700900000000002,0.772675,True,False,False,False,False,False
0,500,110,0.2509046189546929,0.105208,0.63813500000000001,0.74334299999999998,True,False,False,False,False,False
0,500,111,0.84763115925657528,0.031676000000000003,9.9999999999999995e-07,0.031677000000000004,True,False,True,False,False,False
0,500,112,0.47705543330804834,0.038352999999999998,0.42664200000000002,0.46499500000000005,True,False,False,False,False,False
0,500,113,0.25403417835200182,0.110842,0.63178599999999996,0.74262799999999995,True,False,False,False,False,False
0,500,114,0.49766485207797229,9.9999999999999995e-07,0.46681299999999998,0.46681399999999995,True,False,True,False,False,False
0,500,115,0.11227842605523124,0.076716999999999994,0.83171399999999995,0.90843099999999999,True,False,False,False,False,False
0,500,116,0.15642649768798403,0.017727,0.81806699999999999,0.83579400000000004,True,False,False,False,False,False
0,500,117,0.11834309787129021,0.073713000000000001,0.79972100000000002,0.87343400000000004,True,False,False,False,False,False
0,500,118,0.21155476232336445,0.034844,0.73339699999999997,0.76824099999999995,True,False,False,False,False,False
0,500,119,0.38145441128916763,0.139127,0.500085,0.639212,True,False,False,False,False,False
0,500,120,0.18073026083717433,0.028247000000000001,0.77505900000000005,0.80330600000000008,True,False,False,False,False,False
0,500,121,0.78547393482850225,0.091531000000000001,9.9999999999999995e-07,0.091532000000000002,True,False,True,False,False,False
0,500,122,0.085751584711125789,0.087649000000000005,0.83004199999999995,0.91769099999999992,True,False,False,False,False,False
0,500,123,0.78494827937067424,0.110163,9.9999999999999995e-07,0.110164,True,False,True,False,False,False
0,500,124,0.018646221961116767,0.029895000000000001,0.94874499999999995,0.97863999999999995,True,False,False,False,False,False
0,500,125,0.16589343494086844,0.070346000000000006,0.76419099999999995,0.83453699999999997,True,False,False,False,False,False
0,500,126,0.055430364199296728,0.008541,0.92367100000000002,0.93221200000000004,True,False,False,False,False,False
0,500,127,0.92185160436231217,0.092804999999999999,9.9999999999999995e-07,0.092806,True,False,True,False,False,False
0,500,128,0.34812084903953477,0.033313000000000002,0.60562300000000002,0.63893600000000006,True,False,False,False,False,False
0,500,129,0.22874526553646993,0.055819000000000001,0.76508500000000002,0.82090399999999997,True,False,False,False,False,False
0,500,130,0.17023173989109297,0.064326999999999995,0.77622899999999995,0.84055599999999997,True,False,False,False,False,False
0,500,131,0.68643782022998867,0.109984,0.20269699999999999,0.31268099999999999,True,False,False,False,False,False
0,500,132,0.85646089054005281,0.00073700000000000002,9.9999999999999995e-07,0.00073800000000000005,True,False,True,False,False,False
0,500,133,0.086313658493713002,0.035432999999999999,0.87719199999999997,0.91262500000000002,True,False,False,False,False,False
0,500,134,0.26212104121018864,0.046371000000000002,0.73652399999999996,0.78289500000000001,True,False,False,False,False,False
0,500,135,0.31081501481507245,0.094342999999999996,0.57892999999999994,0.6732729999999999,True,False,False,False,False,False
0,500,136,0.086008315058300616,0.030081,0.89045399999999997,0.92053499999999999,True,False,False,False,False,False
0,500,137,0.80588771776397505,0.115152,9.9999999999999995e-07,0.11515300000000001,True,False,True,False,False,False
0,500,138,0.65124208848454279,0.17926600000000001,0.22695899999999999,0.406225,True,False,False,False,False,False
0,500,139,0.086026864506368705,0.057820999999999997,0.8538,0.91162100000000001,True,False,False,False,False,False
0,500,140,0.61941937101499212,0.133077,0.22737399999999999,0.36045099999999997,True,False,False,False,False,False
0,500,141,0.82327273297936687,0.077876000000000001,9.9999999999999995e-07,0.077877000000000002,True,False,True,False,True,False
0,500,142,0.060865592635077306,0.021604999999999999,0.91686800000000002,0.938473,True,False,False,False,False,False
0,500,143,0.3454702642716006,0.053102000000000003,0.58668900000000002,0.639791,True,False,False,False,True,False
0,500,144,0.27391521398654622,0.13503399999999999,0.66642400000000002,0.801458,True,False,False,False,False,False
0,500,145,0.93127609431971725,0.029597999999999999,9.9999999999999995e-07,0.029599,True,False,True,False,False,False
0,500,146,0.04535830805537016,0.034415000000000001,0.92360900000000001,0.95802399999999999,True,False,False,False,False,True
0,500,147,0.091162081901818751,0.088012000000000007,0.821635,0.90964699999999998,True,False,False,False,False,True
0,500,148,0.4026736412547629,0.096603999999999995,0.58221900000000004,0.67882300000000007,True,False,False,False,False,False
0,500,149,0.13304733652138323,0.11490300000000001,0.79367799999999999,0.90858099999999997,True,False,False,False,False,False
0,500,150,0.10423076466351176,0.114993,0.78962699999999997,0.90461999999999998,True,False,False,False,False,False
0,500,151,0.74024596885700811,0.17177100000000001,9.9999999999999995e-07,0.17177200000000001,True,False,True,False,False,False
0,500,152,0.060365898539452463,0.030178,0.90746400000000005,0.93764200000000009,True,False,False,False,False,False
0,500,153,0.45648606708748829,0.25298500000000002,0.39387899999999998,0.64686399999999999,True,False,False,False,False,False
0,500,154,0.40694071043745261,0.063324000000000005,0.44670700000000002,0.51003100000000001,True,False,False,False,False,False
0,500,155,0.13794438516141028,0.053737,0.789655,0.84339200000000003,True,False,False,False,False,False
0,500,156,0.20523513043188446,0.050373000000000001,0.71781300000000003,0.76818600000000004,True,False,False,False,False,False
0,500,157,0.23343193337926604,0.038267000000000002,0.69827399999999995,0.736541,True,False,False,False,False,False
0,500,158,1.0377350081127483,9.9999999999999995e-07,9.9999999999999995e-07,1.9999999999999999e-06,True,False,True,False,False,False
0,500,159,0.17262366839299179,0.13322600000000001,0.68113299999999999,0.81435900000000006,True,False,False,False,False,False
0,500,160,0.75285025494762292,9.9999999999999995e-07,1.9999999999999999e-06,3.0000000000000001e-06,True,False,True,False,False,False
0,500,161,0.20993839860243757,0.13795499999999999,0.63837999999999995,0.776335,True,False,False,False,True,False
0,500,162,0.52326243115631443,9.9999999999999995e-07,0.47131200000000001,0.47131299999999998,True,False,True,False,False,True
0,500,163,0.51184087036850801,9.9999999999999995e-07,0.48061700000000002,0.48061799999999999,True,False,True,False,True,True
0,500,164,0.16786996403749352,0.049034000000000001,0.79533200000000004,0.84436600000000006,True,False,False,False,False,False
0,500,165,0.13798030779234613,0.082098000000000004,0.78739599999999998,0.86949399999999999,True,False,False,False,False,False
0,500,166,0.54460780472532055,0.086679999999999993,0.37525700000000001,0.46193699999999999,True,False,False,False,False,False
0,500,167,0.077105223990538499,0.036804999999999997,0.88178999999999996,0.91859499999999994,True,False,False,False,False,True
0,500,168,0.038365708939131792,0.033272999999999997,0.92718500000000004,0.96045800000000003,True,False,False,False,False,False
0,500,169,0.87187263836822737,9.9999999999999995e-07,9.9999999999999995e-07,1.9999999999999999e-06,True,False,True,False,False,False
0,500,170,0.057899977641028388,0.027601000000000001,0.91145200000000004,0.93905300000000003,True,False,False,False,False,False
0,500,171,0.28995660242738219,0.0091929999999999998,0.70421199999999995,0.71340499999999996,True,False,False,False,False,False
0,500,172,0.39658746643367115,0.084158999999999998,0.53357500000000002,0.61773400000000001,True,False,False,False,False,False
0,500,173,0.61332885292871409,0.179898,0.19728899999999999,0.37718699999999999,True,False,False,False,False,False
0,500,174,0.070515429287258222,0.052062999999999998,0.87792599999999998,0.92998899999999995,True,False,False,False,False,False
0,500,175,0.55918944881470034,9.9999999999999995e-07,0.45796599999999998,0.45796699999999996,True,False,True,False,False,False
0,500,176,0.31271730536258396,0.076024999999999995,0.68267900000000004,0.75870400000000005,True,False,False,False,False,True
0,500,177,0.31379000447972311,0.073232000000000005,0.618425,0.69165699999999997,True,False,False,False,False,False
0,500,178,1.0598984575808827,9.9999999999999995e-07,9.9999999999999995e-07,1.9999999999999999e-06,True,False,True,False,False,False
0,500,179,0.057344432491152383,0.039824999999999999,0.896532,0.93635699999999999,True,False,False,False,False,False
0,500,180,0.35899076686005404,0.052498999999999997,0.64179200000000003,0.69429099999999999,True,False,False,False,False,False
0,500,181,0.12851232871203361,0.032625000000000001,0.83278099999999999,0.86540600000000001,True,False,False,False,False,False
0,500,182,0.10262177908147257,0.085017999999999996,0.80769199999999997,0.89271,True,False,False,False,False,False
0,500,183,0.254862492320511,0.12731999999999999,0.65718600000000005,0.78450600000000004,True,False,False,False,False,False
0,500,184,0.17538747868152821,0.080564999999999998,0.713669,0.794234,True,False,False,False,True,False
0,500,185,0.69803249193510541,0.100077,0.167548,0.267625,True,False,False,False,False,False
0,500,186,0.073392440294016856,0.062219999999999998,0.85603600000000002,0.91825599999999996,True,False,False,False,False,False
0,500,187,0.54123867813897375,0.028509,0.49172900000000003,0.52023799999999998,True,False,False,False,False,False
0,500,188,0.23822878638742634,0.019453000000000002,0.735155,0.75460800000000006,True,False,False,False,False,False
0,500,189,0.87459822922973485,0.012213999999999999,9.9999999999999995e-07,0.012214999999999998,True,False,True,False,False,False
0,500,190,0.72652210966087871,0.14723900000000001,0.24607200000000001,0.39331100000000002,True,False,False,False,False,False
0,500,191,0.92086752934785876,0.058961,9.9999999999999995e-07,0.058962000000000001,True,False,True,False,False,False
0,500,192,0.067700123227225975,0.066585000000000005,0.86869399999999997,0.93527899999999997,True,False,False,False,False,False
0,500,193,0.95264718589340336,0.111902,9.9999999999999995e-07,0.111903,True,False,True,False,True,False
0,500,194,0.043833456772786078,0.015309,0.93817499999999998,0.953484,True,False,False,False,False,False
0,500,195,0.99285432694346243,0.12762699999999999,9.9999999999999995e-07,0.12762799999999999,True,False,True,False,False,False
0,500,196,0.28891581279888012,0.114084,0.54599600000000004,0.66008,True,False,False,False,False,True
0,500,197,0.10256597275633481,0.039458,0.855186,0.89464399999999999,True,False,False,False,False,False
0,500,198,0.32740751464814943,0.057796,0.65071100000000004,0.708507,True,False,False,False,False,False
0,500,199,0.22979179380831333,0.067609000000000002,0.66864900000000005,0.73625800000000008,True,False,False,False,True,True
0,1000,0,0.2283757929528088,0.101842,0.66412599999999999,0.76596799999999998,True,False,False,False,False,False
0,1000,1,0.16623314816253326,0.075317999999999996,0.76988000000000001,0.845198,True,False,False,False,False,False
0,1000,2,0.15049592411574611,0.06429,0.80518199999999995,0.86947199999999991,True,False,False,False,False,False
0,1000,3,0.18633227354576284,0.074376999999999999,0.75289099999999998,0.827268,True,False,False,False,False,False
0,1000,4,0.37259565703229902,0.022329000000000002,0.53691599999999995,0.55924499999999999,True,False,False,False,False,False
0,1000,5,0.53256140640666272,0.062487000000000001,0.421344,0.48383100000000001,True,False,False,False,False,False
0,1000,6,0.097656870859120379,0.030814999999999999,0.87055300000000002,0.90136800000000006,True,False,False,False,False,True
0,1000,7,0.097071477564737177,0.034072999999999999,0.87264799999999998,0.906721,True,False,False,False,False,True
0,1000,8,0.11063801400349342,0.033785000000000003,0.86046900000000004,0.89425399999999999,True,False,False,False,False,False
0,1000,9,0.15061300270916572,0.021819000000000002,0.81936600000000004,0.84118500000000007,True,False,False,False,False,False
0,1000,10,0.072783306530130903,0.04854,0.88435399999999997,0.932894,True,False,False,False,False,False
0,1000,11,0.14104264963145113,0.037504999999999997,0.83631900000000003,0.87382400000000005,True,False,False,False,False,False
0,1000,12,0.28312060125114241,0.071869000000000002,0.626892,0.69876099999999997,True,False,False,False,False,False
0,1000,13,0.41316368491670619,0.023944,0.56057299999999999,0.58451699999999995,True,False,False,False,False,False
0,1000,14,0.19250368502345086,0.056896000000000002,0.74868900000000005,0.805585,True,False,False,False,False,False
0,1000,15,0.22144864872469555,0.170486,0.63169600000000004,0.80218200000000006,True,False,False,False,False,False
0,1000,16,0.1684288020019378,0.052172000000000003,0.78068199999999999,0.83285399999999998,True,False,False,False,False,True
0,1000,17,0.34559422119933009,0.058104999999999997,0.57542400000000005,0.63352900000000001,True,False,False,False,False,False
0,1000,18,0.26045781564422738,0.103339,0.68620300000000001,0.78954199999999997,True,False,False,False,False,True
0,1000,19,0.109921594645898,0.044644000000000003,0.84805200000000003,0.89269600000000005,True,False,False,False,False,False
0,1000,20,0.11567729575347038,0.074527999999999997,0.81367699999999998,0.88820500000000002,True,False,False,False,False,True
0,1000,21,0.14704396740153586,0.057549000000000003,0.80576199999999998,0.86331099999999994,True,False,False,False,False,False
0,1000,22,0.059540301578698163,0.028112999999999999,0.91433200000000003,0.94244499999999998,True,False,False,False,False,False
0,1000,23,0.095864311127487833,0.024247000000000001,0.893737,0.91798400000000002,True,False,False,False,False,False
0,1000,24,0.0065817058607891225,0.0031199999999999999,0.98999999999999999,0.99312,True,False,False,True,False,False
0,1000,25,0.48247357476520331,0.096518000000000007,0.35881400000000002,0.45533200000000001,True,False,False,False,False,False
0,1000,26,0.1204874513198065,0.041165,0.83121400000000001,0.87237900000000002,True,False,False,False,False,False
0,1000,27,0.11316980514809082,0.018322000000000001,0.86972300000000002,0.88804499999999997,True,False,False,False,False,False
0,1000,28,0.33234947434478884,0.081536999999999998,0.65655399999999997,0.73809099999999994,True,False,False,False,False,False
0,1000,29,0.51006152532152615,9.9999999999999995e-07,0.47006300000000001,0.47006399999999998,True,False,True,False,False,False
0,1000,30,0.10659307456285876,0.023215,0.86256999999999995,0.88578499999999993,True,False,False,False,False,False
0,1000,31,0.38411506679978019,0.069710999999999995,0.52664500000000003,0.596356,True,False,False,False,True,False
0,1000,32,0.67630119626383589,0.054960000000000002,0.184225,0.23918500000000001,True,False,False,False,False,False
0,1000,33,0.74298426709430343,0.049541000000000002,0.30199100000000001,0.35153200000000001,True,False,False,False,False,False
0,1000,34,0.040771871040696461,0.019404000000000001,0.94226500000000002,0.961669,True,False,False,False,False,False
0,1000,35,0.24778207300584232,0.060107000000000001,0.70381499999999997,0.76392199999999999,True,False,False,False,False,False
0,1000,36,0.096307898357983354,0.054116999999999998,0.83640400000000004,0.89052100000000001,True,False,False,False,False,False
0,1000,37,0.05535097375031188,0.037108000000000002,0.90147500000000003,0.93858300000000006,True,False,False,False,False,False
0,1000,38,0.039146653045517656,0.037060000000000003,0.925682,0.96274199999999999,True,False,False,False,False,False
0,1000,39,0.18927304178006527,0.083834000000000006,0.727545,0.81137899999999996,True,False,False,False,False,False
0,1000,40,0.3412956482188218,0.078728000000000006,0.58859099999999998,0.667319,True,False,False,False,False,False
0,1000,41,0.10447366541112915,0.029585,0.88687499999999997,0.91645999999999994,True,False,False,False,False,True
0,1000,42,0.10395613724907445,0.026127000000000001,0.84739299999999995,0.87351999999999996,True,False,False,False,False,False
0,1000,43,0.079008845454342225,0.066185999999999995,0.84902999999999995,0.91521599999999992,True,False,False,False,False,False
0,1000,44,0.060094729099524478,0.014997999999999999,0.929956,0.94495399999999996,True,False,False,False,False,True
0,1000,45,0.13856990412057102,0.074820999999999999,0.78363099999999997,0.85845199999999999,True,False,False,False,False,True
0,1000,46,0.22277403795450032,0.083473000000000006,0.68996999999999997,0.77344299999999999,True,False,False,False,False,False
0,1000,47,0.22474130487686683,0.035550999999999999,0.71870400000000001,0.75425500000000001,True,False,False,False,False,True
0,1000,48,0.60285659295251193,0.10198400000000001,0.24507699999999999,0.34706100000000001,True,False,False,False,False,False
0,1000,49,0.084843385752904468,0.017278000000000002,0.88840399999999997,0.90568199999999999,True,False,False,False,False,False
0,1000,50,0.34512189207156363,0.12392499999999999,0.48916900000000002,0.61309400000000003,True,False,False,False,False,False
0,1000,51,0.041127883292455585,0.012382000000000001,0.940106,0.952488,True,False,False,False,False,False
0,1000,52,0.60704832627779592,0.099975999999999995,0.22528799999999999,0.325264,True,False,False,False,False,False
0,1000,53,0.94232260992547801,0.025411,9.9999999999999995e-07,0.025412000000000001,True,False,True,False,False,False
0,1000,54,0.21677662978523118,0.071497000000000005,0.728881,0.80037800000000003,True,False,False,False,False,False
0,1000,55,0.16045836077637246,0.097504999999999994,0.75013600000000002,0.84764099999999998,True,False,False,False,False,False
0,1000,56,0.35339559245381036,0.116078,0.52768300000000001,0.64376100000000003,True,False,False,False,False,False
0,1000,57,0.10661898418185353,0.045607000000000002,0.84100399999999997,0.88661099999999993,True,False,False,False,False,True
0,1000,58,0.13569849313156407,0.088089000000000001,0.76941599999999999,0.85750499999999996,True,False,False,False,False,False
0,1000,59,0.080780760420045478,0.026284999999999999,0.89087300000000003,0.91715800000000003,True,False,False,False,False,False
0,1000,60,0.039611349395396234,0.033632000000000002,0.93109399999999998,0.96472599999999997,True,False,False,False,False,False
0,1000,61,0.67860681313618632,0.037199000000000003,0.193743,0.23094200000000001,True,False,False,False,False,False
0,1000,62,0.52655847773761955,9.9999999999999995e-07,0.47895700000000002,0.47895799999999999,True,False,True,False,False,False
0,1000,63,0.95237262772747977,0.028344000000000001,9.9999999999999995e-07,0.028345000000000002,True,False,True,False,False,False
0,1000,64,0.30447586364172613,0.078159999999999993,0.59752700000000003,0.67568700000000004,True,False,False,False,False,False
0,1000,65,0.072298754819102834,0.043404999999999999,0.88286500000000001,0.92627000000000004,True,False,False,False,False,False
0,1000,66,0.11022966136336618,0.015901999999999999,0.87373699999999999,0.88963899999999996,True,False,False,False,False,False
0,1000,67,0.68747233008445274,0.051559000000000001,0.25758500000000001,0.30914400000000003,True,False,False,False,False,False
0,1000,68,0.13400055333447575,0.083005999999999996,0.79776999999999998,0.880776,True,False,False,False,False,True
0,1000,69,0.079523659864216875,0.025496000000000001,0.88452799999999998,0.91002399999999994,True,False,False,False,False,False
0,1000,70,0.23523259245889,0.045422999999999998,0.72996000000000005,0.77538300000000004,True,False,False,False,False,False
0,1000,71,0.071650153149679582,0.033360000000000001,0.89646099999999995,0.92982100000000001,True,False,False,False,False,True
0,1000,72,0.12408860794989497,0.021089,0.85542300000000004,0.87651200000000007,True,False,False,False,False,False
0,1000,73,0.091565650792358455,0.026068000000000001,0.88350399999999996,0.90957199999999994,True,False,False,False,False,False
0,1000,74,0.28162709925308183,0.021066000000000001,0.68091699999999999,0.70198300000000002,True,False,False,False,False,False
0,1000,75,0.522175265841336,0.067846000000000004,0.43382399999999999,0.50166999999999995,True,False,False,False,False,False
0,1000,76,0.15262954858215888,0.0082730000000000008,0.82294400000000001,0.83121699999999998,True,False,False,False,False,False
0,1000,77,0.62346150431201774,0.045636999999999997,0.39790799999999998,0.44354499999999997,True,False,False,False,False,False
0,1000,78,0.12680474958058244,0.065936999999999996,0.79961099999999996,0.86554799999999998,True,False,False,False,False,False
0,1000,79,0.1011004842735439,0.065492999999999996,0.82609600000000005,0.89158900000000008,True,False,False,False,False,True
0,1000,80,0.17595732882823473,0.057388000000000002,0.77396500000000001,0.83135300000000001,True,False,False,False,False,False
0,1000,81,0.027088593420802814,0.017465000000000001,0.95369899999999996,0.97116399999999992,True,False,False,False,False,False
0,1000,82,0.1695475775727357,0.063535999999999995,0.75004300000000002,0.81357900000000005,True,False,False,False,False,False
0,1000,83,0.21162142683673474,0.038963999999999999,0.71395200000000003,0.75291600000000003,True,False,False,False,False,False
0,1000,84,0.084468655061907094,0.069220000000000004,0.85416499999999995,0.9233849999999999,True,False,False,False,False,False
0,1000,85,0.23289624202484188,0.103432,0.69535100000000005,0.79878300000000002,True,False,False,False,False,False
0,1000,86,0.79409908698232778,0.031060000000000001,9.9999999999999995e-07,0.031061000000000002,True,False,True,False,False,False
0,1000,87,0.25976874249324594,0.090361999999999998,0.63282400000000005,0.72318600000000011,True,False,False,False,False,False
0,1000,88,0.1352394576855763,0.022686000000000001,0.83852599999999999,0.86121199999999998,True,False,False,False,False,False
0,1000,89,0.083378746398479406,0.049901000000000001,0.87187599999999998,0.92177699999999996,True,False,False,False,False,False
0,1000,90,0.20505327010430915,0.096249000000000001,0.70863600000000004,0.80488500000000007,True,False,False,False,False,True
0,1000,91,0.062975683240579922,0.040703999999999997,0.89537699999999998,0.93608099999999994,True,False,False,False,False,False
0,1000,92,0.33389697407519836,0.081248000000000001,0.58450100000000005,0.66574900000000004,True,False,False,False,False,False
0,1000,93,0.1114017064927532,0.098026000000000002,0.76822500000000005,0.8662510000000001,True,False,False,False,False,False
0,1000,94,0.1761570503393371,0.062718999999999997,0.78780399999999995,0.85052299999999992,True,False,False,False,False,False
0,1000,95,0.16689561000844186,0.045608999999999997,0.79818599999999995,0.84379499999999996,True,False,False,False,False,False
0,1000,96,0.10853619951011617,0.037755999999999998,0.84200299999999995,0.87975899999999996,True,False,False,False,False,False
0,1000,97,0.11755590134321227,0.042190999999999999,0.82612099999999999,0.86831199999999997,True,False,False,False,False,False
0,1000,98,0.089962255878598227,0.045783999999999998,0.86041900000000004,0.90620300000000009,True,False,False,False,False,False
0,1000,99,0.14658885927845181,0.10101,0.76896299999999995,0.869973,True,False,False,False,False,False
0,1000,100,0.049825783742207697,0.032204000000000003,0.91800999999999999,0.950214,True,False,False,False,False,False
0,1000,101,0.078702109957728139,0.036962000000000002,0.89013100000000001,0.92709300000000006,True,False,False,False,False,False
0,1000,102,0.32456046469604893,0.045795000000000002,0.58261799999999997,0.628413,True,False,False,False,False,False
0,1000,103,0.42859607420850859,0.053733000000000003,0.480292,0.53402499999999997,True,False,False,False,False,False
0,1000,104,0.098102494682743097,0.049230000000000003,0.84645599999999999,0.89568599999999998,True,False,False,False,False,False
0,1000,105,0.0051352728514875859,0.0085079999999999999,0.98660199999999998,0.99510999999999994,True,False,False,False,False,False
0,1000,106,0.042552774617701239,0.058673000000000003,0.89814300000000002,0.956816,True,False,False,False,False,False
0,1000,107,0.10789695468094407,0.029024000000000001,0.85774499999999998,0.88676900000000003,True,False,False,False,False,False
0,1000,108,0.18068071628638904,0.042386,0.78452299999999997,0.82690900000000001,True,False,False,False,False,False
0,1000,109,0.12389767633372062,0.05237,0.83916400000000002,0.89153400000000005,True,False,False,False,False,False
0,1000,110,0.33291707400535803,0.097536999999999999,0.58856399999999998,0.68610099999999996,True,False,False,False,False,False
0,1000,111,0.20883386003142693,0.016154999999999999,0.76069100000000001,0.77684600000000004,True,False,False,False,False,False
0,1000,112,0.53660212927818907,0.037846999999999999,0.38195099999999998,0.419798,True,False,False,False,False,False
0,1000,113,0.18124833411779726,0.052470000000000003,0.76349800000000001,0.81596800000000003,True,False,False,False,False,False
0,1000,114,0.3786529766951901,0.0054609999999999997,0.59201300000000001,0.59747400000000006,True,False,False,False,True,False
0,1000,115,0.087346377587951177,0.057923000000000002,0.85847300000000004,0.91639599999999999,True,False,False,False,False,False
0,1000,116,0.3279010603561805,0.044435000000000002,0.63456400000000002,0.67899900000000002,True,False,False,False,False,False
0,1000,117,0.28014046657046027,0.069077,0.62814400000000004,0.69722100000000009,True,False,False,False,False,False
0,1000,118,0.23957942341276706,0.027623000000000002,0.72305799999999998,0.75068099999999993,True,False,False,False,False,False
0,1000,119,0.35480519512363951,0.116407,0.54576999999999998,0.66217700000000002,True,False,False,False,False,False
0,1000,120,0.11583086879588048,0.036163000000000001,0.85026199999999996,0.88642500000000002,True,False,False,False,False,False
0,1000,121,0.14892423918763045,0.094305,0.74616899999999997,0.84047399999999994,True,False,False,False,False,False
0,1000,122,0.15300789592502506,0.070095000000000005,0.79315500000000005,0.86325000000000007,True,False,False,False,False,False
0,1000,123,0.42477995417648751,9.9999999999999995e-07,0.50962499999999999,0.50962600000000002,True,False,True,False,False,False
0,1000,124,0.081120173418221184,0.022165000000000001,0.88613900000000001,0.908304,True,False,False,False,False,False
0,1000,125,0.15629602957004046,0.059268000000000001,0.78763899999999998,0.84690699999999997,True,False,False,False,False,False
0,1000,126,0.097033038285069359,0.027664000000000001,0.86520300000000006,0.89286700000000008,True,False,False,False,False,False
0,1000,127,0.9338344565371316,0.048143999999999999,9.9999999999999995e-07,0.048145,True,False,True,False,False,False
0,1000,128,0.21605622352003914,0.05262,0.74901300000000004,0.80163300000000004,True,False,False,False,False,False
0,1000,129,0.13654528440640354,0.062925999999999996,0.82382100000000003,0.88674700000000006,True,False,False,False,False,False
0,1000,130,0.094587272103253517,0.071661000000000002,0.83433199999999996,0.90599299999999994,True,False,False,False,False,False
0,1000,131,0.59529391479249782,0.163739,0.21088100000000001,0.37462000000000001,True,False,False,False,False,False
0,1000,132,0.066931951238869192,0.0081030000000000008,0.91485000000000005,0.92295300000000002,True,False,False,False,False,False
0,1000,133,0.12919033791599502,0.091512999999999997,0.78031399999999995,0.87182699999999991,True,False,False,False,False,False
0,1000,134,0.19296247621216145,0.043609000000000002,0.77339899999999995,0.81700799999999996,True,False,False,False,False,False
0,1000,135,0.25595483510111072,0.039161000000000001,0.68670600000000004,0.72586700000000004,True,False,False,False,False,True
0,1000,136,0.14031867923360658,0.030911999999999999,0.84156900000000001,0.87248100000000006,True,False,False,False,False,False
0,1000,137,0.21324895489533241,0.050076000000000002,0.71313199999999999,0.763208,True,False,False,False,False,False
0,1000,138,0.29368751263883053,0.103936,0.61475199999999997,0.71868799999999999,True,False,False,False,False,False
0,1000,139,0.080799404382721499,0.051985000000000003,0.86688500000000002,0.91887000000000008,True,False,False,False,False,False
0,1000,140,0.70968596639874026,0.105337,0.181117,0.28645399999999999,True,False,False,False,False,False
0,1000,141,0.90292057306970819,0.038681,9.9999999999999995e-07,0.038682000000000001,True,False,True,False,True,False
0,1000,142,0.053194612621267408,0.034154999999999998,0.90980099999999997,0.94395600000000002,True,False,False,False,False,False
0,1000,143,0.12705198543096807,0.042666999999999997,0.82347400000000004,0.86614100000000005,True,False,False,False,False,False
0,1000,144,0.27314011068218397,0.077716999999999994,0.70721199999999995,0.78492899999999999,True,False,False,False,False,False
0,1000,145,0.23826574093175695,0.021517999999999999,0.73712699999999998,0.75864500000000001,True,False,False,False,False,False
0,1000,146,0.035996679036362708,0.035046000000000001,0.92713299999999998,0.96217900000000001,True,False,False,False,False,True
0,1000,147,0.34561534859589821,0.12022099999999999,0.53366000000000002,0.65388100000000005,True,False,False,False,False,True
0,1000,148,0.28106398053771092,0.066443000000000002,0.67534400000000006,0.74178700000000009,True,False,False,False,False,False
0,1000,149,0.11488750153412243,0.076330999999999996,0.82222799999999996,0.898559,True,False,False,False,False,False
0,1000,150,0.14237773495619427,0.092026999999999998,0.78497399999999995,0.87700099999999992,True,False,False,False,False,False
0,1000,151,0.56263948284550691,0.088314000000000004,0.35397400000000001,0.44228800000000001,True,False,False,False,False,False
0,1000,152,0.3153584924872081,0.070643999999999998,0.60263100000000003,0.67327500000000007,True,False,False,False,False,False
0,1000,153,0.19487240716616186,0.13699700000000001,0.71127399999999996,0.848271,True,False,False,False,False,False
0,1000,154,0.49784262484997271,0.072372000000000006,0.37032999999999999,0.44270199999999998,True,False,False,False,False,False
0,1000,155,0.25532770241925973,0.059776000000000003,0.67346300000000003,0.73323900000000009,True,False,False,False,False,False
0,1000,156,0.070696752186875045,0.056621999999999999,0.86928499999999997,0.92590699999999992,True,False,False,False,False,False
0,1000,157,0.080880256470559839,0.046850000000000003,0.88377099999999997,0.93062099999999992,True,False,False,False,False,False
0,1000,158,0.97971786064099786,9.9999999999999995e-07,9.9999999999999995e-07,1.9999999999999999e-06,True,False,True,False,False,False
0,1000,159,0.16746006035752603,0.085780999999999996,0.73271900000000001,0.81850000000000001,True,False,False,False,False,False
0,1000,160,0.060438915201217552,0.034965000000000003,0.90168800000000005,0.93665300000000007,True,False,False,False,False,False
0,1000,161,0.097459197287318611,0.080109,0.81988700000000003,0.89999600000000002,True,False,False,False,True,False
0,1000,162,0.22107586363819037,0.030668000000000001,0.73888100000000001,0.76954900000000004,True,False,False,False,False,True
0,1000,163,0.46286821318150889,9.9999999999999995e-07,0.49851200000000001,0.49851299999999998,True,False,True,False,True,True
0,1000,164,0.16831184250582804,0.038522000000000001,0.80079599999999995,0.83931800000000001,True,False,False,False,False,False
0,1000,165,0.16193161609177273,0.084875999999999993,0.75576500000000002,0.84064099999999997,True,False,False,False,False,False
0,1000,166,0.39349884068537355,0.092721999999999999,0.48191699999999998,0.57463900000000001,True,False,False,False,False,False
0,1000,167,0.05610973628778175,0.027304999999999999,0.90965099999999999,0.93695600000000001,True,False,False,False,False,True
0,1000,168,0.065729438800582546,0.021205999999999999,0.91567100000000001,0.93687699999999996,True,False,False,False,False,False
0,1000,169,0.22840883936336612,0.016140999999999999,0.711121,0.72726199999999996,True,False,False,False,False,False
0,1000,170,0.068667580606106865,0.026616000000000001,0.90226799999999996,0.92888399999999993,True,False,False,False,False,False
0,1000,171,0.92065066413883212,9.9999999999999995e-07,9.9999999999999995e-07,1.9999999999999999e-06,True,False,True,False,False,False
0,1000,172,0.54523413539810639,0.036365000000000001,0.43737100000000001,0.47373599999999999,True,False,False,False,False,False
0,1000,173,0.40774585215513776,0.087943999999999994,0.49668400000000001,0.58462800000000004,True,False,False,False,False,False
0,1000,174,0.13333536980338823,0.055028000000000001,0.82415099999999997,0.87917899999999993,True,False,False,False,False,False
0,1000,175,0.10529714696070834,0.022039,0.87010200000000004,0.89214100000000007,True,False,False,False,False,False
0,1000,176,0.13698737135231001,0.040509000000000003,0.83468900000000001,0.87519800000000003,True,False,False,False,False,True
0,1000,177,0.19195288439841307,0.054074999999999998,0.75652799999999998,0.81060299999999996,True,False,False,False,False,False
0,1000,178,0.96610616813903138,0.046260000000000003,9.9999999999999995e-07,0.046261000000000004,True,False,True,False,False,False
0,1000,179,0.15022491442961894,0.069056000000000006,0.77344000000000002,0.84249600000000002,True,False,False,False,False,False
0,1000,180,0.058325253298108636,0.019425000000000001,0.92544000000000004,0.94486500000000007,True,False,False,False,False,False
0,1000,181,0.21799886060237428,0.084465999999999999,0.71748199999999995,0.80194799999999999,True,False,False,False,False,False
0,1000,182,0.21618502517136751,0.13910400000000001,0.65837400000000001,0.79747800000000002,True,False,False,False,False,False
0,1000,183,0.092081338209014804,0.054790999999999999,0.86243700000000001,0.91722800000000004,True,False,False,False,False,False
0,1000,184,0.065658111158940866,0.062226999999999998,0.86827799999999999,0.93050500000000003,True,False,False,False,True,False
0,1000,185,0.7389515633192606,0.13622500000000001,0.089230000000000004,0.22545500000000002,True,False,False,False,False,False
0,1000,186,0.25312995068409411,0.131688,0.59294599999999997,0.724634,True,False,False,False,False,False
0,1000,187,0.42908585939309896,0.038005999999999998,0.57996800000000004,0.61797400000000002,True,False,False,False,False,False
0,1000,188,0.23397438163052378,0.055494000000000002,0.69656600000000002,0.75206000000000006,True,False,False,False,False,False
0,1000,189,0.13358615445824182,0.010436000000000001,0.83616699999999999,0.84660299999999999,True,False,False,False,False,False
0,1000,190,0.71351764439666365,0.085459999999999994,0.26446399999999998,0.34992399999999996,True,False,False,False,False,False
0,1000,191,0.072294902939712566,0.014041,0.91372799999999998,0.92776899999999995,True,False,False,False,False,False
0,1000,192,0.078775148776959208,0.042534000000000002,0.87520100000000001,0.91773499999999997,True,False,False,False,False,False
0,1000,193,0.13623124212806656,0.036533999999999997,0.83563399999999999,0.87216799999999994,True,False,False,False,True,False
0,1000,194,0.11930998532698243,0.069902000000000006,0.81252199999999997,0.88242399999999999,True,False,False,False,False,False
0,1000,195,1.0046268324961314,0.057827000000000003,0.024285999999999999,0.082113000000000005,True,False,False,False,False,False
0,1000,196,0.19869784435310014,0.113804,0.66867299999999996,0.78247699999999998,True,False,False,False,False,False
0,1000,197,0.11819164011020347,0.052333999999999999,0.82190600000000003,0.87424000000000002,True,False,False,False,False,False
0,1000,198,0.251041985565299,0.054089999999999999,0.72115099999999999,0.77524099999999996,True,False,False,False,False,False
0,1000,199,0.30431834905133437,0.067339999999999997,0.579704,0.64704399999999995,True,False,False,False,False,True
0,2000,0,0.12266278465803893,0.056605000000000003,0.82141699999999995,0.87802199999999997,True,False,False,False,False,False
0,2000,1,0.12538538450837222,0.049819000000000002,0.83059799999999995,0.88041700000000001,True,False,False,False,False,False
0,2000,2,0.024349884555286624,0.022796,0.95381199999999999,0.97660800000000003,True,False,False,False,False,False
0,2000,3,0.21571479280119343,0.044194999999999998,0.75203399999999998,0.79622899999999996,True,False,False,False,False,False
0,2000,4,0.23561852775592051,0.017287,0.72385500000000003,0.74114200000000008,True,False,False,False,False,False
0,2000,5,0.17083807492112299,0.042422000000000001,0.78561000000000003,0.82803199999999999,True,False,False,False,False,False
0,2000,6,0.31986584834987475,0.048408,0.62359699999999996,0.67200499999999996,True,False,False,False,False,True
0,2000,7,0.093478823702546149,0.044392000000000001,0.86656100000000003,0.91095300000000001,True,False,False,False,False,False
0,2000,8,0.099337969525250258,0.056661999999999997,0.84565400000000002,0.90231600000000001,True,False,False,False,False,False
0,2000,9,0.14043165088558418,0.026381000000000002,0.82580900000000002,0.85219,True,False,False,False,False,False
0,2000,10,0.090801209814009909,0.051325999999999997,0.86216499999999996,0.91349099999999994,True,False,False,False,False,False
0,2000,11,0.082083571379792053,0.040647999999999997,0.88101099999999999,0.92165900000000001,True,False,False,False,False,False
0,2000,12,0.1782510144341625,0.065664,0.75593200000000005,0.82159599999999999,True,False,False,False,False,False
0,2000,13,0.43558219146412963,0.037057,0.52218500000000001,0.55924200000000002,True,False,False,False,False,False
0,2000,14,0.18049804839427286,0.091504000000000002,0.74548499999999995,0.83698899999999998,True,False,False,False,False,False
0,2000,15,0.24797927835169248,0.13487399999999999,0.62908500000000001,0.76395900000000005,True,False,False,False,False,False
0,2000,16,0.22970933548177744,0.093507000000000007,0.67390399999999995,0.76741099999999995,True,False,False,False,False,True
0,2000,17,0.13761489287851578,0.040197999999999998,0.81789699999999999,0.85809499999999994,True,False,False,False,False,False
0,2000,18,0.3584618244642474,0.098766000000000007,0.59054099999999998,0.689307,True,False,False,False,False,False
0,2000,19,0.35122549773129996,0.067223000000000005,0.58076799999999995,0.64799099999999998,True,False,False,False,False,False
0,2000,20,0.12552652913736115,0.055647000000000002,0.81775200000000003,0.87339900000000004,True,False,False,False,False,True
0,2000,21,0.15754638479371277,0.050068000000000001,0.80171199999999998,0.85177999999999998,True,False,False,False,False,False
0,2000,22,0.073747657374397937,0.024976999999999999,0.90066100000000004,0.92563800000000007,True,False,False,False,False,False
0,2000,23,0.080146356921261735,0.02734,0.89760300000000004,0.92494300000000007,True,False,False,False,False,False
0,2000,24,0.07383293349027438,0.023095000000000001,0.89719899999999997,0.92029399999999995,True,False,False,False,False,False
0,2000,25,0.036653130967228345,0.027022999999999998,0.93437300000000001,0.96139600000000003,True,False,False,False,False,False
0,2000,26,0.12090396343433006,0.045340999999999999,0.83701599999999998,0.88235699999999995,True,False,False,False,False,False
0,2000,27,0.11388700520865165,0.02589,0.85853100000000004,0.88442100000000001,True,False,False,False,False,False
0,2000,28,0.29250353452637484,0.071445999999999996,0.66275899999999999,0.734205,True,False,False,False,False,False
0,2000,29,0.41346784385520929,0.039968999999999998,0.53229300000000002,0.57226200000000005,True,False,False,False,False,False
0,2000,30,0.091156183015617148,0.050965999999999997,0.86715699999999996,0.91812299999999991,True,False,False,False,False,False
0,2000,31,0.37401217940073539,0.067329,0.550261,0.61758999999999997,True,False,False,False,False,False
0,2000,32,0.23372571669640094,0.049828999999999998,0.71202399999999999,0.761853,True,False,False,False,False,False
0,2000,33,0.40882399088637611,0.030171,0.58388200000000001,0.61405299999999996,True,False,False,False,False,False
0,2000,34,0.055722948373079645,0.029531000000000002,0.91485899999999998,0.94438999999999995,True,False,False,False,False,False
0,2000,35,0.32883209484239656,0.112332,0.59670400000000001,0.709036,True,False,False,False,False,False
0,2000,36,0.14085704024188636,0.042407,0.80366499999999996,0.84607199999999994,True,False,False,False,False,False
0,2000,37,0.20104099585723406,0.066178000000000001,0.72570199999999996,0.79187999999999992,True,False,False,False,False,False
0,2000,38,0.072493432437395228,0.044554999999999997,0.88466599999999995,0.92922099999999996,True,False,False,False,False,False
0,2000,39,0.3544245582080871,0.078655000000000003,0.60663500000000004,0.68529000000000007,True,False,False,False,True,False
0,2000,40,0.24303512858977977,0.088824,0.68320400000000003,0.77202800000000005,True,False,False,False,False,False
0,2000,41,0.10332953422083596,0.028454,0.88148099999999996,0.90993499999999994,True,False,False,False,False,True
0,2000,42,0.10360265942033101,0.048225999999999998,0.83725099999999997,0.88547699999999996,True,False,False,False,False,False
0,2000,43,0.052404763437483466,0.038540999999999999,0.90708299999999997,0.94562400000000002,True,False,False,False,False,False
0,2000,44,0.092422704423187729,0.024952999999999999,0.88496399999999997,0.90991699999999998,True,False,False,False,False,True
0,2000,45,0.087320388377809685,0.060679999999999998,0.85527299999999995,0.91595299999999991,True,False,False,False,False,True
0,2000,46,0.21391564453152717,0.053196,0.73185999999999996,0.78505599999999998,True,False,False,False,False,False
0,2000,47,0.15883833562033839,0.039382,0.79051800000000005,0.82990000000000008,True,False,False,False,False,True
0,2000,48,0.56163316611033476,0.092896999999999993,0.32349499999999998,0.41639199999999998,True,False,False,False,False,False
0,2000,49,0.16443550868416926,0.028912,0.79061199999999998,0.81952400000000003,True,False,False,False,False,False
0,2000,50,0.40977561084554065,0.12507299999999999,0.47492600000000001,0.59999899999999995,True,False,False,False,False,False
0,2000,51,0.087941181868862559,0.042234000000000001,0.86657499999999998,0.90880899999999998,True,False,False,False,False,False
0,2000,52,0.32147655079951404,0.067565,0.627247,0.69481199999999999,True,False,False,False,False,False
0,2000,53,0.38418907753014736,0.032322999999999998,0.58420300000000003,0.61652600000000002,True,False,False,False,False,False
0,2000,54,0.42603925947316007,0.10412399999999999,0.48499500000000001,0.58911899999999995,True,False,False,False,False,False
0,2000,55,0.16121801773171571,0.083113999999999993,0.76507899999999995,0.84819299999999997,True,False,False,False,False,False
0,2000,56,0.15023600235943999,0.053555999999999999,0.80158600000000002,0.85514200000000007,True,False,False,False,False,False
0,2000,57,0.10844894031072902,0.049345,0.83844300000000005,0.88778800000000002,True,False,False,False,False,True
0,2000,58,0.12519356875957791,0.067423999999999998,0.80928800000000001,0.87671200000000005,True,False,False,False,False,False
0,2000,59,0.18683370374656949,0.024232,0.79084500000000002,0.81507700000000005,True,False,False,False,False,False
0,2000,60,0.076393257179430976,0.060381999999999998,0.86863599999999996,0.92901800000000001,True,False,False,False,False,False
0,2000,61,0.088342737605353411,0.047280000000000003,0.86144500000000002,0.908725,True,False,False,False,False,False
0,2000,62,0.46160581527403205,0.041383000000000003,0.50612800000000002,0.54751100000000008,True,False,False,False,False,False
0,2000,63,0.10774794667127327,0.042188999999999997,0.84040199999999998,0.88259100000000001,True,False,False,False,False,False
0,2000,64,0.36521707709947931,0.077534000000000006,0.51880000000000004,0.59633400000000003,True,False,False,False,False,False
0,2000,65,0.10217071096736,0.048245000000000003,0.84969700000000004,0.89794200000000002,True,False,False,False,False,False
0,2000,66,0.12935216987327919,0.021406000000000001,0.84740000000000004,0.86880600000000008,True,False,False,False,False,False
0,2000,67,0.19125962422673748,0.031898999999999997,0.77238300000000004,0.80428200000000005,True,False,False,False,False,False
0,2000,68,0.17673828004610734,0.095528000000000002,0.72722299999999995,0.82275100000000001,True,False,False,False,False,False
0,2000,69,0.35360587075573263,0.082746,0.53517199999999998,0.61791799999999997,True,False,False,False,False,False
0,2000,70,0.11954824890149403,0.037102000000000003,0.84399100000000005,0.88109300000000002,True,False,False,False,False,False
0,2000,71,0.18787584689708456,0.044234000000000002,0.76093999999999995,0.80517399999999995,True,False,False,False,False,True
0,2000,72,0.14801925442752548,0.031954000000000003,0.82869999999999999,0.86065400000000003,True,False,False,False,False,False
0,2000,73,0.099656425528640749,0.012773,0.88278900000000005,0.89556200000000008,True,False,False,False,False,False
0,2000,74,0.080415294805268392,0.026526000000000001,0.88901699999999995,0.915543,True,False,False,False,False,False
0,2000,75,0.083416314398723032,0.027362999999999998,0.89266800000000002,0.92003100000000004,True,False,False,False,False,False
0,2000,76,0.060157118162997118,0.014584,0.92050799999999999,0.93509200000000003,True,False,False,False,False,False
0,2000,77,0.17576727726017496,0.032453000000000003,0.80601800000000001,0.83847099999999997,True,False,False,False,False,False
0,2000,78,0.15509365948755491,0.082546999999999995,0.75020100000000001,0.83274800000000004,True,False,False,False,False,False
0,2000,79,0.10362109369650319,0.079131000000000007,0.81557800000000003,0.89470899999999998,True,False,False,False,False,True
0,2000,80,0.16515044101063228,0.038084,0.81112499999999998,0.84920899999999999,True,False,False,False,False,False
0,2000,81,0.1935691282971469,0.045939000000000001,0.75964500000000001,0.80558399999999997,True,False,False,False,False,False
0,2000,82,0.15743144038467685,0.057224999999999998,0.77997300000000003,0.837198,True,False,False,False,False,False
0,2000,83,0.006240051527634136,0.0062919999999999998,0.987402,0.99369399999999997,True,False,False,False,False,False
0,2000,84,0.13911846477386855,0.062396,0.81386199999999997,0.87625799999999998,True,False,False,False,False,False
0,2000,85,0.17950900182187665,0.062644000000000005,0.76741700000000002,0.83006100000000005,True,False,False,False,False,False
0,2000,86,0.0040601227532269012,0.0065900000000000004,0.98932699999999996,0.99591699999999994,True,False,False,False,False,False
0,2000,87,0.1518537841351465,0.071277999999999994,0.77233200000000002,0.84360999999999997,True,False,False,False,False,False
0,2000,88,0.16166876317635537,0.048896000000000002,0.79172200000000004,0.84061800000000009,True,False,False,False,False,False
0,2000,89,0.065424229415210589,0.048905999999999998,0.88755799999999996,0.93646399999999996,True,False,False,False,False,False
0,2000,90,0.11996159361471977,0.061615999999999997,0.82468200000000003,0.88629800000000003,True,False,False,False,False,True
0,2000,91,0.1276195202709178,0.049632999999999997,0.82313700000000001,0.87277000000000005,True,False,False,False,False,False
0,2000,92,0.30669773752464735,0.080328999999999998,0.61423000000000005,0.69455900000000004,True,False,False,False,False,False
0,2000,93,0.15838652761461244,0.065972000000000003,0.75893100000000002,0.82490300000000005,True,False,False,False,False,False
0,2000,94,0.20690202849977055,0.080026,0.73521499999999995,0.81524099999999999,True,False,False,False,False,False
0,2000,95,0.15883181737715951,0.053404,0.79829300000000003,0.85169700000000004,True,False,False,False,False,False
0,2000,96,0.54789699173664685,0.096879000000000007,0.31442799999999999,0.41130699999999998,True,False,False,False,False,False
0,2000,97,0.12504166846869069,0.043948000000000001,0.822515,0.86646299999999998,True,False,False,False,False,False
0,2000,98,0.22256134636732597,0.06232,0.71009999999999995,0.77242,True,False,False,False,False,False
0,2000,99,0.18644772490767261,0.063769000000000006,0.77091100000000001,0.83467999999999998,True,False,False,False,False,False
0,2000,100,0.11075110886156736,0.025814,0.86309400000000003,0.88890800000000003,True,False,False,False,False,False
0,2000,101,0.049793588260570509,0.025517999999999999,0.92585799999999996,0.951376,True,False,False,False,False,True
0,2000,102,0.22034995214650782,0.056910000000000002,0.70208700000000002,0.75899700000000003,True,False,False,False,False,False
0,2000,103,0.16723080894990502,0.054782999999999998,0.772984,0.82776700000000003,True,False,False,False,False,False
0,2000,104,0.13566325657142783,0.042748000000000001,0.81485300000000005,0.85760100000000006,True,False,False,False,False,False
0,2000,105,0.23264067532398508,0.04104,0.72325399999999995,0.76429399999999992,True,False,False,False,False,False
0,2000,106,0.059127925856577196,0.056429,0.88227,0.93869899999999995,True,False,False,False,False,False
0,2000,107,0.14881805123558353,0.057978000000000002,0.79062399999999999,0.84860199999999997,True,False,False,False,False,False
0,2000,108,0.30797017127192805,0.061053999999999997,0.64396200000000003,0.70501600000000009,True,False,False,False,False,False
0,2000,109,0.11831169251308735,0.038843999999999997,0.86118600000000001,0.90003,True,False,False,False,False,False
0,2000,110,0.26981520432987044,0.108721,0.61290500000000003,0.72162599999999999,True,False,False,False,False,False
0,2000,111,0.12314940763257952,0.043034000000000003,0.82974599999999998,0.87278,True,False,False,False,False,False
0,2000,112,0.40164868782169949,0.040733999999999999,0.53208800000000001,0.57282200000000005,True,False,False,False,False,False
0,2000,113,0.094351417579756847,0.029616,0.87392400000000003,0.90354000000000001,True,False,False,False,False,False
0,2000,114,0.17573549778347589,0.062629000000000004,0.75354699999999997,0.81617600000000001,True,False,False,False,False,False
0,2000,115,0.10508081987584041,0.016573000000000001,0.885328,0.90190099999999995,True,False,False,False,False,False
0,2000,116,0.28368977777125443,0.072084999999999996,0.67147599999999996,0.74356099999999992,True,False,False,False,False,False
0,2000,117,0.20965896450546934,0.061075999999999998,0.72847700000000004,0.78955300000000006,True,False,False,False,False,False
0,2000,118,0.23647737229577856,0.055291,0.70263399999999998,0.75792499999999996,True,False,False,False,False,False
0,2000,119,0.17321213000112506,0.063450999999999994,0.74807900000000005,0.81153000000000008,True,False,False,False,False,False
0,2000,120,0.16741646896846521,0.041723999999999997,0.79736200000000002,0.839086,True,False,False,False,False,False
0,2000,121,0.1086755122410268,0.072802000000000006,0.80444700000000002,0.87724900000000006,True,False,False,False,False,False
0,2000,122,0.13394511554956254,0.060158000000000003,0.81012099999999998,0.87027900000000002,True,False,False,False,False,False
0,2000,123,0.079529685976506531,0.033404000000000003,0.88920600000000005,0.92261000000000004,True,False,False,False,False,False
0,2000,124,0.24282595158124562,0.065207000000000001,0.67557800000000001,0.74078500000000003,True,False,False,False,False,False
0,2000,125,0.21018230136577143,0.072070999999999996,0.71928899999999996,0.79135999999999995,True,False,False,False,False,False
0,2000,126,0.058846812767303525,0.020812000000000001,0.92033500000000001,0.94114700000000007,True,False,False,False,False,False
0,2000,127,0.53778763324681955,9.9999999999999995e-07,0.47173399999999999,0.47173499999999996,True,False,True,False,False,False
0,2000,128,0.15055915290516539,0.060178000000000002,0.79718199999999995,0.8573599999999999,True,False,False,False,False,False
0,2000,129,0.11632586380658899,0.051128,0.85296700000000003,0.90409499999999998,True,False,False,False,False,False
0,2000,130,0.15076922184521205,0.062902,0.77734000000000003,0.84024200000000004,True,False,False,False,False,False
0,2000,131,0.098807182246717015,0.049475999999999999,0.84527600000000003,0.89475199999999999,True,False,False,False,False,False
0,2000,132,0.014762185072476043,0.0080940000000000005,0.97549799999999998,0.98359200000000002,True,False,False,False,False,False
0,2000,133,0.087863885046894491,0.060847999999999999,0.84725399999999995,0.90810199999999996,True,False,False,False,False,False
0,2000,134,0.44812223798524892,0.093997999999999998,0.48452600000000001,0.57852400000000004,True,False,False,False,False,False
0,2000,135,0.2320696211934993,0.041489999999999999,0.73362700000000003,0.77511700000000006,True,False,False,False,False,True
0,2000,136,0.25262798779710377,0.037046999999999997,0.70780200000000004,0.74484900000000009,True,False,False,False,False,False
0,2000,137,0.18189349455583576,0.082397999999999999,0.730263,0.81266099999999997,True,False,False,False,False,False
0,2000,138,0.18994552120480729,0.078431000000000001,0.72316899999999995,0.80159999999999998,True,False,False,False,False,False
0,2000,139,0.063397256614650926,0.054262999999999999,0.881328,0.93559099999999995,True,False,False,False,False,False
0,2000,140,0.73562807363323135,0.076161000000000006,0.176066,0.25222699999999998,True,False,False,False,False,False
0,2000,141,0.25135334181563174,0.032365999999999999,0.73433800000000005,0.76670400000000005,True,False,False,False,False,False
0,2000,142,0.07767346923336943,0.053647,0.863344,0.916991,True,False,False,False,False,False
0,2000,143,0.08539673503319152,0.035041000000000003,0.86766200000000004,0.90270300000000003,True,False,False,False,True,False
0,2000,144,0.19321749760299611,0.082250000000000004,0.752946,0.83519600000000005,True,False,False,False,False,False
0,2000,145,0.12461394991188424,0.060448000000000002,0.82098300000000002,0.88143100000000008,True,False,False,False,False,False
0,2000,146,0.048471165434389216,0.037526999999999998,0.91006799999999999,0.94759499999999997,True,False,False,False,False,True
0,2000,147,0.29157481225914783,0.066421999999999995,0.64877399999999996,0.71519599999999994,True,False,False,False,False,True
0,2000,148,0.18198662542484953,0.068857000000000002,0.76286600000000004,0.83172299999999999,True,False,False,False,False,False
0,2000,149,0.12699322580059191,0.065416000000000002,0.81487100000000001,0.88028700000000004,True,False,False,False,False,False
0,2000,150,0.1704293132099087,0.089536000000000004,0.74982400000000005,0.83936000000000011,True,False,False,False,False,False
0,2000,151,0.32519114131173665,0.049412999999999999,0.60251100000000002,0.65192400000000006,True,False,False,False,False,False
0,2000,152,0.51961422136704094,0.079344999999999999,0.42339900000000003,0.50274400000000008,True,False,False,False,False,False
0,2000,153,0.20303783438536463,0.10084799999999999,0.72120300000000004,0.82205100000000009,True,False,False,False,False,False
0,2000,154,0.29166141219018227,0.052651999999999997,0.63146999999999998,0.68412200000000001,True,False,False,False,False,False
0,2000,155,0.272411754947671,0.096828999999999998,0.64724700000000002,0.74407599999999996,True,False,False,False,False,False
0,2000,156,0.087302108111758037,0.063182000000000002,0.84601400000000004,0.909196,True,False,False,False,False,False
0,2000,157,0.12538440120732816,0.059376999999999999,0.82779499999999995,0.88717199999999996,True,False,False,False,False,True
0,2000,158,0.52886100802496494,9.9999999999999995e-07,0.459372,0.45937299999999998,True,False,True,False,False,False
0,2000,159,0.2126327454639915,0.095932000000000003,0.68419399999999997,0.78012599999999999,True,False,False,False,False,False
0,2000,160,0.18625155031226162,0.050332000000000002,0.74932200000000004,0.79965400000000009,True,False,False,False,False,False
0,2000,161,0.037209339334744872,0.029760000000000002,0.93002300000000004,0.95978300000000005,True,False,False,False,False,False
0,2000,162,0.16742620789171681,0.027067000000000001,0.80205599999999999,0.82912299999999994,True,False,False,False,False,True
0,2000,163,0.204065188533366,0.042941,0.72568600000000005,0.76862700000000006,True,False,False,False,False,True
0,2000,164,0.18885396304381002,0.031748999999999999,0.80132899999999996,0.83307799999999999,True,False,False,False,False,False
0,2000,165,0.18206689476112886,0.069675000000000001,0.74757300000000004,0.81724800000000009,True,False,False,False,False,False
0,2000,166,0.15579675018316927,0.042327999999999998,0.81367699999999998,0.85600500000000002,True,False,False,False,False,False
0,2000,167,0.20759937361222716,0.060643000000000002,0.73766600000000004,0.79830900000000005,True,False,False,False,False,True
0,2000,168,0.047766013741401964,0.019939999999999999,0.93140699999999998,0.95134699999999994,True,False,False,False,False,False
0,2000,169,0.05111187206920044,0.0063749999999999996,0.93815999999999999,0.94453500000000001,True,False,False,False,False,False
0,2000,170,0.080816072038718281,0.031168999999999999,0.89102199999999998,0.92219099999999998,True,False,False,False,False,False
0,2000,171,0.27800497807093211,0.049362000000000003,0.64981800000000001,0.69918000000000002,True,False,False,False,False,False
0,2000,172,0.4467272188283315,0.019914000000000001,0.55681599999999998,0.57672999999999996,True,False,False,False,False,False
0,2000,173,0.20012795579466117,0.097103999999999996,0.70880399999999999,0.80590799999999996,True,False,False,False,False,False
0,2000,174,0.18886345878927976,0.063559000000000004,0.74507500000000004,0.80863400000000007,True,False,False,False,False,False
0,2000,175,0.087665312466102804,0.024922,0.88129299999999999,0.90621499999999999,True,False,False,False,False,False
0,2000,176,0.12699729325593004,0.042750999999999997,0.83830099999999996,0.88105199999999995,True,False,False,False,False,True
0,2000,177,0.14412174809393341,0.058280999999999999,0.80006299999999997,0.858344,True,False,False,False,False,False
0,2000,178,0.057078847074411639,0.024351999999999999,0.92049400000000003,0.94484600000000007,True,False,False,False,False,False
0,2000,179,0.19581855242720481,0.060914000000000003,0.72845700000000002,0.78937100000000004,True,False,False,False,False,False
0,2000,180,0.0625240799296755,0.063072000000000003,0.87750300000000003,0.94057500000000005,True,False,False,False,False,False
0,2000,181,0.20687944493056454,0.096571000000000004,0.70352599999999998,0.80009699999999995,True,False,False,False,False,False
0,2000,182,0.27163621778279345,0.11144999999999999,0.65650900000000001,0.76795900000000006,True,False,False,False,False,False
0,2000,183,0.38593666957513745,0.13256799999999999,0.47845599999999999,0.61102400000000001,True,False,False,False,False,False
0,2000,184,0.11682897660084332,0.052666999999999999,0.83052000000000004,0.88318700000000006,True,False,False,False,True,False
0,2000,185,0.51814624910159346,0.091278999999999999,0.36974400000000002,0.46102300000000002,True,False,False,False,False,False
0,2000,186,0.086050006013099326,0.074691999999999995,0.83558600000000005,0.91027800000000003,True,False,False,False,False,False
0,2000,187,0.32437425963147221,0.042433999999999999,0.66004300000000005,0.70247700000000002,True,False,False,False,False,False
0,2000,188,0.17365538111421869,0.028222000000000001,0.77852600000000005,0.80674800000000002,True,False,False,False,False,False
0,2000,189,0.09930483594273147,0.035124000000000002,0.86343700000000001,0.89856100000000005,True,False,False,False,False,False
0,2000,190,0.5629831629508093,0.092671000000000003,0.35180299999999998,0.44447399999999998,True,False,False,False,False,False
0,2000,191,0.21742180905484726,0.048375000000000001,0.74845899999999999,0.79683400000000004,True,False,False,False,False,False
0,2000,192,0.068816628675142252,0.044683,0.88944500000000004,0.93412800000000007,True,False,False,False,False,False
0,2000,193,0.1210925229747436,0.032308999999999997,0.84626299999999999,0.87857200000000002,True,False,False,False,True,False
0,2000,194,0.17704166698698345,0.058592999999999999,0.76320399999999999,0.821797,True,False,False,False,False,False
0,2000,195,0.053006744273892445,0.030785,0.91686800000000002,0.94765299999999997,True,False,False,False,False,False
0,2000,196,0.34072455460383222,0.13545599999999999,0.52508100000000002,0.66053700000000004,True,False,False,False,False,False
0,2000,197,0.19903004925716622,0.054696000000000002,0.75908900000000001,0.81378499999999998,True,False,False,False,False,False
0,2000,198,0.14361337337400779,0.035783000000000002,0.83059899999999998,0.86638199999999999,True,False,False,False,False,False
0,2000,199,0.060984630315691152,0.036212000000000001,0.89826700000000004,0.93447900000000006,True,False,False,False,False,False
0.28000000000000003,250,0,0.029172289473203591,0.25254300000000002,0.71848400000000001,0.97102700000000008,True,False,False,False,False,False
0.28000000000000003,250,1,0.018178400391805537,0.27580500000000002,0.62065300000000001,0.89645799999999998,True,False,False,False,False,False
0.28000000000000003,250,2,0.028684564377800825,0.245034,0.63633399999999996,0.88136799999999993,True,False,False,False,False,False
0.28000000000000003,250,3,0.020629244996445029,0.29505900000000002,0.68915400000000004,0.984213,True,False,False,False,False,False
0.28000000000000003,250,4,0.075674003332537557,0.22154299999999999,0.63490199999999997,0.8564449999999999,True,False,False,False,False,False
0.28000000000000003,250,5,0.022168474724187415,0.15581400000000001,0.80010899999999996,0.95592299999999997,True,False,False,False,False,False
0.28000000000000003,250,6,0.0072240463608474444,0.15959300000000001,0.81510000000000005,0.97469300000000003,True,False,False,False,False,True
0.28000000000000003,250,7,0.019723891663318272,0.23150699999999999,0.74166900000000002,0.97317600000000004,True,False,False,False,False,True
0.28000000000000003,250,8,0.0052491465175470839,0.20144000000000001,0.79679599999999995,0.9982359999999999,True,False,False,False,False,False
0.28000000000000003,250,9,0.013371622202043036,0.14003199999999999,0.80534499999999998,0.94537699999999991,True,False,False,False,True,False
0.28000000000000003,250,10,0.0073174246329739193,0.16047700000000001,0.81736600000000004,0.97784300000000002,True,False,False,False,False,False
0.28000000000000003,250,11,0.02420937641505768,0.14486099999999999,0.80521799999999999,0.95007900000000001,True,False,False,False,False,False
0.28000000000000003,250,12,0.045403540268657831,0.17013,0.74297999999999997,0.91310999999999998,True,False,False,False,False,False
0.28000000000000003,250,13,0.011433546595915644,0.151367,0.79645600000000005,0.94782300000000008,True,False,False,False,False,False
0.28000000000000003,250,14,0.0062847310265655831,0.195521,0.80101,0.99653100000000006,True,False,False,False,False,False
0.28000000000000003,250,15,0.005863967838427523,0.179919,0.80444099999999996,0.9843599999999999,True,False,False,False,False,False
0.28000000000000003,250,16,0.03360171199896117,0.23741100000000001,0.681311,0.91872200000000004,True,False,False,False,False,True
0.28000000000000003,250,17,0.015868410183338375,0.13567299999999999,0.80350299999999997,0.93917600000000001,True,False,False,False,False,False
0.28000000000000003,250,18,0.011933648346765694,0.116578,0.81447899999999995,0.93105699999999991,True,False,False,False,False,True
0.28000000000000003,250,19,0.012233621375377382,0.28801300000000002,0.709256,0.99726899999999996,True,False,False,False,False,False
0.28000000000000003,250,20,0.015553214528774671,0.18620999999999999,0.75745899999999999,0.94366899999999998,True,False,False,False,False,False
0.28000000000000003,250,21,0.060485919740954665,0.31140899999999999,0.54177299999999995,0.85318199999999988,True,False,False,False,False,False
0.28000000000000003,250,22,0.0074745375012114611,0.17100799999999999,0.80132899999999996,0.97233700000000001,True,False,False,False,False,False
0.28000000000000003,250,23,0.011260585649294119,0.15231500000000001,0.82110899999999998,0.97342399999999996,True,False,False,False,False,False
0.28000000000000003,250,24,0.021116592982943969,0.26341900000000001,0.61248400000000003,0.8759030000000001,True,False,False,False,False,True
0.28000000000000003,250,25,0.0049952359318628063,0.13081100000000001,0.84126900000000004,0.97208000000000006,True,False,False,False,False,False
0.28000000000000003,250,26,0.012592057379024673,0.25451000000000001,0.73770800000000003,0.99221800000000004,True,False,False,False,False,False
0.28000000000000003,250,27,0.0068937380537418521,0.232597,0.74138000000000004,0.97397700000000009,True,False,False,False,False,False
0.28000000000000003,250,28,0.092484434473043511,0.204847,0.72667099999999996,0.93151799999999996,True,False,False,False,False,False
0.28000000000000003,250,29,0.011872241606824921,0.154722,0.806504,0.96122600000000002,True,False,False,False,False,False
0.28000000000000003,250,30,0.0037586489135411488,0.055301999999999997,0.92649800000000004,0.98180000000000001,True,False,False,False,True,False
0.28000000000000003,250,31,0.0099322325317712165,0.16567999999999999,0.78252100000000002,0.94820100000000007,True,False,False,False,False,False
0.28000000000000003,250,32,0.0085565389518511975,0.210808,0.76883999999999997,0.97964799999999996,True,False,False,False,False,False
0.28000000000000003,250,33,0.066943947395853506,0.15896399999999999,0.62437200000000004,0.78333600000000003,True,False,False,False,False,False
0.28000000000000003,250,34,0.011278857266598127,0.199906,0.79705700000000002,0.99696300000000004,True,False,False,False,False,False
0.28000000000000003,250,35,0.012947745179366652,0.17502699999999999,0.79102399999999995,0.96605099999999999,True,False,False,False,False,False
0.28000000000000003,250,36,0.0088539412383285068,0.214425,0.73220700000000005,0.94663200000000003,True,False,False,False,False,False
0.28000000000000003,250,37,0.0056510755629995404,0.20041500000000001,0.76092199999999999,0.961337,True,False,False,False,False,False
0.28000000000000003,250,38,0.0051956305772642604,0.164522,0.82873600000000003,0.99325799999999997,True,False,False,False,False,False
0.28000000000000003,250,39,0.011321183088947384,0.266814,0.67559599999999997,0.94240999999999997,True,False,False,False,False,False
0.28000000000000003,250,40,0.013840309869151924,0.188471,0.77962100000000001,0.96809199999999995,True,False,False,False,False,False
0.28000000000000003,250,41,0.075395067756289652,0.30763600000000002,0.49503900000000001,0.80267500000000003,True,False,False,False,False,False
0.28000000000000003,250,42,0.010152489319962252,0.243759,0.72846999999999995,0.97222900000000001,True,False,False,False,False,False
0.28000000000000003,250,43,0.016997194202054231,0.29969899999999999,0.69380399999999998,0.99350300000000002,True,False,False,False,False,False
0.28000000000000003,250,44,0.012741399330601373,0.165217,0.78901200000000005,0.95422899999999999,True,False,False,False,False,False
0.28000000000000003,250,45,0.025398677194843382,0.22448699999999999,0.734097,0.95858399999999999,True,False,False,False,False,True
0.28000000000000003,250,46,0.014889829916849224,0.238812,0.70635700000000001,0.94516900000000004,True,False,False,False,False,False
0.28000000000000003,250,47,0.0077543381813826749,0.072401999999999994,0.892119,0.96452099999999996,True,False,False,False,False,True
0.28000000000000003,250,48,0.010536382930081052,0.19386600000000001,0.76568999999999998,0.95955599999999996,True,False,False,False,False,False
0.28000000000000003,250,49,0.015239278675614434,0.11995500000000001,0.80998599999999998,0.92994100000000002,True,False,False,False,False,False
0.28000000000000003,250,50,0.016823183772716632,0.23051099999999999,0.67627400000000004,0.90678500000000006,True,False,False,False,False,False
0.28000000000000003,250,51,0.01905113587461987,0.17238100000000001,0.66795700000000002,0.84033800000000003,True,False,False,False,True,False
0.28000000000000003,250,52,0.023200148023850464,0.29675099999999999,0.63500699999999999,0.93175799999999998,True,False,False,False,False,False
0.28000000000000003,250,53,0.019059181718289336,0.014557,0.88186600000000004,0.89642300000000008,True,False,False,False,True,False
0.28000000000000003,250,54,0.022510537546630405,0.201964,0.70173300000000005,0.90369700000000008,True,False,False,False,False,False
0.28000000000000003,250,55,0.0084715010041691661,0.191859,0.794655,0.986514,True,False,False,False,False,False
0.28000000000000003,250,56,0.048608017549734719,0.23835100000000001,0.53273199999999998,0.77108299999999996,True,False,False,False,False,False
0.28000000000000003,250,57,0.0093151606492362787,0.215811,0.772868,0.98867899999999997,True,False,False,False,False,False
0.28000000000000003,250,58,0.023111223670075457,0.35441899999999998,0.41390100000000002,0.76832,True,False,False,False,False,False
0.28000000000000003,250,59,0.060435466530969567,0.297317,0.61203200000000002,0.90934899999999996,True,False,False,False,False,False
0.28000000000000003,250,60,0.00931781472971451,0.17840200000000001,0.79960699999999996,0.97800899999999991,True,False,False,False,False,False
0.28000000000000003,250,61,0.0056020385386336864,0.096251000000000003,0.87762799999999996,0.97387899999999994,True,False,False,False,False,False
0.28000000000000003,250,62,0.075797228897508576,0.141205,0.49298399999999998,0.634189,True,False,False,False,True,False
0.28000000000000003,250,63,0.021478601853629393,0.21814600000000001,0.73714100000000005,0.955287,True,False,False,False,False,False
0.28000000000000003,250,64,0.0096021738931910128,0.12449399999999999,0.83943000000000001,0.963924,True,False,False,False,False,False
0.28000000000000003,250,65,0.067737701953027279,0.25553300000000001,0.34806399999999998,0.60359699999999994,True,False,False,False,True,False
0.28000000000000003,250,66,0.024347866227642765,0.27082699999999998,0.62407400000000002,0.89490099999999995,True,False,False,False,False,False
0.28000000000000003,250,67,0.012648003214466344,0.190913,0.76714700000000002,0.95806000000000002,True,False,False,False,False,False
0.28000000000000003,250,68,0.025129707049376258,0.32826,0.64174399999999998,0.97000399999999998,True,False,False,False,False,True
0.28000000000000003,250,69,0.01077371687091642,0.064186999999999994,0.86935399999999996,0.93354099999999995,True,False,False,False,False,False
0.28000000000000003,250,70,0.031498507063304176,0.187361,0.77121499999999998,0.95857599999999998,True,False,False,False,False,False
0.28000000000000003,250,71,0.0083859129339656693,0.16419400000000001,0.823716,0.98791000000000007,True,False,False,False,False,False
0.28000000000000003,250,72,0.0041235634938732333,0.058422000000000002,0.90798299999999998,0.96640499999999996,True,False,False,False,False,False
0.28000000000000003,250,73,0.011961728979317104,0.20317399999999999,0.77468499999999996,0.97785899999999992,True,False,False,False,False,False
0.28000000000000003,250,74,0.0048586970021403959,0.18477199999999999,0.81396299999999999,0.99873499999999993,True,False,False,False,False,False
0.28000000000000003,250,75,0.010860576920898861,0.22361900000000001,0.73350700000000002,0.95712600000000003,True,False,False,False,False,False
0.28000000000000003,250,76,0.0057670589755285393,0.112335,0.85601400000000005,0.96834900000000002,True,False,False,False,False,False
0.28000000000000003,250,77,0.017537467636485567,0.21529899999999999,0.77763000000000004,0.99292900000000006,True,False,False,False,False,False
0.28000000000000003,250,78,0.0099781635394357096,0.16705200000000001,0.80333399999999999,0.97038599999999997,True,False,False,False,False,False
0.28000000000000003,250,79,0.016226924161287948,0.238564,0.73159799999999997,0.97016199999999997,True,False,False,False,False,True
0.28000000000000003,250,80,0.0086194272174869736,0.15309200000000001,0.82338599999999995,0.97647799999999996,True,False,False,False,False,False
0.28000000000000003,250,81,0.020380506234409995,0.14288999999999999,0.726379,0.86926899999999996,True,False,False,False,False,False
0.28000000000000003,250,82,0.013433717226602587,0.28573300000000001,0.67082600000000003,0.95655900000000005,True,False,False,False,False,False
0.28000000000000003,250,83,0.0049305187425390659,0.153722,0.83165999999999995,0.98538199999999998,True,False,False,False,False,False
0.28000000000000003,250,84,0.010347424221656108,0.19441900000000001,0.77482499999999999,0.96924399999999999,True,False,False,False,False,False
0.28000000000000003,250,85,0.025460238779040675,0.157883,0.75060199999999999,0.90848499999999999,True,False,False,False,False,False
0.28000000000000003,250,86,0.0094116691193537484,0.18407299999999999,0.79805099999999995,0.982124,True,False,False,False,False,False
0.28000000000000003,250,87,0.016165895001268256,0.15220900000000001,0.77912499999999996,0.931334,True,False,False,False,False,False
0.28000000000000003,250,88,0.02882330962401438,0.2389,0.68300499999999997,0.92190499999999997,True,False,False,False,False,False
0.28000000000000003,250,89,0.0094406256866066077,0.17966599999999999,0.80289299999999997,0.98255899999999996,True,False,False,False,False,False
0.28000000000000003,250,90,0.019265689036967827,0.24052599999999999,0.74732100000000001,0.98784700000000003,True,False,False,False,False,True
0.28000000000000003,250,91,0.011276634859646407,0.219669,0.73127799999999998,0.95094699999999999,True,False,False,False,False,False
0.28000000000000003,250,92,0.029925492591737889,0.375199,0.58582900000000004,0.96102799999999999,True,False,False,False,False,False
0.28000000000000003,250,93,0.041655344032848929,0.17607600000000001,0.46727099999999999,0.643347,True,False,False,False,True,False
0.28000000000000003,250,94,0.025035267416319409,0.214919,0.74665199999999998,0.96157099999999995,True,False,False,False,False,False
0.28000000000000003,250,95,0.023046922587384458,0.34238800000000003,0.63745099999999999,0.97983900000000002,True,False,False,False,False,False
0.28000000000000003,250,96,0.0097864584428482126,0.219887,0.75262399999999996,0.9725109999999999,True,False,False,False,False,False
0.28000000000000003,250,97,0.0095579613297595029,0.242117,0.73285900000000004,0.97497600000000006,True,False,False,False,False,False
0.28000000000000003,250,98,0.023947503552474644,0.229409,0.72902,0.95842899999999998,True,False,False,False,False,False
0.28000000000000003,250,99,0.028855159601629363,0.13142699999999999,0.80255399999999999,0.93398099999999995,True,False,False,False,False,False
0.28000000000000003,250,100,0.011321607478239234,0.21516399999999999,0.77751300000000001,0.99267700000000003,True,False,False,False,False,False
0.28000000000000003,250,101,0.081098906997810485,0.5,0.49847399999999997,0.99847399999999997,True,False,False,True,False,True
0.28000000000000003,250,102,0.018584224440691188,0.14404800000000001,0.77579799999999999,0.91984599999999994,True,False,False,False,False,False
0.28000000000000003,250,103,0.0076728643011932862,0.19186800000000001,0.79406500000000002,0.98593300000000006,True,False,False,False,False,False
0.28000000000000003,250,104,0.014762907540511114,0.247562,0.71810300000000005,0.965665,True,False,False,False,False,False
0.28000000000000003,250,105,0.014119794849600725,0.115541,0.80101299999999998,0.91655399999999998,True,False,False,False,False,False
0.28000000000000003,250,106,0.0079268973420801355,0.219025,0.74843999999999999,0.96746500000000002,True,False,False,False,False,False
0.28000000000000003,250,107,0.0088488152546252526,0.101983,0.86237399999999997,0.96435700000000002,True,False,False,False,False,False
0.28000000000000003,250,108,0.017886868383213083,0.25952599999999998,0.72989199999999999,0.98941799999999991,True,False,False,False,False,False
0.28000000000000003,250,109,0.015040235113901065,0.28516900000000001,0.69991700000000001,0.98508600000000002,True,False,False,False,False,False
0.28000000000000003,250,110,0.014702009426757534,0.27709699999999998,0.69722700000000004,0.97432399999999997,True,False,False,False,False,False
0.28000000000000003,250,111,0.012930295407856477,0.18781800000000001,0.77267699999999995,0.96049499999999999,True,False,False,False,False,False
0.28000000000000003,250,112,0.036991225218344914,0.18063299999999999,0.61123700000000003,0.79187000000000007,True,False,False,False,True,False
0.28000000000000003,250,113,0.078645343222163128,0.35119,9.9999999999999995e-07,0.35119099999999998,True,False,True,False,True,False
0.28000000000000003,250,114,0.0065567510478150544,0.096858,0.87247699999999995,0.96933499999999995,True,False,False,False,False,False
0.28000000000000003,250,115,0.016177855864237388,0.22168099999999999,0.74007400000000001,0.96175500000000003,True,False,False,False,False,False
0.28000000000000003,250,116,0.0053736188138414388,0.168299,0.82052099999999994,0.98881999999999992,True,False,False,False,False,False
0.28000000000000003,250,117,0.014277651972850795,0.308778,0.68452999999999997,0.99330799999999997,True,False,False,False,True,False
0.28000000000000003,250,118,0.0066811833883999566,0.17232900000000001,0.802234,0.97456300000000007,True,False,False,False,False,False
0.28000000000000003,250,119,0.026452201083132586,0.24196300000000001,0.65937500000000004,0.90133800000000008,True,False,False,False,False,False
0.28000000000000003,250,120,0.013433326160414328,0.200101,0.74792800000000004,0.94802900000000001,True,False,False,False,False,False
0.28000000000000003,250,121,0.016194090705370014,0.25167,0.69173300000000004,0.94340299999999999,True,False,False,False,False,False
0.28000000000000003,250,122,0.0045478542022772813,0.22989499999999999,0.76495199999999997,0.99484699999999993,True,False,False,False,False,False
0.28000000000000003,250,123,0.022296208350737919,0.187471,0.73266399999999998,0.92013499999999993,True,False,False,False,False,False
0.28000000000000003,250,124,0.0021552241999631657,0.15911400000000001,0.83793899999999999,0.99705299999999997,True,False,False,False,False,False
0.28000000000000003,250,125,0.014046840607577353,0.17979600000000001,0.80199100000000001,0.98178699999999997,True,False,False,False,False,False
0.28000000000000003,250,126,0.005295852410496466,0.17618800000000001,0.80869100000000005,0.98487900000000006,True,False,False,False,False,False
0.28000000000000003,250,127,0.05402576051140974,0.235153,0.68887399999999999,0.92402699999999993,True,False,False,False,False,False
0.28000000000000003,250,128,0.014578910072748327,0.216196,0.749587,0.96578300000000006,True,False,False,False,False,False
0.28000000000000003,250,129,0.0068153364367358809,0.11693199999999999,0.86726999999999999,0.98420200000000002,True,False,False,False,False,False
0.28000000000000003,250,130,0.013765028618267521,0.21931999999999999,0.76500100000000004,0.984321,True,False,False,False,False,False
0.28000000000000003,250,131,0.03403386326331672,0.139377,0.72391300000000003,0.86329,True,False,False,False,False,False
0.28000000000000003,250,132,0.0057114161527960913,0.113084,0.862483,0.97556699999999996,True,False,False,False,False,False
0.28000000000000003,250,133,0.005503223708543302,0.14408699999999999,0.85376099999999999,0.99784799999999996,True,False,False,False,False,False
0.28000000000000003,250,134,0.033113472578035937,0.23519899999999999,0.71660800000000002,0.95180700000000007,True,False,False,False,False,False
0.28000000000000003,250,135,0.02858461320830424,0.28639999999999999,0.64943099999999998,0.93583099999999997,True,False,False,False,False,False
0.28000000000000003,250,136,0.01339253557910754,0.249227,0.737174,0.98640099999999997,True,False,False,False,False,False
0.28000000000000003,250,137,0.01128990894607142,0.18031800000000001,0.76123300000000005,0.94155100000000003,True,False,False,False,False,False
0.28000000000000003,250,138,0.026595965866135367,0.17105600000000001,0.74651900000000004,0.91757500000000003,True,False,False,False,False,False
0.28000000000000003,250,139,0.020297065172566187,0.26058599999999998,0.72512799999999999,0.98571399999999998,True,False,False,False,False,False
0.28000000000000003,250,140,0.015197273252411273,0.22262699999999999,0.74248700000000001,0.96511400000000003,True,False,False,False,False,False
0.28000000000000003,250,141,0.011052222552836192,0.111786,0.81861600000000001,0.93040199999999995,True,False,False,False,True,False
0.28000000000000003,250,142,0.021832949558242432,0.13100500000000001,0.81152100000000005,0.94252600000000009,True,False,False,False,False,False
0.28000000000000003,250,143,0.02896531998731211,0.34671299999999999,0.55966199999999999,0.90637499999999993,True,False,False,False,True,False
0.28000000000000003,250,144,0.095275522205996152,0.34925800000000001,0.57788899999999999,0.92714699999999994,True,False,False,False,False,False
0.28000000000000003,250,145,0.013732243453059343,0.081706000000000001,0.85475500000000004,0.93646099999999999,True,False,False,False,False,False
0.28000000000000003,250,146,0.075918387511693414,0.050000000000000003,0.90000000000000002,0.95000000000000007,False,True,False,False,False,True
0.28000000000000003,250,147,0.020288545406314647,0.26540999999999998,0.721854,0.98726399999999992,True,False,False,False,False,True
0.28000000000000003,250,148,0.017514924719924829,0.29559000000000002,0.70239399999999996,0.99798399999999998,True,False,False,False,False,False
0.28000000000000003,250,149,0.025736087119354024,0.23947099999999999,0.72820200000000002,0.96767300000000001,True,False,False,False,False,False
0.28000000000000003,250,150,0.92739125798880784,0.050000000000000003,0.90000000000000002,0.95000000000000007,False,True,False,False,False,False
0.28000000000000003,250,151,0.12364152270899696,0.34837099999999999,9.9999999999999995e-07,0.34837199999999996,True,False,True,False,True,False
0.28000000000000003,250,152,0.015140189433977181,0.20221800000000001,0.75873900000000005,0.96095700000000006,True,False,False,False,False,False
0.28000000000000003,250,153,0.0078559652368504849,0.13758999999999999,0.85142600000000002,0.98901600000000001,True,False,False,False,False,False
0.28000000000000003,250,154,0.0023475632083780049,0.11373,0.87972099999999998,0.99345099999999997,True,False,False,False,False,False
0.28000000000000003,250,155,0.0039707539726488248,0.15617,0.82121100000000002,0.97738100000000006,True,False,False,False,False,False
0.28000000000000003,250,156,0.025840370229410475,0.24060000000000001,0.68340500000000004,0.92400500000000008,True,False,False,False,False,False
0.28000000000000003,250,157,0.014130737782193531,0.384492,0.57437400000000005,0.958866,True,False,False,False,False,False
0.28000000000000003,250,158,0.011467523840123804,0.099532999999999996,0.84124100000000002,0.940774,True,False,False,False,True,False
0.28000000000000003,250,159,0.0079608164100771622,0.16112499999999999,0.80397099999999999,0.96509599999999995,True,False,False,False,False,False
0.28000000000000003,250,160,0.0079238995922592259,0.144459,0.81349400000000005,0.95795300000000005,True,False,False,False,False,False
0.28000000000000003,250,161,0.0059913366867050625,0.206204,0.75803900000000002,0.96424299999999996,True,False,False,False,True,False
0.28000000000000003,250,162,0.025826143615321977,0.169631,0.73718499999999998,0.90681599999999996,True,False,False,False,False,True
0.28000000000000003,250,163,0.041447601262099669,0.19558800000000001,0.72246299999999997,0.91805099999999995,True,False,False,False,False,True
0.28000000000000003,250,164,0.026608758194650382,0.20643900000000001,0.72378799999999999,0.93022700000000003,True,False,False,False,False,False
0.28000000000000003,250,165,0.0072994503519935782,0.22055900000000001,0.76796699999999996,0.98852600000000002,True,False,False,False,False,False
0.28000000000000003,250,166,0.035859315015621639,0.13881599999999999,0.76104000000000005,0.89985599999999999,True,False,False,False,False,False
0.28000000000000003,250,167,0.0068488571774347412,0.176511,0.80248799999999998,0.97899899999999995,True,False,False,False,False,True
0.28000000000000003,250,168,0.011879730501201072,0.169964,0.80387500000000001,0.97383900000000001,True,False,False,False,False,False
0.28000000000000003,250,169,0.026350488817762696,0.180955,0.72909800000000002,0.910053,True,False,False,False,False,False
0.28000000000000003,250,170,0.0037798908779337341,0.16803199999999999,0.82049499999999997,0.98852699999999993,True,False,False,False,False,False
0.28000000000000003,250,171,0.021537072238665793,0.034623000000000001,0.86094099999999996,0.89556399999999992,True,False,False,False,False,False
0.28000000000000003,250,172,0.036374374183878858,0.221305,0.77035200000000004,0.99165700000000001,True,False,False,False,False,False
0.28000000000000003,250,173,0.019469269330313413,0.25643500000000002,0.70894400000000002,0.96537899999999999,True,False,False,False,False,False
0.28000000000000003,250,174,0.00938403322958287,0.19218399999999999,0.79555799999999999,0.98774200000000001,True,False,False,False,False,False
0.28000000000000003,250,175,0.016728545171843807,0.14807899999999999,0.80794100000000002,0.95601999999999998,True,False,False,False,False,False
0.28000000000000003,250,176,0.050772965045034292,0.21621899999999999,0.66475499999999998,0.88097399999999992,True,False,False,False,False,True
0.28000000000000003,250,177,0.063404045789928684,0.21676000000000001,0.65633900000000001,0.87309900000000007,True,False,False,False,False,False
0.28000000000000003,250,178,0.018473278363616116,0.12565200000000001,0.79784699999999997,0.92349899999999996,True,False,False,False,False,False
0.28000000000000003,250,179,0.0055910056959931585,0.167909,0.819554,0.98746299999999998,True,False,False,False,False,False
0.28000000000000003,250,180,0.041250372874627579,0.228518,0.74527600000000005,0.97379400000000005,True,False,False,False,False,False
0.28000000000000003,250,181,0.020534409405639862,0.19532099999999999,0.77257900000000002,0.96789999999999998,True,False,False,False,False,False
0.28000000000000003,250,182,0.013541939823443929,0.20428199999999999,0.71957300000000002,0.92385499999999998,True,False,False,False,True,False
0.28000000000000003,250,183,0.014353267439494669,0.26085399999999997,0.73046299999999997,0.991317,True,False,False,False,False,False
0.28000000000000003,250,184,0.013830864372190025,0.22601499999999999,0.71030400000000005,0.93631900000000001,True,False,False,False,True,False
0.28000000000000003,250,185,0.011954415045953652,0.15364,0.80114099999999999,0.95478099999999999,True,False,False,False,False,False
0.28000000000000003,250,186,0.011465400493090907,0.21280399999999999,0.73542799999999997,0.94823199999999996,True,False,False,False,False,False
0.28000000000000003,250,187,0.01006994424776687,0.103085,0.85763500000000004,0.96072000000000002,True,False,False,False,False,False
0.28000000000000003,250,188,0.02455203509554698,0.30633899999999997,0.64614300000000002,0.95248200000000005,True,False,False,False,False,False
0.28000000000000003,250,189,0.023351260877192751,0.247562,0.686639,0.93420100000000006,True,False,False,False,False,False
0.28000000000000003,250,190,0.031090185003036536,0.28673199999999999,0.641405,0.92813699999999999,True,False,False,False,False,True
0.28000000000000003,250,191,0.014951891703661714,0.190692,0.76926600000000001,0.95995799999999998,True,False,False,False,False,False
0.28000000000000003,250,192,3.3658273447497846,0.050000000000000003,0.90000000000000002,0.95000000000000007,False,True,False,False,False,False
0.28000000000000003,250,193,0.034729758824565721,0.168434,0.78333900000000001,0.95177299999999998,True,False,False,False,True,False
0.28000000000000003,250,194,0.0092826762585863764,0.088201000000000002,0.86230700000000005,0.95050800000000002,True,False,False,False,True,False
0.28000000000000003,250,195,0.038280640277542542,0.26648699999999997,0.69769800000000004,0.96418500000000007,True,False,False,False,False,False
0.28000000000000003,250,196,0.0078217721750302744,0.14022399999999999,0.83274899999999996,0.97297299999999998,True,False,False,False,False,True
0.28000000000000003,250,197,0.010395332020967986,0.182923,0.79374599999999995,0.97666900000000001,True,False,False,False,False,False
0.28000000000000003,250,198,0.041467189386462606,0.17719699999999999,0.71145599999999998,0.88865299999999992,True,False,False,False,True,False
0.28000000000000003,250,199,0.026563909591840785,0.31620900000000002,0.66037000000000001,0.97657900000000009,True,False,False,False,False,True
0.28000000000000003,500,0,0.017088247077881896,0.24410100000000001,0.72761500000000001,0.97171600000000002,True,False,False,False,False,False
0.28000000000000003,500,1,0.011680472157392244,0.21812100000000001,0.74816300000000002,0.96628400000000003,True,False,False,False,False,False
0.28000000000000003,500,2,0.018691075209307732,0.290134,0.70292900000000003,0.99306300000000003,True,False,False,False,False,False
0.28000000000000003,500,3,0.014956787443978294,0.25107299999999999,0.73023300000000002,0.98130600000000001,True,False,False,False,False,False
0.28000000000000003,500,4,0.0073411000445136902,0.147869,0.82995099999999999,0.97782000000000002,True,False,False,False,False,False
0.28000000000000003,500,5,0.016008501625183261,0.16406799999999999,0.79711399999999999,0.96118199999999998,True,False,False,False,False,False
0.28000000000000003,500,6,0.0079028441251694451,0.15198999999999999,0.819693,0.97168299999999996,True,False,False,False,False,True
0.28000000000000003,500,7,0.023473989578763035,0.25378499999999998,0.72350000000000003,0.97728499999999996,True,False,False,False,False,True
0.28000000000000003,500,8,0.0085715703847115236,0.19095599999999999,0.80385700000000004,0.99481300000000006,True,False,False,False,False,False
0.28000000000000003,500,9,0.016868102688684713,0.114135,0.81015000000000004,0.92428500000000002,True,False,False,False,True,False
0.28000000000000003,500,10,0.014463906817924669,0.25208900000000001,0.73156699999999997,0.98365599999999997,True,False,False,False,False,False
0.28000000000000003,500,11,0.023417446201368503,0.17077000000000001,0.77870300000000003,0.94947300000000001,True,False,False,False,False,False
0.28000000000000003,500,12,0.021031657926894626,0.21379899999999999,0.74638199999999999,0.96018099999999995,True,False,False,False,False,False
0.28000000000000003,500,13,0.025308816482079347,0.17136499999999999,0.70935800000000004,0.88072300000000003,True,False,False,False,False,False
0.28000000000000003,500,14,0.0049514259881227795,0.16748099999999999,0.82732000000000006,0.99480100000000005,True,False,False,False,False,False
0.28000000000000003,500,15,0.023715728619064264,0.35894599999999999,0.63064299999999995,0.98958899999999994,True,False,False,False,False,False
0.28000000000000003,500,16,0.023984432122335961,0.28923300000000002,0.67203599999999997,0.96126899999999993,True,False,False,False,False,True
0.28000000000000003,500,17,0.024851599702008398,0.15499499999999999,0.755467,0.91046199999999999,True,False,False,False,False,False
0.28000000000000003,500,18,0.012128757903209506,0.24162900000000001,0.74718399999999996,0.98881299999999994,True,False,False,False,False,True
0.28000000000000003,500,19,0.013895675192616634,0.26437100000000002,0.72980400000000001,0.99417500000000003,True,False,False,False,False,False
0.28000000000000003,500,20,0.020194700655128489,0.273171,0.68087500000000001,0.95404599999999995,True,False,False,False,False,False
0.28000000000000003,500,21,0.031756873012601425,0.22028300000000001,0.69133900000000004,0.91162200000000004,True,False,False,False,False,False
0.28000000000000003,500,22,0.0064069021314414878,0.14544599999999999,0.83321599999999996,0.97866199999999992,True,False,False,False,False,False
0.28000000000000003,500,23,0.017892843444833054,0.242893,0.75394600000000001,0.99683900000000003,True,False,False,False,False,False
0.28000000000000003,500,24,0.0076794401785201935,0.17721899999999999,0.78540600000000005,0.96262500000000006,True,False,False,False,False,False
0.28000000000000003,500,25,0.0087042965341050712,0.22026299999999999,0.770065,0.99032799999999999,True,False,False,False,False,False
0.28000000000000003,500,26,0.012316889327714943,0.21582399999999999,0.77074699999999996,0.98657099999999998,True,False,False,False,False,False
0.28000000000000003,500,27,0.0099022232886394144,0.19095599999999999,0.76852100000000001,0.95947700000000002,True,False,False,False,False,False
0.28000000000000003,500,28,0.067003219799757555,0.238342,0.70435099999999995,0.942693,True,False,False,False,False,False
0.28000000000000003,500,29,0.013699183914840091,0.13914499999999999,0.80860200000000004,0.94774700000000001,True,False,False,False,False,False
0.28000000000000003,500,30,0.0052399430279991182,0.072502999999999998,0.89807599999999999,0.97057899999999997,True,False,False,False,True,False
0.28000000000000003,500,31,0.0074292751175584386,0.12698400000000001,0.84560999999999997,0.97259399999999996,True,False,False,False,False,False
0.28000000000000003,500,32,0.014761122511689465,0.195105,0.76293100000000003,0.958036,True,False,False,False,False,False
0.28000000000000003,500,33,0.045304125361380961,0.091467999999999994,0.75567899999999999,0.84714699999999998,True,False,False,False,False,False
0.28000000000000003,500,34,0.012436445761300268,0.203149,0.79089399999999999,0.99404300000000001,True,False,False,False,False,False
0.28000000000000003,500,35,0.010018247714443962,0.17305200000000001,0.81794500000000003,0.99099700000000002,True,False,False,False,False,False
0.28000000000000003,500,36,0.0084296712057344379,0.228157,0.74478699999999998,0.97294400000000003,True,False,False,False,False,False
0.28000000000000003,500,37,0.0087376324261774514,0.23891799999999999,0.72769899999999998,0.96661699999999995,True,False,False,False,False,False
0.28000000000000003,500,38,0.0055857700305803545,0.145486,0.84346100000000002,0.98894700000000002,True,False,False,False,False,False
0.28000000000000003,500,39,0.01709425626323487,0.19530600000000001,0.71602900000000003,0.91133500000000001,True,False,False,False,False,False
0.28000000000000003,500,40,0.017111143103349082,0.23538300000000001,0.71522300000000005,0.95060600000000006,True,False,False,False,False,False
0.28000000000000003,500,41,0.026462500922715713,0.19029799999999999,0.75,0.94029799999999997,True,False,False,False,False,False
0.28000000000000003,500,42,0.006983720667993432,0.19723399999999999,0.78433200000000003,0.98156600000000005,True,False,False,False,False,False
0.28000000000000003,500,43,0.011784923688167723,0.28564000000000001,0.70585100000000001,0.99149100000000001,True,False,False,False,False,False
0.28000000000000003,500,44,0.018042423120198013,0.22007099999999999,0.74260800000000005,0.96267900000000006,True,False,False,False,False,False
0.28000000000000003,500,45,0.013689386685120101,0.18886900000000001,0.78270799999999996,0.97157699999999991,True,False,False,False,False,True
0.28000000000000003,500,46,0.014327282012347458,0.26380799999999999,0.67476000000000003,0.93856800000000007,True,False,False,False,False,False
0.28000000000000003,500,47,0.0038264640793534673,0.061413000000000002,0.92393599999999998,0.98534900000000003,True,False,False,False,False,True
0.28000000000000003,500,48,0.0077651251744216389,0.14807100000000001,0.82795799999999997,0.97602900000000004,True,False,False,False,False,False
0.28000000000000003,500,49,0.0092334146014511811,0.13014700000000001,0.81167400000000001,0.94182100000000002,True,False,False,False,False,False
0.28000000000000003,500,50,0.020073391016601817,0.246584,0.66161499999999995,0.90819899999999998,True,False,False,False,False,False
0.28000000000000003,500,51,0.0093378427105458451,0.121561,0.82071899999999998,0.94228000000000001,True,False,False,False,False,False
0.28000000000000003,500,52,0.023150926294102637,0.231714,0.69076099999999996,0.92247499999999993,True,False,False,False,False,False
0.28000000000000003,500,53,0.0064863714431531881,0.111059,0.86732699999999996,0.97838599999999998,True,False,False,False,False,False
0.28000000000000003,500,54,0.015984546583569431,0.228269,0.73475199999999996,0.9630209999999999,True,False,False,False,False,False
0.28000000000000003,500,55,0.010789754152171139,0.25201299999999999,0.73854399999999998,0.99055699999999991,True,False,False,False,False,False
0.28000000000000003,500,56,0.039047148670169042,0.24666299999999999,0.56766499999999998,0.81432799999999994,True,False,False,False,False,False
0.28000000000000003,500,57,0.010783521897083795,0.236092,0.74164799999999997,0.97773999999999994,True,False,False,False,False,True
0.28000000000000003,500,58,0.0074364343625098568,0.29096,0.70114500000000002,0.99210500000000001,True,False,False,False,False,False
0.28000000000000003,500,59,0.011493334220091968,0.18085899999999999,0.79079999999999995,0.97165899999999994,True,False,False,False,False,False
0.28000000000000003,500,60,0.010206196878023771,0.18237300000000001,0.80217099999999997,0.98454399999999997,True,False,False,False,False,False
0.28000000000000003,500,61,0.015268052313944678,0.148173,0.769096,0.917269,True,False,False,False,False,False
0.28000000000000003,500,62,0.050195521735679656,0.130797,0.61213399999999996,0.74293100000000001,True,False,False,False,True,False
0.28000000000000003,500,63,0.014883921126595119,0.185666,0.78756999999999999,0.97323599999999999,True,False,False,False,False,False
0.28000000000000003,500,64,0.0063549371919292448,0.12905,0.84582500000000005,0.97487500000000005,True,False,False,False,False,False
0.28000000000000003,500,65,0.022024210547720871,0.169569,0.72725099999999998,0.89681999999999995,True,False,False,False,False,False
0.28000000000000003,500,66,0.012307381615673532,0.24873899999999999,0.74407299999999998,0.99281200000000003,True,False,False,False,False,False
0.28000000000000003,500,67,0.010047479406363705,0.20555599999999999,0.78290499999999996,0.98846099999999992,True,False,False,False,False,False
0.28000000000000003,500,68,0.018455517724891863,0.26974999999999999,0.71264000000000005,0.9823900000000001,True,False,False,False,False,True
0.28000000000000003,500,69,0.0047267590230288979,0.116019,0.86282700000000001,0.97884599999999999,True,False,False,False,False,False
0.28000000000000003,500,70,0.021325349635806606,0.19156500000000001,0.76324999999999998,0.95481499999999997,True,False,False,False,False,False
0.28000000000000003,500,71,0.0086037533374771109,0.170853,0.80907899999999999,0.97993200000000003,True,False,False,False,False,False
0.28000000000000003,500,72,0.0022884506311909455,0.056057999999999997,0.93690700000000005,0.9929650000000001,True,False,False,False,False,False
0.28000000000000003,500,73,0.0089792744060710143,0.17604,0.79769400000000001,0.97373399999999999,True,False,False,False,False,False
0.28000000000000003,500,74,0.0069183858632435053,0.16830300000000001,0.82822200000000001,0.99652499999999999,True,False,False,False,False,False
0.28000000000000003,500,75,0.015368546830163792,0.136437,0.809836,0.94627300000000003,True,False,False,False,False,False
0.28000000000000003,500,76,0.010896452663302896,0.148395,0.80255600000000005,0.9509510000000001,True,False,False,False,False,False
0.28000000000000003,500,77,0.019634562988757907,0.20750199999999999,0.77829700000000002,0.98579899999999998,True,False,False,False,False,False
0.28000000000000003,500,78,0.011752665551936997,0.20502100000000001,0.76319899999999996,0.96821999999999997,True,False,False,False,False,False
0.28000000000000003,500,79,0.0093519398681405352,0.23860100000000001,0.73748400000000003,0.97608500000000009,True,False,False,False,False,True
0.28000000000000003,500,80,0.010378852634156494,0.188329,0.79373300000000002,0.98206199999999999,True,False,False,False,False,False
0.28000000000000003,500,81,0.019201814458087278,0.13824500000000001,0.73457799999999995,0.8728229999999999,True,False,False,False,False,False
0.28000000000000003,500,82,0.0187404848043227,0.25108799999999998,0.68470799999999998,0.93579599999999996,True,False,False,False,False,False
0.28000000000000003,500,83,0.0057050419402962429,0.136181,0.83826900000000004,0.97445000000000004,True,False,False,False,False,False
0.28000000000000003,500,84,0.014476498415425754,0.249588,0.72292500000000004,0.97251300000000007,True,False,False,False,False,False
0.28000000000000003,500,85,0.023079944599000708,0.17138999999999999,0.72439699999999996,0.89578699999999989,True,False,False,False,False,False
0.28000000000000003,500,86,0.010180069762916676,0.19836400000000001,0.77690700000000001,0.975271,True,False,False,False,False,False
0.28000000000000003,500,87,0.019112895520951769,0.186281,0.72333999999999998,0.90962100000000001,True,False,False,False,False,False
0.28000000000000003,500,88,0.017053384479250529,0.20034399999999999,0.73466399999999998,0.93500799999999995,True,False,False,False,False,False
0.28000000000000003,500,89,0.012120579128073669,0.18085999999999999,0.78911699999999996,0.96997699999999998,True,False,False,False,False,False
0.28000000000000003,500,90,0.019147211553032496,0.24793000000000001,0.73507900000000004,0.98300900000000002,True,False,False,False,False,True
0.28000000000000003,500,91,0.0085057878045839679,0.18937799999999999,0.780532,0.96991000000000005,True,False,False,False,False,False
0.28000000000000003,500,92,0.03058592357580215,0.31001099999999998,0.62601200000000001,0.93602300000000005,True,False,False,False,False,False
0.28000000000000003,500,93,0.012695617122037978,0.11744300000000001,0.78305100000000005,0.90049400000000002,True,False,False,False,False,False
0.28000000000000003,500,94,0.019915816677751472,0.24441599999999999,0.72113799999999995,0.96555399999999991,True,False,False,False,False,False
0.28000000000000003,500,95,0.019089522756750684,0.27594999999999997,0.70761700000000005,0.98356700000000008,True,False,False,False,False,False
0.28000000000000003,500,96,0.01299497781295738,0.19026599999999999,0.76208100000000001,0.95234700000000005,True,False,False,False,False,False
0.28000000000000003,500,97,0.013614601720791434,0.228905,0.71675199999999994,0.94565699999999997,True,False,False,False,False,False
0.28000000000000003,500,98,0.013432684400038261,0.18535099999999999,0.78223100000000001,0.96758199999999994,True,False,False,False,False,False
0.28000000000000003,500,99,0.020467744193201763,0.249727,0.73455999999999999,0.98428700000000002,True,False,False,False,False,False
0.28000000000000003,500,100,0.01250680230338385,0.20238400000000001,0.78617599999999999,0.98855999999999999,True,False,False,False,False,False
0.28000000000000003,500,101,0.028831331171840276,0.26049499999999998,0.73846000000000001,0.99895500000000004,True,False,False,False,False,True
0.28000000000000003,500,102,0.0032490898996253986,0.089720999999999995,0.89154299999999997,0.98126399999999991,True,False,False,False,True,False
0.28000000000000003,500,103,0.012375884577979961,0.25559999999999999,0.71906099999999995,0.974661,True,False,False,False,False,False
0.28000000000000003,500,104,0.009049447140006819,0.205709,0.78442699999999999,0.99013600000000002,True,False,False,False,False,False
0.28000000000000003,500,105,0.013482185174514938,0.13877999999999999,0.796265,0.93504500000000002,True,False,False,False,False,False
0.28000000000000003,500,106,0.0094426535139740236,0.206127,0.745892,0.95201899999999995,True,False,False,False,False,False
0.28000000000000003,500,107,0.014626672013530073,0.20377799999999999,0.728433,0.93221100000000001,True,False,False,False,False,False
0.28000000000000003,500,108,0.019310259579015578,0.21771299999999999,0.762965,0.98067799999999994,True,False,False,False,False,False
0.28000000000000003,500,109,0.016460957610256073,0.25645099999999998,0.73256200000000005,0.98901300000000003,True,False,False,False,False,False
0.28000000000000003,500,110,0.017632825976590352,0.2913,0.66130100000000003,0.95260100000000003,True,False,False,False,False,False
0.28000000000000003,500,111,0.020507595551368642,0.22064900000000001,0.70901099999999995,0.92965999999999993,True,False,False,False,False,False
0.28000000000000003,500,112,0.020126513595131922,0.15626799999999999,0.74505699999999997,0.90132499999999993,True,False,False,False,False,False
0.28000000000000003,500,113,0.014822732003393312,0.21462800000000001,0.72962800000000005,0.9442560000000001,True,False,False,False,False,False
0.28000000000000003,500,114,0.010813097351988205,0.116005,0.84048599999999996,0.95649099999999998,True,False,False,False,False,False
0.28000000000000003,500,115,0.01479110395223036,0.242341,0.73950899999999997,0.98185,True,False,False,False,False,False
0.28000000000000003,500,116,0.012107706631123269,0.205121,0.76382099999999997,0.96894199999999997,True,False,False,False,False,False
0.28000000000000003,500,117,0.01068878408075179,0.27004800000000001,0.72106700000000001,0.99111499999999997,True,False,False,False,True,False
0.28000000000000003,500,118,0.01183777697281576,0.21996499999999999,0.73307299999999997,0.95303799999999994,True,False,False,False,False,False
0.28000000000000003,500,119,0.013997602292752974,0.24727499999999999,0.74385000000000001,0.99112500000000003,True,False,False,False,False,False
0.28000000000000003,500,120,0.013212788022912323,0.176034,0.77092499999999997,0.946959,True,False,False,False,False,False
0.28000000000000003,500,121,0.013318898345433596,0.22165499999999999,0.71455999999999997,0.93621500000000002,True,False,False,False,False,False
0.28000000000000003,500,122,0.0060527765085066241,0.22953100000000001,0.76083699999999999,0.99036800000000003,True,False,False,False,False,False
0.28000000000000003,500,123,0.032381536067523524,0.17718500000000001,0.69418400000000002,0.87136900000000006,True,False,False,False,False,False
0.28000000000000003,500,124,0.003289428371775397,0.151611,0.84103899999999998,0.99265000000000003,True,False,False,False,False,False
0.28000000000000003,500,125,0.007551965725370151,0.193663,0.79074,0.98440300000000003,True,False,False,False,False,False
0.28000000000000003,500,126,0.0040128365486029266,0.13647000000000001,0.84980999999999995,0.98627999999999993,True,False,False,False,False,False
0.28000000000000003,500,127,0.022210356410858723,0.208146,0.74395100000000003,0.95209699999999997,True,False,False,False,False,False
0.28000000000000003,500,128,0.017108106875761059,0.183305,0.76538899999999999,0.94869399999999993,True,False,False,False,False,False
0.28000000000000003,500,129,0.01327791272883143,0.178704,0.80265200000000003,0.98135600000000001,True,False,False,False,False,False
0.28000000000000003,500,130,0.013343811038852264,0.235454,0.74267099999999997,0.97812499999999991,True,False,False,False,False,False
0.28000000000000003,500,131,0.020456741555725796,0.126836,0.76625100000000002,0.89308699999999996,True,False,False,False,True,False
0.28000000000000003,500,132,0.0070241822032852778,0.107725,0.85355300000000001,0.96127799999999997,True,False,False,False,False,False
0.28000000000000003,500,133,0.0068900746821224084,0.21478700000000001,0.78153700000000004,0.99632399999999999,True,False,False,False,False,False
0.28000000000000003,500,134,0.033799328907438954,0.262826,0.69562500000000005,0.95845100000000005,True,False,False,False,False,False
0.28000000000000003,500,135,0.035515081605917133,0.233988,0.66890899999999998,0.90289699999999995,True,False,False,False,False,False
0.28000000000000003,500,136,0.016106477212607655,0.199624,0.77563599999999999,0.97526000000000002,True,False,False,False,False,False
0.28000000000000003,500,137,0.013523937092373284,0.15857099999999999,0.75189700000000004,0.91046800000000006,True,False,False,False,False,False
0.28000000000000003,500,138,0.033265285815294018,0.29854799999999998,0.60214500000000004,0.90069299999999997,True,False,False,False,False,False
0.28000000000000003,500,139,0.011668260160747278,0.22795599999999999,0.759162,0.98711799999999994,True,False,False,False,False,False
0.28000000000000003,500,140,0.038143325824645975,0.27354600000000001,0.62689499999999998,0.90044100000000005,True,False,False,False,False,False
0.28000000000000003,500,141,0.010176047395927994,0.13233800000000001,0.81558299999999995,0.94792100000000001,True,False,False,False,True,False
0.28000000000000003,500,142,0.011938740137992924,0.12457600000000001,0.84084199999999998,0.965418,True,False,False,False,False,False
0.28000000000000003,500,143,0.019521792446526024,0.20831,0.73818600000000001,0.946496,True,False,False,False,True,False
0.28000000000000003,500,144,0.02008582688555334,0.23605999999999999,0.75319700000000001,0.98925700000000005,True,False,False,False,False,False
0.28000000000000003,500,145,0.15356976582730941,0.27080700000000002,0.051248000000000002,0.32205500000000004,True,False,False,False,True,False
0.28000000000000003,500,146,0.0065033119827993058,0.18177399999999999,0.81103599999999998,0.99280999999999997,True,False,False,False,False,True
0.28000000000000003,500,147,0.0077478039654690807,0.22379099999999999,0.76736800000000005,0.99115900000000001,True,False,False,False,False,True
0.28000000000000003,500,148,0.030279692863501753,0.29215799999999997,0.70171899999999998,0.9938769999999999,True,False,False,False,False,False
0.28000000000000003,500,149,0.022186998763550285,0.218726,0.76051100000000005,0.97923700000000002,True,False,False,False,False,False
0.28000000000000003,500,150,0.48211381156762206,0.050000000000000003,0.90000000000000002,0.95000000000000007,False,True,False,False,False,False
0.28000000000000003,500,151,0.11987200768821286,0.33849899999999999,9.9999999999999995e-07,0.33849999999999997,True,False,True,False,True,False
0.28000000000000003,500,152,0.010488046902298509,0.18493999999999999,0.79545500000000002,0.98039500000000002,True,False,False,False,False,False
0.28000000000000003,500,153,0.017307665453433905,0.176235,0.79536700000000005,0.97160200000000008,True,False,False,False,False,False
0.28000000000000003,500,154,0.011284257473110727,0.23635400000000001,0.72213899999999998,0.95849300000000004,True,False,False,False,False,False
0.28000000000000003,500,155,0.0060261111436268871,0.17094000000000001,0.80314099999999999,0.97408099999999997,True,False,False,False,False,False
0.28000000000000003,500,156,0.022435426049463313,0.25833800000000001,0.66929000000000005,0.92762800000000012,True,False,False,False,False,False
0.28000000000000003,500,157,0.01831635589478153,0.28055799999999997,0.64171699999999998,0.92227499999999996,True,False,False,False,False,False
0.28000000000000003,500,158,0.0068764211345253385,0.14195199999999999,0.84049399999999996,0.98244599999999993,True,False,False,False,False,False
0.28000000000000003,500,159,0.012145883129748954,0.23760899999999999,0.71416000000000002,0.95176899999999998,True,False,False,False,False,False
0.28000000000000003,500,160,0.010335280365891505,0.123506,0.81369199999999997,0.93719799999999998,True,False,False,False,False,False
0.28000000000000003,500,161,0.0055108239003599591,0.216922,0.77424000000000004,0.9911620000000001,True,False,False,False,True,False
0.28000000000000003,500,162,0.031780279088712275,0.120424,0.76089099999999998,0.88131499999999996,True,False,False,False,False,True
0.28000000000000003,500,163,0.017045989126363438,0.17072499999999999,0.78285899999999997,0.95358399999999999,True,False,False,False,False,True
0.28000000000000003,500,164,0.019866239126519619,0.22184899999999999,0.75680800000000004,0.978657,True,False,False,False,False,False
0.28000000000000003,500,165,0.015064168918129875,0.20769199999999999,0.76308299999999996,0.97077499999999994,True,False,False,False,False,False
0.28000000000000003,500,166,0.017467446088287215,0.15789,0.779748,0.93763799999999997,True,False,False,False,False,False
0.28000000000000003,500,167,0.011159446945304676,0.17315,0.78284299999999996,0.95599299999999998,True,False,False,False,False,True
0.28000000000000003,500,168,0.0073242307518923229,0.13842299999999999,0.83923400000000004,0.977657,True,False,False,False,False,False
0.28000000000000003,500,169,0.031606105429076152,0.21909400000000001,0.66597300000000004,0.88506700000000005,True,False,False,False,False,False
0.28000000000000003,500,170,0.01112344291240432,0.18348200000000001,0.79336600000000002,0.97684800000000005,True,False,False,False,False,False
0.28000000000000003,500,171,0.022339844738929346,0.123006,0.78060600000000002,0.90361200000000008,True,False,False,False,False,False
0.28000000000000003,500,172,0.01045335183708975,0.241726,0.75375000000000003,0.99547600000000003,True,False,False,False,False,False
0.28000000000000003,500,173,0.021618591300275148,0.28612399999999999,0.66455299999999995,0.95067699999999999,True,False,False,False,False,False
0.28000000000000003,500,174,0.010506070050488139,0.222632,0.76253000000000004,0.98516200000000009,True,False,False,False,False,False
0.28000000000000003,500,175,0.014993355497577836,0.166912,0.781698,0.94860999999999995,True,False,False,False,False,False
0.28000000000000003,500,176,0.026545312904050718,0.24746699999999999,0.74871500000000002,0.99618200000000001,True,False,False,False,False,True
0.28000000000000003,500,177,0.011838813050213524,0.17219200000000001,0.79177799999999998,0.96396999999999999,True,False,False,False,False,False
0.28000000000000003,500,178,0.012174358265466539,0.085222999999999993,0.87570199999999998,0.96092500000000003,True,False,False,False,False,False
0.28000000000000003,500,179,0.0079891950771763531,0.18165400000000001,0.79211799999999999,0.97377199999999997,True,False,False,False,False,False
0.28000000000000003,500,180,0.015000736231658726,0.225051,0.75761699999999998,0.98266799999999999,True,False,False,False,False,False
0.28000000000000003,500,181,0.016273034319515482,0.201819,0.76061699999999999,0.96243599999999996,True,False,False,False,False,False
0.28000000000000003,500,182,0.014024310097071956,0.23455400000000001,0.71746699999999997,0.95202100000000001,True,False,False,False,True,False
0.28000000000000003,500,183,0.017654894168941334,0.305259,0.68485700000000005,0.990116,True,False,False,False,False,False
0.28000000000000003,500,184,0.011569323486711391,0.25488300000000003,0.70552099999999995,0.96040400000000004,True,False,False,False,True,False
0.28000000000000003,500,185,0.019088199134622737,0.16336400000000001,0.75952399999999998,0.92288799999999993,True,False,False,False,False,False
0.28000000000000003,500,186,0.017023541664087215,0.22339600000000001,0.70700700000000005,0.93040300000000009,True,False,False,False,False,False
0.28000000000000003,500,187,0.052654167299529264,0.169435,0.63659399999999999,0.806029,True,False,False,False,False,False
0.28000000000000003,500,188,0.025223741470837724,0.23668700000000001,0.69151399999999996,0.92820099999999994,True,False,False,False,False,False
0.28000000000000003,500,189,0.022388692374547322,0.18341199999999999,0.73201799999999995,0.91542999999999997,True,False,False,False,False,False
0.28000000000000003,500,190,0.039636315456477084,0.35501500000000002,0.589978,0.94499299999999997,True,False,False,False,False,False
0.28000000000000003,500,191,0.022163180738785503,0.150339,0.78146099999999996,0.93179999999999996,True,False,False,False,False,False
0.28000000000000003,500,192,1.6910381926129305,0.050000000000000003,0.90000000000000002,0.95000000000000007,False,True,False,False,False,False
0.28000000000000003,500,193,0.028698702268864455,0.185361,0.75460799999999995,0.93996899999999994,True,False,False,False,True,False
0.28000000000000003,500,194,0.012625057087600198,0.060439,0.86067099999999996,0.92110999999999998,True,False,False,False,True,False
0.28000000000000003,500,195,0.03652207986831861,0.26971499999999998,0.68893800000000005,0.95865299999999998,True,False,False,False,False,False
0.28000000000000003,500,196,0.011754485397672614,0.169404,0.77418500000000001,0.94358900000000001,True,False,False,False,False,True
0.28000000000000003,500,197,0.010096688075073369,0.19179599999999999,0.791682,0.98347799999999996,True,False,False,False,False,False
0.28000000000000003,500,198,0.012690781419714942,0.181033,0.81390099999999999,0.99493399999999999,True,False,False,False,False,False
0.28000000000000003,500,199,0.0093299303314803364,0.21685399999999999,0.76831199999999999,0.98516599999999999,True,False,False,False,False,True
0.28000000000000003,1000,0,0.012512864910576231,0.23569200000000001,0.73404100000000005,0.96973300000000007,True,False,False,False,False,False
0.28000000000000003,1000,1,0.013392831303871044,0.20694599999999999,0.76113200000000003,0.96807799999999999,True,False,False,False,False,False
0.28000000000000003,1000,2,0.013247043379176876,0.21823799999999999,0.77352100000000001,0.99175900000000006,True,False,False,False,False,False
0.28000000000000003,1000,3,0.012666883235399759,0.242872,0.74387400000000004,0.98674600000000001,True,False,False,False,False,False
0.28000000000000003,1000,4,0.010106721890623843,0.19093199999999999,0.77052100000000001,0.961453,True,False,False,False,False,False
0.28000000000000003,1000,5,0.010276024451846879,0.18202699999999999,0.80018599999999995,0.982213,True,False,False,False,False,False
0.28000000000000003,1000,6,0.011095056211888247,0.172071,0.79760699999999995,0.96967799999999993,True,False,False,False,False,True
0.28000000000000003,1000,7,0.012957606602471698,0.223329,0.75539699999999999,0.97872599999999998,True,False,False,False,False,True
0.28000000000000003,1000,8,0.010135944233380378,0.18907599999999999,0.80091500000000004,0.98999100000000007,True,False,False,False,False,False
0.28000000000000003,1000,9,0.014195486888676551,0.14579300000000001,0.79360799999999998,0.93940099999999993,True,False,False,False,False,False
0.28000000000000003,1000,10,0.01230585210934142,0.22792299999999999,0.754695,0.98261799999999999,True,False,False,False,False,False
0.28000000000000003,1000,11,0.01623404014968859,0.210675,0.76757600000000004,0.97825099999999998,True,False,False,False,False,False
0.28000000000000003,1000,12,0.013143154996329049,0.210923,0.75160300000000002,0.96252599999999999,True,False,False,False,False,False
0.28000000000000003,1000,13,0.022133550209206859,0.19345799999999999,0.72855400000000003,0.92201200000000005,True,False,False,False,False,False
0.28000000000000003,1000,14,0.011362515395647923,0.22566800000000001,0.75571900000000003,0.98138700000000001,True,False,False,False,False,False
0.28000000000000003,1000,15,0.01292861814983381,0.29384900000000003,0.69619699999999995,0.99004599999999998,True,False,False,False,False,False
0.28000000000000003,1000,16,0.017746142939693784,0.23471500000000001,0.72318199999999999,0.957897,True,False,False,False,False,True
0.28000000000000003,1000,17,0.020654321241616126,0.22292200000000001,0.70832399999999995,0.93124600000000002,True,False,False,False,False,False
0.28000000000000003,1000,18,0.017161074803978885,0.24556,0.74104300000000001,0.98660300000000001,True,False,False,False,False,True
0.28000000000000003,1000,19,0.01081026839520929,0.23722099999999999,0.75470499999999996,0.99192599999999997,True,False,False,False,False,False
0.28000000000000003,1000,20,0.012735977461090129,0.22212499999999999,0.75330900000000001,0.97543400000000002,True,False,False,False,False,True
0.28000000000000003,1000,21,0.019459542038205695,0.22328899999999999,0.726962,0.95025099999999996,True,False,False,False,False,False
0.28000000000000003,1000,22,0.010721268667075229,0.16431699999999999,0.81254999999999999,0.97686699999999993,True,False,False,False,False,False
0.28000000000000003,1000,23,0.014059280614698359,0.21820100000000001,0.77710699999999999,0.99530799999999997,True,False,False,False,False,False
0.28000000000000003,1000,24,0.010348664698319146,0.140403,0.82283300000000004,0.96323599999999998,True,False,False,False,False,False
0.28000000000000003,1000,25,0.0084029605530012985,0.22300400000000001,0.76144699999999998,0.98445099999999996,True,False,False,False,False,False
0.28000000000000003,1000,26,0.01367278579866784,0.21376999999999999,0.76256000000000002,0.97633000000000003,True,False,False,False,False,False
0.28000000000000003,1000,27,0.013897844186119208,0.172565,0.78948499999999999,0.96204999999999996,True,False,False,False,False,False
0.28000000000000003,1000,28,0.0286836984023713,0.23982700000000001,0.73202599999999995,0.97185299999999997,True,False,False,False,False,False
0.28000000000000003,1000,29,0.013935875814257081,0.18717800000000001,0.778173,0.96535100000000007,True,False,False,False,False,False
0.28000000000000003,1000,30,0.0096431592070148533,0.11898499999999999,0.83462400000000003,0.95360900000000004,True,False,False,False,False,False
0.28000000000000003,1000,31,0.0092154021463684219,0.159498,0.817963,0.97746100000000002,True,False,False,False,False,False
0.28000000000000003,1000,32,0.0090783947496737901,0.166798,0.79956899999999997,0.96636699999999998,True,False,False,False,False,False
0.28000000000000003,1000,33,0.028416449793281843,0.182417,0.75238099999999997,0.93479800000000002,True,False,False,False,False,False
0.28000000000000003,1000,34,0.011500358851514165,0.20216799999999999,0.78832800000000003,0.99049600000000004,True,False,False,False,False,False
0.28000000000000003,1000,35,0.0087927022784424855,0.211785,0.782138,0.993923,True,False,False,False,False,False
0.28000000000000003,1000,36,0.0075855849608796747,0.19128600000000001,0.77885499999999996,0.97014099999999992,True,False,False,False,False,False
0.28000000000000003,1000,37,0.01508524202475358,0.242372,0.70838999999999996,0.950762,True,False,False,False,False,False
0.28000000000000003,1000,38,11.598781161880726,0.050000000000000003,0.90000000000000002,0.95000000000000007,False,True,False,False,False,False
0.28000000000000003,1000,39,0.018697017089149282,0.241064,0.69796000000000002,0.93902400000000008,True,False,False,False,False,False
0.28000000000000003,1000,40,0.014445636598992619,0.21249599999999999,0.75042799999999998,0.962924,True,False,False,False,False,False
0.28000000000000003,1000,41,0.017932517164412898,0.22451299999999999,0.77310900000000005,0.99762200000000001,True,False,False,False,False,True
0.28000000000000003,1000,42,0.0074423537884079124,0.19745299999999999,0.78000100000000006,0.97745400000000005,True,False,False,False,False,False
0.28000000000000003,1000,43,0.010038115443262293,0.25081500000000001,0.73605500000000001,0.98687000000000002,True,False,False,False,False,False
0.28000000000000003,1000,44,0.011097844024735548,0.19170899999999999,0.79346700000000003,0.98517600000000005,True,False,False,False,False,True
0.28000000000000003,1000,45,0.0091633965767317204,0.19659599999999999,0.78297300000000003,0.97956900000000002,True,False,False,False,True,True
0.28000000000000003,1000,46,0.016162812183045817,0.20988499999999999,0.73273600000000005,0.94262100000000004,True,False,False,False,False,False
0.28000000000000003,1000,47,0.012311963791181702,0.153971,0.79735999999999996,0.95133099999999993,True,False,False,False,False,True
0.28000000000000003,1000,48,0.010919353456971006,0.15715499999999999,0.79941499999999999,0.95656999999999992,True,False,False,False,False,False
0.28000000000000003,1000,49,0.008549956763195558,0.144506,0.81834099999999999,0.96284700000000001,True,False,False,False,False,False
0.28000000000000003,1000,50,0.013130015791327786,0.25115999999999999,0.70760199999999995,0.95876199999999989,True,False,False,False,False,False
0.28000000000000003,1000,51,0.00933676974215868,0.128468,0.81446099999999999,0.94292900000000002,True,False,False,False,False,False
0.28000000000000003,1000,52,0.015080046858221563,0.18781900000000001,0.74637799999999999,0.93419699999999994,True,False,False,False,False,False
0.28000000000000003,1000,53,0.011147553739756082,0.113388,0.84625499999999998,0.95964300000000002,True,False,False,False,False,False
0.28000000000000003,1000,54,0.012749172582785559,0.24454000000000001,0.75310500000000002,0.997645,True,False,False,False,False,False
0.28000000000000003,1000,55,0.013179142003289431,0.25625599999999998,0.726298,0.98255399999999993,True,False,False,False,False,False
0.28000000000000003,1000,56,0.029825998970999194,0.25034099999999998,0.62556199999999995,0.87590299999999988,True,False,False,False,False,False
0.28000000000000003,1000,57,0.0090976602524499538,0.23191800000000001,0.76191399999999998,0.99383200000000005,True,False,False,False,False,True
0.28000000000000003,1000,58,0.0097324985698265584,0.25995299999999999,0.72293600000000002,0.98288900000000001,True,False,False,False,False,False
0.28000000000000003,1000,59,0.01366625800238176,0.16859499999999999,0.79114600000000002,0.95974099999999996,True,False,False,False,False,False
0.28000000000000003,1000,60,0.0091290982216773488,0.21810299999999999,0.78089699999999995,0.99899999999999989,True,False,False,False,False,False
0.28000000000000003,1000,61,0.012168593022222672,0.11285000000000001,0.812971,0.92582100000000001,True,False,False,False,False,False
0.28000000000000003,1000,62,0.012710419078222721,0.11608599999999999,0.83304299999999998,0.949129,True,False,False,False,True,False
0.28000000000000003,1000,63,0.010095864468563353,0.17101,0.80407700000000004,0.97508700000000004,True,False,False,False,False,False
0.28000000000000003,1000,64,0.0090792871908861195,0.18556500000000001,0.786076,0.97164099999999998,True,False,False,False,False,False
0.28000000000000003,1000,65,0.009661770836318806,0.17372699999999999,0.80166499999999996,0.97539199999999993,True,False,False,False,False,False
0.28000000000000003,1000,66,0.011268733334336822,0.22717399999999999,0.76157399999999997,0.98874799999999996,True,False,False,False,False,False
0.28000000000000003,1000,67,0.013153438112401491,0.20136000000000001,0.774953,0.97631299999999999,True,False,False,False,False,False
0.28000000000000003,1000,68,0.012780429621687654,0.23020399999999999,0.75187400000000004,0.98207800000000001,True,False,False,False,False,True
0.28000000000000003,1000,69,0.0074503286928062481,0.11089,0.84763699999999997,0.95852700000000002,True,False,False,False,False,False
0.28000000000000003,1000,70,0.014416808394341932,0.18062900000000001,0.77755700000000005,0.95818600000000009,True,False,False,False,True,False
0.28000000000000003,1000,71,0.010745497970037416,0.18495300000000001,0.79275899999999999,0.97771200000000003,True,False,False,False,False,True
0.28000000000000003,1000,72,0.012997530935947431,0.20726,0.77784200000000003,0.98510200000000003,True,False,False,False,False,False
0.28000000000000003,1000,73,0.0092083769756777772,0.175704,0.79894200000000004,0.97464600000000001,True,False,False,False,False,False
0.28000000000000003,1000,74,0.010629996554540656,0.227686,0.76304499999999997,0.99073100000000003,True,False,False,False,False,False
0.28000000000000003,1000,75,0.013726816094332468,0.174063,0.78693900000000006,0.96100200000000002,True,False,False,False,False,False
0.28000000000000003,1000,76,0.015691949643418739,0.13705500000000001,0.77563099999999996,0.912686,True,False,False,False,False,False
0.28000000000000003,1000,77,0.021375816427089172,0.21892,0.75548899999999997,0.97440899999999997,True,False,False,False,False,False
0.28000000000000003,1000,78,0.011075876341842844,0.21535699999999999,0.75881799999999999,0.97417500000000001,True,False,False,False,False,False
0.28000000000000003,1000,79,0.0077661220994659731,0.22559299999999999,0.76712400000000003,0.99271700000000007,True,False,False,False,False,True
0.28000000000000003,1000,80,0.011392404930150339,0.17288500000000001,0.79731600000000002,0.97020100000000009,True,False,False,False,False,False
0.28000000000000003,1000,81,0.0079881697764960253,0.192301,0.79772699999999996,0.99002799999999991,True,False,False,False,False,False
0.28000000000000003,1000,82,0.016566265741586053,0.22925999999999999,0.70911000000000002,0.93837000000000004,True,False,False,False,False,False
0.28000000000000003,1000,83,0.010357207833662981,0.17485500000000001,0.77857200000000004,0.95342700000000002,True,False,False,False,False,False
0.28000000000000003,1000,84,0.010428938688128109,0.24055099999999999,0.75769200000000003,0.99824299999999999,True,False,False,False,False,False
0.28000000000000003,1000,85,0.015134097362364591,0.21724599999999999,0.75452200000000003,0.97176799999999997,True,False,False,False,False,False
0.28000000000000003,1000,86,0.0081143210813572463,0.16058600000000001,0.81147000000000002,0.97205600000000003,True,False,False,False,False,False
0.28000000000000003,1000,87,0.015998082637817032,0.19661200000000001,0.724657,0.921269,True,False,False,False,False,False
0.28000000000000003,1000,88,0.019382003958136523,0.196876,0.72866299999999995,0.92553899999999989,True,False,False,False,False,False
0.28000000000000003,1000,89,0.011691802676890026,0.19240199999999999,0.77949900000000005,0.97190100000000001,True,False,False,False,False,False
0.28000000000000003,1000,90,0.014327189895562437,0.236426,0.741838,0.97826400000000002,True,False,False,False,False,True
0.28000000000000003,1000,91,0.011818632002505196,0.14626400000000001,0.80535100000000004,0.9516150000000001,True,False,False,False,False,False
0.28000000000000003,1000,92,0.018902980155903717,0.237897,0.70611800000000002,0.94401500000000005,True,False,False,False,False,False
0.28000000000000003,1000,93,0.0095897665589467739,0.217195,0.72948599999999997,0.94668099999999999,True,False,False,False,False,False
0.28000000000000003,1000,94,0.019905804780622205,0.21138499999999999,0.73843300000000001,0.94981800000000005,True,False,False,False,False,False
0.28000000000000003,1000,95,0.016202442292076086,0.22825200000000001,0.74884200000000001,0.97709400000000002,True,False,False,False,False,False
0.28000000000000003,1000,96,0.0092767449780855969,0.18218500000000001,0.79142199999999996,0.973607,True,False,False,False,False,False
0.28000000000000003,1000,97,0.011588434054488906,0.176175,0.77199399999999996,0.94816899999999993,True,False,False,False,False,False
0.28000000000000003,1000,98,0.0090630722843865735,0.193462,0.78930400000000001,0.98276600000000003,True,False,False,False,False,False
0.28000000000000003,1000,99,0.013097468401584903,0.24193100000000001,0.74654500000000001,0.98847600000000002,True,False,False,False,False,False
0.28000000000000003,1000,100,0.0080897455279941646,0.189029,0.79864100000000005,0.98767000000000005,True,False,False,False,False,False
0.28000000000000003,1000,101,0.015872688583970975,0.25800299999999998,0.74086099999999999,0.99886399999999997,True,False,False,False,False,False
0.28000000000000003,1000,102,0.0046299519683062514,0.123364,0.85967400000000005,0.98303800000000008,True,False,False,False,False,False
0.28000000000000003,1000,103,0.010750502546719918,0.19200999999999999,0.77760799999999997,0.96961799999999998,True,False,False,False,False,False
0.28000000000000003,1000,104,0.0092455560402819395,0.20374999999999999,0.78086800000000001,0.98461799999999999,True,False,False,False,False,False
0.28000000000000003,1000,105,0.014018172298019941,0.20741899999999999,0.77658499999999997,0.98400399999999999,True,False,False,False,False,False
0.28000000000000003,1000,106,0.0068500798796181425,0.202767,0.78552299999999997,0.98829,True,False,False,False,False,False
0.28000000000000003,1000,107,0.011941898734706042,0.18631300000000001,0.77378800000000003,0.96010100000000009,True,False,False,False,False,False
0.28000000000000003,1000,108,0.010325050346253547,0.17680599999999999,0.805427,0.98223300000000002,True,False,False,False,False,False
0.28000000000000003,1000,109,0.010332075110253965,0.21806800000000001,0.77560700000000005,0.99367500000000009,True,False,False,False,False,False
0.28000000000000003,1000,110,0.019542732488369071,0.27048,0.68676700000000002,0.95724699999999996,True,False,False,False,False,False
0.28000000000000003,1000,111,0.016691618988467376,0.18814,0.75557300000000005,0.94371300000000002,True,False,False,False,False,False
0.28000000000000003,1000,112,0.022581318101777298,0.185894,0.71119100000000002,0.89708500000000002,True,False,False,False,False,False
0.28000000000000003,1000,113,0.012678830214218428,0.19367599999999999,0.77854800000000002,0.97222399999999998,True,False,False,False,False,False
0.28000000000000003,1000,114,0.010515311056539672,0.12281599999999999,0.82733199999999996,0.95014799999999999,True,False,False,False,False,False
0.28000000000000003,1000,115,0.008183155138461037,0.20563899999999999,0.78346499999999997,0.98910399999999998,True,False,False,False,False,False
0.28000000000000003,1000,116,0.014733266382131141,0.21321699999999999,0.75526300000000002,0.96848000000000001,True,False,False,False,False,False
0.28000000000000003,1000,117,0.014885610746255898,0.25473899999999999,0.72437700000000005,0.9791160000000001,True,False,False,False,True,False
0.28000000000000003,1000,118,0.013831884576612195,0.19866700000000001,0.753386,0.95205300000000004,True,False,False,False,False,False
0.28000000000000003,1000,119,0.014303048959220428,0.25143300000000002,0.73695999999999995,0.98839299999999997,True,False,False,False,False,False
0.28000000000000003,1000,120,0.012404038998931725,0.15287200000000001,0.80117899999999997,0.95405099999999998,True,False,False,False,False,False
0.28000000000000003,1000,121,0.011932300322301012,0.23687900000000001,0.72290699999999997,0.95978600000000003,True,False,False,False,False,False
0.28000000000000003,1000,122,0.013553308532988169,0.251581,0.73268999999999995,0.9842709999999999,True,False,False,False,False,False
0.28000000000000003,1000,123,0.0074598918942390541,0.121346,0.84402600000000005,0.96537200000000001,True,False,False,False,False,False
0.28000000000000003,1000,124,0.0087556889982443268,0.17832400000000001,0.79394399999999998,0.97226800000000002,True,False,False,False,False,False
0.28000000000000003,1000,125,0.0091141374077566926,0.200465,0.78662200000000004,0.98708700000000005,True,False,False,False,False,False
0.28000000000000003,1000,126,0.0085210155771745632,0.14144899999999999,0.823967,0.96541600000000005,True,False,False,False,False,False
0.28000000000000003,1000,127,0.011762270658611717,0.149009,0.81512099999999998,0.96412999999999993,True,False,False,False,False,False
0.28000000000000003,1000,128,0.018007615248109461,0.201847,0.76301399999999997,0.96486099999999997,True,False,False,False,False,False
0.28000000000000003,1000,129,0.012213002255437514,0.22058700000000001,0.77744000000000002,0.998027,True,False,False,False,False,False
0.28000000000000003,1000,130,0.0084728081448052755,0.212447,0.76811300000000005,0.9805600000000001,True,False,False,False,False,False
0.28000000000000003,1000,131,0.014602331950207029,0.237288,0.731765,0.96905299999999994,True,False,False,False,False,False
0.28000000000000003,1000,132,0.0075591866692479642,0.123769,0.83825300000000003,0.96202200000000004,True,False,False,False,False,False
0.28000000000000003,1000,133,0.0088029491408798365,0.23474700000000001,0.75765199999999999,0.99239900000000003,True,False,False,False,False,False
0.28000000000000003,1000,134,0.015441643486403667,0.23035900000000001,0.73993399999999998,0.97029299999999996,True,False,False,False,False,False
0.28000000000000003,1000,135,0.02032208385462311,0.198766,0.72624900000000003,0.92501500000000003,True,False,False,False,False,True
0.28000000000000003,1000,136,0.018556744240458181,0.20744199999999999,0.76542100000000002,0.97286300000000003,True,False,False,False,False,False
0.28000000000000003,1000,137,0.013231065630915752,0.167902,0.76007100000000005,0.92797300000000005,True,False,False,False,False,False
0.28000000000000003,1000,138,0.019785454560025693,0.255216,0.69688899999999998,0.95210499999999998,True,False,False,False,False,False
0.28000000000000003,1000,139,0.011168246735563712,0.21410999999999999,0.76701399999999997,0.981124,True,False,False,False,False,False
0.28000000000000003,1000,140,0.027669755771319336,0.21885399999999999,0.68831799999999999,0.90717199999999998,True,False,False,False,False,False
0.28000000000000003,1000,141,0.010299914966965782,0.121757,0.83322399999999996,0.95498099999999997,True,False,False,False,True,False
0.28000000000000003,1000,142,0.0075098651675915796,0.15188199999999999,0.82721699999999998,0.97909899999999994,True,False,False,False,False,False
0.28000000000000003,1000,143,0.008968915832156716,0.176506,0.79516799999999999,0.97167399999999993,True,False,False,False,False,False
0.28000000000000003,1000,144,0.021264489448533135,0.21901100000000001,0.76797199999999999,0.98698299999999994,True,False,False,False,False,False
0.28000000000000003,1000,145,0.01881043089329892,0.13877300000000001,0.78607499999999997,0.924848,True,False,False,False,False,False
0.28000000000000003,1000,146,0.0058336800639215078,0.17843800000000001,0.81098199999999998,0.98941999999999997,True,False,False,False,False,True
0.28000000000000003,1000,147,0.0087714131535743031,0.20485700000000001,0.78049800000000003,0.98535499999999998,True,False,False,False,False,True
0.28000000000000003,1000,148,0.014064383233445643,0.25294100000000003,0.74160700000000002,0.99454799999999999,True,False,False,False,False,False
0.28000000000000003,1000,149,0.01169134163599757,0.18868199999999999,0.79231200000000002,0.98099400000000003,True,False,False,False,False,False
0.28000000000000003,1000,150,0.011974426168183897,0.25978600000000002,0.737923,0.99770899999999996,True,False,False,False,False,False
0.28000000000000003,1000,151,0.02450767462314014,0.20536699999999999,0.72714100000000004,0.932508,True,False,False,False,False,False
0.28000000000000003,1000,152,0.015703023338077358,0.23979500000000001,0.72522299999999995,0.96501799999999993,True,False,False,False,False,False
0.28000000000000003,1000,153,0.026705784735058944,0.29919699999999999,0.683894,0.98309099999999994,True,False,False,False,False,False
0.28000000000000003,1000,154,0.011337580738887479,0.207098,0.75307400000000002,0.96017200000000003,True,False,False,False,False,False
0.28000000000000003,1000,155,0.010302243044356472,0.17225599999999999,0.78863099999999997,0.96088699999999994,True,False,False,False,False,False
0.28000000000000003,1000,156,0.013507809688655587,0.24496899999999999,0.74291799999999997,0.98788699999999996,True,False,False,False,False,False
0.28000000000000003,1000,157,0.0083078325609460286,0.18582499999999999,0.804817,0.99064200000000002,True,False,False,False,False,False
0.28000000000000003,1000,158,0.0082934710199136976,0.168182,0.81023000000000001,0.97841200000000006,True,False,False,False,False,False
0.28000000000000003,1000,159,0.01545299460897615,0.236037,0.70720799999999995,0.94324499999999989,True,False,False,False,False,False
0.28000000000000003,1000,160,0.0099487986579662267,0.21016399999999999,0.76752500000000001,0.97768900000000003,True,False,False,False,False,False
0.28000000000000003,1000,161,0.0073818846031133006,0.212806,0.77478000000000002,0.98758600000000007,True,False,False,False,True,False
0.28000000000000003,1000,162,0.024095968585306753,0.169348,0.75368199999999996,0.92303000000000002,True,False,False,False,False,True
0.28000000000000003,1000,163,0.012230899653703976,0.17211199999999999,0.78647900000000004,0.95859099999999997,True,False,False,False,False,True
0.28000000000000003,1000,164,0.01734069260598527,0.20968999999999999,0.76537100000000002,0.97506099999999996,True,False,False,False,False,False
0.28000000000000003,1000,165,0.013115386590300343,0.214917,0.75087000000000004,0.96578700000000006,True,False,False,False,False,False
0.28000000000000003,1000,166,0.011264029005537789,0.162443,0.78830800000000001,0.95075100000000001,True,False,False,False,False,False
0.28000000000000003,1000,167,0.0090723728040282958,0.144978,0.81138999999999994,0.95636799999999988,True,False,False,False,False,True
0.28000000000000003,1000,168,0.013733943483123684,0.168599,0.79674500000000004,0.96534399999999998,True,False,False,False,False,False
0.28000000000000003,1000,169,0.013454166094573386,0.169992,0.76750600000000002,0.93749800000000005,True,False,False,False,False,False
0.28000000000000003,1000,170,0.011177497553526329,0.172789,0.79780600000000002,0.97059499999999999,True,False,False,False,False,False
0.28000000000000003,1000,171,0.011737325569747343,0.084558999999999995,0.85555999999999999,0.94011899999999993,True,False,False,False,False,False
0.28000000000000003,1000,172,0.011000588700605727,0.193047,0.79862100000000003,0.99166799999999999,True,False,False,False,False,False
0.28000000000000003,1000,173,0.01632743715797735,0.22243299999999999,0.73149600000000004,0.95392900000000003,True,False,False,False,False,False
0.28000000000000003,1000,174,0.015665591143465864,0.208866,0.76253499999999996,0.97140099999999996,True,False,False,False,False,False
0.28000000000000003,1000,175,0.010342652684226267,0.19406000000000001,0.77315699999999998,0.96721699999999999,True,False,False,False,False,False
0.28000000000000003,1000,176,0.011984766588535551,0.20940700000000001,0.78724000000000005,0.99664700000000006,True,False,False,False,False,True
0.28000000000000003,1000,177,0.010047503152265163,0.201542,0.77836399999999994,0.97990599999999994,True,False,False,False,False,False
0.28000000000000003,1000,178,0.010823786529194532,0.15101000000000001,0.81906599999999996,0.97007599999999994,True,False,False,False,False,False
0.28000000000000003,1000,179,0.013200867994651736,0.190605,0.76929099999999995,0.95989599999999997,True,False,False,False,False,False
0.28000000000000003,1000,180,0.011181266463991915,0.199762,0.78133399999999997,0.98109599999999997,True,False,False,False,False,False
0.28000000000000003,1000,181,0.017887270428425906,0.26887,0.71665699999999999,0.98552700000000004,True,False,False,False,False,False
0.28000000000000003,1000,182,0.018441695943404689,0.31489200000000001,0.66234800000000005,0.97724000000000011,True,False,False,False,False,False
0.28000000000000003,1000,183,0.016751359294023101,0.28899200000000003,0.70150800000000002,0.99050000000000005,True,False,False,False,False,False
0.28000000000000003,1000,184,0.0090558827042766712,0.21987400000000001,0.75757200000000002,0.97744600000000004,True,False,False,False,True,False
0.28000000000000003,1000,185,0.030226990788740162,0.25599699999999997,0.66040299999999996,0.91639999999999988,True,False,False,False,False,False
0.28000000000000003,1000,186,0.021622369963422483,0.27768300000000001,0.64223300000000005,0.91991600000000007,True,False,False,False,False,False
0.28000000000000003,1000,187,0.024280330157719875,0.199902,0.74794799999999995,0.94784999999999997,True,False,False,False,False,False
0.28000000000000003,1000,188,0.019110302442555974,0.24083599999999999,0.70228400000000002,0.94311999999999996,True,False,False,False,False,False
0.28000000000000003,1000,189,0.020844875590773557,0.174847,0.73279499999999997,0.90764199999999995,True,False,False,False,False,False
0.28000000000000003,1000,190,0.030004644714473779,0.27553899999999998,0.66227100000000005,0.93781000000000003,True,False,False,False,False,False
0.28000000000000003,1000,191,0.0098578066434405285,0.15180399999999999,0.82037700000000002,0.97218099999999996,True,False,False,False,False,False
0.28000000000000003,1000,192,0.016979923949753215,0.32796399999999998,0.67103599999999997,0.99899999999999989,True,False,False,False,False,False
0.28000000000000003,1000,193,0.012692152036687639,0.17000199999999999,0.80247599999999997,0.97247799999999995,True,False,False,False,True,False
0.28000000000000003,1000,194,0.015938611978236039,0.232708,0.71311800000000003,0.94582600000000006,True,False,False,False,False,False
0.28000000000000003,1000,195,0.016009383802800405,0.195882,0.79422199999999998,0.99010399999999998,True,False,False,False,False,False
0.28000000000000003,1000,196,0.012838414888530103,0.26150800000000002,0.70497399999999999,0.96648200000000006,True,False,False,False,False,False
0.28000000000000003,1000,197,0.012584899266817797,0.22413,0.74871500000000002,0.97284499999999996,True,False,False,False,False,False
0.28000000000000003,1000,198,0.0093124346985595397,0.169932,0.82391899999999996,0.99385099999999993,True,False,False,False,False,False
0.28000000000000003,1000,199,0.016076990445327739,0.25653599999999999,0.70444600000000002,0.960982,True,False,False,False,False,True
0.28000000000000003,2000,0,0.010689946920147766,0.20552300000000001,0.77069500000000002,0.97621800000000003,True,False,False,False,False,False
0.28000000000000003,2000,1,0.011263805649752504,0.19209100000000001,0.78279299999999996,0.97488399999999997,True,False,False,False,False,False
0.28000000000000003,2000,2,0.0087840296087408638,0.19969999999999999,0.79243600000000003,0.99213600000000002,True,False,False,False,False,False
0.28000000000000003,2000,3,0.013559318035958315,0.21671099999999999,0.76316099999999998,0.97987199999999997,True,False,False,False,False,False
0.28000000000000003,2000,4,0.014723428112149618,0.185615,0.75930900000000001,0.94492399999999999,True,False,False,False,False,False
0.28000000000000003,2000,5,0.011538894267661701,0.22495799999999999,0.77129599999999998,0.99625399999999997,True,False,False,False,False,False
0.28000000000000003,2000,6,0.011981270509657662,0.18121799999999999,0.77527599999999997,0.95649399999999996,True,False,False,False,False,True
0.28000000000000003,2000,7,0.0091313159935652328,0.210227,0.78058000000000005,0.99080699999999999,True,False,False,False,False,False
0.28000000000000003,2000,8,0.010623627153199552,0.22545699999999999,0.76149,0.98694700000000002,True,False,False,False,False,False
0.28000000000000003,2000,9,0.013247715593703878,0.140843,0.79869299999999999,0.93953599999999993,True,False,False,False,False,False
0.28000000000000003,2000,10,0.01205306900699807,0.23158500000000001,0.75173699999999999,0.98332200000000003,True,False,False,False,False,False
0.28000000000000003,2000,11,0.01056971833628737,0.19944400000000001,0.78104200000000001,0.98048599999999997,True,False,False,False,False,False
0.28000000000000003,2000,12,0.015730255909052478,0.24693300000000001,0.72202200000000005,0.96895500000000001,True,False,False,False,False,False
0.28000000000000003,2000,13,0.018848625530755125,0.18051900000000001,0.75447500000000001,0.93499399999999999,True,False,False,False,False,False
0.28000000000000003,2000,14,0.01463261225738486,0.255826,0.72697400000000001,0.98280000000000001,True,False,False,False,False,False
0.28000000000000003,2000,15,0.015578850224479336,0.29287000000000002,0.68932700000000002,0.98219699999999999,True,False,False,False,False,False
0.28000000000000003,2000,16,0.017159686009064732,0.263291,0.69006100000000004,0.95335199999999998,True,False,False,False,False,True
0.28000000000000003,2000,17,0.014300218830466695,0.233788,0.74139999999999995,0.97518799999999994,True,False,False,False,False,False
0.28000000000000003,2000,18,0.018688171333136383,0.24024699999999999,0.74007900000000004,0.98032600000000003,True,False,False,False,False,False
0.28000000000000003,2000,19,0.013853628663992023,0.24610299999999999,0.73715200000000003,0.98325499999999999,True,False,False,False,False,False
0.28000000000000003,2000,20,0.01367630248258694,0.20783699999999999,0.76217900000000005,0.97001599999999999,True,False,False,False,False,True
0.28000000000000003,2000,21,0.016472380862355061,0.19941500000000001,0.75525100000000001,0.95466600000000001,True,False,False,False,False,False
0.28000000000000003,2000,22,0.012106127317417245,0.175263,0.79193400000000003,0.96719700000000008,True,False,False,False,False,False
0.28000000000000003,2000,23,0.014073357843363107,0.22480600000000001,0.76690800000000003,0.99171399999999998,True,False,False,False,False,False
0.28000000000000003,2000,24,0.0095936391639856039,0.169214,0.80173000000000005,0.97094400000000003,True,False,False,False,False,False
0.28000000000000003,2000,25,0.0072851785582992278,0.18814700000000001,0.79864800000000002,0.98679500000000009,True,False,False,False,False,False
0.28000000000000003,2000,26,0.014217242191061035,0.218885,0.76274200000000003,0.98162700000000003,True,False,False,False,False,False
0.28000000000000003,2000,27,0.011013539673446072,0.16469300000000001,0.80112099999999997,0.96581399999999995,True,False,False,False,False,False
0.28000000000000003,2000,28,0.012289385941122062,0.194271,0.78583199999999997,0.98010299999999995,True,False,False,False,False,False
0.28000000000000003,2000,29,0.011683031426703678,0.20375199999999999,0.77429599999999998,0.97804800000000003,True,False,False,False,False,False
0.28000000000000003,2000,30,0.011320434521507893,0.232873,0.76410999999999996,0.99698299999999995,True,False,False,False,False,False
0.28000000000000003,2000,31,0.015572077140132494,0.16734099999999999,0.78307199999999999,0.95041299999999995,True,False,False,False,False,False
0.28000000000000003,2000,32,0.0057180183287506778,0.15956600000000001,0.83386800000000005,0.99343400000000004,True,False,False,False,False,False
0.28000000000000003,2000,33,0.014762396570450026,0.16788400000000001,0.79220599999999997,0.96009,True,False,False,False,False,False
0.28000000000000003,2000,34,0.010942060884917991,0.22514100000000001,0.76120500000000002,0.98634600000000006,True,False,False,False,False,False
0.28000000000000003,2000,35,0.011408249805150331,0.24118400000000001,0.75201200000000001,0.99319599999999997,True,False,False,False,False,False
0.28000000000000003,2000,36,0.011209443027886623,0.17890600000000001,0.77792399999999995,0.95682999999999996,True,False,False,False,False,False
0.28000000000000003,2000,37,0.012138381763821742,0.20565800000000001,0.76209899999999997,0.96775699999999998,True,False,False,False,False,False
0.28000000000000003,2000,38,0.61537844488843807,0.49709700000000001,0.49761100000000003,0.99470800000000004,True,False,False,False,False,False
0.28000000000000003,2000,39,0.019518491998233408,0.22072700000000001,0.73410900000000001,0.95483600000000002,True,False,False,False,True,False
0.28000000000000003,2000,40,0.014545764564833027,0.27153699999999997,0.72700500000000001,0.99854200000000004,True,False,False,False,False,False
0.28000000000000003,2000,41,0.012668164279195046,0.220553,0.77657699999999996,0.99712999999999996,True,False,False,False,False,True
0.28000000000000003,2000,42,0.01009874357314507,0.19914000000000001,0.767513,0.96665299999999998,True,False,False,False,False,False
0.28000000000000003,2000,43,0.0098895814832800528,0.21842700000000001,0.76624400000000004,0.98467100000000007,True,False,False,False,False,False
0.28000000000000003,2000,44,0.010438139557510686,0.177533,0.80037599999999998,0.97790899999999992,True,False,False,False,False,True
0.28000000000000003,2000,45,0.011052948176117433,0.193354,0.78224899999999997,0.975603,True,False,False,False,False,True
0.28000000000000003,2000,46,0.016347387026100946,0.17761199999999999,0.764436,0.942048,True,False,False,False,False,False
0.28000000000000003,2000,47,0.010638730766062079,0.145289,0.80541200000000002,0.95070100000000002,True,False,False,False,False,True
0.28000000000000003,2000,48,0.015168685772212444,0.193051,0.75500199999999995,0.94805299999999992,True,False,False,False,False,False
0.28000000000000003,2000,49,0.010837713652411884,0.160854,0.79116299999999995,0.95201699999999989,True,False,False,False,False,False
0.28000000000000003,2000,50,0.010575243685151649,0.21625900000000001,0.762243,0.97850199999999998,True,False,False,False,False,False
0.28000000000000003,2000,51,0.010502766620705558,0.21456700000000001,0.76536400000000004,0.97993100000000011,True,False,False,False,False,False
0.28000000000000003,2000,52,0.014696931560105292,0.209699,0.76495899999999994,0.97465799999999991,True,False,False,False,False,False
0.28000000000000003,2000,53,0.012817560012798285,0.17452000000000001,0.79403900000000005,0.96855900000000006,True,False,False,False,False,False
0.28000000000000003,2000,54,0.010963898397070199,0.24136299999999999,0.75519199999999997,0.99655499999999997,True,False,False,False,False,False
0.28000000000000003,2000,55,0.012870698264003735,0.22824900000000001,0.74761900000000003,0.97586800000000007,True,False,False,False,False,False
0.28000000000000003,2000,56,0.013488578451847604,0.23713400000000001,0.75035200000000002,0.98748600000000009,True,False,False,False,False,False
0.28000000000000003,2000,57,0.0087666954773647551,0.219578,0.77375700000000003,0.99333500000000008,True,False,False,False,False,True
0.28000000000000003,2000,58,0.012933512901167924,0.237397,0.73841400000000001,0.97581099999999998,True,False,False,False,False,False
0.28000000000000003,2000,59,0.015193555017964508,0.16555700000000001,0.79256000000000004,0.95811700000000011,True,False,False,False,False,False
0.28000000000000003,2000,60,0.0085957093910858512,0.22451599999999999,0.77370000000000005,0.99821599999999999,True,False,False,False,False,False
0.28000000000000003,2000,61,0.0084473382024255386,0.20538100000000001,0.78253099999999998,0.98791200000000001,True,False,False,False,False,False
0.28000000000000003,2000,62,0.010646043609860488,0.178485,0.79892700000000005,0.97741200000000006,True,False,False,False,False,False
0.28000000000000003,2000,63,0.0097261380309947316,0.19694800000000001,0.77750300000000006,0.97445100000000007,True,False,False,False,False,False
0.28000000000000003,2000,64,0.011262495551887868,0.20025599999999999,0.75779099999999999,0.95804699999999998,True,False,False,False,False,False
0.28000000000000003,2000,65,0.011352278136535783,0.22892299999999999,0.755942,0.98486499999999999,True,False,False,False,False,False
0.28000000000000003,2000,66,0.012658142441548613,0.23647299999999999,0.74613600000000002,0.98260900000000007,True,False,False,False,False,False
0.28000000000000003,2000,67,0.01313562172573155,0.202488,0.772366,0.974854,True,False,False,False,False,False
0.28000000000000003,2000,68,0.010210788026077222,0.229935,0.75244500000000003,0.98238000000000003,True,False,False,False,False,False
0.28000000000000003,2000,69,0.014272889748238449,0.19414500000000001,0.74046100000000004,0.93460600000000005,True,False,False,False,False,False
0.28000000000000003,2000,70,0.012926221175877209,0.18357399999999999,0.77895999999999999,0.962534,True,False,False,False,True,False
0.28000000000000003,2000,71,0.014387516716097115,0.199853,0.76386100000000001,0.96371399999999996,True,False,False,False,False,True
0.28000000000000003,2000,72,0.013416179156259851,0.20297899999999999,0.778138,0.98111700000000002,True,False,False,False,False,False
0.28000000000000003,2000,73,0.011396117486248247,0.15750900000000001,0.80302600000000002,0.96053500000000003,True,False,False,False,False,False
0.28000000000000003,2000,74,0.010983910670126754,0.21760399999999999,0.76762300000000006,0.98522700000000007,True,False,False,False,False,False
0.28000000000000003,2000,75,0.011496905020106182,0.16974500000000001,0.80194699999999997,0.971692,True,False,False,False,False,False
0.28000000000000003,2000,76,0.0088605486847690706,0.16798099999999999,0.80632800000000004,0.97430900000000009,True,False,False,False,False,False
0.28000000000000003,2000,77,0.014847476745223628,0.19122700000000001,0.78490899999999997,0.976136,True,False,False,False,False,False
0.28000000000000003,2000,78,0.0075982096631980519,0.20452899999999999,0.77382399999999996,0.97835299999999992,True,False,False,False,False,False
0.28000000000000003,2000,79,0.0075896116635527011,0.223942,0.76736499999999996,0.99130699999999994,True,False,False,False,False,True
0.28000000000000003,2000,80,0.009649746723642957,0.15314,0.82433199999999995,0.9774719999999999,True,False,False,False,False,False
0.28000000000000003,2000,81,0.012289614228606124,0.21718199999999999,0.76678900000000005,0.98397100000000004,True,False,False,False,False,False
0.28000000000000003,2000,82,0.014597861325005929,0.223243,0.73351599999999995,0.95675899999999992,True,False,False,False,False,False
0.28000000000000003,2000,83,0.0090982425981976818,0.16941400000000001,0.81420499999999996,0.98361900000000002,True,False,False,False,False,False
0.28000000000000003,2000,84,0.011498073420220089,0.23168,0.76508399999999999,0.99676399999999998,True,False,False,False,False,False
0.28000000000000003,2000,85,0.010455207901370438,0.18721499999999999,0.78743200000000002,0.97464700000000004,True,False,False,False,False,False
0.28000000000000003,2000,86,0.015651863173556907,0.20744000000000001,0.766432,0.97387200000000007,True,False,False,False,False,False
0.28000000000000003,2000,87,0.010999748635921328,0.24159800000000001,0.74510900000000002,0.986707,True,False,False,False,False,False
0.28000000000000003,2000,88,0.018249541419103572,0.23736699999999999,0.71160000000000001,0.948967,True,False,False,False,False,False
0.28000000000000003,2000,89,0.0086644544151360213,0.202288,0.78468700000000002,0.98697500000000005,True,False,False,False,False,False
0.28000000000000003,2000,90,0.011590393742737546,0.21387600000000001,0.76856500000000005,0.98244100000000012,True,False,False,False,False,True
0.28000000000000003,2000,91,0.013296404053017239,0.18476200000000001,0.77132699999999998,0.95608899999999997,True,False,False,False,False,False
0.28000000000000003,2000,92,0.017190499304073268,0.20938499999999999,0.73425799999999997,0.94364300000000001,True,False,False,False,False,False
0.28000000000000003,2000,93,0.0097745020340066491,0.191888,0.77492099999999997,0.96680900000000003,True,False,False,False,False,False
0.28000000000000003,2000,94,0.02027081724057582,0.25690499999999999,0.69584500000000005,0.95274999999999999,True,False,False,False,False,False
0.28000000000000003,2000,95,0.016641813202556772,0.231683,0.74530300000000005,0.97698600000000002,True,False,False,False,False,False
0.28000000000000003,2000,96,0.012526662286979715,0.182778,0.77352699999999996,0.95630499999999996,True,False,False,False,False,False
0.28000000000000003,2000,97,0.010822971776034567,0.182611,0.77562299999999995,0.95823399999999992,True,False,False,False,False,False
0.28000000000000003,2000,98,0.011383296055689759,0.20247999999999999,0.77147100000000002,0.97395100000000001,True,False,False,False,False,False
0.28000000000000003,2000,99,0.015572572405007973,0.218998,0.76250899999999999,0.98150700000000002,True,False,False,False,False,False
0.28000000000000003,2000,100,0.0096281413915694797,0.18726499999999999,0.79608699999999999,0.983352,True,False,False,False,False,False
0.28000000000000003,2000,101,0.0092818936007513179,0.202516,0.79618299999999997,0.998699,True,False,False,False,False,True
0.28000000000000003,2000,102,0.0090605176530804618,0.183811,0.79240200000000005,0.976213,True,False,False,False,False,False
0.28000000000000003,2000,103,0.011052447438850413,0.20419200000000001,0.77172600000000002,0.97591800000000006,True,False,False,False,False,False
0.28000000000000003,2000,104,0.011515261307790771,0.21005099999999999,0.76852699999999996,0.97857799999999995,True,False,False,False,False,False
0.28000000000000003,2000,105,0.013271510065785294,0.20778199999999999,0.76889700000000005,0.97667900000000007,True,False,False,False,False,False
0.28000000000000003,2000,106,0.0078887968394513418,0.20536199999999999,0.776864,0.98222600000000004,True,False,False,False,False,False
0.28000000000000003,2000,107,0.015890178975541729,0.25309900000000002,0.708229,0.96132799999999996,True,False,False,False,False,False
0.28000000000000003,2000,108,0.012217543449666513,0.18890799999999999,0.78968400000000005,0.97859200000000002,True,False,False,False,False,False
0.28000000000000003,2000,109,0.013190281394403144,0.19936200000000001,0.78898900000000005,0.98835100000000009,True,False,False,False,False,False
0.28000000000000003,2000,110,0.012076750640727336,0.23688600000000001,0.72689800000000004,0.96378400000000009,True,False,False,False,False,False
0.28000000000000003,2000,111,0.013610639029361656,0.20169999999999999,0.75839500000000004,0.96009500000000003,True,False,False,False,False,False
0.28000000000000003,2000,112,0.019689299704569469,0.18637000000000001,0.72638000000000003,0.91275000000000006,True,False,False,False,False,False
0.28000000000000003,2000,113,0.010998221379077369,0.190748,0.793987,0.98473500000000003,True,False,False,False,False,False
0.28000000000000003,2000,114,0.0075344123542753225,0.15299599999999999,0.82277599999999995,0.97577199999999997,True,False,False,False,False,False
0.28000000000000003,2000,115,0.013706191250090809,0.19578499999999999,0.77934899999999996,0.97513399999999995,True,False,False,False,False,False
0.28000000000000003,2000,116,0.014112943422925539,0.22522900000000001,0.75748300000000002,0.98271200000000003,True,False,False,False,False,False
0.28000000000000003,2000,117,0.01457463758197595,0.23949599999999999,0.73481600000000002,0.97431200000000007,True,False,False,False,False,False
0.28000000000000003,2000,118,0.016169903197515871,0.209956,0.73264600000000002,0.94260200000000005,True,False,False,False,False,False
0.28000000000000003,2000,119,0.0079651828593515252,0.211758,0.77674299999999996,0.98850099999999996,True,False,False,False,False,False
0.28000000000000003,2000,120,0.011760159702681156,0.174456,0.79226399999999997,0.96672000000000002,True,False,False,False,False,False
0.28000000000000003,2000,121,0.0091866603823319345,0.25707400000000002,0.73086600000000002,0.98794000000000004,True,False,False,False,False,False
0.28000000000000003,2000,122,0.010040586059289969,0.226663,0.75546000000000002,0.98212300000000008,True,False,False,False,False,False
0.28000000000000003,2000,123,0.0093815915796373293,0.15443499999999999,0.82488700000000004,0.97932200000000003,True,False,False,False,False,False
0.28000000000000003,2000,124,0.01120504730845466,0.22190099999999999,0.75446100000000005,0.97636200000000006,True,False,False,False,False,False
0.28000000000000003,2000,125,0.012158071685906546,0.21443599999999999,0.76491399999999998,0.97934999999999994,True,False,False,False,False,False
0.28000000000000003,2000,126,0.0067233797940926933,0.14053099999999999,0.84334699999999996,0.98387799999999992,True,False,False,False,False,False
0.28000000000000003,2000,127,0.010756723206593365,0.122035,0.84572499999999995,0.96775999999999995,True,False,False,False,False,False
0.28000000000000003,2000,128,0.012830564763419079,0.18933700000000001,0.77724199999999999,0.96657899999999997,True,False,False,False,False,False
0.28000000000000003,2000,129,0.013144735342963555,0.21570400000000001,0.78068499999999996,0.99638899999999997,True,False,False,False,False,False
0.28000000000000003,2000,130,0.010955199737045651,0.20693700000000001,0.760131,0.96706800000000004,True,False,False,False,False,False
0.28000000000000003,2000,131,0.0087874319435528887,0.18474599999999999,0.79333699999999996,0.97808299999999992,True,False,False,False,False,False
0.28000000000000003,2000,132,0.0067152547583923259,0.14643,0.83352000000000004,0.9799500000000001,True,False,False,False,False,False
0.28000000000000003,2000,133,0.0067115754907826168,0.205572,0.78748499999999999,0.99305699999999997,True,False,False,False,False,False
0.28000000000000003,2000,134,0.012179106171440794,0.20641499999999999,0.76631199999999999,0.97272700000000001,True,False,False,False,False,False
0.28000000000000003,2000,135,0.019196285489881202,0.18751499999999999,0.75754200000000005,0.94505700000000004,True,False,False,False,False,True
0.28000000000000003,2000,136,0.015298830837631899,0.199381,0.76678400000000002,0.96616500000000005,True,False,False,False,False,False
0.28000000000000003,2000,137,0.015470322653641034,0.26001600000000002,0.70180600000000004,0.96182200000000007,True,False,False,False,False,False
0.28000000000000003,2000,138,0.013080724718395664,0.23132800000000001,0.73158100000000004,0.96290900000000001,True,False,False,False,False,False
0.28000000000000003,2000,139,0.0097394248332502206,0.216114,0.76330100000000001,0.97941500000000004,True,False,False,False,False,False
0.28000000000000003,2000,140,0.01624518560096674,0.204094,0.75051699999999999,0.95461099999999999,True,False,False,False,False,False
0.28000000000000003,2000,141,0.022597337809607182,0.18107500000000001,0.75856199999999996,0.93963699999999994,True,False,False,False,False,False
0.28000000000000003,2000,142,0.0087158702233163174,0.178392,0.79327099999999995,0.97166299999999994,True,False,False,False,False,False
0.28000000000000003,2000,143,0.0080628357931731599,0.178178,0.79411799999999999,0.97229600000000005,True,False,False,False,False,False
0.28000000000000003,2000,144,0.01185207446439035,0.21431,0.77527100000000004,0.98958100000000004,True,False,False,False,False,False
0.28000000000000003,2000,145,0.013114529422390685,0.21452099999999999,0.75961400000000001,0.97413499999999997,True,False,False,False,False,False
0.28000000000000003,2000,146,0.0070087711584676735,0.18318400000000001,0.79890399999999995,0.98208799999999996,True,False,False,False,False,True
0.28000000000000003,2000,147,0.0093390286837019901,0.187421,0.79467900000000002,0.98209999999999997,True,False,False,False,False,True
0.28000000000000003,2000,148,0.012210256315345752,0.231431,0.76095199999999996,0.99238300000000002,True,False,False,False,False,False
0.28000000000000003,2000,149,0.012751582226481227,0.18825500000000001,0.78675899999999999,0.97501400000000005,True,False,False,False,False,False
0.28000000000000003,2000,150,0.011487195946438069,0.25234099999999998,0.74348700000000001,0.99582799999999994,True,False,False,False,False,False
0.28000000000000003,2000,151,0.014342063419262091,0.190414,0.76221499999999998,0.95262899999999995,True,False,False,False,False,False
0.28000000000000003,2000,152,0.010722445195825233,0.177783,0.79830000000000001,0.97608300000000003,True,False,False,False,False,False
0.28000000000000003,2000,153,0.020040981802992755,0.25894800000000001,0.72126199999999996,0.98021000000000003,True,False,False,False,False,False
0.28000000000000003,2000,154,0.010066253979086942,0.18643799999999999,0.78055699999999995,0.96699499999999994,True,False,False,False,False,False
0.28000000000000003,2000,155,0.014754706886645166,0.22609699999999999,0.74464900000000001,0.970746,True,False,False,False,False,False
0.28000000000000003,2000,156,0.0098660575858814034,0.21464,0.77172099999999999,0.98636100000000004,True,False,False,False,False,False
0.28000000000000003,2000,157,0.011316499426757724,0.229848,0.76217199999999996,0.9920199999999999,True,False,False,False,False,True
0.28000000000000003,2000,158,0.011074950795397687,0.168572,0.803948,0.97252000000000005,True,False,False,False,False,False
0.28000000000000003,2000,159,0.016819300284461693,0.25744699999999998,0.69056399999999996,0.94801099999999994,True,False,False,False,False,False
0.28000000000000003,2000,160,0.010258543279728333,0.20034199999999999,0.77413299999999996,0.97447499999999998,True,False,False,False,False,False
0.28000000000000003,2000,161,0.0071958508215413004,0.161491,0.82023800000000002,0.98172900000000007,True,False,False,False,False,False
0.28000000000000003,2000,162,0.013880714415091014,0.18224299999999999,0.78765300000000005,0.96989600000000009,True,False,False,False,False,True
0.28000000000000003,2000,163,0.012932415869668567,0.188135,0.75545399999999996,0.94358900000000001,True,False,False,False,False,True
0.28000000000000003,2000,164,0.016734912648460165,0.222135,0.76631499999999997,0.98844999999999994,True,False,False,False,False,False
0.28000000000000003,2000,165,0.015026237501796658,0.220773,0.744093,0.964866,True,False,False,False,False,False
0.28000000000000003,2000,166,0.012282381349286123,0.21118200000000001,0.77626499999999998,0.98744699999999996,True,False,False,False,False,False
0.28000000000000003,2000,167,0.014918918633172691,0.169292,0.77685899999999997,0.94615099999999996,True,False,False,False,False,True
0.28000000000000003,2000,168,0.012447892510361805,0.17254800000000001,0.78844400000000003,0.96099200000000007,True,False,False,False,False,False
0.28000000000000003,2000,169,0.013054385921824981,0.14699200000000001,0.79949800000000004,0.94649000000000005,True,False,False,False,False,False
0.28000000000000003,2000,170,0.011689080586933102,0.17974300000000001,0.80013100000000004,0.97987400000000002,True,False,False,False,False,False
0.28000000000000003,2000,171,0.011064574363410788,0.16547899999999999,0.79209799999999997,0.9575769999999999,True,False,False,False,False,False
0.28000000000000003,2000,172,0.01509325239336237,0.20193900000000001,0.78086100000000003,0.98280000000000001,True,False,False,False,False,False
0.28000000000000003,2000,173,0.014878378985320941,0.249033,0.71813400000000005,0.96716700000000011,True,False,False,False,False,False
0.28000000000000003,2000,174,0.014649314706062703,0.22658700000000001,0.73621999999999999,0.96280699999999997,True,False,False,False,False,False
0.28000000000000003,2000,175,0.0092731540234357677,0.16153300000000001,0.80044700000000002,0.96198000000000006,True,False,False,False,False,False
0.28000000000000003,2000,176,0.011672233376427943,0.21532100000000001,0.77907099999999996,0.99439199999999994,True,False,False,False,False,True
0.28000000000000003,2000,177,0.011193536173319769,0.208671,0.77015800000000001,0.97882899999999995,True,False,False,False,False,False
0.28000000000000003,2000,178,0.010197840742734594,0.172539,0.80055900000000002,0.97309800000000002,True,False,False,False,False,False
0.28000000000000003,2000,179,0.01257381850105274,0.19766,0.76813799999999999,0.96579799999999993,True,False,False,False,False,False
0.28000000000000003,2000,180,0.0090728211417878974,0.2109,0.774088,0.98498799999999997,True,False,False,False,False,False
0.28000000000000003,2000,181,0.015328944528202658,0.277227,0.70438000000000001,0.98160700000000001,True,False,False,False,False,False
0.28000000000000003,2000,182,0.023314852070467601,0.26420900000000003,0.71788700000000005,0.98209600000000008,True,False,False,False,False,False
0.28000000000000003,2000,183,0.013430497128020779,0.27905999999999997,0.70780299999999996,0.98686299999999993,True,False,False,False,False,False
0.28000000000000003,2000,184,0.013222337117171051,0.230409,0.74496300000000004,0.97537200000000002,True,False,False,False,True,False
0.28000000000000003,2000,185,0.022249191646910745,0.22706499999999999,0.70265,0.92971499999999996,True,False,False,False,False,False
0.28000000000000003,2000,186,0.011083320625247618,0.224603,0.74776399999999998,0.97236699999999998,True,False,False,False,False,False
0.28000000000000003,2000,187,0.017983411665476449,0.211066,0.76360899999999998,0.97467499999999996,True,False,False,False,False,False
0.28000000000000003,2000,188,0.011684122034615893,0.18929399999999999,0.77170499999999997,0.96099899999999994,True,False,False,False,False,False
0.28000000000000003,2000,189,0.009204344043379914,0.18909500000000001,0.79654800000000003,0.98564300000000005,True,False,False,False,False,False
0.28000000000000003,2000,190,0.019990463814526214,0.24052599999999999,0.70265,0.94317600000000001,True,False,False,False,False,False
0.28000000000000003,2000,191,0.015252380575558583,0.18113799999999999,0.77414799999999995,0.95528599999999997,True,False,False,False,False,False
0.28000000000000003,2000,192,0.011724226742494397,0.27003300000000002,0.72862000000000005,0.99865300000000001,True,False,False,False,False,False
0.28000000000000003,2000,193,0.012050223087950975,0.187857,0.78476599999999996,0.97262300000000002,True,False,False,False,True,False
0.28000000000000003,2000,194,0.016392909385298846,0.21833,0.73119100000000004,0.94952100000000006,True,False,False,False,False,False
0.28000000000000003,2000,195,0.00836262574250091,0.18557299999999999,0.80611699999999997,0.99168999999999996,True,False,False,False,False,False
0.28000000000000003,2000,196,0.013097850197552965,0.25381700000000001,0.72079300000000002,0.97460999999999998,True,False,False,False,False,False
0.28000000000000003,2000,197,0.018643311718329642,0.22425999999999999,0.73995500000000003,0.96421500000000004,True,False,False,False,False,False
0.28000000000000003,2000,198,0.009694947680614489,0.171711,0.81820199999999998,0.98991300000000004,True,False,False,False,False,False
0.28000000000000003,2000,199,0.0092473475699328261,0.18525800000000001,0.78992300000000004,0.97518100000000008,True,False,False,False,False,False
