gamma_lev,n_warmup,stream,omega_hat,alpha_hat,beta_hat,persistence_hat,converged,equals_initialiser,at_lower_bound,at_upper_bound,alarm_eco,alarm_ml
0,250,0,0.29368862762690889,0.044496660925064567,0.70114195960656478,0.74563862053162933,True,False,False,False,False,False
0,250,1,0.19843207160126919,0.15150568934174347,0.61523905219143582,0.76674474153317929,True,False,False,False,False,False
0,250,2,0.36723322879209347,0.073533756992521279,0.46616547001836006,0.53969922701088135,True,False,False,False,False,False
0,250,3,0.75064237313112903,0.13146814397279988,0.2187336868685536,0.35020183084135348,True,False,False,False,False,False
0,250,4,0.98345566596563616,1.0000912482183155e-06,1.0000174107682724e-06,2.000108658986588e-06,True,False,False,False,False,False
0,250,5,0.28958139862900351,0.077668393826547444,0.67058033108893933,0.74824872491548677,True,False,False,False,False,False
0,250,6,0.091981696731518695,0.022770006005430915,0.86375593096229819,0.88652593696772908,True,False,False,False,False,True
0,250,7,0.1097783690605397,0.03226855096956821,0.87542739707044459,0.90769594804001286,True,False,False,False,False,True
0,250,8,0.061781052243713441,0.082013975688282087,0.86846498221196256,0.95047895790024461,True,False,False,False,False,False
0,250,9,0.93068135328703872,1.0000105163526785e-06,1.0000020346234706e-06,2.0000125509761491e-06,True,False,False,False,True,False
0,250,10,0.059868554810197552,0.044135980286207431,0.89898201874474615,0.94311799903095361,True,False,False,False,False,False
0,250,11,0.68276300667011902,1.0000004030015497e-06,0.48691820752963161,0.48691920753003459,True,False,True,False,False,False
0,250,12,0.19816861709877112,0.015016760263766164,0.81856099956443207,0.83357775982819826,True,False,False,False,False,False
0,250,13,0.44155804887720418,1.0000000000010001e-06,0.46891256356527866,0.46891356356527869,True,False,True,False,True,False
0,250,14,0.8090495663166275,0.1667085811393948,0.066477931582609659,0.23318651272200447,True,False,False,False,False,False
0,250,15,0.075043477104683079,0.063066881853206649,0.85958466279087298,0.92265154464407961,True,False,False,False,False,False
0,250,16,0.34847911609215776,0.13563991792950844,0.56167958993892186,0.69731950786843033,True,False,False,False,False,True
0,250,17,1.0274723371839523,1.0001038958790121e-06,1.0000291098544167e-06,2.0001330057334288e-06,True,False,False,False,False,False
0,250,18,0.062740486672209841,0.015958233736011334,0.91628558381762981,0.93224381755364116,True,False,False,False,False,True
0,250,19,0.45175983447104789,0.18026988545663586,0.45367991360160143,0.63394979905823723,True,False,False,False,False,False
0,250,20,0.056410546113513149,0.06036583325302812,0.87970365879598122,0.94006949204900936,True,False,False,False,False,False
0,250,21,0.2017447294174286,0.053391904553057701,0.74864531952124169,0.80203722407429945,True,False,False,False,False,False
0,250,22,0.12979418234339754,0.0080640141141691789,0.8348924696784491,0.84295648379261823,True,False,False,False,False,False
0,250,23,1.0247596370299143,1.0002881538212494e-06,1.000096135350681e-06,2.0003842891719303e-06,True,False,False,False,False,False
0,250,24,0.71210404417025397,1.0000000000010001e-06,1.0000000000287557e-06,2.0000000000297558e-06,True,False,True,False,True,True
0,250,25,0.076009629064855186,0.03877229234240781,0.8600596425874063,0.89883193492981417,True,False,False,False,False,False
0,250,26,0.10141561337830794,0.088785193110336877,0.814131133461375,0.90291632657171184,True,False,False,False,False,False
0,250,27,0.24463735935616573,0.15237924398183059,0.60447061670725055,0.75684986068908111,True,False,False,False,False,False
0,250,28,1.2814455543192649,0.18837447741300475,9.9999999999999995e-07,0.18837547741300475,True,False,True,False,False,False
0,250,29,0.83269522102352267,1.0001398493414415e-06,1.0000346236660462e-06,2.0001744730074877e-06,True,False,False,False,False,False
0,250,30,0.89232965219227256,1.0000000000010001e-06,1.0000000000287557e-06,2.0000000000297558e-06,True,False,True,False,True,False
0,250,31,0.11588858980753203,0.041501912361835723,0.81821022226292639,0.85971213462476215,True,False,False,False,True,False
0,250,32,0.9217807633502495,0.11143908749036749,1.0000000000517259e-06,0.11144008749036755,True,False,True,False,False,False
0,250,33,0.6898299615714627,0.0029274239368483916,0.40882844911500876,0.41175587305185718,True,False,False,False,False,False
0,250,34,0.030472011733821507,0.018566925932250025,0.95412114410676985,0.97268807003901991,True,False,False,False,False,False
0,250,35,0.70137594785751922,0.046446092474702397,0.31150575638517997,0.35795184885988235,True,False,False,False,False,False
0,250,36,0.36466420995428295,1.0000000000010001e-06,0.51203728314624053,0.51203828314624056,True,False,True,False,False,False
0,250,37,0.039418424254799432,0.076942591177713848,0.86562527906028119,0.94256787023799504,True,False,False,False,False,False
0,250,38,0.79035626244464763,0.11025418170920818,9.9999999999999995e-07,0.11025518170920819,True,False,True,False,False,False
0,250,39,0.12973771614236651,0.11874838030174772,0.72750004253719835,0.84624842283894608,True,False,False,False,False,False
0,250,40,0.4396521464250544,0.069226687386324787,0.54786222053319056,0.61708890791951532,True,False,False,False,False,False
0,250,41,0.13889021345471447,0.012545270216599425,0.87351374268059534,0.8860590128971948,True,False,False,False,False,False
0,250,42,0.09204010967784601,0.076278275717218666,0.82235904463459775,0.89863732035181643,True,False,False,False,False,False
0,250,43,0.10512581730028668,0.12955226417983623,0.79074424803913856,0.92029651221897479,True,False,False,False,False,False
0,250,44,1.0148195106939206,1.0000000000010001e-06,1.0000000000287557e-06,2.0000000000297558e-06,True,False,True,False,False,False
0,250,45,0.34448670592461167,0.11199912808145454,0.56213578202136538,0.6741349101028199,True,False,False,False,False,True
0,250,46,0.32372678276410327,0.10304690373222584,0.50173528141291512,0.60478218514514093,True,False,False,False,False,False
0,250,47,0.853911033606922,1.0000000000010001e-06,1.0000000000287557e-06,2.0000000000297558e-06,True,False,True,False,True,True
0,250,48,0.091830690913771801,0.085114847979399083,0.80824208614865733,0.89335693412805639,True,False,False,False,False,False
0,250,49,0.15743101596030856,0.021850155254498186,0.81118184367023238,0.83303199892473057,True,False,False,False,False,False
0,250,50,0.33628590138128828,0.14733523283149177,0.44810027156581411,0.59543550439730586,True,False,False,False,False,False
0,250,51,0.66528208540776956,0.05562115257787191,0.0056439928112662447,0.061265145389138152,True,False,False,False,False,False
0,250,52,0.61062245374138679,0.23155545118952184,0.13446663255313634,0.36602208374265821,True,False,False,False,False,False
0,250,53,0.92757166414740855,1.0002629153432752e-06,1.0000596951664775e-06,2.0003226105097527e-06,True,False,False,False,False,False
0,250,54,0.65571275797410211,0.067397521504970692,0.18448603572880126,0.25188355723377198,True,False,False,False,False,False
0,250,55,0.056979886890780901,0.049317974071623451,0.89179237012905022,0.94111034420067363,True,False,False,False,False,False
0,250,56,0.34487012861701116,0.06958043085506993,0.57120993284461274,0.64079036369968267,True,False,False,False,False,False
0,250,57,0.085521610786975899,0.053689069857040049,0.86152583060298404,0.91521490046002407,True,False,False,False,False,False
0,250,58,0.16744276074228989,0.13598415290331134,0.61950313533466483,0.75548728823797617,True,False,False,False,False,False
0,250,59,0.84208832405955758,0.19402491465359292,9.9999999999999995e-07,0.19402591465359292,True,False,True,False,False,False
0,250,60,0.51451112644557762,1.0000003183296968e-06,0.4738075689508876,0.47380856895120593,True,False,True,False,False,False
0,250,61,0.48472702346304503,1.0000000000010001e-06,0.4890702065103818,0.48907120651038183,True,False,True,False,False,False
0,250,62,0.96763344709616839,1.0009258232940299e-06,1.0001912841284266e-06,2.0011171074224565e-06,True,False,False,False,False,False
0,250,63,0.10811593132252882,0.035971829307457522,0.85666160466415209,0.89263343397160966,True,False,False,False,False,False
0,250,64,0.87353733052544913,0.014067659040200025,1.0000000007197698e-06,0.014068659040200744,True,False,True,False,False,False
0,250,65,0.44492160036997525,0.04519490158701138,0.34103220643296728,0.38622710801997867,True,False,False,False,False,False
0,250,66,0.46829807553415165,1.0000000327248237e-06,0.46628027479730949,0.46628127479734222,True,False,True,False,False,False
0,250,67,0.059753124773341763,0.020059130340191505,0.91315933055491283,0.9332184608951043,True,False,False,False,False,False
0,250,68,0.58652660312586735,0.19695256069022563,0.30878962812743804,0.50574218881766364,True,False,False,False,False,True
0,250,69,0.81249349616088107,1.0000000000010001e-06,1.0000000000287557e-06,2.0000000000297558e-06,True,False,True,False,False,False
0,250,70,1.1634912145141583,0.074612118235506078,1.0000000295807643e-06,0.074613118235535653,True,False,True,False,False,False
0,250,71,0.037960548984973704,0.03198607095358301,0.93240117922571764,0.9643872501793006,True,False,False,False,False,False
0,250,72,0.66966175114340876,1.0001348186988723e-06,1.0000277989030693e-06,2.0001626176019416e-06,True,False,False,False,True,False
0,250,73,0.086768092304796748,0.064928017010431049,0.86164096401727952,0.92656898102771057,True,False,False,False,False,False
0,250,74,0.015667728869450587,0.011778692180964442,0.97341459113786544,0.98519328331882983,True,False,False,False,False,False
0,250,75,0.11865108189671536,0.03086331504597457,0.8096462829000034,0.84050959794597802,True,False,False,False,False,False
0,250,76,0.010220679704475603,0.016424387817610946,0.97108926112959382,0.98751364894720473,True,False,False,False,False,False
0,250,77,0.091222074594936545,0.0066864350436570651,0.92393844754226062,0.93062488258591769,True,False,False,False,False,False
0,250,78,0.096069346976582676,0.030303233054449159,0.86786956523722092,0.89817279829167007,True,False,False,False,False,False
0,250,79,0.26013189123426272,0.13737542375141282,0.62071761731387354,0.75809304106528641,True,False,False,False,False,True
0,250,80,0.052731226395541966,0.014926217855216358,0.93034282032049997,0.94526903817571628,True,False,False,False,False,False
0,250,81,0.41009065149291457,0.024294589745791219,0.44492313077493006,0.4692177205207213,True,False,False,False,False,False
0,250,82,0.098329450104541943,0.1395519426994406,0.74617490609373571,0.88572684879317631,True,False,False,False,False,False
0,250,83,0.50914394975386623,0.083524904399934929,0.3109311551602475,0.39445605956018243,True,False,False,False,False,False
0,250,84,0.85464317659816003,1.0000000000010001e-06,1.0000000000287557e-06,2.0000000000297558e-06,True,False,True,False,True,False
0,250,85,0.15710639138783886,0.087605619989415198,0.78434446613744047,0.87195008612685565,True,False,False,False,False,False
0,250,86,0.054196701347949044,0.025947539336660441,0.92007612428279539,0.94602366361945589,True,False,False,False,False,False
0,250,87,0.89468141219510744,0.03330968175283703,9.9999999999999995e-07,0.033310681752837031,True,False,True,False,False,False
0,250,88,0.2983922243874163,0.10017600362061187,0.60298431210280201,0.70316031572341386,True,False,False,False,False,False
0,250,89,0.55639798542988028,1.0000011838665057e-06,0.46918120146447523,0.46918220146565909,True,False,False,False,False,False
0,250,90,0.1383803677177099,0.094379976611146055,0.79904856602172647,0.89342854263287252,True,False,False,False,False,True
0,250,91,0.59254496164262105,0.13807308735114696,0.15845335234001659,0.29652643969116355,True,False,False,False,False,False
0,250,92,0.31653539720136109,0.17733002526878769,0.56389819122798346,0.74122821649677118,True,False,False,False,False,False
0,250,93,0.29512055580030022,0.06334418164693198,0.52928280004632777,0.59262698169325978,True,False,False,False,False,False
0,250,94,0.17079800672163964,0.10292535669341482,0.78503229964909005,0.8879576563425049,True,False,False,False,False,False
0,250,95,0.83061060019841926,0.23139734249363031,0.091416850270182912,0.32281419276381323,True,False,False,False,False,False
0,250,96,0.13343020943477105,0.035237946426009165,0.79196510379836282,0.82720305022437202,True,False,False,False,False,False
0,250,97,0.10212612188442918,0.083249709304955136,0.79871462509582003,0.88196433440077515,True,False,False,False,False,False
0,250,98,0.80237633599724301,0.22758276408637418,0.031294063671545268,0.25887682775791943,True,False,False,False,False,False
0,250,99,0.84119439094843607,0.059384742491985831,9.9999999999999995e-07,0.059385742491985832,True,False,True,False,True,False
0,250,100,0.062779934220109135,0.028629510309656905,0.90960755578139707,0.93823706609105395,True,False,False,False,False,False
0,250,101,0.078877920371847932,0.054611813936271257,0.88726452709494852,0.94187634103121975,True,False,False,False,False,True
0,250,102,0.61227531309576577,0.087127783840053319,0.21361336219570548,0.3007411460357588,True,False,False,False,True,False
0,250,103,0.040792999805750789,0.03038149281636698,0.92618014785016223,0.95656164066652916,True,False,False,False,False,False
0,250,104,0.1045459537623272,0.078373105580426705,0.80078712752311265,0.8791602331035393,True,False,False,False,False,False
0,250,105,0.73983858840189221,0.015764558438367285,9.9999999999999995e-07,0.015765558438367286,True,False,True,False,False,False
0,250,106,0.4726345754055063,0.15889096070838091,0.19812231041978975,0.35701327112817066,True,False,False,False,True,False
0,250,107,0.9113409868764677,0.018600420407172063,0.10796706659435179,0.12656748700152384,True,False,False,False,False,False
0,250,108,0.21436008470622941,0.13167968397527208,0.70334784019684538,0.83502752417211745,True,False,False,False,False,False
0,250,109,0.41598019230971006,0.15909744512326973,0.40883824520812762,0.56793569033139735,True,False,False,False,False,False
0,250,110,0.15575929764901625,0.11918884534179222,0.73415560547606906,0.85334445081786126,True,False,False,False,False,False
0,250,111,0.74779271532506719,0.08774896686156948,9.9999999999999995e-07,0.087749966861569481,True,False,True,False,False,False
0,250,112,0.6528477706454745,0.048639701019616649,0.13183572538576629,0.18047542640538294,True,False,False,False,False,False
0,250,113,0.42355454578176777,0.24909680590086444,0.20720873723592209,0.45630554313678651,True,False,False,False,False,False
0,250,114,0.82022349011990581,0.025556812259689848,9.9999999999999995e-07,0.025557812259689849,True,False,True,False,True,False
0,250,115,0.15536196189253321,0.062174628052383517,0.80698663295027562,0.86916126100265911,True,False,False,False,False,False
0,250,116,0.033704821817190894,0.029573211003734296,0.93551165825676308,0.96508486926049741,True,False,False,False,False,False
0,250,117,0.1509500191365688,0.097251642779276268,0.74559339796310098,0.84284504074237721,True,False,False,False,False,False
0,250,118,0.51046343542712735,1.0000000000010001e-06,0.45417072214629611,0.45417172214629609,True,False,True,False,False,False
0,250,119,0.80665320743506619,0.24238841972292835,0.011088758335208714,0.25347717805813708,True,False,False,False,False,False
0,250,120,0.17499215305611618,0.038121797825221515,0.75188166775379461,0.79000346557901613,True,False,False,False,False,False
0,250,121,0.79727792750010607,0.11044567974916873,1.0000000367707005e-06,0.11044667974920551,True,False,True,False,False,False
0,250,122,0.066258098434230112,0.10231391786722506,0.83806782508668476,0.94038174295390986,True,False,False,False,False,False
0,250,123,0.65199748374509248,0.13035989059267866,0.10824843218861958,0.23860832278129823,True,False,False,False,False,False
0,250,124,0.011724660612856163,0.037376348782506827,0.94995698145191376,0.9873333302344206,True,False,False,False,False,False
0,250,125,0.26103511859571116,0.045162971551941884,0.73276302074738153,0.77792599229932347,True,False,False,False,False,False
0,250,126,0.069365379161904758,0.028357698795327183,0.88401166916779728,0.91236936796312451,True,False,False,False,False,False
0,250,127,1.008733127567552,0.10747140195581734,1.0000000126533459e-06,0.10747240195582999,True,False,True,False,False,False
0,250,128,0.62480838750566747,0.065792077721414599,0.30425684461070585,0.37004892233212044,True,False,False,False,False,False
0,250,129,0.43866546954395702,0.0085701869352576201,0.61866146057951132,0.6272316475147689,True,False,False,False,False,False
0,250,130,0.1451977995974143,0.035439858653339505,0.8313823056081433,0.86682216426148284,True,False,False,False,False,False
0,250,131,0.76918052418005811,0.1785971350385957,0.14830229468143935,0.32689942972003505,True,False,False,False,False,False
0,250,132,0.86423216691499738,0.00068330793564274402,1.0000000000287557e-06,0.00068430793564277278,True,False,True,False,False,False
0,250,133,1.0527034803485416,0.069784504303545034,9.9999999999999995e-07,0.069785504303545035,True,False,True,False,False,False
0,250,134,0.20048135360542227,0.036498157656767324,0.79735372155602091,0.83385187921278825,True,False,False,False,False,False
0,250,135,0.29867470413917324,0.23640430004405524,0.46328582850274413,0.69969012854679935,True,False,False,False,False,False
0,250,136,0.056079021652418536,0.071278302044351108,0.87524651229752182,0.94652481434187297,True,False,False,False,False,False
0,250,137,0.85409906560630366,0.13815741611783722,9.9999999999999995e-07,0.13815841611783722,True,False,True,False,False,False
0,250,138,1.0601683095336818,0.018077735377292344,9.9999999999999995e-07,0.018078735377292345,True,False,True,False,False,False
0,250,139,0.097570005375497718,0.075155593737269932,0.82964133027083453,0.90479692400810441,True,False,False,False,False,False
0,250,140,0.63187962583183177,0.28769328912096143,1.0016419240907199e-06,0.2876942907628855,True,False,False,False,True,False
0,250,141,0.073802418315640439,0.011485074533283205,0.89680499284661308,0.90829006737989626,True,False,False,False,True,False
0,250,142,1.000942751417683,0.13326270947270469,1.0000468731393637e-06,0.13326370951957783,True,False,False,False,False,False
0,250,143,0.70071825680652855,0.16699527306844569,9.9999999999999995e-07,0.16699627306844569,True,False,True,False,True,False
0,250,144,0.51595990997757624,0.17842069938607436,0.43790540326052124,0.6163261026465956,True,False,False,False,False,False
0,250,145,0.88665700201569853,0.010206421861403657,9.9999999999999995e-07,0.010207421861403656,True,False,True,False,False,False
0,250,146,0.074321426531224213,0.041677484350430734,0.89927303400474812,0.94095051835517884,True,False,False,False,False,True
0,250,147,0.47142880181576197,0.16121158587893578,0.44087758418627865,0.60208917006521445,True,False,False,False,False,True
0,250,148,0.45410309568306123,0.1848641050754033,0.43969049627346757,0.62455460134887086,True,False,False,False,False,False
0,250,149,0.15230055738879905,0.091935850003666664,0.79054459007335875,0.88248044007702542,True,False,False,False,False,False
0,250,150,0.024273322145420113,0.063453593157137972,0.91383730297943178,0.97729089613656972,True,False,False,False,False,False
0,250,151,0.75184558487087205,0.17054535262382117,1.0000000002440755e-06,0.17054635262382142,True,False,True,False,False,False
0,250,152,0.24873785768818596,0.079093856134875407,0.67463079801299086,0.75372465414786627,True,False,False,False,False,False
0,250,153,0.55834062404946172,0.38283658390220349,0.21180046319107113,0.59463704709327458,True,False,False,False,False,False
0,250,154,0.74788161129036923,0.08487007518186393,1.0000006945615423e-06,0.084871075182558486,True,False,True,False,False,False
0,250,155,0.012622127513789041,0.026190057517526497,0.95747955411984742,0.98366961163737388,True,False,False,False,False,False
0,250,156,0.023767224556107979,0.031170242974947256,0.94346173617724249,0.9746319791521898,True,False,False,False,False,False
0,250,157,0.28924698431380153,0.18026833121711031,0.48378540302034395,0.66405373423745429,True,False,False,False,False,False
0,250,158,0.88234638567634782,1.0001235921236473e-06,1.000023919339732e-06,2.0001475114633793e-06,True,False,False,False,True,False
0,250,159,0.13480046776294893,0.035476680492440127,0.80704620020492479,0.84252288069736492,True,False,False,False,False,False
0,250,160,0.74899718098576662,1.0004150851755655e-06,1.0001017024530157e-06,2.0005167876285812e-06,True,False,False,False,False,False
0,250,161,0.11716348228656354,0.083765587816517412,0.74176059597392197,0.82552618379043941,True,False,False,False,True,False
0,250,162,0.34861007576449765,0.031924796471980675,0.60279195273768105,0.6347167492096617,True,False,False,False,False,True
0,250,163,0.53556080193734923,1.0000000051808844e-06,0.47994266193746854,0.47994366193747373,True,False,True,False,True,True
0,250,164,0.24284905422013858,0.063148182557022384,0.69458913766674379,0.75773732022376616,True,False,False,False,False,False
0,250,165,0.098477379015302902,0.10816105274585223,0.78831690053596915,0.89647795328182134,True,False,False,False,False,False
0,250,166,0.46848714727519869,0.007651224888872348,0.55753713213436595,0.56518835702323833,True,False,False,False,False,False
0,250,167,0.038430122219386624,0.045507218490986399,0.91462278460009738,0.96013000309108376,True,False,False,False,False,True
0,250,168,0.029868957249333729,0.028241754192971581,0.94347627866293005,0.97171803285590164,True,False,False,False,False,False
0,250,169,0.47928812929999487,1.0000000000010001e-06,0.47358692276132253,0.47358792276132256,True,False,True,False,False,False
0,250,170,0.57046420796964425,0.18530902821792117,0.13498722965741819,0.32029625787533933,True,False,False,False,False,False
0,250,171,0.53136289144330473,1.0000006223816194e-06,0.48098128539144031,0.48098228539206267,True,False,True,False,False,False
0,250,172,0.7945443049990647,0.065140488154307605,0.18304115888674105,0.24818164704104867,True,False,False,False,False,False
0,250,173,0.78715217523434511,0.17096281495642002,1.0000000001717797e-06,0.17096381495642018,True,False,True,False,False,False
0,250,174,0.97941425533849757,1.0000000000010001e-06,1.0000000000287557e-06,2.0000000000297558e-06,True,False,True,False,False,False
0,250,175,1.0502977058847274,1.00038417656656e-06,1.0000922664454848e-06,2.0004764430120447e-06,True,False,False,False,False,False
0,250,176,1.1329680651162162,0.12365084867840047,9.9999999999999995e-07,0.12365184867840047,True,False,True,False,False,True
0,250,177,0.5987123054500082,0.10989798126642956,0.35870717354888865,0.46860515481531823,True,False,False,False,False,False
0,250,178,0.12590154912379548,0.02984627596928233,0.84726490906691743,0.87711118503619978,True,False,False,False,False,False
0,250,179,0.041342969109079857,0.048140876619530003,0.91091361028548179,0.95905448690501183,True,False,False,False,False,False
0,250,180,0.74843547587262638,1.0000000000010001e-06,0.45633039379162293,0.45633139379162291,True,False,True,False,False,False
0,250,181,0.1221688655562905,0.041090548325495552,0.84156586392329502,0.88265641224879055,True,False,False,False,False,False
0,250,182,0.099243184484701152,0.027939523323273988,0.84048056124972315,0.86842008457299713,True,False,False,False,True,False
0,250,183,0.20916958843572861,0.072551851203220774,0.74997781491284776,0.82252966611606859,True,False,False,False,False,False
0,250,184,0.34426588616632392,0.074806505574865456,0.51861982500181281,0.59342633057667826,True,False,False,False,True,False
0,250,185,0.52425793752536332,0.15743686392755257,0.30803072463910997,0.46546758856666254,True,False,False,False,False,False
0,250,186,0.093686039404154278,0.060712462201159403,0.82112235142943302,0.88183481363059246,True,False,False,False,False,False
0,250,187,0.97228795449659111,1.0000000000010001e-06,1.0000000000287557e-06,2.0000000000297558e-06,True,False,True,False,False,False
0,250,188,0.36267589226608188,0.076583083405771246,0.55085599490470349,0.62743907831047474,True,False,False,False,False,False
0,250,189,0.42025999059634561,0.058754575689190687,0.44446829532742899,0.50322287101661967,True,False,False,False,False,False
0,250,190,0.57223760451401606,0.10043558918415105,0.37539583170194896,0.47583142088609998,True,False,False,False,False,True
0,250,191,0.78445593881969344,0.10913971679593923,9.9999999999999995e-07,0.10914071679593923,True,False,True,False,False,False
0,250,192,0.048442233805517737,0.12450653717896903,0.83610725909570827,0.96061379627467725,True,False,False,False,False,False
0,250,193,1.1595643832712952,0.057820608385342927,1.0000000000104856e-06,0.057821608385342935,True,False,True,False,True,False
0,250,194,0.028644489347365163,0.033221466392982062,0.93900115150531793,0.9722226178983,True,False,False,False,False,False
0,250,195,0.74460786204129625,0.12703350054246207,0.23850135298764719,0.36553485353010928,True,False,False,False,False,False
0,250,196,0.30092005792361409,0.12975637220358294,0.56650958998094725,0.69626596218453018,True,False,False,False,False,True
0,250,197,0.04800846840225674,0.011740784176811939,0.93447201148980119,0.94621279566661309,True,False,False,False,False,False
0,250,198,0.35039212241368506,0.015111784413158609,0.63359645370571238,0.64870823811887102,True,False,False,False,False,False
0,250,199,0.29052774756121447,0.12562899421070023,0.55898149036745648,0.68461048457815665,True,False,False,False,False,True
0,500,0,0.26399851483605069,0.055526031809266227,0.68073813730634147,0.73626416911560766,True,False,False,False,False,False
0,500,1,0.21692770328573513,0.10232098409585572,0.6692794877237056,0.77160047181956126,True,False,False,False,False,False
0,500,2,0.21279926708512467,0.10191789441856766,0.69872657948974792,0.80064447390831561,True,False,False,False,False,False
0,500,3,0.45962035483578628,0.046868428202186119,0.50712370054485212,0.55399212874703818,True,False,False,False,False,False
0,500,4,0.88672119497914093,1.0000000000010001e-06,1.0000000000287557e-06,2.0000000000297558e-06,True,False,True,False,False,False
0,500,5,0.51744285512974342,0.10205245014234732,0.40678161671079865,0.50883406685314592,True,False,False,False,False,False
0,500,6,0.065015869043360319,0.024892009584291951,0.9000071851438054,0.92489919472809734,True,False,False,False,False,True
0,500,7,1.0624342417665713,0.14549602863361347,1.0000007107509773e-06,0.1454970286343242,True,False,True,False,False,True
0,500,8,0.091144931780634278,0.04780855988971331,0.87110289383846562,0.91891145372817895,True,False,False,False,False,False
0,500,9,0.91248583416018358,1.0000000000010001e-06,1.0000000000287557e-06,2.0000000000297558e-06,True,False,True,False,True,False
0,500,10,0.19647018080573697,0.06066294194503314,0.77292398636211246,0.83358692830714565,True,False,False,False,False,False
0,500,11,0.12092594512446131,0.016061418896040007,0.87910453390837417,0.89516595280441413,True,False,False,False,False,False
0,500,12,0.23444248590803635,0.048667236726271497,0.73006016006434049,0.77872739679061198,True,False,False,False,False,False
0,500,13,0.29876649808873074,0.026237137228997238,0.66920005920272296,0.69543719643172019,True,False,False,False,False,False
0,500,14,0.67196731054855152,0.087163032489229755,0.16006240145023132,0.24722543393946106,True,False,False,False,False,False
0,500,15,0.25367709270813904,0.24774287128019368,0.56023047478377108,0.80797334606396476,True,False,False,False,False,False
0,500,16,0.22593044665887205,0.11759474142404718,0.66730321501240952,0.78489795643645666,True,False,False,False,False,True
0,500,17,0.32544060766752553,0.017024625433921973,0.66312239446502397,0.68014701989894599,True,False,False,False,False,False
0,500,18,0.24058299365490121,0.037167114115339163,0.73082641492739508,0.76799352904273421,True,False,False,False,False,True
0,500,19,0.035567499952633842,0.027431994664374029,0.9383974933225947,0.96582948798696877,True,False,False,False,False,False
0,500,20,0.13977875797783143,0.10943635292247919,0.77118125233020063,0.88061760525267985,True,False,False,False,False,False
0,500,21,0.15906676300636874,0.037142649721173787,0.80946290804914689,0.84660555777032065,True,False,False,False,False,False
0,500,22,0.45852736972860053,1.0000053685607635e-06,0.46725423636725189,0.46725523637262045,True,False,False,False,True,False
0,500,23,0.13795118766342904,0.067567030245055254,0.82164849709749865,0.88921552734255394,True,False,False,False,False,False
0,500,24,0.031588061406470691,0.019154566958332474,0.94318015964765889,0.9623347266059914,True,False,False,False,False,False
0,500,25,0.75172805745134696,0.082416478524180256,0.070504913984056797,0.15292139250823705,True,False,False,False,False,False
0,500,26,0.10646470481745064,0.051332473932004838,0.84051783758764942,0.89185031151965422,True,False,False,False,False,False
0,500,27,0.12413551831580776,0.059829506069815977,0.81135102507212209,0.87118053114193805,True,False,False,False,False,False
0,500,28,0.53898555696022665,0.10269932040950773,0.5253413263838248,0.62804064679333249,True,False,False,False,False,False
0,500,29,0.85550440481657486,1.0000000000010001e-06,1.0000000000287557e-06,2.0000000000297558e-06,True,False,True,False,False,False
0,500,30,0.86337196550942275,1.0000000000010001e-06,1.0000000000287557e-06,2.0000000000297558e-06,True,False,True,False,True,False
0,500,31,0.011344899188171557,0.0077694356596555566,0.97946164998019292,0.98723108563984852,True,False,False,False,True,False
0,500,32,0.52541533523601969,0.060922459593948937,0.38243689670124248,0.44335935629519141,True,False,False,False,False,False
0,500,33,0.61492760452501249,1.0000000000010001e-06,0.45542727444620318,0.45542827444620315,True,False,True,False,False,False
0,500,34,0.049866736810117128,0.030259052478481312,0.9234995928696702,0.95375864534815147,True,False,False,False,False,False
0,500,35,0.75178947132113594,0.029141141216510711,0.27256775714303094,0.30170889835954168,True,False,False,False,False,False
0,500,36,0.17802015595343781,0.069120548965476758,0.724995090229687,0.79411563919516381,True,False,False,False,False,False
0,500,37,0.082681584791103005,0.073807934359729016,0.81953236478360925,0.89334029914333823,True,False,False,False,False,False
0,500,38,0.81764125432221746,0.10159624478854873,1.0000000084761879e-06,0.10159724478855721,True,False,True,False,False,False
0,500,39,0.16313784885004923,0.051881032373824701,0.77041517135840532,0.82229620373223,True,False,False,False,False,False
0,500,40,0.34125593048137964,0.11281486459417123,0.56823561852163873,0.68105048311580996,True,False,False,False,False,False
0,500,41,0.17417485978966915,0.02437286819196318,0.83167139671210499,0.85604426490406815,True,False,False,False,False,False
0,500,42,0.091110713905495508,0.039775846462344402,0.85278509927215251,0.89256094573449696,True,False,False,False,False,False
0,500,43,0.094486672108202233,0.10141839910120072,0.80911431314328786,0.91053271224448862,True,False,False,False,False,False
0,500,44,0.49904673914240527,0.017723542770153079,0.55374404471497951,0.5714675874851326,True,False,False,False,False,False
0,500,45,0.29159813528732836,0.08173007425413574,0.64045304605156361,0.72218312030569931,True,False,False,False,False,True
0,500,46,0.22909535424036179,0.11068427318384857,0.61209216091389318,0.72277643409774173,True,False,False,False,False,False
0,500,47,0.4750522425626319,1.0000018843860092e-06,0.49865810527908616,0.49865910528097057,True,False,False,False,True,True
0,500,48,0.20095170599170084,0.061243261939702746,0.71207013109622019,0.77331339303592295,True,False,False,False,False,False
0,500,49,0.12755033414591907,0.034469386725123681,0.8060690279889251,0.84053841471404878,True,False,False,False,False,False
0,500,50,0.31013837749802947,0.077953655570079258,0.57208789834836937,0.65004155391844864,True,False,False,False,False,False
0,500,51,0.058308682387330529,0.014361807121809719,0.91735611028444031,0.93171791740624998,True,False,False,False,False,False
0,500,52,0.78104373216468947,0.17205986210922419,0.0041920800675475725,0.17625194217677176,True,False,False,False,False,False
0,500,53,0.8960336942188093,0.01231908574613463,1.0000000030461081e-06,0.012320085746137676,True,False,True,False,False,False
0,500,54,0.29695359167729707,0.10589967282341736,0.62524260706536494,0.73114227988878233,True,False,False,False,False,False
0,500,55,0.12515616857072209,0.096161470121076564,0.78566380135739233,0.8818252714784689,True,False,False,False,False,False
0,500,56,0.4484143564181523,0.10238786109487012,0.42243589668096382,0.5248237577758339,True,False,False,False,False,False
0,500,57,0.17842673420957864,0.05459466793420998,0.75035232298650167,0.80494699092071165,True,False,False,False,False,True
0,500,58,0.095268872775184935,0.13222416915311516,0.7706697732302572,0.90289394238337239,True,False,False,False,False,False
0,500,59,0.77725473844429926,0.13796334550991673,1.0000000000433587e-06,0.13796434550991679,True,False,True,False,False,False
0,500,60,0.18161824568730581,0.020975551691421339,0.81374355812128485,0.83471910981270614,True,False,False,False,False,False
0,500,61,0.49436739826409498,0.041749262561335883,0.41849938968659967,0.46024865224793554,True,False,False,False,False,False
0,500,62,0.97311205417386004,1.0015563020743246e-06,1.0003991320894912e-06,2.0019554341638157e-06,True,False,False,False,False,False
0,500,63,0.092390809085487358,0.016230894239937607,0.89719984996595792,0.91343074420589554,True,False,False,False,False,False
0,500,64,0.83817853331301084,0.074413618554229941,9.9999999999999995e-07,0.074414618554229942,True,False,True,False,False,False
0,500,65,0.11254830447510168,0.042273590994039635,0.83305023423066815,0.87532382522470775,True,False,False,False,False,False
0,500,66,0.12939827396305897,0.017682137715861853,0.85519461117693496,0.87287674889279676,True,False,False,False,False,False
0,500,67,0.022690148275291082,0.021215683135609512,0.95662533942319539,0.9778410225588049,True,False,False,False,False,False
0,500,68,0.45618892715372772,0.18903150264592777,0.44519407918998344,0.63422558183591127,True,False,False,False,False,True
0,500,69,0.055116327281615154,0.041022055367332978,0.89755122806107612,0.93857328342840907,True,False,False,False,False,False
0,500,70,1.1023582869620066,0.025825708970328726,1.0000000005006485e-06,0.025826708970329227,True,False,True,False,False,False
0,500,71,0.028775564062072295,0.02510975444999558,0.94296539314234851,0.96807514759234414,True,False,False,False,False,False
0,500,72,0.16929086675682289,0.0077075271017327668,0.81124438071131744,0.81895190781305016,True,False,False,False,False,False
0,500,73,0.081226090611182411,0.020386822892179076,0.90139482517905223,0.92178164807123131,True,False,False,False,False,False
0,500,74,0.45723528572778871,0.0062308781679685571,0.50374152966442987,0.50997240783239839,True,False,False,False,False,False
0,500,75,0.0069869144142790116,0.017906134249121887,0.97543445600415146,0.99334059025327337,True,False,False,False,False,False
0,500,76,0.054545650560796716,0.024838979729409863,0.91550200385444425,0.9403409835838541,True,False,False,False,False,False
0,500,77,0.15227627848066949,0.009047789448980206,0.86679126024101005,0.87583904968999027,True,False,False,False,False,False
0,500,78,0.11285834462241924,0.045037342209712707,0.83132864724982702,0.8763659894595397,True,False,False,False,False,False
0,500,79,0.15110746835951788,0.099336091911337882,0.7353986446333215,0.83473473654465935,True,False,False,False,False,True
0,500,80,0.18934740511609569,0.065524741942904405,0.76609088078170706,0.83161562272461143,True,False,False,False,False,False
0,500,81,0.42871097093284666,0.003169652660477377,0.46093098351517625,0.46410063617565361,True,False,False,False,False,False
0,500,82,0.11696880058446903,0.08302369117860893,0.78371819833357237,0.86674188951218134,True,False,False,False,False,False
0,500,83,0.01880861373506857,0.0067756983778343915,0.96986298249677705,0.97663868087461148,True,False,False,False,False,False
0,500,84,0.117140961822139,0.051957593076054583,0.82322037711570228,0.87517797019175692,True,False,False,False,False,False
0,500,85,0.17322431349265427,0.090632100151228995,0.74827065349086241,0.83890275364209144,True,False,False,False,False,False
0,500,86,0.068292966974326214,0.030673205235834302,0.89116338540876328,0.92183659064459755,True,False,False,False,False,False
0,500,87,0.28253798750969766,0.058165380112143714,0.64649128396864286,0.70465666408078653,True,False,False,False,False,False
0,500,88,0.19829671747992025,0.044171575115052923,0.74355574830948301,0.78772732342453589,True,False,False,False,False,False
0,500,89,0.077330755230655288,0.03687373301917473,0.88992359405245192,0.92679732707162665,True,False,False,False,False,False
0,500,90,0.23709228657995596,0.1317259384065145,0.67740995642818147,0.80913589483469595,True,False,False,False,False,True
0,500,91,0.059371838558351667,0.056842119846169104,0.8828760504505534,0.93971817029672255,True,False,False,False,False,False
0,500,92,0.39036722268640484,0.10977480169193718,0.52022130637055963,0.62999610806249684,True,False,False,False,False,False
0,500,93,0.1911875314707572,0.031548309190135383,0.71110600891917741,0.74265431810931282,True,False,False,False,False,False
0,500,94,0.18817223246233786,0.10329693698379061,0.75287040764139723,0.85616734462518784,True,False,False,False,False,False
0,500,95,0.19976977060321258,0.068173930190484761,0.76456022520914346,0.83273415539962825,True,False,False,False,False,False
0,500,96,0.7759122091180165,0.069520719068278627,1.0000000452116956e-06,0.069521719068323842,True,False,True,False,False,False
0,500,97,0.15109864151696037,0.052454274261297971,0.76353319398794539,0.8159874682492434,True,False,False,False,False,False
0,500,98,0.7882266329158234,0.12869062303402057,0.057574238611979744,0.18626486164600031,True,False,False,False,False,False
0,500,99,0.18414256085756978,0.087184102877465586,0.74735551239270481,0.8345396152701704,True,False,False,False,False,False
0,500,100,0.075712457785421336,0.03309985715553676,0.89955276001021034,0.9326526171657471,True,False,False,False,False,False
0,500,101,0.077372187398139988,0.027385836900355707,0.91001407579305316,0.93739991269340883,True,False,False,False,False,True
0,500,102,0.39632750093775138,0.040687361234072315,0.47474195665965452,0.51542931789372681,True,False,False,False,True,False
0,500,103,0.31269831996578806,0.10321338999493054,0.56127272471998613,0.6644861147149167,True,False,False,False,False,False
0,500,104,0.07070500481263306,0.035238205250678528,0.89055003433697344,0.925788239587652,True,False,False,False,False,False
0,500,105,0.27406132666454963,0.039496719885568229,0.64204807687909438,0.68154479676466262,True,False,False,False,False,False
0,500,106,0.5350837750694053,0.11458143658717752,0.18756857184811659,0.3021500084352941,True,False,False,False,True,False
0,500,107,0.19058848274354137,0.069314429850429113,0.72108344231134158,0.79039787216177071,True,False,False,False,False,False
0,500,108,0.25021589576874015,0.062414560064763161,0.71518945872167139,0.77760401878643459,True,False,False,False,False,False
0,500,109,0.24615428686171079,0.045683396634272358,0.72690415963122035,0.77258755626549269,True,False,False,False,False,False
0,500,110,0.2509277046225532,0.10521856005516932,0.63810082500190657,0.74331938505707584,True,False,False,False,False,False
0,500,111,0.84762721036154198,0.031680511167201761,1.0000000007873395e-06,0.031681511167202546,True,False,True,False,False,False
0,500,112,0.47714744112711516,0.038369809074487081,0.42652200659974498,0.46489181567423205,True,False,False,False,False,False
0,500,113,0.25403291457177607,0.11087744084136716,0.63175183954399816,0.74262928038536535,True,False,False,False,False,False
0,500,114,0.49767158051158855,1.0000012137800773e-06,0.46680579131890632,0.4668067913201201,True,False,False,False,False,False
0,500,115,0.11228016458844046,0.07672465905569259,0.83170492307844457,0.90842958213413716,True,False,False,False,False,False
0,500,116,0.15637680871602169,0.017731176382385049,0.8181149837532099,0.83584616013559498,True,False,False,False,False,False
0,500,117,0.11834871276711556,0.073720947359622896,0.79970704760148759,0.87342799496111045,True,False,False,False,False,False
0,500,118,0.21159276223097423,0.034833078991030698,0.73336629197405168,0.7681993709650824,True,False,False,False,False,False
0,500,119,0.38155683369034449,0.13914421308611846,0.49997091354662665,0.63911512663274506,True,False,False,False,False,False
0,500,120,0.18076141702925919,0.028254521695702292,0.77501757011417205,0.80327209180987436,True,False,False,False,False,False
0,500,121,0.78549001910591276,0.091512397153129255,9.9999999999999995e-07,0.091513397153129256,True,False,True,False,False,False
0,500,122,0.085749005812135834,0.087654795743934547,0.83003867962252864,0.91769347536646317,True,False,False,False,False,False
0,500,123,0.78494069922818932,0.1101715930294332,1.0000000000158721e-06,0.11017259302943322,True,False,True,False,False,False
0,500,124,0.018640313764568591,0.02989860277619958,0.94874816530145878,0.97864676807765838,True,False,False,False,False,False
0,500,125,0.16592249519112365,0.07034806574385144,0.76415994940699106,0.8345080151508425,True,False,False,False,False,False
0,500,126,0.055426082530993973,0.0085396822029320061,0.92367755401976115,0.93221723622269315,True,False,False,False,False,False
0,500,127,0.9218911488837046,0.092766084243526489,9.9999999999999995e-07,0.09276708424352649,True,False,True,False,False,False
0,500,128,0.34828984764073029,0.033330291169543363,0.60543042685263093,0.63876071802217427,True,False,False,False,False,False
0,500,129,0.22875303753387183,0.055821557907554796,0.76507635701066901,0.82089791491822384,True,False,False,False,False,False
0,500,130,0.17022987701880729,0.06433214153495416,0.77622560328542367,0.84055774482037782,True,False,False,False,False,False
0,500,131,0.68655037587766332,0.1099982759597965,0.20257002390491932,0.31256829986471579,True,False,False,False,False,False
0,500,132,0.85645633315911596,0.00074231725107357462,9.9999999999999995e-07,0.00074331725107357465,True,False,True,False,False,False
0,500,133,0.086330701984830366,0.035439336666499351,0.8771684102699373,0.91260774693643665,True,False,False,False,False,False
0,500,134,0.26217114220344195,0.046366649829826453,0.73648685340177211,0.78285350323159852,True,False,False,False,False,False
0,500,135,0.31080782971236381,0.094338620844154536,0.57894193209550648,0.67328055293966105,True,False,False,False,False,False
0,500,136,0.086005185352047792,0.030086777234918795,0.89045111437047086,0.92053789160538968,True,False,False,False,False,False
0,500,137,0.80588353638853127,0.11515659105832711,9.9999999999999995e-07,0.11515759105832711,True,False,True,False,False,False
0,500,138,0.65120982197898425,0.17927632107067315,0.22697809816477985,0.40625441923545302,True,False,False,False,False,False
0,500,139,0.086020403817206242,0.057823294370751122,0.8538043429657457,0.91162763733649688,True,False,False,False,False,False
0,500,140,0.61941936001779618,0.13308302522288287,0.22736798613169526,0.36045101135457813,True,False,False,False,False,False
0,500,141,0.82328078888359768,0.077866976824229328,9.9999999999999995e-07,0.077867976824229329,True,False,True,False,True,False
0,500,142,0.060883994195560814,0.021616902663479081,0.91683749581203311,0.93845439847551215,True,False,False,False,False,False
0,500,143,0.34537407018156951,0.053107519475126264,0.58678377852606078,0.63989129800118705,True,False,False,False,True,False
0,500,144,0.27392963033355161,0.13504470564105472,0.66640284495627977,0.80144755059733452,True,False,False,False,False,False
0,500,145,0.93129762578513942,0.02957556395154505,9.9999999999999995e-07,0.029576563951545051,True,False,True,False,False,False
0,500,146,0.045358642140211049,0.034422052170426307,0.9236016386569903,0.95802369082741656,True,False,False,False,False,True
0,500,147,0.091173740634691705,0.088026291124522885,0.82160915361621478,0.90963544474073765,True,False,False,False,False,True
0,500,148,0.40260810575939981,0.096635248452398154,0.58224002339169045,0.67887527184408858,True,False,False,False,False,False
0,500,149,0.13304192181676755,0.1149084042645421,0.79367631626751967,0.90858472053206174,True,False,False,False,False,False
0,500,150,0.10424574992202346,0.1150055654191712,0.78960072179687812,0.9046062872160493,True,False,False,False,False,False
0,500,151,0.74024150081090112,0.17177599909620583,1.0000001038507853e-06,0.1717769990963097,True,False,True,False,False,False
0,500,152,0.060367771225282578,0.03018395036257147,0.90745611515213442,0.93764006551470591,True,False,False,False,False,False
0,500,153,0.45657296232918915,0.25304190437277824,0.39375487377690532,0.6467967781496835,True,False,False,False,False,False
0,500,154,0.40694473622197086,0.063329412677502001,0.44669674015541933,0.5100261528329213,True,False,False,False,False,False
0,500,155,0.13794423373059561,0.053736419562373267,0.78965575235674468,0.84339217191911797,True,False,False,False,False,False
0,500,156,0.20525460205741264,0.050380459000877884,0.71778354771078656,0.7681640067116644,True,False,False,False,False,False
0,500,157,0.23349488073895863,0.038273372447604023,0.6981965830804715,0.73646995552807548,True,False,False,False,False,False
0,500,158,1.0377350081127483,1.0000000000010001e-06,1.0000000000287557e-06,2.0000000000297558e-06,True,False,True,False,False,False
0,500,159,0.17258594123301957,0.13319777139006284,0.68120180072713066,0.81439957211719349,True,False,False,False,False,False
0,500,160,0.75285100636235236,1.0015406985558473e-06,1.0003690832371959e-06,2.0019097817930431e-06,True,False,False,False,False,False
0,500,161,0.20994560677646332,0.13795588751175353,0.63837143301534305,0.77632732052709663,True,False,False,False,True,False
0,500,162,0.52326650954210441,1.0000024522442696e-06,0.47130787933185553,0.47130887933430776,True,False,False,False,False,True
0,500,163,0.51184715727677299,1.0000000000010001e-06,0.48061062046452807,0.4806116204645281,True,False,True,False,True,True
0,500,164,0.16783854700447101,0.049029091901136468,0.79536603515887971,0.84439512706001618,True,False,False,False,False,False
0,500,165,0.13799421272657031,0.0821176344568572,0.78736321383059127,0.86948084828744843,True,False,False,False,False,False
0,500,166,0.54460661931206222,0.086685318007130099,0.37525285316046703,0.46193817116759711,True,False,False,False,False,False
0,500,167,0.077097970264434754,0.036801029151680736,0.88180162907875959,0.91860265823044029,True,False,False,False,False,True
0,500,168,0.038362047849312922,0.033277966870731347,0.92718380646795107,0.96046177333868243,True,False,False,False,False,False
0,500,169,0.87187263836822737,1.0000000000010001e-06,1.0000000000287557e-06,2.0000000000297558e-06,True,False,True,False,False,False
0,500,170,0.057900152373683754,0.02760736122966307,0.9114454548422668,0.93905281607192992,True,False,False,False,False,False
0,500,171,0.28996227766906724,0.0091952280175136934,0.70420416253653084,0.71339939055404455,True,False,False,False,False,False
0,500,172,0.39665302478321579,0.084157428545155441,0.53351338053186259,0.61767080907701799,True,False,False,False,False,False
0,500,173,0.61321101054071969,0.17989012494814929,0.19741653968338313,0.3773066646315324,True,False,False,False,False,False
0,500,174,0.070512091465976298,0.052061878703478566,0.87793043524083303,0.92999231394431159,True,False,False,False,False,False
0,500,175,0.55919382054916378,1.0000000000010001e-06,0.45796176239438813,0.45796276239438816,True,False,True,False,False,False
0,500,176,0.31277486795150861,0.076034451614505491,0.68262513247943823,0.75865958409394374,True,False,False,False,False,True
0,500,177,0.31383251470367474,0.073242723295954132,0.61837250440474756,0.69161522770070172,True,False,False,False,False,False
0,500,178,1.0598984575808827,1.0000000000010001e-06,1.0000000000287557e-06,2.0000000000297558e-06,True,False,True,False,False,False
0,500,179,0.057363590543045816,0.039830434667816182,0.89650530300829834,0.93633573767611455,True,False,False,False,False,False
0,500,180,0.35900102880586782,0.052505103244361265,0.64177715789803458,0.69428226114239588,True,False,False,False,False,False
0,500,181,0.1285151325135914,0.032630955857329093,0.83277210765501519,0.86540306351234431,True,False,False,False,False,False
0,500,182,0.10261781407257288,0.085023899294059402,0.80769024608140239,0.89271414537546179,True,False,False,False,False,False
0,500,183,0.25489939884130042,0.12733891472831002,0.65713587968424325,0.7844747944125533,True,False,False,False,False,False
0,500,184,0.17540708145116696,0.080584557501663434,0.71362644437140177,0.79421100187306526,True,False,False,False,True,False
0,500,185,0.69800732516717223,0.10007521575293749,0.16757618919508152,0.26765140494801898,True,False,False,False,False,False
0,500,186,0.073345241644524273,0.062218949573851157,0.85608961996040411,0.91830856953425521,True,False,False,False,False,False
0,500,187,0.5412513562437512,0.02851430596283859,0.49171245597685664,0.52022676193969519,True,False,False,False,False,False
0,500,188,0.23822999138630357,0.019459635878822087,0.73514712288963346,0.75460675876845551,True,False,False,False,False,False
0,500,189,0.87460046523120938,0.012211474624755862,1.0000000000287557e-06,0.01221247462475589,True,False,True,False,False,False
0,500,190,0.7263966797403737,0.14724832952578515,0.24616741188817778,0.39341574141396296,True,False,False,False,False,False
0,500,191,0.92086305024838999,0.058965577208633817,9.9999999999999995e-07,0.058966577208633818,True,False,True,False,False,False
0,500,192,0.067700988947380164,0.066594377425267415,0.8686837949503291,0.93527817237559652,True,False,False,False,False,False
0,500,193,0.95264232309618491,0.11190653330013998,1.0000000000005114e-06,0.11190753330013999,True,False,True,False,True,False
0,500,194,0.04384174249878689,0.015319648843137076,0.93815555835659048,0.95347520719972756,True,False,False,False,False,False
0,500,195,0.99281191865185137,0.12766426206872988,9.9999999999999995e-07,0.12766526206872988,True,False,True,False,False,False
0,500,196,0.28888970586765716,0.11407854240830555,0.54603217334925491,0.66011071575756042,True,False,False,False,False,True
0,500,197,0.10258130080622685,0.039451743778311718,0.85517651121405047,0.8946282549923622,True,False,False,False,False,False
0,500,198,0.32742799504094611,0.057803496784172452,0.6506852693914027,0.7084887661755751,True,False,False,False,False,False
0,500,199,0.2298394816038426,0.067623206736327296,0.66858005991414782,0.73620326665047509,True,False,False,False,True,True
0,1000,0,0.22840611979780309,0.10187349545091604,0.6640634265959614,0.76593692204687747,True,False,False,False,False,False
0,1000,1,0.16623733584056144,0.075325955204770867,0.76986814508604784,0.84519410029081876,True,False,False,False,False,False
0,1000,2,0.15050878039201623,0.064293132529039676,0.80516771697609568,0.86946084950513536,True,False,False,False,False,False
0,1000,3,0.18630901307349182,0.074378560410953878,0.75291100229431374,0.82728956270526766,True,False,False,False,False,False
0,1000,4,0.37259864601889303,0.022333679487267243,0.53690778474745637,0.55924146423472365,True,False,False,False,False,False
0,1000,5,0.53261049545062189,0.062495180828727549,0.42128824110341673,0.4837834219321443,True,False,False,False,False,False
0,1000,6,0.097663473976153992,0.030825397773880173,0.87053593317525302,0.90136133094913318,True,False,False,False,False,True
0,1000,7,0.097078461385072312,0.034080734706466713,0.87263355432349987,0.90671428902996654,True,False,False,False,False,True
0,1000,8,0.11065596781732248,0.033793893576230652,0.86044294646284392,0.89423684003907455,True,False,False,False,False,False
0,1000,9,0.150631783082469,0.021829086558154753,0.81933611033764775,0.84116519689580249,True,False,False,False,False,False
0,1000,10,0.072789894888630469,0.04855044838137184,0.88433747717097599,0.93288792555234779,True,False,False,False,False,False
0,1000,11,0.14104772526153359,0.037511648937589612,0.83630781043088542,0.87381945936847505,True,False,False,False,False,False
0,1000,12,0.28310424720420629,0.071882491300157461,0.62689590932955019,0.69877840062970764,True,False,False,False,False,False
0,1000,13,0.41340829219557668,0.023954819616771726,0.56031619998912019,0.58427101960589189,True,False,False,False,False,False
0,1000,14,0.19251225775657158,0.056903075483768897,0.74867326666685308,0.80557634215062202,True,False,False,False,False,False
0,1000,15,0.22144692075149144,0.17049367122787379,0.63168987235437557,0.8021835435822493,True,False,False,False,False,False
0,1000,16,0.1684636831917076,0.052173060912365697,0.78064632356299735,0.83281938447536308,True,False,False,False,False,True
0,1000,17,0.34556356740991784,0.058103329166355189,0.57545817636808549,0.63356150553444068,True,False,False,False,False,False
0,1000,18,0.26045646557799729,0.10334489433279322,0.68619819656262848,0.78954309089542174,True,False,False,False,False,True
0,1000,19,0.10993321244279808,0.044653102740119771,0.84803155612092951,0.89268465886104931,True,False,False,False,False,False
0,1000,20,0.115675114563477,0.074529206971387929,0.8136779010147448,0.88820710798613267,True,False,False,False,False,True
0,1000,21,0.14704496450510054,0.057555302563181789,0.8057547705501763,0.86331007311335806,True,False,False,False,False,False
0,1000,22,0.05953497689767917,0.02812025311039457,0.91432989402537612,0.94245014713577069,True,False,False,False,False,False
0,1000,23,0.095963963077915576,0.024259120408921888,0.89363962310438194,0.91789874351330381,True,False,False,False,False,False
0,1000,24,0.0065769233860026857,0.0031249992247036058,0.98999999999999999,0.99312499922470354,True,False,False,True,False,False
0,1000,25,0.4825954815781387,0.096514016203106776,0.3586803622908446,0.45519437849395139,True,False,False,False,False,False
0,1000,26,0.1204922454755325,0.041171688643083251,0.83120223335965471,0.872373922002738,True,False,False,False,False,False
0,1000,27,0.113170378138468,0.018327332101260179,0.8697171010590462,0.88804443316030635,True,False,False,False,False,False
0,1000,28,0.33239938722839785,0.081540968655337789,0.65651069734704137,0.73805166600237915,True,False,False,False,False,False
0,1000,29,0.51006713710750451,1.0000000000010001e-06,0.47005716955158039,0.47005816955158042,True,False,True,False,False,False
0,1000,30,0.10658170293751863,0.023215879023111261,0.86258130572898017,0.88579718475209146,True,False,False,False,False,False
0,1000,31,0.38413069062572414,0.069719966068848935,0.52661961576861493,0.59633958183746383,True,False,False,False,True,False
0,1000,32,0.67630162255953741,0.054965074592486451,0.1842194458398802,0.23918452043236665,True,False,False,False,False,False
0,1000,33,0.74295524987511696,0.049549701715210788,0.30200762417515437,0.35155732589036515,True,False,False,False,False,False
0,1000,34,0.040767205845044972,0.019409828420509655,0.94226355748599777,0.96167338590650742,True,False,False,False,False,False
0,1000,35,0.24789921490651051,0.060109616843996627,0.703700774494043,0.76381039133803963,True,False,False,False,False,False
0,1000,36,0.096325643656514165,0.054128134497434734,0.83637269335084174,0.89050082784827644,True,False,False,False,False,False
0,1000,37,0.055392975861821965,0.037129044310701215,0.90140735048061271,0.9385363947913139,True,False,False,False,False,False
0,1000,38,0.03915294669751436,0.03707109156958302,0.92566491841932153,0.96273600998890452,True,False,False,False,False,False
0,1000,39,0.18924962090623776,0.083833710620737592,0.72756862956865576,0.81140234018939339,True,False,False,False,False,False
0,1000,40,0.34132967616782944,0.078726833353670131,0.58855899759725794,0.66728583095092808,True,False,False,False,False,False
0,1000,41,0.10447752171390404,0.029591567496932304,0.88686534889790702,0.91645691639483928,True,False,False,False,False,True
0,1000,42,0.10390925590337542,0.026117045855075977,0.84745999313041265,0.87357703898548866,True,False,False,False,False,False
0,1000,43,0.079030335583139641,0.066204646839692044,0.84898829220973349,0.91519293904942556,True,False,False,False,False,False
0,1000,44,0.060053123688921031,0.014993234806558224,0.92999887521517566,0.94499211002173389,True,False,False,False,False,True
0,1000,45,0.13859761953117877,0.0748244958302407,0.78359919310924731,0.85842368893948806,True,False,False,False,False,True
0,1000,46,0.22273047988313519,0.083476399222931638,0.69001089851510322,0.77348729773803482,True,False,False,False,False,False
0,1000,47,0.22478208842482669,0.035554260369607606,0.71865614456586302,0.75421040493547065,True,False,False,False,False,True
0,1000,48,0.60285459005262121,0.10198964841476515,0.24507352087635148,0.34706316929111664,True,False,False,False,False,False
0,1000,49,0.084856070629676372,0.017285230618110929,0.88838266796199927,0.90566789858011021,True,False,False,False,False,False
0,1000,50,0.3452012852452222,0.12396068791754075,0.48904430673115223,0.61300499464869296,True,False,False,False,False,False
0,1000,51,0.04113231563458699,0.012387550437302153,0.94009532920583805,0.95248287964314016,True,False,False,False,False,False
0,1000,52,0.6070491730829658,0.099981389006299576,0.22528166976726369,0.32526305877356326,True,False,False,False,False,False
0,1000,53,0.94232694952862472,0.025406511807626077,9.9999999999999995e-07,0.025407511807626078,True,False,True,False,False,False
0,1000,54,0.21681622804368109,0.07150865591237951,0.72883287943939656,0.8003415353517761,True,False,False,False,False,False
0,1000,55,0.16045863154518786,0.097512109169394345,0.75012863372922589,0.84764074289862024,True,False,False,False,False,False
0,1000,56,0.35342065147105473,0.11608490429175621,0.5276508350670962,0.64373573935885242,True,False,False,False,False,False
0,1000,57,0.10666322542635828,0.045619094761869219,0.84094485479480074,0.88656394955666995,True,False,False,False,False,True
0,1000,58,0.13569957132251936,0.088097057521114505,0.76940681028635605,0.85750386780747057,True,False,False,False,False,False
0,1000,59,0.080790202830606492,0.026292697763849432,0.89085561888863529,0.91714831665248475,True,False,False,False,False,False
0,1000,60,0.039629571503636232,0.033635180865262189,0.93107459230440082,0.964709773169663,True,False,False,False,False,False
0,1000,61,0.67853070073370159,0.037190506754605064,0.19383775063464739,0.23102825738925245,True,False,False,False,False,False
0,1000,62,0.52656535531629156,1.0000000000010001e-06,0.47895019447412224,0.47895119447412227,True,False,True,False,False,False
0,1000,63,0.95237145948244561,0.02834519189810332,9.9999999999999995e-07,0.028346191898103321,True,False,True,False,False,False
0,1000,64,0.30447016912025965,0.07816451920790167,0.59752854632162267,0.67569306552952435,True,False,False,False,False,False
0,1000,65,0.072310632549640722,0.043414101704692225,0.88284378543008979,0.92625788713478197,True,False,False,False,False,False
0,1000,66,0.11023397001208199,0.015907218483145014,0.87372746773438437,0.88963468621752939,True,False,False,False,False,False
0,1000,67,0.6873644977060277,0.051565974340460723,0.25768638877812489,0.30925236311858562,True,False,False,False,False,False
0,1000,68,0.13398923765085577,0.083000800151037585,0.79778526772577585,0.88078606787681346,True,False,False,False,False,True
0,1000,69,0.079532868865123327,0.025503385443749096,0.88451019515318297,0.91001358059693205,True,False,False,False,False,False
0,1000,70,0.23527004206694674,0.045431159655661781,0.72991608076474535,0.77534724042040715,True,False,False,False,False,False
0,1000,71,0.071637761259494254,0.033364109725015731,0.89646902772931047,0.92983313745432616,True,False,False,False,False,True
0,1000,72,0.12407325763135504,0.02109095945492238,0.85543631656571473,0.87652727602063707,True,False,False,False,False,False
0,1000,73,0.091560011833338964,0.026071368559827952,0.88350620033835381,0.90957756889818175,True,False,False,False,False,False
0,1000,74,0.28183054269037422,0.021080331590553211,0.6806873851394335,0.70176771672998672,True,False,False,False,False,False
0,1000,75,0.52199751842364295,0.067827698360846886,0.43401193217597339,0.50183963053682024,True,False,False,False,False,False
0,1000,76,0.15256759584622231,0.0082667784205120633,0.82301873104391809,0.83128550946443014,True,False,False,False,False,False
0,1000,77,0.62325415876264512,0.045635233359002526,0.39809482773439009,0.44373006109339264,True,False,False,False,False,False
0,1000,78,0.12682773862230023,0.065948564821650235,0.7995750597298964,0.86552362455154663,True,False,False,False,False,False
0,1000,79,0.10109786617460829,0.065497745657049425,0.82609406175505895,0.89159180741210842,True,False,False,False,False,True
0,1000,80,0.1760179005666398,0.057396054497399977,0.77389889027958192,0.83129494477698185,True,False,False,False,False,False
0,1000,81,0.02708234370903724,0.017466903207273982,0.9537037496552675,0.97117065286254145,True,False,False,False,False,False
0,1000,82,0.16954735975393806,0.063541981414832083,0.75003725808135335,0.81357923949618538,True,False,False,False,False,False
0,1000,83,0.21164800988892235,0.038972455327380376,0.71391250695132225,0.75288496227870261,True,False,False,False,False,False
0,1000,84,0.084480065780392549,0.069232659922623813,0.8541419902950087,0.92337465021763254,True,False,False,False,False,False
0,1000,85,0.23293410483655719,0.10343461494583316,0.69531567245511983,0.798750287400953,True,False,False,False,False,False
0,1000,86,0.79409462274334963,0.031065447147997225,1.0000000000018675e-06,0.031066447147997226,True,False,True,False,False,False
0,1000,87,0.25976350573783308,0.090365844217230928,0.63282573615860249,0.72319158037583342,True,False,False,False,False,False
0,1000,88,0.13525147773336027,0.022691758775448653,0.83850790578325052,0.86119966455869912,True,False,False,False,False,False
0,1000,89,0.083382058538372217,0.049908320915972047,0.87186557175116397,0.92177389266713605,True,False,False,False,False,False
0,1000,90,0.20505356441354547,0.096250957477104881,0.70863376247787757,0.80488471995498245,True,False,False,False,False,True
0,1000,91,0.062978590331618914,0.040711487885023004,0.89536656147843663,0.93607804936345962,True,False,False,False,False,False
0,1000,92,0.33386065024721623,0.081245111287886196,0.58454025105370278,0.66578536234158903,True,False,False,False,False,False
0,1000,93,0.11140249081333919,0.098034638431808457,0.76821541991211317,0.86625005834392166,True,False,False,False,False,False
0,1000,94,0.17614754467713722,0.062724364161183419,0.78780670181100387,0.85053106597218731,True,False,False,False,False,False
0,1000,95,0.1669483855531059,0.045623045111970913,0.79812255991620307,0.84374560502817397,True,False,False,False,False,False
0,1000,96,0.10854058500761692,0.037762491111328504,0.84199165044874669,0.87975414156007514,True,False,False,False,False,False
0,1000,97,0.11755131639704444,0.042193702761614847,0.8261234333683799,0.86831713612999473,True,False,False,False,False,False
0,1000,98,0.090000828272258596,0.045787552401501966,0.86037523101241065,0.90616278341391265,True,False,False,False,False,False
0,1000,99,0.14659908438305325,0.10101600403290568,0.76894792611224616,0.86996393014515183,True,False,False,False,False,False
0,1000,100,0.049825341489874143,0.032210180276977363,0.91800426162223669,0.950214441899214,True,False,False,False,False,False
0,1000,101,0.078717503777640516,0.036973401449062054,0.89010533823150118,0.9270787396805632,True,False,False,False,False,False
0,1000,102,0.32459099292076876,0.045796271157595006,0.58258177729200722,0.62837804844960221,True,False,False,False,False,False
0,1000,103,0.42868299568426926,0.053712891862288656,0.48021760602463814,0.53393049788692681,True,False,False,False,False,False
0,1000,104,0.09810680165864033,0.049236908310666232,0.84644451201085369,0.89568142032151987,True,False,False,False,False,False
0,1000,105,0.0051337749136236557,0.0085155195372069881,0.98659590685557996,0.99511142639278694,True,False,False,False,False,False
0,1000,106,0.042550891048190896,0.058680890250565054,0.89813702125970574,0.95681791151027085,True,False,False,False,False,False
0,1000,107,0.10787121208802403,0.029014671716335958,0.85778134349968704,0.88679601521602303,True,False,False,False,False,False
0,1000,108,0.18069283409470152,0.042393486943086332,0.78450390427208194,0.82689739121516825,True,False,False,False,False,False
0,1000,109,0.12391011807448328,0.052379194870485465,0.83914391302973113,0.8915231079002166,True,False,False,False,False,False
0,1000,110,0.33291949757321004,0.097543084184429515,0.58855563069538719,0.68609871487981666,True,False,False,False,False,False
0,1000,111,0.20894594641629533,0.016152324889429186,0.76057390274642855,0.77672622763585775,True,False,False,False,False,False
0,1000,112,0.53663794119559671,0.037840746568366293,0.38191853173268747,0.41975927830105375,True,False,False,False,False,False
0,1000,113,0.18125646966310491,0.05247847576310638,0.76348126374345882,0.8159597395065652,True,False,False,False,False,False
0,1000,114,0.37931952506849087,0.005466919859795364,0.59129850773479808,0.5967654275945935,True,False,False,False,True,False
0,1000,115,0.087349844247156319,0.057931077440157561,0.85846160443052566,0.91639268187068323,True,False,False,False,False,False
0,1000,116,0.32796159903477445,0.044440805468834443,0.63449892977506439,0.67893973524389883,True,False,False,False,False,False
0,1000,117,0.28020888714687836,0.069086999405195929,0.62806005085822769,0.69714705026342361,True,False,False,False,False,False
0,1000,118,0.23969408472399134,0.027628482492602559,0.72293319489176577,0.7505616773843683,True,False,False,False,False,False
0,1000,119,0.35482533066251015,0.11641347119261354,0.54574435702455637,0.66215782821716995,True,False,False,False,False,False
0,1000,120,0.11584392339919468,0.036169637682159021,0.85024256195998449,0.88641219964214346,True,False,False,False,False,False
0,1000,121,0.14893044641880779,0.094319650271376676,0.74614770061115121,0.84046735088252789,True,False,False,False,False,False
0,1000,122,0.15304784647582786,0.070120758310513717,0.79309353609541067,0.86321429440592434,True,False,False,False,False,False
0,1000,123,0.42478586876085278,1.0000000131293874e-06,0.50961817209211357,0.5096191720921267,True,False,True,False,False,False
0,1000,124,0.081158162333952219,0.022175988275726748,0.8860850701048204,0.90826105838054716,True,False,False,False,False,False
0,1000,125,0.15631759958783326,0.059278037267658103,0.78760783475651908,0.8468858720241772,True,False,False,False,False,False
0,1000,126,0.097029595156510079,0.027665918043078008,0.86520488347337932,0.89287080151645737,True,False,False,False,False,False
0,1000,127,0.93384426902076179,0.048133998161300921,9.9999999999999995e-07,0.048134998161300922,True,False,True,False,False,False
0,1000,128,0.21608526835196534,0.052627750727258164,0.74897858243537507,0.80160633316263319,True,False,False,False,False,False
0,1000,129,0.13656058944201466,0.062936569333331999,0.82379773640772236,0.88673430574105438,True,False,False,False,False,False
0,1000,130,0.094587043860131267,0.071667318967746876,0.83432590787515393,0.90599322684290085,True,False,False,False,False,False
0,1000,131,0.59529436061556429,0.16374547993327884,0.21087405171180876,0.3746195316450876,True,False,False,False,False,False
0,1000,132,0.066937582386241742,0.0081037329989831781,0.91484278485006232,0.92294651784904547,True,False,False,False,False,False
0,1000,133,0.12918282852553495,0.091506765833913553,0.78032768442218881,0.8718344502561024,True,False,False,False,False,False
0,1000,134,0.19297519575258146,0.043616242296436292,0.77337969538872275,0.81699593768515899,True,False,False,False,False,False
0,1000,135,0.25598452500071839,0.039165959116610229,0.68666924237782168,0.72583520149443193,True,False,False,False,False,True
0,1000,136,0.14033245621625176,0.030918313289692391,0.84155016644529712,0.87246847973498953,True,False,False,False,False,False
0,1000,137,0.21332892658933961,0.050076310625921626,0.71304288866986554,0.7631191992957872,True,False,False,False,False,False
0,1000,138,0.29368979479040769,0.10394205140058754,0.61474376261397945,0.71868581401456699,True,False,False,False,False,False
0,1000,139,0.080799583443360731,0.05199152426332633,0.86687829594339705,0.91886982020672336,True,False,False,False,False,False
0,1000,140,0.70971017255366342,0.10531539605589012,0.18111426613014911,0.28642966218603921,True,False,False,False,False,False
0,1000,141,0.90293258735960436,0.038668208672081483,9.9999999999999995e-07,0.038669208672081484,True,False,True,False,True,False
0,1000,142,0.053198978174597844,0.034163141936268016,0.90978825866806401,0.94395140060433202,True,False,False,False,False,False
0,1000,143,0.12703213911437605,0.042673836656663161,0.82348807295827664,0.86616190961493977,True,False,False,False,False,False
0,1000,144,0.27315736618151487,0.077723542837465687,0.7071918701522365,0.78491541298970224,True,False,False,False,False,False
0,1000,145,0.23832081634577823,0.021526195266814072,0.73706301523319684,0.75858921050001094,True,False,False,False,False,False
0,1000,146,0.035995003974833038,0.035049136533692106,0.92713162342038724,0.96218075995407937,True,False,False,False,False,True
0,1000,147,0.3456492270690002,0.12023202024840079,0.53361505190875536,0.6538470721571561,True,False,False,False,False,True
0,1000,148,0.28108161497501138,0.066451498573774581,0.67531930069872592,0.74177079927250045,True,False,False,False,False,False
0,1000,149,0.11488743178678655,0.076338157019870956,0.82222090456419528,0.89855906158406618,True,False,False,False,False,False
0,1000,150,0.14239173813001882,0.092039408484445875,0.78494949428435579,0.8769889027688017,True,False,False,False,False,False
0,1000,151,0.56268031831447074,0.088322348778756124,0.35392517338106189,0.442247522159818,True,False,False,False,False,False
0,1000,152,0.31542659039220589,0.07065593152447576,0.60254851610880367,0.67320444763327947,True,False,False,False,False,False
0,1000,153,0.19490302934047574,0.13701889537459033,0.71122826198932776,0.84824715736391809,True,False,False,False,False,False
0,1000,154,0.49784488771634039,0.072377673935769687,0.37032179295268453,0.44269946688845419,True,False,False,False,False,False
0,1000,155,0.25535124891347732,0.059784333395314034,0.67343006572399633,0.73321439911931041,True,False,False,False,False,False
0,1000,156,0.070697631678058523,0.056629766268952469,0.86927631198940813,0.92590607825836058,True,False,False,False,False,False
0,1000,157,0.08088125938860119,0.046858959567700628,0.88376118013024518,0.93062013969794577,True,False,False,False,False,False
0,1000,158,0.97971786064099786,1.0000000000010001e-06,1.0000000000287557e-06,2.0000000000297558e-06,True,False,True,False,False,False
0,1000,159,0.16746238035982849,0.085787358674394049,0.73271012681308878,0.8184974854874828,True,False,False,False,False,False
0,1000,160,0.060473215526408532,0.034981000271439695,0.90163604900554295,0.93661704927698264,True,False,False,False,False,False
0,1000,161,0.097464716425560829,0.080118709317512998,0.81987162743144315,0.89999033674895612,True,False,False,False,True,False
0,1000,162,0.22117648790023192,0.030680020066628146,0.73876408851089759,0.76944410857752576,True,False,False,False,False,True
0,1000,163,0.46287167258751016,1.0000092048600973e-06,0.49850825195390691,0.4985092519631118,True,False,False,False,True,True
0,1000,164,0.16829718971953297,0.03851946219824353,0.80081252635403177,0.83933198855227531,True,False,False,False,False,False
0,1000,165,0.16193237363392143,0.084883268093105271,0.75575698639985789,0.8406402544929632,True,False,False,False,False,False
0,1000,166,0.39349066371064884,0.092730280900081688,0.48191755817588555,0.57464783907596728,True,False,False,False,False,False
0,1000,167,0.056112388156659442,0.027312629534472017,0.90964039086817849,0.93695302040265049,True,False,False,False,False,True
0,1000,168,0.065735154876237337,0.021205567092955274,0.91566594349696995,0.93687151058992524,True,False,False,False,False,False
0,1000,169,0.22834301502513385,0.01614423426518349,0.711196365137584,0.72734059940276752,True,False,False,False,False,False
0,1000,170,0.068650735246452835,0.026621553557123593,0.90227989244267104,0.92890144599979463,True,False,False,False,False,False
0,1000,171,0.92065066413883212,1.0000000000010001e-06,1.0000000000287557e-06,2.0000000000297558e-06,True,False,True,False,False,False
0,1000,172,0.54518682469025304,0.036372110453726167,0.4374095541896651,0.47378166464339128,True,False,False,False,False,False
0,1000,173,0.40781674210947827,0.087957015088988164,0.49659876908843836,0.58455578417742649,True,False,False,False,False,False
0,1000,174,0.13333088819527616,0.055033215692409002,0.82414984528836821,0.87918306098077725,True,False,False,False,False,False
0,1000,175,0.10533660023317523,0.022044909810430509,0.87005567702893005,0.89210058683936055,True,False,False,False,False,False
0,1000,176,0.13703635684593557,0.040506023738969936,0.83464734815031372,0.87515337188928366,True,False,False,False,False,True
0,1000,177,0.19198435718160847,0.054081943186593824,0.7564900030955235,0.81057194628211737,True,False,False,False,False,False
0,1000,178,0.96610121312467412,0.046264891353546563,1.0002314510287835e-06,0.046265891584997589,True,False,False,False,False,False
0,1000,179,0.15023839506281911,0.069051833970312476,0.77343003219802842,0.84248186616834086,True,False,False,False,False,False
0,1000,180,0.058300313988240544,0.019429969285007623,0.92545860590364271,0.94488857518865033,True,False,False,False,False,False
0,1000,181,0.21798541210662845,0.084455602582447734,0.71750461537810528,0.80196021796055306,True,False,False,False,False,False
0,1000,182,0.21618853611697542,0.13911258917113997,0.65836212177715148,0.79747471094829148,True,False,False,False,False,False
0,1000,183,0.0920913947423527,0.054802033260674898,0.86241692691221539,0.91721896017289029,True,False,False,False,False,False
0,1000,184,0.06565820284246833,0.062234728930368861,0.86827017402835738,0.93050490295872623,True,False,False,False,True,False
0,1000,185,0.73894714303515996,0.13623038655045849,0.089229246647600444,0.22545963319805895,True,False,False,False,False,False
0,1000,186,0.25314893702220392,0.13169857669626003,0.59291476912209995,0.72461334581836001,True,False,False,False,False,False
0,1000,187,0.42902941266581662,0.03801310105329804,0.58001115489656541,0.61802425594986343,True,False,False,False,False,False
0,1000,188,0.23399992619507937,0.055519683929464915,0.69651324678503568,0.75203293071450061,True,False,False,False,False,False
0,1000,189,0.13357801097591418,0.010442315135993451,0.83617003602591156,0.84661235116190503,True,False,False,False,False,False
0,1000,190,0.71351385426385261,0.085465625255938704,0.26446182788134043,0.34992745313727913,True,False,False,False,False,False
0,1000,191,0.072394196402004687,0.014051414600723872,0.9136183797045011,0.927669794305225,True,False,False,False,False,False
0,1000,192,0.078765583007250242,0.042544491416864776,0.87520049813005862,0.91774498954692341,True,False,False,False,False,False
0,1000,193,0.13626798094507114,0.036544253194399579,0.83558927309471021,0.87213352628910978,True,False,False,False,True,False
0,1000,194,0.11927724043676127,0.069893934239605188,0.81256233475449524,0.88245626899410046,True,False,False,False,False,False
0,1000,195,1.0046843821802132,0.057853568862398778,0.024206850313394406,0.082060419175793181,True,False,False,False,False,False
0,1000,196,0.19869413615870762,0.11381222228818909,0.66866883723027959,0.78248105951846869,True,False,False,False,False,False
0,1000,197,0.11819515416233693,0.05234115616457289,0.82189510476220762,0.87423626092678053,True,False,False,False,False,False
0,1000,198,0.25108907118280338,0.054099374259800562,0.72109946977859463,0.77519884403839523,True,False,False,False,False,False
0,1000,199,0.30430587325001662,0.067324134161953111,0.5797343355831136,0.64705846974506676,True,False,False,False,False,True
0,2000,0,0.12268273507891339,0.056615855260654956,0.82138630569489313,0.87800216095554806,True,False,False,False,False,False
0,2000,1,0.12539121175814125,0.049827314970924498,0.83058412744346166,0.88041144241438618,True,False,False,False,False,False
0,2000,2,0.02435465082659841,0.022802365600917272,0.95380105562507367,0.97660342122599098,True,False,False,False,False,False
0,2000,3,0.21572731765569531,0.04420239009774015,0.75201477852948484,0.79621716862722502,True,False,False,False,False,False
0,2000,4,0.23566582080295714,0.017294781582604474,0.7237952607734599,0.74109004235606435,True,False,False,False,False,False
0,2000,5,0.17085111496837904,0.042429750524094999,0.78558912318161978,0.82801887370571481,True,False,False,False,False,False
0,2000,6,0.31986981011633664,0.048411632248316842,0.62358930529988543,0.67200093754820223,True,False,False,False,False,True
0,2000,7,0.09350466460393865,0.044405025149469673,0.86652335906424682,0.91092838421371647,True,False,False,False,False,False
0,2000,8,0.099322073283501122,0.056668175985371307,0.84566345558517964,0.90233163157055096,True,False,False,False,False,False
0,2000,9,0.14045375283145689,0.026389220248946223,0.8257775165579001,0.85216673680684629,True,False,False,False,False,False
0,2000,10,0.090806059351358437,0.051327336887264464,0.86215904281497358,0.913486379702238,True,False,False,False,False,False
0,2000,11,0.082100180052002592,0.040657782072395669,0.88098536652192383,0.92164314859431951,True,False,False,False,False,False
0,2000,12,0.1782489105718221,0.065670832370855886,0.7559272732971436,0.82159810566799951,True,False,False,False,False,False
0,2000,13,0.43559127743237513,0.037062035948952465,0.52217077011871882,0.55923280606767123,True,False,False,False,False,False
0,2000,14,0.18049406677318119,0.091511278970915377,0.74548131690195718,0.83699259587287256,True,False,False,False,False,False
0,2000,15,0.24798599467970189,0.13488260237829977,0.62907000463277707,0.76395260701107681,True,False,False,False,False,False
0,2000,16,0.22976601368971378,0.093525690012855725,0.67382792125421331,0.76735361126706902,True,False,False,False,False,True
0,2000,17,0.13762982857462461,0.040206942834545005,0.81787265585305347,0.85807959868759842,True,False,False,False,False,False
0,2000,18,0.35846162994926528,0.098772414980958137,0.59053475361284802,0.68930716859380614,True,False,False,False,False,False
0,2000,19,0.35124158768712449,0.067229472539754143,0.58074540161147792,0.64797487415123212,True,False,False,False,False,False
0,2000,20,0.12552327091311707,0.055653289491050549,0.81774899662265277,0.8734022861137033,True,False,False,False,False,True
0,2000,21,0.15755310391997374,0.050071598442932581,0.80170208018767697,0.8517736786306096,True,False,False,False,False,False
0,2000,22,0.073759363939015721,0.024985128065549485,0.90064106785023823,0.92562619591578776,True,False,False,False,False,False
0,2000,23,0.080161174900043222,0.027348104243732987,0.89758101873083351,0.92492912297456653,True,False,False,False,False,False
0,2000,24,0.073825544253050629,0.023094645111599352,0.89720733190508295,0.92030197701668226,True,False,False,False,False,False
0,2000,25,0.036662478051315492,0.027036672985109797,0.93434948243068749,0.96138615541579731,True,False,False,False,False,False
0,2000,26,0.12091518702881732,0.045349312715928035,0.83699676640696619,0.8823460791228942,True,False,False,False,False,False
0,2000,27,0.11388821246176671,0.025896022949030335,0.85852375186195418,0.88441977481098455,True,False,False,False,False,False
0,2000,28,0.29251379130805555,0.07145345717851409,0.66274222258783044,0.73419567976634448,True,False,False,False,False,False
0,2000,29,0.41329755580091598,0.039970343297997056,0.53246782196575881,0.5724381652637559,True,False,False,False,False,False
0,2000,30,0.091161240218494435,0.050975618535346941,0.86714283905637868,0.91811845759172561,True,False,False,False,False,False
0,2000,31,0.37417645468055649,0.067347269671485799,0.55007476652087273,0.61742203619235858,True,False,False,False,False,False
0,2000,32,0.23376123511582017,0.049838877296706878,0.71197793239805418,0.76181680969476107,True,False,False,False,False,False
0,2000,33,0.40884535639011055,0.030177266161182374,0.58385556390688209,0.61403283006806442,True,False,False,False,False,False
0,2000,34,0.055736622642637131,0.02954107173595966,0.91483528171172579,0.94437635344768545,True,False,False,False,False,False
0,2000,35,0.32884734392767412,0.11234050237717079,0.59668200461251097,0.70902250698968172,True,False,False,False,False,False
0,2000,36,0.14088650083770093,0.042415916388920116,0.8036238891919385,0.84603980558085867,True,False,False,False,False,False
0,2000,37,0.20105959368150583,0.06618631287655613,0.72567443443733903,0.79186074731389522,True,False,False,False,False,False
0,2000,38,0.072507569685654347,0.044563880626954579,0.8846433164634453,0.92920719709039989,True,False,False,False,False,False
0,2000,39,0.35442827430223689,0.078660537956759174,0.60662616235092892,0.68528670030768812,True,False,False,False,True,False
0,2000,40,0.24303705372636655,0.088830991384630881,0.68319520279725343,0.77202619418188434,True,False,False,False,False,False
0,2000,41,0.10334895051248737,0.028462839634088018,0.88145523656652802,0.90991807620061604,True,False,False,False,False,True
0,2000,42,0.10361879992864369,0.048234184389852656,0.83722497379562411,0.88545915818547671,True,False,False,False,False,False
0,2000,43,0.052418298894647601,0.038553467390736479,0.90705648800777161,0.94560995539850812,True,False,False,False,False,False
0,2000,44,0.092458778607360695,0.024963616465982216,0.88491822257705233,0.90988183904303455,True,False,False,False,False,True
0,2000,45,0.087308461453772898,0.060689569339215661,0.85527491047899329,0.91596447981820894,True,False,False,False,False,True
0,2000,46,0.21387846759795193,0.053201108316515817,0.73189224733752201,0.78509335565403782,True,False,False,False,False,False
0,2000,47,0.15880014869357634,0.039385601736746066,0.79055529264946656,0.82994089438621266,True,False,False,False,False,True
0,2000,48,0.56165933977320304,0.092904735698826194,0.32346006655011328,0.41636480224893946,True,False,False,False,False,False
0,2000,49,0.16453780388770545,0.028923869547121426,0.79048785647202657,0.81941172601914802,True,False,False,False,False,False
0,2000,50,0.40979026148718267,0.12508093142636328,0.4749037674020874,0.59998469882845074,True,False,False,False,False,False
0,2000,51,0.087949776719270095,0.04224204006256807,0.86655804746904275,0.90880008753161079,True,False,False,False,False,False
0,2000,52,0.32146942527311584,0.067559461471434198,0.62725930301930388,0.69481876449073809,True,False,False,False,False,False
0,2000,53,0.38426555535008533,0.032330326968402802,0.58411933755711831,0.61644966452552108,True,False,False,False,False,False
0,2000,54,0.42601990729875955,0.10412437435421677,0.48501328927969273,0.58913766363390951,True,False,False,False,False,False
0,2000,55,0.16121954803367167,0.083121351141554611,0.76507020788706825,0.84819155902862287,True,False,False,False,False,False
0,2000,56,0.15024684479929762,0.053564867651070991,0.80156667803619297,0.85513154568726391,True,False,False,False,False,False
0,2000,57,0.10845430226947894,0.049353082516126502,0.83842936947101587,0.88778245198714234,True,False,False,False,False,True
0,2000,58,0.1251980883246141,0.067432735166631577,0.80927481406053958,0.8767075492271712,True,False,False,False,False,False
0,2000,59,0.1869239446180104,0.024240035139710202,0.79074764686072752,0.8149876820004377,True,False,False,False,False,False
0,2000,60,0.076396831707594134,0.060390139710047128,0.86862453896072245,0.92901467867076959,True,False,False,False,False,False
0,2000,61,0.088358120604240462,0.047288585467052606,0.86142052094325938,0.908709106410312,True,False,False,False,False,False
0,2000,62,0.46162071954854733,0.041388655155711274,0.50610773493243755,0.54749639008814888,True,False,False,False,False,False
0,2000,63,0.10775781073410637,0.04219799914961174,0.84038225234158648,0.88258025149119823,True,False,False,False,False,False
0,2000,64,0.36530061572710931,0.077539172076758339,0.51870249460759088,0.59624166668434919,True,False,False,False,False,False
0,2000,65,0.10219414334645566,0.048257203950209021,0.84966138952043335,0.8979185934706424,True,False,False,False,False,False
0,2000,66,0.12933928695479005,0.021406033232867237,0.84741303312396254,0.86881906635682982,True,False,False,False,False,False
0,2000,67,0.19128670726074859,0.031906330808165108,0.7723479548361678,0.80425428564433288,True,False,False,False,False,False
0,2000,68,0.17678511156687107,0.095552227807209345,0.7271518053431546,0.82270403315036389,True,False,False,False,False,False
0,2000,69,0.35362905151427487,0.082742864289343521,0.53515008818934007,0.61789295247868359,True,False,False,False,False,False
0,2000,70,0.11957264720875471,0.037111320609990534,0.84395741195365548,0.88106873256364604,True,False,False,False,False,False
0,2000,71,0.18799051776846354,0.044249738381012503,0.76080534869028338,0.80505508707129592,True,False,False,False,False,True
0,2000,72,0.14799121243992927,0.031950968040084092,0.82872943081470474,0.86068039885478886,True,False,False,False,False,False
0,2000,73,0.099671915483015752,0.01277980490215601,0.88276596192626045,0.89554576682841647,True,False,False,False,False,False
0,2000,74,0.080423063163018726,0.02653407967425497,0.88900076152719676,0.91553484120145168,True,False,False,False,False,False
0,2000,75,0.08343260107491085,0.027371360996772696,0.89264402540033139,0.92001538639710412,True,False,False,False,False,False
0,2000,76,0.060163807161754353,0.014590470999051003,0.92049431174146934,0.93508478274052031,True,False,False,False,False,False
0,2000,77,0.17579366297794016,0.032460759732195962,0.80598599196248044,0.83844675169467642,True,False,False,False,False,False
0,2000,78,0.15508389659290578,0.082548094346490547,0.75021043389600017,0.83275852824249075,True,False,False,False,False,False
0,2000,79,0.1036223900627079,0.07913908019819961,0.8155686025439991,0.8947076827421987,True,False,False,False,False,True
0,2000,80,0.16515750757785197,0.038090551326408047,0.81111199652771149,0.84920254785411953,True,False,False,False,False,False
0,2000,81,0.193625735897273,0.045953029699316757,0.75957411504032768,0.80552714473964449,True,False,False,False,False,False
0,2000,82,0.15739796788639668,0.057218589675054832,0.78001402469200998,0.83723261436706475,True,False,False,False,False,False
0,2000,83,0.0062386147143728395,0.0062989345370315078,0.98739651746130308,0.99369545199833453,True,False,False,False,False,False
0,2000,84,0.13912737381635334,0.062405526480040933,0.81384454917478355,0.87625007565482449,True,False,False,False,False,False
0,2000,85,0.17951610466090409,0.06265114711113931,0.76740312871709648,0.83005427582823577,True,False,False,False,False,False
0,2000,86,0.0040582662835454688,0.0065971440993178639,0.98932172283086373,0.99591886693018161,True,False,False,False,False,False
0,2000,87,0.15185540942615602,0.071285201237266504,0.77232312492060684,0.84360832615787329,True,False,False,False,False,False
0,2000,88,0.16166974017938096,0.048902164319414541,0.79171487249701711,0.84061703681643163,True,False,False,False,False,False
0,2000,89,0.065417747214209079,0.04891277399894596,0.88755752111719843,0.93647029511614444,True,False,False,False,False,False
0,2000,90,0.11996884589694681,0.061624253046087561,0.82466687309563058,0.88629112614171812,True,False,False,False,False,True
0,2000,91,0.12763659709350425,0.04964007389995044,0.82311290139933724,0.87275297529928764,True,False,False,False,False,False
0,2000,92,0.30669980020857385,0.080335088237003388,0.61422185753121039,0.69455694576821381,True,False,False,False,False,False
0,2000,93,0.15844864752795376,0.06598586459417459,0.75884846156954577,0.82483432616372032,True,False,False,False,False,False
0,2000,94,0.20690957182594827,0.080034807130558785,0.73519945684364496,0.81523426397420373,True,False,False,False,False,False
0,2000,95,0.15884578778248248,0.053412573811365605,0.7982713818688324,0.85168395568019806,True,False,False,False,False,False
0,2000,96,0.54792913694753509,0.096890602999008313,0.31438185828127113,0.41127246128027944,True,False,False,False,False,False
0,2000,97,0.12504584830207691,0.043954522611625156,0.82250401357708913,0.86645853618871427,True,False,False,False,False,False
0,2000,98,0.22267069095079481,0.062341550057715953,0.70996663968991092,0.77230818974762683,True,False,False,False,False,False
0,2000,99,0.18645902864059816,0.063778390192832324,0.77089158698104743,0.8346699771738797,True,False,False,False,False,False
0,2000,100,0.11079215133606926,0.025821148874110893,0.86304568232293777,0.88886683119704868,True,False,False,False,False,False
0,2000,101,0.049814689419527991,0.025529111317500203,0.92582628316301441,0.95135539448051465,True,False,False,False,False,True
0,2000,102,0.22036119302486398,0.056918054421849093,0.70206665111028255,0.7589847055321316,True,False,False,False,False,False
0,2000,103,0.16724362819307897,0.054790812804878249,0.77296298450404199,0.82775379730892029,True,False,False,False,False,False
0,2000,104,0.13568005262321833,0.042756699010911954,0.81482667100555861,0.85758337001647056,True,False,False,False,False,False
0,2000,105,0.23266661696793089,0.04104778314908885,0.72321993339416224,0.7642677165432511,True,False,False,False,False,False
0,2000,106,0.059120871786464357,0.05643359090230668,0.88227272241954113,0.93870631332184784,True,False,False,False,False,False
0,2000,107,0.1487777865341201,0.057979680532343578,0.79066328220854398,0.84864296274088757,True,False,False,False,False,False
0,2000,108,0.30797175836198037,0.061058984527875629,0.64395549530486251,0.70501447983273813,True,False,False,False,False,False
0,2000,109,0.11831217539698728,0.038852331311272741,0.86117726066562783,0.90002959197690058,True,False,False,False,False,False
0,2000,110,0.269821028146909,0.10872856790632697,0.61289142353960235,0.72161999144592937,True,False,False,False,False,False
0,2000,111,0.12317693470607277,0.043041335702495666,0.82971022734147559,0.87275156304397128,True,False,False,False,False,False
0,2000,112,0.40165626120790238,0.040739726946224943,0.53207421829331036,0.57281394523953533,True,False,False,False,False,False
0,2000,113,0.094370008599218735,0.029622601560897049,0.87389839194420027,0.90352099350509729,True,False,False,False,False,False
0,2000,114,0.17574078845183377,0.062635822341829905,0.75353464347849386,0.81617046582032371,True,False,False,False,False,False
0,2000,115,0.10511231726879629,0.016574173796465332,0.8852974215723638,0.9018715953688291,True,False,False,False,False,False
0,2000,116,0.28369103631954407,0.072090767744206363,0.67146909460160176,0.74355986234580818,True,False,False,False,False,False
0,2000,117,0.20966385600521403,0.061082244875268726,0.72846584523953184,0.78954809011480054,True,False,False,False,False,False
0,2000,118,0.23648139847050803,0.055297234745268604,0.70262364377689956,0.75792087852216816,True,False,False,False,False,False
0,2000,119,0.17326007275139738,0.063458746008704117,0.74801908807113915,0.81147783407984331,True,False,False,False,False,False
0,2000,120,0.16740208984769939,0.041720943197439783,0.79737887743713198,0.83909982063457178,True,False,False,False,False,False
0,2000,121,0.10867869769456899,0.07280985694751281,0.80443554502382653,0.87724540197133938,True,False,False,False,False,False
0,2000,122,0.13396291622508516,0.060169728111566137,0.81009203257798945,0.87026176068955563,True,False,False,False,False,False
0,2000,123,0.079537814207951529,0.033411046088115695,0.88919104436435115,0.92260209045246688,True,False,False,False,False,False
0,2000,124,0.24274783835685532,0.065203636215558011,0.67566474910355012,0.74086838531910815,True,False,False,False,False,False
0,2000,125,0.21019274339147292,0.072078571335389918,0.71927106326168022,0.79134963459707008,True,False,False,False,False,False
0,2000,126,0.058846311181331261,0.020818403450545371,0.92032909818816433,0.94114750163870975,True,False,False,False,False,False
0,2000,127,0.53779403991135244,1.0000357884079603e-06,0.47172770674281661,0.47172870677860501,True,False,False,False,False,False
0,2000,128,0.1505847556606118,0.060188310398181198,0.79714743350734418,0.85733574390552536,True,False,False,False,False,False
0,2000,129,0.11633336268665533,0.051135685084666892,0.85295313245453519,0.90408881753920212,True,False,False,False,False,False
0,2000,130,0.15077267879221007,0.062909485258908382,0.77732885169281329,0.84023833695172168,True,False,False,False,False,False
0,2000,131,0.098834246859586805,0.049489674337571579,0.8452334968231624,0.89472317116073397,True,False,False,False,False,False
0,2000,132,0.014768330359177143,0.0081023607769863722,0.97548280880707616,0.9835851695840625,True,False,False,False,False,False
0,2000,133,0.087868165192905703,0.060856075531118679,0.84724144780753252,0.90809752333865124,True,False,False,False,False,False
0,2000,134,0.44815444297798834,0.094006003787367939,0.48448770619270171,0.57849370998006966,True,False,False,False,False,False
0,2000,135,0.23215071553010827,0.041498321227978474,0.73354009572609835,0.77503841695407683,True,False,False,False,False,True
0,2000,136,0.25278687158769408,0.037062087298448718,0.70762644212817427,0.744688529426623,True,False,False,False,False,False
0,2000,137,0.18188940737054279,0.082402325683759853,0.73026288386319216,0.81266520954695198,True,False,False,False,False,False
0,2000,138,0.18994734222266085,0.078437718834817718,0.72316037909378905,0.80159809792860681,True,False,False,False,False,False
0,2000,139,0.063403910078993223,0.054272649582086982,0.881311590772343,0.93558424035443,True,False,False,False,False,False
0,2000,140,0.73564052370851052,0.076170715170341477,0.17604362920859751,0.25221434437893897,True,False,False,False,False,False
0,2000,141,0.25135062433377764,0.032371221143251333,0.73433530111343348,0.76670652225668479,True,False,False,False,False,False
0,2000,142,0.077661964039777584,0.053646404250758527,0.86335689125534276,0.91700329550610127,True,False,False,False,False,False
0,2000,143,0.085401837222433302,0.035048233937929787,0.86764895286901944,0.90269718680694921,True,False,False,False,True,False
0,2000,144,0.19320619492387028,0.082252780922331292,0.75295285964725367,0.83520564056958491,True,False,False,False,False,False
0,2000,145,0.12462475702880024,0.060457832602485995,0.82096288452752619,0.88142071713001213,True,False,False,False,False,False
0,2000,146,0.048478842511343469,0.037537166778669043,0.91004953308630876,0.94758669986497779,True,False,False,False,False,True
0,2000,147,0.29170650285314781,0.066433629187882537,0.64863373827474913,0.71506736746263166,True,False,False,False,False,True
0,2000,148,0.18201171670028687,0.068868481121588235,0.7628313178077456,0.83169979892933388,True,False,False,False,False,False
0,2000,149,0.12701501662567491,0.065425065379603173,0.81484139301255354,0.88026645839215667,True,False,False,False,False,False
0,2000,150,0.17043576759103587,0.089544876972051823,0.74980903938092336,0.83935391635297518,True,False,False,False,False,False
0,2000,151,0.32525084115616187,0.049415738082505094,0.60244436078241381,0.65186009886491891,True,False,False,False,False,False
0,2000,152,0.51959717665448357,0.079340745392895817,0.42341956591121965,0.50276031130411547,True,False,False,False,False,False
0,2000,153,0.20305425707284472,0.10086000760155889,0.72117659901790088,0.82203660661945976,True,False,False,False,False,False
0,2000,154,0.29166648590704086,0.052658161687427645,0.63145834332603357,0.68411650501346122,True,False,False,False,False,False
0,2000,155,0.27242993316523684,0.096839286417540596,0.64721963560374596,0.74405892202128654,True,False,False,False,False,False
0,2000,156,0.087304835880962231,0.063190244497316889,0.84600291831627172,0.90919316281358864,True,False,False,False,False,False
0,2000,157,0.1253908229734236,0.0593857151808211,0.82778050614959919,0.88716622133042033,True,False,False,False,False,True
0,2000,158,0.52886837009699705,1.0000000000010001e-06,0.45936447413808906,0.45936547413808904,True,False,True,False,False,False
0,2000,159,0.21263619905160339,0.095939092455165367,0.68418333634454309,0.7801224287997085,True,False,False,False,False,False
0,2000,160,0.1869005999914774,0.050426033906420926,0.74852980005515335,0.79895583396157432,True,False,False,False,False,False
0,2000,161,0.037206342408248647,0.029766444366830024,0.93001979480363239,0.95978623917046246,True,False,False,False,False,False
0,2000,162,0.16738993643822839,0.027068144098286468,0.80209187493974687,0.82916001903803338,True,False,False,False,False,True
0,2000,163,0.20406936617044347,0.042947448446858473,0.7256748148686023,0.7686222633154608,True,False,False,False,False,True
0,2000,164,0.1888213747136612,0.031748270007478735,0.80135853377909494,0.83310680378657365,True,False,False,False,False,False
0,2000,165,0.1820684378538307,0.0696818475379644,0.74756460356278187,0.81724645110074623,True,False,False,False,False,False
0,2000,166,0.15580522475554365,0.042334742614988818,0.81366242476945527,0.85599716738444409,True,False,False,False,False,False
0,2000,167,0.20759857097157283,0.060646860231204178,0.73766291956592822,0.79830977979713236,True,False,False,False,False,True
0,2000,168,0.047751277578516535,0.019944335822642066,0.93141767398195963,0.95136200980460173,True,False,False,False,False,False
0,2000,169,0.051130275930974058,0.0063819065863607687,0.93813312212024014,0.94451502870660087,True,False,False,False,False,False
0,2000,170,0.080821204678941369,0.031176356474038096,0.89100970186531148,0.92218605833934952,True,False,False,False,False,False
0,2000,171,0.27804154279657245,0.049370195298840194,0.64977023921983834,0.69914043451867858,True,False,False,False,False,False
0,2000,172,0.44678935442761325,0.019920476012528752,0.55675065106905586,0.57667112708158463,True,False,False,False,False,False
0,2000,173,0.20013076098333107,0.097111583459657549,0.70879369595751751,0.80590527941717505,True,False,False,False,False,False
0,2000,174,0.18888314296870837,0.063568532888966023,0.7450455221057658,0.80861405499473182,True,False,False,False,False,False
0,2000,175,0.087680317278712117,0.02493005872055104,0.88126888901988387,0.90619894774043486,True,False,False,False,False,False
0,2000,176,0.12700606711745127,0.042758637148015345,0.83828514509195629,0.8810437822399716,True,False,False,False,False,True
0,2000,177,0.14412254503734193,0.058287700582625147,0.80005551610870029,0.85834321669132541,True,False,False,False,False,False
0,2000,178,0.057078050676849568,0.02435826543413213,0.92048850410683436,0.94484676954096647,True,False,False,False,False,False
0,2000,179,0.19582610707529066,0.060920620292115479,0.72844225367512638,0.78936287396724181,True,False,False,False,False,False
0,2000,180,0.062536827359204336,0.063085846513160931,0.87747703789872322,0.94056288441188418,True,False,False,False,False,False
0,2000,181,0.20688588572821501,0.096578478886085825,0.70351229751459443,0.80009077640068027,True,False,False,False,False,False
0,2000,182,0.27165805625663009,0.1114655495616176,0.65647479526290964,0.76794034482452722,True,False,False,False,False,False
0,2000,183,0.38594580757079894,0.13257596509141623,0.47843882494933238,0.61101479004074855,True,False,False,False,False,False
0,2000,184,0.11683385020828549,0.05267458220999581,0.83050754484903788,0.88318212705903365,True,False,False,False,True,False
0,2000,185,0.51815151195729869,0.09128464698330703,0.36973287858127174,0.46101752556457876,True,False,False,False,False,False
0,2000,186,0.08603846406998393,0.074699064415291311,0.83559097005475913,0.91029003447005041,True,False,False,False,False,False
0,2000,187,0.32438689430774376,0.042440272299575817,0.66002513890545444,0.70246541120503025,True,False,False,False,False,False
0,2000,188,0.17372590547299094,0.028229884485856682,0.77843963264022364,0.80666951712608037,True,False,False,False,False,False
0,2000,189,0.099327624930669725,0.035134892734394914,0.86340282851864858,0.89853772125304354,True,False,False,False,False,False
0,2000,190,0.56298288508612893,0.09267593945389066,0.35179833473024935,0.44447427418413998,True,False,False,False,False,False
0,2000,191,0.21740531100599716,0.04837450021744899,0.74847491609523498,0.79684941631268402,True,False,False,False,False,False
0,2000,192,0.068822532394083008,0.044692020416723308,0.8894303284814784,0.93412234889820167,True,False,False,False,False,False
0,2000,193,0.12108773813410133,0.032303043359052513,0.84627375473760313,0.87857679809665568,True,False,False,False,True,False
0,2000,194,0.17708105065121446,0.058601640643336866,0.76315571734901377,0.82175735799235061,True,False,False,False,False,False
0,2000,195,0.053015508972237578,0.030792205585623254,0.91685213880516025,0.94764434439078349,True,False,False,False,False,False
0,2000,196,0.34072540088911651,0.13546700987603594,0.52506914697210549,0.66053615684814138,True,False,False,False,False,False
0,2000,197,0.1990280542210966,0.054700648128521288,0.75908621845214375,0.81378686658066501,True,False,False,False,False,False
0,2000,198,0.14365697791760584,0.035793388784333656,0.83054804151265327,0.86634143029698696,True,False,False,False,False,False
0,2000,199,0.061002679097523327,0.036223753652834631,0.89823585499842229,0.93445960865125688,True,False,False,False,False,False
0.28000000000000003,250,0,0.029158701375000123,0.25252427009788658,0.71851622517370017,0.97104049527158676,True,False,False,False,False,False
0.28000000000000003,250,1,0.018179762239447367,0.27579837853141337,0.62065186454688348,0.89645024307829679,True,False,False,False,False,False
0.28000000000000003,250,2,0.028682801200581653,0.24504123847850739,0.63633405357017447,0.88137529204868192,True,False,False,False,False,False
0.28000000000000003,250,3,0.020623063195974605,0.29505944643395254,0.68915828432977844,0.98421773076373098,True,False,False,False,False,False
0.28000000000000003,250,4,0.075678582273129139,0.22158321555162466,0.6348530981124122,0.85643631366403683,True,False,False,False,False,False
0.28000000000000003,250,5,0.02216284079519365,0.15581447706718785,0.80011972472686188,0.95593420179404975,True,False,False,False,False,False
0.28000000000000003,250,6,0.0072225579516546692,0.15959111645062721,0.81510709768692957,0.97469821413755675,True,False,False,False,False,True
0.28000000000000003,250,7,0.019725572925334434,0.23153418009984023,0.74163953342581224,0.97317371352565241,True,False,False,False,False,True
0.28000000000000003,250,8,0.0052488581343324084,0.20145069513689484,0.79678540177562018,0.99823609691251503,True,False,False,False,False,False
0.28000000000000003,250,9,0.013374668095397687,0.14004671957969822,0.80531783796341827,0.94536455754311643,True,False,False,False,True,False
0.28000000000000003,250,10,0.0073186568327118827,0.16049760502666691,0.81734166389977059,0.97783926892643747,True,False,False,False,False,False
0.28000000000000003,250,11,0.024199733032613462,0.14486585899497745,0.80523302616384473,0.95009888515882213,True,False,False,False,False,False
0.28000000000000003,250,12,0.045387378000382214,0.17009953073135775,0.74304139944461878,0.91314093017597653,True,False,False,False,False,False
0.28000000000000003,250,13,0.011433428256436685,0.15138017933399037,0.79644336070832655,0.94782354004231695,True,False,False,False,False,False
0.28000000000000003,250,14,0.0062846504703162843,0.19567604642396016,0.80085499804089089,0.99653104446485108,True,False,False,False,False,False
0.28000000000000003,250,15,0.005863319156099181,0.17993502666158742,0.80442670346243339,0.98436173012402084,True,False,False,False,False,False
0.28000000000000003,250,16,0.033601215343185935,0.23742124373837917,0.68130195760481738,0.91872320134319652,True,False,False,False,False,True
0.28000000000000003,250,17,0.015868108856759645,0.1356829495656216,0.80349420542644201,0.93917715499206356,True,False,False,False,False,False
0.28000000000000003,250,18,0.011934662415295135,0.11657787234347024,0.81447326918604401,0.93105114152951429,True,False,False,False,False,True
0.28000000000000003,250,19,0.012220592600241421,0.28811437025839598,0.70915753824954342,0.99727190850793934,True,False,False,False,False,False
0.28000000000000003,250,20,0.015553081999517961,0.18622376844075347,0.75744571155684093,0.94366947999759443,True,False,False,False,False,False
0.28000000000000003,250,21,0.060495811130963188,0.31144000972757996,0.54171798081526878,0.8531579905428488,True,False,False,False,False,False
0.28000000000000003,250,22,0.0074742569498118094,0.17102182275817793,0.80131621555266974,0.97233803831084764,True,False,False,False,False,False
0.28000000000000003,250,23,0.011259651045998034,0.15231516255234515,0.82111104319591433,0.97342620574825944,True,False,False,False,False,False
0.28000000000000003,250,24,0.021121069383932999,0.26346987554829071,0.61240681774901429,0.875876693297305,True,False,False,False,False,True
0.28000000000000003,250,25,0.0049948223604688279,0.13082454970426083,0.84125776188091306,0.97208231158517389,True,False,False,False,False,False
0.28000000000000003,250,26,0.01258915291841674,0.25457632008323244,0.73764347489845883,0.99221979498169133,True,False,False,False,False,False
0.28000000000000003,250,27,0.0068929043597983864,0.2326075245046883,0.74137262258580472,0.97398014709049296,True,False,False,False,False,False
0.28000000000000003,250,28,0.092475443755266812,0.20482393801892312,0.72670071934280789,0.93152465736173107,True,False,False,False,False,False
0.28000000000000003,250,29,0.011871469538831742,0.15473328518741125,0.80649523633846054,0.96122852152587179,True,False,False,False,False,False
0.28000000000000003,250,30,0.0037587343700852404,0.055316787148454206,0.92648279905681841,0.98179958620527263,True,False,False,False,True,False
0.28000000000000003,250,31,0.0099292915915936818,0.16569618077237711,0.78252015694346566,0.94821633771584279,True,False,False,False,False,False
0.28000000000000003,250,32,0.0085558487779179866,0.21083202655775887,0.76881761504288915,0.97964964160064805,True,False,False,False,False,False
0.28000000000000003,250,33,0.066953671635404916,0.15900095623993757,0.62430357127120983,0.78330452751114743,True,False,False,False,False,False
0.28000000000000003,250,34,0.01126614562293733,0.19995183445986672,0.79701458833917094,0.99696642279903769,True,False,False,False,False,False
0.28000000000000003,250,35,0.012947925453245473,0.17504384816313406,0.79100667915858669,0.96605052732172081,True,False,False,False,False,False
0.28000000000000003,250,36,0.0088536281862794525,0.21443594803221061,0.73219793891974716,0.94663388695195771,True,False,False,False,False,False
0.28000000000000003,250,37,0.0056507338963757685,0.2004257512507755,0.76091358633196038,0.96133933758273593,True,False,False,False,False,False
0.28000000000000003,250,38,0.0051952483173807792,0.16455747800247678,0.82870101802896667,0.99325849603144345,True,False,False,False,False,False
0.28000000000000003,250,39,0.011324904203812648,0.26683416694564943,0.67555690402516633,0.94239107097081576,True,False,False,False,False,False
0.28000000000000003,250,40,0.013846279492626616,0.18850987441745448,0.77956836297552079,0.96807823739297527,True,False,False,False,False,False
0.28000000000000003,250,41,0.075413246218973842,0.30774484561925974,0.49488257746018161,0.80262742307944135,True,False,False,False,False,False
0.28000000000000003,250,42,0.010153137017034693,0.24380059339169174,0.72842663490534632,0.97222722829703812,True,False,False,False,False,False
0.28000000000000003,250,43,0.016997197104205958,0.29971846081252845,0.69378453807815421,0.99350299889068272,True,False,False,False,False,False
0.28000000000000003,250,44,0.012745166265490692,0.16525173076336497,0.78896373725538671,0.95421546801875168,True,False,False,False,False,False
0.28000000000000003,250,45,0.025397801773834053,0.22450378707173951,0.73408164042136359,0.95858542749310316,True,False,False,False,False,True
0.28000000000000003,250,46,0.014894798620146282,0.23882468452821556,0.70632601848840704,0.94515070301662263,True,False,False,False,False,False
0.28000000000000003,250,47,0.0077577763731409401,0.072418760038293339,0.89208650894733277,0.96450526898562616,True,False,False,False,False,True
0.28000000000000003,250,48,0.010538577189608763,0.1938999147307427,0.76564766258445849,0.95954757731520113,True,False,False,False,False,False
0.28000000000000003,250,49,0.015238551362076152,0.11996186704073317,0.809982476612222,0.9299443436529552,True,False,False,False,False,False
0.28000000000000003,250,50,0.016820988834524767,0.23051257176840595,0.67628459008908304,0.90679716185748904,True,False,False,False,False,False
0.28000000000000003,250,51,0.019050534674900435,0.17237017339430341,0.66797286508477927,0.84034303847908265,True,False,False,False,True,False
0.28000000000000003,250,52,0.023195958778000667,0.29673292938386486,0.63503739305972418,0.93177032244358904,True,False,False,False,False,False
0.28000000000000003,250,53,0.019060336634879441,0.014562181357512116,0.88185454225573534,0.89641672361324742,True,False,False,False,True,False
0.28000000000000003,250,54,0.022511111441832505,0.2019783472860058,0.70171619751586611,0.90369454480187195,True,False,False,False,False,False
0.28000000000000003,250,55,0.0084733911442654315,0.1918838898987254,0.79462710113871582,0.98651099103744122,True,False,False,False,False,False
0.28000000000000003,250,56,0.048608519225791166,0.23836416595505464,0.5327164714269329,0.77108063738198751,True,False,False,False,False,False
0.28000000000000003,250,57,0.0093175479326197304,0.21588505211326553,0.77279104654813147,0.98867609866139694,True,False,False,False,False,False
0.28000000000000003,250,58,0.023111079332589626,0.35442550497403408,0.41389594194669999,0.76832144692073401,True,False,False,False,False,False
0.28000000000000003,250,59,0.0604545378747081,0.2973504517896523,0.61196994188891962,0.90932039367857187,True,False,False,False,False,False
0.28000000000000003,250,60,0.009319661193785635,0.17845716978207482,0.79954747237302626,0.97800464215510108,True,False,False,False,False,False
0.28000000000000003,250,61,0.0056023238627702218,0.096272909770625165,0.87760475982942854,0.97387766960005373,True,False,False,False,False,False
0.28000000000000003,250,62,0.075797005943390935,0.14121178058321054,0.49297829543328664,0.63419007601649713,True,False,False,False,True,False
0.28000000000000003,250,63,0.021482190845678314,0.21816868995948555,0.73711083866958549,0.95527952862907106,True,False,False,False,False,False
0.28000000000000003,250,64,0.0096011293802916071,0.12450235319294661,0.83942557111083904,0.96392792430378571,True,False,False,False,False,False
0.28000000000000003,250,65,0.067738000032849105,0.25553962974858158,0.34805562587964017,0.60359525562822181,True,False,False,False,True,False
0.28000000000000003,250,66,0.024348370743253165,0.27084659273131223,0.62405222949731176,0.89489882222862405,True,False,False,False,False,False
0.28000000000000003,250,67,0.012645235644701953,0.19092218885306539,0.76714698823789118,0.95806917709095663,True,False,False,False,False,False
0.28000000000000003,250,68,0.025125606842920888,0.32828618430713696,0.64172270989209079,0.97000889419922776,True,False,False,False,False,True
0.28000000000000003,250,69,0.010771658783400799,0.064188187334799071,0.86936550823162795,0.93355369556642698,True,False,False,False,False,False
0.28000000000000003,250,70,0.031499736354485414,0.18737497811546211,0.7711994052314759,0.95857438334693801,True,False,False,False,False,False
0.28000000000000003,250,71,0.0083850610531241276,0.16420186075594484,0.8237093674036432,0.9879112281595881,True,False,False,False,False,False
0.28000000000000003,250,72,0.0041253667268440469,0.058445146784059973,0.90794516213339826,0.96639030891745825,True,False,False,False,False,False
0.28000000000000003,250,73,0.011959220572958741,0.20318459016759405,0.77467905285895133,0.97786364302654538,True,False,False,False,False,False
0.28000000000000003,250,74,0.0048433831660606433,0.18476188516811612,0.81397710190961936,0.99873898707773545,True,False,False,False,False,False
0.28000000000000003,250,75,0.010861413805795285,0.22364231964413042,0.73348037660844345,0.95712269625257385,True,False,False,False,False,False
0.28000000000000003,250,76,0.0057664662486774975,0.1123424623938797,0.85600979063294769,0.96835225302682737,True,False,False,False,False,False
0.28000000000000003,250,77,0.017544023273005221,0.21542246308396729,0.77750389372336715,0.99292635680733443,True,False,False,False,False,False
0.28000000000000003,250,78,0.0099764299369482327,0.16705970533988063,0.80333143978565891,0.97039114512553959,True,False,False,False,False,False
0.28000000000000003,250,79,0.016230998932301302,0.23856983447694338,0.73158467285122997,0.97015450732817332,True,False,False,False,False,True
0.28000000000000003,250,80,0.0086183273627324572,0.1531081977712774,0.82337280367915344,0.97648100145043082,True,False,False,False,False,False
0.28000000000000003,250,81,0.02038054588802965,0.14289745871185394,0.72637128692953046,0.86926874564138434,True,False,False,False,False,False
0.28000000000000003,250,82,0.013434451005350751,0.28574985975372991,0.67080676740470579,0.9565566271584357,True,False,False,False,False,False
0.28000000000000003,250,83,0.0049313488711328875,0.15374459740089752,0.83163494143417882,0.98537953883507634,True,False,False,False,False,False
0.28000000000000003,250,84,0.01034659401219775,0.19443316865491772,0.77481329900481621,0.96924646765973388,True,False,False,False,False,False
0.28000000000000003,250,85,0.025461058322288729,0.1578676884960743,0.75061436571457163,0.90848205421064598,True,False,False,False,False,False
0.28000000000000003,250,86,0.0094135236552757972,0.18411334056887385,0.79800713702891213,0.98212047759778598,True,False,False,False,False,False
0.28000000000000003,250,87,0.016171968105323682,0.15222980965169278,0.77907839432754644,0.93130820397923919,True,False,False,False,False,False
0.28000000000000003,250,88,0.028822434333146466,0.2389092657606107,0.68299810578662734,0.92190737154723801,True,False,False,False,False,False
0.28000000000000003,250,89,0.0094380860455113812,0.17967308939098067,0.80289060244638388,0.98256369183736458,True,False,False,False,False,False
0.28000000000000003,250,90,0.019264396317986359,0.2405601643656689,0.74728765109510964,0.9878478154607786,True,False,False,False,False,True
0.28000000000000003,250,91,0.011272120242086885,0.21968706255690709,0.73127957588469394,0.95096663844160101,True,False,False,False,False,False
0.28000000000000003,250,92,0.029927034089185286,0.37518983433045744,0.58583615817582024,0.96102599250627763,True,False,False,False,False,False
0.28000000000000003,250,93,0.041669487531815458,0.1760976661340872,0.46712823724664276,0.64322590338072994,True,False,False,False,True,False
0.28000000000000003,250,94,0.025034011368844013,0.21493669196856444,0.74663623605751284,0.9615729280260773,True,False,False,False,False,False
0.28000000000000003,250,95,0.023044131572570875,0.34242852946798341,0.6374129120575367,0.97984144152552011,True,False,False,False,False,False
0.28000000000000003,250,96,0.0097852581038998035,0.21990163051554587,0.75261274109406595,0.97251437160961185,True,False,False,False,False,False
0.28000000000000003,250,97,0.0095573981975717627,0.24213476646144763,0.73284270789269346,0.97497747435414106,True,False,False,False,False,False
0.28000000000000003,250,98,0.023950399657218624,0.2294195885807635,0.72900438400708689,0.95842397258785039,True,False,False,False,False,False
0.28000000000000003,250,99,0.028858765561953739,0.13143877447113078,0.80253397529224113,0.93397274976337186,True,False,False,False,False,False
0.28000000000000003,250,100,0.011315223330581776,0.21519773403506698,0.77748339533555333,0.99268112937062036,True,False,False,False,False,False
0.28000000000000003,250,101,0.059459968490994303,0.41280527109362103,0.58607589863756038,0.99888116973118146,True,False,False,False,False,True
0.28000000000000003,250,102,0.018584863644199676,0.14407059362273605,0.77577264948427749,0.9198432431070136,True,False,False,False,False,False
0.28000000000000003,250,103,0.0076720812319532603,0.19189964325710313,0.79403479237821728,0.98593443563532035,True,False,False,False,False,False
0.28000000000000003,250,104,0.014758222082857424,0.24755265196888115,0.71812324528750959,0.9656758972563908,True,False,False,False,False,False
0.28000000000000003,250,105,0.014119649085219725,0.11554865800227711,0.8010062034446962,0.91655486144697329,True,False,False,False,False,False
0.28000000000000003,250,106,0.0079254962956281007,0.21902306342171415,0.74844768700551478,0.96747075042722896,True,False,False,False,False,False
0.28000000000000003,250,107,0.0088481515944630693,0.1019915499157148,0.86236812330533008,0.96435967322104488,True,False,False,False,False,False
0.28000000000000003,250,108,0.017879514873566729,0.25954693513869698,0.72987541525050526,0.98942235038920223,True,False,False,False,False,False
0.28000000000000003,250,109,0.01504229237999209,0.28524005486613196,0.69984390513474237,0.98508396000087428,True,False,False,False,False,False
0.28000000000000003,250,110,0.014700478987959831,0.27709917061013428,0.69722750219093865,0.97432667280107288,True,False,False,False,False,False
0.28000000000000003,250,111,0.012932010818346513,0.18785443165967994,0.7726353273702361,0.96048975902991607,True,False,False,False,False,False
0.28000000000000003,250,112,0.036984397082498503,0.18062071189749965,0.61128770640049745,0.79190841829799707,True,False,False,False,True,False
0.28000000000000003,250,113,0.078643060494994088,0.35120883206139281,1.0000000000222276e-06,0.35120983206139283,True,False,True,False,True,False
0.28000000000000003,250,114,0.0065563666192153067,0.096870357635483628,0.87246644028286413,0.96933679791834781,True,False,False,False,False,False
0.28000000000000003,250,115,0.016176538642531567,0.22169325523217764,0.74006485872461381,0.96175811395679145,True,False,False,False,False,False
0.28000000000000003,250,116,0.0053718335531280949,0.16831984079092763,0.82050387350579979,0.98882371429672744,True,False,False,False,False,False
0.28000000000000003,250,117,0.014276753737809017,0.30881856914783251,0.68448985185899069,0.99330842100682326,True,False,False,False,True,False
0.28000000000000003,250,118,0.0066801555479405915,0.17233834003698711,0.80222857321853136,0.97456691325551847,True,False,False,False,False,False
0.28000000000000003,250,119,0.026452610018063316,0.24197623842792723,0.65936023631759555,0.90133647474552281,True,False,False,False,False,False
0.28000000000000003,250,120,0.013431119684752142,0.20010792101796357,0.74792961541934688,0.94803753643731048,True,False,False,False,False,False
0.28000000000000003,250,121,0.016199046609755203,0.251696581312429,0.69168909821397417,0.94338567952640318,True,False,False,False,False,False
0.28000000000000003,250,122,0.0045443899078950406,0.22993743356046187,0.7649134916992667,0.99485092525972862,True,False,False,False,False,False
0.28000000000000003,250,123,0.022298380894632659,0.18748761481365617,0.73263960313589716,0.92012721794955332,True,False,False,False,False,False
0.28000000000000003,250,124,0.0021522266341222106,0.15915661574284007,0.83790048305418219,0.9970570987970222,True,False,False,False,False,False
0.28000000000000003,250,125,0.014042912174912549,0.17980544770977469,0.80198664585867419,0.98179209356844888,True,False,False,False,False,False
0.28000000000000003,250,126,0.0052939992518959691,0.17618951392804588,0.80869477730913875,0.98488429123718468,True,False,False,False,False,False
0.28000000000000003,250,127,0.054014598970373473,0.23513269907692991,0.68890999669022113,0.92404269576715103,True,False,False,False,False,False
0.28000000000000003,250,128,0.014578037717061312,0.21621046721640622,0.74957458022022616,0.9657850474366324,True,False,False,False,False,False
0.28000000000000003,250,129,0.0068138345305678878,0.11694617159858048,0.86725930983096633,0.98420548142954678,True,False,False,False,False,False
0.28000000000000003,250,130,0.013765770191111078,0.2193272636588674,0.76499289165559381,0.98432015531446115,True,False,False,False,False,False
0.28000000000000003,250,131,0.03403222817987523,0.13937368693403104,0.72392288100260183,0.8632965679366329,True,False,False,False,False,False
0.28000000000000003,250,132,0.005710482706592951,0.11309218019051813,0.86247881302070495,0.97557099321122309,True,False,False,False,False,False
0.28000000000000003,250,133,0.0054933892467583659,0.14414513890486078,0.85370670679774585,0.99785184570260665,True,False,False,False,False,False
0.28000000000000003,250,134,0.033112623393240719,0.23521785853997509,0.7165903773546517,0.95180823589462682,True,False,False,False,False,False
0.28000000000000003,250,135,0.028583693763875914,0.28638878745427088,0.64944427658728499,0.93583306404155586,True,False,False,False,False,False
0.28000000000000003,250,136,0.013390771107499446,0.24926242129737614,0.73714037037599711,0.9864027916733733,True,False,False,False,False,False
0.28000000000000003,250,137,0.011289589627713627,0.18032886882006044,0.76122378432336035,0.94155265314342085,True,False,False,False,False,False
0.28000000000000003,250,138,0.026595761907272687,0.17106783615867008,0.74650779594130112,0.91757563209997117,True,False,False,False,False,False
0.28000000000000003,250,139,0.020298348725239564,0.26061714716224049,0.72509594941485889,0.98571309657709938,True,False,False,False,False,False
0.28000000000000003,250,140,0.015196665474314705,0.22264377929404822,0.74247161588693755,0.96511539518098577,True,False,False,False,False,False
0.28000000000000003,250,141,0.011051312375366851,0.11178729944074192,0.81862043212421776,0.93040773156495971,True,False,False,False,True,False
0.28000000000000003,250,142,0.021840682498159774,0.13102994999004122,0.81147569348471593,0.94250564347475718,True,False,False,False,False,False
0.28000000000000003,250,143,0.028965453141920242,0.3467290482902971,0.55964552131224166,0.9063745696025387,True,False,False,False,True,False
0.28000000000000003,250,144,0.095273479727820701,0.34927140681201924,0.57787715498117875,0.92714856179319804,True,False,False,False,False,False
0.28000000000000003,250,145,0.013732494777346222,0.081690639040418414,0.85476919808376184,0.93645983712418024,True,False,False,False,False,False
0.28000000000000003,250,146,0.075918387511693414,0.050000000000000003,0.90000000000000002,0.95000000000000007,False,True,False,False,False,True
0.28000000000000003,250,147,0.020301056695002952,0.26550400319881406,0.72175214292257883,0.9872561461213929,True,False,False,False,False,True
0.28000000000000003,250,148,0.017492315501476102,0.2957873893814823,0.70219921298108112,0.99798660236256342,True,False,False,False,False,False
0.28000000000000003,250,149,0.025734166832763552,0.23949314116840509,0.72818227089619203,0.96767541206459717,True,False,False,False,False,False
0.28000000000000003,250,150,0.92739125798880784,0.050000000000000003,0.90000000000000002,0.95000000000000007,False,True,False,False,False,False
0.28000000000000003,250,151,0.1236350666046698,0.3484050256093999,1.0000015625492787e-06,0.34840602561096246,True,False,False,False,True,False
0.28000000000000003,250,152,0.015138582730510107,0.20222818936955156,0.75873295394211171,0.96096114331166327,True,False,False,False,False,False
0.28000000000000003,250,153,0.0078572264847957488,0.13758627559884862,0.85142796095808448,0.9890142365569331,True,False,False,False,False,False
0.28000000000000003,250,154,0.0023461583414036975,0.11375021572358306,0.87970470343556117,0.99345491915914419,True,False,False,False,False,False
0.28000000000000003,250,155,0.0039710901330774475,0.15617341654798175,0.8212056685480007,0.97737908509598248,True,False,False,False,False,False
0.28000000000000003,250,156,0.025845768404674899,0.24063286063286138,0.6833562636530689,0.92398912428593027,True,False,False,False,False,False
0.28000000000000003,250,157,0.014131403334023598,0.38453342539091151,0.57433063721491995,0.95886406260583146,True,False,False,False,False,False
0.28000000000000003,250,158,0.011467441396341564,0.099542066663459536,0.8412323591316393,0.94077442579509885,True,False,False,False,True,False
0.28000000000000003,250,159,0.0079600939753514,0.16113369192192437,0.80396547557502174,0.96509916749694613,True,False,False,False,False,False
0.28000000000000003,250,160,0.0079250056573034206,0.14446773547180042,0.81347939535780289,0.95794713082960326,True,False,False,False,False,False
0.28000000000000003,250,161,0.0059910236910312919,0.20621898726513024,0.75802588072975852,0.96424486799488873,True,False,False,False,True,False
0.28000000000000003,250,162,0.025826119468701711,0.16963986809764667,0.73717621902642017,0.90681608712406681,True,False,False,False,False,True
0.28000000000000003,250,163,0.041458325622742459,0.1956114206628061,0.72241837544110443,0.91802979610391056,True,False,False,False,False,True
0.28000000000000003,250,164,0.026608305245855376,0.20645041320519419,0.7237777745088676,0.93022818771406179,True,False,False,False,False,False
0.28000000000000003,250,165,0.0072963285108974619,0.22057421600958044,0.76795669120986876,0.98853090721944925,True,False,False,False,False,False
0.28000000000000003,250,166,0.035866203661654307,0.13883773628589882,0.76099902585169388,0.89983676213759267,True,False,False,False,False,False
0.28000000000000003,250,167,0.0068475950849274589,0.17652236761652976,0.80248050240208191,0.97900287001861164,True,False,False,False,False,True
0.28000000000000003,250,168,0.01187974075272662,0.16998999216719707,0.80384898525736159,0.97383897742455861,True,False,False,False,False,False
0.28000000000000003,250,169,0.026349281434010951,0.18095434132246191,0.7291027800639408,0.91005712138640271,True,False,False,False,False,False
0.28000000000000003,250,170,0.0037807040087032553,0.16807581495761478,0.82044871696867083,0.98852453192628564,True,False,False,False,False,False
0.28000000000000003,250,171,0.021551935560993007,0.034641351200205818,0.86085057466114778,0.89549192586135362,True,False,False,False,False,False
0.28000000000000003,250,172,0.03635420976587108,0.22129304160095659,0.77036858340615932,0.99166162500711597,True,False,False,False,False,False
0.28000000000000003,250,173,0.019474852168457478,0.25650305867363299,0.70886601370987012,0.96536907238350311,True,False,False,False,False,False
0.28000000000000003,250,174,0.0093804643485017047,0.19218055640015566,0.79556610549129581,0.98774666189145144,True,False,False,False,False,False
0.28000000000000003,250,175,0.016721932294222076,0.14807740777273962,0.8079599777413512,0.95603738551409079,True,False,False,False,False,False
0.28000000000000003,250,176,0.050771670469969471,0.21622648293446028,0.66475055191078714,0.88097703484524748,True,False,False,False,False,True
0.28000000000000003,250,177,0.063409394106180225,0.21677894897203095,0.6563093465583697,0.87308829553040068,True,False,False,False,False,False
0.28000000000000003,250,178,0.018471067320520802,0.12563718442178862,0.79787097188520273,0.92350815630699135,True,False,False,False,False,False
0.28000000000000003,250,179,0.0055900920155348326,0.16792451370391301,0.81954053508883173,0.98746504879274477,True,False,False,False,False,False
0.28000000000000003,250,180,0.041245191293759205,0.22853294442019964,0.74526434739266834,0.973797291812868,True,False,False,False,False,False
0.28000000000000003,250,181,0.020533295404508812,0.19533724024436269,0.77256450119536413,0.96790174143972685,True,False,False,False,False,False
0.28000000000000003,250,182,0.01354437690402833,0.20430551411775397,0.71953578241704685,0.92384129653480085,True,False,False,False,True,False
0.28000000000000003,250,183,0.014346587258864356,0.26085350853501305,0.7304675326360065,0.9913210411710196,True,False,False,False,False,False
0.28000000000000003,250,184,0.013830856627741205,0.22603193821856557,0.7102870974389488,0.9363190356575144,True,False,False,False,True,False
0.28000000000000003,250,185,0.011954180801975352,0.15364146764767811,0.80114041840809413,0.95478188605577219,True,False,False,False,False,False
0.28000000000000003,250,186,0.011468099766838021,0.21281921955022498,0.73540059282463055,0.94821981237485553,True,False,False,False,False,False
0.28000000000000003,250,187,0.010070404151703922,0.10309864148642814,0.85761956455859034,0.96071820604501845,True,False,False,False,False,False
0.28000000000000003,250,188,0.024550017472669723,0.30634190778897646,0.64614399711762327,0.95248590490659968,True,False,False,False,False,False
0.28000000000000003,250,189,0.023350999353112099,0.24757300753532016,0.68662872938518593,0.93420173692050612,True,False,False,False,False,False
0.28000000000000003,250,190,0.031092193161802908,0.2867312594453541,0.64140109882242669,0.92813235826778073,True,False,False,False,False,True
0.28000000000000003,250,191,0.014949530238887652,0.19070126324624567,0.76926306088814189,0.95996432413438759,True,False,False,False,False,False
0.28000000000000003,250,192,3.3658273447497846,0.050000000000000003,0.90000000000000002,0.95000000000000007,False,True,False,False,False,False
0.28000000000000003,250,193,0.03471521155501478,0.16843726640150719,0.78335593446346785,0.95179320086497499,True,False,False,False,True,False
0.28000000000000003,250,194,0.0092835720954922273,0.088215117998215256,0.86228810571109993,0.95050322370931517,True,False,False,False,True,False
0.28000000000000003,250,195,0.03828245110497832,0.26652274857665359,0.69766055723056009,0.96418330580721368,True,False,False,False,False,False
0.28000000000000003,250,196,0.007822346450729557,0.14025367384777951,0.83271734182578172,0.97297101567356126,True,False,False,False,False,True
0.28000000000000003,250,197,0.01039726351470324,0.18296649976292403,0.79369816524515391,0.97666466500807791,True,False,False,False,False,False
0.28000000000000003,250,198,0.041464343811943118,0.17719920680032086,0.71146143408855322,0.88866064088887409,True,False,False,False,True,False
0.28000000000000003,250,199,0.026568211294636268,0.31626780410519406,0.66030740314807845,0.97657520725327251,True,False,False,False,False,True
0.28000000000000003,500,0,0.017092394535987931,0.24414307493851403,0.72756606030206761,0.97170913524058167,True,False,False,False,False,False
0.28000000000000003,500,1,0.011679848067676444,0.21813919555241423,0.74814660589949411,0.96628580145190834,True,False,False,False,False,False
0.28000000000000003,500,2,0.01869317297227412,0.29029615128673181,0.70276607015015535,0.99306222143688716,True,False,False,False,False,False
0.28000000000000003,500,3,0.014956430882856009,0.25112066270417943,0.73018578294991876,0.98130644565409819,True,False,False,False,False,False
0.28000000000000003,500,4,0.0073436244723640402,0.14792145959347347,0.82989091323765796,0.97781237283113143,True,False,False,False,False,False
0.28000000000000003,500,5,0.016013140812800884,0.16409900225294363,0.79707174847531581,0.96117075072825942,True,False,False,False,False,False
0.28000000000000003,500,6,0.0079017390497200871,0.15199856960826832,0.81968839003221095,0.97168695964047924,True,False,False,False,False,True
0.28000000000000003,500,7,0.023471936599037332,0.25381584746238051,0.72347113913790795,0.97728698660028845,True,False,False,False,False,True
0.28000000000000003,500,8,0.0085654038303316134,0.19100550274404535,0.80381122888459833,0.9948167316286437,True,False,False,False,False,False
0.28000000000000003,500,9,0.016866936836390418,0.11414716960247712,0.81014306349979237,0.92429023310226954,True,False,False,False,True,False
0.28000000000000003,500,10,0.014468710670651971,0.25216936040081467,0.73148121131691257,0.9836505717177273,True,False,False,False,False,False
0.28000000000000003,500,11,0.023415835157899852,0.17077940506087891,0.77869707103094776,0.94947647609182662,True,False,False,False,False,False
0.28000000000000003,500,12,0.021031676610906519,0.21382363511115249,0.74635732951461919,0.96018096462577174,True,False,False,False,False,False
0.28000000000000003,500,13,0.025308229895388275,0.17137370851184203,0.70935205599122353,0.8807257645030655,True,False,False,False,False,False
0.28000000000000003,500,14,0.0049504569866942998,0.16753987949409027,0.82726213795794046,0.99480201745203067,True,False,False,False,False,False
0.28000000000000003,500,15,0.023712693884011912,0.35901227256067841,0.63057805966179459,0.98959033222247306,True,False,False,False,False,False
0.28000000000000003,500,16,0.023982986438908106,0.28924155414294012,0.67202978040325889,0.96127133454619895,True,False,False,False,False,True
0.28000000000000003,500,17,0.024857558073703493,0.1550200248103053,0.75542050773121183,0.91044053254151713,True,False,False,False,False,False
0.28000000000000003,500,18,0.012123389625818135,0.24164852086175553,0.74716943058666607,0.98881795144842166,True,False,False,False,False,True
0.28000000000000003,500,19,0.013896127342381355,0.26450101586272728,0.72967379459827286,0.9941748104610002,True,False,False,False,False,False
0.28000000000000003,500,20,0.020193355806676368,0.27319462856267207,0.68085443170382187,0.95404906026649394,True,False,False,False,False,False
0.28000000000000003,500,21,0.03175419003125525,0.22028589453974615,0.69134357208095421,0.91162946662070032,True,False,False,False,False,False
0.28000000000000003,500,22,0.0064055049625720926,0.14544426436253621,0.83322238886748401,0.97866665323002022,True,False,False,False,False,False
0.28000000000000003,500,23,0.01788609963760274,0.2430272438080488,0.75381294757188599,0.99684019137993474,True,False,False,False,False,False
0.28000000000000003,500,24,0.0076787602565468209,0.1772314628110449,0.78539684629523943,0.96262830910628439,True,False,False,False,False,False
0.28000000000000003,500,25,0.008705853684490502,0.2203661360170516,0.76996013371577876,0.99032626973283033,True,False,False,False,False,False
0.28000000000000003,500,26,0.012315873759837172,0.21586528195549129,0.77070682530955492,0.98657210726504618,True,False,False,False,False,False
0.28000000000000003,500,27,0.0099007705609483344,0.19096331676793588,0.76851962824890629,0.95948294501684217,True,False,False,False,False,False
0.28000000000000003,500,28,0.067002271957883539,0.23835582899530483,0.70433798168177064,0.94269381067707547,True,False,False,False,False,False
0.28000000000000003,500,29,0.013698108013807851,0.13915367073873916,0.80859743308649501,0.9477511038252342,True,False,False,False,False,False
0.28000000000000003,500,30,0.0052395002806990094,0.072511975141093699,0.89806951077683461,0.97058148591792825,True,False,False,False,True,False
0.28000000000000003,500,31,0.0074275519429138929,0.12699407267929655,0.84560628397374982,0.97260035665304634,True,False,False,False,False,False
0.28000000000000003,500,32,0.014761572270404623,0.19512686657316308,0.76290785481982659,0.95803472139298962,True,False,False,False,False,False
0.28000000000000003,500,33,0.04529801285990246,0.091468344816169889,0.75569927834300243,0.84716762315917227,True,False,False,False,False,False
0.28000000000000003,500,34,0.012435875522417331,0.2032177856463665,0.79082548749542103,0.99404327314178753,True,False,False,False,False,False
0.28000000000000003,500,35,0.010022726281146553,0.17315428802202326,0.81783868726854925,0.99099297529057251,True,False,False,False,False,False
0.28000000000000003,500,36,0.0084289842625452915,0.22817783898814931,0.74476836583508421,0.97294620482323357,True,False,False,False,False,False
0.28000000000000003,500,37,0.0087379376477115609,0.23894446422984006,0.72767136964071244,0.9666158338705525,True,False,False,False,False,False
0.28000000000000003,500,38,0.0055840252790623473,0.14550229466074496,0.84344815781553373,0.98895045247627866,True,False,False,False,False,False
0.28000000000000003,500,39,0.017093920061468679,0.19531106134180395,0.7160256824795791,0.91133674382138308,True,False,False,False,False,False
0.28000000000000003,500,40,0.017112778325502138,0.23540715347528302,0.71519412619933953,0.9506012796746226,True,False,False,False,False,False
0.28000000000000003,500,41,0.026467821297885757,0.19033150086334541,0.74995449584795071,0.94028599671129609,True,False,False,False,False,False
0.28000000000000003,500,42,0.0069829982266692014,0.1972565382088291,0.78431136872359331,0.98156790693242235,True,False,False,False,False,False
0.28000000000000003,500,43,0.011783940373315071,0.28571962307344512,0.70577208690366655,0.99149170997711167,True,False,False,False,False,False
0.28000000000000003,500,44,0.018044802132009024,0.22010458772109856,0.74256949126029959,0.96267407898139812,True,False,False,False,False,False
0.28000000000000003,500,45,0.013689312824213668,0.18889469914865858,0.78268245420726523,0.97157715335592387,True,False,False,False,False,True
0.28000000000000003,500,46,0.014326760925502063,0.26381866882932392,0.67475156546794612,0.93857023429727005,True,False,False,False,False,False
0.28000000000000003,500,47,0.0038266030313574726,0.061425799402598388,0.92392266856945926,0.98534846797205766,True,False,False,False,False,True
0.28000000000000003,500,48,0.0077645815532974335,0.14806930810041002,0.82796137006210191,0.97603067816251188,True,False,False,False,False,False
0.28000000000000003,500,49,0.0092334510917605472,0.13015284505071234,0.81166792502679419,0.94182077007750653,True,False,False,False,False,False
0.28000000000000003,500,50,0.020073078225467413,0.24659387773148622,0.66160655274624947,0.90820043047773569,True,False,False,False,False,False
0.28000000000000003,500,51,0.009337792182250032,0.12157185681432627,0.82070845551618998,0.94228031233051623,True,False,False,False,False,False
0.28000000000000003,500,52,0.02315086505361022,0.23172665507061879,0.69074855000407731,0.92247520507469605,True,False,False,False,False,False
0.28000000000000003,500,53,0.0064853408063322605,0.11107231371870815,0.86731712058727362,0.9783894343059818,True,False,False,False,False,False
0.28000000000000003,500,54,0.015989744689868385,0.22831866767549935,0.73469030691159176,0.96300897458709112,True,False,False,False,False,False
0.28000000000000003,500,55,0.010789315651319978,0.25208323598284915,0.73847414778525899,0.99055738376810809,True,False,False,False,False,False
0.28000000000000003,500,56,0.039039000070614192,0.24663126859316017,0.56773547858372908,0.81436674717688928,True,False,False,False,False,False
0.28000000000000003,500,57,0.010783597535521255,0.23613155397430746,0.7416082898882419,0.97773984386254931,True,False,False,False,False,True
0.28000000000000003,500,58,0.0074336508858835575,0.29102521188567421,0.70108274323325692,0.99210795511893113,True,False,False,False,False,False
0.28000000000000003,500,59,0.011495252619240512,0.180897492110181,0.79075677737826955,0.97165426948845057,True,False,False,False,False,False
0.28000000000000003,500,60,0.010204396680058157,0.18239696401295599,0.80214976216018063,0.98454672617313665,True,False,False,False,False,False
0.28000000000000003,500,61,0.015268898773414178,0.14818794368053265,0.76907646972014665,0.91726441340067932,True,False,False,False,False,False
0.28000000000000003,500,62,0.050188536212956311,0.13080316822853738,0.61216360710119078,0.74296677532972821,True,False,False,False,True,False
0.28000000000000003,500,63,0.014882999597963627,0.18568560927695149,0.78755204779930443,0.97323765707625598,True,False,False,False,False,False
0.28000000000000003,500,64,0.006354082448969533,0.12905960900915825,0.84581877031879016,0.97487837932794841,True,False,False,False,False,False
0.28000000000000003,500,65,0.02202863224088393,0.16958414437890879,0.72721514067652704,0.89679928505543582,True,False,False,False,False,False
0.28000000000000003,500,66,0.012303693301474312,0.24880641196075373,0.74400774216132459,0.9928141541220783,True,False,False,False,False,False
0.28000000000000003,500,67,0.010046248711704864,0.20560026828138142,0.78286214510650354,0.98846241338788499,True,False,False,False,False,False
0.28000000000000003,500,68,0.018458956195087837,0.26977358149153879,0.71261313756771205,0.98238671905925079,True,False,False,False,False,True
0.28000000000000003,500,69,0.0047262442489161239,0.11603049884191365,0.86281780496319438,0.97884830380510801,True,False,False,False,False,False
0.28000000000000003,500,70,0.021324402433906292,0.19156790709236418,0.7632490998767405,0.95481700696910465,True,False,False,False,False,False
0.28000000000000003,500,71,0.0086035498061733228,0.17084946162415329,0.80908301310658859,0.97993247473074185,True,False,False,False,False,False
0.28000000000000003,500,72,0.0022881660829486079,0.056072440957505722,0.93689343378143664,0.99296587473894238,True,False,False,False,False,False
0.28000000000000003,500,73,0.0089781589782506211,0.17605993777820342,0.79767732504970512,0.97373726282790851,True,False,False,False,False,False
0.28000000000000003,500,74,0.0069095274820855281,0.16827940282480414,0.82825004660532775,0.99652944943013189,True,False,False,False,False,False
0.28000000000000003,500,75,0.015368991528219213,0.13645022296947301,0.80982122240778431,0.94627144537725738,True,False,False,False,False,False
0.28000000000000003,500,76,0.010896228483725205,0.1484064954592384,0.8025455136567049,0.95095200911594335,True,False,False,False,False,False
0.28000000000000003,500,77,0.019639854915845099,0.2075769352324785,0.77821823729977446,0.98579517253225291,True,False,False,False,False,False
0.28000000000000003,500,78,0.011753407350313759,0.20505088894853782,0.76316710517864039,0.96821799412717824,True,False,False,False,False,False
0.28000000000000003,500,79,0.0093516189765870655,0.23861014418970991,0.73747567640169787,0.9760858205914078,True,False,False,False,False,True
0.28000000000000003,500,80,0.010376465908715771,0.1883353160464406,0.79373080898379778,0.98206612503023838,True,False,False,False,False,False
0.28000000000000003,500,81,0.019204285297515871,0.13825931883371587,0.73454731636145287,0.87280663519516877,True,False,False,False,False,False
0.28000000000000003,500,82,0.018740059830949334,0.25109868298287707,0.68469877295546966,0.93579745593834673,True,False,False,False,False,False
0.28000000000000003,500,83,0.0057042733779604062,0.13619855540075759,0.83825488660157754,0.97445344200233519,True,False,False,False,False,False
0.28000000000000003,500,84,0.014475532629636925,0.24960925689684113,0.72290557687215584,0.97251483376899694,True,False,False,False,False,False
0.28000000000000003,500,85,0.023080348719609713,0.17140760115552092,0.72437757411648429,0.89578517527200519,True,False,False,False,False,False
0.28000000000000003,500,86,0.010179423742706337,0.19838369170484102,0.776888877580454,0.97527256928529504,True,False,False,False,False,False
0.28000000000000003,500,87,0.019112457867767774,0.18628904063596155,0.72333402889123666,0.90962306952719818,True,False,False,False,False,False
0.28000000000000003,500,88,0.017052905128983373,0.20035364783053536,0.73465617901695057,0.9350098268474859,True,False,False,False,False,False
0.28000000000000003,500,89,0.012119492952753455,0.18087238538684561,0.78910730509859195,0.96997969048543753,True,False,False,False,False,False
0.28000000000000003,500,90,0.019144789167874484,0.24796025312521922,0.735050896469572,0.98301114959479119,True,False,False,False,False,True
0.28000000000000003,500,91,0.0085047448723391521,0.1893900808947124,0.78052360857320846,0.96991368946792089,True,False,False,False,False,False
0.28000000000000003,500,92,0.030586056205592599,0.31002612385089945,0.62599659872553082,0.93602272257643027,True,False,False,False,False,False
0.28000000000000003,500,93,0.012696142554970063,0.11745399249994287,0.783035889249732,0.90048988174967493,True,False,False,False,False,False
0.28000000000000003,500,94,0.019914750435369367,0.2444375608416241,0.72111828330997096,0.96555584415159501,True,False,False,False,False,False
0.28000000000000003,500,95,0.01908686755053577,0.27598541302467405,0.70758387267959866,0.98356928570427271,True,False,False,False,False,False
0.28000000000000003,500,96,0.012996800960011963,0.19028516312384577,0.76205515133749135,0.95234031446133716,True,False,False,False,False,False
0.28000000000000003,500,97,0.013614491333060818,0.22892120599811061,0.71673623461708824,0.94565744061519885,True,False,False,False,False,False
0.28000000000000003,500,98,0.013432119678425277,0.18536592326056703,0.78221743962005352,0.96758336288062052,True,False,False,False,False,False
0.28000000000000003,500,99,0.020468146713915371,0.24978300863081263,0.73450368235575081,0.98428669098656341,True,False,False,False,False,False
0.28000000000000003,500,100,0.012505392707070025,0.20242992072773308,0.78613136863316335,0.98856128936089638,True,False,False,False,False,False
0.28000000000000003,500,101,0.028839277246632409,0.26128212754170016,0.73767258445050343,0.99895471199220354,True,False,False,False,False,True
0.28000000000000003,500,102,0.0032487887791440044,0.089734310037508619,0.89153142638515537,0.98126573642266401,True,False,False,False,True,False
0.28000000000000003,500,103,0.012375403424507077,0.25562671112166158,0.71903527401582679,0.97466198513748836,True,False,False,False,False,False
0.28000000000000003,500,104,0.0090465140231877315,0.20574030525247677,0.78439889187811651,0.99013919713059328,True,False,False,False,False,False
0.28000000000000003,500,105,0.013483329031386384,0.13879757946121643,0.79624190962032915,0.93503948908154555,True,False,False,False,False,False
0.28000000000000003,500,106,0.0094428632853055389,0.20614682940699369,0.74587110468094642,0.95201793408794011,True,False,False,False,False,False
0.28000000000000003,500,107,0.014626282754532162,0.20378827446026604,0.7284245296054972,0.93221280406576323,True,False,False,False,False,False
0.28000000000000003,500,108,0.019307430117287479,0.21773557937358912,0.76294525180841999,0.98068083118200911,True,False,False,False,False,False
0.28000000000000003,500,109,0.016459179529540183,0.25648385411674801,0.7325303326776833,0.98901418679443132,True,False,False,False,False,False
0.28000000000000003,500,110,0.017631893192139279,0.29131731960830731,0.66128618782018178,0.95260350742848909,True,False,False,False,False,False
0.28000000000000003,500,111,0.020507532952535098,0.22066579896924024,0.70899441574154531,0.92966021471078553,True,False,False,False,False,False
0.28000000000000003,500,112,0.020125552725881984,0.15627973067787457,0.74504998021121149,0.90132971088908609,True,False,False,False,False,False
0.28000000000000003,500,113,0.014822150848963357,0.21463957492747424,0.72961861062594047,0.94425818555341468,True,False,False,False,False,False
0.28000000000000003,500,114,0.010812563267943135,0.11601499054948215,0.84047815846129248,0.95649314901077465,True,False,False,False,False,False
0.28000000000000003,500,115,0.014791186044468321,0.24237643531753042,0.73947346394799274,0.98184989926552313,True,False,False,False,False,False
0.28000000000000003,500,116,0.012106648487304472,0.20513569797010398,0.76380901632020093,0.96894471429030493,True,False,False,False,False,False
0.28000000000000003,500,117,0.010688081255853851,0.27013667678761177,0.72097890743218085,0.99111558421979262,True,False,False,False,True,False
0.28000000000000003,500,118,0.011837081812145949,0.21996559003796609,0.73307516775477233,0.95304075779273845,True,False,False,False,False,False
0.28000000000000003,500,119,0.013996379458497332,0.24735510280261647,0.74377067251974183,0.99112577532235835,True,False,False,False,False,False
0.28000000000000003,500,120,0.01321253672936472,0.17604632513738952,0.77091368364751156,0.94696000878490105,True,False,False,False,False,False
0.28000000000000003,500,121,0.013320469821900122,0.22166972831092879,0.7145377457943749,0.93620747410530369,True,False,False,False,False,False
0.28000000000000003,500,122,0.0060507749804813455,0.22951615567972281,0.76085502942349592,0.99037118510321875,True,False,False,False,False,False
0.28000000000000003,500,123,0.032381158700442801,0.17719382370176229,0.69417667533475225,0.87137049903651453,True,False,False,False,False,False
0.28000000000000003,500,124,0.0032882078246793188,0.15163847818067769,0.84101424904732125,0.99265272722799891,True,False,False,False,False,False
0.28000000000000003,500,125,0.0075518725038669606,0.19368401858267051,0.7907191739467766,0.98440319252944708,True,False,False,False,False,False
0.28000000000000003,500,126,0.004011850944447116,0.1364827130081839,0.84980065679989414,0.98628336980807807,True,False,False,False,False,False
0.28000000000000003,500,127,0.022211519955447789,0.20816690549709838,0.74392758498547562,0.952094490482574,True,False,False,False,False,False
0.28000000000000003,500,128,0.01710757059996126,0.18331966665965488,0.76537594159346078,0.94869560825311572,True,False,False,False,False,False
0.28000000000000003,500,129,0.013276244419897767,0.17872432593974058,0.80263401659348688,0.98135834253322751,True,False,False,False,False,False
0.28000000000000003,500,130,0.013341878839360159,0.23546544540083764,0.74266272212482409,0.97812816752566167,True,False,False,False,False,False
0.28000000000000003,500,131,0.020464799608394774,0.12686061157757386,0.76618427464870253,0.89304488622627642,True,False,False,False,True,False
0.28000000000000003,500,132,0.0070238117317936132,0.10773013729384608,0.85354990499331063,0.96128004228715669,True,False,False,False,False,False
0.28000000000000003,500,133,0.0068843489243668081,0.21483427538521391,0.78149277942717654,0.99632705481239048,True,False,False,False,False,False
0.28000000000000003,500,134,0.033798894851408141,0.26284531695829705,0.69560621662016764,0.95845153357846469,True,False,False,False,False,False
0.28000000000000003,500,135,0.03551584588498076,0.23399361808464922,0.66890129227380801,0.90289491035845726,True,False,False,False,False,False
0.28000000000000003,500,136,0.016105260521226773,0.1996420039710593,0.77561986490097057,0.97526186887202981,True,False,False,False,False,False
0.28000000000000003,500,137,0.013528250180842673,0.15859394596282139,0.75184550026365815,0.91043944622647954,True,False,False,False,False,False
0.28000000000000003,500,138,0.033264544128860055,0.29855922452903172,0.6021359896306514,0.90069521415968312,True,False,False,False,False,False
0.28000000000000003,500,139,0.011667542942326773,0.22799407010645154,0.75912472171748502,0.98711879182393658,True,False,False,False,False,False
0.28000000000000003,500,140,0.038146418743565537,0.27356963978609733,0.62686328729660834,0.90043292708270561,True,False,False,False,False,False
0.28000000000000003,500,141,0.010177300996340892,0.13235693751557101,0.81555764680520082,0.9479145843207718,True,False,False,False,True,False
0.28000000000000003,500,142,0.011936965956213243,0.12457504910406884,0.84084809002732996,0.96542313913139877,True,False,False,False,False,False
0.28000000000000003,500,143,0.019522349361855835,0.20831698906798479,0.73817748457638532,0.94649447364437012,True,False,False,False,True,False
0.28000000000000003,500,144,0.02007539081254656,0.23605903196261535,0.75320354982064652,0.98926258178326187,True,False,False,False,False,False
0.28000000000000003,500,145,0.15359478555580458,0.27086239046855215,0.051082158104089885,0.32194454857264204,True,False,False,False,True,False
0.28000000000000003,500,146,0.0064994714222860635,0.18179312881868695,0.81102111726856263,0.99281424608724955,True,False,False,False,False,True
0.28000000000000003,500,147,0.0077454630865444749,0.22382685355694329,0.76733481761422528,0.9911616711711686,True,False,False,False,False,True
0.28000000000000003,500,148,0.030278880595234835,0.29228724185320043,0.70158992239940998,0.99387716425261041,True,False,False,False,False,False
0.28000000000000003,500,149,0.022183125562648568,0.21874410318299137,0.76049652142938551,0.97924062461237682,True,False,False,False,False,False
0.28000000000000003,500,150,0.48211381156762206,0.050000000000000003,0.90000000000000002,0.95000000000000007,False,True,False,False,False,False
0.28000000000000003,500,151,0.11987109242213559,0.3385040507914383,9.9999999999999995e-07,0.33850505079143828,True,False,True,False,True,False
0.28000000000000003,500,152,0.010487763877102856,0.18496192565687397,0.79543360339386471,0.98039552905073868,True,False,False,False,False,False
0.28000000000000003,500,153,0.017308904610008467,0.17625899456230776,0.79534097225947431,0.97159996682178207,True,False,False,False,False,False
0.28000000000000003,500,154,0.011288427958845474,0.23641298174506764,0.7220646779144797,0.95847765965954734,True,False,False,False,False,False
0.28000000000000003,500,155,0.0060248852083017255,0.17093617440033648,0.80315009848908347,0.97408627288941996,True,False,False,False,False,False
0.28000000000000003,500,156,0.022433335997879889,0.25834009030900396,0.669294651761009,0.92763474207001295,True,False,False,False,False,False
0.28000000000000003,500,157,0.018321273765453915,0.28059990089164116,0.64165423024665913,0.92225413113830035,True,False,False,False,False,False
0.28000000000000003,500,158,0.0068751788561258517,0.1419702319551488,0.84047893931004825,0.98244917126519704,True,False,False,False,False,False
0.28000000000000003,500,159,0.012145890892586671,0.23762607373761468,0.71414289543634968,0.95176896917396436,True,False,False,False,False,False
0.28000000000000003,500,160,0.010334830197705524,0.12351302774933744,0.81368770768322118,0.93720073543255866,True,False,False,False,False,False
0.28000000000000003,500,161,0.0055080257687065894,0.21690157638340488,0.77426491112844453,0.99116648751184944,True,False,False,False,True,False
0.28000000000000003,500,162,0.031784093626082019,0.12043374180598868,0.76086701261843082,0.88130075442441946,True,False,False,False,False,True
0.28000000000000003,500,163,0.017045189146915874,0.17073813606485486,0.78284804226846227,0.95358617833331716,True,False,False,False,False,True
0.28000000000000003,500,164,0.01986347261750623,0.22184298412530165,0.75681698803271458,0.97865997215801626,True,False,False,False,False,False
0.28000000000000003,500,165,0.015062494397418176,0.20770273031861089,0.7630755183085165,0.97077824862712736,True,False,False,False,False,False
0.28000000000000003,500,166,0.017471890572408697,0.15789885701600373,0.77972327535701846,0.93762213237302217,True,False,False,False,False,False
0.28000000000000003,500,167,0.011158655545374044,0.17315870372712572,0.78283741713871269,0.95599612086583841,True,False,False,False,False,True
0.28000000000000003,500,168,0.0073225887313611493,0.13842743145963274,0.83923457762131659,0.97766200908094936,True,False,False,False,False,False
0.28000000000000003,500,169,0.031606095191847323,0.21910494415559881,0.66596209307124099,0.88506703722683977,True,False,False,False,False,False
0.28000000000000003,500,170,0.011123430133102288,0.18350642468998235,0.79334160190847314,0.97684802659845549,True,False,False,False,False,False
0.28000000000000003,500,171,0.022349506946487869,0.1230265497867771,0.78054376143368864,0.90357031122046572,True,False,False,False,False,False
0.28000000000000003,500,172,0.010443270273403344,0.24178111718276318,0.75369924591481818,0.99548036309758137,True,False,False,False,False,False
0.28000000000000003,500,173,0.021620676314481797,0.28612873436552366,0.66454350865682288,0.95067224302234654,True,False,False,False,False,False
0.28000000000000003,500,174,0.01050458541500285,0.22265577747470855,0.7625083193151686,0.98516409678987715,True,False,False,False,False,False
0.28000000000000003,500,175,0.014993195203610296,0.16691618476038222,0.78169436465012121,0.94861054941050349,True,False,False,False,False,False
0.28000000000000003,500,176,0.026527783019191148,0.24757542433275881,0.74860909698242162,0.99618452131518043,True,False,False,False,False,True
0.28000000000000003,500,177,0.011838528194238291,0.17220705506491796,0.79176381185989486,0.96397086692481282,True,False,False,False,False,False
0.28000000000000003,500,178,0.012173546505027916,0.085232888416243435,0.87569471702204316,0.96092760543828659,True,False,False,False,False,False
0.28000000000000003,500,179,0.0079888866054722389,0.18167343985578455,0.79209957283645505,0.97377301269223959,True,False,False,False,False,False
0.28000000000000003,500,180,0.014999725159938946,0.22508809576207936,0.75758107244025263,0.98266916820233197,True,False,False,False,False,False
0.28000000000000003,500,181,0.016273054204281493,0.20184174484454778,0.76059420925428001,0.96243595409882776,True,False,False,False,False,False
0.28000000000000003,500,182,0.014023782619257994,0.2345621998115148,0.71746060475911011,0.95202280457062494,True,False,False,False,True,False
0.28000000000000003,500,183,0.017654077802103152,0.30534914300879551,0.68476731402990154,0.99011645703869711,True,False,False,False,False,False
0.28000000000000003,500,184,0.011568830760038928,0.25489961817796691,0.70550606817865924,0.96040568635662615,True,False,False,False,True,False
0.28000000000000003,500,185,0.019091031794029462,0.16338093880144541,0.75949561789630116,0.9228765566977466,True,False,False,False,False,False
0.28000000000000003,500,186,0.017023062353807929,0.22340754111019429,0.70699741844429598,0.93040495955449032,True,False,False,False,False,False
0.28000000000000003,500,187,0.052649766964011968,0.16944194611945967,0.63660326413557622,0.80604521025503595,True,False,False,False,False,False
0.28000000000000003,500,188,0.025223610568828377,0.23670446101137338,0.69149691159922366,0.9282013726105971,True,False,False,False,False,False
0.28000000000000003,500,189,0.022390130954575423,0.18342661334119342,0.73199795263385581,0.91542456597504929,True,False,False,False,False,False
0.28000000000000003,500,190,0.039634691710070648,0.35502859160595601,0.58996666181789414,0.94499525342385016,True,False,False,False,False,False
0.28000000000000003,500,191,0.022162405271349744,0.15034834859612886,0.7814540376533784,0.93180238624950729,True,False,False,False,False,False
0.28000000000000003,500,192,0.033937999324896023,0.36189076704105966,0.63710576658327989,0.9989965336243396,True,False,False,False,False,False
0.28000000000000003,500,193,0.028698591302526041,0.18537427109700089,0.75459496101873025,0.93996923211573113,True,False,False,False,True,False
0.28000000000000003,500,194,0.012624110581285519,0.060448506673681623,0.86066740774576589,0.92111591441944751,True,False,False,False,True,False
0.28000000000000003,500,195,0.036522430614253351,0.26974264108135931,0.68890996183577424,0.95865260291713361,True,False,False,False,False,False
0.28000000000000003,500,196,0.011754373003279061,0.16941851240440906,0.77417102698799478,0.94358953939240386,True,False,False,False,False,True
0.28000000000000003,500,197,0.010095661519907383,0.19181820255577142,0.791661477276697,0.98347967983246842,True,False,False,False,False,False
0.28000000000000003,500,198,0.012677900600815424,0.18103655932174684,0.81390258253881997,0.99493914186056687,True,False,False,False,False,False
0.28000000000000003,500,199,0.0093315273259753015,0.21692348066432598,0.76823998021528439,0.98516346087961038,True,False,False,False,False,True
0.28000000000000003,1000,0,0.012513842314021036,0.23572240605785874,0.73400822972976665,0.96973063578762542,True,False,False,False,False,False
0.28000000000000003,1000,1,0.013391577605642906,0.20696013441001643,0.76112085379717664,0.96808098820719302,True,False,False,False,False,False
0.28000000000000003,1000,2,0.013238277521661772,0.21825428281311551,0.77351017043631631,0.99176445324943185,True,False,False,False,False,False
0.28000000000000003,1000,3,0.012663903559549567,0.24289845411117839,0.74385066367422981,0.98674911778540819,True,False,False,False,False,False
0.28000000000000003,1000,4,0.010108321185577546,0.19096660057994513,0.77048029971500243,0.9614469002949475,True,False,False,False,False,False
0.28000000000000003,1000,5,0.010274599307295906,0.18204330565876828,0.80017216115573242,0.98221546681450067,True,False,False,False,False,False
0.28000000000000003,1000,6,0.011094504429436979,0.17208120824810819,0.79759829973411078,0.96967950798221891,True,False,False,False,False,True
0.28000000000000003,1000,7,0.012958476965609231,0.22337749936173545,0.7553470716625319,0.97872457102426735,True,False,False,False,False,True
0.28000000000000003,1000,8,0.010134006056408929,0.18912427277516491,0.80086864112775924,0.98999291390292421,True,False,False,False,False,False
0.28000000000000003,1000,9,0.014194859540836309,0.14580103787964749,0.79360264020051063,0.93940367808015812,True,False,False,False,False,False
0.28000000000000003,1000,10,0.012305810394057079,0.22794184130089643,0.75467621762188808,0.98261805892278453,True,False,False,False,False,False
0.28000000000000003,1000,11,0.016232383877711178,0.21069504809780271,0.7675581708359257,0.97825321893372841,True,False,False,False,False,False
0.28000000000000003,1000,12,0.013143543236888901,0.2109498574970444,0.75157503554448601,0.96252489304153044,True,False,False,False,False,False
0.28000000000000003,1000,13,0.022133246058694888,0.19346923244761541,0.72854383923270272,0.9220130716803181,True,False,False,False,False,False
0.28000000000000003,1000,14,0.011365669617625598,0.22574417277898076,0.75563766027236168,0.98138183305134241,True,False,False,False,False,False
0.28000000000000003,1000,15,0.012928724848593144,0.29392828508377616,0.696117632766729,0.99004591785050522,True,False,False,False,False,False
0.28000000000000003,1000,16,0.01774560844278195,0.23473492506850288,0.72316334303372953,0.95789826810223244,True,False,False,False,False,True
0.28000000000000003,1000,17,0.02065410398857848,0.22293476572174423,0.70831195746906783,0.93124672319081203,True,False,False,False,False,False
0.28000000000000003,1000,18,0.017159277299442555,0.24560148941982088,0.74100291382377248,0.98660440324359333,True,False,False,False,False,True
0.28000000000000003,1000,19,0.010811493229671924,0.23733279746422614,0.75459228772838061,0.99192508519260669,True,False,False,False,False,False
0.28000000000000003,1000,20,0.012736546851722324,0.22215976260860845,0.75327313911288774,0.97543290172149621,True,False,False,False,False,True
0.28000000000000003,1000,21,0.019462711384016649,0.22330514572983312,0.72693775172672359,0.95024289745655666,True,False,False,False,False,False
0.28000000000000003,1000,22,0.010723759836666423,0.16433314160733903,0.81252848326142024,0.97686162486875927,True,False,False,False,False,False
0.28000000000000003,1000,23,0.014060526825241858,0.21838042299481766,0.77692716110766735,0.99530758410248499,True,False,False,False,False,False
0.28000000000000003,1000,24,0.010349143994360138,0.14041934131893519,0.82281495596480492,0.9632342972837401,True,False,False,False,False,False
0.28000000000000003,1000,25,0.0084049543173677251,0.22308262495612954,0.76136468574389837,0.98444731070002789,True,False,False,False,False,False
0.28000000000000003,1000,26,0.01367337052002409,0.21380412541381158,0.76252486233055117,0.97632898774436272,True,False,False,False,False,False
0.28000000000000003,1000,27,0.013896233307301437,0.17257307552781684,0.78948132320124609,0.96205439872906295,True,False,False,False,False,False
0.28000000000000003,1000,28,0.028684966535946776,0.23985879143380898,0.73199296416056214,0.97185175559437109,True,False,False,False,False,False
0.28000000000000003,1000,29,0.01393569150093942,0.18719730372265314,0.77815415453861658,0.96535145826126967,True,False,False,False,False,False
0.28000000000000003,1000,30,0.0096449252293807613,0.11899645034915222,0.83460405372727986,0.95360050407643204,True,False,False,False,False,False
0.28000000000000003,1000,31,0.0092159413257695746,0.15952648980498838,0.81793319147182086,0.97745968127680927,True,False,False,False,False,False
0.28000000000000003,1000,32,0.009078246086142102,0.1668148216139522,0.79955272914427089,0.96636755075822312,True,False,False,False,False,False
0.28000000000000003,1000,33,0.02841582611730371,0.18242954295370772,0.75236988808083116,0.93479943103453889,True,False,False,False,False,False
0.28000000000000003,1000,34,0.011499703627224233,0.20222946952181914,0.78826707196142776,0.99049654148324695,True,False,False,False,False,False
0.28000000000000003,1000,35,0.0087908176954331133,0.21187063640504492,0.78205366610817406,0.99392430251321895,True,False,False,False,False,False
0.28000000000000003,1000,36,0.0075854327503830045,0.19130709386344372,0.77883450527996367,0.97014159914340736,True,False,False,False,False,False
0.28000000000000003,1000,37,0.015085115232750588,0.242392109238493,0.7083703046086719,0.95076241384716487,True,False,False,False,False,False
0.28000000000000003,1000,38,0.28913682798247775,0.49983143946410563,0.49892215014178876,0.99875358960589433,True,False,False,False,False,False
0.28000000000000003,1000,39,0.018696354131494911,0.24107601839757709,0.6979501436855905,0.93902616208316758,True,False,False,False,False,False
0.28000000000000003,1000,40,0.01444501277561632,0.21251494995389503,0.75041065114380268,0.96292560109769765,True,False,False,False,False,False
0.28000000000000003,1000,41,0.017917903633666434,0.22473290199334617,0.77289103588162122,0.99762393787496739,True,False,False,False,False,True
0.28000000000000003,1000,42,0.0074417591521780064,0.19747250227370269,0.77998329912795339,0.97745580140165611,True,False,False,False,False,False
0.28000000000000003,1000,43,0.010039419034797678,0.25088968390289323,0.73597861098054818,0.98686829488344141,True,False,False,False,False,False
0.28000000000000003,1000,44,0.01109549920053454,0.19173429056781321,0.79344484154270112,0.98517913211051433,True,False,False,False,False,True
0.28000000000000003,1000,45,0.0091631246736167925,0.19662482752553198,0.7829447787182876,0.97956960624381961,True,False,False,False,True,True
0.28000000000000003,1000,46,0.016164626186056279,0.20990070045870418,0.73271385971649572,0.94261456017519984,True,False,False,False,False,False
0.28000000000000003,1000,47,0.012311482752309776,0.15398163573621323,0.79735126580291193,0.9513329015391252,True,False,False,False,False,True
0.28000000000000003,1000,48,0.010920034368860016,0.15717654474455714,0.79939074703618274,0.95656729178073985,True,False,False,False,False,False
0.28000000000000003,1000,49,0.0085496714171388842,0.14451995503788073,0.81832828490547072,0.96284823994335145,True,False,False,False,False,False
0.28000000000000003,1000,50,0.013129984323381262,0.2511830587876,0.70757904004512029,0.95876209883272034,True,False,False,False,False,False
0.28000000000000003,1000,51,0.0093366184788251198,0.12847887933962479,0.81445104525741985,0.94292992459704461,True,False,False,False,False,False
0.28000000000000003,1000,52,0.01508036361116165,0.1878333101036419,0.74636230771937195,0.93419561782301386,True,False,False,False,False,False
0.28000000000000003,1000,53,0.011147459610112303,0.11340143578350489,0.84624190498991703,0.95964334077342195,True,False,False,False,False,False
0.28000000000000003,1000,54,0.012760440361418603,0.24496390616408853,0.75267901247584612,0.99764291863993471,True,False,False,False,False,False
0.28000000000000003,1000,55,0.013178997007931873,0.2562965701888642,0.72625762174995911,0.98255419193882332,True,False,False,False,False,False
0.28000000000000003,1000,56,0.029825914893808144,0.25035202689202379,0.62555132292784921,0.87590334981987295,True,False,False,False,False,False
0.28000000000000003,1000,57,0.0090955411123635303,0.23201710021721464,0.76181633650999769,0.99383343672721236,True,False,False,False,False,True
0.28000000000000003,1000,58,0.009732534076553093,0.26000274769287185,0.72288618988167863,0.98288893757455043,True,False,False,False,False,False
0.28000000000000003,1000,59,0.013663195449334292,0.1685982152700202,0.79115180660876461,0.95975002187878478,True,False,False,False,False,False
0.28000000000000003,1000,60,0.45645491108381581,0.050000000000000003,0.90000000000000002,0.95000000000000007,False,True,False,False,False,False
0.28000000000000003,1000,61,0.012169006570343926,0.11285887180167525,0.81295960723423055,0.92581847903590586,True,False,False,False,False,False
0.28000000000000003,1000,62,0.012710988169384353,0.11610114125296188,0.83302558106946467,0.94912672232242656,True,False,False,False,True,False
0.28000000000000003,1000,63,0.010095432320496058,0.17102435527046922,0.8040637111171427,0.97508806638761192,True,False,False,False,False,False
0.28000000000000003,1000,64,0.0090788490872790954,0.18555808462502676,0.78608428378418094,0.9716423684092077,True,False,False,False,False,False
0.28000000000000003,1000,65,0.0096613806337091119,0.17374936282009595,0.80164363100453329,0.9753929938246293,True,False,False,False,False,False
0.28000000000000003,1000,66,0.011268432977136299,0.22724073453357627,0.76150756537761333,0.98874829991118962,True,False,False,False,False,False
0.28000000000000003,1000,67,0.013151516980345983,0.20137153365703114,0.77494492595973286,0.97631645961676394,True,False,False,False,False,False
0.28000000000000003,1000,68,0.012778561737480756,0.23022375293426112,0.75185686640027982,0.98208061933454094,True,False,False,False,False,True
0.28000000000000003,1000,69,0.007448852236747394,0.11088422698846995,0.84765099185188642,0.95853521884035642,True,False,False,False,False,False
0.28000000000000003,1000,70,0.014419100689890333,0.18065638681094989,0.77752296469630211,0.95817935150725198,True,False,False,False,True,False
0.28000000000000003,1000,71,0.010744012470959156,0.18496972820976632,0.79274535296930504,0.97771508117907135,True,False,False,False,False,True
0.28000000000000003,1000,72,0.012995816592222336,0.20730215658990012,0.77780180842121949,0.98510396501111963,True,False,False,False,False,False
0.28000000000000003,1000,73,0.0092074936528363412,0.1757200490761007,0.79892838303190061,0.97464843210800134,True,False,False,False,False,False
0.28000000000000003,1000,74,0.010630737174563218,0.22777826082789629,0.76295209337631686,0.99073035420421318,True,False,False,False,False,False
0.28000000000000003,1000,75,0.013727930519166794,0.17408755089994821,0.78691128300972246,0.96099883390967067,True,False,False,False,False,False
0.28000000000000003,1000,76,0.015692334026369825,0.13706647257453705,0.77561738862093232,0.9126838611954694,True,False,False,False,False,False
0.28000000000000003,1000,77,0.021382494189231441,0.21898602409425655,0.75541498132871454,0.97440100542297103,True,False,False,False,False,False
0.28000000000000003,1000,78,0.011077482274835267,0.2153900182535374,0.75878123728252589,0.97417125553606332,True,False,False,False,False,False
0.28000000000000003,1000,79,0.0077636316572053223,0.22565611463299756,0.76706322088152967,0.99271933551452718,True,False,False,False,False,True
0.28000000000000003,1000,80,0.011390696693965231,0.17288543159807584,0.79732003661828332,0.97020546821635922,True,False,False,False,False,False
0.28000000000000003,1000,81,0.0079884372973972485,0.19236550290996696,0.79766216313137905,0.99002766604134607,True,False,False,False,False,False
0.28000000000000003,1000,82,0.016566741108270687,0.22927286787542769,0.70909536366031911,0.93836823153574678,True,False,False,False,False,False
0.28000000000000003,1000,83,0.01035697212336931,0.17486959232473354,0.77855846758790737,0.9534280599126409,True,False,False,False,False,False
0.28000000000000003,1000,84,0.010409511261507418,0.2407298442183802,0.7575164287885473,0.99824627300692748,True,False,False,False,False,False
0.28000000000000003,1000,85,0.015133163571185463,0.21726768649010816,0.75450205545669835,0.97176974194680654,True,False,False,False,False,False
0.28000000000000003,1000,86,0.0081135595713477601,0.1606001170865678,0.81145850539231756,0.97205862247888541,True,False,False,False,False,False
0.28000000000000003,1000,87,0.015997723171593543,0.19662244778788521,0.72464832124505973,0.92127076903294491,True,False,False,False,False,False
0.28000000000000003,1000,88,0.01938151812431128,0.19688984652251121,0.72865101993425663,0.92554086645676781,True,False,False,False,False,False
0.28000000000000003,1000,89,0.011690301609365159,0.19241610412623655,0.77948850340098119,0.97190460752721775,True,False,False,False,False,False
0.28000000000000003,1000,90,0.014326861074441886,0.2364582349737715,0.74180626388580451,0.978264498859576,True,False,False,False,False,True
0.28000000000000003,1000,91,0.011818116147086919,0.1462739768502925,0.80534313504086441,0.95161711189115694,True,False,False,False,False,False
0.28000000000000003,1000,92,0.018903759495948858,0.23791814175962178,0.70609455006716604,0.94401269182678782,True,False,False,False,False,False
0.28000000000000003,1000,93,0.009589350089356968,0.21720728314980398,0.72947603241668268,0.94668331556648666,True,False,False,False,False,False
0.28000000000000003,1000,94,0.019904153455197946,0.21140047557768923,0.73842168736941849,0.94982216294710775,True,False,False,False,False,False
0.28000000000000003,1000,95,0.016201901827813142,0.2282844199123811,0.74881034416220615,0.97709476407458729,True,False,False,False,False,False
0.28000000000000003,1000,96,0.009275832480357472,0.18220094645512697,0.79140864966588265,0.97360959612100961,True,False,False,False,False,False
0.28000000000000003,1000,97,0.011587868545178404,0.17618747502716228,0.7719840542975881,0.94817152932475035,True,False,False,False,False,False
0.28000000000000003,1000,98,0.0090624284395027267,0.19348542526440299,0.78928179904699836,0.9827672243114014,True,False,False,False,False,False
0.28000000000000003,1000,99,0.013094637785508199,0.24196937646125546,0.74650911409788678,0.98847849055914228,True,False,False,False,False,False
0.28000000000000003,1000,100,0.0080872964516365362,0.18905629132995297,0.79861744143412294,0.98767373276407588,True,False,False,False,False,False
0.28000000000000003,1000,101,0.015888819955478698,0.25887893266364109,0.7399839128225576,0.99886284548619875,True,False,False,False,False,False
0.28000000000000003,1000,102,0.0046296532843935435,0.12337268034539166,0.85966641389415177,0.98303909423954339,True,False,False,False,False,False
0.28000000000000003,1000,103,0.010749934704743315,0.19203054393554453,0.77758906084291657,0.9696196047784611,True,False,False,False,False,False
0.28000000000000003,1000,104,0.0092463419611429568,0.20378847001962652,0.78082822242952077,0.98461669244914729,True,False,False,False,False,False
0.28000000000000003,1000,105,0.014019367387412315,0.20746979103845473,0.77653284525666888,0.98400263629512363,True,False,False,False,False,False
0.28000000000000003,1000,106,0.0068475631735568209,0.20277119257683629,0.78552310965445094,0.98829430223128722,True,False,False,False,False,False
0.28000000000000003,1000,107,0.011940255844931738,0.18632168181636211,0.77378480723195098,0.96010648904831308,True,False,False,False,False,False
0.28000000000000003,1000,108,0.010326929622912434,0.1768070061357607,0.80542276006805635,0.98222976620381708,True,False,False,False,False,False
0.28000000000000003,1000,109,0.010330036881827778,0.21815621738594165,0.77552003035903294,0.99367624774497454,True,False,False,False,False,False
0.28000000000000003,1000,110,0.019541458928357857,0.27048783098482981,0.68676195514096883,0.9572497861257987,True,False,False,False,False,False
0.28000000000000003,1000,111,0.016693170996981307,0.18815755162521022,0.75555021473608264,0.94370776636129283,True,False,False,False,False,False
0.28000000000000003,1000,112,0.022581383249833231,0.18590632757525322,0.71117837551062746,0.89708470308588062,True,False,False,False,False,False
0.28000000000000003,1000,113,0.012679125217183642,0.19368904630425532,0.77853430742142571,0.97222335372568103,True,False,False,False,False,False
0.28000000000000003,1000,114,0.010516946200345089,0.1228352878440116,0.82730496010865961,0.95014024795267127,True,False,False,False,False,False
0.28000000000000003,1000,115,0.0081873067349191534,0.20568044186476267,0.78341803021914114,0.98909847208390378,True,False,False,False,False,False
0.28000000000000003,1000,116,0.014732183881884858,0.21323328827840349,0.7552490275969006,0.96848231587530409,True,False,False,False,False,False
0.28000000000000003,1000,117,0.014888058217311982,0.25479443811636748,0.72431812816590302,0.9791125662822705,True,False,False,False,True,False
0.28000000000000003,1000,118,0.01383159244102939,0.1986796567099309,0.75337435595213342,0.95205401266206435,True,False,False,False,False,False
0.28000000000000003,1000,119,0.014301711551950614,0.25149460466059065,0.73689948065249367,0.98839408531308437,True,False,False,False,False,False
0.28000000000000003,1000,120,0.012403921448308612,0.15288467944085957,0.80116675600872111,0.95405143544958071,True,False,False,False,False,False
0.28000000000000003,1000,121,0.011930013643908298,0.23689023252162833,0.72290347399617638,0.95979370651780471,True,False,False,False,False,False
0.28000000000000003,1000,122,0.013551890730793005,0.25161719593163234,0.73265544946813654,0.98427264539976889,True,False,False,False,False,False
0.28000000000000003,1000,123,0.0074588707945707428,0.12134302936240975,0.84403371047026021,0.96537673983266992,True,False,False,False,False,False
0.28000000000000003,1000,124,0.0087554078918903201,0.17832156067266294,0.79394732967890291,0.97226889035156583,True,False,False,False,False,False
0.28000000000000003,1000,125,0.0091110396012554305,0.20046476675840855,0.78662662224447366,0.98709138900288218,True,False,False,False,False,False
0.28000000000000003,1000,126,0.0085196656555551822,0.14145550667992859,0.82396597220798817,0.96542147888791674,True,False,False,False,False,False
0.28000000000000003,1000,127,0.011762852305402981,0.14903103376927671,0.8150971924515773,0.96412822622085403,True,False,False,False,False,False
0.28000000000000003,1000,128,0.018005692575931972,0.20184828416177697,0.76301646762749176,0.96486475178926878,True,False,False,False,False,False
0.28000000000000003,1000,129,0.012205247650479338,0.22063260630360323,0.77739564644615167,0.99802825274975493,True,False,False,False,False,False
0.28000000000000003,1000,130,0.0084715712562526847,0.21247262204577408,0.76809021586971415,0.98056283791548826,True,False,False,False,False,False
0.28000000000000003,1000,131,0.014603926189776229,0.2373344804910473,0.73171514080669353,0.96904962129774086,True,False,False,False,False,False
0.28000000000000003,1000,132,0.0075583738817190443,0.12377006100582312,0.83825602250820086,0.96202608351402397,True,False,False,False,False,False
0.28000000000000003,1000,133,0.0087983959591214425,0.23477353458566091,0.75762939690752296,0.99240293149318393,True,False,False,False,False,False
0.28000000000000003,1000,134,0.015441171141130599,0.23038266500047416,0.73991124370856576,0.97029390870903987,True,False,False,False,False,False
0.28000000000000003,1000,135,0.020318297412868714,0.19877213936941993,0.72625683195049906,0.92502897131991901,True,False,False,False,False,True
0.28000000000000003,1000,136,0.018555797819707995,0.20746809323761498,0.76539629078856797,0.97286438402618292,True,False,False,False,False,False
0.28000000000000003,1000,137,0.013229199491890041,0.16790370703879762,0.76007945181003245,0.92798315884883009,True,False,False,False,False,False
0.28000000000000003,1000,138,0.019784047804247539,0.25522909217415402,0.69687931318445373,0.95210840535860775,True,False,False,False,False,False
0.28000000000000003,1000,139,0.011167403212437003,0.21413966206759896,0.7669857636120907,0.98112542567968963,True,False,False,False,False,False
0.28000000000000003,1000,140,0.027673257250695901,0.21887796455276887,0.6882822884939781,0.90716025304674697,True,False,False,False,False,False
0.28000000000000003,1000,141,0.010301653819099315,0.12177797806070784,0.83319542174215944,0.95497339980286733,True,False,False,False,True,False
0.28000000000000003,1000,142,0.0075100700831833801,0.15191050664746822,0.82718792304391919,0.97909842969138738,True,False,False,False,False,False
0.28000000000000003,1000,143,0.0089686210606084657,0.17652338396468931,0.79515154699497537,0.97167493095966462,True,False,False,False,False,False
0.28000000000000003,1000,144,0.02126579713254827,0.21901970246741251,0.76796249703733621,0.98698219950474875,True,False,False,False,False,False
0.28000000000000003,1000,145,0.018809035382232289,0.13876928775772032,0.78608428763012028,0.92485357538784063,True,False,False,False,False,False
0.28000000000000003,1000,146,0.0058322700678848398,0.17847041434069957,0.81095214283725747,0.98942255717795702,True,False,False,False,False,True
0.28000000000000003,1000,147,0.0087711088319750805,0.20489895407114822,0.78045655403281899,0.98535550810396721,True,False,False,False,False,True
0.28000000000000003,1000,148,0.014080866678309257,0.25309095210051996,0.74145065816024269,0.99454161026076271,True,False,False,False,False,False
0.28000000000000003,1000,149,0.011690736313307871,0.18871021046913891,0.79228477357216265,0.98099498404130159,True,False,False,False,False,False
0.28000000000000003,1000,150,0.011972970959161455,0.26009998241604132,0.73760929600096381,0.99770927841700519,True,False,False,False,False,False
0.28000000000000003,1000,151,0.024506947917396476,0.20537739004286526,0.72713261124141837,0.93251000128428363,True,False,False,False,False,False
0.28000000000000003,1000,152,0.015703664761472527,0.23981665253610185,0.72519991854968668,0.96501657108578853,True,False,False,False,False,False
0.28000000000000003,1000,153,0.026712050911563832,0.29930131492470335,0.68378571759111395,0.98308703251581731,True,False,False,False,False,False
0.28000000000000003,1000,154,0.011337860130866852,0.20712481335167454,0.75304620516700149,0.96017101851867603,True,False,False,False,False,False
0.28000000000000003,1000,155,0.010299686208306059,0.17226135405354309,0.78863535310712163,0.96089670716066466,True,False,False,False,False,False
0.28000000000000003,1000,156,0.01350386549408782,0.24500000048111967,0.74289053643788494,0.98789053691900464,True,False,False,False,False,False
0.28000000000000003,1000,157,0.0083089736891967646,0.18591218423986502,0.80472853038538872,0.99064071462525372,True,False,False,False,False,False
0.28000000000000003,1000,158,0.0082924919019569734,0.16820471261911654,0.81020983603613284,0.97841454865524935,True,False,False,False,False,False
0.28000000000000003,1000,159,0.015452457712964565,0.23605033613754917,0.70719663574776548,0.9432469718853147,True,False,False,False,False,False
0.28000000000000003,1000,160,0.0099488727595244669,0.210192697440857,0.76749613638029845,0.97768883382115546,True,False,False,False,False,False
0.28000000000000003,1000,161,0.0073795243623959519,0.21283123959921724,0.77475872958072001,0.98758996917993724,True,False,False,False,True,False
0.28000000000000003,1000,162,0.02409813658187657,0.16937230910720893,0.7536507656390754,0.92302307474628431,True,False,False,False,False,True
0.28000000000000003,1000,163,0.012230765592934834,0.17212621032025019,0.78646524355661473,0.95859145387686495,True,False,False,False,False,True
0.28000000000000003,1000,164,0.017337569174351204,0.20970834077229794,0.76535715127789239,0.97506549205019033,True,False,False,False,False,False
0.28000000000000003,1000,165,0.013114510007292116,0.2149326697685722,0.7508566168994002,0.96578928666797237,True,False,False,False,False,False
0.28000000000000003,1000,166,0.011263503644120725,0.16245299542748715,0.78830030157693431,0.95075329700442146,True,False,False,False,False,False
0.28000000000000003,1000,167,0.0090719557474497944,0.14498848244823326,0.81138152331288638,0.95637000576111963,True,False,False,False,False,True
0.28000000000000003,1000,168,0.013734252048475089,0.16862256458351427,0.7967206567879126,0.96534322137142681,True,False,False,False,False,False
0.28000000000000003,1000,169,0.013454311109122399,0.17000586879923046,0.76749145752844539,0.9374973263276758,True,False,False,False,False,False
0.28000000000000003,1000,170,0.011176922955404721,0.17279825651438668,0.79779825509925362,0.97059651161364036,True,False,False,False,False,False
0.28000000000000003,1000,171,0.011736082134526545,0.084563807775549754,0.85556153593060502,0.94012534370615475,True,False,False,False,False,False
0.28000000000000003,1000,172,0.010993973030734313,0.1930696646008529,0.79860334620019313,0.99167301080104608,True,False,False,False,False,False
0.28000000000000003,1000,173,0.016325583508324751,0.2224354592997016,0.73149877112882922,0.95393423042853076,True,False,False,False,False,False
0.28000000000000003,1000,174,0.01566617405598477,0.20889382130241069,0.76250611453633443,0.97139993583874507,True,False,False,False,False,False
0.28000000000000003,1000,175,0.010341685707051415,0.19407181763041956,0.77314824738720123,0.96722006501762081,True,False,False,False,False,False
0.28000000000000003,1000,176,0.011986936036277273,0.20961278093321342,0.78703361211643641,0.99664639304964986,True,False,False,False,False,True
0.28000000000000003,1000,177,0.01004609160524355,0.20154633616914772,0.77836248678352238,0.97990882295267012,True,False,False,False,False,False
0.28000000000000003,1000,178,0.010822675860896058,0.15102328791771094,0.81905578269330614,0.97007907061101706,True,False,False,False,False,False
0.28000000000000003,1000,179,0.013202742156629844,0.19062905441850855,0.76926125191104489,0.95989030632955341,True,False,False,False,False,False
0.28000000000000003,1000,180,0.01117997418214179,0.19979075738705107,0.7813074274545474,0.9810981848415985,True,False,False,False,False,False
0.28000000000000003,1000,181,0.017889794734065895,0.26891476299896611,0.71661019452755115,0.98552495752651725,True,False,False,False,False,False
0.28000000000000003,1000,182,0.018443782286354279,0.31493773721704338,0.66229968790233396,0.97723742511937739,True,False,False,False,False,False
0.28000000000000003,1000,183,0.016750914020501738,0.28908385242979984,0.70141640009289874,0.99050025252269858,True,False,False,False,False,False
0.28000000000000003,1000,184,0.0090548451317528558,0.21989605248460306,0.75755253162690395,0.97744858411150704,True,False,False,False,True,False
0.28000000000000003,1000,185,0.030227970798513359,0.25601425953472662,0.66038303001296239,0.91639728954768906,True,False,False,False,False,False
0.28000000000000003,1000,186,0.021619020222987111,0.27768834121939423,0.64224006540455503,0.91992840662394926,True,False,False,False,False,False
0.28000000000000003,1000,187,0.024282724307114388,0.19993157033988165,0.74791328743634655,0.94784485777622818,True,False,False,False,False,False
0.28000000000000003,1000,188,0.019109876297991945,0.24085137487303424,0.70226989350578273,0.94312126837881693,True,False,False,False,False,False
0.28000000000000003,1000,189,0.020846103577062711,0.17485648382064972,0.73278007530457989,0.90763655912522956,True,False,False,False,False,False
0.28000000000000003,1000,190,0.030004764314806049,0.27555984508930859,0.66224990701758235,0.93780975210689088,True,False,False,False,False,False
0.28000000000000003,1000,191,0.0098574011522217612,0.15182017332548542,0.82036197098182595,0.97218214430731131,True,False,False,False,False,False
0.28000000000000003,1000,192,0.016979923949753215,0.32795620730566638,0.67104379269433356,0.99899999999999989,True,False,False,False,False,False
0.28000000000000003,1000,193,0.012693054461095815,0.17002309361062393,0.80245294954829105,0.972476043158915,True,False,False,False,True,False
0.28000000000000003,1000,194,0.015939178762278673,0.23273006023548259,0.7130940133132827,0.9458240735487653,True,False,False,False,False,False
0.28000000000000003,1000,195,0.016007650265681742,0.1959329898479083,0.79417208171634035,0.99010507156424865,True,False,False,False,False,False
0.28000000000000003,1000,196,0.01283886706293947,0.26154202806895616,0.70493879141288918,0.96648081948184528,True,False,False,False,False,False
0.28000000000000003,1000,197,0.012585357972763845,0.22415752067634687,0.74868648955331796,0.97284401022966482,True,False,False,False,False,False
0.28000000000000003,1000,198,0.0093080774756626097,0.16997831349913023,0.82387556357485314,0.99385387707398332,True,False,False,False,False,False
0.28000000000000003,1000,199,0.016083351499315043,0.25661758626111325,0.70434897579947131,0.96096656206058451,True,False,False,False,False,True
0.28000000000000003,2000,0,0.01068962277289217,0.20555141649393838,0.770667304638738,0.97621872113267638,True,False,False,False,False,False
0.28000000000000003,2000,1,0.011262697825103508,0.19210673162899281,0.78277973859508143,0.97488647022407426,True,False,False,False,False,False
0.28000000000000003,2000,2,0.0087856639320726768,0.19973969870239008,0.79239483815150802,0.99213453685389807,True,False,False,False,False,False
0.28000000000000003,2000,3,0.013556477392805733,0.21670780358040082,0.76316841318516382,0.97987621676556458,True,False,False,False,False,False
0.28000000000000003,2000,4,0.014724090284677773,0.18563536433871231,0.75928615866925275,0.94492152300796506,True,False,False,False,False,False
0.28000000000000003,2000,5,0.011538462652080054,0.22513287237707624,0.77112126774310608,0.99625414012018232,True,False,False,False,False,False
0.28000000000000003,2000,6,0.011981707566470058,0.18123823941306499,0.77525417356044524,0.95649241297351018,True,False,False,False,False,True
0.28000000000000003,2000,7,0.0091334101484355102,0.21033570925900821,0.78046918243965424,0.99080489169866248,True,False,False,False,False,False
0.28000000000000003,2000,8,0.010621923818554965,0.22549210655997351,0.76145698628711111,0.98694909284708465,True,False,False,False,False,False
0.28000000000000003,2000,9,0.013247580739822986,0.14084926359438393,0.79868735189324469,0.93953661548762857,True,False,False,False,False,False
0.28000000000000003,2000,10,0.012052334316177931,0.23161073457915179,0.75171228202280171,0.98332301660195354,True,False,False,False,False,False
0.28000000000000003,2000,11,0.010566365690402917,0.19943629537707494,0.78105589433675726,0.98049218971383223,True,False,False,False,False,False
0.28000000000000003,2000,12,0.015731402189991327,0.24695206534797273,0.72200067236894994,0.9689527377169227,True,False,False,False,False,False
0.28000000000000003,2000,13,0.018848175256394928,0.18053166268188311,0.75446389024488125,0.93499555292676439,True,False,False,False,False,False
0.28000000000000003,2000,14,0.014632865896513433,0.25588279151884696,0.72691691033937667,0.98279970185822363,True,False,False,False,False,False
0.28000000000000003,2000,15,0.015578346809098585,0.29293188923589869,0.68926568605071703,0.98219757528661567,True,False,False,False,False,False
0.28000000000000003,2000,16,0.01715950522225676,0.26331034648211243,0.69004214498043603,0.95335249146254841,True,False,False,False,False,True
0.28000000000000003,2000,17,0.014300899487974465,0.23382738215525428,0.74135943685064454,0.97518681900589876,True,False,False,False,False,False
0.28000000000000003,2000,18,0.018687137074822696,0.2402833726208575,0.74004371619611131,0.98032708881696884,True,False,False,False,False,False
0.28000000000000003,2000,19,0.013855310925569082,0.24617478722525518,0.73707817941072218,0.98325296663597739,True,False,False,False,False,False
0.28000000000000003,2000,20,0.013676016391311923,0.2078637324772771,0.76215289475079151,0.97001662722806858,True,False,False,False,False,True
0.28000000000000003,2000,21,0.016471815604937958,0.19942882217175384,0.75523873348555892,0.95466755565731276,True,False,False,False,False,False
0.28000000000000003,2000,22,0.012104880499015808,0.17527498017822896,0.79192539822536367,0.96720037840359263,True,False,False,False,False,False
0.28000000000000003,2000,23,0.0140742226655882,0.22491906778862486,0.76679442302820544,0.99171349081683036,True,False,False,False,False,False
0.28000000000000003,2000,24,0.009593032903988663,0.16920137102872931,0.80174446513481301,0.97094583616354235,True,False,False,False,False,False
0.28000000000000003,2000,25,0.0072854790679522542,0.18819725734943948,0.79859719795149298,0.98679445530093246,True,False,False,False,False,False
0.28000000000000003,2000,26,0.014216904030076522,0.21892242903275599,0.76270500797406182,0.98162743700681787,True,False,False,False,False,False
0.28000000000000003,2000,27,0.011012041921064806,0.16469533382263865,0.80112331519706104,0.96581864901969972,True,False,False,False,False,False
0.28000000000000003,2000,28,0.012292264845444966,0.19431599962336521,0.78578233931711661,0.98009833894048182,True,False,False,False,False,False
0.28000000000000003,2000,29,0.011683390956410248,0.20378824889648411,0.77425907556000051,0.97804732445648468,True,False,False,False,False,False
0.28000000000000003,2000,30,0.011314239863474906,0.2330767809066735,0.76390787002671157,0.99698465093338506,True,False,False,False,False,False
0.28000000000000003,2000,31,0.015572615694983409,0.1673588692015808,0.78305241584933738,0.95041128505091821,True,False,False,False,False,False
0.28000000000000003,2000,32,0.0057157594376437476,0.15960603759450917,0.83383055628997238,0.99343659388448158,True,False,False,False,False,False
0.28000000000000003,2000,33,0.014761883038608358,0.16790041983746778,0.79219096849102633,0.96009138832849406,True,False,False,False,False,False
0.28000000000000003,2000,34,0.01094271842102053,0.22516480695897864,0.76118037253764104,0.98634517949661971,True,False,False,False,False,False
0.28000000000000003,2000,35,0.011405702952383754,0.24127062128707599,0.75192689768266263,0.99319751896973862,True,False,False,False,False,False
0.28000000000000003,2000,36,0.011210962819216389,0.17893257739455698,0.77789156955890515,0.95682414695346218,True,False,False,False,False,False
0.28000000000000003,2000,37,0.012139401797081371,0.20567020195745517,0.76208408854361565,0.96775429050107076,True,False,False,False,False,False
0.28000000000000003,2000,38,0.65092381131864729,0.49689030176959931,0.49751202278675921,0.99440232455635846,True,False,False,False,False,False
0.28000000000000003,2000,39,0.019518013878977933,0.22074437769545691,0.73409272862864106,0.95483710632409791,True,False,False,False,True,False
0.28000000000000003,2000,40,0.01453544254455758,0.27203207955065761,0.72651095508079766,0.99854303463145522,True,False,False,False,False,False
0.28000000000000003,2000,41,0.012667382304097063,0.2207742636616418,0.7763559134965069,0.99713017715814867,True,False,False,False,False,True
0.28000000000000003,2000,42,0.010098266451790265,0.19915742391753991,0.76749715158199661,0.96665457549953648,True,False,False,False,False,False
0.28000000000000003,2000,43,0.0098873812795017366,0.21845069596955377,0.76622371437938519,0.98467441034893899,True,False,False,False,False,False
0.28000000000000003,2000,44,0.010437237277844295,0.17755749605437371,0.80035341350623324,0.97791090956060689,True,False,False,False,False,True
0.28000000000000003,2000,45,0.011052580809023384,0.19338170064106608,0.78222211024258692,0.975603810883653,True,False,False,False,False,True
0.28000000000000003,2000,46,0.016347031632312919,0.17762499337040075,0.76442426651173034,0.94204925988213106,True,False,False,False,False,False
0.28000000000000003,2000,47,0.010637970975442319,0.14529798681395653,0.80540653399304452,0.95070452080700107,True,False,False,False,False,True
0.28000000000000003,2000,48,0.015168451054339487,0.19306504422240039,0.75498875959735878,0.94805380381975923,True,False,False,False,False,False
0.28000000000000003,2000,49,0.010837653400373393,0.16086868301851887,0.79114858374194885,0.95201726676046772,True,False,False,False,False,False
0.28000000000000003,2000,50,0.010574374973188532,0.21628618771474498,0.76221757825588787,0.97850376597063282,True,False,False,False,False,False
0.28000000000000003,2000,51,0.010503292359790851,0.21461346458929259,0.76531653081276829,0.97992999540206083,True,False,False,False,False,False
0.28000000000000003,2000,52,0.014697415232340022,0.20973365850144124,0.7649235074998616,0.97465716600130281,True,False,False,False,False,False
0.28000000000000003,2000,53,0.012818285380391651,0.17454518245847953,0.79401203824167876,0.96855722070015826,True,False,False,False,False,False
0.28000000000000003,2000,54,0.010969127753535509,0.24166521832643501,0.75488813854149917,0.99655335686793411,True,False,False,False,False,False
0.28000000000000003,2000,55,0.012870000793251617,0.2282726983403103,0.7475966093870442,0.97586930772735447,True,False,False,False,False,False
0.28000000000000003,2000,56,0.013487958546436096,0.23718783498370602,0.75029874013222242,0.98748657511592841,True,False,False,False,False,False
0.28000000000000003,2000,57,0.0087668823647385711,0.21955801181468246,0.77377684610163855,0.99333485791632103,True,False,False,False,False,True
0.28000000000000003,2000,58,0.01293561263780125,0.23743472146316438,0.73837235148856872,0.97580707295173308,True,False,False,False,False,False
0.28000000000000003,2000,59,0.015194001969151183,0.16557637429229555,0.79253939362893622,0.95811576792123176,True,False,False,False,False,False
0.28000000000000003,2000,60,0.0085723298439532632,0.22456366855469265,0.77365718376292147,0.99822085231761415,True,False,False,False,False,False
0.28000000000000003,2000,61,0.0084473976621930649,0.20543135484909708,0.7824805600649678,0.98791191491406494,True,False,False,False,False,False
0.28000000000000003,2000,62,0.010646985751573563,0.1785244126631324,0.79888558836919521,0.97741000103232767,True,False,False,False,False,False
0.28000000000000003,2000,63,0.0097276690958624477,0.19696584427261551,0.77748113386627371,0.97444697813888925,True,False,False,False,False,False
0.28000000000000003,2000,64,0.011262640320586763,0.20027840483430817,0.75776805589966534,0.95804646073397348,True,False,False,False,False,False
0.28000000000000003,2000,65,0.011352660060633343,0.22893617589475346,0.75592831491923584,0.9848644908139893,True,False,False,False,False,False
0.28000000000000003,2000,66,0.01265795677486724,0.23651876981415881,0.74609048527297339,0.98260925508713215,True,False,False,False,False,False
0.28000000000000003,2000,67,0.013135483719542682,0.20251931931181755,0.77233494487846577,0.97485426419028332,True,False,False,False,False,False
0.28000000000000003,2000,68,0.01020947376403588,0.22996544858763115,0.75241681933695115,0.98238226792458228,True,False,False,False,False,False
0.28000000000000003,2000,69,0.014273331015237704,0.19416195936032951,0.7404420188897195,0.93460397825004904,True,False,False,False,False,False
0.28000000000000003,2000,70,0.012925778952716438,0.18358898132854767,0.77894630043297541,0.96253528176152314,True,False,False,False,True,False
0.28000000000000003,2000,71,0.014386884226313198,0.19986947042017064,0.76384612474908287,0.96371559516925354,True,False,False,False,False,True
0.28000000000000003,2000,72,0.013419992093045471,0.20299933908694906,0.77811229428187489,0.9811116333688239,True,False,False,False,False,False
0.28000000000000003,2000,73,0.011396373523177454,0.15752456907958018,0.80300954425902638,0.9605341133386065,True,False,False,False,False,False
0.28000000000000003,2000,74,0.010983271069521863,0.21764729446519518,0.76758056577666411,0.98522786024185927,True,False,False,False,False,False
0.28000000000000003,2000,75,0.0114979322215732,0.16974356319171144,0.8019459076042047,0.97168947079591617,True,False,False,False,False,False
0.28000000000000003,2000,76,0.0088588827663416587,0.16798929166632559,0.80632453863390086,0.97431383030022645,True,False,False,False,False,False
0.28000000000000003,2000,77,0.014848633638758079,0.19125125420864925,0.78488288634359538,0.97613414055224457,True,False,False,False,False,False
0.28000000000000003,2000,78,0.0075979529770591947,0.20455747211379338,0.77379625917490402,0.9783537312886974,True,False,False,False,False,False
0.28000000000000003,2000,79,0.007589756505329703,0.22399950204382613,0.76730733205709711,0.99130683410092324,True,False,False,False,False,True
0.28000000000000003,2000,80,0.0096484119478407997,0.15315286305624357,0.82432225307002716,0.97747511612627069,True,False,False,False,False,False
0.28000000000000003,2000,81,0.012293308190006671,0.21722702625470286,0.76673915581479191,0.98396618206949471,True,False,False,False,False,False
0.28000000000000003,2000,82,0.014597481192938513,0.22325747365878129,0.73350265234799183,0.95676012600677307,True,False,False,False,False,False
0.28000000000000003,2000,83,0.0090993971705346736,0.16946439872988386,0.81415252251158132,0.98361692124146516,True,False,False,False,False,False
0.28000000000000003,2000,84,0.011486497090114246,0.23180438598879441,0.76496287203564617,0.99676725802444055,True,False,False,False,False,False
0.28000000000000003,2000,85,0.010454636794474391,0.18723548051418926,0.78741290437201028,0.97464838488619954,True,False,False,False,False,False
0.28000000000000003,2000,86,0.015652279935226512,0.20747653892776,0.76639476536280393,0.9738713042905639,True,False,False,False,False,False
0.28000000000000003,2000,87,0.011000638562533695,0.24167882105690397,0.74502710348266055,0.98670592453956452,True,False,False,False,False,False
0.28000000000000003,2000,88,0.018249009419611644,0.23738117852442359,0.71158730915844193,0.94896848768286546,True,False,False,False,False,False
0.28000000000000003,2000,89,0.0086612387588381311,0.20229277683988889,0.784687057154414,0.98697983399430289,True,False,False,False,False,False
0.28000000000000003,2000,90,0.011591837913608157,0.21389322728102023,0.76854558485574753,0.98243881213676776,True,False,False,False,False,True
0.28000000000000003,2000,91,0.013295505189504226,0.18477357810377265,0.7713183903676698,0.9560919684714424,True,False,False,False,False,False
0.28000000000000003,2000,92,0.017194504988490521,0.20941510740491734,0.73421476043686484,0.94362986784178216,True,False,False,False,False,False
0.28000000000000003,2000,93,0.0097741134550233776,0.19190516005080871,0.77490515943585048,0.96681031948665919,True,False,False,False,False,False
0.28000000000000003,2000,94,0.020271738340509916,0.25692693356923357,0.6958209194047551,0.95274785297398867,True,False,False,False,False,False
0.28000000000000003,2000,95,0.016641998818470737,0.23171454272947548,0.7452712005818698,0.97698574331134524,True,False,False,False,False,False
0.28000000000000003,2000,96,0.012528411022250276,0.18280416160562762,0.77349473852627526,0.95629890013190288,True,False,False,False,False,False
0.28000000000000003,2000,97,0.010822958316781093,0.18262818553342119,0.7756058664060268,0.95823405193944799,True,False,False,False,False,False
0.28000000000000003,2000,98,0.011383368323642971,0.20250799720277476,0.77144283742263564,0.97395083462541043,True,False,False,False,False,False
0.28000000000000003,2000,99,0.015572229304414128,0.21900264017630186,0.7625047672682177,0.98150740744451959,True,False,False,False,False,False
0.28000000000000003,2000,100,0.0096276719333535151,0.18729808077593879,0.79605473096332235,0.98335281173926115,True,False,False,False,False,False
0.28000000000000003,2000,101,0.0093032864635928334,0.20303902408794766,0.79565697737363406,0.99869600146158177,True,False,False,False,False,True
0.28000000000000003,2000,102,0.0090610791069835328,0.1838453794616092,0.79236614652724668,0.97621152598885585,True,False,False,False,False,False
0.28000000000000003,2000,103,0.011051705401896697,0.20421930583320849,0.77170031097917802,0.97591961681238648,True,False,False,False,False,False
0.28000000000000003,2000,104,0.011514379689300469,0.21007612205509305,0.76850351803198735,0.97857964008708043,True,False,False,False,False,False
0.28000000000000003,2000,105,0.01327162708849962,0.20781698087996958,0.76886181348504945,0.97667879436501903,True,False,False,False,False,False
0.28000000000000003,2000,106,0.0078884571367819536,0.20539423663363018,0.77683252873976816,0.98222676537339837,True,False,False,False,False,False
0.28000000000000003,2000,107,0.015889917353547008,0.25311837553695526,0.70821026117366925,0.96132863671062452,True,False,False,False,False,False
0.28000000000000003,2000,108,0.012219998699425839,0.18895249378925499,0.7896352040376392,0.97858769782689414,True,False,False,False,False,False
0.28000000000000003,2000,109,0.013190349907030984,0.19941910111505987,0.78893183837799741,0.9883509394930573,True,False,False,False,False,False
0.28000000000000003,2000,110,0.012076394275164753,0.23690883740994975,0.72687623126618672,0.96378506867613645,True,False,False,False,False,False
0.28000000000000003,2000,111,0.013610638892761134,0.2017161005011289,0.75837889989936991,0.96009500040049878,True,False,False,False,False,False
0.28000000000000003,2000,112,0.019689389615990815,0.18638196790847897,0.7263676336633581,0.91274960157183704,True,False,False,False,False,False
0.28000000000000003,2000,113,0.010998411181083636,0.1907955597151276,0.79393917684885618,0.9847347365639838,True,False,False,False,False,False
0.28000000000000003,2000,114,0.0075348807662004745,0.15302667152981286,0.822743822223437,0.97577049375324987,True,False,False,False,False,False
0.28000000000000003,2000,115,0.013706891713722694,0.19582035271422235,0.77931237649301299,0.97513272920723537,True,False,False,False,False,False
0.28000000000000003,2000,116,0.014111425589563104,0.22526175357619321,0.75745210573142141,0.98271385930761457,True,False,False,False,False,False
0.28000000000000003,2000,117,0.014574910569282886,0.23953399298767122,0.73477752586843059,0.97431151885610179,True,False,False,False,False,False
0.28000000000000003,2000,118,0.016169971131111349,0.20997063471405669,0.73263112414334253,0.94260175885739916,True,False,False,False,False,False
0.28000000000000003,2000,119,0.0079628854077085868,0.21179744803577225,0.77670686869868422,0.98850431673445649,True,False,False,False,False,False
0.28000000000000003,2000,120,0.011759694944506193,0.17447418645173951,0.7922471287644185,0.96672131521615801,True,False,False,False,False,False
0.28000000000000003,2000,121,0.0091882541653631276,0.25709853779904318,0.73083936992557541,0.98793790772461865,True,False,False,False,False,False
0.28000000000000003,2000,122,0.010040212746957409,0.22667798724364183,0.75544567742917013,0.98212366467281198,True,False,False,False,False,False
0.28000000000000003,2000,123,0.0093820134094253025,0.15445752347777092,0.82486354676566465,0.97932107024343562,True,False,False,False,False,False
0.28000000000000003,2000,124,0.011202988198804976,0.22190028544664395,0.75446605842023673,0.9763663438668807,True,False,False,False,False,False
0.28000000000000003,2000,125,0.012157691025447632,0.2144624338438165,0.7648882126927955,0.97935064653661197,True,False,False,False,False,False
0.28000000000000003,2000,126,0.0067225444410211957,0.14054909867043883,0.84333090442363445,0.98388000309407331,True,False,False,False,False,False
0.28000000000000003,2000,127,0.01075880891431016,0.12206371758179815,0.84569003114488206,0.96775374872668019,True,False,False,False,False,False
0.28000000000000003,2000,128,0.012830320125347587,0.1893554670458488,0.77722417018634926,0.96657963723219809,True,False,False,False,False,False
0.28000000000000003,2000,129,0.013128553283738433,0.21572188927573119,0.78067155610976624,0.99639344538549746,True,False,False,False,False,False
0.28000000000000003,2000,130,0.010954687767818785,0.20695606509738831,0.76011347391339967,0.96706953901078796,True,False,False,False,False,False
0.28000000000000003,2000,131,0.0087889141341780143,0.18479038860027311,0.79328891462322382,0.9780793032234969,True,False,False,False,False,False
0.28000000000000003,2000,132,0.0067147844792318839,0.14645329603775412,0.83349810809321434,0.97995140413096848,True,False,False,False,False,False
0.28000000000000003,2000,133,0.0067088214612973035,0.20562881360219798,0.78743103539007553,0.99305984899227351,True,False,False,False,False,False
0.28000000000000003,2000,134,0.012180666572218151,0.20644741352914778,0.76627609222342541,0.97272350575257316,True,False,False,False,False,False
0.28000000000000003,2000,135,0.019195591463925889,0.18752703674952806,0.75753194966956761,0.94505898641909569,True,False,False,False,False,True
0.28000000000000003,2000,136,0.015298818544051485,0.1994049242248386,0.76676010296372887,0.96616502718856745,True,False,False,False,False,False
0.28000000000000003,2000,137,0.015469582188241576,0.26003213917666812,0.70179168816001092,0.96182382733667904,True,False,False,False,False,False
0.28000000000000003,2000,138,0.013081184134680828,0.23134479442509354,0.73156290287877923,0.96290769730387282,True,False,False,False,False,False
0.28000000000000003,2000,139,0.0097394671321218169,0.21614561306721833,0.76326929753096517,0.97941491059818353,True,False,False,False,False,False
0.28000000000000003,2000,140,0.016245317986476635,0.20411218223359481,0.75049844788168629,0.95461063011528113,True,False,False,False,False,False
0.28000000000000003,2000,141,0.022597852645301716,0.18109125747751204,0.7585443672707971,0.93963562474830908,True,False,False,False,False,False
0.28000000000000003,2000,142,0.0087157777141997645,0.17841388006839715,0.7932494206968469,0.97166330076524399,True,False,False,False,False,False
0.28000000000000003,2000,143,0.0080626940132167407,0.17819651741723941,0.79409996974038266,0.97229648715762207,True,False,False,False,False,False
0.28000000000000003,2000,144,0.011850674559776373,0.21437252298056977,0.77520970765683617,0.98958223063740591,True,False,False,False,False,False
0.28000000000000003,2000,145,0.013115438125408427,0.21456008937296878,0.75957311844655739,0.97413320781952617,True,False,False,False,False,False
0.28000000000000003,2000,146,0.0070081747637243726,0.18321026404860982,0.79887926013050803,0.98208952417911788,True,False,False,False,False,True
0.28000000000000003,2000,147,0.0093368314310012107,0.18742975264791145,0.7946744587989828,0.9821042114468943,True,False,False,False,False,True
0.28000000000000003,2000,148,0.012209955360455481,0.23153301514465452,0.76085017259697341,0.99238318774162793,True,False,False,False,False,False
0.28000000000000003,2000,149,0.012752217374017842,0.18826290339236801,0.78674985207216441,0.97501275546453248,True,False,False,False,False,False
0.28000000000000003,2000,150,0.011480006328919993,0.25247813774337408,0.74335247343209687,0.99583061117547089,True,False,False,False,False,False
0.28000000000000003,2000,151,0.014341976931315163,0.19042975090930936,0.76219953475534108,0.95262928566465044,True,False,False,False,False,False
0.28000000000000003,2000,152,0.010720596052951071,0.17777872955168894,0.79830839506254914,0.97608712461423808,True,False,False,False,False,False
0.28000000000000003,2000,153,0.02004452334058197,0.25901596606355237,0.72119053675105116,0.98020650281460353,True,False,False,False,False,False
0.28000000000000003,2000,154,0.010066017363548303,0.18645829046185985,0.78053748534767842,0.96699577580953822,True,False,False,False,False,False
0.28000000000000003,2000,155,0.014754823564763342,0.22612515368668334,0.74462061497685605,0.97074576866353945,True,False,False,False,False,False
0.28000000000000003,2000,156,0.0098633194785830158,0.21463996701677038,0.77172481818771654,0.98636478520448689,True,False,False,False,False,False
0.28000000000000003,2000,157,0.011315828283573675,0.22992894711603964,0.76209152615068421,0.99202047326672382,True,False,False,False,False,True
0.28000000000000003,2000,158,0.011074177349997985,0.16858851465527605,0.80393340447556039,0.97252191913083641,True,False,False,False,False,False
0.28000000000000003,2000,159,0.016818968549002215,0.25745904438237516,0.69055298102263629,0.9480120254050115,True,False,False,False,False,False
0.28000000000000003,2000,160,0.010257242921776877,0.20032702318391826,0.7741512123277724,0.97447823551169066,True,False,False,False,False,False
0.28000000000000003,2000,161,0.0071955485310968414,0.16151590624809833,0.82021386129820695,0.98172976754630525,True,False,False,False,False,False
0.28000000000000003,2000,162,0.013879998110344937,0.18226248713227053,0.78763506636399994,0.96989755349627049,True,False,False,False,False,True
0.28000000000000003,2000,163,0.012932450215979554,0.18815058823497766,0.75543826194693964,0.94358885018191729,True,False,False,False,False,True
0.28000000000000003,2000,164,0.016733677145872049,0.22217735690181778,0.76627349580982718,0.9884508527116449,True,False,False,False,False,False
0.28000000000000003,2000,165,0.015025737921508466,0.22079058901399801,0.74407657909304425,0.96486716810704221,True,False,False,False,False,False
0.28000000000000003,2000,166,0.012281153749344034,0.21120209117359631,0.77624616347414943,0.98744825464774577,True,False,False,False,False,False
0.28000000000000003,2000,167,0.014918401813790288,0.1693057984173727,0.7768470670131995,0.9461528654305722,True,False,False,False,False,True
0.28000000000000003,2000,168,0.012446674566963382,0.17255224601174582,0.78844357066132131,0.9609958166730671,True,False,False,False,False,False
0.28000000000000003,2000,169,0.013054266150422942,0.14700488825118038,0.79948560269245816,0.94649049094363857,True,False,False,False,False,False
0.28000000000000003,2000,170,0.011688131428644942,0.17976661684260137,0.80010901739711204,0.97987563423971347,True,False,False,False,False,False
0.28000000000000003,2000,171,0.01106471743906357,0.16549813582236336,0.79207831560719733,0.95757645142956072,True,False,False,False,False,False
0.28000000000000003,2000,172,0.015091100619820679,0.20197691128657341,0.78082554083600109,0.98280245212257444,True,False,False,False,False,False
0.28000000000000003,2000,173,0.014877874266445467,0.24905549985796943,0.71811261393506243,0.96716811379303191,True,False,False,False,False,False
0.28000000000000003,2000,174,0.014650347083792757,0.22659298344630152,0.73621139546010572,0.96280437890640724,True,False,False,False,False,False
0.28000000000000003,2000,175,0.0092727205563777892,0.16154552821314441,0.80043624900499555,0.96198177721813993,True,False,False,False,False,False
0.28000000000000003,2000,176,0.011671431924007722,0.21543931408000874,0.77895307098298883,0.99439238506299754,True,False,False,False,False,True
0.28000000000000003,2000,177,0.011193337350772539,0.20869693296181602,0.77013244308308015,0.97882937604489617,True,False,False,False,False,False
0.28000000000000003,2000,178,0.010196838878050989,0.1725540633350009,0.80054657959347764,0.97310064292847853,True,False,False,False,False,False
0.28000000000000003,2000,179,0.012573561242631459,0.19767874132135735,0.76811995844638015,0.96579869976773747,True,False,False,False,False,False
0.28000000000000003,2000,180,0.0090729012423253277,0.21094442501651572,0.77404344244816259,0.98498786746467837,True,False,False,False,False,False
0.28000000000000003,2000,181,0.015331587849606837,0.27729383788841255,0.70430999042481557,0.98160382831322812,True,False,False,False,False,False
0.28000000000000003,2000,182,0.023311325766883658,0.26424211939971209,0.7178565885282292,0.98209870792794129,True,False,False,False,False,False
0.28000000000000003,2000,183,0.013431315208614937,0.27913310834581478,0.70772909145113505,0.98686219979694978,True,False,False,False,False,False
0.28000000000000003,2000,184,0.013221070300878414,0.23043376961089582,0.74494058996830559,0.97537435957920138,True,False,False,False,True,False
0.28000000000000003,2000,185,0.022252986007027995,0.22708973131543328,0.7026132823344523,0.92970301364988561,True,False,False,False,False,False
0.28000000000000003,2000,186,0.011083149186286606,0.22463080306707742,0.74773662436554589,0.97236742743262328,True,False,False,False,False,False
0.28000000000000003,2000,187,0.017983877283687316,0.21110342290596168,0.76357092139080418,0.9746743442967658,True,False,False,False,False,False
0.28000000000000003,2000,188,0.011683813590342269,0.18931099841492952,0.77168903115623377,0.96100002957116326,True,False,False,False,False,False
0.28000000000000003,2000,189,0.0092021861180489484,0.18908886711443817,0.79655749883253546,0.98564636594697363,True,False,False,False,False,False
0.28000000000000003,2000,190,0.019989615942881716,0.24054182858470008,0.70263658153738484,0.94317841012208492,True,False,False,False,False,False
0.28000000000000003,2000,191,0.015253031576589268,0.18115436935109797,0.77412972216911147,0.95528409152020943,True,False,False,False,False,False
0.28000000000000003,2000,192,0.011689995775434501,0.27038065829283386,0.728276274513452,0.99865693280628587,True,False,False,False,False,False
0.28000000000000003,2000,193,0.012050250379346808,0.18785151831908317,0.78477141967737218,0.97262293799645538,True,False,False,False,True,False
0.28000000000000003,2000,194,0.016395232606558004,0.21835998986858352,0.73115385619167439,0.9495138460602579,True,False,False,False,False,False
0.28000000000000003,2000,195,0.0083650885686953544,0.18561437707663228,0.8060731755956615,0.9916875526722938,True,False,False,False,False,False
0.28000000000000003,2000,196,0.013097916938290172,0.25385161638983861,0.72075825423417283,0.97460987062401139,True,False,False,False,False,False
0.28000000000000003,2000,197,0.018645407140295073,0.22428260538036565,0.73992837255122901,0.9642109779315946,True,False,False,False,False,False
0.28000000000000003,2000,198,0.0096923920398722697,0.17171145562546597,0.81820420336239197,0.98991565898785794,True,False,False,False,False,False
0.28000000000000003,2000,199,0.009248397911539568,0.18529323142694426,0.78988494955623612,0.97517818098318032,True,False,False,False,False,False
