xi,stream_index,skewness,q,q_hat_warmup,lb_sign_p,lb_ebin_p,fpr_half,fpr_oracle,fpr_qhat,m_units_half,sign_identity,min_h,degenerate_sign,degenerate_ebin,fs_m,fs_s,fs_q_oracle
1,1,-0.012337870814347172,0.49487500000000001,0.48699999999999999,0.40285558016814282,0.74955604717933066,0,0,0,42,True,0.0086484975021431081,False,False,0.00084786314457791824,1.1837821058171558,0.499774
0.84999999999999998,1,-0.5868945107882978,0.53262500000000002,0.53000000000000003,0.8146333511178383,0.35688784096922971,0,0,0,47,True,0.0084045479551168069,False,False,-0.29333850291300162,1.2098295592007686,0.52929400000000004
0.65000000000000002,1,-1.2531054220181241,0.56374999999999997,0.56100000000000005,0.93097378912277928,0.44184300049393549,0,0,0,62,True,0.0082803096695291106,False,False,-0.79834597969550514,1.3665569892860103,0.56369400000000003
0.5,1,-1.6353522614581493,0.58550000000000002,0.58099999999999996,0.6993012062625551,0.7140104698597094,1,0,0,146,True,0.0086592734928579995,False,False,-1.3475760776189629,1.6531130939443468,0.58186099999999996
1,2,0.014800469018512383,0.50475000000000003,0.50700000000000001,0.30636777511222268,0.52207949250955843,0,0,0,37,True,0.0077757339436768979,False,False,0.00084786314457791824,1.1837821058171558,0.499774
0.84999999999999998,2,-0.41457522504669658,0.53037500000000004,0.54800000000000004,0.076074876113891507,0.26938442768519905,0,0,0,58,True,0.0079166644216091906,False,False,-0.29333850291300162,1.2098295592007686,0.52929400000000004
0.65000000000000002,2,-0.93903552796265322,0.55525000000000002,0.56399999999999995,0.28846319357672184,0.410907283262826,0,0,0,56,True,0.0085052713625066514,False,False,-0.79834597969550514,1.3665569892860103,0.56369400000000003
0.5,2,-1.2752587171185477,0.57237499999999997,0.58499999999999996,0.68711727629370623,0.63491525215016342,1,0,0,147,True,0.0082154871592273419,False,False,-1.3475760776189629,1.6531130939443468,0.58186099999999996
1,3,-0.088423823327908421,0.50249999999999995,0.47699999999999998,0.96282533590696295,0.36869989937930925,0,0,1,62,True,0.0080339089982460685,False,False,0.00084786314457791824,1.1837821058171558,0.499774
0.84999999999999998,3,-0.54800000176996999,0.53862500000000002,0.51900000000000002,0.58539672911078999,0.9281906219461884,0,0,0,74,True,0.008067401916437119,False,False,-0.29333850291300162,1.2098295592007686,0.52929400000000004
0.65000000000000002,3,-1.0835910598698593,0.56999999999999995,0.57999999999999996,0.31748424227768685,0.26532781217585744,1,0,0,83,True,0.0084307982329572609,False,False,-0.79834597969550514,1.3665569892860103,0.56369400000000003
0.5,3,-1.5100338676246905,0.59550000000000003,0.59299999999999997,0.59595110400959872,0.5732778234635949,1,0,0,158,True,0.008536788330329604,False,False,-1.3475760776189629,1.6531130939443468,0.58186099999999996
1,4,-0.054096832983407034,0.49412499999999998,0.504,0.45729193885201014,0.42656723361919197,0,0,0,45,True,0.0088449133003261713,False,False,0.00084786314457791824,1.1837821058171558,0.499774
0.84999999999999998,4,-0.47090736871341815,0.52524999999999999,0.53400000000000003,0.84830326183887184,0.27225864433067648,0,0,0,53,True,0.0086396101236285716,False,False,-0.29333850291300162,1.2098295592007686,0.52929400000000004
0.65000000000000002,4,-1.1286213907296798,0.5615,0.56399999999999995,0.9349514342710602,0.89882010362014675,1,0,0,80,True,0.0082791235411574862,False,False,-0.79834597969550514,1.3665569892860103,0.56369400000000003
0.5,4,-1.43611191482009,0.58737499999999998,0.58299999999999996,0.91143406194456422,0.50925147981966457,1,0,0,96,True,0.007813534863052099,False,False,-1.3475760776189629,1.6531130939443468,0.58186099999999996
1,5,0.026853730683835696,0.50237500000000002,0.50800000000000001,0.63556562154905716,0.59642116213084706,0,0,0,39,True,0.008376403064202011,False,False,0.00084786314457791824,1.1837821058171558,0.499774
0.84999999999999998,5,-0.47344857332200485,0.53200000000000003,0.53000000000000003,0.31150718853089499,0.3513883185736501,0,0,0,43,True,0.008846418799997216,False,False,-0.29333850291300162,1.2098295592007686,0.52929400000000004
0.65000000000000002,5,-1.0062291923271869,0.55637499999999995,0.54100000000000004,0.65207363447273903,0.43745802848352061,1,0,0,75,True,0.008394796061676273,False,False,-0.79834597969550514,1.3665569892860103,0.56369400000000003
0.5,5,-1.375306478592027,0.57987500000000003,0.56399999999999995,0.12294345332935147,0.35934084268348349,1,0,0,99,True,0.0087555800627644714,False,False,-1.3475760776189629,1.6531130939443468,0.58186099999999996
1,6,0.044890939899952,0.489875,0.48099999999999998,0.28667371961902621,0.95807643909609064,0,0,0,40,True,0.008584553647667215,False,False,0.00084786314457791824,1.1837821058171558,0.499774
0.84999999999999998,6,-0.46384470098602126,0.51687499999999997,0.498,0.16966069353372559,0.89604642034219839,0,0,0,46,True,0.0088527413733943544,False,False,-0.29333850291300162,1.2098295592007686,0.52929400000000004
0.65000000000000002,6,-1.0785229411330142,0.55837499999999995,0.53100000000000003,0.94260658467690828,0.82678845821875901,1,0,0,91,True,0.0088784683003292515,False,False,-0.79834597969550514,1.3665569892860103,0.56369400000000003
0.5,6,-1.4282494248156612,0.58187500000000003,0.57199999999999995,0.78245629730835864,0.80092687537318041,1,0,0,119,True,0.0084239399582264739,False,False,-1.3475760776189629,1.6531130939443468,0.58186099999999996
1,7,-0.0042424650258371509,0.4995,0.48099999999999998,0.28465174266730608,0.46507391091982253,0,0,0,34,True,0.0083563003197878617,False,False,0.00084786314457791824,1.1837821058171558,0.499774
0.84999999999999998,7,-0.42821135906839841,0.52775000000000005,0.499,0.43333794503182649,0.019722279778892824,0,0,0,45,True,0.0082810122500836005,False,False,-0.29333850291300162,1.2098295592007686,0.52929400000000004
0.65000000000000002,7,-0.9352494548056266,0.55649999999999999,0.52900000000000003,0.40803257692913036,0.24817696677871637,0,0,0,63,True,0.0085866795045527189,False,False,-0.79834597969550514,1.3665569892860103,0.56369400000000003
0.5,7,-1.1956319221149758,0.57274999999999998,0.55200000000000005,0.25794165254079021,0.43272660738636309,1,0,0,115,True,0.0085422184576108388,False,False,-1.3475760776189629,1.6531130939443468,0.58186099999999996
1,8,0.032838125815667134,0.50687499999999996,0.50600000000000001,0.51447469178638927,0.5732499801763955,0,0,0,39,True,0.0079290032305145194,False,False,0.00084786314457791824,1.1837821058171558,0.499774
0.84999999999999998,8,-0.40136156067364953,0.52925,0.53100000000000003,0.64470211454789106,0.16828298359298557,0,0,0,63,True,0.0080826949485641661,False,False,-0.29333850291300162,1.2098295592007686,0.52929400000000004
0.65000000000000002,8,-0.96551861317233689,0.56799999999999995,0.58199999999999996,0.059343141129766068,0.042749214943799005,1,0,0,106,True,0.0084058465215508648,False,False,-0.79834597969550514,1.3665569892860103,0.56369400000000003
0.5,8,-1.2782668961376475,0.58687500000000004,0.60199999999999998,0.82725140622810067,0.79480015560877026,1,0,0,119,True,0.0080754648632203833,False,False,-1.3475760776189629,1.6531130939443468,0.58186099999999996
1,9,-0.017835242505704122,0.50562499999999999,0.499,0.89288645088457785,0.90127406859966763,0,0,0,42,True,0.0084892618723355351,False,False,0.00084786314457791824,1.1837821058171558,0.499774
0.84999999999999998,9,-0.44005556536174234,0.54200000000000004,0.53500000000000003,0.46072585384497511,0.30319305084710096,0,0,0,74,True,0.0087718109385742232,False,False,-0.29333850291300162,1.2098295592007686,0.52929400000000004
0.65000000000000002,9,-0.97465176454149283,0.56950000000000001,0.56499999999999995,0.66650224236768119,0.38724934897611962,0,0,0,70,True,0.0086853144721840796,False,False,-0.79834597969550514,1.3665569892860103,0.56369400000000003
0.5,9,-1.2397679709501039,0.580125,0.57699999999999996,0.40472982178938777,0.62846355375515239,1,0,0,116,True,0.0087169827627225742,False,False,-1.3475760776189629,1.6531130939443468,0.58186099999999996
1,10,0.064473934608962433,0.50312500000000004,0.49199999999999999,0.72984734913942928,0.45607791805082964,0,0,0,41,True,0.0085586294476438993,False,False,0.00084786314457791824,1.1837821058171558,0.499774
0.84999999999999998,10,-0.35060128951438663,0.53512499999999996,0.53800000000000003,0.97583899234450111,0.96526679648098168,0,0,0,60,True,0.0080742012663539784,False,False,-0.29333850291300162,1.2098295592007686,0.52929400000000004
0.65000000000000002,10,-0.95681452013874535,0.56374999999999997,0.58599999999999997,0.86507678834177992,0.44301715581115864,0,0,0,64,True,0.0076597038672449264,False,False,-0.79834597969550514,1.3665569892860103,0.56369400000000003
0.5,10,-1.3272298849224966,0.57650000000000001,0.57599999999999996,0.69123296282425339,0.7725576070558412,1,0,0,100,True,0.0081993795100028626,False,False,-1.3475760776189629,1.6531130939443468,0.58186099999999996
1,11,-0.019855496527688022,0.48575000000000002,0.51000000000000001,0.97896373666514069,0.46864356070442792,0,0,0,45,True,0.0088958040890563268,False,False,0.00084786314457791824,1.1837821058171558,0.499774
0.84999999999999998,11,-0.46198381926789972,0.52612499999999995,0.55300000000000005,0.93713907387129458,0.85764978545961479,0,0,0,62,True,0.0086150565769195549,False,False,-0.29333850291300162,1.2098295592007686,0.52929400000000004
0.65000000000000002,11,-1.0493218235509143,0.55974999999999997,0.58099999999999996,0.63254997214261688,0.76071449980203742,0,0,0,74,True,0.0080272251634925379,False,False,-0.79834597969550514,1.3665569892860103,0.56369400000000003
0.5,11,-1.3526566430722433,0.58187500000000003,0.59499999999999997,0.7259435748261831,0.83284620635965989,1,0,0,77,True,0.0076669874933676958,False,False,-1.3475760776189629,1.6531130939443468,0.58186099999999996
1,12,0.025865228294923461,0.49075000000000002,0.46999999999999997,0.17967721923478167,0.5575890748242518,0,0,0,38,True,0.0087057391881013389,False,False,0.00084786314457791824,1.1837821058171558,0.499774
0.84999999999999998,12,-0.443617458622526,0.520625,0.51800000000000002,0.93353509599795503,0.91504779384306834,0,0,0,40,True,0.008730998713613625,False,False,-0.29333850291300162,1.2098295592007686,0.52929400000000004
0.65000000000000002,12,-1.0366434776100875,0.56187500000000001,0.56699999999999995,0.79950166165701941,0.45588134496387434,0,0,0,60,True,0.0085252388101922649,False,False,-0.79834597969550514,1.3665569892860103,0.56369400000000003
0.5,12,-1.3377692217393249,0.57837499999999997,0.59399999999999997,0.051834112371850469,0.026426349664715559,1,0,0,88,True,0.0086705316192395715,False,False,-1.3475760776189629,1.6531130939443468,0.58186099999999996
1,13,-0.020518182090020379,0.49775000000000003,0.51200000000000001,0.88230328965285232,0.79554754599493904,0,0,0,47,True,0.0077472834700141472,False,False,0.00084786314457791824,1.1837821058171558,0.499774
0.84999999999999998,13,-0.5037310018639255,0.53149999999999997,0.54000000000000004,0.63395305821104186,0.32601856056541439,0,0,0,73,True,0.0079266891301328669,False,False,-0.29333850291300162,1.2098295592007686,0.52929400000000004
0.65000000000000002,13,-1.2003103186199959,0.56762500000000005,0.59599999999999997,0.58099617497109146,0.69578194371527058,1,0,0,138,True,0.0088732245618882086,False,False,-0.79834597969550514,1.3665569892860103,0.56369400000000003
0.5,13,-1.5249449619640916,0.59150000000000003,0.60899999999999999,0.32965064144874967,0.41426998184542413,1,0,0,258,True,0.008989658518351264,False,False,-1.3475760776189629,1.6531130939443468,0.58186099999999996
1,14,0.043612918832659157,0.50387499999999996,0.50900000000000001,0.63164035859928891,0.060575862762591567,0,0,0,46,True,0.0079183485167011857,False,False,0.00084786314457791824,1.1837821058171558,0.499774
0.84999999999999998,14,-0.36276967417428035,0.52662500000000001,0.52000000000000002,0.21569152415901302,0.35381094413252095,0,0,0,51,True,0.0080992676032124525,False,False,-0.29333850291300162,1.2098295592007686,0.52929400000000004
0.65000000000000002,14,-0.90726774775123042,0.55725000000000002,0.55600000000000005,0.34149986926434667,0.61440631389413225,0,0,0,70,True,0.008223126820719703,False,False,-0.79834597969550514,1.3665569892860103,0.56369400000000003
0.5,14,-1.2184408627396996,0.576125,0.58599999999999997,0.60568993877770416,0.5291518100435203,1,0,0,111,True,0.0080717057382814206,False,False,-1.3475760776189629,1.6531130939443468,0.58186099999999996
1,15,-0.0074936267987135508,0.49512499999999998,0.52400000000000002,0.88435182946427804,0.9297437912773544,0,0,0,40,True,0.0084540734855550904,False,False,0.00084786314457791824,1.1837821058171558,0.499774
0.84999999999999998,15,-0.48730359491052533,0.52500000000000002,0.55800000000000005,0.43534167623992004,0.39769144760557501,0,0,0,59,True,0.0085102788924868219,False,False,-0.29333850291300162,1.2098295592007686,0.52929400000000004
0.65000000000000002,15,-1.0272594894172471,0.55787500000000001,0.58199999999999996,0.85971850217489987,0.83781315112291521,1,0,0,96,True,0.0085089276431895254,False,False,-0.79834597969550514,1.3665569892860103,0.56369400000000003
0.5,15,-1.3202108101136329,0.57550000000000001,0.59199999999999997,0.33004053950674478,0.17125733268554044,1,0,0,107,True,0.0088198624543997552,False,False,-1.3475760776189629,1.6531130939443468,0.58186099999999996
1,16,0.015718313271337665,0.49937500000000001,0.48599999999999999,0.75373706577319632,0.30722412857756687,0,0,0,58,True,0.0088453446017176477,False,False,0.00084786314457791824,1.1837821058171558,0.499774
0.84999999999999998,16,-0.4017985998699567,0.53112499999999996,0.51800000000000002,0.0977047036285114,0.12546034013124172,0,0,0,47,True,0.0086079585182658354,False,False,-0.29333850291300162,1.2098295592007686,0.52929400000000004
0.65000000000000002,16,-0.9246677381269961,0.56074999999999997,0.57599999999999996,0.18334536906879656,0.24595721060691655,1,0,0,76,True,0.0084828345250976909,False,False,-0.79834597969550514,1.3665569892860103,0.56369400000000003
0.5,16,-1.2131233834269439,0.58287500000000003,0.59999999999999998,0.12196932847208346,0.042195092174575975,1,0,0,97,True,0.0083933369928926704,False,False,-1.3475760776189629,1.6531130939443468,0.58186099999999996
1,17,0.027192652350575615,0.49675000000000002,0.46600000000000003,0.29250615634181748,0.15621757932492505,0,0,0,42,True,0.0083847609460286198,False,False,0.00084786314457791824,1.1837821058171558,0.499774
0.84999999999999998,17,-0.41341262516641625,0.52524999999999999,0.5,0.72833495221242295,0.38029049161497003,0,0,0,47,True,0.0084916210609092303,False,False,-0.29333850291300162,1.2098295592007686,0.52929400000000004
0.65000000000000002,17,-1.0070521956648006,0.55862500000000004,0.55600000000000005,0.097812651579169962,0.083906598376897845,0,0,0,71,True,0.0086055427279545533,False,False,-0.79834597969550514,1.3665569892860103,0.56369400000000003
0.5,17,-1.3351456313422607,0.57874999999999999,0.57099999999999995,0.98241962670144112,0.9711216751220052,1,0,0,107,True,0.0088071293975087936,False,False,-1.3475760776189629,1.6531130939443468,0.58186099999999996
1,18,0.057679517035073243,0.50149999999999995,0.496,0.24209040500318035,0.16163251979610549,0,0,0,49,True,0.0082130669015358388,False,False,0.00084786314457791824,1.1837821058171558,0.499774
0.84999999999999998,18,-0.38768703334186011,0.52837500000000004,0.53600000000000003,0.39238610778094812,0.50073453608355944,0,0,0,63,True,0.0084457471016773974,False,False,-0.29333850291300162,1.2098295592007686,0.52929400000000004
0.65000000000000002,18,-0.99030098622505891,0.5595,0.54900000000000004,0.79340810046455634,0.16102741709278856,1,0,0,82,True,0.0082667419109808422,False,False,-0.79834597969550514,1.3665569892860103,0.56369400000000003
0.5,18,-1.4717159869649206,0.58062499999999995,0.59299999999999997,0.43156230158213388,0.37402840612340632,1,0,0,91,True,0.0083712887477060353,False,False,-1.3475760776189629,1.6531130939443468,0.58186099999999996
1,19,-0.00012694158142862591,0.50324999999999998,0.501,0.73843707030215167,0.75273258391372488,0,0,0,47,True,0.0086387280566238497,False,False,0.00084786314457791824,1.1837821058171558,0.499774
0.84999999999999998,19,-0.47859925138216547,0.53787499999999999,0.53700000000000003,0.97654900448243598,0.51703702588809153,0,0,0,67,True,0.0085066649768188764,False,False,-0.29333850291300162,1.2098295592007686,0.52929400000000004
0.65000000000000002,19,-1.0825848244723295,0.57112499999999999,0.57999999999999996,0.28932384465351502,0.16516286141091885,0,0,0,69,True,0.0086743126330579116,False,False,-0.79834597969550514,1.3665569892860103,0.56369400000000003
0.5,19,-1.3902140685118449,0.58999999999999997,0.60499999999999998,0.0364919580585851,0.04712790217456915,1,0,0,109,True,0.0086937011194668633,False,False,-1.3475760776189629,1.6531130939443468,0.58186099999999996
1,20,-0.045668810517602257,0.49425000000000002,0.49199999999999999,0.4326462278395416,0.43484799764839233,0,0,0,34,True,0.0083480965861688419,False,False,0.00084786314457791824,1.1837821058171558,0.499774
0.84999999999999998,20,-0.55376259966480013,0.53062500000000001,0.52000000000000002,0.41308327731884381,0.36529663255957329,0,0,0,42,True,0.0083469759041755014,False,False,-0.29333850291300162,1.2098295592007686,0.52929400000000004
0.65000000000000002,20,-1.1673714301446849,0.56437499999999996,0.56399999999999995,0.64327242235353832,0.66281449237693901,0,0,0,69,True,0.0082707544125822704,False,False,-0.79834597969550514,1.3665569892860103,0.56369400000000003
0.5,20,-1.5636654081464829,0.57925000000000004,0.58399999999999996,0.73313064714003673,0.61613532890466127,1,0,0,96,True,0.0084147547614304864,False,False,-1.3475760776189629,1.6531130939443468,0.58186099999999996
1,21,0.002653894051964686,0.50337500000000002,0.46300000000000002,0.95514412950439564,0.0054514882794045637,0,0,1,50,True,0.0082903497756820401,False,False,0.00084786314457791824,1.1837821058171558,0.499774
0.84999999999999998,21,-0.36518694050382638,0.53300000000000003,0.496,0.72445266954566967,0.49854764395597306,0,0,0,48,True,0.0084558780986332786,False,False,-0.29333850291300162,1.2098295592007686,0.52929400000000004
0.65000000000000002,21,-0.91614603027655206,0.56399999999999995,0.55400000000000005,0.76118923943182437,0.5391249664120995,0,0,0,73,True,0.0085567796980899162,False,False,-0.79834597969550514,1.3665569892860103,0.56369400000000003
0.5,21,-1.1741973577082538,0.58262499999999995,0.58299999999999996,0.8189030295064913,0.84146613632871725,1,0,0,162,True,0.0085007652705037344,False,False,-1.3475760776189629,1.6531130939443468,0.58186099999999996
1,22,-0.088611330373325373,0.50249999999999995,0.5,0.47733608425814678,0.92442221680490377,0,0,0,33,True,0.0088145578345248526,False,False,0.00084786314457791824,1.1837821058171558,0.499774
0.84999999999999998,22,-0.54779397722207968,0.53349999999999997,0.52300000000000002,0.65641838593682911,0.66623203483666993,1,0,0,76,True,0.0089947969858347847,False,False,-0.29333850291300162,1.2098295592007686,0.52929400000000004
0.65000000000000002,22,-1.1099998768405743,0.56687500000000002,0.54800000000000004,0.35170575715053087,0.50773615584019949,1,0,0,163,True,0.0087379488581917335,False,False,-0.79834597969550514,1.3665569892860103,0.56369400000000003
0.5,22,-1.4290917608853735,0.58387500000000003,0.56000000000000005,0.80471511756362812,0.60358624824697094,1,0,0,231,True,0.0081728172389764746,False,False,-1.3475760776189629,1.6531130939443468,0.58186099999999996
1,23,0.16781316126227844,0.50237500000000002,0.51100000000000001,0.16327444206429198,0.70164775867182783,0,0,0,37,True,0.0092764187744048821,False,False,0.00084786314457791824,1.1837821058171558,0.499774
0.84999999999999998,23,-0.36570180369300054,0.53025,0.54100000000000004,0.60199806482944074,0.85443619066551935,0,0,0,67,True,0.0093038694231956463,False,False,-0.29333850291300162,1.2098295592007686,0.52929400000000004
0.65000000000000002,23,-1.2965325937781851,0.56287500000000001,0.56100000000000005,0.66018017668505857,0.71986558841006498,1,0,0,75,True,0.0087338731464355439,False,False,-0.79834597969550514,1.3665569892860103,0.56369400000000003
0.5,23,-1.6335677303881562,0.58287500000000003,0.59399999999999997,0.82008522628801273,0.74610045372016176,1,0,0,124,True,0.0088852581960463892,False,False,-1.3475760776189629,1.6531130939443468,0.58186099999999996
1,24,0.035347339183513425,0.50087499999999996,0.52300000000000002,0.10955296380149525,0.86823262616946595,0,0,0,40,True,0.0088397338680590923,False,False,0.00084786314457791824,1.1837821058171558,0.499774
0.84999999999999998,24,-0.41059176764354344,0.52800000000000002,0.55200000000000005,0.36403698334767293,0.40069676820196598,0,0,0,50,True,0.0084363806487417672,False,False,-0.29333850291300162,1.2098295592007686,0.52929400000000004
0.65000000000000002,24,-0.93602874199647002,0.55625000000000002,0.56599999999999995,0.79233965332076395,0.58054329527283011,1,0,0,147,True,0.0084393275729972642,False,False,-0.79834597969550514,1.3665569892860103,0.56369400000000003
0.5,24,-1.2838681027231265,0.57674999999999998,0.57499999999999996,0.5771731045954136,0.14624426339379681,1,0,0,139,True,0.0083486911528851526,False,False,-1.3475760776189629,1.6531130939443468,0.58186099999999996
1,25,-0.040087821369904568,0.50349999999999995,0.51300000000000001,0.4270673458346777,0.45344275550061358,0,0,0,35,True,0.0088741188914767261,False,False,0.00084786314457791824,1.1837821058171558,0.499774
0.84999999999999998,25,-0.45706104910446566,0.52524999999999999,0.52800000000000002,0.75557745570677637,0.85299880549423002,0,0,0,47,True,0.0089109521048036898,False,False,-0.29333850291300162,1.2098295592007686,0.52929400000000004
0.65000000000000002,25,-1.0050903428284199,0.56699999999999995,0.56699999999999995,0.16632375355074822,0.50985120320725019,1,0,0,89,True,0.0086118311088265054,False,False,-0.79834597969550514,1.3665569892860103,0.56369400000000003
0.5,25,-1.286814253110212,0.58587500000000003,0.58499999999999996,0.37068815502060559,0.54715555533780624,1,0,0,173,True,0.0083080727501692909,False,False,-1.3475760776189629,1.6531130939443468,0.58186099999999996
1,26,0.082877152711230903,0.50149999999999995,0.52300000000000002,0.089624708648026269,0.32510638580006596,0,0,0,37,True,0.0078685658100858379,False,False,0.00084786314457791824,1.1837821058171558,0.499774
0.84999999999999998,26,-0.35324482621908004,0.53249999999999997,0.54500000000000004,0.044480113627023712,0.28670759282926461,0,0,0,62,True,0.0080452588840434994,False,False,-0.29333850291300162,1.2098295592007686,0.52929400000000004
0.65000000000000002,26,-0.94002900690720925,0.57750000000000001,0.57499999999999996,0.43522237599031027,0.28918127426528978,1,0,0,156,True,0.0082383879746027993,False,False,-0.79834597969550514,1.3665569892860103,0.56369400000000003
0.5,26,-1.3176981263989214,0.59612500000000002,0.58699999999999997,0.3549555143425821,0.43480068986588916,1,0,0,201,True,0.0080016763630735913,False,False,-1.3475760776189629,1.6531130939443468,0.58186099999999996
1,27,-0.024057579174561104,0.49562499999999998,0.53300000000000003,0.075851208591632913,0.50319576993143611,0,0,1,57,True,0.0089911062064246209,False,False,0.00084786314457791824,1.1837821058171558,0.499774
0.84999999999999998,27,-0.43532269812445662,0.52149999999999996,0.54000000000000004,0.025781948357866777,0.03693824326071439,0,0,0,57,True,0.0091767619695129615,False,False,-0.29333850291300162,1.2098295592007686,0.52929400000000004
0.65000000000000002,27,-1.0031774749084343,0.54637500000000006,0.55500000000000005,0.96077108019067992,0.86733090245922129,1,0,0,79,True,0.0089256715567736823,False,False,-0.79834597969550514,1.3665569892860103,0.56369400000000003
0.5,27,-1.3183383688903305,0.56899999999999995,0.57799999999999996,0.99335820028940147,0.98592257876242229,1,0,0,88,True,0.0085495668840987592,False,False,-1.3475760776189629,1.6531130939443468,0.58186099999999996
1,28,-0.033448221325486749,0.49199999999999999,0.48299999999999998,0.076990423983769832,0.75908701061223738,0,0,0,45,True,0.0079158932634989885,False,False,0.00084786314457791824,1.1837821058171558,0.499774
0.84999999999999998,28,-0.50677692164006494,0.52349999999999997,0.52900000000000003,0.53074641793041322,0.77218174228710934,0,0,0,44,True,0.0076678132024604086,False,False,-0.29333850291300162,1.2098295592007686,0.52929400000000004
0.65000000000000002,28,-1.0719472187571588,0.5655,0.58199999999999996,0.073548703650215652,0.14505204876108996,1,0,0,98,True,0.0081047002113261712,False,False,-0.79834597969550514,1.3665569892860103,0.56369400000000003
0.5,28,-1.481532360115758,0.58274999999999999,0.59399999999999997,0.34090778908084129,0.39023426167720149,1,0,0,104,True,0.0082714595741633576,False,False,-1.3475760776189629,1.6531130939443468,0.58186099999999996
1,29,0.075655950148099393,0.49762499999999998,0.51000000000000001,0.25935257847095566,0.37452115285657017,0,0,0,35,True,0.0084209243874794684,False,False,0.00084786314457791824,1.1837821058171558,0.499774
0.84999999999999998,29,-0.4476009075474654,0.53137500000000004,0.53900000000000003,0.47803899564648933,0.20367350740946369,0,0,0,43,True,0.0081379139495631504,False,False,-0.29333850291300162,1.2098295592007686,0.52929400000000004
0.65000000000000002,29,-1.1920032568936609,0.57187500000000002,0.57199999999999995,0.26971762225831031,0.15873060561548571,1,0,0,114,True,0.0085342377109612379,False,False,-0.79834597969550514,1.3665569892860103,0.56369400000000003
0.5,29,-1.539066317791002,0.58975,0.59299999999999997,0.82189608232391698,0.67898395085170948,1,0,0,121,True,0.0083247479908422021,False,False,-1.3475760776189629,1.6531130939443468,0.58186099999999996
1,30,-0.0090889548254895133,0.49775000000000003,0.48799999999999999,0.28605592284684728,0.62395467393049153,0,0,0,53,True,0.0077155489882746592,False,False,0.00084786314457791824,1.1837821058171558,0.499774
0.84999999999999998,30,-0.58228307022590975,0.51949999999999996,0.52500000000000002,0.10882572732973025,0.64820048843393541,1,0,0,80,True,0.0077929059266510269,False,False,-0.29333850291300162,1.2098295592007686,0.52929400000000004
0.65000000000000002,30,-1.1413264077564513,0.55787500000000001,0.56299999999999994,0.33453084009258038,0.47015100300121404,1,0,0,100,True,0.0081146186413237412,False,False,-0.79834597969550514,1.3665569892860103,0.56369400000000003
0.5,30,-1.4557284731047968,0.57474999999999998,0.58399999999999996,0.10327011179651721,0.1355754299896155,1,0,0,92,True,0.0081552215479187302,False,False,-1.3475760776189629,1.6531130939443468,0.58186099999999996
1,31,-0.0047860439295160278,0.4955,0.48799999999999999,0.27482424348946932,0.71498813185693033,0,0,0,45,True,0.0087907565929697864,False,False,0.00084786314457791824,1.1837821058171558,0.499774
0.84999999999999998,31,-0.52150012205837293,0.52649999999999997,0.51800000000000002,0.44062274742305541,0.64641815377380718,0,0,0,66,True,0.0089361172971299061,False,False,-0.29333850291300162,1.2098295592007686,0.52929400000000004
0.65000000000000002,31,-1.1687434416675635,0.56512499999999999,0.56499999999999995,0.095697026387587772,0.0024296220118931256,1,0,0,99,True,0.0084231917927317951,False,False,-0.79834597969550514,1.3665569892860103,0.56369400000000003
0.5,31,-1.4953804897338394,0.58062499999999995,0.58199999999999996,0.065162242074799009,0.080065477360521456,1,0,0,183,True,0.0083235115303710687,False,False,-1.3475760776189629,1.6531130939443468,0.58186099999999996
1,32,-0.094329635807978221,0.49912499999999999,0.502,0.49528163464748309,0.205470579440197,0,0,0,40,True,0.008286124080286561,False,False,0.00084786314457791824,1.1837821058171558,0.499774
0.84999999999999998,32,-0.47180668419120786,0.52975000000000005,0.53200000000000003,0.45924482871613592,0.4008061203008394,0,0,0,59,True,0.0086004304747182049,False,False,-0.29333850291300162,1.2098295592007686,0.52929400000000004
0.65000000000000002,32,-0.97969160420559365,0.55887500000000001,0.54800000000000004,0.81445533886430665,0.65080265064168596,1,0,0,88,True,0.0085754905693884824,False,False,-0.79834597969550514,1.3665569892860103,0.56369400000000003
0.5,32,-1.2576562164385405,0.58350000000000002,0.56399999999999995,0.42104518717653178,0.45342580931719118,1,0,0,113,True,0.0086397328901532556,False,False,-1.3475760776189629,1.6531130939443468,0.58186099999999996
1,33,-0.082058501312615856,0.50012500000000004,0.51200000000000001,0.6211873255736976,0.33780934306103538,0,0,0,40,True,0.0085168100339766042,False,False,0.00084786314457791824,1.1837821058171558,0.499774
0.84999999999999998,33,-0.52014062360404478,0.52987499999999998,0.55200000000000005,0.037907406049169437,0.090431453780020848,0,0,0,46,True,0.0084613574278967867,False,False,-0.29333850291300162,1.2098295592007686,0.52929400000000004
0.65000000000000002,33,-1.0284677489698917,0.56312499999999999,0.57699999999999996,0.07095155214760622,0.087784940108323065,1,0,0,78,True,0.0084767380155501941,False,False,-0.79834597969550514,1.3665569892860103,0.56369400000000003
0.5,33,-1.282681198688769,0.573125,0.56599999999999995,0.90760686382406752,0.95981956349869191,0,0,0,72,True,0.0080971116154192127,False,False,-1.3475760776189629,1.6531130939443468,0.58186099999999996
1,34,-0.0025958044778444976,0.49437500000000001,0.46999999999999997,0.31702731417815866,0.45550755746512833,0,0,0,43,True,0.0085602341024905038,False,False,0.00084786314457791824,1.1837821058171558,0.499774
0.84999999999999998,34,-0.45741962378400314,0.52662500000000001,0.51600000000000001,0.12803620992883097,0.3559071960903159,1,0,0,89,True,0.0089142012203667596,False,False,-0.29333850291300162,1.2098295592007686,0.52929400000000004
0.65000000000000002,34,-0.99898314001842703,0.55837499999999995,0.54100000000000004,0.16465257122586616,0.082835995938228241,1,0,0,101,True,0.008761626042864663,False,False,-0.79834597969550514,1.3665569892860103,0.56369400000000003
0.5,34,-1.3158912496853317,0.57737499999999997,0.57399999999999995,0.15992912882700311,0.63447440928682997,1,0,0,95,True,0.0083611788524347325,False,False,-1.3475760776189629,1.6531130939443468,0.58186099999999996
1,35,-0.13061833995429004,0.50662499999999999,0.52100000000000002,0.11020076102964436,0.40026873083035064,0,0,0,42,True,0.0082579310810838597,False,False,0.00084786314457791824,1.1837821058171558,0.499774
0.84999999999999998,35,-0.56627929558506096,0.53400000000000003,0.55000000000000004,0.71758667295169065,0.65912384922023892,0,0,0,52,True,0.0085257514394957278,False,False,-0.29333850291300162,1.2098295592007686,0.52929400000000004
0.65000000000000002,35,-1.1203726718505245,0.56674999999999998,0.59499999999999997,0.89624005782149951,0.92260177501195917,1,0,0,92,True,0.0083495793308745892,False,False,-0.79834597969550514,1.3665569892860103,0.56369400000000003
0.5,35,-1.4042466226392945,0.57899999999999996,0.58899999999999997,0.76809921175473117,0.63893119380790919,1,0,0,104,True,0.0088154100978382974,False,False,-1.3475760776189629,1.6531130939443468,0.58186099999999996
1,36,-0.098047191966840141,0.496,0.502,0.65328141396172024,0.74131961417219983,0,0,0,38,True,0.0080533906728429607,False,False,0.00084786314457791824,1.1837821058171558,0.499774
0.84999999999999998,36,-0.68877023252605418,0.52524999999999999,0.53700000000000003,0.48321408176317726,0.56933372651666958,0,0,0,44,True,0.0081080071197436251,False,False,-0.29333850291300162,1.2098295592007686,0.52929400000000004
0.65000000000000002,36,-1.3456350290535499,0.56162500000000004,0.55500000000000005,0.094915438100488483,0.14904063682121754,0,0,0,59,True,0.0085125391676875994,False,False,-0.79834597969550514,1.3665569892860103,0.56369400000000003
0.5,36,-1.6916982624087256,0.57725000000000004,0.58399999999999996,0.093060416074180211,0.28130151658902497,1,0,0,83,True,0.0086676063253548728,False,False,-1.3475760776189629,1.6531130939443468,0.58186099999999996
1,37,-0.0096635286774666082,0.505,0.52000000000000002,0.93386506833930183,0.99436802899282706,0,0,0,40,True,0.0087809890702201972,False,False,0.00084786314457791824,1.1837821058171558,0.499774
0.84999999999999998,37,-0.47043480977227037,0.53087499999999999,0.53600000000000003,0.60658727232062504,0.35717568533010641,0,0,0,65,True,0.0092909489206596425,False,False,-0.29333850291300162,1.2098295592007686,0.52929400000000004
0.65000000000000002,37,-1.178229889268041,0.56962500000000005,0.58199999999999996,0.40657213517733831,0.75394025615893323,0,0,0,74,True,0.0083325157388993848,False,False,-0.79834597969550514,1.3665569892860103,0.56369400000000003
0.5,37,-1.561496898888364,0.58799999999999997,0.60599999999999998,0.47424625584469859,0.59837872548628468,1,0,0,145,True,0.0087667467942393051,False,False,-1.3475760776189629,1.6531130939443468,0.58186099999999996
1,38,-0.0055160223234211984,0.49062499999999998,0.52200000000000002,0.36502391389503747,0.91716930416195641,0,0,0,47,True,0.0086137534372349306,False,False,0.00084786314457791824,1.1837821058171558,0.499774
0.84999999999999998,38,-0.45112397026940793,0.51875000000000004,0.54900000000000004,0.85310060013819422,0.7793313639443249,0,0,0,44,True,0.0088604778784974244,False,False,-0.29333850291300162,1.2098295592007686,0.52929400000000004
0.65000000000000002,38,-1.0290970386802114,0.55600000000000005,0.58099999999999996,0.60608094783230304,0.87533867730624348,0,0,0,68,True,0.0088785632094763832,False,False,-0.79834597969550514,1.3665569892860103,0.56369400000000003
0.5,38,-1.3201317522469198,0.57350000000000001,0.58999999999999997,0.075996494079025007,0.10269900319135981,1,0,0,79,True,0.0087800482726702114,False,False,-1.3475760776189629,1.6531130939443468,0.58186099999999996
1,39,-0.011599944735992115,0.49412499999999998,0.47299999999999998,0.98899138351158689,0.79050234691279331,0,0,0,40,True,0.0083532982423063454,False,False,0.00084786314457791824,1.1837821058171558,0.499774
0.84999999999999998,39,-0.5065756271361751,0.52837500000000004,0.51900000000000002,0.57249006561079485,0.46339554432226104,0,0,0,64,True,0.0081362191058519037,False,False,-0.29333850291300162,1.2098295592007686,0.52929400000000004
0.65000000000000002,39,-1.1543462246087446,0.56987500000000002,0.57099999999999995,0.42339177752686558,0.60419172620745032,1,0,0,96,True,0.0087946083340452366,False,False,-0.79834597969550514,1.3665569892860103,0.56369400000000003
0.5,39,-1.493397245981946,0.59162499999999996,0.59199999999999997,0.16618342034591099,0.095412441322205221,1,0,0,143,True,0.0083084316529569453,False,False,-1.3475760776189629,1.6531130939443468,0.58186099999999996
1,40,-0.03928343168962508,0.50462499999999999,0.50900000000000001,0.89184696399032271,0.84675531952926963,0,0,0,36,True,0.0087137057884506645,False,False,0.00084786314457791824,1.1837821058171558,0.499774
0.84999999999999998,40,-0.5615667255878436,0.53600000000000003,0.53700000000000003,0.64918497053728308,0.63834524713875074,0,0,0,50,True,0.0085107060338242505,False,False,-0.29333850291300162,1.2098295592007686,0.52929400000000004
0.65000000000000002,40,-1.157438384157762,0.56725000000000003,0.57999999999999996,0.91677467116094435,0.85805910860235557,1,0,0,76,True,0.008349452588929291,False,False,-0.79834597969550514,1.3665569892860103,0.56369400000000003
0.5,40,-1.4445483489578375,0.58025000000000004,0.59499999999999997,0.43019631706109734,0.16828900170136679,1,0,0,95,True,0.0089758909445933534,False,False,-1.3475760776189629,1.6531130939443468,0.58186099999999996
1,41,0.016700422988554724,0.49687500000000001,0.504,0.22504469865924273,0.44960497782197234,0,0,0,48,True,0.0084104377903191814,False,False,0.00084786314457791824,1.1837821058171558,0.499774
0.84999999999999998,41,-0.43193379073716065,0.53049999999999997,0.53700000000000003,0.41549287054478801,0.55822987640881627,0,0,0,41,True,0.0084774001185379498,False,False,-0.29333850291300162,1.2098295592007686,0.52929400000000004
0.65000000000000002,41,-0.99217538604591093,0.5625,0.57399999999999995,0.10066173467251675,0.13286937966246248,1,0,0,95,True,0.0087174015062420982,False,False,-0.79834597969550514,1.3665569892860103,0.56369400000000003
0.5,41,-1.3050936530778927,0.57550000000000001,0.59099999999999997,0.057357410796280456,0.40436234141544242,1,0,0,96,True,0.0088958541702425405,False,False,-1.3475760776189629,1.6531130939443468,0.58186099999999996
1,42,4.5625030452671856e-05,0.50387499999999996,0.52400000000000002,0.35322161769951887,0.51692594246058865,0,0,0,57,True,0.0080737381886291006,False,False,0.00084786314457791824,1.1837821058171558,0.499774
0.84999999999999998,42,-0.47989208364537578,0.53325,0.54300000000000004,0.11793617162253635,0.84052393834199057,1,0,0,80,True,0.0086202844433639781,False,False,-0.29333850291300162,1.2098295592007686,0.52929400000000004
0.65000000000000002,42,-1.04381270550238,0.56074999999999997,0.57099999999999995,0.17994027281625297,0.12374602126089856,1,0,0,112,True,0.0089649132940096115,False,False,-0.79834597969550514,1.3665569892860103,0.56369400000000003
0.5,42,-1.3978752713410125,0.58137499999999998,0.58399999999999996,0.5028907581088774,0.23435726500587556,1,0,0,160,True,0.0086220358617393848,False,False,-1.3475760776189629,1.6531130939443468,0.58186099999999996
1,43,0.0033617951766487467,0.49462499999999998,0.498,0.96776653382458466,0.39441819486223145,0,0,0,42,True,0.0089813161158520533,False,False,0.00084786314457791824,1.1837821058171558,0.499774
0.84999999999999998,43,-0.43930102407998739,0.52662500000000001,0.52400000000000002,0.94275454021403904,0.91410943722335813,0,0,0,53,True,0.0088248381916977946,False,False,-0.29333850291300162,1.2098295592007686,0.52929400000000004
0.65000000000000002,43,-0.97933257284727859,0.56674999999999998,0.56999999999999995,0.15862850274813742,0.24470516880581078,0,0,0,71,True,0.0087502289260723547,False,False,-0.79834597969550514,1.3665569892860103,0.56369400000000003
0.5,43,-1.3046670150482669,0.58750000000000002,0.58899999999999997,0.077664388451290547,0.085647000767512874,1,0,0,122,True,0.0088418328093529241,False,False,-1.3475760776189629,1.6531130939443468,0.58186099999999996
1,44,-0.06177054277814209,0.49587500000000001,0.52200000000000002,0.52977450656878255,0.28487127534102902,0,0,0,38,True,0.0081105957446526468,False,False,0.00084786314457791824,1.1837821058171558,0.499774
0.84999999999999998,44,-0.44366456385207004,0.53225,0.53200000000000003,0.78357662174632114,0.37659730470887709,0,0,0,64,True,0.0079352983927376587,False,False,-0.29333850291300162,1.2098295592007686,0.52929400000000004
0.65000000000000002,44,-0.99198528861008517,0.56100000000000005,0.55600000000000005,0.6897041334689864,0.41136055131406685,0,0,0,74,True,0.0081477360743323329,False,False,-0.79834597969550514,1.3665569892860103,0.56369400000000003
0.5,44,-1.2735183082738843,0.57787500000000003,0.55000000000000004,0.22509994075356901,0.19753675609038462,1,0,0,100,True,0.0087256016484144692,False,False,-1.3475760776189629,1.6531130939443468,0.58186099999999996
1,45,0.10851693858468346,0.50424999999999998,0.499,0.056105794468871172,0.052681267695817435,0,0,0,45,True,0.0080607764002763316,False,False,0.00084786314457791824,1.1837821058171558,0.499774
0.84999999999999998,45,-0.45046487986541689,0.52849999999999997,0.52300000000000002,0.07257727371660759,0.82614810308949638,0,0,0,38,True,0.0080007948985134393,False,False,-0.29333850291300162,1.2098295592007686,0.52929400000000004
0.65000000000000002,45,-1.1005013647279156,0.57274999999999998,0.58699999999999997,0.089730231384423209,0.22843987643311342,0,0,0,61,True,0.0077186725962605464,False,False,-0.79834597969550514,1.3665569892860103,0.56369400000000003
0.5,45,-1.4672093833955644,0.58099999999999996,0.59699999999999998,0.086313635581273571,0.052033556075592784,1,0,0,76,True,0.008114971626012912,False,False,-1.3475760776189629,1.6531130939443468,0.58186099999999996
1,46,-0.042950913822129927,0.50587499999999996,0.52300000000000002,0.10131354102190691,0.17775104883377657,0,0,0,57,True,0.0086027279693989128,False,False,0.00084786314457791824,1.1837821058171558,0.499774
0.84999999999999998,46,-0.48110549487733523,0.53287499999999999,0.54200000000000004,0.63744636449238146,0.51035670442226455,0,0,0,59,True,0.0081881325991480999,False,False,-0.29333850291300162,1.2098295592007686,0.52929400000000004
0.65000000000000002,46,-1.0503678153553215,0.56125000000000003,0.55100000000000005,0.90749486629119924,0.9284671747350508,1,0,0,75,True,0.0081279184223539639,False,False,-0.79834597969550514,1.3665569892860103,0.56369400000000003
0.5,46,-1.4196734137479852,0.57525000000000004,0.56599999999999995,0.51875387785780147,0.50842977548192692,1,0,0,122,True,0.0083881101526187812,False,False,-1.3475760776189629,1.6531130939443468,0.58186099999999996
1,47,0.03388350175581941,0.502,0.53300000000000003,0.63727814621464607,0.1689615598372749,0,0,0,41,True,0.0085656262498211705,False,False,0.00084786314457791824,1.1837821058171558,0.499774
0.84999999999999998,47,-0.44689132778449259,0.52762500000000001,0.54900000000000004,0.42228623808060722,0.31592251189308385,0,0,0,42,True,0.0081678272794070972,False,False,-0.29333850291300162,1.2098295592007686,0.52929400000000004
0.65000000000000002,47,-1.022705208731358,0.56274999999999997,0.57899999999999996,0.70744380731842105,0.6265678978019934,0,0,0,57,True,0.0077363613696538117,False,False,-0.79834597969550514,1.3665569892860103,0.56369400000000003
0.5,47,-1.3890754986522,0.57687500000000003,0.57299999999999995,0.58726699781507574,0.34718375800005713,1,0,0,86,True,0.007876437443102631,False,False,-1.3475760776189629,1.6531130939443468,0.58186099999999996
1,48,-0.091077715128153228,0.50262499999999999,0.46500000000000002,0.64449989504362781,0.96694764997349925,0,0,0,39,True,0.00839552619074109,False,False,0.00084786314457791824,1.1837821058171558,0.499774
0.84999999999999998,48,-0.53217210495528,0.53400000000000003,0.502,0.74591241513678874,0.52706716757702865,0,0,0,46,True,0.0083065837659885219,False,False,-0.29333850291300162,1.2098295592007686,0.52929400000000004
0.65000000000000002,48,-1.122392251376813,0.56599999999999995,0.54100000000000004,0.49616819709360915,0.13044186587819465,1,0,0,102,True,0.0087065146863436003,False,False,-0.79834597969550514,1.3665569892860103,0.56369400000000003
0.5,48,-1.4054897798178272,0.58787500000000004,0.56899999999999995,0.43833738850084747,0.52681637380931212,1,0,0,137,True,0.0082015077946353404,False,False,-1.3475760776189629,1.6531130939443468,0.58186099999999996
1,49,-0.060109867224287634,0.50587499999999996,0.496,0.59384224934180563,0.60243704365486028,0,0,0,46,True,0.0084452860452261958,False,False,0.00084786314457791824,1.1837821058171558,0.499774
0.84999999999999998,49,-0.48967339217685879,0.53300000000000003,0.499,0.0085432649585291658,0.067108797208727075,0,0,0,57,True,0.0085258064315050421,False,False,-0.29333850291300162,1.2098295592007686,0.52929400000000004
0.65000000000000002,49,-1.0381504162115547,0.56887500000000002,0.54800000000000004,0.5731600693640273,0.28186866516663012,1,0,0,114,True,0.0084294098646940201,False,False,-0.79834597969550514,1.3665569892860103,0.56369400000000003
0.5,49,-1.3161987657531271,0.57774999999999999,0.56399999999999995,0.91827560544249243,0.77426515408346075,1,0,0,90,True,0.0083979756001653968,False,False,-1.3475760776189629,1.6531130939443468,0.58186099999999996
1,50,-0.31870256301865607,0.50062499999999999,0.498,0.97598788488915478,0.9477546947232004,0,0,0,43,True,0.0079812525188951988,False,False,0.00084786314457791824,1.1837821058171558,0.499774
0.84999999999999998,50,-0.77957052070290456,0.53100000000000003,0.52000000000000002,0.70084996685982281,0.70853115529156629,0,0,0,58,True,0.0077525486160314773,False,False,-0.29333850291300162,1.2098295592007686,0.52929400000000004
0.65000000000000002,50,-1.3204925478811176,0.56487500000000002,0.56899999999999995,0.80648150359330639,0.69257285403882873,1,0,0,81,True,0.0077220054464763,False,False,-0.79834597969550514,1.3665569892860103,0.56369400000000003
0.5,50,-1.6388239266506697,0.58674999999999999,0.59199999999999997,0.36470448951259338,0.23239981530624787,1,0,0,221,True,0.0082501822576844658,False,False,-1.3475760776189629,1.6531130939443468,0.58186099999999996
1,51,-0.098667749185709905,0.50024999999999997,0.501,0.48139692067617668,0.68408788201769843,0,0,0,41,True,0.0087204316296921915,False,False,0.00084786314457791824,1.1837821058171558,0.499774
0.84999999999999998,51,-0.56224631651729751,0.52925,0.53000000000000003,0.16612376843631865,0.16508525811383867,0,0,0,45,True,0.0088428966089648103,False,False,-0.29333850291300162,1.2098295592007686,0.52929400000000004
0.65000000000000002,51,-1.1411166883032269,0.56474999999999997,0.56000000000000005,0.088085666641343333,0.24988520785794657,1,0,0,84,True,0.0090112239030345105,False,False,-0.79834597969550514,1.3665569892860103,0.56369400000000003
0.5,51,-1.5244421992765735,0.582125,0.56899999999999995,0.15796481355860004,0.11252839211256709,1,0,0,225,True,0.0087965783752474245,False,False,-1.3475760776189629,1.6531130939443468,0.58186099999999996
1,52,0.082678636177627329,0.49262499999999998,0.46999999999999997,0.09661063440301941,0.20681716372354444,0,0,0,45,True,0.0083783633919482323,False,False,0.00084786314457791824,1.1837821058171558,0.499774
0.84999999999999998,52,-0.39270398925757333,0.52237500000000003,0.504,0.28100618304031438,0.70387495746765039,0,0,0,45,True,0.0085649750963711045,False,False,-0.29333850291300162,1.2098295592007686,0.52929400000000004
0.65000000000000002,52,-0.96013651052487825,0.56387500000000002,0.53800000000000003,0.51441382430558491,0.5162916145516554,1,0,0,101,True,0.0084169961264700267,False,False,-0.79834597969550514,1.3665569892860103,0.56369400000000003
0.5,52,-1.3548704781319278,0.580125,0.56200000000000006,0.52471057569921575,0.39953092764771242,1,0,0,137,True,0.008236400402483187,False,False,-1.3475760776189629,1.6531130939443468,0.58186099999999996
1,53,-0.015142209133148211,0.4955,0.47899999999999998,0.47061001142077052,0.89809222575838354,0,0,0,35,True,0.0091814414721941729,False,False,0.00084786314457791824,1.1837821058171558,0.499774
0.84999999999999998,53,-0.40522027588509846,0.52275000000000005,0.498,0.96466871179767089,0.60842851827508737,0,0,0,35,True,0.0089577132627817815,False,False,-0.29333850291300162,1.2098295592007686,0.52929400000000004
0.65000000000000002,53,-0.96629516286891559,0.55325000000000002,0.52800000000000002,0.95265052386832538,0.90395421532098585,0,0,0,50,True,0.0085648274371474091,False,False,-0.79834597969550514,1.3665569892860103,0.56369400000000003
0.5,53,-1.2850339090860421,0.57450000000000001,0.57299999999999995,0.63806732712673286,0.9654087634256483,0,0,0,73,True,0.0082703044295137987,False,False,-1.3475760776189629,1.6531130939443468,0.58186099999999996
1,54,0.078188119753294594,0.496,0.505,0.94323895418649084,0.88540367745695026,0,0,0,47,True,0.0084550983857168555,False,False,0.00084786314457791824,1.1837821058171558,0.499774
0.84999999999999998,54,-0.40574318487139915,0.53649999999999998,0.56499999999999995,0.21814809922192532,0.22476993955309862,0,0,0,45,True,0.0083033283029954313,False,False,-0.29333850291300162,1.2098295592007686,0.52929400000000004
0.65000000000000002,54,-1.0100212211578916,0.56774999999999998,0.58799999999999997,0.25340662173217288,0.19318026193991214,0,0,0,72,True,0.0086748116855601565,False,False,-0.79834597969550514,1.3665569892860103,0.56369400000000003
0.5,54,-1.5305929090016059,0.58087500000000003,0.59299999999999997,0.50523290807607135,0.69317244730291305,1,0,0,116,True,0.0083987983977730895,False,False,-1.3475760776189629,1.6531130939443468,0.58186099999999996
1,55,-0.14350992799272325,0.50187499999999996,0.49299999999999999,0.73654277520855216,0.99222845045003616,0,0,0,29,True,0.008884734846290673,False,False,0.00084786314457791824,1.1837821058171558,0.499774
0.84999999999999998,55,-0.58837894730600826,0.53025,0.52400000000000002,0.42366157996458326,0.43941852822831989,0,0,0,39,True,0.0093107765712296779,False,False,-0.29333850291300162,1.2098295592007686,0.52929400000000004
0.65000000000000002,55,-1.1384250341236222,0.56887500000000002,0.55400000000000005,0.45002963062383083,0.46501939429540307,1,0,0,133,True,0.008383058946912509,False,False,-0.79834597969550514,1.3665569892860103,0.56369400000000003
0.5,55,-1.471718083380509,0.57699999999999996,0.56200000000000006,0.26731119732045883,0.42026071080559174,1,0,0,86,True,0.0082301833614722205,False,False,-1.3475760776189629,1.6531130939443468,0.58186099999999996
1,56,-0.032943764533644108,0.49399999999999999,0.48499999999999999,0.73257496278760681,0.066282333194346857,0,0,0,34,True,0.0081473106717236694,False,False,0.00084786314457791824,1.1837821058171558,0.499774
0.84999999999999998,56,-0.44408508279678061,0.52625,0.52900000000000003,0.51642993813599669,0.98250407981260501,0,0,0,45,True,0.0088175182191476686,False,False,-0.29333850291300162,1.2098295592007686,0.52929400000000004
0.65000000000000002,56,-1.0381041516639598,0.56625000000000003,0.54300000000000004,0.96997290297126626,0.71728165854688397,0,0,0,72,True,0.0093038378134968191,False,False,-0.79834597969550514,1.3665569892860103,0.56369400000000003
0.5,56,-1.3520613275509967,0.57462500000000005,0.57299999999999995,0.63546198758692074,0.71273756687546586,0,0,0,67,True,0.0088486959937340674,False,False,-1.3475760776189629,1.6531130939443468,0.58186099999999996
1,57,0.047574402456123828,0.50862499999999999,0.50700000000000001,0.7393031453723975,0.18715552419142512,0,0,0,46,True,0.0081082767204162087,False,False,0.00084786314457791824,1.1837821058171558,0.499774
0.84999999999999998,57,-0.43062731854684116,0.53737500000000005,0.55600000000000005,0.58578672503919527,0.93982280848551525,0,0,0,69,True,0.0081600650020536743,False,False,-0.29333850291300162,1.2098295592007686,0.52929400000000004
0.65000000000000002,57,-1.0033415347914985,0.56362500000000004,0.57399999999999995,0.77605987149775535,0.89212142803384464,0,0,0,63,True,0.0084724199782674533,False,False,-0.79834597969550514,1.3665569892860103,0.56369400000000003
0.5,57,-1.3283268740973426,0.58662499999999995,0.60499999999999998,0.70480076946270864,0.59094595381748227,1,0,0,126,True,0.0090393921128705187,False,False,-1.3475760776189629,1.6531130939443468,0.58186099999999996
1,58,-0.056563388241445078,0.50124999999999997,0.46800000000000003,0.48562858800631914,0.5236056583734533,0,0,0,47,True,0.0085804916724249048,False,False,0.00084786314457791824,1.1837821058171558,0.499774
0.84999999999999998,58,-0.50492467481133163,0.52837500000000004,0.504,0.066930231126712716,0.17481784824471702,0,0,0,49,True,0.0086429458619436059,False,False,-0.29333850291300162,1.2098295592007686,0.52929400000000004
0.65000000000000002,58,-1.0868309298906185,0.55662500000000004,0.54700000000000004,0.92121194813026119,0.64332410557662956,0,0,0,59,True,0.008846473193682796,False,False,-0.79834597969550514,1.3665569892860103,0.56369400000000003
0.5,58,-1.4787327476765921,0.58087500000000003,0.55700000000000005,0.43269747325210411,0.53011009596895842,1,0,0,125,True,0.0082668674897451357,False,False,-1.3475760776189629,1.6531130939443468,0.58186099999999996
1,59,0.18170747945724131,0.4945,0.499,0.74666771073345817,0.48369931385253584,0,0,0,42,True,0.0089420118166811079,False,False,0.00084786314457791824,1.1837821058171558,0.499774
0.84999999999999998,59,-0.35310658556227753,0.51887499999999998,0.51600000000000001,0.12507211074334409,0.10138907354067363,0,0,0,45,True,0.0090812641850447368,False,False,-0.29333850291300162,1.2098295592007686,0.52929400000000004
0.65000000000000002,59,-0.9465249635433185,0.56725000000000003,0.54200000000000004,0.96079045911590411,0.9688888537061735,0,0,0,72,True,0.0085266467650722856,False,False,-0.79834597969550514,1.3665569892860103,0.56369400000000003
0.5,59,-1.2868749682512666,0.58975,0.57599999999999996,0.7804216685993457,0.90361236170875092,1,0,0,198,True,0.0081035240239540167,False,False,-1.3475760776189629,1.6531130939443468,0.58186099999999996
1,60,0.14718659964313019,0.50162499999999999,0.501,0.15291195169161681,0.007103747961867371,0,0,0,45,True,0.0078508888530450897,False,False,0.00084786314457791824,1.1837821058171558,0.499774
0.84999999999999998,60,-0.33393548927091105,0.53125,0.51600000000000001,0.23864878969230463,0.11784440759019496,0,0,0,54,True,0.0078204803562502284,False,False,-0.29333850291300162,1.2098295592007686,0.52929400000000004
0.65000000000000002,60,-0.91781874048307333,0.5625,0.54000000000000004,0.29435319716506803,0.40174521165868221,1,0,0,80,True,0.008586152526406144,False,False,-0.79834597969550514,1.3665569892860103,0.56369400000000003
0.5,60,-1.393296076318391,0.57862499999999994,0.56699999999999995,0.43268180971222647,0.27541699899846589,1,0,0,150,True,0.0081354161156016597,False,False,-1.3475760776189629,1.6531130939443468,0.58186099999999996
1,61,-0.043149782008941706,0.49775000000000003,0.504,0.73775352053737986,0.96730828722286255,0,0,0,53,True,0.0084590728316938039,False,False,0.00084786314457791824,1.1837821058171558,0.499774
0.84999999999999998,61,-0.48148097728152389,0.53149999999999997,0.53700000000000003,0.042837574807296185,0.35001278597913615,0,0,0,43,True,0.0082664923038094622,False,False,-0.29333850291300162,1.2098295592007686,0.52929400000000004
0.65000000000000002,61,-1.0744021233021752,0.56262500000000004,0.55200000000000005,0.88279885752389509,0.94750866135202527,1,0,0,130,True,0.0079540023059734236,False,False,-0.79834597969550514,1.3665569892860103,0.56369400000000003
0.5,61,-1.3895192714364744,0.582125,0.56999999999999995,0.77433920281253688,0.78689813633218686,1,0,0,183,True,0.00780289048565943,False,False,-1.3475760776189629,1.6531130939443468,0.58186099999999996
1,62,-0.0059103824131851081,0.49525000000000002,0.48699999999999999,0.74570118110090755,0.90418685324371129,0,0,0,37,True,0.0088059192057887391,False,False,0.00084786314457791824,1.1837821058171558,0.499774
0.84999999999999998,62,-0.43489579013359664,0.51900000000000002,0.51000000000000001,0.081443925632520453,0.29894861495278274,0,0,0,36,True,0.0083513950227228611,False,False,-0.29333850291300162,1.2098295592007686,0.52929400000000004
0.65000000000000002,62,-1.0533707344962107,0.55800000000000005,0.56000000000000005,0.64979373590568712,0.62976908172790436,0,0,0,64,True,0.0085705965028196104,False,False,-0.79834597969550514,1.3665569892860103,0.56369400000000003
0.5,62,-1.4241640785534841,0.57637499999999997,0.57099999999999995,0.52557670238308807,0.62083104524590749,1,0,0,77,True,0.0082690422362425176,False,False,-1.3475760776189629,1.6531130939443468,0.58186099999999996
1,63,-0.040642671318082378,0.51112500000000005,0.52300000000000002,0.5097391608362265,0.2503465409888731,0,0,0,38,True,0.00882291429034056,False,False,0.00084786314457791824,1.1837821058171558,0.499774
0.84999999999999998,63,-0.4708531595899233,0.53437500000000004,0.55600000000000005,0.42299214855567785,0.84118226938693819,0,0,0,44,True,0.0085345127994203573,False,False,-0.29333850291300162,1.2098295592007686,0.52929400000000004
0.65000000000000002,63,-1.1025392319234184,0.56837499999999996,0.59199999999999997,0.066219154781664388,0.20652079641329957,0,0,0,71,True,0.0087622440580028063,False,False,-0.79834597969550514,1.3665569892860103,0.56369400000000003
0.5,63,-1.3880639431300328,0.583125,0.59899999999999998,0.87614987410383705,0.98328278646788148,1,0,0,123,True,0.0088181409513668207,False,False,-1.3475760776189629,1.6531130939443468,0.58186099999999996
1,64,0.0076560909380921065,0.49112499999999998,0.48799999999999999,0.94099341926864133,0.9022180482972687,0,0,0,46,True,0.0082977898545794314,False,False,0.00084786314457791824,1.1837821058171558,0.499774
0.84999999999999998,64,-0.41548151141007594,0.52237500000000003,0.52300000000000002,0.92418610154209624,0.70971183852775233,0,0,0,43,True,0.0082591952454484988,False,False,-0.29333850291300162,1.2098295592007686,0.52929400000000004
0.65000000000000002,64,-1.0086782329600597,0.55837499999999995,0.55400000000000005,0.72296003315053703,0.6572736898666669,0,0,0,59,True,0.0083983973026655265,False,False,-0.79834597969550514,1.3665569892860103,0.56369400000000003
0.5,64,-1.2931052987292706,0.58487500000000003,0.58599999999999997,0.63744449235530698,0.40148591810305634,1,0,0,215,True,0.008686946555829491,False,False,-1.3475760776189629,1.6531130939443468,0.58186099999999996
1,65,-0.10074407931205784,0.50375000000000003,0.48899999999999999,0.08840318519701576,0.32537787960513243,0,0,0,34,True,0.0093935274448941619,False,False,0.00084786314457791824,1.1837821058171558,0.499774
0.84999999999999998,65,-0.50576719308164331,0.53500000000000003,0.53900000000000003,0.48672501115940769,0.46479170107587309,0,0,0,56,True,0.009064584720748517,False,False,-0.29333850291300162,1.2098295592007686,0.52929400000000004
0.65000000000000002,65,-1.0302833655914421,0.56825000000000003,0.59699999999999998,0.93299084626330464,0.88768349049416251,1,0,0,92,True,0.0085733568817438228,False,False,-0.79834597969550514,1.3665569892860103,0.56369400000000003
0.5,65,-1.3258722915749921,0.58099999999999996,0.58499999999999996,0.94880961718683454,0.93264754198756128,1,0,0,125,True,0.0081234271372440468,False,False,-1.3475760776189629,1.6531130939443468,0.58186099999999996
1,66,0.078519957494554191,0.49975000000000003,0.49299999999999999,0.65286616406411835,0.87630663572288414,0,0,0,43,True,0.0080943819915152877,False,False,0.00084786314457791824,1.1837821058171558,0.499774
0.84999999999999998,66,-0.40076454409498002,0.52787499999999998,0.53100000000000003,0.97480880072322396,0.44416588050970102,0,0,0,60,True,0.0081496300808236184,False,False,-0.29333850291300162,1.2098295592007686,0.52929400000000004
0.65000000000000002,66,-0.99551101876023029,0.57150000000000001,0.58499999999999996,0.81710868977454998,0.70910056508284591,0,0,0,69,True,0.008172834789440064,False,False,-0.79834597969550514,1.3665569892860103,0.56369400000000003
0.5,66,-1.3033213274940898,0.58887500000000004,0.60199999999999998,0.48325581430820752,0.58703089567205313,1,0,0,145,True,0.0079804692645739587,False,False,-1.3475760776189629,1.6531130939443468,0.58186099999999996
1,67,-0.0093922636754592698,0.51024999999999998,0.53400000000000003,0.46114936234326498,0.25487821623120738,0,0,0,60,True,0.0080655076032307323,False,False,0.00084786314457791824,1.1837821058171558,0.499774
0.84999999999999998,67,-0.441123403998462,0.53525,0.55900000000000005,0.8814870532341661,0.8632297975536285,0,0,1,55,True,0.0080412881446840067,False,False,-0.29333850291300162,1.2098295592007686,0.52929400000000004
0.65000000000000002,67,-1.0113753001646124,0.5625,0.56899999999999995,0.32584994195348499,0.42230709462934679,0,0,0,51,True,0.0085246823472719096,False,False,-0.79834597969550514,1.3665569892860103,0.56369400000000003
0.5,67,-1.294089788964073,0.57699999999999996,0.59299999999999997,0.53068661068102729,0.37666797390794754,1,0,0,95,True,0.0084694898793425729,False,False,-1.3475760776189629,1.6531130939443468,0.58186099999999996
1,68,-0.1329541272400083,0.49212499999999998,0.49299999999999999,0.60599390814874676,0.20234574730568936,0,0,0,45,True,0.0081928560759491516,False,False,0.00084786314457791824,1.1837821058171558,0.499774
0.84999999999999998,68,-0.57184788894829941,0.52862500000000001,0.54300000000000004,0.38672958995003831,0.43188715275297984,0,0,0,45,True,0.0084870504392520404,False,False,-0.29333850291300162,1.2098295592007686,0.52929400000000004
0.65000000000000002,68,-1.1239035687258467,0.56662500000000005,0.55800000000000005,0.19895572924087127,0.47199311662151411,1,0,0,104,True,0.008182981323461045,False,False,-0.79834597969550514,1.3665569892860103,0.56369400000000003
0.5,68,-1.4211122370249663,0.58437499999999998,0.58499999999999996,0.67728915036194315,0.66056058009118312,1,0,0,93,True,0.0083030877743248618,False,False,-1.3475760776189629,1.6531130939443468,0.58186099999999996
1,69,-0.13524899470533486,0.4995,0.52700000000000002,0.98166628727371352,0.62245692331875935,0,0,0,44,True,0.0086753418305480605,False,False,0.00084786314457791824,1.1837821058171558,0.499774
0.84999999999999998,69,-0.48319775461594838,0.52649999999999997,0.53400000000000003,0.085438078079643306,0.60058561088810658,0,0,0,52,True,0.0088534628241909927,False,False,-0.29333850291300162,1.2098295592007686,0.52929400000000004
0.65000000000000002,69,-1.0635880609950525,0.56687500000000002,0.58399999999999996,0.49551898290347718,0.32320631853491788,1,0,0,80,True,0.0089325507547923459,False,False,-0.79834597969550514,1.3665569892860103,0.56369400000000003
0.5,69,-1.3348736353381148,0.58225000000000005,0.58799999999999997,0.10841264684646974,0.11347338990174705,1,0,0,91,True,0.0084992479770307494,False,False,-1.3475760776189629,1.6531130939443468,0.58186099999999996
1,70,0.15588024331034667,0.49387500000000001,0.49399999999999999,0.69047936381720298,0.81011472062298595,0,0,0,45,True,0.0085534771894350374,False,False,0.00084786314457791824,1.1837821058171558,0.499774
0.84999999999999998,70,-0.31964178033628005,0.53549999999999998,0.53200000000000003,0.2071754524858265,0.43520060881032802,0,0,0,55,True,0.0085325467230114738,False,False,-0.29333850291300162,1.2098295592007686,0.52929400000000004
0.65000000000000002,70,-0.95062785656884763,0.56512499999999999,0.55500000000000005,0.21006283826513308,0.22630491546767112,1,0,0,93,True,0.0084498640118057314,False,False,-0.79834597969550514,1.3665569892860103,0.56369400000000003
0.5,70,-1.3371401452476621,0.58750000000000002,0.57899999999999996,0.68005580740117932,0.66550672008922163,1,0,0,181,True,0.0086284864609963083,False,False,-1.3475760776189629,1.6531130939443468,0.58186099999999996
1,71,0.040124921253701457,0.51000000000000001,0.52400000000000002,0.087249133313724012,0.46928268041624555,0,0,0,51,True,0.0083119500272881702,False,False,0.00084786314457791824,1.1837821058171558,0.499774
0.84999999999999998,71,-0.3968481969424017,0.53625,0.54300000000000004,0.34643971238873206,0.29769101785603064,0,0,0,51,True,0.0081362351343995717,False,False,-0.29333850291300162,1.2098295592007686,0.52929400000000004
0.65000000000000002,71,-0.9970011885335367,0.56299999999999994,0.56699999999999995,0.039108921737722603,0.066276981984356095,1,0,0,98,True,0.0078610223943825254,False,False,-0.79834597969550514,1.3665569892860103,0.56369400000000003
0.5,71,-1.4589818872655791,0.57987500000000003,0.57699999999999996,0.344217549530838,0.49595562359390677,1,0,0,107,True,0.0081907563831077473,False,False,-1.3475760776189629,1.6531130939443468,0.58186099999999996
1,72,-0.15760903215125502,0.50924999999999998,0.51100000000000001,0.71136192370562956,0.94450713819101328,0,0,0,37,True,0.0091662101571374742,False,False,0.00084786314457791824,1.1837821058171558,0.499774
0.84999999999999998,72,-0.62515487524478586,0.53449999999999998,0.53100000000000003,0.55090068934254111,0.044017112684349269,0,0,0,46,True,0.009052911366371149,False,False,-0.29333850291300162,1.2098295592007686,0.52929400000000004
0.65000000000000002,72,-1.1474043337806097,0.5655,0.57499999999999996,0.87272163372293265,0.91921181944761721,0,0,0,55,True,0.0089914557130389271,False,False,-0.79834597969550514,1.3665569892860103,0.56369400000000003
0.5,72,-1.477076248202897,0.58712500000000001,0.59399999999999997,0.14171399563142173,0.18339605592717945,1,0,0,87,True,0.0087686313007299798,False,False,-1.3475760776189629,1.6531130939443468,0.58186099999999996
1,73,0.16823337088485668,0.4965,0.498,0.84525266200420601,0.43885744070013205,0,0,0,39,True,0.0085308110525899924,False,False,0.00084786314457791824,1.1837821058171558,0.499774
0.84999999999999998,73,-0.3696904178655766,0.52449999999999997,0.52600000000000002,0.37051867433231123,0.89857125041099339,0,0,0,42,True,0.0085040276742337252,False,False,-0.29333850291300162,1.2098295592007686,0.52929400000000004
0.65000000000000002,73,-0.95114047800475787,0.5575,0.55100000000000005,0.96238008153783872,0.92110201606599862,1,0,0,84,True,0.0082044633525216269,False,False,-0.79834597969550514,1.3665569892860103,0.56369400000000003
0.5,73,-1.2880095262419882,0.57874999999999999,0.57599999999999996,0.83403631521962029,0.86313240314459239,1,0,0,96,True,0.0082762224219026966,False,False,-1.3475760776189629,1.6531130939443468,0.58186099999999996
1,74,-0.042684693563666526,0.49187500000000001,0.46899999999999997,0.50388019447428456,0.42045905701317471,0,0,0,48,True,0.0083211604414834255,False,False,0.00084786314457791824,1.1837821058171558,0.499774
0.84999999999999998,74,-0.50430114145882821,0.52700000000000002,0.503,0.92342425513414195,0.31040194303908797,0,0,0,43,True,0.0084766090828851254,False,False,-0.29333850291300162,1.2098295592007686,0.52929400000000004
0.65000000000000002,74,-1.043206195444468,0.56062500000000004,0.55000000000000004,0.094525497608066875,0.14355956742640344,1,0,0,100,True,0.0084027573037013716,False,False,-0.79834597969550514,1.3665569892860103,0.56369400000000003
0.5,74,-1.3696508206871525,0.580125,0.57299999999999995,0.57108581968453809,0.42188293618366796,1,0,0,127,True,0.0089790160785273836,False,False,-1.3475760776189629,1.6531130939443468,0.58186099999999996
1,75,-0.061022465328482482,0.49575000000000002,0.501,0.74226151743178193,0.86125039685282267,0,0,0,44,True,0.0081797463019712101,False,False,0.00084786314457791824,1.1837821058171558,0.499774
0.84999999999999998,75,-0.50986737177688135,0.53300000000000003,0.55500000000000005,0.6942349170602754,0.92152484170576177,0,0,0,59,True,0.0081814007828135814,False,False,-0.29333850291300162,1.2098295592007686,0.52929400000000004
0.65000000000000002,75,-1.0254617044973082,0.56737499999999996,0.55900000000000005,0.41199056786230193,0.2271000493984702,1,0,0,86,True,0.0081737639552893222,False,False,-0.79834597969550514,1.3665569892860103,0.56369400000000003
0.5,75,-1.3126315402999742,0.59375,0.59299999999999997,0.26924110153849179,0.19218222085356565,1,0,0,135,True,0.008272903359204933,False,False,-1.3475760776189629,1.6531130939443468,0.58186099999999996
1,76,0.081308018560970946,0.50612500000000005,0.498,0.25178644449888421,0.90379574098187887,0,0,0,34,True,0.0079120519624226327,False,False,0.00084786314457791824,1.1837821058171558,0.499774
0.84999999999999998,76,-0.47299873478212123,0.53237500000000004,0.52800000000000002,0.26614228546589036,0.39920649338068598,0,0,0,51,True,0.0079672090619404261,False,False,-0.29333850291300162,1.2098295592007686,0.52929400000000004
0.65000000000000002,76,-1.1094213805825923,0.56712499999999999,0.57099999999999995,0.84951611627907142,0.61981200886269816,1,0,0,104,True,0.0079108028329146519,False,False,-0.79834597969550514,1.3665569892860103,0.56369400000000003
0.5,76,-1.4219334404949679,0.58499999999999996,0.58599999999999997,0.40553176737406205,0.60989911477574754,1,0,0,105,True,0.0088645162093108684,False,False,-1.3475760776189629,1.6531130939443468,0.58186099999999996
1,77,-0.033430463679264284,0.50124999999999997,0.52500000000000002,0.58756154286384965,0.35891155550853032,0,0,0,44,True,0.0085634112493362061,False,False,0.00084786314457791824,1.1837821058171558,0.499774
0.84999999999999998,77,-0.43856542949154687,0.52437500000000004,0.53100000000000003,0.46189482808484161,0.60384247731291585,0,0,0,46,True,0.0088047823689459837,False,False,-0.29333850291300162,1.2098295592007686,0.52929400000000004
0.65000000000000002,77,-1.0322253983401077,0.56225000000000003,0.56200000000000006,0.42623119673520687,0.47677274573156181,1,0,0,77,True,0.0088207795633649371,False,False,-0.79834597969550514,1.3665569892860103,0.56369400000000003
0.5,77,-1.3553807190184517,0.58537499999999998,0.57999999999999996,0.81055321716963236,0.62907568963650062,1,0,0,131,True,0.0088741858799848954,False,False,-1.3475760776189629,1.6531130939443468,0.58186099999999996
1,78,-0.058649212691220101,0.489875,0.48999999999999999,0.72703217675661413,0.51487598640595722,0,0,0,44,True,0.0091465693151511311,False,False,0.00084786314457791824,1.1837821058171558,0.499774
0.84999999999999998,78,-0.48220882337929222,0.52512499999999995,0.53500000000000003,0.412474891139471,0.47172973855401623,0,0,0,59,True,0.0091007549266372608,False,False,-0.29333850291300162,1.2098295592007686,0.52929400000000004
0.65000000000000002,78,-1.0468879710539627,0.56674999999999998,0.56100000000000005,0.23129188115574856,0.24751710377955238,1,0,0,84,True,0.0085900765226023072,False,False,-0.79834597969550514,1.3665569892860103,0.56369400000000003
0.5,78,-1.3255841300217917,0.58412500000000001,0.58299999999999996,0.62925601233857209,0.42115557844137436,1,0,0,116,True,0.008114309151219223,False,False,-1.3475760776189629,1.6531130939443468,0.58186099999999996
1,79,0.25191873305147061,0.50012500000000004,0.5,0.30523499122046016,0.80824623299458698,0,0,0,57,True,0.0082963201881423119,False,False,0.00084786314457791824,1.1837821058171558,0.499774
0.84999999999999998,79,-0.76807688448597722,0.52949999999999997,0.54000000000000004,0.020414382410430677,0.0080627911953976509,0,0,0,42,True,0.0082151548939221487,False,False,-0.29333850291300162,1.2098295592007686,0.52929400000000004
0.65000000000000002,79,-1.5184315675345665,0.55762500000000004,0.55400000000000005,0.091332184841361755,0.13949128316346032,0,0,0,60,True,0.0082829413731770381,False,False,-0.79834597969550514,1.3665569892860103,0.56369400000000003
0.5,79,-1.9320398545076676,0.57599999999999996,0.56999999999999995,0.75144522583951745,0.72485392896353262,1,0,0,106,True,0.0085009780423494323,False,False,-1.3475760776189629,1.6531130939443468,0.58186099999999996
1,80,0.095121137697128197,0.49962499999999999,0.48399999999999999,0.99358217326699039,0.92557278332298631,0,0,0,47,True,0.008633601918226751,False,False,0.00084786314457791824,1.1837821058171558,0.499774
0.84999999999999998,80,-0.52056358726845664,0.52124999999999999,0.52400000000000002,0.87189312822145992,0.9027557921614362,0,0,0,45,True,0.0087986574673131618,False,False,-0.29333850291300162,1.2098295592007686,0.52929400000000004
0.65000000000000002,80,-1.183509672335501,0.56387500000000002,0.57099999999999995,0.5900968312005711,0.49677368599220117,0,0,0,73,True,0.0083375718773404297,False,False,-0.79834597969550514,1.3665569892860103,0.56369400000000003
0.5,80,-1.5885012479413816,0.580125,0.58299999999999996,0.97358353688684085,0.96061822611632908,1,0,0,82,True,0.0083376240777693778,False,False,-1.3475760776189629,1.6531130939443468,0.58186099999999996
1,81,-0.06567517588790614,0.4945,0.48399999999999999,0.88255323426778098,0.85246409856800442,0,0,0,48,True,0.0079555873957346934,False,False,0.00084786314457791824,1.1837821058171558,0.499774
0.84999999999999998,81,-0.51718627128016836,0.52249999999999996,0.504,0.44822070343444231,0.17706509091024353,0,0,0,39,True,0.0080368645404334353,False,False,-0.29333850291300162,1.2098295592007686,0.52929400000000004
0.65000000000000002,81,-1.1032998003171648,0.55674999999999997,0.55200000000000005,0.22841897604713013,0.077592501437995787,1,0,0,85,True,0.008872298311417318,False,False,-0.79834597969550514,1.3665569892860103,0.56369400000000003
0.5,81,-1.4109679321325546,0.57462500000000005,0.57499999999999996,0.78629419628364383,0.91366226291638131,1,0,0,96,True,0.0084206081087275057,False,False,-1.3475760776189629,1.6531130939443468,0.58186099999999996
1,82,0.01841208559776146,0.49575000000000002,0.49199999999999999,0.25790558986412071,0.31717846966852881,0,0,0,34,True,0.007902685867104518,False,False,0.00084786314457791824,1.1837821058171558,0.499774
0.84999999999999998,82,-0.46729315413471983,0.53362500000000002,0.54600000000000004,0.096586468281054577,0.13501324614842358,0,0,0,47,True,0.0080590542097335391,False,False,-0.29333850291300162,1.2098295592007686,0.52929400000000004
0.65000000000000002,82,-1.0867273026842015,0.56799999999999995,0.57199999999999995,0.53453390657500588,0.39670366203932422,1,0,0,78,True,0.008830649294776987,False,False,-0.79834597969550514,1.3665569892860103,0.56369400000000003
0.5,82,-1.4089628378861117,0.58199999999999996,0.59599999999999997,0.68133415240257156,0.38444548110804933,1,0,0,91,True,0.0084772031145146642,False,False,-1.3475760776189629,1.6531130939443468,0.58186099999999996
1,83,0.011640014494423926,0.49375000000000002,0.48899999999999999,0.18506797758481042,0.57001720517434529,0,0,0,45,True,0.0082659788480926952,False,False,0.00084786314457791824,1.1837821058171558,0.499774
0.84999999999999998,83,-0.50928317724569305,0.53549999999999998,0.53600000000000003,0.43686432908513451,0.90997219122294271,0,0,0,44,True,0.0083735175283836012,False,False,-0.29333850291300162,1.2098295592007686,0.52929400000000004
0.65000000000000002,83,-1.1506555555384992,0.56762500000000005,0.57399999999999995,0.80342325066872888,0.95113576153754253,1,0,0,92,True,0.0089102680652840289,False,False,-0.79834597969550514,1.3665569892860103,0.56369400000000003
0.5,83,-1.4916244048833422,0.58274999999999999,0.59799999999999998,0.83892903571306476,0.70714706385556347,1,0,0,122,True,0.0088967753920340866,False,False,-1.3475760776189629,1.6531130939443468,0.58186099999999996
1,84,-0.082765198199348494,0.50949999999999995,0.51200000000000001,0.55954504337478816,0.91067533101196207,0,0,0,46,True,0.0087305554311904437,False,False,0.00084786314457791824,1.1837821058171558,0.499774
0.84999999999999998,84,-0.52405358615260134,0.53937500000000005,0.54700000000000004,0.45157567929331477,0.17260579810738305,0,0,0,64,True,0.0087052647911683018,False,False,-0.29333850291300162,1.2098295592007686,0.52929400000000004
0.65000000000000002,84,-1.1063853884827983,0.56999999999999995,0.56499999999999995,0.431654223424359,0.17154019886917332,1,0,0,105,True,0.00824110671371419,False,False,-0.79834597969550514,1.3665569892860103,0.56369400000000003
0.5,84,-1.4107699411141066,0.58662499999999995,0.58499999999999996,0.56193124151837881,0.33506470167903651,1,0,0,200,True,0.0089362047309130277,False,False,-1.3475760776189629,1.6531130939443468,0.58186099999999996
1,85,0.019672762247071113,0.50600000000000001,0.495,0.20940951758956572,0.50030477809158669,0,0,0,42,True,0.0084945292840702021,False,False,0.00084786314457791824,1.1837821058171558,0.499774
0.84999999999999998,85,-0.45476696790412197,0.54374999999999996,0.53500000000000003,0.21627469911938618,0.41695153465653928,1,0,0,79,True,0.0084711365941450428,False,False,-0.29333850291300162,1.2098295592007686,0.52929400000000004
0.65000000000000002,85,-1.0538771775911882,0.575125,0.57099999999999995,0.96098639528835028,0.78622059200081595,1,0,0,148,True,0.0086621181368518561,False,False,-0.79834597969550514,1.3665569892860103,0.56369400000000003
0.5,85,-1.3655621853007329,0.59250000000000003,0.58099999999999996,0.8400968748808415,0.89720382108311003,1,0,0,188,True,0.0085236350669199053,False,False,-1.3475760776189629,1.6531130939443468,0.58186099999999996
1,86,-0.15874808782165081,0.50175000000000003,0.501,0.68217840438727295,0.9891114527028777,0,0,0,52,True,0.0077559779472470627,False,False,0.00084786314457791824,1.1837821058171558,0.499774
0.84999999999999998,86,-0.57589742528321175,0.52737500000000004,0.52700000000000002,0.66205112379053133,0.92992676072253566,0,0,0,55,True,0.0079016029752031272,False,False,-0.29333850291300162,1.2098295592007686,0.52929400000000004
0.65000000000000002,86,-1.1596672323479191,0.56525000000000003,0.58499999999999996,0.043918601969961481,0.052653983712751679,1,0,0,78,True,0.0083827298842585052,False,False,-0.79834597969550514,1.3665569892860103,0.56369400000000003
0.5,86,-1.4858152010052343,0.58174999999999999,0.60599999999999998,0.042041503344134659,0.038218829481259646,1,0,1,133,True,0.0083653804208132371,False,False,-1.3475760776189629,1.6531130939443468,0.58186099999999996
1,87,0.03804450160960033,0.50749999999999995,0.499,0.39352378782375819,0.75545842718876077,0,0,0,41,True,0.008665780092184697,False,False,0.00084786314457791824,1.1837821058171558,0.499774
0.84999999999999998,87,-0.42372978076396012,0.53512499999999996,0.52100000000000002,0.36336443719448874,0.099106897920843429,0,0,0,57,True,0.008870677508318256,False,False,-0.29333850291300162,1.2098295592007686,0.52929400000000004
0.65000000000000002,87,-1.1235261444638271,0.56437499999999996,0.56699999999999995,0.050625117007686397,0.035202570176821595,1,0,0,96,True,0.0087217299148433843,False,False,-0.79834597969550514,1.3665569892860103,0.56369400000000003
0.5,87,-1.487670156651425,0.578125,0.58999999999999997,0.29658993077534751,0.22128975460258662,1,0,0,78,True,0.0082841558679807165,False,False,-1.3475760776189629,1.6531130939443468,0.58186099999999996
1,88,-0.09298964815913531,0.48599999999999999,0.499,0.94769443082473104,0.96957716425442197,0,0,0,48,True,0.0083664468144790463,False,False,0.00084786314457791824,1.1837821058171558,0.499774
0.84999999999999998,88,-0.52177367004090547,0.52312499999999995,0.51600000000000001,0.20386719999628708,0.088664835251258151,0,0,0,41,True,0.0083842656166045262,False,False,-0.29333850291300162,1.2098295592007686,0.52929400000000004
0.65000000000000002,88,-1.1558006974195183,0.56112499999999998,0.54500000000000004,0.42239903646780602,0.36480992367317611,0,0,0,50,True,0.0083579019335141905,False,False,-0.79834597969550514,1.3665569892860103,0.56369400000000003
0.5,88,-1.5119561953213096,0.58062499999999995,0.56200000000000006,0.80301555561408255,0.92775332087370732,1,0,0,98,True,0.0083719046773059747,False,False,-1.3475760776189629,1.6531130939443468,0.58186099999999996
1,89,-0.18362464285747829,0.50575000000000003,0.51800000000000002,0.7602165554907746,0.71377710300962294,0,0,0,36,True,0.0080855927597877162,False,False,0.00084786314457791824,1.1837821058171558,0.499774
0.84999999999999998,89,-0.68389511370044431,0.53462500000000002,0.54000000000000004,0.21739088062965956,0.27952634232395956,0,0,0,67,True,0.0078911842030222994,False,False,-0.29333850291300162,1.2098295592007686,0.52929400000000004
0.65000000000000002,89,-1.289404738988627,0.56525000000000003,0.56200000000000006,0.81815720292705962,0.85006397397467048,0,0,0,69,True,0.0081561217992029821,False,False,-0.79834597969550514,1.3665569892860103,0.56369400000000003
0.5,89,-1.6617857520740291,0.58025000000000004,0.57899999999999996,0.97284794585706935,0.93501999821910609,1,0,0,94,True,0.0087450170372679378,False,False,-1.3475760776189629,1.6531130939443468,0.58186099999999996
1,90,0.0074229677017248171,0.4955,0.499,0.77816121605797184,0.62132691194740575,0,0,0,39,True,0.0078088375681301531,False,False,0.00084786314457791824,1.1837821058171558,0.499774
0.84999999999999998,90,-0.39515776901022337,0.52424999999999999,0.52500000000000002,0.19224753308677209,0.19885866534577173,0,0,0,74,True,0.0077507924778380706,False,False,-0.29333850291300162,1.2098295592007686,0.52929400000000004
0.65000000000000002,90,-0.98966409448260129,0.56512499999999999,0.57899999999999996,0.13759044631529774,0.011846308371032038,1,0,0,105,True,0.0080512962921237899,False,False,-0.79834597969550514,1.3665569892860103,0.56369400000000003
0.5,90,-1.351467991855319,0.57750000000000001,0.58999999999999997,0.22832878814887242,0.43200337345014972,1,0,0,134,True,0.0083029723539133973,False,False,-1.3475760776189629,1.6531130939443468,0.58186099999999996
1,91,-0.0090388459910741518,0.49275000000000002,0.48299999999999998,0.57613944158187402,0.6382933393799668,0,0,0,51,True,0.008462823465752136,False,False,0.00084786314457791824,1.1837821058171558,0.499774
0.84999999999999998,91,-0.54966380533855741,0.52562500000000001,0.50600000000000001,0.94207109342502859,0.87474035432782693,0,0,0,54,True,0.008635232834020996,False,False,-0.29333850291300162,1.2098295592007686,0.52929400000000004
0.65000000000000002,91,-1.0753049885579371,0.56012499999999998,0.55700000000000005,0.75124527140075736,0.90810120044231768,0,0,0,58,True,0.0080896953461281618,False,False,-0.79834597969550514,1.3665569892860103,0.56369400000000003
0.5,91,-1.3865557878420665,0.57387500000000002,0.57299999999999995,0.13858335727160209,0.12331154013024091,0,0,0,67,True,0.0082440720977814061,False,False,-1.3475760776189629,1.6531130939443468,0.58186099999999996
1,92,-0.13500506727875408,0.49625000000000002,0.48799999999999999,0.76495785474172773,0.35878094038726416,0,0,0,38,True,0.0081788799169207008,False,False,0.00084786314457791824,1.1837821058171558,0.499774
0.84999999999999998,92,-0.53411845284933313,0.52349999999999997,0.53600000000000003,0.47079044437174811,0.83334479445968246,0,0,0,51,True,0.0083432980092396688,False,False,-0.29333850291300162,1.2098295592007686,0.52929400000000004
0.65000000000000002,92,-1.042867029386888,0.55737499999999995,0.59499999999999997,0.073104989772315332,0.22343029255972371,1,0,0,113,True,0.0083690078198132081,False,False,-0.79834597969550514,1.3665569892860103,0.56369400000000003
0.5,92,-1.3422295665805384,0.58499999999999996,0.59999999999999998,0.31862218361204625,0.069369085952688828,1,0,0,237,True,0.0075007656906991294,False,False,-1.3475760776189629,1.6531130939443468,0.58186099999999996
1,93,-0.69038250832123527,0.50537500000000002,0.51200000000000001,0.56414296383746543,0.80157898426446694,0,0,0,46,True,0.0086145616837114067,False,False,0.00084786314457791824,1.1837821058171558,0.499774
0.84999999999999998,93,-1.424147030022423,0.53562500000000002,0.53600000000000003,0.99978497099084995,0.99586226894168395,0,0,0,49,True,0.0088053174692152465,False,False,-0.29333850291300162,1.2098295592007686,0.52929400000000004
0.65000000000000002,93,-2.3733598824301376,0.56725000000000003,0.57099999999999995,0.45703958896522806,0.55198575609928091,0,0,0,62,True,0.0086130848418925939,False,False,-0.79834597969550514,1.3665569892860103,0.56369400000000003
0.5,93,-2.9276140821794616,0.58462499999999995,0.57299999999999995,0.97009345636925393,0.94378048056480501,1,0,0,88,True,0.0087223806317524005,False,False,-1.3475760776189629,1.6531130939443468,0.58186099999999996
1,94,-0.020372858057336955,0.49775000000000003,0.48099999999999998,0.94605035617188293,0.73835672453993384,0,0,0,40,True,0.0079101349544950534,False,False,0.00084786314457791824,1.1837821058171558,0.499774
0.84999999999999998,94,-0.54555828791932859,0.52300000000000002,0.51600000000000001,0.95391718001926218,0.82062888489592511,0,0,0,57,True,0.0078368885380895731,False,False,-0.29333850291300162,1.2098295592007686,0.52929400000000004
0.65000000000000002,94,-1.2394090478027562,0.56887500000000002,0.55400000000000005,0.75847410923224423,0.58311501959122847,1,0,0,115,True,0.0074755622698844375,False,False,-0.79834597969550514,1.3665569892860103,0.56369400000000003
0.5,94,-1.5751601263674107,0.59112500000000001,0.57299999999999995,0.34291812137583028,0.33174092550227902,1,0,0,145,True,0.0077182624164782859,False,False,-1.3475760776189629,1.6531130939443468,0.58186099999999996
1,95,0.023495396305883629,0.49187500000000001,0.46400000000000002,0.3587817260289588,0.15207337405496216,0,0,0,54,True,0.0088415359973213464,False,False,0.00084786314457791824,1.1837821058171558,0.499774
0.84999999999999998,95,-0.40118799585768389,0.52512499999999995,0.51400000000000001,0.8447225000639218,0.085705836877256816,0,0,0,53,True,0.0086709022853821462,False,False,-0.29333850291300162,1.2098295592007686,0.52929400000000004
0.65000000000000002,95,-1.0036700589948901,0.56000000000000005,0.56100000000000005,0.59161900847450655,0.50474563143352646,0,0,0,69,True,0.0080779050249690874,False,False,-0.79834597969550514,1.3665569892860103,0.56369400000000003
0.5,95,-1.3480467120967112,0.57837499999999997,0.57099999999999995,0.30578850058378276,0.41021040361300648,0,0,0,59,True,0.0084161437540325162,False,False,-1.3475760776189629,1.6531130939443468,0.58186099999999996
1,96,0.0083461668926824613,0.50112500000000004,0.505,0.075924964207673459,0.88789501502953394,0,0,0,42,True,0.0084571489215264171,False,False,0.00084786314457791824,1.1837821058171558,0.499774
0.84999999999999998,96,-0.40498473470801333,0.52587499999999998,0.51100000000000001,0.096617228149054629,0.15587845567998301,0,0,0,55,True,0.0087369362058208559,False,False,-0.29333850291300162,1.2098295592007686,0.52929400000000004
0.65000000000000002,96,-0.95757234986234263,0.5635,0.55300000000000005,0.61314722082363327,0.80792081928002868,0,0,0,59,True,0.0085520246059348683,False,False,-0.79834597969550514,1.3665569892860103,0.56369400000000003
0.5,96,-1.2980444265187308,0.57499999999999996,0.57199999999999995,0.58667737231072625,0.61563915561744276,1,0,0,85,True,0.0086632721147356252,False,False,-1.3475760776189629,1.6531130939443468,0.58186099999999996
1,97,-0.01495372581295314,0.496,0.48599999999999999,0.27462331905131449,0.28302542032062167,0,0,0,40,True,0.0079773355153708383,False,False,0.00084786314457791824,1.1837821058171558,0.499774
0.84999999999999998,97,-0.44304990923444593,0.520625,0.50800000000000001,0.51716253008955193,0.8480275453563757,0,0,0,53,True,0.0083688659642022194,False,False,-0.29333850291300162,1.2098295592007686,0.52929400000000004
0.65000000000000002,97,-1.0511393493750572,0.56037499999999996,0.55100000000000005,0.18221938494864295,0.26707672143454236,1,0,0,97,True,0.0086690585306753096,False,False,-0.79834597969550514,1.3665569892860103,0.56369400000000003
0.5,97,-1.3288068654449607,0.57537499999999997,0.57699999999999996,0.36075021602966134,0.35231704843439443,1,0,0,124,True,0.0085070225375512357,False,False,-1.3475760776189629,1.6531130939443468,0.58186099999999996
1,98,0.064362953979165707,0.50649999999999995,0.504,0.66908972910750519,0.36352402469568251,0,0,0,47,True,0.0083840642806281875,False,False,0.00084786314457791824,1.1837821058171558,0.499774
0.84999999999999998,98,-0.34764297337733352,0.53525,0.54400000000000004,0.54866709181615569,0.33839770351575293,0,0,0,43,True,0.0084495129192301618,False,False,-0.29333850291300162,1.2098295592007686,0.52929400000000004
0.65000000000000002,98,-0.88976113013536495,0.55925000000000002,0.55200000000000005,0.15202700544134995,0.50201198225688937,0,0,0,67,True,0.0087081593172493067,False,False,-0.79834597969550514,1.3665569892860103,0.56369400000000003
0.5,98,-1.2167957215630214,0.56862500000000005,0.57199999999999995,0.097867964793347417,0.074099942778734024,0,0,0,67,True,0.0090459879208221704,False,False,-1.3475760776189629,1.6531130939443468,0.58186099999999996
1,99,-0.075031098113223796,0.50449999999999995,0.47899999999999998,0.76363371730180996,0.92682510866445411,0,0,1,66,True,0.0081122892265368517,False,False,0.00084786314457791824,1.1837821058171558,0.499774
0.84999999999999998,99,-0.54568686518129539,0.54074999999999995,0.52600000000000002,0.98685473429112291,0.74594813604430432,0,0,0,50,True,0.0081637999156462856,False,False,-0.29333850291300162,1.2098295592007686,0.52929400000000004
0.65000000000000002,99,-1.0751834792307018,0.57625000000000004,0.56899999999999995,0.83095799665174463,0.85593676555664244,1,0,0,97,True,0.0085775317752654779,False,False,-0.79834597969550514,1.3665569892860103,0.56369400000000003
0.5,99,-1.508678837981152,0.59087500000000004,0.59299999999999997,0.075503682913489009,0.037212667114276107,1,0,0,155,True,0.0084843204555486752,False,False,-1.3475760776189629,1.6531130939443468,0.58186099999999996
1,100,0.028457884316893913,0.49837500000000001,0.47299999999999998,0.80413054579586296,0.78110160134173623,0,0,0,41,True,0.0089056430384263901,False,False,0.00084786314457791824,1.1837821058171558,0.499774
0.84999999999999998,100,-0.37345569182924859,0.53312499999999996,0.51300000000000001,0.48132239810505495,0.24540479131215395,0,0,0,50,True,0.0087489192582763092,False,False,-0.29333850291300162,1.2098295592007686,0.52929400000000004
0.65000000000000002,100,-0.96167971000288022,0.56462500000000004,0.56200000000000006,0.63295984364044755,0.59430643008810236,1,0,0,84,True,0.0088439761530770752,False,False,-0.79834597969550514,1.3665569892860103,0.56369400000000003
0.5,100,-1.2662538040337485,0.580125,0.58899999999999997,0.45644416024069456,0.37660877174444918,1,0,0,86,True,0.0089657547918849494,False,False,-1.3475760776189629,1.6531130939443468,0.58186099999999996
1,101,-0.0096091759157740358,0.50062499999999999,0.51300000000000001,0.36629305652184541,0.70047108737160024,0,0,0,45,True,0.0088885193439031986,False,False,0.00084786314457791824,1.1837821058171558,0.499774
0.84999999999999998,101,-0.43808519658560546,0.52612499999999995,0.54000000000000004,0.4148077875673753,0.53281235558877671,0,0,0,52,True,0.0086819374734039105,False,False,-0.29333850291300162,1.2098295592007686,0.52929400000000004
0.65000000000000002,101,-1.0771000397063113,0.56387500000000002,0.56000000000000005,0.72761086131829555,0.44270129442063744,1,0,0,80,True,0.0081263750651247892,False,False,-0.79834597969550514,1.3665569892860103,0.56369400000000003
0.5,101,-1.3832555096011154,0.57650000000000001,0.59199999999999997,0.092051648320740809,0.11691107896895074,1,0,0,80,True,0.0077453506936399474,False,False,-1.3475760776189629,1.6531130939443468,0.58186099999999996
1,102,-0.0090253004653115584,0.49625000000000002,0.46899999999999997,0.21183056885674606,0.16128305810228075,0,0,0,44,True,0.0084991305517017387,False,False,0.00084786314457791824,1.1837821058171558,0.499774
0.84999999999999998,102,-0.61048839469228611,0.52662500000000001,0.52300000000000002,0.63911100046305591,0.7460016278634598,0,0,0,44,True,0.0087406360015838385,False,False,-0.29333850291300162,1.2098295592007686,0.52929400000000004
0.65000000000000002,102,-1.1784897402758892,0.56187500000000001,0.55700000000000005,0.64221621171838272,0.6810812854930941,0,0,0,65,True,0.0091039704745293232,False,False,-0.79834597969550514,1.3665569892860103,0.56369400000000003
0.5,102,-1.4981132586965069,0.57874999999999999,0.56399999999999995,0.058817175604790647,0.071436689358622407,1,0,0,113,True,0.0090761406868814457,False,False,-1.3475760776189629,1.6531130939443468,0.58186099999999996
1,103,0.11333560491484662,0.49375000000000002,0.502,0.069549570047941114,0.22649228438544824,0,0,0,41,True,0.0091067488915427732,False,False,0.00084786314457791824,1.1837821058171558,0.499774
0.84999999999999998,103,-0.52497257965998934,0.52287499999999998,0.52500000000000002,0.71948877612361373,0.66260365179841874,0,0,0,45,True,0.0084151970389271229,False,False,-0.29333850291300162,1.2098295592007686,0.52929400000000004
0.65000000000000002,103,-1.1505594897106535,0.56274999999999997,0.55600000000000005,0.48031437097503427,0.76276590518382048,0,0,0,68,True,0.0080371023710895211,False,False,-0.79834597969550514,1.3665569892860103,0.56369400000000003
0.5,103,-1.4704192159014629,0.58125000000000004,0.56899999999999995,0.20335016717430895,0.26310277732397364,1,0,0,119,True,0.0083824774011859778,False,False,-1.3475760776189629,1.6531130939443468,0.58186099999999996
1,104,-0.039655627910921427,0.48849999999999999,0.45400000000000001,0.47290310087881493,0.71898205290384631,0,0,0,40,True,0.0079065891380034944,False,False,0.00084786314457791824,1.1837821058171558,0.499774
0.84999999999999998,104,-0.52879677794310642,0.52012499999999995,0.503,0.50011191998881654,0.19606492888303126,0,0,0,44,True,0.00795981172305644,False,False,-0.29333850291300162,1.2098295592007686,0.52929400000000004
0.65000000000000002,104,-1.0584725205579617,0.56487500000000002,0.55900000000000005,0.72629298156908861,0.31484814402579298,1,0,0,77,True,0.0082481497183287834,False,False,-0.79834597969550514,1.3665569892860103,0.56369400000000003
0.5,104,-1.3671114306152319,0.58087500000000003,0.56999999999999995,0.75346813031135063,0.70551398691958878,1,0,0,111,True,0.0087694113602952341,False,False,-1.3475760776189629,1.6531130939443468,0.58186099999999996
1,105,-0.08843724017311419,0.49237500000000001,0.50700000000000001,0.07504037718629121,0.078879131118392495,0,0,0,49,True,0.0086293214364912239,False,False,0.00084786314457791824,1.1837821058171558,0.499774
0.84999999999999998,105,-0.55421030471324273,0.51924999999999999,0.54000000000000004,0.3346850379033468,0.64088382702273694,0,0,0,41,True,0.0085500340720272641,False,False,-0.29333850291300162,1.2098295592007686,0.52929400000000004
0.65000000000000002,105,-1.103333993995733,0.55212499999999998,0.57399999999999995,0.72856021660098991,0.81267937101856624,0,0,0,69,True,0.008743994809664344,False,False,-0.79834597969550514,1.3665569892860103,0.56369400000000003
0.5,105,-1.3884881349115672,0.574125,0.59099999999999997,0.72219771169689362,0.78708813504450315,1,0,0,76,True,0.0084484501018128599,False,False,-1.3475760776189629,1.6531130939443468,0.58186099999999996
1,106,0.024839707810618377,0.50062499999999999,0.51400000000000001,0.73383429969233316,0.64995722374385523,0,0,0,52,True,0.0078281486337853888,False,False,0.00084786314457791824,1.1837821058171558,0.499774
0.84999999999999998,106,-0.51886733309898214,0.53587499999999999,0.55300000000000005,0.845040791005915,0.3715490420414671,0,0,0,67,True,0.0081119332393097491,False,False,-0.29333850291300162,1.2098295592007686,0.52929400000000004
0.65000000000000002,106,-1.0816971843062764,0.56637499999999996,0.58199999999999996,0.7331589485344876,0.81380258597531741,0,0,0,59,True,0.008127927554921005,False,False,-0.79834597969550514,1.3665569892860103,0.56369400000000003
0.5,106,-1.5147446715048181,0.58762499999999995,0.61099999999999999,0.87391831517675611,0.77125839606478686,1,0,0,132,True,0.008464837796375347,False,False,-1.3475760776189629,1.6531130939443468,0.58186099999999996
1,107,-0.024122338084731559,0.49712499999999998,0.52400000000000002,0.45031580650952829,0.61007712701612582,0,0,0,52,True,0.0082056923423202456,False,False,0.00084786314457791824,1.1837821058171558,0.499774
0.84999999999999998,107,-0.49711988996346768,0.52549999999999997,0.52500000000000002,0.33325964866701452,0.091046088590382906,0,0,0,41,True,0.0083359726985985129,False,False,-0.29333850291300162,1.2098295592007686,0.52929400000000004
0.65000000000000002,107,-1.0330545836509359,0.56525000000000003,0.54400000000000004,0.48924192549004586,0.58873291533663485,0,0,0,70,True,0.008650601444202495,False,False,-0.79834597969550514,1.3665569892860103,0.56369400000000003
0.5,107,-1.3453948441967822,0.59099999999999997,0.59099999999999997,0.48041759218725233,0.65897515419674679,1,0,0,200,True,0.0085190917237525643,False,False,-1.3475760776189629,1.6531130939443468,0.58186099999999996
1,108,-0.052231218393129504,0.50912500000000005,0.50800000000000001,0.56565736733407301,0.15657976837594431,0,0,0,43,True,0.0084985211310066068,False,False,0.00084786314457791824,1.1837821058171558,0.499774
0.84999999999999998,108,-0.53534522351699843,0.53812499999999996,0.53000000000000003,0.80413869395062676,0.92936151022359381,0,0,0,59,True,0.0082472000070311809,False,False,-0.29333850291300162,1.2098295592007686,0.52929400000000004
0.65000000000000002,108,-1.0802646489570897,0.56487500000000002,0.53100000000000003,0.84191577728263767,0.75175277118740458,1,0,0,76,True,0.0079706159897457666,False,False,-0.79834597969550514,1.3665569892860103,0.56369400000000003
0.5,108,-1.4483683490446821,0.58450000000000002,0.54000000000000004,0.20432139885834932,0.2885778226288867,1,0,0,151,True,0.0085605514491652098,False,False,-1.3475760776189629,1.6531130939443468,0.58186099999999996
1,109,-0.12875831107263086,0.50287499999999996,0.51200000000000001,0.97372247726982109,0.93248236963890374,0,0,0,35,True,0.0095646020153987137,False,False,0.00084786314457791824,1.1837821058171558,0.499774
0.84999999999999998,109,-0.60219282973499288,0.53387499999999999,0.52800000000000002,0.88784983147580221,0.97990012419168537,0,0,0,51,True,0.009654778382298803,False,False,-0.29333850291300162,1.2098295592007686,0.52929400000000004
0.65000000000000002,109,-1.2743971938102667,0.56425000000000003,0.54400000000000004,0.37904488233887512,0.3269335661167021,1,0,0,147,True,0.0093422561611499685,False,False,-0.79834597969550514,1.3665569892860103,0.56369400000000003
0.5,109,-1.6170168613575611,0.58099999999999996,0.54900000000000004,0.2872137119180434,0.25758948832759127,1,0,0,169,True,0.0088417886805895289,False,False,-1.3475760776189629,1.6531130939443468,0.58186099999999996
1,110,0.0051286871324105945,0.4955,0.498,0.58604842298573923,0.79646687812019024,0,0,0,47,True,0.0085757412759290032,False,False,0.00084786314457791824,1.1837821058171558,0.499774
0.84999999999999998,110,-0.41721725050455855,0.53000000000000003,0.53900000000000003,0.77712053798940217,0.51568593434039722,0,0,0,52,True,0.0086854471625091058,False,False,-0.29333850291300162,1.2098295592007686,0.52929400000000004
0.65000000000000002,110,-1.0018156925294304,0.56274999999999997,0.56499999999999995,0.96841913747538477,0.52390567801671728,1,0,0,111,True,0.0091504342496118215,False,False,-0.79834597969550514,1.3665569892860103,0.56369400000000003
0.5,110,-1.3077658911372452,0.58187500000000003,0.58699999999999997,0.49731851116476067,0.58820254849125364,1,0,0,106,True,0.0088422943571963321,False,False,-1.3475760776189629,1.6531130939443468,0.58186099999999996
1,111,0.002179915785134239,0.50037500000000001,0.48299999999999998,0.62748351638498845,0.27265562205836208,0,0,0,43,True,0.0085203857372497267,False,False,0.00084786314457791824,1.1837821058171558,0.499774
0.84999999999999998,111,-0.43005684370827713,0.53825000000000001,0.53400000000000003,0.33955658836488034,0.90841618055943429,0,0,0,60,True,0.0082359570969252633,False,False,-0.29333850291300162,1.2098295592007686,0.52929400000000004
0.65000000000000002,111,-1.1741074562720741,0.57625000000000004,0.57299999999999995,0.43761901239412093,0.52425922797479907,1,0,0,94,True,0.0084006702660566219,False,False,-0.79834597969550514,1.3665569892860103,0.56369400000000003
0.5,111,-1.4859861551539095,0.59562499999999996,0.57899999999999996,0.42578763411283882,0.39437499915842222,1,0,0,168,True,0.0080328274704766656,False,False,-1.3475760776189629,1.6531130939443468,0.58186099999999996
1,112,-0.026131838284457337,0.49387500000000001,0.496,0.99444150824471023,0.56477317311967146,0,0,0,36,True,0.0087933058758081356,False,False,0.00084786314457791824,1.1837821058171558,0.499774
0.84999999999999998,112,-0.49813347428435761,0.52812499999999996,0.502,0.98359812775259092,0.95283097054703003,0,0,0,63,True,0.0087600783773592317,False,False,-0.29333850291300162,1.2098295592007686,0.52929400000000004
0.65000000000000002,112,-1.1760111954425456,0.56462500000000004,0.56799999999999995,0.31634355494227612,0.2691924380546229,1,0,0,80,True,0.0088139843349697884,False,False,-0.79834597969550514,1.3665569892860103,0.56369400000000003
0.5,112,-1.532006012126752,0.581125,0.58799999999999997,0.7746775573351844,0.68241860038609181,1,0,0,131,True,0.0083690029672262405,False,False,-1.3475760776189629,1.6531130939443468,0.58186099999999996
1,113,-0.31165022920248503,0.49675000000000002,0.51100000000000001,0.97989646161486255,0.41743081123268366,0,0,0,56,True,0.0087589797003417378,False,False,0.00084786314457791824,1.1837821058171558,0.499774
0.84999999999999998,113,-0.87218108193974486,0.53049999999999997,0.56299999999999994,0.63553994821762327,0.25494171458342363,0,0,0,55,True,0.0085089732505815776,False,False,-0.29333850291300162,1.2098295592007686,0.52929400000000004
0.65000000000000002,113,-1.561181420553438,0.56799999999999995,0.57599999999999996,0.7666779468598619,0.80842984937705098,1,0,0,126,True,0.0088252354563823701,False,False,-0.79834597969550514,1.3665569892860103,0.56369400000000003
0.5,113,-1.928282148798026,0.58525000000000005,0.57299999999999995,0.13882991596342131,0.16007960463607945,1,0,0,162,True,0.0090321563123962872,False,False,-1.3475760776189629,1.6531130939443468,0.58186099999999996
1,114,-0.075461452354414593,0.50249999999999995,0.51400000000000001,0.82857025698717734,0.65799262652272261,0,0,0,48,True,0.0080036791572871448,False,False,0.00084786314457791824,1.1837821058171558,0.499774
0.84999999999999998,114,-0.51200101797725583,0.53825000000000001,0.55000000000000004,0.28486402798467952,0.6587686104673578,0,0,0,58,True,0.0081008552679209291,False,False,-0.29333850291300162,1.2098295592007686,0.52929400000000004
0.65000000000000002,114,-1.1638309978109875,0.581125,0.59299999999999997,0.61422470279149777,0.75294181804151139,1,0,0,125,True,0.0081438666144026135,False,False,-0.79834597969550514,1.3665569892860103,0.56369400000000003
0.5,114,-1.4401637057107377,0.59237499999999998,0.59999999999999998,0.62964156430613127,0.43873745015289101,1,0,0,123,True,0.0082267401157102207,False,False,-1.3475760776189629,1.6531130939443468,0.58186099999999996
1,115,0.015003404174644921,0.49562499999999998,0.499,0.64677251528189816,0.7725572624507111,0,0,0,53,True,0.0080054595233719217,False,False,0.00084786314457791824,1.1837821058171558,0.499774
0.84999999999999998,115,-0.43050301288926324,0.53412499999999996,0.52900000000000003,0.80904786774416904,0.94403051077439248,0,0,0,55,True,0.0080999544929896278,False,False,-0.29333850291300162,1.2098295592007686,0.52929400000000004
0.65000000000000002,115,-1.0065985760580729,0.56399999999999995,0.58499999999999996,0.99836964127862149,0.8977297387525619,0,0,0,72,True,0.0078997556176564395,False,False,-0.79834597969550514,1.3665569892860103,0.56369400000000003
0.5,115,-1.3306476247840253,0.57950000000000002,0.58699999999999997,0.94781767888315438,0.94149844832842766,1,0,0,126,True,0.0081406495693141755,False,False,-1.3475760776189629,1.6531130939443468,0.58186099999999996
1,116,0.0085908303123655664,0.51187499999999997,0.52500000000000002,0.91462125116560467,0.12381219940511912,0,0,0,47,True,0.0086617275279014718,False,False,0.00084786314457791824,1.1837821058171558,0.499774
0.84999999999999998,116,-0.43739175624856458,0.53812499999999996,0.54700000000000004,0.99478788078468217,0.5530649278066162,0,0,0,46,True,0.0084470625709514077,False,False,-0.29333850291300162,1.2098295592007686,0.52929400000000004
0.65000000000000002,116,-1.0264888751379797,0.57212499999999999,0.58099999999999996,0.64441282470969641,0.45982724600928604,1,0,0,80,True,0.008545949501681329,False,False,-0.79834597969550514,1.3665569892860103,0.56369400000000003
0.5,116,-1.305707535679967,0.58599999999999997,0.57299999999999995,0.92488700415489011,0.80506301809692316,1,0,0,101,True,0.008782902280397473,False,False,-1.3475760776189629,1.6531130939443468,0.58186099999999996
1,117,-0.050713558784047867,0.50175000000000003,0.53000000000000003,0.43116618175510679,0.46455265689853442,0,0,0,49,True,0.0085610481345322013,False,False,0.00084786314457791824,1.1837821058171558,0.499774
0.84999999999999998,117,-0.48257375389605933,0.52562500000000001,0.55000000000000004,0.40689231271997528,0.66831501373340507,0,0,0,41,True,0.0085151898283424704,False,False,-0.29333850291300162,1.2098295592007686,0.52929400000000004
0.65000000000000002,117,-1.0607975355319001,0.5595,0.57799999999999996,0.59504343666883686,0.82561720335911304,1,0,0,98,True,0.0084589587857584227,False,False,-0.79834597969550514,1.3665569892860103,0.56369400000000003
0.5,117,-1.3819226052714932,0.58237499999999998,0.57199999999999995,0.24697650866413673,0.16723967423030803,1,0,0,111,True,0.0085546454565793746,False,False,-1.3475760776189629,1.6531130939443468,0.58186099999999996
1,118,0.0007046270365496743,0.49925000000000003,0.495,0.035888144325937989,0.15071118577049639,0,0,0,42,True,0.0074354453092385624,False,False,0.00084786314457791824,1.1837821058171558,0.499774
0.84999999999999998,118,-0.470244594512081,0.53200000000000003,0.50600000000000001,0.32343859724011864,0.28815626160017743,0,0,0,55,True,0.0077327465709753698,False,False,-0.29333850291300162,1.2098295592007686,0.52929400000000004
0.65000000000000002,118,-1.0591879547590868,0.55987500000000001,0.51200000000000001,0.46451540025934901,0.64256411157835069,1,0,1,135,True,0.0082013229641280678,False,False,-0.79834597969550514,1.3665569892860103,0.56369400000000003
0.5,118,-1.3544600930215618,0.58750000000000002,0.54800000000000004,0.81926152519240847,0.84680532854146451,1,0,0,264,True,0.0079260573199817583,False,False,-1.3475760776189629,1.6531130939443468,0.58186099999999996
1,119,0.16615020684407789,0.51087499999999997,0.496,0.51624940268513753,0.98945676878125088,0,0,0,40,True,0.0079335441668936524,False,False,0.00084786314457791824,1.1837821058171558,0.499774
0.84999999999999998,119,-0.32733613723502453,0.541875,0.53100000000000003,0.74186392800271717,0.39909612535632122,0,0,0,73,True,0.0079046322604437811,False,False,-0.29333850291300162,1.2098295592007686,0.52929400000000004
0.65000000000000002,119,-1.0809599468804687,0.57087500000000002,0.55800000000000005,0.94756432650728839,0.94974349493713806,0,0,0,73,True,0.0083549259499964019,False,False,-0.79834597969550514,1.3665569892860103,0.56369400000000003
0.5,119,-1.4022807911468058,0.58687500000000004,0.57499999999999996,0.6112265160948317,0.53439304998092974,1,0,0,148,True,0.0082585274034880918,False,False,-1.3475760776189629,1.6531130939443468,0.58186099999999996
1,120,-0.057555535158359088,0.49212499999999998,0.48299999999999998,0.46759500263149634,0.24959885039997184,0,0,0,46,True,0.008500270426327618,False,False,0.00084786314457791824,1.1837821058171558,0.499774
0.84999999999999998,120,-0.53170161400737803,0.52149999999999996,0.51800000000000002,0.98497358169717375,0.55927392630449568,0,0,0,43,True,0.0081589380022031813,False,False,-0.29333850291300162,1.2098295592007686,0.52929400000000004
0.65000000000000002,120,-1.0741640155367265,0.55562500000000004,0.56999999999999995,0.91306616394601481,0.9345389969874689,1,0,0,92,True,0.0087169031091767473,False,False,-0.79834597969550514,1.3665569892860103,0.56369400000000003
0.5,120,-1.420707727802041,0.57987500000000003,0.58699999999999997,0.81596278120316268,0.85279949311292724,1,0,0,97,True,0.0088362621571610768,False,False,-1.3475760776189629,1.6531130939443468,0.58186099999999996
1,121,-0.098004670837912131,0.50512500000000005,0.53600000000000003,0.095095319503496353,0.33173820121305952,0,0,0,42,True,0.0090916584360394744,False,False,0.00084786314457791824,1.1837821058171558,0.499774
0.84999999999999998,121,-0.53198957758811194,0.52975000000000005,0.54700000000000004,0.3198142712605464,0.17735118144784093,0,0,0,73,True,0.0088636293595174137,False,False,-0.29333850291300162,1.2098295592007686,0.52929400000000004
0.65000000000000002,121,-1.1584111837317133,0.56562500000000004,0.57099999999999995,0.19108268050904037,0.3816142813529162,1,0,0,107,True,0.0089828255084033488,False,False,-0.79834597969550514,1.3665569892860103,0.56369400000000003
0.5,121,-1.5344899538251957,0.58087500000000003,0.57199999999999995,0.26511798372806161,0.22354886901011145,1,0,0,151,True,0.0086620073701716149,False,False,-1.3475760776189629,1.6531130939443468,0.58186099999999996
1,122,0.13549901648997012,0.50037500000000001,0.48399999999999999,0.98070100848021291,0.49900433543372213,0,0,0,51,True,0.0083288108284435836,False,False,0.00084786314457791824,1.1837821058171558,0.499774
0.84999999999999998,122,-0.39780241732313626,0.53537500000000005,0.52200000000000002,0.93477568196372673,0.81837500484023928,0,0,0,54,True,0.0084266869378303213,False,False,-0.29333850291300162,1.2098295592007686,0.52929400000000004
0.65000000000000002,122,-1.0338758264988914,0.57050000000000001,0.55900000000000005,0.52093717556694874,0.30572361052351704,1,0,0,99,True,0.0081437677910783674,False,False,-0.79834597969550514,1.3665569892860103,0.56369400000000003
0.5,122,-1.3699744788864068,0.58975,0.57999999999999996,0.15990085234720175,0.1451279223500562,1,0,0,125,True,0.0082969470116868119,False,False,-1.3475760776189629,1.6531130939443468,0.58186099999999996
1,123,0.16512217344586047,0.50262499999999999,0.51100000000000001,0.077920528211092091,0.82326285130183252,0,0,0,51,True,0.0087356271574405911,False,False,0.00084786314457791824,1.1837821058171558,0.499774
0.84999999999999998,123,-0.40994691831484448,0.53249999999999997,0.55000000000000004,0.039772427466536288,0.028254796811019212,0,0,0,43,True,0.0085558906766955347,False,False,-0.29333850291300162,1.2098295592007686,0.52929400000000004
0.65000000000000002,123,-1.1090717509923391,0.56674999999999998,0.56200000000000006,0.11387567830616149,0.065131277796868281,1,0,0,76,True,0.0091641364890760017,False,False,-0.79834597969550514,1.3665569892860103,0.56369400000000003
0.5,123,-1.4557694922936772,0.58137499999999998,0.55500000000000005,0.092223205625288962,0.070897531211719017,1,0,0,99,True,0.0086592056462501347,False,False,-1.3475760776189629,1.6531130939443468,0.58186099999999996
1,124,-0.087126468678768762,0.49312499999999998,0.50900000000000001,0.54904859031271891,0.33524471759343605,0,0,0,46,True,0.0084703363437056822,False,False,0.00084786314457791824,1.1837821058171558,0.499774
0.84999999999999998,124,-0.4987443333955357,0.52362500000000001,0.53700000000000003,0.84090731980625455,0.5508970711844775,0,0,0,54,True,0.0082605758810726741,False,False,-0.29333850291300162,1.2098295592007686,0.52929400000000004
0.65000000000000002,124,-1.022326495475528,0.5635,0.54900000000000004,0.71894184049783916,0.50754949084106227,0,0,0,66,True,0.0086834171652550602,False,False,-0.79834597969550514,1.3665569892860103,0.56369400000000003
0.5,124,-1.3022096261601759,0.58187500000000003,0.56100000000000005,0.82390301143637479,0.72628216875942875,1,0,0,153,True,0.0086340560791482723,False,False,-1.3475760776189629,1.6531130939443468,0.58186099999999996
1,125,-0.09743248706576621,0.49262499999999998,0.52100000000000002,0.74229968025269688,0.73443658003533541,0,0,0,49,True,0.0087830558982446762,False,False,0.00084786314457791824,1.1837821058171558,0.499774
0.84999999999999998,125,-0.57008355274474287,0.52537500000000004,0.56599999999999995,0.76647544716093619,0.47402582073661015,0,0,0,45,True,0.0084210391361164774,False,False,-0.29333850291300162,1.2098295592007686,0.52929400000000004
0.65000000000000002,125,-1.1426593735354111,0.55474999999999997,0.57799999999999996,0.82900617130024679,0.52716508815570307,0,0,0,66,True,0.00807680859690528,False,False,-0.79834597969550514,1.3665569892860103,0.56369400000000003
0.5,125,-1.4457327099533217,0.57474999999999998,0.58499999999999996,0.71509355101182026,0.51271408808985819,1,0,0,89,True,0.0085257669597340255,False,False,-1.3475760776189629,1.6531130939443468,0.58186099999999996
1,126,-0.11784551756154305,0.49625000000000002,0.504,0.65849573532129735,0.68773327640936333,0,0,0,40,True,0.0086383046309172554,False,False,0.00084786314457791824,1.1837821058171558,0.499774
0.84999999999999998,126,-0.66401482659570055,0.52037500000000003,0.53900000000000003,0.87195678354070338,0.87710857841993151,0,0,0,48,True,0.0087163295729564237,False,False,-0.29333850291300162,1.2098295592007686,0.52929400000000004
0.65000000000000002,126,-1.2362103158004472,0.56074999999999997,0.58299999999999996,0.091506662968135644,0.068254892410284304,1,0,0,86,True,0.0086465416320293913,False,False,-0.79834597969550514,1.3665569892860103,0.56369400000000003
0.5,126,-1.5572349834771992,0.58050000000000002,0.60799999999999998,0.26562901190464511,0.10615234555141648,1,0,0,131,True,0.0085570356011859874,False,False,-1.3475760776189629,1.6531130939443468,0.58186099999999996
1,127,-0.037313670063887354,0.50424999999999998,0.499,0.47123324819887258,0.34173092814610634,0,0,0,35,True,0.008736564067799827,False,False,0.00084786314457791824,1.1837821058171558,0.499774
0.84999999999999998,127,-0.55656559440656628,0.53062500000000001,0.54000000000000004,0.16164197346895867,0.25097075401925528,0,0,0,58,True,0.0089764144980609001,False,False,-0.29333850291300162,1.2098295592007686,0.52929400000000004
0.65000000000000002,127,-1.1792381652525861,0.5645,0.55600000000000005,0.049819104195769202,0.0026575445476604924,1,0,0,84,True,0.0087747997818462715,False,False,-0.79834597969550514,1.3665569892860103,0.56369400000000003
0.5,127,-1.4983274622554772,0.58412500000000001,0.56599999999999995,0.57022309482544831,0.4023635869975441,1,0,0,109,True,0.0085940919902100215,False,False,-1.3475760776189629,1.6531130939443468,0.58186099999999996
1,128,-0.030950478838071054,0.50775000000000003,0.502,0.43994034749196143,0.027755348000842752,0,0,0,45,True,0.0079244557375845459,False,False,0.00084786314457791824,1.1837821058171558,0.499774
0.84999999999999998,128,-0.51364540661600988,0.53487499999999999,0.52700000000000002,0.50873434223890479,0.25262124569154898,1,0,0,80,True,0.0080367860447755051,False,False,-0.29333850291300162,1.2098295592007686,0.52929400000000004
0.65000000000000002,128,-1.0525434213621423,0.57125000000000004,0.56699999999999995,0.50646685263177527,0.76861485062120127,1,0,0,78,True,0.0082023764791997345,False,False,-0.79834597969550514,1.3665569892860103,0.56369400000000003
0.5,128,-1.3497761817360361,0.58774999999999999,0.59099999999999997,0.48194702173254411,0.47997180532946693,1,0,0,133,True,0.0082098801571236068,False,False,-1.3475760776189629,1.6531130939443468,0.58186099999999996
1,129,0.05279085812922972,0.50412500000000005,0.498,0.79458408635696665,0.90047720026789968,0,0,0,44,True,0.0088095883666132659,False,False,0.00084786314457791824,1.1837821058171558,0.499774
0.84999999999999998,129,-0.36773238639313921,0.53237500000000004,0.52600000000000002,0.98145488734775177,0.96437580590347327,0,0,0,52,True,0.0086609583300753107,False,False,-0.29333850291300162,1.2098295592007686,0.52929400000000004
0.65000000000000002,129,-0.92850298283591792,0.56537499999999996,0.56899999999999995,0.25891833483769155,0.5439500005405391,1,0,0,90,True,0.0085608657125545353,False,False,-0.79834597969550514,1.3665569892860103,0.56369400000000003
0.5,129,-1.2924987760816145,0.58325000000000005,0.58399999999999996,0.35427019520726899,0.42741200959157249,1,0,0,166,True,0.0089938127674756719,False,False,-1.3475760776189629,1.6531130939443468,0.58186099999999996
1,130,-0.037588082814910211,0.49587500000000001,0.48899999999999999,0.086439033842410473,0.6941428961867524,0,0,0,38,True,0.0088371632547807975,False,False,0.00084786314457791824,1.1837821058171558,0.499774
0.84999999999999998,130,-0.54933482844740333,0.52849999999999997,0.51400000000000001,0.64228057654278603,0.20782113596311291,0,0,0,39,True,0.0086263660472650338,False,False,-0.29333850291300162,1.2098295592007686,0.52929400000000004
0.65000000000000002,130,-1.078926807695604,0.55662500000000004,0.52700000000000002,0.17076682589792305,0.093713241875381881,0,0,0,63,True,0.0083669820031895808,False,False,-0.79834597969550514,1.3665569892860103,0.56369400000000003
0.5,130,-1.401836559743721,0.576125,0.56299999999999994,0.12853743873251017,0.080737865975500339,1,0,0,88,True,0.0086082334212971099,False,False,-1.3475760776189629,1.6531130939443468,0.58186099999999996
1,131,0.094763517750031306,0.505,0.51300000000000001,0.77317381477531011,0.49031319379766347,0,0,0,35,True,0.0086501955563067848,False,False,0.00084786314457791824,1.1837821058171558,0.499774
0.84999999999999998,131,-0.42845184324892743,0.53049999999999997,0.53200000000000003,0.98008045088174889,0.84981515070031177,0,0,0,57,True,0.0083649782425402018,False,False,-0.29333850291300162,1.2098295592007686,0.52929400000000004
0.65000000000000002,131,-1.1317637316724216,0.56637499999999996,0.57299999999999995,0.35472694876674138,0.5195167193391117,1,0,0,75,True,0.0086337089285519267,False,False,-0.79834597969550514,1.3665569892860103,0.56369400000000003
0.5,131,-1.4746017352393925,0.58250000000000002,0.58699999999999997,0.078705213485846026,0.1427590378178282,1,0,0,139,True,0.0083947435274423134,False,False,-1.3475760776189629,1.6531130939443468,0.58186099999999996
1,132,0.028505771174962662,0.50637500000000002,0.51200000000000001,0.4963894279243648,0.93350219503806553,0,0,0,43,True,0.0075909789201597929,False,False,0.00084786314457791824,1.1837821058171558,0.499774
0.84999999999999998,132,-0.38623840213106747,0.53637500000000005,0.53600000000000003,0.021058621148758186,0.011589953991125123,0,0,0,45,True,0.0075880058979692182,False,False,-0.29333850291300162,1.2098295592007686,0.52929400000000004
0.65000000000000002,132,-0.9300403163927492,0.56362500000000004,0.55800000000000005,0.25771290346028963,0.017751868562932659,0,0,0,63,True,0.0082214365781422098,False,False,-0.79834597969550514,1.3665569892860103,0.56369400000000003
0.5,132,-1.2340519936796395,0.58199999999999996,0.59899999999999998,0.69314406359207292,0.75090209124208396,1,0,0,154,True,0.0088626691131561477,False,False,-1.3475760776189629,1.6531130939443468,0.58186099999999996
1,133,-0.079378995707630851,0.50675000000000003,0.50800000000000001,0.64115583918879282,0.9278858363581699,0,0,0,48,True,0.0085247955271639808,False,False,0.00084786314457791824,1.1837821058171558,0.499774
0.84999999999999998,133,-0.52447243935103294,0.53400000000000003,0.52700000000000002,0.66359505555173803,0.66734112611098606,0,0,0,46,True,0.0084082937847198645,False,False,-0.29333850291300162,1.2098295592007686,0.52929400000000004
0.65000000000000002,133,-1.115034343435086,0.57237499999999997,0.56899999999999995,0.016975269214666622,0.079866063722969394,1,0,0,97,True,0.0088254496127184411,False,False,-0.79834597969550514,1.3665569892860103,0.56369400000000003
0.5,133,-1.4475006611970316,0.58399999999999996,0.56999999999999995,0.07074908936322527,0.099217123539953891,1,0,0,147,True,0.0083600357952258297,False,False,-1.3475760776189629,1.6531130939443468,0.58186099999999996
1,134,-0.034618279342769794,0.49349999999999999,0.47299999999999998,0.37456219199144308,0.69489925381877471,0,0,0,47,True,0.0084555940879025362,False,False,0.00084786314457791824,1.1837821058171558,0.499774
0.84999999999999998,134,-0.42602043684892216,0.52124999999999999,0.49299999999999999,0.6442163406056447,0.80601257161827444,0,0,0,49,True,0.0084215069076464359,False,False,-0.29333850291300162,1.2098295592007686,0.52929400000000004
0.65000000000000002,134,-0.95394214508678332,0.55637499999999995,0.53600000000000003,0.6233104002528268,0.519058385784811,0,0,0,71,True,0.0080050506035648783,False,False,-0.79834597969550514,1.3665569892860103,0.56369400000000003
0.5,134,-1.2754562700189596,0.577125,0.56799999999999995,0.28206717827779154,0.25837039723686167,0,0,0,74,True,0.0075891470211804472,False,False,-1.3475760776189629,1.6531130939443468,0.58186099999999996
1,135,-0.090688288205908435,0.49687500000000001,0.50600000000000001,0.64917587769590701,0.81702424187556266,0,0,0,36,True,0.0087471923244105999,False,False,0.00084786314457791824,1.1837821058171558,0.499774
0.84999999999999998,135,-0.54693294120533609,0.53374999999999995,0.53500000000000003,0.11416207479471692,0.11053869546268362,0,0,0,50,True,0.0089521006910704432,False,False,-0.29333850291300162,1.2098295592007686,0.52929400000000004
0.65000000000000002,135,-1.0774056953443039,0.57199999999999995,0.58099999999999996,0.075000838511141518,0.069186431464522413,1,0,0,89,True,0.0090804986014756464,False,False,-0.79834597969550514,1.3665569892860103,0.56369400000000003
0.5,135,-1.3929979517759721,0.58850000000000002,0.58699999999999997,0.41668769583767518,0.81095180844691206,1,0,0,142,True,0.0091309104043280232,False,False,-1.3475760776189629,1.6531130939443468,0.58186099999999996
1,136,-0.028690905071366613,0.49725000000000003,0.52200000000000002,0.80942447959160146,0.99572258954631665,0,0,0,44,True,0.0081705207031633441,False,False,0.00084786314457791824,1.1837821058171558,0.499774
0.84999999999999998,136,-0.44413462268327819,0.52149999999999996,0.53100000000000003,0.49730783354901797,0.98752956627180755,0,0,0,40,True,0.0084928076908327623,False,False,-0.29333850291300162,1.2098295592007686,0.52929400000000004
0.65000000000000002,136,-1.0119926646629962,0.55587500000000001,0.55800000000000005,0.77289479802095296,0.98025582589720395,1,0,0,87,True,0.0084929480307119262,False,False,-0.79834597969550514,1.3665569892860103,0.56369400000000003
0.5,136,-1.4096201955528487,0.57450000000000001,0.58299999999999996,0.6621695385378189,0.48574083058278927,1,0,0,145,True,0.0083038570247844674,False,False,-1.3475760776189629,1.6531130939443468,0.58186099999999996
1,137,0.082699498285691869,0.49275000000000002,0.47499999999999998,0.037456681148528882,0.54391005338516552,0,0,0,48,True,0.0081812298153085428,False,False,0.00084786314457791824,1.1837821058171558,0.499774
0.84999999999999998,137,-0.34544952235388415,0.51737500000000003,0.50600000000000001,0.9215709638738967,0.47520095642742277,0,0,0,58,True,0.0084969317307143667,False,False,-0.29333850291300162,1.2098295592007686,0.52929400000000004
0.65000000000000002,137,-1.0101099212724938,0.55325000000000002,0.55900000000000005,0.24648260107362818,0.72381761754973195,0,0,0,68,True,0.0084002693092128725,False,False,-0.79834597969550514,1.3665569892860103,0.56369400000000003
0.5,137,-1.3704315885419454,0.57537499999999997,0.57799999999999996,0.40009536764245934,0.37750560379445408,1,0,0,153,True,0.0084909979950061731,False,False,-1.3475760776189629,1.6531130939443468,0.58186099999999996
1,138,-0.097339400111751725,0.50037500000000001,0.51000000000000001,0.53691838898128486,0.55118860583216145,0,0,0,40,True,0.0081885260671949178,False,False,0.00084786314457791824,1.1837821058171558,0.499774
0.84999999999999998,138,-0.54527668340140389,0.53274999999999995,0.54800000000000004,0.29468878154456396,0.60799641341536415,0,0,0,62,True,0.0081056700497895741,False,False,-0.29333850291300162,1.2098295592007686,0.52929400000000004
0.65000000000000002,138,-1.2094301662744815,0.56425000000000003,0.60099999999999998,0.8922043441916504,0.93900236067870135,1,0,0,105,True,0.0080439415646169042,False,False,-0.79834597969550514,1.3665569892860103,0.56369400000000003
0.5,138,-1.5187057448344485,0.58237499999999998,0.61799999999999999,0.60725776761660666,0.74468124451134632,1,0,1,175,True,0.0085404822504462873,False,False,-1.3475760776189629,1.6531130939443468,0.58186099999999996
1,139,0.050044845040733449,0.49937500000000001,0.49199999999999999,0.87162626481293659,0.9901493489567913,0,0,0,40,True,0.0082383794421629249,False,False,0.00084786314457791824,1.1837821058171558,0.499774
0.84999999999999998,139,-0.42362169387949089,0.52137500000000003,0.52100000000000002,0.75793548115978893,0.80685937313038558,0,0,0,54,True,0.0082807321456191858,False,False,-0.29333850291300162,1.2098295592007686,0.52929400000000004
0.65000000000000002,139,-1.0165955260677042,0.55474999999999997,0.55400000000000005,0.31240004630782992,0.71408999148013852,0,0,0,63,True,0.0082702323449348608,False,False,-0.79834597969550514,1.3665569892860103,0.56369400000000003
0.5,139,-1.3648527198013367,0.57337499999999997,0.58599999999999997,0.094415752039914327,0.15573872468018582,1,0,0,101,True,0.0088858196029525955,False,False,-1.3475760776189629,1.6531130939443468,0.58186099999999996
1,140,-0.041357574403823774,0.50700000000000001,0.503,0.44628045620064455,0.16593402622125356,0,0,0,45,True,0.0087350170821988357,False,False,0.00084786314457791824,1.1837821058171558,0.499774
0.84999999999999998,140,-0.47553773989312192,0.53487499999999999,0.52800000000000002,0.41614034943259059,0.22001162634668825,0,0,0,55,True,0.0087777280046496872,False,False,-0.29333850291300162,1.2098295592007686,0.52929400000000004
0.65000000000000002,140,-1.019914897789777,0.5635,0.55200000000000005,0.97746470121718765,0.94163484960994093,0,0,0,72,True,0.0085195733081748007,False,False,-0.79834597969550514,1.3665569892860103,0.56369400000000003
0.5,140,-1.3351694688970712,0.58050000000000002,0.56399999999999995,0.77885362151560056,0.68318336576180161,1,0,0,90,True,0.0084375900823767877,False,False,-1.3475760776189629,1.6531130939443468,0.58186099999999996
1,141,-0.04506705210595361,0.50175000000000003,0.48899999999999999,0.59579139761553535,0.47543921871570927,0,0,0,48,True,0.0081657810388841446,False,False,0.00084786314457791824,1.1837821058171558,0.499774
0.84999999999999998,141,-0.5112074179481535,0.53049999999999997,0.51000000000000001,0.10543538924722547,0.067306941685678454,0,1,1,67,True,0.008352743595516016,False,False,-0.29333850291300162,1.2098295592007686,0.52929400000000004
0.65000000000000002,141,-1.1137063191978147,0.5575,0.54200000000000004,0.28598113759531069,0.12859567310530168,0,0,0,73,True,0.0079528784692648423,False,False,-0.79834597969550514,1.3665569892860103,0.56369400000000003
0.5,141,-1.478364134233173,0.57474999999999998,0.57399999999999995,0.98314473171521233,0.97592881874343396,1,0,0,148,True,0.0076976342779879027,False,False,-1.3475760776189629,1.6531130939443468,0.58186099999999996
1,142,-0.012576649940346596,0.50087499999999996,0.48999999999999999,0.59926610373938904,0.77214280934795165,0,0,0,49,True,0.0088429945482641735,False,False,0.00084786314457791824,1.1837821058171558,0.499774
0.84999999999999998,142,-0.4194896160871085,0.52600000000000002,0.52500000000000002,0.26299028869558294,0.17248554957269022,0,0,0,38,True,0.0085987092974512784,False,False,-0.29333850291300162,1.2098295592007686,0.52929400000000004
0.65000000000000002,142,-1.0140087675284162,0.56237499999999996,0.55800000000000005,0.82674057535062795,0.92718440721486028,1,0,0,77,True,0.0088958117443519186,False,False,-0.79834597969550514,1.3665569892860103,0.56369400000000003
0.5,142,-1.3640895083928928,0.57450000000000001,0.58399999999999996,0.015393271110026405,0.033263336332793721,0,0,0,68,True,0.0088460593042752819,False,False,-1.3475760776189629,1.6531130939443468,0.58186099999999996
1,143,-0.027800399393257395,0.50224999999999997,0.51300000000000001,0.50476811074114369,0.88659976901313575,0,0,0,42,True,0.0078627379990530242,False,False,0.00084786314457791824,1.1837821058171558,0.499774
0.84999999999999998,143,-0.46000668989446075,0.53162500000000001,0.53000000000000003,0.13094512661159691,0.10928794380326282,0,0,0,47,True,0.0079685823699466446,False,False,-0.29333850291300162,1.2098295592007686,0.52929400000000004
0.65000000000000002,143,-1.11968659302301,0.56512499999999999,0.56499999999999995,0.33426906857769428,0.21032171186828172,1,0,0,120,True,0.0086015499968416717,False,False,-0.79834597969550514,1.3665569892860103,0.56369400000000003
0.5,143,-1.4009784605019511,0.58037499999999997,0.58399999999999996,0.1697570069961582,0.39761190326421958,1,0,0,119,True,0.0091119805484237842,False,False,-1.3475760776189629,1.6531130939443468,0.58186099999999996
1,144,0.13654250698313189,0.50275000000000003,0.499,0.94977515705754401,0.54418823918840853,0,0,0,49,True,0.0073829703467431437,False,False,0.00084786314457791824,1.1837821058171558,0.499774
0.84999999999999998,144,-0.33332544550097648,0.53174999999999994,0.54300000000000004,0.16846373533793749,0.31781116164150419,0,0,0,47,True,0.0074928629730065281,False,False,-0.29333850291300162,1.2098295592007686,0.52929400000000004
0.65000000000000002,144,-0.93314070917357805,0.57674999999999998,0.57699999999999996,0.5769505432054981,0.73732457483053948,1,0,0,110,True,0.0082634166833703074,False,False,-0.79834597969550514,1.3665569892860103,0.56369400000000003
0.5,144,-1.3854794438543052,0.59550000000000003,0.61399999999999999,0.96767540938868379,0.95066169805046519,1,0,0,270,True,0.0084103943010662759,False,False,-1.3475760776189629,1.6531130939443468,0.58186099999999996
1,145,0.033058461544170609,0.50600000000000001,0.49099999999999999,0.46043300449249724,0.066021273607628245,0,0,0,44,True,0.0090145359493496394,False,False,0.00084786314457791824,1.1837821058171558,0.499774
0.84999999999999998,145,-0.36210250388503118,0.53500000000000003,0.53400000000000003,0.11925467228680268,0.2060686672320752,0,0,0,44,True,0.008570364867622136,False,False,-0.29333850291300162,1.2098295592007686,0.52929400000000004
0.65000000000000002,145,-1.1228659464503621,0.57225000000000004,0.56999999999999995,0.16265156043239054,0.15782389514058034,0,0,0,68,True,0.0085557936374991601,False,False,-0.79834597969550514,1.3665569892860103,0.56369400000000003
0.5,145,-1.4798529476119782,0.58987500000000004,0.58999999999999997,0.65790510642953415,0.75067071635081228,1,0,0,111,True,0.0084189427975139529,False,False,-1.3475760776189629,1.6531130939443468,0.58186099999999996
1,146,-0.097658677164915483,0.48975000000000002,0.50800000000000001,0.2549312665661907,0.074346406457195272,0,0,0,43,True,0.0085224859700333191,False,False,0.00084786314457791824,1.1837821058171558,0.499774
0.84999999999999998,146,-0.52964448760731275,0.52349999999999997,0.53300000000000003,0.3766483625094193,0.96712599000322508,0,0,0,45,True,0.0087345680197667731,False,False,-0.29333850291300162,1.2098295592007686,0.52929400000000004
0.65000000000000002,146,-1.1633170941914319,0.56637499999999996,0.54900000000000004,0.54928289870481994,0.33402988485046642,1,0,0,77,True,0.0089308386514338825,False,False,-0.79834597969550514,1.3665569892860103,0.56369400000000003
0.5,146,-1.5258512465090379,0.58612500000000001,0.56799999999999995,0.14747042271439834,0.35961668091807786,1,0,0,111,True,0.0085595309796288634,False,False,-1.3475760776189629,1.6531130939443468,0.58186099999999996
1,147,0.017093029259240413,0.49337500000000001,0.496,0.29054947471889581,0.27838368081178549,0,0,0,48,True,0.0081826676632007073,False,False,0.00084786314457791824,1.1837821058171558,0.499774
0.84999999999999998,147,-0.37878061737000535,0.52612499999999995,0.54300000000000004,0.6798415726059317,0.5143129835193111,0,0,0,51,True,0.007838583021316823,False,False,-0.29333850291300162,1.2098295592007686,0.52929400000000004
0.65000000000000002,147,-0.9889080022795157,0.55962500000000004,0.56200000000000006,0.27229591731415043,0.27949206597201576,1,0,0,129,True,0.0081617867549250416,False,False,-0.79834597969550514,1.3665569892860103,0.56369400000000003
0.5,147,-1.2868934170571644,0.57074999999999998,0.55800000000000005,0.23369038026507888,0.13975595740479604,1,0,0,121,True,0.0086428228526063931,False,False,-1.3475760776189629,1.6531130939443468,0.58186099999999996
1,148,0.04942967191071411,0.50487499999999996,0.51400000000000001,0.93983629519202294,0.57726435076010596,0,0,0,48,True,0.0079902062772561656,False,False,0.00084786314457791824,1.1837821058171558,0.499774
0.84999999999999998,148,-0.3888441696915515,0.53400000000000003,0.51900000000000002,0.78916912890807001,0.84450244085347814,1,0,0,86,True,0.0075601018195195933,False,False,-0.29333850291300162,1.2098295592007686,0.52929400000000004
0.65000000000000002,148,-0.97449168846836387,0.56537499999999996,0.54400000000000004,0.4575963083723133,0.32717488200121564,1,0,0,89,True,0.0074644424892331045,False,False,-0.79834597969550514,1.3665569892860103,0.56369400000000003
0.5,148,-1.2588297519498823,0.58574999999999999,0.57999999999999996,0.15109707157888824,0.46448027024259297,1,0,0,130,True,0.008047652171271083,False,False,-1.3475760776189629,1.6531130939443468,0.58186099999999996
1,149,0.0035297060640698957,0.48849999999999999,0.498,0.61332486276358256,0.51347414003598357,0,0,0,55,True,0.0083537926162768651,False,False,0.00084786314457791824,1.1837821058171558,0.499774
0.84999999999999998,149,-0.41874163835538764,0.52475000000000005,0.52200000000000002,0.79879864150475366,0.49644451555847635,0,0,0,62,True,0.0085576759447711613,False,False,-0.29333850291300162,1.2098295592007686,0.52929400000000004
0.65000000000000002,149,-1.0326921324610379,0.5665,0.56999999999999995,0.99262108345131594,0.97229904870495765,1,0,0,115,True,0.008501900163475351,False,False,-0.79834597969550514,1.3665569892860103,0.56369400000000003
0.5,149,-1.3434335415361569,0.57737499999999997,0.57099999999999995,0.96585637572228833,0.84681096320492366,1,0,0,114,True,0.0084794926160617085,False,False,-1.3475760776189629,1.6531130939443468,0.58186099999999996
1,150,0.059689230660088757,0.49975000000000003,0.51700000000000002,0.60516171290330667,0.1896478115577834,0,0,0,57,True,0.0084622918552037605,False,False,0.00084786314457791824,1.1837821058171558,0.499774
0.84999999999999998,150,-0.40858220418210228,0.53425,0.55900000000000005,0.46396622595208059,0.55043007698250923,0,0,1,62,True,0.00857108317398423,False,False,-0.29333850291300162,1.2098295592007686,0.52929400000000004
0.65000000000000002,150,-1.0740844662840126,0.56737499999999996,0.57699999999999996,0.78498064455891792,0.75809657882722947,1,1,1,96,True,0.0086543770855195979,False,False,-0.79834597969550514,1.3665569892860103,0.56369400000000003
0.5,150,-1.4355503171852022,0.58174999999999999,0.57799999999999996,0.070241021501485715,0.10242680378665013,1,0,0,133,True,0.0089525957517958069,False,False,-1.3475760776189629,1.6531130939443468,0.58186099999999996
1,151,0.0007934058985435942,0.50224999999999997,0.498,0.026028724970840286,0.60162339936542797,0,0,0,54,True,0.0086222230757192486,False,False,0.00084786314457791824,1.1837821058171558,0.499774
0.84999999999999998,151,-0.46428347458210251,0.53862500000000002,0.53300000000000003,0.020280914304497903,0.0051801000622613454,0,0,0,57,True,0.0085450844933577033,False,False,-0.29333850291300162,1.2098295592007686,0.52929400000000004
0.65000000000000002,151,-1.1084473181143131,0.57137499999999997,0.57299999999999995,0.13732822942105136,0.34065607334081327,1,0,0,87,True,0.008851139001846739,False,False,-0.79834597969550514,1.3665569892860103,0.56369400000000003
0.5,151,-1.4588302427048596,0.58599999999999997,0.59299999999999997,0.032302919783175163,0.1210764902565053,1,0,0,112,True,0.0086322324127942,False,False,-1.3475760776189629,1.6531130939443468,0.58186099999999996
1,152,-0.071536978344340058,0.49787500000000001,0.48199999999999998,0.16595092257244093,0.76290009289385718,0,0,0,35,True,0.0075940043266238769,False,False,0.00084786314457791824,1.1837821058171558,0.499774
0.84999999999999998,152,-0.53670360749670309,0.53600000000000003,0.52600000000000002,0.5480818695487103,0.18115287648574849,0,0,0,45,True,0.0073672196773427083,False,False,-0.29333850291300162,1.2098295592007686,0.52929400000000004
0.65000000000000002,152,-1.0868286218191041,0.56612499999999999,0.56399999999999995,0.43266958789253412,0.80074031070895713,1,0,0,111,True,0.0076329303925897155,False,False,-0.79834597969550514,1.3665569892860103,0.56369400000000003
0.5,152,-1.3673382837490211,0.58037499999999997,0.58599999999999997,0.23832743666502279,0.14386529855565203,1,0,0,114,True,0.0085212494984230284,False,False,-1.3475760776189629,1.6531130939443468,0.58186099999999996
1,153,0.36223077290871186,0.50462499999999999,0.503,0.01976365353213879,0.018381572505784892,0,0,0,41,True,0.0083669775504274426,False,False,0.00084786314457791824,1.1837821058171558,0.499774
0.84999999999999998,153,-0.17753902978568056,0.53149999999999997,0.53200000000000003,0.70829439928963955,0.5338267091124822,0,0,0,40,True,0.00816601627179518,False,False,-0.29333850291300162,1.2098295592007686,0.52929400000000004
0.65000000000000002,153,-0.90170400067944978,0.5615,0.56599999999999995,0.19638260799819901,0.24505017370548371,1,0,0,78,True,0.0084748069423378151,False,False,-0.79834597969550514,1.3665569892860103,0.56369400000000003
0.5,153,-2.2901942917229023,0.58150000000000002,0.58799999999999997,0.23012756325490741,0.56869788136016675,1,0,0,150,True,0.0084122398279057303,False,False,-1.3475760776189629,1.6531130939443468,0.58186099999999996
1,154,-0.044638771283129208,0.48562499999999997,0.47699999999999998,0.99780371581275684,0.32632380524284699,0,0,0,44,True,0.0081659777743090124,False,False,0.00084786314457791824,1.1837821058171558,0.499774
0.84999999999999998,154,-0.47969755783577611,0.51375000000000004,0.50900000000000001,0.90665909903941422,0.76751354160955365,0,0,0,36,True,0.0081587534142602992,False,False,-0.29333850291300162,1.2098295592007686,0.52929400000000004
0.65000000000000002,154,-0.99772234027120754,0.55174999999999996,0.54800000000000004,0.50383360147036749,0.40076313996544183,1,0,0,77,True,0.0083304594701900953,False,False,-0.79834597969550514,1.3665569892860103,0.56369400000000003
0.5,154,-1.2884735996237953,0.57450000000000001,0.56499999999999995,0.61173942303961115,0.672040788901206,1,0,0,107,True,0.0087062907071627418,False,False,-1.3475760776189629,1.6531130939443468,0.58186099999999996
1,155,0.070033044672312611,0.50212500000000004,0.51200000000000001,0.88374195109063014,0.6670922286141483,0,0,0,54,True,0.0085082315114953545,False,False,0.00084786314457791824,1.1837821058171558,0.499774
0.84999999999999998,155,-0.4045939835060402,0.53849999999999998,0.55300000000000005,0.59157599399026373,0.49530340485970248,0,0,0,53,True,0.008121220481372534,False,False,-0.29333850291300162,1.2098295592007686,0.52929400000000004
0.65000000000000002,155,-1.1657279737435995,0.57062500000000005,0.55800000000000005,0.51146844404613323,0.5011133327149595,1,0,0,81,True,0.0078606146895167702,False,False,-0.79834597969550514,1.3665569892860103,0.56369400000000003
0.5,155,-1.5014013413496934,0.59524999999999995,0.58499999999999996,0.27161509751625512,0.28418956310975563,1,0,0,187,True,0.0082678152804867913,False,False,-1.3475760776189629,1.6531130939443468,0.58186099999999996
1,156,0.053828752507933911,0.49199999999999999,0.47499999999999998,0.087649556648298724,0.65244762656877786,0,0,0,31,True,0.0084112687238541775,False,False,0.00084786314457791824,1.1837821058171558,0.499774
0.84999999999999998,156,-0.43685632264407315,0.52962500000000001,0.5,0.77639792499359517,0.93009744597042643,0,0,0,48,True,0.0079125482039666649,False,False,-0.29333850291300162,1.2098295592007686,0.52929400000000004
0.65000000000000002,156,-1.0615075944144974,0.56225000000000003,0.53600000000000003,0.95375616906583427,0.95768915604249938,0,0,0,67,True,0.0078303914240607092,False,False,-0.79834597969550514,1.3665569892860103,0.56369400000000003
0.5,156,-1.3779721770611837,0.57862499999999994,0.55800000000000005,0.10738710589864948,0.12490284371812134,1,0,0,109,True,0.008123573567469948,False,False,-1.3475760776189629,1.6531130939443468,0.58186099999999996
1,157,-0.053670495777795112,0.4945,0.48599999999999999,0.80299809740807693,0.41207861085431469,0,0,0,44,True,0.0076519803341075845,False,False,0.00084786314457791824,1.1837821058171558,0.499774
0.84999999999999998,157,-0.52770753384280999,0.52262500000000001,0.51700000000000002,0.77781708698101293,0.88386747254092024,0,0,0,48,True,0.0078184795174267938,False,False,-0.29333850291300162,1.2098295592007686,0.52929400000000004
0.65000000000000002,157,-1.0790627631348324,0.5615,0.54900000000000004,0.98544317525888969,0.98231279062084309,0,0,0,61,True,0.0084338996390095899,False,False,-0.79834597969550514,1.3665569892860103,0.56369400000000003
0.5,157,-1.3991790176332675,0.58537499999999998,0.58899999999999997,0.16919701556291625,0.30087850516543507,1,0,0,128,True,0.0084437835115167507,False,False,-1.3475760776189629,1.6531130939443468,0.58186099999999996
1,158,0.021492429408915988,0.49049999999999999,0.48899999999999999,0.66753942200864869,0.72986666685105206,0,0,0,49,True,0.0085893482788827868,False,False,0.00084786314457791824,1.1837821058171558,0.499774
0.84999999999999998,158,-0.4288827769810909,0.52625,0.51200000000000001,0.7593236341629368,0.30651668641679919,0,0,0,65,True,0.008743563123760659,False,False,-0.29333850291300162,1.2098295592007686,0.52929400000000004
0.65000000000000002,158,-1.0028832981265654,0.56212499999999999,0.55700000000000005,0.52876803409106299,0.75893509843972362,1,0,0,97,True,0.0088952852103869225,False,False,-0.79834597969550514,1.3665569892860103,0.56369400000000003
0.5,158,-1.3129105699400605,0.58387500000000003,0.56599999999999995,0.67016668803929869,0.58854298090273394,1,0,0,182,True,0.0084998582173393938,False,False,-1.3475760776189629,1.6531130939443468,0.58186099999999996
1,159,-0.075106824939078831,0.50262499999999999,0.51100000000000001,0.34281404382106057,0.41472310758005748,0,0,0,57,True,0.0085431746886666746,False,False,0.00084786314457791824,1.1837821058171558,0.499774
0.84999999999999998,159,-0.49268377893898119,0.53225,0.53900000000000003,0.042380208808463299,0.026800669999695319,0,0,0,54,True,0.0086193880769737819,False,False,-0.29333850291300162,1.2098295592007686,0.52929400000000004
0.65000000000000002,159,-1.1315687067487568,0.57050000000000001,0.57099999999999995,0.020112339675710675,0.054922031258330915,0,0,0,66,True,0.0086410623153760652,False,False,-0.79834597969550514,1.3665569892860103,0.56369400000000003
0.5,159,-1.5465722390622183,0.59050000000000002,0.57699999999999996,0.48887601525682667,0.34556112613721313,1,0,0,100,True,0.0086382972657961798,False,False,-1.3475760776189629,1.6531130939443468,0.58186099999999996
1,160,0.046743298148541702,0.51087499999999997,0.51300000000000001,0.35455133522826726,0.26561886472484142,0,0,0,35,True,0.0088844382268882093,False,False,0.00084786314457791824,1.1837821058171558,0.499774
0.84999999999999998,160,-0.38378060681773279,0.54000000000000004,0.55900000000000005,0.63552411506947593,0.83557442769415169,0,0,0,62,True,0.0086547727642156576,False,False,-0.29333850291300162,1.2098295592007686,0.52929400000000004
0.65000000000000002,160,-0.92321493688549627,0.56674999999999998,0.56999999999999995,0.11519058081962091,0.12827040460219677,1,0,0,103,True,0.0084597132388984572,False,False,-0.79834597969550514,1.3665569892860103,0.56369400000000003
0.5,160,-1.3040291534633648,0.58237499999999998,0.58899999999999997,0.17743550225305019,0.23541381622889762,1,0,0,162,True,0.0083798665695776937,False,False,-1.3475760776189629,1.6531130939443468,0.58186099999999996
1,161,0.045561814971676107,0.49399999999999999,0.48099999999999998,0.55779429785490087,0.61300580599650367,0,0,0,40,True,0.0082077956177675666,False,False,0.00084786314457791824,1.1837821058171558,0.499774
0.84999999999999998,161,-0.37492305771086604,0.52487499999999998,0.52000000000000002,0.77767344144070183,0.20263826990109596,0,0,0,54,True,0.0083758700929176134,False,False,-0.29333850291300162,1.2098295592007686,0.52929400000000004
0.65000000000000002,161,-0.9906688723506154,0.55825000000000002,0.56100000000000005,0.91982812403948078,0.82314369305995783,0,0,0,62,True,0.0087736373777525939,False,False,-0.79834597969550514,1.3665569892860103,0.56369400000000003
0.5,161,-1.3004963774979523,0.57737499999999997,0.58199999999999996,0.31183917756067936,0.47585405435934003,1,0,0,104,True,0.0089077363598317472,False,False,-1.3475760776189629,1.6531130939443468,0.58186099999999996
1,162,-0.061972412377376863,0.48962499999999998,0.502,0.67912919888234913,0.43619490518591508,0,0,0,60,True,0.0085093444103815953,False,False,0.00084786314457791824,1.1837821058171558,0.499774
0.84999999999999998,162,-0.52918193106230327,0.51787499999999997,0.54000000000000004,0.37055976043654798,0.43636001301128041,0,0,0,55,True,0.008502846982272055,False,False,-0.29333850291300162,1.2098295592007686,0.52929400000000004
0.65000000000000002,162,-1.1520761529829453,0.56337499999999996,0.57699999999999996,0.058346011666889241,0.053531271235764469,1,0,0,92,True,0.0081055702345084017,False,False,-0.79834597969550514,1.3665569892860103,0.56369400000000003
0.5,162,-1.5667848301881131,0.58199999999999996,0.59399999999999997,0.81818445845733179,0.66223870182124478,1,0,0,116,True,0.0082955261109858066,False,False,-1.3475760776189629,1.6531130939443468,0.58186099999999996
1,163,-0.0046977484068362945,0.50175000000000003,0.49199999999999999,0.18009778859454983,0.069975420849175171,0,0,0,58,True,0.0088634106547881356,False,False,0.00084786314457791824,1.1837821058171558,0.499774
0.84999999999999998,163,-0.50219707821208948,0.52875000000000005,0.51300000000000001,0.59300505292605021,0.87835099609074341,0,0,0,50,True,0.0086812628467326097,False,False,-0.29333850291300162,1.2098295592007686,0.52929400000000004
0.65000000000000002,163,-1.1626380197005215,0.56787500000000002,0.57699999999999996,0.37515115425656859,0.44640870934102356,0,0,0,69,True,0.0086473114716201678,False,False,-0.79834597969550514,1.3665569892860103,0.56369400000000003
0.5,163,-1.4723478403967245,0.58125000000000004,0.58499999999999996,0.39932948990298844,0.12200376229044185,1,0,0,95,True,0.0082251870173867311,False,False,-1.3475760776189629,1.6531130939443468,0.58186099999999996
1,164,0.064525850518502251,0.49887500000000001,0.51700000000000002,0.31262585993212266,0.60115773178937015,0,0,0,31,True,0.00857078728682234,False,False,0.00084786314457791824,1.1837821058171558,0.499774
0.84999999999999998,164,-0.37179300849230312,0.52300000000000002,0.53500000000000003,0.74442637689302849,0.65010028686475907,0,0,0,41,True,0.0083421665745023205,False,False,-0.29333850291300162,1.2098295592007686,0.52929400000000004
0.65000000000000002,164,-0.96597763698374151,0.56062500000000004,0.58199999999999996,0.41032309088828728,0.30276651613958766,1,0,0,91,True,0.0081867971467483539,False,False,-0.79834597969550514,1.3665569892860103,0.56369400000000003
0.5,164,-1.3045665297155513,0.57999999999999996,0.59399999999999997,0.34067121664789562,0.20919618327348508,1,0,0,138,True,0.0081451028066835546,False,False,-1.3475760776189629,1.6531130939443468,0.58186099999999996
1,165,0.0090507634698226164,0.502,0.47699999999999998,0.36828933132526864,0.78349920461791767,0,0,0,51,True,0.008746391364596864,False,False,0.00084786314457791824,1.1837821058171558,0.499774
0.84999999999999998,165,-0.46020496197673616,0.53062500000000001,0.51000000000000001,0.18275708484645423,0.25652408582194464,0,0,0,60,True,0.0086462251860819957,False,False,-0.29333850291300162,1.2098295592007686,0.52929400000000004
0.65000000000000002,165,-1.0858567419198701,0.55549999999999999,0.55000000000000004,0.69950592105448117,0.79125807048659846,0,0,0,66,True,0.0080841220923437342,False,False,-0.79834597969550514,1.3665569892860103,0.56369400000000003
0.5,165,-1.4232670581529914,0.56887500000000002,0.54900000000000004,0.27462053097938333,0.54738929758143795,0,0,0,72,True,0.0084860502831623115,False,False,-1.3475760776189629,1.6531130939443468,0.58186099999999996
1,166,-0.043150319286020491,0.49025000000000002,0.47299999999999998,0.073055530417230757,0.18101164942026723,0,0,0,44,True,0.0084370593073683515,False,False,0.00084786314457791824,1.1837821058171558,0.499774
0.84999999999999998,166,-0.62750126688939434,0.52762500000000001,0.52300000000000002,0.58417135101746775,0.63401520271968836,0,0,0,56,True,0.0082789220685720102,False,False,-0.29333850291300162,1.2098295592007686,0.52929400000000004
0.65000000000000002,166,-1.2510464170364242,0.56299999999999994,0.56899999999999995,0.39832614602587502,0.41848356463578451,0,0,0,67,True,0.008799953183690739,False,False,-0.79834597969550514,1.3665569892860103,0.56369400000000003
0.5,166,-1.6001272388442209,0.58250000000000002,0.57599999999999996,0.21110743438701837,0.64433319425389612,1,0,0,81,True,0.0091588185323629584,False,False,-1.3475760776189629,1.6531130939443468,0.58186099999999996
1,167,-0.17643101549217072,0.49887500000000001,0.47699999999999998,0.39550223005867347,0.29544678516224254,0,0,0,33,True,0.0088757129562958299,False,False,0.00084786314457791824,1.1837821058171558,0.499774
0.84999999999999998,167,-0.72072732425993369,0.53237500000000004,0.51100000000000001,0.21619587126830128,0.061564513557963482,0,0,0,38,True,0.0090177063324474328,False,False,-0.29333850291300162,1.2098295592007686,0.52929400000000004
0.65000000000000002,167,-1.3833595351969312,0.56487500000000002,0.54900000000000004,0.24842588419562556,0.24273827482422711,1,0,0,76,True,0.0086495701558431965,False,False,-0.79834597969550514,1.3665569892860103,0.56369400000000003
0.5,167,-1.7143911550850146,0.58412500000000001,0.57999999999999996,0.47699565974173497,0.50378586083203258,1,0,0,109,True,0.0087049517984437632,False,False,-1.3475760776189629,1.6531130939443468,0.58186099999999996
1,168,-0.070994248711761854,0.50087499999999996,0.503,0.9838058822576774,0.52367533670366295,0,0,0,48,True,0.0085022278021839488,False,False,0.00084786314457791824,1.1837821058171558,0.499774
0.84999999999999998,168,-0.49959639533313516,0.52362500000000001,0.52900000000000003,0.96303608554525,0.33679014449769545,0,0,0,37,True,0.0086569865034409124,False,False,-0.29333850291300162,1.2098295592007686,0.52929400000000004
0.65000000000000002,168,-1.0474005097011414,0.55437499999999995,0.57299999999999995,0.26704226567493383,0.29290775164854521,0,0,0,68,True,0.0081241644149324024,False,False,-0.79834597969550514,1.3665569892860103,0.56369400000000003
0.5,168,-1.4254029202714542,0.57625000000000004,0.57399999999999995,0.5596897427283567,0.29061854359561329,1,0,0,114,True,0.008430162038237635,False,False,-1.3475760776189629,1.6531130939443468,0.58186099999999996
1,169,0.042675893367490836,0.50175000000000003,0.48499999999999999,0.59018225473659336,0.14577771023048483,0,0,0,41,True,0.0091326057426548736,False,False,0.00084786314457791824,1.1837821058171558,0.499774
0.84999999999999998,169,-0.47774440570355342,0.53474999999999995,0.51700000000000002,0.086693622720475441,0.33374042918040514,0,0,0,53,True,0.0089328658662766302,False,False,-0.29333850291300162,1.2098295592007686,0.52929400000000004
0.65000000000000002,169,-1.2219032646098953,0.5625,0.54400000000000004,0.029648682365138051,0.036530157715386612,0,0,0,69,True,0.0089537353777308926,False,False,-0.79834597969550514,1.3665569892860103,0.56369400000000003
0.5,169,-1.5216854240224307,0.57774999999999999,0.56399999999999995,0.10780307585679139,0.042359959960913574,1,0,0,149,True,0.0087351138634691287,False,False,-1.3475760776189629,1.6531130939443468,0.58186099999999996
1,170,0.0034154558172865175,0.4945,0.48699999999999999,0.94271686726831028,0.9251050542284307,0,0,0,67,True,0.0087450071756943453,False,False,0.00084786314457791824,1.1837821058171558,0.499774
0.84999999999999998,170,-0.53018930456145164,0.52912499999999996,0.52500000000000002,0.86485908959893365,0.96778710533305234,0,0,0,38,True,0.008614576602806668,False,False,-0.29333850291300162,1.2098295592007686,0.52929400000000004
0.65000000000000002,170,-1.1288756982167107,0.5655,0.55100000000000005,0.85360424627430664,0.87928003704541813,1,0,0,107,True,0.0080414600302633199,False,False,-0.79834597969550514,1.3665569892860103,0.56369400000000003
0.5,170,-1.4627074985514763,0.58374999999999999,0.55100000000000005,0.94296101865097093,0.77392990321525057,1,0,1,259,True,0.0079262647523064885,False,False,-1.3475760776189629,1.6531130939443468,0.58186099999999996
1,171,0.021971701054994682,0.4995,0.51700000000000002,0.060032721750351244,0.13561297222230126,0,0,0,48,True,0.0082607242245121004,False,False,0.00084786314457791824,1.1837821058171558,0.499774
0.84999999999999998,171,-0.43392681704196628,0.52812499999999996,0.54600000000000004,0.056132585028124952,0.40630762227067335,0,0,0,53,True,0.0083700831496011201,False,False,-0.29333850291300162,1.2098295592007686,0.52929400000000004
0.65000000000000002,171,-1.1065886749029692,0.56512499999999999,0.56899999999999995,0.31058984982905052,0.53340265946314847,1,0,0,113,True,0.0084124952626093673,False,False,-0.79834597969550514,1.3665569892860103,0.56369400000000003
0.5,171,-1.4570058817850371,0.58025000000000004,0.57699999999999996,0.886788992206058,0.84571398921728336,1,0,0,200,True,0.0081527240875952662,False,False,-1.3475760776189629,1.6531130939443468,0.58186099999999996
1,172,-0.089772816112229675,0.49525000000000002,0.52700000000000002,0.38817396950063476,0.76999165857285989,0,0,0,44,True,0.0084363780524401976,False,False,0.00084786314457791824,1.1837821058171558,0.499774
0.84999999999999998,172,-0.62862920616525386,0.52362500000000001,0.54000000000000004,0.65867427622658214,0.72171017001865478,0,0,0,45,True,0.0082574221482990141,False,False,-0.29333850291300162,1.2098295592007686,0.52929400000000004
0.65000000000000002,172,-1.391345133497252,0.56512499999999999,0.58399999999999996,0.93039292100706017,0.94719976228773739,0,0,0,70,True,0.0085745610187563676,False,False,-0.79834597969550514,1.3665569892860103,0.56369400000000003
0.5,172,-1.80553773949367,0.58187500000000003,0.56899999999999995,0.87592203684690895,0.70414237633465893,1,0,0,119,True,0.0088620175578111096,False,False,-1.3475760776189629,1.6531130939443468,0.58186099999999996
1,173,-0.097831435442151476,0.50775000000000003,0.495,0.30311476573938251,0.85283000227848782,0,0,0,44,True,0.0079353940702240125,False,False,0.00084786314457791824,1.1837821058171558,0.499774
0.84999999999999998,173,-0.47189002405236147,0.53262500000000002,0.51200000000000001,0.65985607758472309,0.31835187643519325,0,0,0,69,True,0.0081689311952759906,False,False,-0.29333850291300162,1.2098295592007686,0.52929400000000004
0.65000000000000002,173,-1.0406883282180235,0.55887500000000001,0.55000000000000004,0.61639819966908493,0.76680699677687314,0,0,0,69,True,0.0080948011975922746,False,False,-0.79834597969550514,1.3665569892860103,0.56369400000000003
0.5,173,-1.3228684722180564,0.57337499999999997,0.56599999999999995,0.68267032691640284,0.83782861168870693,1,0,0,89,True,0.0082564995714943003,False,False,-1.3475760776189629,1.6531130939443468,0.58186099999999996
1,174,0.014541508663752445,0.50112500000000004,0.50800000000000001,0.60278267424439758,0.70795149347093234,0,0,0,39,True,0.0090755483169919042,False,False,0.00084786314457791824,1.1837821058171558,0.499774
0.84999999999999998,174,-0.47810122302345892,0.53937500000000005,0.53300000000000003,0.057599621582793553,0.12184361581920906,0,0,0,46,True,0.0088659084694153959,False,False,-0.29333850291300162,1.2098295592007686,0.52929400000000004
0.65000000000000002,174,-1.1023401798966663,0.56974999999999998,0.57899999999999996,0.032447879886236604,0.028564827056528096,0,0,0,58,True,0.0086548456168777706,False,False,-0.79834597969550514,1.3665569892860103,0.56369400000000003
0.5,174,-1.4598905181213195,0.59262499999999996,0.61899999999999999,0.63361365483637289,0.66194850062554478,1,0,0,176,True,0.0085003209715545456,False,False,-1.3475760776189629,1.6531130939443468,0.58186099999999996
1,175,-0.015824886163225561,0.4955,0.51000000000000001,0.93320784375139942,0.14197214407752029,0,0,0,47,True,0.0087708339037878141,False,False,0.00084786314457791824,1.1837821058171558,0.499774
0.84999999999999998,175,-0.41674087986099123,0.52562500000000001,0.53000000000000003,0.67801012950558792,0.90600685812051718,0,0,0,46,True,0.0086894280744858818,False,False,-0.29333850291300162,1.2098295592007686,0.52929400000000004
0.65000000000000002,175,-0.91519298746592326,0.55925000000000002,0.57299999999999995,0.1337881207530186,0.14877145382025858,0,0,0,60,True,0.0085583953070958695,False,False,-0.79834597969550514,1.3665569892860103,0.56369400000000003
0.5,175,-1.194997401825453,0.57499999999999996,0.58199999999999996,0.62313468127661065,0.61227535367842456,1,0,0,75,True,0.0085701272654847786,False,False,-1.3475760776189629,1.6531130939443468,0.58186099999999996
1,176,0.14956632401945727,0.498,0.49199999999999999,0.62696252841213407,0.82326257691730953,0,0,0,43,True,0.0080023196113887113,False,False,0.00084786314457791824,1.1837821058171558,0.499774
0.84999999999999998,176,-0.33698498660598702,0.53200000000000003,0.53000000000000003,0.20432432596726025,0.12607348102754506,0,0,0,41,True,0.0079913354241813259,False,False,-0.29333850291300162,1.2098295592007686,0.52929400000000004
0.65000000000000002,176,-1.1253243741484404,0.56974999999999998,0.56200000000000006,0.31701929762472286,0.49279478713038904,0,0,0,68,True,0.0081620400653520317,False,False,-0.79834597969550514,1.3665569892860103,0.56369400000000003
0.5,176,-1.5116699219750369,0.58087500000000003,0.56799999999999995,0.54721580197926012,0.50699560137106547,1,0,0,99,True,0.0076859781925775455,False,False,-1.3475760776189629,1.6531130939443468,0.58186099999999996
1,177,-0.072569175581766315,0.50612500000000005,0.50800000000000001,0.56411515997527517,0.93917943496543677,0,0,0,53,True,0.0077329239020179187,False,False,0.00084786314457791824,1.1837821058171558,0.499774
0.84999999999999998,177,-0.53069319037414375,0.54074999999999995,0.56699999999999995,0.36507473827714759,0.32025644836021588,0,0,0,62,True,0.0082272274667943446,False,False,-0.29333850291300162,1.2098295592007686,0.52929400000000004
0.65000000000000002,177,-1.041886813400603,0.56299999999999994,0.58799999999999997,0.17548835196938031,0.1034025850366744,1,0,0,80,True,0.0083387182427386696,False,False,-0.79834597969550514,1.3665569892860103,0.56369400000000003
0.5,177,-1.3174330231725742,0.58450000000000002,0.58999999999999997,0.45199816293095008,0.61069171999840122,1,0,0,154,True,0.0084717950952503691,False,False,-1.3475760776189629,1.6531130939443468,0.58186099999999996
1,178,0.017224762977111698,0.50112500000000004,0.51800000000000002,0.31065996619080644,0.25364328635386291,0,0,0,41,True,0.0083264028338560555,False,False,0.00084786314457791824,1.1837821058171558,0.499774
0.84999999999999998,178,-0.4022188693538204,0.53787499999999999,0.53900000000000003,0.0095497508351010847,0.090841206389677062,0,0,0,51,True,0.0082430226394824956,False,False,-0.29333850291300162,1.2098295592007686,0.52929400000000004
0.65000000000000002,178,-1.0008801432210954,0.57150000000000001,0.58199999999999996,0.60794674502063628,0.6457906710590684,1,0,0,81,True,0.0083146674192354601,False,False,-0.79834597969550514,1.3665569892860103,0.56369400000000003
0.5,178,-1.2764024682202855,0.58525000000000005,0.60099999999999998,0.1221034473490992,0.11219226031835147,1,0,0,116,True,0.0082802714267567242,False,False,-1.3475760776189629,1.6531130939443468,0.58186099999999996
1,179,-0.088322470161128278,0.49775000000000003,0.51400000000000001,0.75895260191938196,0.26686527352845046,0,0,0,51,True,0.0090495115791459513,False,False,0.00084786314457791824,1.1837821058171558,0.499774
0.84999999999999998,179,-0.51087770758693796,0.53174999999999994,0.52900000000000003,0.8834996592983213,0.95356024237205672,0,0,0,45,True,0.0085419933627890778,False,False,-0.29333850291300162,1.2098295592007686,0.52929400000000004
0.65000000000000002,179,-1.0533039724091311,0.56337499999999996,0.55300000000000005,0.36571445190105883,0.55159515442233797,1,0,0,100,True,0.0086196549289833078,False,False,-0.79834597969550514,1.3665569892860103,0.56369400000000003
0.5,179,-1.3214814940865849,0.58387500000000003,0.56999999999999995,0.084465659519995545,0.047043015362964236,1,0,0,184,True,0.0080883592244347796,False,False,-1.3475760776189629,1.6531130939443468,0.58186099999999996
1,180,0.08131887315723782,0.50237500000000002,0.53200000000000003,0.32048300230143639,0.56871488584831587,0,0,0,37,True,0.0079819471390992561,False,False,0.00084786314457791824,1.1837821058171558,0.499774
0.84999999999999998,180,-0.45065904759633757,0.53312499999999996,0.53700000000000003,0.82315633601714921,0.29249430116683989,0,0,0,57,True,0.0082482708289164965,False,False,-0.29333850291300162,1.2098295592007686,0.52929400000000004
0.65000000000000002,180,-1.1759701453644764,0.56599999999999995,0.56299999999999994,0.4567116936211924,0.16850852620728873,1,0,0,80,True,0.0084008230062463159,False,False,-0.79834597969550514,1.3665569892860103,0.56369400000000003
0.5,180,-1.4973134517374875,0.58962499999999995,0.58899999999999997,0.4453581881453661,0.42073735827686271,1,0,0,121,True,0.0080758181826521003,False,False,-1.3475760776189629,1.6531130939443468,0.58186099999999996
1,181,-0.038616353877372313,0.48912499999999998,0.48199999999999998,0.87082434356953309,0.31417628265572828,0,0,0,40,True,0.0087328713252192141,False,False,0.00084786314457791824,1.1837821058171558,0.499774
0.84999999999999998,181,-0.47889965649717903,0.52237500000000003,0.50700000000000001,0.26817748225853422,0.89541423450826263,0,0,0,53,True,0.0086278587105541593,False,False,-0.29333850291300162,1.2098295592007686,0.52929400000000004
0.65000000000000002,181,-1.1562176580616481,0.56137499999999996,0.57099999999999995,0.15866365585010295,0.11397566552204046,0,0,0,74,True,0.0079085590559807503,False,False,-0.79834597969550514,1.3665569892860103,0.56369400000000003
0.5,181,-1.4791165518551534,0.57574999999999998,0.59699999999999998,0.24650563752089091,0.31269113705540263,1,0,0,97,True,0.0082569416720853113,False,False,-1.3475760776189629,1.6531130939443468,0.58186099999999996
1,182,-0.12753137890201618,0.48712499999999997,0.46999999999999997,0.44146709904896991,0.56898732546123176,0,0,0,49,True,0.008129754360265775,False,False,0.00084786314457791824,1.1837821058171558,0.499774
0.84999999999999998,182,-0.65147344106962835,0.51824999999999999,0.52000000000000002,0.57473746303477236,0.56464701414737595,0,0,0,51,True,0.0083781611820836245,False,False,-0.29333850291300162,1.2098295592007686,0.52929400000000004
0.65000000000000002,182,-1.2323193154574292,0.56074999999999997,0.57799999999999996,0.78840496605637012,0.50671696902108276,0,0,0,73,True,0.0082838556735263837,False,False,-0.79834597969550514,1.3665569892860103,0.56369400000000003
0.5,182,-1.5290608764139366,0.57987500000000003,0.58899999999999997,0.49830061645133361,0.52209384613429721,1,0,0,83,True,0.0085799503249554005,False,False,-1.3475760776189629,1.6531130939443468,0.58186099999999996
1,183,0.19469565515245851,0.50687499999999996,0.51100000000000001,0.33859877717401327,0.81849286887630979,0,0,0,49,True,0.0088142494587919121,False,False,0.00084786314457791824,1.1837821058171558,0.499774
0.84999999999999998,183,-0.37258229672607313,0.53237500000000004,0.52900000000000003,0.17288312132112754,0.094910525454965991,0,0,0,40,True,0.0085336925111987282,False,False,-0.29333850291300162,1.2098295592007686,0.52929400000000004
0.65000000000000002,183,-1.0104921638556685,0.56687500000000002,0.54600000000000004,0.63179225362063307,0.74184730773021534,0,0,0,65,True,0.0082769000353108673,False,False,-0.79834597969550514,1.3665569892860103,0.56369400000000003
0.5,183,-1.6688824725404827,0.58074999999999999,0.56599999999999995,0.82242282034948111,0.92714704945388793,1,0,0,83,True,0.0081349053656760116,False,False,-1.3475760776189629,1.6531130939443468,0.58186099999999996
1,184,0.052665532171707601,0.49575000000000002,0.47899999999999998,0.087407691935471543,0.83310639509639972,0,0,0,40,True,0.0086733786173305398,False,False,0.00084786314457791824,1.1837821058171558,0.499774
0.84999999999999998,184,-0.50632818231643262,0.52900000000000003,0.505,0.44597477405758063,0.30492350853854133,0,0,0,49,True,0.0090151644814658611,False,False,-0.29333850291300162,1.2098295592007686,0.52929400000000004
0.65000000000000002,184,-1.0564069209451714,0.56137499999999996,0.53400000000000003,0.29835127092656349,0.20233565782553578,0,0,0,74,True,0.0084575500295651224,False,False,-0.79834597969550514,1.3665569892860103,0.56369400000000003
0.5,184,-1.3420398670019136,0.58099999999999996,0.57899999999999996,0.74548681477334178,0.87270656823560244,1,0,0,124,True,0.008293503886816973,False,False,-1.3475760776189629,1.6531130939443468,0.58186099999999996
1,185,0.0075814781129917548,0.50775000000000003,0.50600000000000001,0.98998088032822018,0.67573919394709425,0,0,0,38,True,0.0082565056743316191,False,False,0.00084786314457791824,1.1837821058171558,0.499774
0.84999999999999998,185,-0.57179701324180199,0.53349999999999997,0.502,0.3142879739677138,0.52817519704382654,0,0,0,50,True,0.0083338284398867136,False,False,-0.29333850291300162,1.2098295592007686,0.52929400000000004
0.65000000000000002,185,-1.1985598523448433,0.57599999999999996,0.57199999999999995,0.9343648295799486,0.97824925523866002,1,0,0,108,True,0.008633198153975518,False,False,-0.79834597969550514,1.3665569892860103,0.56369400000000003
0.5,185,-1.5595372581322946,0.59624999999999995,0.60399999999999998,0.80853461957677919,0.62890586329079845,1,0,0,211,True,0.0083756063627134364,False,False,-1.3475760776189629,1.6531130939443468,0.58186099999999996
1,186,-0.074083946453287322,0.49987500000000001,0.51300000000000001,0.20796372563417845,0.19222072082292926,0,0,0,39,True,0.0086640487150783513,False,False,0.00084786314457791824,1.1837821058171558,0.499774
0.84999999999999998,186,-0.56317862484473147,0.53162500000000001,0.55500000000000005,0.17535402408712508,0.23424954853662674,0,0,0,65,True,0.0085813173264192976,False,False,-0.29333850291300162,1.2098295592007686,0.52929400000000004
0.65000000000000002,186,-1.1018734957026819,0.56637499999999996,0.57899999999999996,0.041102271393437591,0.038252054814592922,1,0,0,102,True,0.009087447393778262,False,False,-0.79834597969550514,1.3665569892860103,0.56369400000000003
0.5,186,-1.4436368348461255,0.58425000000000005,0.60799999999999998,0.53536857234956381,0.24882715992702065,1,0,0,123,True,0.0090370965679413811,False,False,-1.3475760776189629,1.6531130939443468,0.58186099999999996
1,187,0.11390774501685062,0.49962499999999999,0.50800000000000001,0.61891876514322886,0.69438880127172764,0,0,0,50,True,0.0088536760247426485,False,False,0.00084786314457791824,1.1837821058171558,0.499774
0.84999999999999998,187,-0.38865176837874671,0.52387499999999998,0.54100000000000004,0.63808914950879558,0.4956787777368753,0,0,0,40,True,0.0090234123734240605,False,False,-0.29333850291300162,1.2098295592007686,0.52929400000000004
0.65000000000000002,187,-1.0371534852577255,0.55725000000000002,0.56999999999999995,0.44809833630816748,0.74764828051724541,0,0,0,58,True,0.0085735341730164526,False,False,-0.79834597969550514,1.3665569892860103,0.56369400000000003
0.5,187,-1.3809065723237508,0.57599999999999996,0.57399999999999995,0.60719217876806053,0.4066163168323223,1,0,0,94,True,0.0083917827594501213,False,False,-1.3475760776189629,1.6531130939443468,0.58186099999999996
1,188,-0.031058994288905295,0.50187499999999996,0.52100000000000002,0.25913783634839854,0.57242839299327175,0,0,0,38,True,0.0087914258215854631,False,False,0.00084786314457791824,1.1837821058171558,0.499774
0.84999999999999998,188,-0.45644104083734749,0.53249999999999997,0.53700000000000003,0.10958245648847265,0.067150997207946858,0,0,0,47,True,0.0085708111399157121,False,False,-0.29333850291300162,1.2098295592007686,0.52929400000000004
0.65000000000000002,188,-1.0281000235702269,0.55862500000000004,0.54800000000000004,0.085810160016419251,0.0502158534583238,0,0,0,59,True,0.0083787668330867569,False,False,-0.79834597969550514,1.3665569892860103,0.56369400000000003
0.5,188,-1.3323545837989066,0.57274999999999998,0.55900000000000005,0.60862167232038267,0.45560163216175181,1,0,0,112,True,0.0084280335792360998,False,False,-1.3475760776189629,1.6531130939443468,0.58186099999999996
1,189,0.096940074660772382,0.48399999999999999,0.501,0.51714057991375983,0.46096793231553568,1,1,1,85,True,0.0079086432070619543,False,False,0.00084786314457791824,1.1837821058171558,0.499774
0.84999999999999998,189,-0.51006670903145446,0.52087499999999998,0.53300000000000003,0.057721631189324218,0.17395444975952501,0,0,0,66,True,0.0079478552718039459,False,False,-0.29333850291300162,1.2098295592007686,0.52929400000000004
0.65000000000000002,189,-1.4164508497344386,0.56337499999999996,0.57999999999999996,0.2341129057536678,0.22101343128361167,1,0,0,89,True,0.0084842377219258233,False,False,-0.79834597969550514,1.3665569892860103,0.56369400000000003
0.5,189,-1.8006400882304205,0.58050000000000002,0.621,0.097279266640150117,0.19772450141642067,1,0,0,163,True,0.0090006047016141771,False,False,-1.3475760776189629,1.6531130939443468,0.58186099999999996
1,190,-0.069869535095575322,0.48625000000000002,0.47299999999999998,0.60027533355227192,0.67851906841789011,0,0,0,40,True,0.0086946154894406782,False,False,0.00084786314457791824,1.1837821058171558,0.499774
0.84999999999999998,190,-0.56092985811487706,0.51949999999999996,0.53200000000000003,0.11886749166078349,0.16903383704532546,0,0,0,41,True,0.008639289682560853,False,False,-0.29333850291300162,1.2098295592007686,0.52929400000000004
0.65000000000000002,190,-1.164525000859691,0.55612499999999998,0.55400000000000005,0.8250921219243299,0.59109520594753628,0,0,0,50,True,0.0080042723039854616,False,False,-0.79834597969550514,1.3665569892860103,0.56369400000000003
0.5,190,-1.4983484912479843,0.58474999999999999,0.58899999999999997,0.24946088159605631,0.32788121545621546,1,0,0,161,True,0.0082521689313618078,False,False,-1.3475760776189629,1.6531130939443468,0.58186099999999996
1,191,0.065989944231470268,0.50449999999999995,0.51200000000000001,0.012177314753964616,0.68686607437038794,0,0,0,47,True,0.0082549684968157913,False,False,0.00084786314457791824,1.1837821058171558,0.499774
0.84999999999999998,191,-0.46301891389179262,0.53549999999999998,0.53900000000000003,0.30773552971338403,0.69205127605613748,0,0,0,53,True,0.0085619904905713442,False,False,-0.29333850291300162,1.2098295592007686,0.52929400000000004
0.65000000000000002,191,-1.0942665017144793,0.56237499999999996,0.56100000000000005,0.9823183892268218,0.9624685866604068,1,0,0,90,True,0.0082472235998613478,False,False,-0.79834597969550514,1.3665569892860103,0.56369400000000003
0.5,191,-1.443718169842598,0.57999999999999996,0.59999999999999998,0.64376692631628707,0.74771541078681936,1,0,0,103,True,0.0079518597933531093,False,False,-1.3475760776189629,1.6531130939443468,0.58186099999999996
1,192,0.12586778444910821,0.50600000000000001,0.47499999999999998,0.032043538560507033,0.5363771155150544,0,0,0,48,True,0.0084432130341161662,False,False,0.00084786314457791824,1.1837821058171558,0.499774
0.84999999999999998,192,-0.46967665393187841,0.52675000000000005,0.51500000000000001,0.17750622631760665,0.040059886200328979,0,0,0,59,True,0.0084678402016276078,False,False,-0.29333850291300162,1.2098295592007686,0.52929400000000004
0.65000000000000002,192,-1.09440475862511,0.56574999999999998,0.55700000000000005,0.12237933160817022,0.29293579515292523,1,0,0,102,True,0.0082477201806382145,False,False,-0.79834597969550514,1.3665569892860103,0.56369400000000003
0.5,192,-1.4481479495082812,0.581125,0.57199999999999995,0.32419160719250445,0.31968915559719641,1,0,0,156,True,0.0087621667816357354,False,False,-1.3475760776189629,1.6531130939443468,0.58186099999999996
1,193,0.021495784430036045,0.49975000000000003,0.496,0.70793301827852484,0.48768740360152452,0,0,0,36,True,0.0084245600161720318,False,False,0.00084786314457791824,1.1837821058171558,0.499774
0.84999999999999998,193,-0.43039945882094127,0.52725,0.52900000000000003,0.73989900594415481,0.89488860650125301,0,0,0,48,True,0.0083753791464178089,False,False,-0.29333850291300162,1.2098295592007686,0.52929400000000004
0.65000000000000002,193,-1.0776776071092824,0.55625000000000002,0.54400000000000004,0.73770971688331288,0.61281691062156729,1,0,0,93,True,0.0082328757452083765,False,False,-0.79834597969550514,1.3665569892860103,0.56369400000000003
0.5,193,-1.4396776197041676,0.56737499999999996,0.54600000000000004,0.77944258646050291,0.8234131592261974,1,0,0,109,True,0.0083778892358115711,False,False,-1.3475760776189629,1.6531130939443468,0.58186099999999996
1,194,0.092128055518835086,0.49625000000000002,0.48699999999999999,0.42219342871705579,0.058726661736903676,0,0,0,36,True,0.0084376238398438524,False,False,0.00084786314457791824,1.1837821058171558,0.499774
0.84999999999999998,194,-0.40490359847829771,0.52575000000000005,0.51400000000000001,0.14327772278932868,0.49883649386975903,0,0,0,40,True,0.0086826555170213173,False,False,-0.29333850291300162,1.2098295592007686,0.52929400000000004
0.65000000000000002,194,-1.0650497716950782,0.5585,0.54600000000000004,0.032988008839447205,0.014310615570925641,1,0,0,77,True,0.0084924131573589825,False,False,-0.79834597969550514,1.3665569892860103,0.56369400000000003
0.5,194,-1.429254907352258,0.57525000000000004,0.57499999999999996,0.14029961855639378,0.081928141371256868,0,0,0,66,True,0.008344171772538973,False,False,-1.3475760776189629,1.6531130939443468,0.58186099999999996
1,195,0.019273982020737452,0.50175000000000003,0.48299999999999998,0.92312859130871594,0.98814104243024514,0,0,0,44,True,0.0090316901455908642,False,False,0.00084786314457791824,1.1837821058171558,0.499774
0.84999999999999998,195,-0.42200506515160235,0.53374999999999995,0.51600000000000001,0.8852660617865209,0.44674663662416014,0,0,0,47,True,0.0088235935759236831,False,False,-0.29333850291300162,1.2098295592007686,0.52929400000000004
0.65000000000000002,195,-1.043773310984172,0.56112499999999998,0.56999999999999995,0.43409514978419733,0.20239339091079137,0,0,0,58,True,0.0085850762718323818,False,False,-0.79834597969550514,1.3665569892860103,0.56369400000000003
0.5,195,-1.3372126786933634,0.58525000000000005,0.60399999999999998,0.053110146918370002,0.19173401686990529,1,0,0,111,True,0.0087298163722264906,False,False,-1.3475760776189629,1.6531130939443468,0.58186099999999996
1,196,-0.076959482917117544,0.50349999999999995,0.504,0.33344586398812032,0.71971059274363414,0,0,0,42,True,0.0087616384286770665,False,False,0.00084786314457791824,1.1837821058171558,0.499774
0.84999999999999998,196,-0.48421759865876257,0.52537500000000004,0.51500000000000001,0.049716298226629652,0.50568800291411187,0,0,0,43,True,0.0088879904650443087,False,False,-0.29333850291300162,1.2098295592007686,0.52929400000000004
0.65000000000000002,196,-1.026645972056327,0.55637499999999995,0.55000000000000004,0.16777853658735312,0.09229179430319441,1,0,0,76,True,0.0084937783709943971,False,False,-0.79834597969550514,1.3665569892860103,0.56369400000000003
0.5,196,-1.3578594761185376,0.57525000000000004,0.58299999999999996,0.05994153535889387,0.32716217654271412,1,0,0,93,True,0.0086858094434882367,False,False,-1.3475760776189629,1.6531130939443468,0.58186099999999996
1,197,0.095274354116102231,0.49525000000000002,0.503,0.38894118800867672,0.30341908372648502,0,0,0,57,True,0.0080165927795186331,False,False,0.00084786314457791824,1.1837821058171558,0.499774
0.84999999999999998,197,-0.49193854180339952,0.52175000000000005,0.52200000000000002,0.25875671565847425,0.37025976597572952,0,0,0,51,True,0.0079421093279986883,False,False,-0.29333850291300162,1.2098295592007686,0.52929400000000004
0.65000000000000002,197,-1.1452907607361091,0.56037499999999996,0.56000000000000005,0.92089146013585321,0.92350227979761945,0,0,0,71,True,0.0080366854705805676,False,False,-0.79834597969550514,1.3665569892860103,0.56369400000000003
0.5,197,-1.5017978699749925,0.58399999999999996,0.58199999999999996,0.34544237473074796,0.27245591255838525,1,0,0,134,True,0.0077347375221991184,False,False,-1.3475760776189629,1.6531130939443468,0.58186099999999996
1,198,-0.13192975517900896,0.49962499999999999,0.51100000000000001,0.90079544760366426,0.19132412731230747,0,0,0,47,True,0.0084618291189860924,False,False,0.00084786314457791824,1.1837821058171558,0.499774
0.84999999999999998,198,-0.55670652181872693,0.53537500000000005,0.54200000000000004,0.95105848106383462,0.87689574171839413,0,0,0,46,True,0.0087894287385533489,False,False,-0.29333850291300162,1.2098295592007686,0.52929400000000004
0.65000000000000002,198,-1.1807984926858723,0.56912499999999999,0.55800000000000005,0.4896774572796565,0.29734767210225455,1,0,0,83,True,0.0089761813077870855,False,False,-0.79834597969550514,1.3665569892860103,0.56369400000000003
0.5,198,-1.5079629855474721,0.58074999999999999,0.58999999999999997,0.71500050142607252,0.33975422954036855,1,0,0,98,True,0.0085779713517581437,False,False,-1.3475760776189629,1.6531130939443468,0.58186099999999996
1,199,-0.091352381350668782,0.49812499999999998,0.5,0.35740307699891599,0.31333078573509898,0,0,0,42,True,0.0078115779977940246,False,False,0.00084786314457791824,1.1837821058171558,0.499774
0.84999999999999998,199,-0.56907629858142605,0.518625,0.54200000000000004,0.54484524463575246,0.78945510480434511,0,0,0,66,True,0.007971707142543704,False,False,-0.29333850291300162,1.2098295592007686,0.52929400000000004
0.65000000000000002,199,-1.0708623063292908,0.55612499999999998,0.57399999999999995,0.93447731382208643,0.95081397044766514,1,0,0,81,True,0.0085176026114789256,False,False,-0.79834597969550514,1.3665569892860103,0.56369400000000003
0.5,199,-1.3670173695620578,0.57387500000000002,0.58699999999999997,0.82337910651196644,0.86094220912707176,1,0,0,99,True,0.0085273470034451827,False,False,-1.3475760776189629,1.6531130939443468,0.58186099999999996
1,200,-0.01871449031982814,0.50949999999999995,0.51700000000000002,0.087599200501121507,0.27032277168724345,0,0,0,43,True,0.009378307925266777,False,False,0.00084786314457791824,1.1837821058171558,0.499774
0.84999999999999998,200,-0.4482604969414824,0.53537500000000005,0.56100000000000005,0.30326918951296694,0.69554695969368086,0,0,0,62,True,0.0091081732454994877,False,False,-0.29333850291300162,1.2098295592007686,0.52929400000000004
0.65000000000000002,200,-1.0640654340461231,0.56525000000000003,0.56299999999999994,0.22737066274319775,0.2146212630778575,1,0,0,89,True,0.009067322703107103,False,False,-0.79834597969550514,1.3665569892860103,0.56369400000000003
0.5,200,-1.4807444950168034,0.58574999999999999,0.57699999999999996,0.15064601611275014,0.13904984472316698,1,0,0,128,True,0.0086672119191585854,False,False,-1.3475760776189629,1.6531130939443468,0.58186099999999996
1,201,0.025140364338483032,0.49387500000000001,0.49199999999999999,0.95085636737019952,0.43216502277011143,0,0,0,42,True,0.007669419840015736,False,False,0.00084786314457791824,1.1837821058171558,0.499774
0.84999999999999998,201,-0.41859002560400704,0.52337500000000003,0.53200000000000003,0.89843350525865417,0.72977539499558697,0,0,0,54,True,0.0083251483176434073,False,False,-0.29333850291300162,1.2098295592007686,0.52929400000000004
0.65000000000000002,201,-1.082431360083832,0.56074999999999997,0.56699999999999995,0.92358718210533686,0.85991162863556603,0,0,0,73,True,0.0085774591977406632,False,False,-0.79834597969550514,1.3665569892860103,0.56369400000000003
0.5,201,-1.3803344838848657,0.58137499999999998,0.60099999999999998,0.38567965308103463,0.20066972564065122,1,0,0,142,True,0.0084954659434116151,False,False,-1.3475760776189629,1.6531130939443468,0.58186099999999996
1,202,0.0082248001770891914,0.50112500000000004,0.48199999999999998,0.0062532973698354189,0.0040799104614588182,0,0,0,38,True,0.0080909788195522858,False,False,0.00084786314457791824,1.1837821058171558,0.499774
0.84999999999999998,202,-0.45029034104228183,0.53049999999999997,0.52500000000000002,0.19362876375742272,0.32444519473861405,0,0,0,44,True,0.0080409779261546629,False,False,-0.29333850291300162,1.2098295592007686,0.52929400000000004
0.65000000000000002,202,-1.0349683056576562,0.56425000000000003,0.57099999999999995,0.97809867286370378,0.89925374714888262,1,0,0,90,True,0.0082294830781134351,False,False,-0.79834597969550514,1.3665569892860103,0.56369400000000003
0.5,202,-1.317666569318996,0.58187500000000003,0.58699999999999997,0.45143616506453632,0.32769356288183116,1,0,0,114,True,0.0086440714461063738,False,False,-1.3475760776189629,1.6531130939443468,0.58186099999999996
1,203,0.10315793331299458,0.489875,0.496,0.38185704069740134,0.16274448966865529,0,0,0,42,True,0.0087318943191493879,False,False,0.00084786314457791824,1.1837821058171558,0.499774
0.84999999999999998,203,-0.40847804712220331,0.53062500000000001,0.52500000000000002,0.69780946018117307,0.65850544516697573,0,0,0,46,True,0.0090610354220246551,False,False,-0.29333850291300162,1.2098295592007686,0.52929400000000004
0.65000000000000002,203,-1.0614634069325337,0.56212499999999999,0.56599999999999995,0.41637156215871501,0.55704656486654369,1,0,0,86,True,0.0087614851941694525,False,False,-0.79834597969550514,1.3665569892860103,0.56369400000000003
0.5,203,-1.4308460941307024,0.58074999999999999,0.59799999999999998,0.13264237460885642,0.081817154726342406,0,0,0,72,True,0.0091221500292766391,False,False,-1.3475760776189629,1.6531130939443468,0.58186099999999996
1,204,-0.024325496135863094,0.50587499999999996,0.47399999999999998,0.39055992281089841,0.75536776866526123,0,0,0,39,True,0.009577501101169332,False,False,0.00084786314457791824,1.1837821058171558,0.499774
0.84999999999999998,204,-0.48343453640887213,0.53437500000000004,0.501,0.22959544320406428,0.060470525840976515,0,0,0,40,True,0.0091245453730752907,False,False,-0.29333850291300162,1.2098295592007686,0.52929400000000004
0.65000000000000002,204,-1.0563177632557865,0.56699999999999995,0.54500000000000004,0.50541324401081023,0.52716798230651163,1,0,0,124,True,0.0091224389937971575,False,False,-0.79834597969550514,1.3665569892860103,0.56369400000000003
0.5,204,-1.3337693443030967,0.58412500000000001,0.58599999999999997,0.84626721187489307,0.91325400070008611,1,0,0,155,True,0.0084989829437858259,False,False,-1.3475760776189629,1.6531130939443468,0.58186099999999996
1,205,-0.061036910162202446,0.49762499999999998,0.5,0.73662543246741052,0.72816250720480746,0,0,0,38,True,0.0083868567244324323,False,False,0.00084786314457791824,1.1837821058171558,0.499774
0.84999999999999998,205,-0.54818538515107751,0.53262500000000002,0.54800000000000004,0.30594638334357444,0.16709466931330361,0,0,0,51,True,0.008285515215874794,False,False,-0.29333850291300162,1.2098295592007686,0.52929400000000004
0.65000000000000002,205,-1.2712297513799284,0.56762500000000005,0.56399999999999995,0.0086848463910870789,0.0079317061682171452,1,0,0,82,True,0.0080780634127964115,False,False,-0.79834597969550514,1.3665569892860103,0.56369400000000003
0.5,205,-1.6060821330069768,0.58037499999999997,0.57899999999999996,0.24474830580972801,0.41632069111760733,1,0,0,100,True,0.007909070119074926,False,False,-1.3475760776189629,1.6531130939443468,0.58186099999999996
1,206,0.059286365350802936,0.50049999999999994,0.48499999999999999,0.68712148162153963,0.51334295338185099,0,0,0,41,True,0.0084218901353803281,False,False,0.00084786314457791824,1.1837821058171558,0.499774
0.84999999999999998,206,-0.40791175477431219,0.52825,0.51900000000000002,0.64514863690425805,0.59336299495015743,0,0,0,49,True,0.0080973038227529649,False,False,-0.29333850291300162,1.2098295592007686,0.52929400000000004
0.65000000000000002,206,-1.1791758478399503,0.55962500000000004,0.52900000000000003,0.60103120618130801,0.55719918060276219,1,0,0,75,True,0.0081529757005263295,False,False,-0.79834597969550514,1.3665569892860103,0.56369400000000003
0.5,206,-1.525891686464818,0.574125,0.54600000000000004,0.12306254629474851,0.10855352486346662,1,0,0,104,True,0.0087909621261964745,False,False,-1.3475760776189629,1.6531130939443468,0.58186099999999996
1,207,-0.09318159845605864,0.49937500000000001,0.52100000000000002,0.11272377675599794,0.74414666196510004,0,0,0,48,True,0.0080710856888953214,False,False,0.00084786314457791824,1.1837821058171558,0.499774
0.84999999999999998,207,-0.55384138841622776,0.53174999999999994,0.55400000000000005,0.59513903212609387,0.50840674540767306,0,0,0,45,True,0.0080960650380692972,False,False,-0.29333850291300162,1.2098295592007686,0.52929400000000004
0.65000000000000002,207,-1.1333071142534767,0.56987500000000002,0.56699999999999995,0.099276176797172086,0.18287062769563187,1,0,0,92,True,0.0079124039089806392,False,False,-0.79834597969550514,1.3665569892860103,0.56369400000000003
0.5,207,-1.4522124134628271,0.58787500000000004,0.57699999999999996,0.46945925858139126,0.42469389480418029,1,0,0,129,True,0.0080388751941430359,False,False,-1.3475760776189629,1.6531130939443468,0.58186099999999996
1,208,0.10564771339017083,0.50375000000000003,0.51100000000000001,0.82855800220896803,0.23230972207729975,0,0,0,34,True,0.007888311954475093,False,False,0.00084786314457791824,1.1837821058171558,0.499774
0.84999999999999998,208,-0.44629662725001862,0.53574999999999995,0.54100000000000004,0.28073712992003241,0.27261235224847724,0,0,0,60,True,0.0081297026961410571,False,False,-0.29333850291300162,1.2098295592007686,0.52929400000000004
0.65000000000000002,208,-1.029404273774926,0.56699999999999995,0.57299999999999995,0.40716669483843881,0.24566812851144235,1,0,0,102,True,0.0082794564545321109,False,False,-0.79834597969550514,1.3665569892860103,0.56369400000000003
0.5,208,-1.3269563795994099,0.58962499999999995,0.59399999999999997,0.92515289838835102,0.44727527622051205,1,0,0,129,True,0.008539234070299561,False,False,-1.3475760776189629,1.6531130939443468,0.58186099999999996
1,209,-0.10267593478392921,0.50312500000000004,0.51600000000000001,0.11187675901440741,0.13000419749188991,0,0,0,40,True,0.0084495757260356803,False,False,0.00084786314457791824,1.1837821058171558,0.499774
0.84999999999999998,209,-0.52197989320364258,0.53687499999999999,0.53500000000000003,0.44445943454062448,0.53217103318748094,0,0,0,60,True,0.0085364432552636465,False,False,-0.29333850291300162,1.2098295592007686,0.52929400000000004
0.65000000000000002,209,-1.1632704672616581,0.57050000000000001,0.59399999999999997,0.49011012008988253,0.6392715128258285,0,0,0,69,True,0.009044343315856183,False,False,-0.79834597969550514,1.3665569892860103,0.56369400000000003
0.5,209,-1.4996914112330679,0.582125,0.59199999999999997,0.60368840361538578,0.54597909002815892,1,0,0,86,True,0.0079834700630849204,False,False,-1.3475760776189629,1.6531130939443468,0.58186099999999996
1,210,0.083795172394673462,0.49625000000000002,0.504,0.92933140217235943,0.59271460796848352,0,0,0,48,True,0.0087645782089352028,False,False,0.00084786314457791824,1.1837821058171558,0.499774
0.84999999999999998,210,-0.33808462838557257,0.53474999999999995,0.54200000000000004,0.98636276431865277,0.97548522579250141,0,0,0,53,True,0.0086470486657057519,False,False,-0.29333850291300162,1.2098295592007686,0.52929400000000004
0.65000000000000002,210,-0.89587862289325182,0.56299999999999994,0.56699999999999995,0.96856052617921407,0.66252913898575394,0,0,0,67,True,0.0087611087686555091,False,False,-0.79834597969550514,1.3665569892860103,0.56369400000000003
0.5,210,-1.3609943363559278,0.58412500000000001,0.57899999999999996,0.71823800391979598,0.74904151943365149,1,0,0,102,True,0.0088418602128258628,False,False,-1.3475760776189629,1.6531130939443468,0.58186099999999996
1,211,-0.055280779663499792,0.50437500000000002,0.50600000000000001,0.43210225201327362,0.15897528549028064,0,0,0,49,True,0.0085241942253004143,False,False,0.00084786314457791824,1.1837821058171558,0.499774
0.84999999999999998,211,-0.53973806875070762,0.53412499999999996,0.54000000000000004,0.030176544361261194,0.012663244663889369,0,0,0,66,True,0.0085160238007038931,False,False,-0.29333850291300162,1.2098295592007686,0.52929400000000004
0.65000000000000002,211,-1.1645031102875043,0.56287500000000001,0.56999999999999995,0.35944130391011031,0.69948416047306305,0,0,0,66,True,0.0086903011784349397,False,False,-0.79834597969550514,1.3665569892860103,0.56369400000000003
0.5,211,-1.4786531588694065,0.579125,0.58799999999999997,0.82984524833647211,0.59921057601906003,1,0,0,106,True,0.0082937096027358593,False,False,-1.3475760776189629,1.6531130939443468,0.58186099999999996
1,212,-0.091229300701674829,0.49362499999999998,0.51300000000000001,0.34888453853188034,0.48245213064887205,0,0,0,43,True,0.0092414311697559415,False,False,0.00084786314457791824,1.1837821058171558,0.499774
0.84999999999999998,212,-0.59939630718232562,0.52424999999999999,0.53100000000000003,0.44293869361775745,0.11030077062573605,0,0,0,51,True,0.0089844048566811649,False,False,-0.29333850291300162,1.2098295592007686,0.52929400000000004
0.65000000000000002,212,-1.1713373530601419,0.56950000000000001,0.58299999999999996,0.81199141672899611,0.60502411527290034,0,0,0,70,True,0.0087327146577314205,False,False,-0.79834597969550514,1.3665569892860103,0.56369400000000003
0.5,212,-1.5214058767189744,0.59012500000000001,0.59599999999999997,0.94417414893160545,0.92790620921117539,1,0,0,243,True,0.0082584876271780978,False,False,-1.3475760776189629,1.6531130939443468,0.58186099999999996
1,213,0.012388950113868176,0.481875,0.47599999999999998,0.84495048325612443,0.056955081365605717,0,0,0,51,True,0.0086385113205781766,False,False,0.00084786314457791824,1.1837821058171558,0.499774
0.84999999999999998,213,-0.42284570603317129,0.51924999999999999,0.51200000000000001,0.88265594077518528,0.39904350234043162,0,0,0,43,True,0.0087049639598503637,False,False,-0.29333850291300162,1.2098295592007686,0.52929400000000004
0.65000000000000002,213,-0.93220386567776659,0.56274999999999997,0.55300000000000005,0.43668163776696123,0.66595994503163158,1,0,0,76,True,0.0084970820480784349,False,False,-0.79834597969550514,1.3665569892860103,0.56369400000000003
0.5,213,-1.2291609459188759,0.58087500000000003,0.57699999999999996,0.96084365688607321,0.89899548079856062,1,0,0,103,True,0.0086478084968978092,False,False,-1.3475760776189629,1.6531130939443468,0.58186099999999996
1,214,-0.098101934402937185,0.5,0.51900000000000002,0.084475418341098521,0.19267079354389516,0,0,0,46,True,0.0089302243026542962,False,False,0.00084786314457791824,1.1837821058171558,0.499774
0.84999999999999998,214,-0.56314284762478239,0.53537500000000005,0.55600000000000005,0.98101698458619302,0.4450410911424928,1,1,0,87,True,0.008805241258593461,False,False,-0.29333850291300162,1.2098295592007686,0.52929400000000004
0.65000000000000002,214,-1.1337369992250304,0.57337499999999997,0.60299999999999998,0.99605606873037966,0.97717800789977882,1,0,0,117,True,0.008783703485843718,False,False,-0.79834597969550514,1.3665569892860103,0.56369400000000003
0.5,214,-1.3818672534181742,0.58474999999999999,0.60699999999999998,0.15379072035602837,0.49557338334806544,1,0,0,118,True,0.0086182370386823585,False,False,-1.3475760776189629,1.6531130939443468,0.58186099999999996
1,215,0.037611269226894409,0.49825000000000003,0.49099999999999999,0.75840283466029557,0.52914182881791616,0,0,0,40,True,0.008703375464881067,False,False,0.00084786314457791824,1.1837821058171558,0.499774
0.84999999999999998,215,-0.51378814042872789,0.53037500000000004,0.52000000000000002,0.85848320672021616,0.72704079619889495,0,0,0,50,True,0.0089324232809092213,False,False,-0.29333850291300162,1.2098295592007686,0.52929400000000004
0.65000000000000002,215,-1.145329394360884,0.56412499999999999,0.55500000000000005,0.37603193948006192,0.40120424823696138,0,0,0,74,True,0.0080783126287900017,False,False,-0.79834597969550514,1.3665569892860103,0.56369400000000003
0.5,215,-1.452731324358669,0.58937499999999998,0.58899999999999997,0.23219653553233899,0.081290858485281864,1,0,0,166,True,0.0081124715734518203,False,False,-1.3475760776189629,1.6531130939443468,0.58186099999999996
1,216,-0.058985515282457039,0.50612500000000005,0.51500000000000001,0.49994643444200837,0.69266953562532807,0,0,0,50,True,0.0086539429365839974,False,False,0.00084786314457791824,1.1837821058171558,0.499774
0.84999999999999998,216,-0.57331748425027185,0.53274999999999995,0.52400000000000002,0.27864200078860724,0.59086207451368922,0,0,0,48,True,0.008543170645532094,False,False,-0.29333850291300162,1.2098295592007686,0.52929400000000004
0.65000000000000002,216,-1.21481870470819,0.56337499999999996,0.53100000000000003,0.1124009691715892,0.055158339664672873,0,0,0,71,True,0.0085090393499906367,False,False,-0.79834597969550514,1.3665569892860103,0.56369400000000003
0.5,216,-1.5459819683499889,0.57537499999999997,0.54200000000000004,0.15905643971681918,0.021401006357651749,1,0,0,133,True,0.0080048351066627031,False,False,-1.3475760776189629,1.6531130939443468,0.58186099999999996
1,217,-0.047428484441600062,0.50212500000000004,0.495,0.10972849958678332,0.52947577133020385,0,0,0,51,True,0.0082823885695466771,False,False,0.00084786314457791824,1.1837821058171558,0.499774
0.84999999999999998,217,-0.45252831723080406,0.52762500000000001,0.51100000000000001,0.38178541820264983,0.71233720056694161,0,0,0,48,True,0.0083612267548202474,False,False,-0.29333850291300162,1.2098295592007686,0.52929400000000004
0.65000000000000002,217,-0.94934688796998445,0.56412499999999999,0.54800000000000004,0.36569788871422715,0.3439358855668338,1,0,0,83,True,0.00822397792207861,False,False,-0.79834597969550514,1.3665569892860103,0.56369400000000003
0.5,217,-1.2381186043296644,0.58687500000000004,0.57699999999999996,0.81370081287659035,0.53858156628653597,1,0,0,151,True,0.0080310940999656268,False,False,-1.3475760776189629,1.6531130939443468,0.58186099999999996
1,218,0.15136343458928958,0.49537500000000001,0.49199999999999999,0.65631684853676209,0.48106219205361789,0,0,0,45,True,0.0082207050247212494,False,False,0.00084786314457791824,1.1837821058171558,0.499774
0.84999999999999998,218,-0.27579714557776586,0.52649999999999997,0.51600000000000001,0.70558592627139627,0.66596841271421747,0,0,0,47,True,0.008391687059430792,False,False,-0.29333850291300162,1.2098295592007686,0.52929400000000004
0.65000000000000002,218,-0.88072581219617352,0.56037499999999996,0.58299999999999996,0.23693773816259955,0.57855993800454186,0,0,0,58,True,0.0087646600215826216,False,False,-0.79834597969550514,1.3665569892860103,0.56369400000000003
0.5,218,-1.2792774774732547,0.58687500000000004,0.61599999999999999,0.94564642653433428,0.80958105200251862,1,0,0,107,True,0.0091994189658970611,False,False,-1.3475760776189629,1.6531130939443468,0.58186099999999996
1,219,0.017767507965184563,0.50149999999999995,0.48699999999999999,0.28211862123738585,0.073247489997849038,0,0,0,34,True,0.0078752373109565576,False,False,0.00084786314457791824,1.1837821058171558,0.499774
0.84999999999999998,219,-0.44072565671866493,0.53087499999999999,0.52900000000000003,0.095210188022071859,0.18051523962715191,0,0,0,45,True,0.0079889384290811206,False,False,-0.29333850291300162,1.2098295592007686,0.52929400000000004
0.65000000000000002,219,-1.1705164276323963,0.56662500000000005,0.55800000000000005,0.37541045358253505,0.20288740389412763,1,0,0,84,True,0.0080666991082405156,False,False,-0.79834597969550514,1.3665569892860103,0.56369400000000003
0.5,219,-1.5797693579295924,0.58562499999999995,0.57799999999999996,0.098316879616183461,0.076798432606307532,1,0,0,100,True,0.008413907873030084,False,False,-1.3475760776189629,1.6531130939443468,0.58186099999999996
1,220,0.094790832922636584,0.50012500000000004,0.48699999999999999,0.92373363085615123,0.60930242046351268,0,0,0,43,True,0.009025301437307242,False,False,0.00084786314457791824,1.1837821058171558,0.499774
0.84999999999999998,220,-0.35290849773181426,0.52887499999999998,0.503,0.23007052100444811,0.68467006709835287,0,0,0,57,True,0.008943827884064736,False,False,-0.29333850291300162,1.2098295592007686,0.52929400000000004
0.65000000000000002,220,-0.94783181270626093,0.56537499999999996,0.55200000000000005,0.63559899786221219,0.75858625967440263,1,0,0,94,True,0.009002941931462935,False,False,-0.79834597969550514,1.3665569892860103,0.56369400000000003
0.5,220,-1.2793869014490213,0.58287500000000003,0.57099999999999995,0.73352691265688241,0.27939349060563118,1,0,0,183,True,0.0085375726475851125,False,False,-1.3475760776189629,1.6531130939443468,0.58186099999999996
1,221,-0.12064496530770917,0.51087499999999997,0.51000000000000001,0.005824476249503583,0.3712869935456638,0,0,0,47,True,0.0083907251209826682,False,False,0.00084786314457791824,1.1837821058171558,0.499774
0.84999999999999998,221,-0.58401231847181068,0.54337500000000005,0.55500000000000005,0.041445303357379636,0.21191175415886745,0,0,0,56,True,0.0086309620935128128,False,False,-0.29333850291300162,1.2098295592007686,0.52929400000000004
0.65000000000000002,221,-1.1281996112733745,0.57112499999999999,0.59499999999999997,0.89467809328733416,0.90665957769236971,1,0,0,80,True,0.008400537576224611,False,False,-0.79834597969550514,1.3665569892860103,0.56369400000000003
0.5,221,-1.4328953865269023,0.58937499999999998,0.60899999999999999,0.7208707458437057,0.799366372905432,1,0,0,126,True,0.0086632152952762081,False,False,-1.3475760776189629,1.6531130939443468,0.58186099999999996
1,222,0.017510396665402966,0.50175000000000003,0.48499999999999999,0.95089502227064548,0.68885866794704553,0,0,0,48,True,0.0078875324736014333,False,False,0.00084786314457791824,1.1837821058171558,0.499774
0.84999999999999998,222,-0.53352437477155701,0.53637500000000005,0.54100000000000004,0.8742031555421067,0.7394567983126682,0,0,0,53,True,0.007729905557544622,False,False,-0.29333850291300162,1.2098295592007686,0.52929400000000004
0.65000000000000002,222,-1.1085559055789518,0.56687500000000002,0.56200000000000006,0.69937244542743671,0.28413627177600415,1,0,0,86,True,0.0077917299154510308,False,False,-0.79834597969550514,1.3665569892860103,0.56369400000000003
0.5,222,-1.4032718886430291,0.58337499999999998,0.58799999999999997,0.76866769126738455,0.72643888724414241,1,0,0,118,True,0.0082374853656021103,False,False,-1.3475760776189629,1.6531130939443468,0.58186099999999996
1,223,-0.019827061857721481,0.4995,0.505,0.39002562630167925,0.96300384154208407,0,0,0,41,True,0.0081261400719736636,False,False,0.00084786314457791824,1.1837821058171558,0.499774
0.84999999999999998,223,-0.47928839229975906,0.52825,0.53200000000000003,0.8829457864327297,0.33842157346350077,0,0,0,45,True,0.0080367939078029391,False,False,-0.29333850291300162,1.2098295592007686,0.52929400000000004
0.65000000000000002,223,-1.1118838151961774,0.56787500000000002,0.57399999999999995,0.44916639105494682,0.25927827113539403,0,0,0,64,True,0.0083582968745140561,False,False,-0.79834597969550514,1.3665569892860103,0.56369400000000003
0.5,223,-1.4422650844121936,0.58362499999999995,0.57599999999999996,0.28346122357638698,0.13057922835270419,1,0,0,113,True,0.0086635723700643919,False,False,-1.3475760776189629,1.6531130939443468,0.58186099999999996
1,224,-0.0053847609357894986,0.496,0.47599999999999998,0.98696967259482271,0.96911654589781426,0,0,0,60,True,0.0088899623596546459,False,False,0.00084786314457791824,1.1837821058171558,0.499774
0.84999999999999998,224,-0.38699437715463431,0.53062500000000001,0.51700000000000002,0.43682507578243324,0.45123351968748054,0,0,0,69,True,0.0087240802274276205,False,False,-0.29333850291300162,1.2098295592007686,0.52929400000000004
0.65000000000000002,224,-0.97833769801196713,0.56237499999999996,0.55800000000000005,0.40535361569000439,0.31302156869917014,1,0,0,88,True,0.0081328163639923113,False,False,-0.79834597969550514,1.3665569892860103,0.56369400000000003
0.5,224,-1.2722869703275705,0.58625000000000005,0.58099999999999996,0.54132436332936917,0.79241565831562577,1,0,0,160,True,0.0084702491463016852,False,False,-1.3475760776189629,1.6531130939443468,0.58186099999999996
1,225,-0.038800415468676561,0.51200000000000001,0.53500000000000003,0.43885411980038724,0.60925006067154619,0,0,0,46,True,0.0087486715307125151,False,False,0.00084786314457791824,1.1837821058171558,0.499774
0.84999999999999998,225,-0.46336606677071307,0.53075000000000006,0.53900000000000003,0.67475586075142113,0.43708691968168967,0,0,0,59,True,0.0087380464376057929,False,False,-0.29333850291300162,1.2098295592007686,0.52929400000000004
0.65000000000000002,225,-1.0642081287069689,0.56962500000000005,0.57199999999999995,0.92697974381805526,0.97562039821094715,1,0,0,90,True,0.0086133569712495799,False,False,-0.79834597969550514,1.3665569892860103,0.56369400000000003
0.5,225,-1.4298074785609827,0.58499999999999996,0.57699999999999996,0.77810609349269433,0.82364574285239156,1,0,0,158,True,0.0083589832164532637,False,False,-1.3475760776189629,1.6531130939443468,0.58186099999999996
1,226,-0.0047572175462526657,0.49775000000000003,0.47399999999999998,0.27022267729956762,0.88822435258227661,0,0,0,43,True,0.0087157196697341642,False,False,0.00084786314457791824,1.1837821058171558,0.499774
0.84999999999999998,226,-0.53632746606397663,0.52775000000000005,0.51700000000000002,0.92882322263181505,0.96892671954786758,0,0,0,51,True,0.0081893185813084746,False,False,-0.29333850291300162,1.2098295592007686,0.52929400000000004
0.65000000000000002,226,-1.0628714727175101,0.56562500000000004,0.56200000000000006,0.033884343236337343,0.024344162169567491,0,0,0,70,True,0.0079947335146871371,False,False,-0.79834597969550514,1.3665569892860103,0.56369400000000003
0.5,226,-1.3657677133709423,0.58062499999999995,0.56999999999999995,0.026508928823639442,0.030472288963099805,1,0,0,87,True,0.0080823191775515404,False,False,-1.3475760776189629,1.6531130939443468,0.58186099999999996
1,227,-0.069593912342869296,0.50012500000000004,0.51400000000000001,0.13205153048795482,0.71102226977910443,0,0,0,47,True,0.0087658289254577415,False,False,0.00084786314457791824,1.1837821058171558,0.499774
0.84999999999999998,227,-0.50243019029571179,0.52712499999999995,0.53600000000000003,0.61610746245824632,0.17407170432357807,0,0,0,66,True,0.0087510206266955184,False,False,-0.29333850291300162,1.2098295592007686,0.52929400000000004
0.65000000000000002,227,-1.0981584733662806,0.56412499999999999,0.55500000000000005,0.078567016621497482,0.028386925733798956,1,0,0,95,True,0.008252222446072828,False,False,-0.79834597969550514,1.3665569892860103,0.56369400000000003
0.5,227,-1.4279633635355993,0.59087500000000004,0.58099999999999996,0.18296773067273497,0.27580686223263279,1,0,0,177,True,0.0088527905140518854,False,False,-1.3475760776189629,1.6531130939443468,0.58186099999999996
1,228,-0.012059578756547267,0.50012500000000004,0.48499999999999999,0.33967831631164735,0.17667962395812914,0,0,0,43,True,0.0082831404981618291,False,False,0.00084786314457791824,1.1837821058171558,0.499774
0.84999999999999998,228,-0.46610677440226611,0.53362500000000002,0.53000000000000003,0.71659633724238136,0.89214455123493364,0,0,0,53,True,0.008538747657311007,False,False,-0.29333850291300162,1.2098295592007686,0.52929400000000004
0.65000000000000002,228,-1.0196283614694057,0.57025000000000003,0.56999999999999995,0.045967419992742044,0.055252107456999058,1,0,0,93,True,0.008311240781428364,False,False,-0.79834597969550514,1.3665569892860103,0.56369400000000003
0.5,228,-1.3369312681216952,0.58987500000000004,0.60499999999999998,0.23330675346174984,0.2413219010742895,1,0,0,179,True,0.0082859660765129822,False,False,-1.3475760776189629,1.6531130939443468,0.58186099999999996
1,229,-0.044931598916835194,0.49525000000000002,0.47699999999999998,0.75407202632641546,0.22189235938259394,0,0,0,46,True,0.0092051666058466965,False,False,0.00084786314457791824,1.1837821058171558,0.499774
0.84999999999999998,229,-0.48007200084282892,0.51587499999999997,0.51500000000000001,0.13424699103040619,0.21430883536489717,0,0,0,45,True,0.0088351027567905461,False,False,-0.29333850291300162,1.2098295592007686,0.52929400000000004
0.65000000000000002,229,-1.0629951436964562,0.55874999999999997,0.55500000000000005,0.59252218900118092,0.89789100783405584,0,0,0,59,True,0.0088814289854818422,False,False,-0.79834597969550514,1.3665569892860103,0.56369400000000003
0.5,229,-1.4221143543039028,0.57325000000000004,0.56100000000000005,0.57507854815166648,0.26751478521109784,1,0,0,75,True,0.0089261959126012841,False,False,-1.3475760776189629,1.6531130939443468,0.58186099999999996
1,230,-0.064927482415046825,0.50037500000000001,0.504,0.95473279212700002,0.3566494024801542,0,0,0,44,True,0.0083230745330773979,False,False,0.00084786314457791824,1.1837821058171558,0.499774
0.84999999999999998,230,-0.50573214197618344,0.53449999999999998,0.51800000000000002,0.15094738095304425,0.19032636349853096,0,0,0,51,True,0.0087443384540692448,False,False,-0.29333850291300162,1.2098295592007686,0.52929400000000004
0.65000000000000002,230,-1.1061863593767789,0.56499999999999995,0.55200000000000005,0.53874596621861903,0.31673315681031766,1,0,0,76,True,0.0085235900401143521,False,False,-0.79834597969550514,1.3665569892860103,0.56369400000000003
0.5,230,-1.4293082873735246,0.58812500000000001,0.58299999999999996,0.19756768856494888,0.25042590792518493,1,0,0,129,True,0.0084881668159228554,False,False,-1.3475760776189629,1.6531130939443468,0.58186099999999996
1,231,0.013939662339485227,0.4975,0.48599999999999999,0.39765183555588163,0.0069168821559158029,0,0,0,35,True,0.0080706352202491814,False,False,0.00084786314457791824,1.1837821058171558,0.499774
0.84999999999999998,231,-0.39304199827343378,0.53449999999999998,0.52000000000000002,0.21171049145177451,0.18260436371046476,0,0,0,37,True,0.0081830308414437038,False,False,-0.29333850291300162,1.2098295592007686,0.52929400000000004
0.65000000000000002,231,-1.0059523576529039,0.5645,0.53300000000000003,0.36055129918566226,0.43331247779269833,1,0,0,78,True,0.0087415263020985054,False,False,-0.79834597969550514,1.3665569892860103,0.56369400000000003
0.5,231,-1.3039943384437385,0.58599999999999997,0.56799999999999995,0.3614042309417525,0.34219182111471269,1,0,0,175,True,0.0090153690286045186,False,False,-1.3475760776189629,1.6531130939443468,0.58186099999999996
1,232,0.085409668585923887,0.49587500000000001,0.501,0.90509047153371935,0.31459121654640559,0,0,0,40,True,0.0082553193352241979,False,False,0.00084786314457791824,1.1837821058171558,0.499774
0.84999999999999998,232,-0.4962523192417389,0.52662500000000001,0.54700000000000004,0.53507475116887904,0.91598191383650707,0,0,0,42,True,0.0083649882273500557,False,False,-0.29333850291300162,1.2098295592007686,0.52929400000000004
0.65000000000000002,232,-1.0753443586554639,0.56212499999999999,0.59999999999999998,0.66989658930772966,0.87678487468220623,1,0,0,82,True,0.0083249514882746522,False,False,-0.79834597969550514,1.3665569892860103,0.56369400000000003
0.5,232,-1.4836462201746246,0.577125,0.60499999999999998,0.32401445511152255,0.25904664629765856,1,0,0,92,True,0.0081655151958905502,False,False,-1.3475760776189629,1.6531130939443468,0.58186099999999996
1,233,0.053319584294737002,0.49775000000000003,0.51900000000000002,0.26919770674700294,0.072754969564909663,0,0,0,35,True,0.0085020668537899805,False,False,0.00084786314457791824,1.1837821058171558,0.499774
0.84999999999999998,233,-0.40635727168638153,0.52024999999999999,0.52200000000000002,0.47593550842698951,0.88364407826115321,0,0,0,61,True,0.0087816878223072846,False,False,-0.29333850291300162,1.2098295592007686,0.52929400000000004
0.65000000000000002,233,-1.0182301572703447,0.55574999999999997,0.54200000000000004,0.36907190455001643,0.51447864013989431,1,0,0,94,True,0.0087340959950468981,False,False,-0.79834597969550514,1.3665569892860103,0.56369400000000003
0.5,233,-1.3553423614442619,0.583125,0.56499999999999995,0.91845239493011355,0.98020669961177831,1,0,0,145,True,0.0085323588049495951,False,False,-1.3475760776189629,1.6531130939443468,0.58186099999999996
1,234,0.06687044664655363,0.50949999999999995,0.49199999999999999,0.26665528600354232,0.35624301161862187,0,0,0,45,True,0.0082732821687654147,False,False,0.00084786314457791824,1.1837821058171558,0.499774
0.84999999999999998,234,-0.33383879426844904,0.53362500000000002,0.53200000000000003,0.81748150362573957,0.96676168944254748,0,0,0,58,True,0.0085946990662331881,False,False,-0.29333850291300162,1.2098295592007686,0.52929400000000004
0.65000000000000002,234,-0.95558471287133095,0.56899999999999995,0.55700000000000005,0.51097246352435899,0.53336961346612843,1,0,0,104,True,0.008054552494792571,False,False,-0.79834597969550514,1.3665569892860103,0.56369400000000003
0.5,234,-1.2729170342097915,0.58550000000000002,0.57199999999999995,0.80690696879004253,0.65771501390500153,1,0,0,158,True,0.0082510153455694416,False,False,-1.3475760776189629,1.6531130939443468,0.58186099999999996
1,235,0.024403915165122071,0.50062499999999999,0.49399999999999999,0.69669103542716948,0.54792746883716936,0,0,0,44,True,0.0085294659692547597,False,False,0.00084786314457791824,1.1837821058171558,0.499774
0.84999999999999998,235,-0.4301138355803541,0.52762500000000001,0.52200000000000002,0.43234688067357724,0.23644940854690344,0,0,0,40,True,0.0084647227532350967,False,False,-0.29333850291300162,1.2098295592007686,0.52929400000000004
0.65000000000000002,235,-1.0145855662607071,0.56412499999999999,0.56100000000000005,0.29250510886174547,0.28399761664884149,0,0,0,66,True,0.0092268029390245136,False,False,-0.79834597969550514,1.3665569892860103,0.56369400000000003
0.5,235,-1.3704758647330928,0.57825000000000004,0.57999999999999996,0.090446839870352624,0.079411496203343201,1,0,0,78,True,0.0088919933944908366,False,False,-1.3475760776189629,1.6531130939443468,0.58186099999999996
1,236,0.051471130246364627,0.49737500000000001,0.47899999999999998,0.5579766870177123,0.11563786440417693,0,0,0,56,True,0.0081515443947247149,False,False,0.00084786314457791824,1.1837821058171558,0.499774
0.84999999999999998,236,-0.46022982226106429,0.53075000000000006,0.52100000000000002,0.65077885701834193,0.89904298217994538,0,0,0,57,True,0.0083549854754301402,False,False,-0.29333850291300162,1.2098295592007686,0.52929400000000004
0.65000000000000002,236,-1.1050890849634405,0.56737499999999996,0.53300000000000003,0.068957061395777966,0.11999248046657661,0,0,0,58,True,0.0081859854024533153,False,False,-0.79834597969550514,1.3665569892860103,0.56369400000000003
0.5,236,-1.5055219890296936,0.58699999999999997,0.58399999999999996,0.013550874983067666,0.050974069935356033,1,0,0,108,True,0.0087210902754347001,False,False,-1.3475760776189629,1.6531130939443468,0.58186099999999996
1,237,0.13551326692816018,0.49325000000000002,0.50800000000000001,0.78039661711616437,0.43756791287577462,0,0,0,60,True,0.0086685051674733719,False,False,0.00084786314457791824,1.1837821058171558,0.499774
0.84999999999999998,237,-0.29972372097457384,0.52575000000000005,0.54600000000000004,0.96650385062133537,0.73359198125309955,0,0,0,45,True,0.0085273960170777572,False,False,-0.29333850291300162,1.2098295592007686,0.52929400000000004
0.65000000000000002,237,-0.96827042650474404,0.55612499999999998,0.56200000000000006,0.16307377404454018,0.16841158717728588,0,0,0,64,True,0.0082024581602676023,False,False,-0.79834597969550514,1.3665569892860103,0.56369400000000003
0.5,237,-1.2941590798118494,0.57787500000000003,0.57199999999999995,0.199529810542138,0.046648133226900278,1,0,0,111,True,0.0084183083489335672,False,False,-1.3475760776189629,1.6531130939443468,0.58186099999999996
1,238,-0.015058043085100243,0.49887500000000001,0.47899999999999998,0.41451547945169492,0.78880287004650418,0,0,0,41,True,0.0084505680875773311,False,False,0.00084786314457791824,1.1837821058171558,0.499774
0.84999999999999998,238,-0.40139500146073287,0.52875000000000005,0.51900000000000002,0.78348066057774035,0.43679666783370324,0,0,0,47,True,0.0081977552089225678,False,False,-0.29333850291300162,1.2098295592007686,0.52929400000000004
0.65000000000000002,238,-0.99011337111302566,0.56299999999999994,0.56200000000000006,0.0366159268562114,0.029801088240768884,1,0,0,75,True,0.0084812032554823641,False,False,-0.79834597969550514,1.3665569892860103,0.56369400000000003
0.5,238,-1.2497195435650241,0.58474999999999999,0.58499999999999996,0.70589847441677767,0.89077806054160213,1,0,0,92,True,0.0081274623185640226,False,False,-1.3475760776189629,1.6531130939443468,0.58186099999999996
1,239,-0.18821183792932625,0.498,0.48299999999999998,0.4038892726785393,0.57023909921570071,0,0,0,42,True,0.0086561847303134737,False,False,0.00084786314457791824,1.1837821058171558,0.499774
0.84999999999999998,239,-0.69161781723632587,0.53337500000000004,0.52500000000000002,0.38517736446950729,0.65130511699566629,0,0,0,65,True,0.0086474948205812214,False,False,-0.29333850291300162,1.2098295592007686,0.52929400000000004
0.65000000000000002,239,-1.3193043664552726,0.57225000000000004,0.57399999999999995,0.70761385196167403,0.75559456991480634,1,0,0,125,True,0.0089779720681476445,False,False,-0.79834597969550514,1.3665569892860103,0.56369400000000003
0.5,239,-1.6288908273462719,0.59162499999999996,0.58999999999999997,0.7372932367407633,0.82804786948730391,1,0,0,179,True,0.0081149566691644161,False,False,-1.3475760776189629,1.6531130939443468,0.58186099999999996
1,240,0.076722165636680842,0.50487499999999996,0.48799999999999999,0.21601381604040273,0.50657591766968835,0,0,0,51,True,0.0087175090386782603,False,False,0.00084786314457791824,1.1837821058171558,0.499774
0.84999999999999998,240,-0.40072771080429975,0.53525,0.51700000000000002,0.36554335163118307,0.31556487407195039,0,0,0,63,True,0.008679766269687474,False,False,-0.29333850291300162,1.2098295592007686,0.52929400000000004
0.65000000000000002,240,-1.1000105039900763,0.57162500000000005,0.54300000000000004,0.0015847343045046034,0.0099749126921882258,1,0,0,83,True,0.0085671864212114764,False,False,-0.79834597969550514,1.3665569892860103,0.56369400000000003
0.5,240,-1.4841589174521224,0.58225000000000005,0.56499999999999995,0.15085783741227665,0.26272890685136463,1,0,0,121,True,0.0085090663306599378,False,False,-1.3475760776189629,1.6531130939443468,0.58186099999999996
1,241,-0.010191007817171936,0.50724999999999998,0.49099999999999999,0.046414527073961577,0.6595834308881352,0,0,0,46,True,0.0084128231732741969,False,False,0.00084786314457791824,1.1837821058171558,0.499774
0.84999999999999998,241,-0.43175915397950793,0.53574999999999995,0.53300000000000003,0.39874484959671591,0.46092006326185797,0,0,0,60,True,0.0079149243054872434,False,False,-0.29333850291300162,1.2098295592007686,0.52929400000000004
0.65000000000000002,241,-1.1657721291088718,0.57462500000000005,0.57799999999999996,0.028642628498500054,0.030671333471567537,0,0,0,73,True,0.0073630938045422751,False,False,-0.79834597969550514,1.3665569892860103,0.56369400000000003
0.5,241,-1.4950183473512149,0.59650000000000003,0.61799999999999999,0.67148491731759408,0.71382459298333556,1,0,0,116,True,0.00770203061869077,False,False,-1.3475760776189629,1.6531130939443468,0.58186099999999996
1,242,0.048139944398305011,0.49875000000000003,0.48699999999999999,0.4711772909744365,0.71511022214509767,0,0,0,38,True,0.0082378189040736589,False,False,0.00084786314457791824,1.1837821058171558,0.499774
0.84999999999999998,242,-0.4078616606027658,0.53262500000000002,0.53400000000000003,0.59873918304258733,0.61546782950571477,0,0,0,61,True,0.0082560502937659222,False,False,-0.29333850291300162,1.2098295592007686,0.52929400000000004
0.65000000000000002,242,-0.98384423851173286,0.56525000000000003,0.56999999999999995,0.79559630590325259,0.66817816031999733,1,0,0,89,True,0.0080561983084177953,False,False,-0.79834597969550514,1.3665569892860103,0.56369400000000003
0.5,242,-1.3114868426276847,0.58225000000000005,0.58799999999999997,0.11781426377262938,0.1013349924112109,1,0,0,141,True,0.0085669700062842354,False,False,-1.3475760776189629,1.6531130939443468,0.58186099999999996
1,243,-0.015689625323005826,0.49399999999999999,0.48499999999999999,0.31935053125998863,0.082515797973484975,0,0,0,42,True,0.0083613504754700939,False,False,0.00084786314457791824,1.1837821058171558,0.499774
0.84999999999999998,243,-0.52073600100794382,0.52787499999999998,0.51600000000000001,0.063263716779530424,0.21146780997937392,0,0,0,43,True,0.0085120502850901201,False,False,-0.29333850291300162,1.2098295592007686,0.52929400000000004
0.65000000000000002,243,-1.1480766234117086,0.56337499999999996,0.56899999999999995,0.05422676025475922,0.21668529976019005,0,0,0,71,True,0.0080983763254958187,False,False,-0.79834597969550514,1.3665569892860103,0.56369400000000003
0.5,243,-1.5546741799170918,0.58150000000000002,0.58499999999999996,0.76357596934834582,0.98025038905997364,1,0,0,75,True,0.0080937003024860628,False,False,-1.3475760776189629,1.6531130939443468,0.58186099999999996
1,244,0.080981981722934832,0.50412500000000005,0.46600000000000003,0.44615590672549671,0.47740584005792597,0,0,0,43,True,0.0078313813220364063,False,False,0.00084786314457791824,1.1837821058171558,0.499774
0.84999999999999998,244,-0.41300818911982839,0.52787499999999998,0.501,0.715243077000562,0.47766853776413543,0,0,0,67,True,0.0080460963002617104,False,False,-0.29333850291300162,1.2098295592007686,0.52929400000000004
0.65000000000000002,244,-1.0538570118734143,0.56100000000000005,0.54100000000000004,0.96843949106872895,0.80479201630871833,1,0,0,94,True,0.008081338318036901,False,False,-0.79834597969550514,1.3665569892860103,0.56369400000000003
0.5,244,-1.354496445117956,0.57850000000000001,0.56899999999999995,0.56987752157208627,0.32431812678404087,1,0,0,118,True,0.0083945496629945927,False,False,-1.3475760776189629,1.6531130939443468,0.58186099999999996
1,245,0.037867548691186012,0.4965,0.498,0.06036768181309015,0.45194075348078816,0,0,0,32,True,0.0092267391790004632,False,False,0.00084786314457791824,1.1837821058171558,0.499774
0.84999999999999998,245,-0.44738421784285459,0.52187499999999998,0.53500000000000003,0.37454737696265289,0.76101505601458808,0,0,0,37,True,0.0087754827999059412,False,False,-0.29333850291300162,1.2098295592007686,0.52929400000000004
0.65000000000000002,245,-1.0130514696916477,0.55900000000000005,0.57399999999999995,0.39175517666270654,0.29886409685973836,1,0,0,75,True,0.0083529631595686445,False,False,-0.79834597969550514,1.3665569892860103,0.56369400000000003
0.5,245,-1.2928584459884249,0.57725000000000004,0.60099999999999998,0.12826057801603918,0.1078616982315113,1,0,0,97,True,0.0085375913282482868,False,False,-1.3475760776189629,1.6531130939443468,0.58186099999999996
1,246,-0.074183575445068511,0.497,0.46999999999999997,0.014686753114338308,0.17352712684652272,0,0,0,38,True,0.0092265092137639171,False,False,0.00084786314457791824,1.1837821058171558,0.499774
0.84999999999999998,246,-0.57917812932301227,0.52512499999999995,0.51100000000000001,0.85880512696181099,0.14381556332295006,0,0,0,57,True,0.0094205522413153102,False,False,-0.29333850291300162,1.2098295592007686,0.52929400000000004
0.65000000000000002,246,-1.1739255658708099,0.5675,0.56100000000000005,0.98826775866687888,0.97869092930053836,0,0,0,73,True,0.0087151901123824933,False,False,-0.79834597969550514,1.3665569892860103,0.56369400000000003
0.5,246,-1.4920504212013759,0.58637499999999998,0.57999999999999996,0.65473336966563578,0.70245302101488627,1,0,0,114,True,0.008701320051257273,False,False,-1.3475760776189629,1.6531130939443468,0.58186099999999996
1,247,-0.083389602125421541,0.49412499999999998,0.47699999999999998,0.64922231733029079,0.073619910077131354,0,0,0,43,True,0.008602104296110127,False,False,0.00084786314457791824,1.1837821058171558,0.499774
0.84999999999999998,247,-0.49422451565540237,0.53274999999999995,0.52900000000000003,0.64352350573795369,0.75292811873655596,0,0,0,56,True,0.0085372580807354815,False,False,-0.29333850291300162,1.2098295592007686,0.52929400000000004
0.65000000000000002,247,-1.1051838718657361,0.57012499999999999,0.57899999999999996,0.35052038100188665,0.22889531850581049,1,0,0,100,True,0.008558385474610573,False,False,-0.79834597969550514,1.3665569892860103,0.56369400000000003
0.5,247,-1.4018635242224073,0.58987500000000004,0.62,0.10642691341787361,0.073686026749956529,1,0,1,193,True,0.0087249932821111559,False,False,-1.3475760776189629,1.6531130939443468,0.58186099999999996
1,248,-0.038744237714698933,0.50124999999999997,0.52000000000000002,0.60008845595874638,0.85963202829038998,0,0,0,39,True,0.0081985078955647706,False,False,0.00084786314457791824,1.1837821058171558,0.499774
0.84999999999999998,248,-0.51917748000015096,0.52549999999999997,0.53400000000000003,0.6049885809359894,0.80895458236708173,0,0,0,52,True,0.0081650813243993991,False,False,-0.29333850291300162,1.2098295592007686,0.52929400000000004
0.65000000000000002,248,-1.1154627941432749,0.55812499999999998,0.56399999999999995,0.76997060372603621,0.56266065200665027,0,0,0,71,True,0.0086728845797006404,False,False,-0.79834597969550514,1.3665569892860103,0.56369400000000003
0.5,248,-1.4832653042437698,0.58174999999999999,0.57099999999999995,0.3615565277705754,0.37778117992430366,1,0,0,104,True,0.0082455734444055948,False,False,-1.3475760776189629,1.6531130939443468,0.58186099999999996
1,249,0.066083472545005517,0.49525000000000002,0.498,0.17519243056982037,0.97865339890238956,0,0,0,44,True,0.0083238217916873167,False,False,0.00084786314457791824,1.1837821058171558,0.499774
0.84999999999999998,249,-0.41391047220507743,0.53500000000000003,0.53300000000000003,0.10875224826319946,0.061452478769498997,0,0,0,57,True,0.0084851187716658144,False,False,-0.29333850291300162,1.2098295592007686,0.52929400000000004
0.65000000000000002,249,-1.0585652907265084,0.56512499999999999,0.54800000000000004,0.34121763522025256,0.3348189846582374,1,0,0,85,True,0.0085270193047887952,False,False,-0.79834597969550514,1.3665569892860103,0.56369400000000003
0.5,249,-1.6926625703992357,0.58199999999999996,0.57399999999999995,0.89154834643241998,0.76753182191296809,1,0,0,144,True,0.0082722929343045683,False,False,-1.3475760776189629,1.6531130939443468,0.58186099999999996
1,250,0.085766534213803827,0.50712500000000005,0.47699999999999998,0.39286086102300249,0.45122175200847736,0,0,0,38,True,0.0089178215903861126,False,False,0.00084786314457791824,1.1837821058171558,0.499774
0.84999999999999998,250,-0.31089810135520768,0.53525,0.51700000000000002,0.59836632856218963,0.47803116680830238,0,0,0,56,True,0.0086440723774007765,False,False,-0.29333850291300162,1.2098295592007686,0.52929400000000004
0.65000000000000002,250,-0.91238219543448507,0.57199999999999995,0.57499999999999996,0.22047185659330246,0.27819066916979673,1,0,0,83,True,0.0082807977857857745,False,False,-0.79834597969550514,1.3665569892860103,0.56369400000000003
0.5,250,-1.2410250941355343,0.58875,0.60299999999999998,0.74072159643363988,0.79544211567434508,1,0,0,214,True,0.0083996415471431045,False,False,-1.3475760776189629,1.6531130939443468,0.58186099999999996
1,251,-0.025906591657936545,0.49675000000000002,0.51900000000000002,0.09997046547191403,0.83764358350146695,0,0,0,38,True,0.0087515956405513351,False,False,0.00084786314457791824,1.1837821058171558,0.499774
0.84999999999999998,251,-0.46272656051976602,0.53062500000000001,0.55800000000000005,0.69052358193979246,0.85931303272991699,0,0,0,55,True,0.0088755808120105223,False,False,-0.29333850291300162,1.2098295592007686,0.52929400000000004
0.65000000000000002,251,-0.99750697116589293,0.55662500000000004,0.56899999999999995,0.93938612985620862,0.91506762059768931,0,0,0,62,True,0.0087279859395813664,False,False,-0.79834597969550514,1.3665569892860103,0.56369400000000003
0.5,251,-1.2945666721302949,0.57587500000000003,0.58999999999999997,0.97294543207547102,0.78984435410391463,1,0,0,96,True,0.0088478585291129064,False,False,-1.3475760776189629,1.6531130939443468,0.58186099999999996
1,252,0.073390894576345886,0.49675000000000002,0.49099999999999999,0.55788225778286049,0.94651161327486499,0,0,0,41,True,0.0084804367033923488,False,False,0.00084786314457791824,1.1837821058171558,0.499774
0.84999999999999998,252,-0.40621408829622951,0.52500000000000002,0.498,0.72086653996469763,0.40363164180403849,0,0,0,44,True,0.0087409987652574302,False,False,-0.29333850291300162,1.2098295592007686,0.52929400000000004
0.65000000000000002,252,-1.0917086701611263,0.56474999999999997,0.53700000000000003,0.53693311231812024,0.31058931267038431,1,0,0,80,True,0.0081560350987677794,False,False,-0.79834597969550514,1.3665569892860103,0.56369400000000003
0.5,252,-1.4787822996215672,0.58725000000000005,0.57299999999999995,0.72024013441498602,0.7735344897137878,1,0,0,143,True,0.0080738281735786583,False,False,-1.3475760776189629,1.6531130939443468,0.58186099999999996
1,253,-0.088226554147522299,0.50524999999999998,0.50800000000000001,0.10884056482077877,0.28952620630602116,0,0,0,46,True,0.0081327812928770199,False,False,0.00084786314457791824,1.1837821058171558,0.499774
0.84999999999999998,253,-0.53430044796448783,0.53587499999999999,0.54700000000000004,0.4462366799382203,0.16243368279796891,0,0,0,48,True,0.0078446632861151958,False,False,-0.29333850291300162,1.2098295592007686,0.52929400000000004
0.65000000000000002,253,-1.1501964997143646,0.5665,0.56999999999999995,0.040749822096996152,0.43534521784231162,0,0,0,73,True,0.0081531958512468146,False,False,-0.79834597969550514,1.3665569892860103,0.56369400000000003
0.5,253,-1.5902724221838602,0.58737499999999998,0.59399999999999997,0.49260121335393725,0.60926250081796174,1,0,0,162,True,0.0083086627012107662,False,False,-1.3475760776189629,1.6531130939443468,0.58186099999999996
1,254,-0.10046667708404997,0.49925000000000003,0.497,0.61155149751506466,0.44637469884683273,0,0,0,54,True,0.0084578826517783083,False,False,0.00084786314457791824,1.1837821058171558,0.499774
0.84999999999999998,254,-0.51436479958780379,0.52675000000000005,0.52000000000000002,0.54029855528688298,0.84968061202485923,0,0,0,38,True,0.0085693213125462454,False,False,-0.29333850291300162,1.2098295592007686,0.52929400000000004
0.65000000000000002,254,-1.0924866467587466,0.55262500000000003,0.54300000000000004,0.92607620194990381,0.64446781172476097,0,0,0,68,True,0.0090487057120415947,False,False,-0.79834597969550514,1.3665569892860103,0.56369400000000003
0.5,254,-1.4241528769951077,0.575125,0.57499999999999996,0.67361772918150331,0.769149760136705,1,0,0,125,True,0.0090061403052454515,False,False,-1.3475760776189629,1.6531130939443468,0.58186099999999996
1,255,-0.028293221945088688,0.49887500000000001,0.503,0.16954820942981111,0.59521211178802047,0,0,0,41,True,0.0092251082290229752,False,False,0.00084786314457791824,1.1837821058171558,0.499774
0.84999999999999998,255,-0.44031170251397489,0.52287499999999998,0.52300000000000002,0.38031723423249159,0.18903446702994312,0,0,0,43,True,0.0088805172388767579,False,False,-0.29333850291300162,1.2098295592007686,0.52929400000000004
0.65000000000000002,255,-1.0101747481524823,0.55825000000000002,0.57199999999999995,0.20065630849579749,0.2664361789889767,0,0,0,60,True,0.0087530023393274058,False,False,-0.79834597969550514,1.3665569892860103,0.56369400000000003
0.5,255,-1.2956556867962583,0.57199999999999995,0.58999999999999997,0.53591970525999222,0.56545741173073671,1,0,0,86,True,0.0089403787672482915,False,False,-1.3475760776189629,1.6531130939443468,0.58186099999999996
1,256,0.11648419158068479,0.49162499999999998,0.495,0.33985301074014168,0.86008207637596579,0,0,0,42,True,0.0083105641897817835,False,False,0.00084786314457791824,1.1837821058171558,0.499774
0.84999999999999998,256,-0.40534317490118232,0.52787499999999998,0.52600000000000002,0.73155356369619673,0.37428523037997929,0,0,0,51,True,0.0086060418637332898,False,False,-0.29333850291300162,1.2098295592007686,0.52929400000000004
0.65000000000000002,256,-1.0550860211964528,0.56237499999999996,0.56899999999999995,0.52156217011616701,0.3758779655356308,0,0,0,50,True,0.0092360451276472348,False,False,-0.79834597969550514,1.3665569892860103,0.56369400000000003
0.5,256,-1.4854863577888833,0.57737499999999997,0.56200000000000006,0.72248984106012659,0.23586875147116301,1,0,0,77,True,0.00865463831993964,False,False,-1.3475760776189629,1.6531130939443468,0.58186099999999996
1,257,-0.043090667428846506,0.49149999999999999,0.47499999999999998,0.60228004833067628,0.73696992882191315,0,0,0,50,True,0.0083262082442587537,False,False,0.00084786314457791824,1.1837821058171558,0.499774
0.84999999999999998,257,-0.46349747253989676,0.52000000000000002,0.52200000000000002,0.49008367930923158,0.10270340065598464,0,0,0,61,True,0.0083004976893488458,False,False,-0.29333850291300162,1.2098295592007686,0.52929400000000004
0.65000000000000002,257,-1.0435478012503416,0.55887500000000001,0.56299999999999994,0.1649615523489199,0.18846786752673664,1,0,0,90,True,0.0085473447749666292,False,False,-0.79834597969550514,1.3665569892860103,0.56369400000000003
0.5,257,-1.4061012874461867,0.57737499999999997,0.58999999999999997,0.83086434343873883,0.46003778185156241,1,0,0,87,True,0.0082358644199083224,False,False,-1.3475760776189629,1.6531130939443468,0.58186099999999996
1,258,0.10308507205059392,0.49249999999999999,0.495,0.72518490068874031,0.65501160757556998,0,0,0,42,True,0.0087332243700861765,False,False,0.00084786314457791824,1.1837821058171558,0.499774
0.84999999999999998,258,-0.47349530232098902,0.52549999999999997,0.51300000000000001,0.88133323849024436,0.53718308150740013,0,0,0,43,True,0.0087939572110536848,False,False,-0.29333850291300162,1.2098295592007686,0.52929400000000004
0.65000000000000002,258,-1.1320616394492384,0.55912499999999998,0.53200000000000003,0.30563639950344362,0.10977471990392978,0,0,0,63,True,0.0086196625397499064,False,False,-0.79834597969550514,1.3665569892860103,0.56369400000000003
0.5,258,-1.4165336701677229,0.57725000000000004,0.55600000000000005,0.29079138837963342,0.031654968355036527,1,0,0,104,True,0.0085004282534840193,False,False,-1.3475760776189629,1.6531130939443468,0.58186099999999996
1,259,0.0025868856974432712,0.4975,0.51900000000000002,0.86091451391882168,0.98030728227563735,0,0,0,50,True,0.0085071725681380109,False,False,0.00084786314457791824,1.1837821058171558,0.499774
0.84999999999999998,259,-0.47694119265568274,0.52612499999999995,0.54200000000000004,0.51672246511159337,0.39066678394727627,0,0,0,42,True,0.0084089076034851266,False,False,-0.29333850291300162,1.2098295592007686,0.52929400000000004
0.65000000000000002,259,-1.0338212261456212,0.56212499999999999,0.56699999999999995,0.075911621782023292,0.14074104719501096,0,0,0,64,True,0.0078397057258204096,False,False,-0.79834597969550514,1.3665569892860103,0.56369400000000003
0.5,259,-1.3606995239447095,0.57874999999999999,0.60199999999999998,0.16958307590327401,0.23549504731482243,1,0,0,117,True,0.0079157701180814135,False,False,-1.3475760776189629,1.6531130939443468,0.58186099999999996
1,260,-0.034228647854205173,0.50212500000000004,0.502,0.24214390613722198,0.65016674922430251,0,0,0,51,True,0.0090300429196297875,False,False,0.00084786314457791824,1.1837821058171558,0.499774
0.84999999999999998,260,-0.4351759754640725,0.52749999999999997,0.53900000000000003,0.4553149381649419,0.78799270599959503,0,0,0,44,True,0.0089240349875936188,False,False,-0.29333850291300162,1.2098295592007686,0.52929400000000004
0.65000000000000002,260,-0.99026044744152142,0.56100000000000005,0.56000000000000005,0.28984603640380385,0.53193998839363454,1,0,0,88,True,0.0088309451156899504,False,False,-0.79834597969550514,1.3665569892860103,0.56369400000000003
0.5,260,-1.3338156886108608,0.57950000000000002,0.57499999999999996,0.31008897489702147,0.23082464188562465,1,0,0,149,True,0.0088940096670154702,False,False,-1.3475760776189629,1.6531130939443468,0.58186099999999996
1,261,0.05777990288672824,0.49837500000000001,0.51500000000000001,0.71023660160954138,0.98676385225231245,0,0,0,52,True,0.0083774123320452965,False,False,0.00084786314457791824,1.1837821058171558,0.499774
0.84999999999999998,261,-0.43371476616606747,0.52812499999999996,0.54600000000000004,0.95928084878808439,0.91803020664739876,0,0,0,46,True,0.0081906520726914081,False,False,-0.29333850291300162,1.2098295592007686,0.52929400000000004
0.65000000000000002,261,-1.0772739045695525,0.57099999999999995,0.57199999999999995,0.160175890617859,0.36640769896855163,1,0,0,83,True,0.0083966828987922446,False,False,-0.79834597969550514,1.3665569892860103,0.56369400000000003
0.5,261,-1.4748710745267155,0.59624999999999995,0.58999999999999997,0.51341246504434679,0.51603000255762266,1,0,0,172,True,0.0084354493394614635,False,False,-1.3475760776189629,1.6531130939443468,0.58186099999999996
1,262,-0.058550894063788432,0.49737500000000001,0.498,0.988203144355287,0.51492053677459926,0,0,0,47,True,0.0083052419263491203,False,False,0.00084786314457791824,1.1837821058171558,0.499774
0.84999999999999998,262,-0.57783207519091906,0.52575000000000005,0.52900000000000003,0.89582851091934368,0.84620110093309631,0,0,0,38,True,0.00848747908497916,False,False,-0.29333850291300162,1.2098295592007686,0.52929400000000004
0.65000000000000002,262,-1.1393888464125512,0.56637499999999996,0.55900000000000005,0.32281413302534018,0.35356940648288587,1,0,0,90,True,0.0083149551461919064,False,False,-0.79834597969550514,1.3665569892860103,0.56369400000000003
0.5,262,-1.4091177666259833,0.58199999999999996,0.58199999999999996,0.25198858742023345,0.35979007730325252,1,0,0,137,True,0.0080876436048441039,False,False,-1.3475760776189629,1.6531130939443468,0.58186099999999996
1,263,0.056743590352966354,0.49587500000000001,0.498,0.4610966430495983,0.74825768844686302,0,0,0,40,True,0.0087015767652924344,False,False,0.00084786314457791824,1.1837821058171558,0.499774
0.84999999999999998,263,-0.3908908334445706,0.52162500000000001,0.49199999999999999,0.68280882156896672,0.58328720403908574,0,0,0,46,True,0.0086566275973469584,False,False,-0.29333850291300162,1.2098295592007686,0.52929400000000004
0.65000000000000002,263,-1.0031454948454097,0.55812499999999998,0.52200000000000002,0.67936001105009691,0.90697857642988289,0,0,0,63,True,0.0082345736661461038,False,False,-0.79834597969550514,1.3665569892860103,0.56369400000000003
0.5,263,-1.3430155675344424,0.58425000000000005,0.54200000000000004,0.084308335963754907,0.090261067883796564,1,0,0,153,True,0.0075914802243524353,False,False,-1.3475760776189629,1.6531130939443468,0.58186099999999996
1,264,0.60928973034503131,0.49662499999999998,0.48799999999999999,0.79236260070032472,0.9588342134977208,0,0,0,40,True,0.0081166203879127451,False,False,0.00084786314457791824,1.1837821058171558,0.499774
0.84999999999999998,264,-0.48551374301608535,0.52149999999999996,0.49399999999999999,0.71251902395105904,0.51050206980799928,0,0,0,52,True,0.0086052182149632516,False,False,-0.29333850291300162,1.2098295592007686,0.52929400000000004
0.65000000000000002,264,-1.3592748191738644,0.56262500000000004,0.54400000000000004,0.37920556979384046,0.56449504028343389,1,0,0,77,True,0.008974161398617524,False,False,-0.79834597969550514,1.3665569892860103,0.56369400000000003
0.5,264,-1.846870695907312,0.57974999999999999,0.55600000000000005,0.25818841657277164,0.55153805662819333,1,0,0,80,True,0.0091111182835455808,False,False,-1.3475760776189629,1.6531130939443468,0.58186099999999996
1,265,-0.011273630101672092,0.49812499999999998,0.47799999999999998,0.96196637484949887,0.85537791601044377,0,0,0,35,True,0.0082184755217684195,False,False,0.00084786314457791824,1.1837821058171558,0.499774
0.84999999999999998,265,-0.45529510953016977,0.53400000000000003,0.51700000000000002,0.94758177557484013,0.98690314486348141,0,0,0,54,True,0.008481754312566361,False,False,-0.29333850291300162,1.2098295592007686,0.52929400000000004
0.65000000000000002,265,-0.97250414660065909,0.56425000000000003,0.53800000000000003,0.13120839368420631,0.060704492381776727,0,0,0,72,True,0.0081434289205263612,False,False,-0.79834597969550514,1.3665569892860103,0.56369400000000003
0.5,265,-1.331888967495902,0.57262500000000005,0.55500000000000005,0.17347192548214524,0.080065036742974827,0,0,0,71,True,0.007458438134717936,False,False,-1.3475760776189629,1.6531130939443468,0.58186099999999996
1,266,0.12596082332550318,0.49012499999999998,0.46800000000000003,0.49842306358235178,0.98804178767603068,0,0,0,40,True,0.0090888009925760224,False,False,0.00084786314457791824,1.1837821058171558,0.499774
0.84999999999999998,266,-0.36843872840610153,0.53062500000000001,0.503,0.21215367896112958,0.08975348120987614,0,1,0,69,True,0.0088527321473357134,False,False,-0.29333850291300162,1.2098295592007686,0.52929400000000004
0.65000000000000002,266,-1.0289064279028588,0.56512499999999999,0.56599999999999995,0.83631075400990884,0.94751903444756969,1,0,0,83,True,0.0092359057262219237,False,False,-0.79834597969550514,1.3665569892860103,0.56369400000000003
0.5,266,-1.4844644254397192,0.58537499999999998,0.59099999999999997,0.5975211356281549,0.88734900338950518,1,0,0,122,True,0.0086586338788197867,False,False,-1.3475760776189629,1.6531130939443468,0.58186099999999996
1,267,0.05469960657808777,0.49862499999999998,0.505,0.40092873347600777,0.081582037000613131,0,0,0,51,True,0.0087714694808577846,False,False,0.00084786314457791824,1.1837821058171558,0.499774
0.84999999999999998,267,-0.46202834881876131,0.52762500000000001,0.54300000000000004,0.25529409328476776,0.0064934263421131053,0,0,0,51,True,0.0089923517415524158,False,False,-0.29333850291300162,1.2098295592007686,0.52929400000000004
0.65000000000000002,267,-1.1131860723071119,0.56262500000000004,0.57299999999999995,0.24880280807246982,0.75846783585399846,1,0,1,102,True,0.0084256250832791361,False,False,-0.79834597969550514,1.3665569892860103,0.56369400000000003
0.5,267,-1.4343608414755538,0.58425000000000005,0.58399999999999996,0.70403118802468201,0.75754636324698454,1,0,0,300,True,0.0086058979696440538,False,False,-1.3475760776189629,1.6531130939443468,0.58186099999999996
1,268,0.032206415941224989,0.49937500000000001,0.504,0.045340275399122297,0.15693563028268193,0,0,0,41,True,0.008105096541814797,False,False,0.00084786314457791824,1.1837821058171558,0.499774
0.84999999999999998,268,-0.42200748685131961,0.52762500000000001,0.53900000000000003,0.014105523098367267,0.026323401670806486,0,0,0,53,True,0.0079417119884520829,False,False,-0.29333850291300162,1.2098295592007686,0.52929400000000004
0.65000000000000002,268,-1.0479391636268593,0.5585,0.56999999999999995,0.13734116387514633,0.12275080424873093,1,0,0,84,True,0.0080266799090675401,False,False,-0.79834597969550514,1.3665569892860103,0.56369400000000003
0.5,268,-1.4162139699718135,0.58225000000000005,0.59999999999999998,0.16010485262986351,0.20933453076034417,1,0,0,91,True,0.0083407711465949587,False,False,-1.3475760776189629,1.6531130939443468,0.58186099999999996
1,269,-0.087405041432870853,0.50249999999999995,0.51900000000000002,0.12928119634772087,0.2780638944573221,0,0,0,54,True,0.0078068813050409195,False,False,0.00084786314457791824,1.1837821058171558,0.499774
0.84999999999999998,269,-0.60968405723053942,0.53249999999999997,0.53700000000000003,0.81722795879745513,0.73620435833170927,0,0,0,48,True,0.0079586852649129822,False,False,-0.29333850291300162,1.2098295592007686,0.52929400000000004
0.65000000000000002,269,-1.1638363272903873,0.56587500000000002,0.55900000000000005,0.65726713569385486,0.82021805503004164,1,0,0,90,True,0.0079486202864855991,False,False,-0.79834597969550514,1.3665569892860103,0.56369400000000003
0.5,269,-1.468947380203639,0.58550000000000002,0.57699999999999996,0.39559159612983774,0.56413136603320357,1,0,0,97,True,0.007570339621233187,False,False,-1.3475760776189629,1.6531130939443468,0.58186099999999996
1,270,-0.014433163786129164,0.50237500000000002,0.50600000000000001,0.37003636849328053,0.73430991184939876,0,0,0,36,True,0.0088750565381853479,False,False,0.00084786314457791824,1.1837821058171558,0.499774
0.84999999999999998,270,-0.44333808027036409,0.53162500000000001,0.54500000000000004,0.098535753055069161,0.024347547688328766,0,0,0,43,True,0.0089000090185989145,False,False,-0.29333850291300162,1.2098295592007686,0.52929400000000004
0.65000000000000002,270,-1.0434688644086179,0.56074999999999997,0.56599999999999995,0.23102269358794961,0.19337974742790376,1,0,0,82,True,0.0090952103637592634,False,False,-0.79834597969550514,1.3665569892860103,0.56369400000000003
0.5,270,-1.3616350961571191,0.57887500000000003,0.58199999999999996,0.97650224575870104,0.82149760390987248,1,0,0,90,True,0.0089681117332652601,False,False,-1.3475760776189629,1.6531130939443468,0.58186099999999996
1,271,-0.040585832435375065,0.4955,0.495,0.027749463108693997,0.54834131828641364,0,0,0,41,True,0.0081693761823753708,False,False,0.00084786314457791824,1.1837821058171558,0.499774
0.84999999999999998,271,-0.5060815651831162,0.53637500000000005,0.53300000000000003,0.31180010498428318,0.11227748553465947,0,0,0,42,True,0.0081933937705092365,False,False,-0.29333850291300162,1.2098295592007686,0.52929400000000004
0.65000000000000002,271,-1.0770806287052654,0.55774999999999997,0.55700000000000005,0.17858475944925065,0.13751673208594997,0,0,0,64,True,0.0085631600034950794,False,False,-0.79834597969550514,1.3665569892860103,0.56369400000000003
0.5,271,-1.3784638893343639,0.57725000000000004,0.56899999999999995,0.31936850882489365,0.36053637358198587,1,0,0,96,True,0.0087553978046942121,False,False,-1.3475760776189629,1.6531130939443468,0.58186099999999996
1,272,-0.016592352047011871,0.50862499999999999,0.52600000000000002,0.67461392451281044,0.75603876263299885,0,0,0,52,True,0.0080614138952383486,False,False,0.00084786314457791824,1.1837821058171558,0.499774
0.84999999999999998,272,-0.48571623367959021,0.53462500000000002,0.54100000000000004,0.91296819644176652,0.7855856891947357,0,0,0,68,True,0.008110522202332663,False,False,-0.29333850291300162,1.2098295592007686,0.52929400000000004
0.65000000000000002,272,-1.0820555105379104,0.56950000000000001,0.57699999999999996,0.15146065866813371,0.12745285306830573,1,0,0,86,True,0.0079253594072801106,False,False,-0.79834597969550514,1.3665569892860103,0.56369400000000003
0.5,272,-1.4151411326123575,0.59299999999999997,0.59099999999999997,0.59795535376218001,0.9194589862363739,1,0,0,159,True,0.0078392417376627749,False,False,-1.3475760776189629,1.6531130939443468,0.58186099999999996
1,273,0.044660159089883758,0.49387500000000001,0.47399999999999998,0.167291463590826,0.2414062532289411,0,0,0,41,True,0.0085775667414544864,False,False,0.00084786314457791824,1.1837821058171558,0.499774
0.84999999999999998,273,-0.48115732172642683,0.52324999999999999,0.52900000000000003,0.077465818841046474,0.46073925095121027,0,0,0,53,True,0.0086342537934870969,False,False,-0.29333850291300162,1.2098295592007686,0.52929400000000004
0.65000000000000002,273,-1.0283978104981317,0.55312499999999998,0.54400000000000004,0.5614499488588145,0.22409130833143359,1,0,0,80,True,0.0081577317248901458,False,False,-0.79834597969550514,1.3665569892860103,0.56369400000000003
0.5,273,-1.3944524492663581,0.57150000000000001,0.55200000000000005,0.68888006337295071,0.58040519804161561,1,0,0,206,True,0.008194137190741092,False,False,-1.3475760776189629,1.6531130939443468,0.58186099999999996
1,274,0.056865116610567007,0.49737500000000001,0.496,0.36959495443487961,0.1326837114230647,0,0,0,44,True,0.0082971353248380893,False,False,0.00084786314457791824,1.1837821058171558,0.499774
0.84999999999999998,274,-0.37439795845872881,0.52562500000000001,0.53200000000000003,0.42529248245595624,0.4547816433567588,0,0,0,70,True,0.0085853419488596452,False,False,-0.29333850291300162,1.2098295592007686,0.52929400000000004
0.65000000000000002,274,-0.99671109837577443,0.56274999999999997,0.56799999999999995,0.28934906944862948,0.067944285576775537,1,0,0,87,True,0.0084791718369074467,False,False,-0.79834597969550514,1.3665569892860103,0.56369400000000003
0.5,274,-1.2990397336723922,0.57674999999999998,0.57399999999999995,0.070779616584639549,0.029730370611525374,1,0,0,123,True,0.0083421219373581088,False,False,-1.3475760776189629,1.6531130939443468,0.58186099999999996
1,275,-0.066505132961836355,0.51137500000000002,0.504,0.808551256790768,0.74713239571854229,0,0,0,56,True,0.0080739071263229416,False,False,0.00084786314457791824,1.1837821058171558,0.499774
0.84999999999999998,275,-0.54138879876792123,0.54137500000000005,0.52300000000000002,0.75283389903845677,0.92922907836938129,0,0,0,67,True,0.0082881197910995661,False,False,-0.29333850291300162,1.2098295592007686,0.52929400000000004
0.65000000000000002,275,-1.0522964184568158,0.56574999999999998,0.55300000000000005,0.10732192478157815,0.023849478826164089,1,0,0,81,True,0.0084087567440092343,False,False,-0.79834597969550514,1.3665569892860103,0.56369400000000003
0.5,275,-1.3385732519174327,0.58637499999999998,0.57799999999999996,0.55738427757461684,0.25343231741709199,1,0,0,149,True,0.0079460713745355977,False,False,-1.3475760776189629,1.6531130939443468,0.58186099999999996
1,276,-0.019203502057868912,0.501,0.505,0.77138772062974881,0.89790883709573599,0,0,0,38,True,0.0086552574395996843,False,False,0.00084786314457791824,1.1837821058171558,0.499774
0.84999999999999998,276,-0.42650201309909908,0.53462500000000002,0.54300000000000004,0.32157164214394474,0.10397845269165384,0,0,0,72,True,0.0085483215264104823,False,False,-0.29333850291300162,1.2098295592007686,0.52929400000000004
0.65000000000000002,276,-1.0067317082262601,0.5675,0.58399999999999996,0.24313033025786074,0.44782625878766502,1,0,0,83,True,0.0086915311603135877,False,False,-0.79834597969550514,1.3665569892860103,0.56369400000000003
0.5,276,-1.3251415157542905,0.58137499999999998,0.59799999999999998,0.50807466864816342,0.63735468441268694,1,0,0,142,True,0.008510351586235556,False,False,-1.3475760776189629,1.6531130939443468,0.58186099999999996
1,277,-0.0074084670380305737,0.496,0.51700000000000002,0.95773300090959834,0.71773618714682907,0,0,0,51,True,0.0086210630952946697,False,False,0.00084786314457791824,1.1837821058171558,0.499774
0.84999999999999998,277,-0.51076511955654813,0.52675000000000005,0.55900000000000005,0.12812048382449617,0.69187386334767353,0,0,0,63,True,0.0086625906316770297,False,False,-0.29333850291300162,1.2098295592007686,0.52929400000000004
0.65000000000000002,277,-1.0709664878866307,0.56625000000000003,0.59099999999999997,0.32094454735159278,0.78947611086986469,1,0,0,110,True,0.0087196388612780628,False,False,-0.79834597969550514,1.3665569892860103,0.56369400000000003
0.5,277,-1.3900077707497505,0.57799999999999996,0.59199999999999997,0.26936088526980473,0.17613463765025886,1,0,0,94,True,0.0087526839412213481,False,False,-1.3475760776189629,1.6531130939443468,0.58186099999999996
1,278,-0.024586339647579968,0.49712499999999998,0.47599999999999998,0.89640900041104288,0.14203073361149571,0,0,0,52,True,0.009188914692216929,False,False,0.00084786314457791824,1.1837821058171558,0.499774
0.84999999999999998,278,-0.49625097557942405,0.52424999999999999,0.503,0.92036708354327224,0.94723390912213778,0,0,0,51,True,0.009077518892952505,False,False,-0.29333850291300162,1.2098295592007686,0.52929400000000004
0.65000000000000002,278,-1.124341635772121,0.55249999999999999,0.52700000000000002,0.13089906829005191,0.12921655624622194,1,0,0,80,True,0.0089437028959356811,False,False,-0.79834597969550514,1.3665569892860103,0.56369400000000003
0.5,278,-1.5314950027878438,0.57262500000000005,0.56599999999999995,0.34591658454902591,0.53052807998950802,1,0,0,95,True,0.0085230686756916901,False,False,-1.3475760776189629,1.6531130939443468,0.58186099999999996
1,279,-0.067173084002283251,0.48999999999999999,0.5,0.98970864436150296,0.335900982735655,0,0,0,49,True,0.0080712436218313525,False,False,0.00084786314457791824,1.1837821058171558,0.499774
0.84999999999999998,279,-0.58387527657123617,0.52837500000000004,0.55000000000000004,0.10791614851394331,0.14430509452423748,0,0,0,53,True,0.0079259377838592181,False,False,-0.29333850291300162,1.2098295592007686,0.52929400000000004
0.65000000000000002,279,-1.1455913927162449,0.55937499999999996,0.58199999999999996,0.064846150412547848,0.037137013462941453,0,0,0,74,True,0.0083684779401410943,False,False,-0.79834597969550514,1.3665569892860103,0.56369400000000003
0.5,279,-1.5271159732764055,0.57874999999999999,0.61099999999999999,0.34904037483349593,0.48010352685496116,1,0,0,127,True,0.0082405656651677525,False,False,-1.3475760776189629,1.6531130939443468,0.58186099999999996
1,280,0.11149401245162892,0.5,0.49399999999999999,0.24101009757284883,0.62930616478023527,0,0,0,47,True,0.0091890570311249954,False,False,0.00084786314457791824,1.1837821058171558,0.499774
0.84999999999999998,280,-0.55994343177860928,0.53100000000000003,0.53000000000000003,0.41246803912627122,0.079294913176398682,0,0,0,53,True,0.0089285031856351661,False,False,-0.29333850291300162,1.2098295592007686,0.52929400000000004
0.65000000000000002,280,-1.1632796496565165,0.56074999999999997,0.56999999999999995,0.25311523125273822,0.56929103412844362,0,0,0,60,True,0.0085714406517172475,False,False,-0.79834597969550514,1.3665569892860103,0.56369400000000003
0.5,280,-1.5307456602344041,0.57974999999999999,0.57899999999999996,0.1502712793575092,0.310668430353638,1,0,0,98,True,0.0084851296677747549,False,False,-1.3475760776189629,1.6531130939443468,0.58186099999999996
1,281,-0.12076444210071079,0.51075000000000004,0.51900000000000002,0.53595732881308367,0.82392635091589372,0,0,0,36,True,0.0089015237676362113,False,False,0.00084786314457791824,1.1837821058171558,0.499774
0.84999999999999998,281,-0.52532308484184442,0.53625,0.55200000000000005,0.095378362179098966,0.12847405926976416,0,0,0,53,True,0.0087219900149861224,False,False,-0.29333850291300162,1.2098295592007686,0.52929400000000004
0.65000000000000002,281,-1.0655396232399692,0.56899999999999995,0.57699999999999996,0.93080208503756823,0.91641457253923975,1,0,0,77,True,0.0081834342133641318,False,False,-0.79834597969550514,1.3665569892860103,0.56369400000000003
0.5,281,-1.3590215012872535,0.57937499999999997,0.58099999999999996,0.12090321635576246,0.08963877594142515,1,0,0,110,True,0.008377290183934254,False,False,-1.3475760776189629,1.6531130939443468,0.58186099999999996
1,282,0.011758850118633769,0.50287499999999996,0.48699999999999999,0.80991702553813227,0.49483161932462028,0,0,0,39,True,0.0086958882090995854,False,False,0.00084786314457791824,1.1837821058171558,0.499774
0.84999999999999998,282,-0.46382305018480846,0.52087499999999998,0.52600000000000002,0.37713698586820243,0.95590512175061426,0,0,0,38,True,0.0088076952929066893,False,False,-0.29333850291300162,1.2098295592007686,0.52929400000000004
0.65000000000000002,282,-1.2186254946493869,0.55362500000000003,0.54600000000000004,0.41953048991476449,0.26865749184433496,0,0,0,73,True,0.008655144648387153,False,False,-0.79834597969550514,1.3665569892860103,0.56369400000000003
0.5,282,-1.6008189849739956,0.57362500000000005,0.56799999999999995,0.42135274092037062,0.16868633120217982,1,0,0,102,True,0.0088974354292737003,False,False,-1.3475760776189629,1.6531130939443468,0.58186099999999996
1,283,0.013244725723118916,0.49537500000000001,0.48399999999999999,0.63127980525679028,0.90974526118209875,1,1,0,79,True,0.008235387067199498,False,False,0.00084786314457791824,1.1837821058171558,0.499774
0.84999999999999998,283,-0.49681071501406426,0.52562500000000001,0.52400000000000002,0.75589010920553645,0.2234408787657193,0,0,0,47,True,0.0081957701707238359,False,False,-0.29333850291300162,1.2098295592007686,0.52929400000000004
0.65000000000000002,283,-1.181478314923101,0.56574999999999998,0.55600000000000005,0.0068197792101186115,0.049209966294954659,0,0,0,67,True,0.0081754135022126528,False,False,-0.79834597969550514,1.3665569892860103,0.56369400000000003
0.5,283,-1.4872081481821953,0.58762499999999995,0.57999999999999996,0.23962188003301907,0.57199370900034707,1,0,0,192,True,0.0083420493695800305,False,False,-1.3475760776189629,1.6531130939443468,0.58186099999999996
1,284,0.028012458196500761,0.501,0.48399999999999999,0.85196041567956105,0.51622889779815417,0,0,0,42,True,0.0076166042467247265,False,False,0.00084786314457791824,1.1837821058171558,0.499774
0.84999999999999998,284,-0.45572323330484998,0.53574999999999995,0.52700000000000002,0.73538170124412217,0.3652310409163339,0,0,0,63,True,0.0077348816402254845,False,False,-0.29333850291300162,1.2098295592007686,0.52929400000000004
0.65000000000000002,284,-1.0017975779697048,0.56999999999999995,0.57599999999999996,0.014190416302115733,0.26497429711420517,1,0,0,81,True,0.0080281841272670847,False,False,-0.79834597969550514,1.3665569892860103,0.56369400000000003
0.5,284,-1.2984316929806541,0.58512500000000001,0.59399999999999997,0.1044382401883603,0.16548297575655257,1,0,0,109,True,0.0087324016512178998,False,False,-1.3475760776189629,1.6531130939443468,0.58186099999999996
1,285,0.067083600677239036,0.50224999999999997,0.48499999999999999,0.39645534698408008,0.23921722040205465,0,0,0,58,True,0.0081820147747272629,False,False,0.00084786314457791824,1.1837821058171558,0.499774
0.84999999999999998,285,-0.46645711890299707,0.52949999999999997,0.50900000000000001,0.67914915624984273,0.45614327288094958,0,0,0,50,True,0.0081479594024334873,False,False,-0.29333850291300162,1.2098295592007686,0.52929400000000004
0.65000000000000002,285,-1.1661026970335839,0.56162500000000004,0.52900000000000003,0.96519715635052827,0.97930903231288358,1,0,0,81,True,0.0081720807858691839,False,False,-0.79834597969550514,1.3665569892860103,0.56369400000000003
0.5,285,-1.5817221007740714,0.58274999999999999,0.57599999999999996,0.25150720882327932,0.42992461579801422,1,0,0,116,True,0.0076134443185667091,False,False,-1.3475760776189629,1.6531130939443468,0.58186099999999996
1,286,-0.29344246958139153,0.49462499999999998,0.47599999999999998,0.73987135979399588,0.75353388079836459,0,0,0,44,True,0.0084427444214005797,False,False,0.00084786314457791824,1.1837821058171558,0.499774
0.84999999999999998,286,-0.81844629576527872,0.52900000000000003,0.52900000000000003,0.05509112016044726,0.35312939168936747,0,0,0,58,True,0.0086760843135836978,False,False,-0.29333850291300162,1.2098295592007686,0.52929400000000004
0.65000000000000002,286,-1.4908319929225846,0.5665,0.56799999999999995,0.88069059742033873,0.69175184398953571,1,0,0,99,True,0.0088080830545444414,False,False,-0.79834597969550514,1.3665569892860103,0.56369400000000003
0.5,286,-1.9343322743039872,0.58787500000000004,0.59399999999999997,0.81708444887370457,0.76032222825178242,1,0,0,152,True,0.008774310121690691,False,False,-1.3475760776189629,1.6531130939443468,0.58186099999999996
1,287,-0.011813983776756808,0.50275000000000003,0.495,0.47855961683436421,0.39008431604261939,0,0,0,51,True,0.0081295323666338778,False,False,0.00084786314457791824,1.1837821058171558,0.499774
0.84999999999999998,287,-0.48098309420252738,0.52537500000000004,0.52000000000000002,0.72250263717673069,0.22816473878337534,0,0,0,44,True,0.0081706251236566552,False,False,-0.29333850291300162,1.2098295592007686,0.52929400000000004
0.65000000000000002,287,-1.1410949044987124,0.56212499999999999,0.56599999999999995,0.12165440779036203,0.18812994553490422,1,0,0,100,True,0.0089210066502753219,False,False,-0.79834597969550514,1.3665569892860103,0.56369400000000003
0.5,287,-1.4776715423252591,0.579125,0.57499999999999996,0.9967463582792736,0.92472935816728186,1,0,0,122,True,0.008966522834605405,False,False,-1.3475760776189629,1.6531130939443468,0.58186099999999996
1,288,0.037325089826817016,0.49675000000000002,0.48699999999999999,0.86288184716151739,0.80036306681620206,0,0,0,35,True,0.0082317364855158531,False,False,0.00084786314457791824,1.1837821058171558,0.499774
0.84999999999999998,288,-0.41844448170582327,0.52562500000000001,0.54100000000000004,0.99621369713282859,0.99330600308343786,0,0,0,48,True,0.0089000894928057787,False,False,-0.29333850291300162,1.2098295592007686,0.52929400000000004
0.65000000000000002,288,-0.95960590016290326,0.55437499999999995,0.56699999999999995,0.78618709082608762,0.77728353801440098,1,0,0,92,True,0.0087121505967824118,False,False,-0.79834597969550514,1.3665569892860103,0.56369400000000003
0.5,288,-1.3420277968668648,0.57774999999999999,0.59599999999999997,0.39497421129917981,0.59572493445937691,1,0,0,101,True,0.0081591780096017859,False,False,-1.3475760776189629,1.6531130939443468,0.58186099999999996
1,289,0.021753757059208366,0.49712499999999998,0.52800000000000002,0.69227436452161251,0.115491916460181,0,0,0,40,True,0.0088981174843375827,False,False,0.00084786314457791824,1.1837821058171558,0.499774
0.84999999999999998,289,-0.4049725413585854,0.53437500000000004,0.55600000000000005,0.12714219147567607,0.44156225675661931,0,0,0,67,True,0.0088371692145658882,False,False,-0.29333850291300162,1.2098295592007686,0.52929400000000004
0.65000000000000002,289,-1.0160113518695406,0.56225000000000003,0.56000000000000005,0.39425481490062692,0.60091862446987365,0,0,0,74,True,0.0088998092465924598,False,False,-0.79834597969550514,1.3665569892860103,0.56369400000000003
0.5,289,-1.3592196059278456,0.57562500000000005,0.56699999999999995,0.42835763296815271,0.43516724299845155,0,0,0,72,True,0.008886188016471893,False,False,-1.3475760776189629,1.6531130939443468,0.58186099999999996
1,290,0.038197444628603548,0.50849999999999995,0.52900000000000003,0.98499774166326826,0.89257220239873047,0,0,0,47,True,0.0081793583682174195,False,False,0.00084786314457791824,1.1837821058171558,0.499774
0.84999999999999998,290,-0.44919400007813115,0.53574999999999995,0.54700000000000004,0.7486883183354347,0.68739432686114288,0,0,0,63,True,0.0081495447017275215,False,False,-0.29333850291300162,1.2098295592007686,0.52929400000000004
0.65000000000000002,290,-1.0823496258993446,0.57674999999999998,0.58599999999999997,0.34085900128339303,0.67229544731077218,1,0,0,101,True,0.0083707543899829377,False,False,-0.79834597969550514,1.3665569892860103,0.56369400000000003
0.5,290,-1.4190852393892599,0.59712500000000002,0.59899999999999998,0.27329124443839159,0.2776337666168936,1,0,0,210,True,0.0084426346238607106,False,False,-1.3475760776189629,1.6531130939443468,0.58186099999999996
1,291,-0.10881923909787371,0.50387499999999996,0.53700000000000003,0.0752533794899823,0.20497355513444321,0,0,0,50,True,0.0078507609085766185,False,False,0.00084786314457791824,1.1837821058171558,0.499774
0.84999999999999998,291,-0.48220754504736563,0.53474999999999995,0.55800000000000005,0.42953291789564646,0.54678941793716684,0,0,0,58,True,0.0081752423543770096,False,False,-0.29333850291300162,1.2098295592007686,0.52929400000000004
0.65000000000000002,291,-1.0288086388368507,0.57099999999999995,0.59599999999999997,0.37730160671164531,0.65527033874444451,0,0,0,72,True,0.0080982261764556591,False,False,-0.79834597969550514,1.3665569892860103,0.56369400000000003
0.5,291,-1.3267946924701168,0.58912500000000001,0.61399999999999999,0.77687723444662793,0.92133136652083625,1,0,0,109,True,0.0084862912781626578,False,False,-1.3475760776189629,1.6531130939443468,0.58186099999999996
1,292,0.079228058441400975,0.49762499999999998,0.48999999999999999,0.43561795004450254,0.62804601373413249,0,0,0,40,True,0.0087289863116371963,False,False,0.00084786314457791824,1.1837821058171558,0.499774
0.84999999999999998,292,-0.38657955647204872,0.52687499999999998,0.53900000000000003,0.32346596107922548,0.51280401489567773,0,0,0,55,True,0.008787013793244744,False,False,-0.29333850291300162,1.2098295592007686,0.52929400000000004
0.65000000000000002,292,-0.99354840689349577,0.56525000000000003,0.56599999999999995,0.12198434948174876,0.13724545186765644,0,0,0,66,True,0.0083230822667044995,False,False,-0.79834597969550514,1.3665569892860103,0.56369400000000003
0.5,292,-1.3207392476430491,0.58925000000000005,0.57899999999999996,0.24486566640299717,0.22633978789218948,1,0,0,163,True,0.0085043895209616135,False,False,-1.3475760776189629,1.6531130939443468,0.58186099999999996
1,293,-0.021044405450192181,0.49975000000000003,0.52200000000000002,0.494145452042978,0.41699661156467416,0,0,0,38,True,0.0074894394708062651,False,False,0.00084786314457791824,1.1837821058171558,0.499774
0.84999999999999998,293,-0.42250514733024153,0.53537500000000005,0.56000000000000005,0.19408096663336424,0.53172014469884332,0,0,0,42,True,0.0074641927342793696,False,False,-0.29333850291300162,1.2098295592007686,0.52929400000000004
0.65000000000000002,293,-0.99533857751809907,0.5675,0.58099999999999996,0.36454350770095145,0.64920257762440525,1,0,0,84,True,0.0081576944894116953,False,False,-0.79834597969550514,1.3665569892860103,0.56369400000000003
0.5,293,-1.3346099863860419,0.58487500000000003,0.60299999999999998,0.12358870389110548,0.11175829211010428,1,0,0,117,True,0.0084337596251100183,False,False,-1.3475760776189629,1.6531130939443468,0.58186099999999996
1,294,-0.036562401778523199,0.50624999999999998,0.52700000000000002,0.57861650890333194,0.36744436685490023,0,0,0,44,True,0.0085528720472642285,False,False,0.00084786314457791824,1.1837821058171558,0.499774
0.84999999999999998,294,-0.50609076464460645,0.53625,0.55400000000000005,0.046670708855349061,0.007253460889360506,0,0,0,59,True,0.0089686028804065558,False,False,-0.29333850291300162,1.2098295592007686,0.52929400000000004
0.65000000000000002,294,-1.1460847543848498,0.56625000000000003,0.57499999999999996,0.77837677852939668,0.86897316516901801,0,0,0,74,True,0.0087253065756378763,False,False,-0.79834597969550514,1.3665569892860103,0.56369400000000003
0.5,294,-1.514704900260756,0.58625000000000005,0.59099999999999997,0.61044421142518102,0.56611061156982545,1,0,0,123,True,0.0084817630585067166,False,False,-1.3475760776189629,1.6531130939443468,0.58186099999999996
1,295,-0.043183787309462866,0.50575000000000003,0.497,0.31774328948778174,0.46795807580250226,0,0,0,43,True,0.0082158670435029633,False,False,0.00084786314457791824,1.1837821058171558,0.499774
0.84999999999999998,295,-0.50302730840080057,0.52987499999999998,0.51500000000000001,0.47662683301306386,0.17919042535297627,0,0,0,70,True,0.0085251822966722294,False,False,-0.29333850291300162,1.2098295592007686,0.52929400000000004
0.65000000000000002,295,-1.1210867120314216,0.55862500000000004,0.56599999999999995,0.67146724534364499,0.87519196793471021,1,0,0,112,True,0.009152960178259447,False,False,-0.79834597969550514,1.3665569892860103,0.56369400000000003
0.5,295,-1.4751223724329954,0.57087500000000002,0.55900000000000005,0.98706542729507107,0.87749072609389012,1,0,0,115,True,0.0087939614765745432,False,False,-1.3475760776189629,1.6531130939443468,0.58186099999999996
1,296,-0.017685072133465991,0.50124999999999997,0.51300000000000001,0.9157855636098895,0.33536850793288681,0,0,0,34,True,0.0081147034467440853,False,False,0.00084786314457791824,1.1837821058171558,0.499774
0.84999999999999998,296,-0.47093098264052535,0.52725,0.54100000000000004,0.44668922893551966,0.17672809444019824,0,0,0,40,True,0.0083677482923689532,False,False,-0.29333850291300162,1.2098295592007686,0.52929400000000004
0.65000000000000002,296,-1.1324674656597189,0.56587500000000002,0.58499999999999996,0.8940221189131724,0.90807798897997216,1,0,0,81,True,0.0087261639058176955,False,False,-0.79834597969550514,1.3665569892860103,0.56369400000000003
0.5,296,-1.4632887884994588,0.58437499999999998,0.61799999999999999,0.86253926861324837,0.96273045121217549,1,0,0,145,True,0.0084679834752237008,False,False,-1.3475760776189629,1.6531130939443468,0.58186099999999996
1,297,-0.018478490319580317,0.50687499999999996,0.50900000000000001,0.73921728321779889,0.79494380398409903,0,0,0,36,True,0.0084266675748955015,False,False,0.00084786314457791824,1.1837821058171558,0.499774
0.84999999999999998,297,-0.5421905096628945,0.52949999999999997,0.53200000000000003,0.51006987967735584,0.41752189714511329,0,0,0,42,True,0.0085187123431636896,False,False,-0.29333850291300162,1.2098295592007686,0.52929400000000004
0.65000000000000002,297,-1.2062445352904283,0.56000000000000005,0.55500000000000005,0.25600283839292459,0.071905550773921842,1,0,0,117,True,0.0084023325754337217,False,False,-0.79834597969550514,1.3665569892860103,0.56369400000000003
0.5,297,-1.5594753649447197,0.57362500000000005,0.57499999999999996,0.24431346456877284,0.12657439133714213,1,0,0,100,True,0.0082195429555456234,False,False,-1.3475760776189629,1.6531130939443468,0.58186099999999996
1,298,0.16574243700736729,0.502,0.503,0.61112618688383413,0.76389284505581623,0,0,0,41,True,0.0085436551593233902,False,False,0.00084786314457791824,1.1837821058171558,0.499774
0.84999999999999998,298,-0.29716719946296727,0.53787499999999999,0.54800000000000004,0.50847064402429676,0.42134559708137692,0,0,0,71,True,0.0083484122176666377,False,False,-0.29333850291300162,1.2098295592007686,0.52929400000000004
0.65000000000000002,298,-1.0496892052278213,0.5645,0.56699999999999995,0.60161249087641433,0.43236602100218113,1,0,0,103,True,0.0090616905691386987,False,False,-0.79834597969550514,1.3665569892860103,0.56369400000000003
0.5,298,-1.3932104741973941,0.58274999999999999,0.57599999999999996,0.32653855695827722,0.085092152320750694,1,0,0,147,True,0.0088768011789111829,False,False,-1.3475760776189629,1.6531130939443468,0.58186099999999996
1,299,0.0044232286679737427,0.50837500000000002,0.49299999999999999,0.48423627402234604,0.3010475477775349,0,0,0,56,True,0.008643833278080609,False,False,0.00084786314457791824,1.1837821058171558,0.499774
0.84999999999999998,299,-0.38424343336841243,0.53649999999999998,0.54100000000000004,0.52500912054403515,0.30570417956758944,0,0,0,46,True,0.0087688071105257153,False,False,-0.29333850291300162,1.2098295592007686,0.52929400000000004
0.65000000000000002,299,-0.91775992332633227,0.56287500000000001,0.54600000000000004,0.36257624822408357,0.45413606637791337,1,0,0,76,True,0.0086531877129302909,False,False,-0.79834597969550514,1.3665569892860103,0.56369400000000003
0.5,299,-1.3198639789032593,0.58150000000000002,0.57599999999999996,0.89667665620121229,0.82305669523683811,1,0,0,94,True,0.0087293177035361429,False,False,-1.3475760776189629,1.6531130939443468,0.58186099999999996
1,300,0.017862928007907768,0.50362499999999999,0.53600000000000003,0.012379268274477767,0.6788800811744653,0,0,1,60,True,0.0081597953038606268,False,False,0.00084786314457791824,1.1837821058171558,0.499774
0.84999999999999998,300,-0.39612734447557063,0.53087499999999999,0.55200000000000005,0.29419734170709699,0.095213601294643666,0,0,0,60,True,0.0083339439069841162,False,False,-0.29333850291300162,1.2098295592007686,0.52929400000000004
0.65000000000000002,300,-0.95555964061864973,0.56262500000000004,0.56699999999999995,0.95704348596168709,0.92734959311677911,1,0,0,89,True,0.0083876847785723536,False,False,-0.79834597969550514,1.3665569892860103,0.56369400000000003
0.5,300,-1.2674658223900082,0.58862499999999995,0.58599999999999997,0.12505306502896113,0.12172071826448813,1,0,0,140,True,0.0089399399042831961,False,False,-1.3475760776189629,1.6531130939443468,0.58186099999999996
1,301,0.048006753377835755,0.50237500000000002,0.49399999999999999,0.30734202244499076,0.38699217929996421,0,0,0,38,True,0.0082695102854866975,False,False,0.00084786314457791824,1.1837821058171558,0.499774
0.84999999999999998,301,-0.40436148892885532,0.53149999999999997,0.50900000000000001,0.96826702560894573,0.89841609721885529,0,0,0,51,True,0.0085633504655280267,False,False,-0.29333850291300162,1.2098295592007686,0.52929400000000004
0.65000000000000002,301,-1.1103452841452877,0.56987500000000002,0.55400000000000005,0.93274051762676946,0.75241515476069343,1,0,0,101,True,0.0094412375991450286,False,False,-0.79834597969550514,1.3665569892860103,0.56369400000000003
0.5,301,-1.4323060915926114,0.58762499999999995,0.56699999999999995,0.42928815142157961,0.51995841554038036,1,0,0,190,True,0.008875043609991461,False,False,-1.3475760776189629,1.6531130939443468,0.58186099999999996
1,302,-0.066138441592660357,0.50624999999999998,0.47699999999999998,0.30568172127517612,0.71166413818678353,0,0,0,49,True,0.0086293552767658568,False,False,0.00084786314457791824,1.1837821058171558,0.499774
0.84999999999999998,302,-0.55233838437064098,0.53725000000000001,0.51700000000000002,0.34357187548405915,0.2781392313871644,0,0,0,49,True,0.0084120219290141542,False,False,-0.29333850291300162,1.2098295592007686,0.52929400000000004
0.65000000000000002,302,-1.1176611368847706,0.56274999999999997,0.55200000000000005,0.68982343879404906,0.73383290920866762,0,0,0,70,True,0.0082862193058216866,False,False,-0.79834597969550514,1.3665569892860103,0.56369400000000003
0.5,302,-1.4505795587710344,0.58074999999999999,0.58299999999999996,0.12959051044995798,0.18402206112394864,1,0,0,101,True,0.0083996165427056985,False,False,-1.3475760776189629,1.6531130939443468,0.58186099999999996
1,303,0.052737236465334611,0.496,0.50800000000000001,0.029032469297353054,0.43903752263172346,0,0,0,41,True,0.008119182790085883,False,False,0.00084786314457791824,1.1837821058171558,0.499774
0.84999999999999998,303,-0.39962889343212155,0.51937500000000003,0.52400000000000002,0.77039759443120204,0.79505582187835566,0,0,0,49,True,0.008343503682513331,False,False,-0.29333850291300162,1.2098295592007686,0.52929400000000004
0.65000000000000002,303,-1.0808897245716058,0.56937499999999996,0.56000000000000005,0.98108315799575663,0.97298370138651102,1,0,0,82,True,0.0086863023992352559,False,False,-0.79834597969550514,1.3665569892860103,0.56369400000000003
0.5,303,-1.3768744504098973,0.59650000000000003,0.59299999999999997,0.62463981100901189,0.72871960448403361,1,0,0,295,True,0.0084661752416804355,False,False,-1.3475760776189629,1.6531130939443468,0.58186099999999996
1,304,-0.07618897335563049,0.49062499999999998,0.49199999999999999,0.97854196228795398,0.89263941232913424,0,0,0,47,True,0.0082434040428621853,False,False,0.00084786314457791824,1.1837821058171558,0.499774
0.84999999999999998,304,-0.48461678063970492,0.52300000000000002,0.53900000000000003,0.28886096026641483,0.38513883395710491,0,0,0,58,True,0.0084224870773298779,False,False,-0.29333850291300162,1.2098295592007686,0.52929400000000004
0.65000000000000002,304,-1.0244477521107027,0.55537499999999995,0.57299999999999995,0.52072628310797253,0.44655753943490806,1,0,0,79,True,0.0081431957000728146,False,False,-0.79834597969550514,1.3665569892860103,0.56369400000000003
0.5,304,-1.3272449382383968,0.57774999999999999,0.60199999999999998,0.2718348331562962,0.30386262422384563,1,0,0,153,True,0.0080432276181265517,False,False,-1.3475760776189629,1.6531130939443468,0.58186099999999996
1,305,-0.061740964520381837,0.50587499999999996,0.499,0.0048704686490144327,0.022543021401229331,0,0,0,36,True,0.0081531250307636319,False,False,0.00084786314457791824,1.1837821058171558,0.499774
0.84999999999999998,305,-0.52728549908735434,0.54125000000000001,0.52400000000000002,0.60376744910466051,0.49596546644250572,0,0,0,48,True,0.0080444028257881054,False,False,-0.29333850291300162,1.2098295592007686,0.52929400000000004
0.65000000000000002,305,-1.1966098104983232,0.577125,0.54600000000000004,0.84541550130158116,0.89805990456035523,1,0,0,124,True,0.0081485658917054334,False,False,-0.79834597969550514,1.3665569892860103,0.56369400000000003
0.5,305,-1.5718611218800267,0.59062499999999996,0.57799999999999996,0.5286447984000886,0.59521602048498523,1,0,0,148,True,0.0088168077330606949,False,False,-1.3475760776189629,1.6531130939443468,0.58186099999999996
1,306,-0.056848983740920227,0.51024999999999998,0.50900000000000001,0.94799022064707728,0.90464941667259746,0,0,0,40,True,0.0090607370982512848,False,False,0.00084786314457791824,1.1837821058171558,0.499774
0.84999999999999998,306,-0.48002315925435923,0.53725000000000001,0.50900000000000001,0.67521292085589812,0.61380619770166311,0,0,0,52,True,0.008674665140836613,False,False,-0.29333850291300162,1.2098295592007686,0.52929400000000004
0.65000000000000002,306,-1.0806667043866873,0.56562500000000004,0.53800000000000003,0.83714564175279693,0.98956017958073694,1,0,0,86,True,0.00876634025828491,False,False,-0.79834597969550514,1.3665569892860103,0.56369400000000003
0.5,306,-1.4285963186539996,0.58425000000000005,0.56599999999999995,0.63120627324112688,0.48341626318659192,1,0,0,137,True,0.008920090816074689,False,False,-1.3475760776189629,1.6531130939443468,0.58186099999999996
1,307,0.10037238541119027,0.49637500000000001,0.50600000000000001,0.97070648554502081,0.65718513456515593,0,0,0,43,True,0.0088871352297183494,False,False,0.00084786314457791824,1.1837821058171558,0.499774
0.84999999999999998,307,-0.34787811456607159,0.52537500000000004,0.52500000000000002,0.30864902160769953,0.55984828635518968,0,0,0,46,True,0.008966693211768597,False,False,-0.29333850291300162,1.2098295592007686,0.52929400000000004
0.65000000000000002,307,-0.96306386488009987,0.55537499999999995,0.56399999999999995,0.74699116364747531,0.7226469488967866,1,0,0,100,True,0.0088685960187951142,False,False,-0.79834597969550514,1.3665569892860103,0.56369400000000003
0.5,307,-1.361405470348124,0.57537499999999997,0.55900000000000005,0.094806708045622953,0.15789061577040944,1,0,0,100,True,0.0084077599827392987,False,False,-1.3475760776189629,1.6531130939443468,0.58186099999999996
1,308,-0.083493997774129788,0.50224999999999997,0.5,0.67824242571241489,0.50150200643876353,0,0,0,45,True,0.0090964211301441354,False,False,0.00084786314457791824,1.1837821058171558,0.499774
0.84999999999999998,308,-0.6311032567597985,0.53737500000000005,0.53900000000000003,0.013519478674732691,0.064505797836572107,1,0,0,80,True,0.0089468079860344843,False,False,-0.29333850291300162,1.2098295592007686,0.52929400000000004
0.65000000000000002,308,-1.2456905645680685,0.57212499999999999,0.55900000000000005,0.048020811936007372,0.060234132800641077,1,0,0,95,True,0.009118212820787128,False,False,-0.79834597969550514,1.3665569892860103,0.56369400000000003
0.5,308,-1.6122010601251306,0.58299999999999996,0.56999999999999995,0.036517059726924067,0.015692246424388885,1,0,0,146,True,0.008716142068337495,False,False,-1.3475760776189629,1.6531130939443468,0.58186099999999996
1,309,-0.030915727129034769,0.49975000000000003,0.503,0.40070391431294711,0.15537898906375758,0,0,0,41,True,0.0092813061750082193,False,False,0.00084786314457791824,1.1837821058171558,0.499774
0.84999999999999998,309,-0.47160954626356849,0.53537500000000005,0.54600000000000004,0.022728664144030405,0.31803845987531193,0,0,0,53,True,0.0093676718616330559,False,False,-0.29333850291300162,1.2098295592007686,0.52929400000000004
0.65000000000000002,309,-1.0782571430599366,0.56525000000000003,0.55200000000000005,0.36819624578475263,0.1995633501342014,1,0,0,96,True,0.008462728560701507,False,False,-0.79834597969550514,1.3665569892860103,0.56369400000000003
0.5,309,-1.3796500150337436,0.58474999999999999,0.58799999999999997,0.056719517534390418,0.10072516373665348,1,0,0,122,True,0.0083539901419958009,False,False,-1.3475760776189629,1.6531130939443468,0.58186099999999996
1,310,-0.045605788448480324,0.50449999999999995,0.50900000000000001,0.08620074925785054,0.50472145084944697,0,0,0,41,True,0.0087333256287455904,False,False,0.00084786314457791824,1.1837821058171558,0.499774
0.84999999999999998,310,-0.45689077971391251,0.53712499999999996,0.54200000000000004,0.37716710179153823,0.56017488081268196,0,0,0,41,True,0.0091124044763329689,False,False,-0.29333850291300162,1.2098295592007686,0.52929400000000004
0.65000000000000002,310,-0.99402408019831334,0.5635,0.56399999999999995,0.060838392733305512,0.39961529360747661,0,0,0,56,True,0.0084684096762332271,False,False,-0.79834597969550514,1.3665569892860103,0.56369400000000003
0.5,310,-1.3152438496717571,0.58037499999999997,0.58899999999999997,0.13076265125555878,0.26237965557975196,1,0,0,97,True,0.0083476553602171571,False,False,-1.3475760776189629,1.6531130939443468,0.58186099999999996
1,311,-0.095182962219989592,0.50675000000000003,0.504,0.48018775153859328,0.56707739602869234,0,0,0,42,True,0.0077226854804832218,False,False,0.00084786314457791824,1.1837821058171558,0.499774
0.84999999999999998,311,-0.54562092411210228,0.53574999999999995,0.52200000000000002,0.28645329034688,0.57247833653416769,0,0,0,47,True,0.0077665227528858558,False,False,-0.29333850291300162,1.2098295592007686,0.52929400000000004
0.65000000000000002,311,-1.0721197334483668,0.56874999999999998,0.55600000000000005,0.34273045583660089,0.50203674119646879,1,0,0,78,True,0.0085615709134965936,False,False,-0.79834597969550514,1.3665569892860103,0.56369400000000003
0.5,311,-1.4355132351598727,0.58599999999999997,0.58299999999999996,0.35056139885067561,0.32640531215549162,1,0,0,147,True,0.0084864103651455542,False,False,-1.3475760776189629,1.6531130939443468,0.58186099999999996
1,312,-0.048103775748953269,0.49875000000000003,0.48999999999999999,0.004281068150116374,0.0084478470953501354,0,0,0,52,True,0.007799594703304439,False,False,0.00084786314457791824,1.1837821058171558,0.499774
0.84999999999999998,312,-0.54543013753613578,0.53037500000000004,0.53800000000000003,0.40586084131857869,0.11560719172220789,0,0,0,51,True,0.0076607565542632363,False,False,-0.29333850291300162,1.2098295592007686,0.52929400000000004
0.65000000000000002,312,-1.1444988048884741,0.57587500000000003,0.58999999999999997,0.3349837340570499,0.46676318075011447,1,0,0,88,True,0.0079598658676655696,False,False,-0.79834597969550514,1.3665569892860103,0.56369400000000003
0.5,312,-1.4392837910102318,0.59275,0.61699999999999999,0.21237187039761021,0.11216782005309615,1,0,1,204,True,0.0081015153583750988,False,False,-1.3475760776189629,1.6531130939443468,0.58186099999999996
1,313,0.39864139317066366,0.4975,0.46600000000000003,0.0020178798584665966,0.68760946239882825,0,0,0,52,True,0.008172557790365775,False,False,0.00084786314457791824,1.1837821058171558,0.499774
0.84999999999999998,313,-0.23917725609032608,0.53249999999999997,0.51200000000000001,0.077668185141339996,0.02474896632370421,0,0,0,52,True,0.0085325970778826234,False,False,-0.29333850291300162,1.2098295592007686,0.52929400000000004
0.65000000000000002,313,-0.97532449980125191,0.56587500000000002,0.55400000000000005,0.26232704127068435,0.29009484349503972,1,0,0,84,True,0.0088621403330938729,False,False,-0.79834597969550514,1.3665569892860103,0.56369400000000003
0.5,313,-1.3329222565374728,0.58625000000000005,0.57299999999999995,0.67023706403068539,0.53111995501613418,1,0,0,135,True,0.009361305287848818,False,False,-1.3475760776189629,1.6531130939443468,0.58186099999999996
1,314,-0.1606682739331988,0.49637500000000001,0.497,0.35952534876558362,0.6692612238175305,0,0,0,41,True,0.0078210083715394979,False,False,0.00084786314457791824,1.1837821058171558,0.499774
0.84999999999999998,314,-0.61829864430801651,0.53312499999999996,0.53200000000000003,0.82203489418093523,0.79380588693964815,0,0,0,52,True,0.0077899185314511156,False,False,-0.29333850291300162,1.2098295592007686,0.52929400000000004
0.65000000000000002,314,-1.3003720864121062,0.56412499999999999,0.57899999999999996,0.83960436869435451,0.8769283671447573,0,0,0,59,True,0.0080921292983888692,False,False,-0.79834597969550514,1.3665569892860103,0.56369400000000003
0.5,314,-1.6691987051713733,0.57574999999999998,0.58099999999999996,0.60935188392529105,0.25602462469192711,1,0,0,134,True,0.0082881810596783997,False,False,-1.3475760776189629,1.6531130939443468,0.58186099999999996
1,315,0.15294599626268643,0.4955,0.497,0.4482883465806371,0.75432527053217469,0,0,0,53,True,0.0078124146388242255,False,False,0.00084786314457791824,1.1837821058171558,0.499774
0.84999999999999998,315,-0.34971277701785913,0.51500000000000001,0.53100000000000003,0.05103566720763248,0.055922804612727688,0,0,0,56,True,0.0076078837795923067,False,False,-0.29333850291300162,1.2098295592007686,0.52929400000000004
0.65000000000000002,315,-1.0702886155239992,0.54837499999999995,0.56299999999999994,0.58633835831072045,0.91576058320139964,0,0,0,72,True,0.0082066165658556869,False,False,-0.79834597969550514,1.3665569892860103,0.56369400000000003
0.5,315,-1.5530642981662628,0.57399999999999995,0.59599999999999997,0.87971199683372725,0.76027356152354342,1,0,0,83,True,0.0085280577946593352,False,False,-1.3475760776189629,1.6531130939443468,0.58186099999999996
1,316,-0.021070866709971985,0.49575000000000002,0.498,0.37427878635553402,0.68247941242563748,0,0,0,35,True,0.0086941419376940533,False,False,0.00084786314457791824,1.1837821058171558,0.499774
0.84999999999999998,316,-0.5038387764707456,0.52649999999999997,0.51800000000000002,0.91689754703240711,0.38185900985278692,0,0,0,51,True,0.0089101055586896186,False,False,-0.29333850291300162,1.2098295592007686,0.52929400000000004
0.65000000000000002,316,-1.1527585818784978,0.56474999999999997,0.57899999999999996,0.010997040420893838,0.0078210525804764744,0,0,0,60,True,0.0089389947220607068,False,False,-0.79834597969550514,1.3665569892860103,0.56369400000000003
0.5,316,-1.532635853545371,0.58137499999999998,0.58899999999999997,0.20698419137418272,0.86948971329312064,1,0,0,96,True,0.0090209804844218165,False,False,-1.3475760776189629,1.6531130939443468,0.58186099999999996
1,317,0.034199332198096601,0.49562499999999998,0.51500000000000001,0.28555049881416494,0.46141196352842107,0,0,0,43,True,0.0083997063924228545,False,False,0.00084786314457791824,1.1837821058171558,0.499774
0.84999999999999998,317,-0.41420992232969167,0.52575000000000005,0.52900000000000003,0.55261068471964547,0.94163127931888635,0,0,0,49,True,0.0084180210592647922,False,False,-0.29333850291300162,1.2098295592007686,0.52929400000000004
0.65000000000000002,317,-0.95176631622906971,0.56125000000000003,0.57499999999999996,0.45661756489062721,0.58870812820691054,0,0,0,72,True,0.0086195028966996167,False,False,-0.79834597969550514,1.3665569892860103,0.56369400000000003
0.5,317,-1.2694869848511148,0.576125,0.58899999999999997,0.43971265938152604,0.31732103032660575,1,0,0,115,True,0.0087786013714773545,False,False,-1.3475760776189629,1.6531130939443468,0.58186099999999996
1,318,0.1261816768095313,0.49662499999999998,0.52200000000000002,0.058874137521230566,0.59074323318617172,0,0,0,39,True,0.0084803454945910368,False,False,0.00084786314457791824,1.1837821058171558,0.499774
0.84999999999999998,318,-0.33214223111467572,0.51937500000000003,0.54100000000000004,0.43563421134390984,0.28427107887819336,0,0,0,44,True,0.0082281602475487645,False,False,-0.29333850291300162,1.2098295592007686,0.52929400000000004
0.65000000000000002,318,-1.0360693838517421,0.55312499999999998,0.57999999999999996,0.072865132771726807,0.12502743806616867,0,0,0,71,True,0.0083129896546048389,False,False,-0.79834597969550514,1.3665569892860103,0.56369400000000003
0.5,318,-1.3865217656164581,0.57350000000000001,0.58599999999999997,0.0080574670350100734,0.021886370104408259,1,0,0,79,True,0.0082894114113919882,False,False,-1.3475760776189629,1.6531130939443468,0.58186099999999996
1,319,0.021095577554338954,0.499,0.497,0.97758202989910148,0.059774798419957156,0,0,0,43,True,0.0085063467007235848,False,False,0.00084786314457791824,1.1837821058171558,0.499774
0.84999999999999998,319,-0.59371362721916898,0.52649999999999997,0.52800000000000002,0.46709861222848992,0.0055156750305256396,1,0,0,77,True,0.0087411059569929752,False,False,-0.29333850291300162,1.2098295592007686,0.52929400000000004
0.65000000000000002,319,-1.2663722197382929,0.56112499999999998,0.55600000000000005,0.17651066679415106,0.50445771444932219,1,0,0,97,True,0.0085631717198298013,False,False,-0.79834597969550514,1.3665569892860103,0.56369400000000003
0.5,319,-1.6357193587957437,0.58599999999999997,0.58899999999999997,0.57579124766640655,0.6009587482947254,1,0,0,136,True,0.0080159271253304378,False,False,-1.3475760776189629,1.6531130939443468,0.58186099999999996
1,320,0.10764168560863685,0.50012500000000004,0.49199999999999999,0.252806166097511,0.01795731131508882,0,0,0,42,True,0.0085605538345040373,False,False,0.00084786314457791824,1.1837821058171558,0.499774
0.84999999999999998,320,-0.35831159463556222,0.52649999999999997,0.52100000000000002,0.13430298647034719,0.091930817205365375,0,0,0,57,True,0.0085248164602939134,False,False,-0.29333850291300162,1.2098295592007686,0.52929400000000004
0.65000000000000002,320,-0.9711367414798564,0.56612499999999999,0.55500000000000005,0.49736016105776293,0.77957015055121137,1,0,0,98,True,0.0087884559599140221,False,False,-0.79834597969550514,1.3665569892860103,0.56369400000000003
0.5,320,-1.3682461175237908,0.58274999999999999,0.58599999999999997,0.63744060956512061,0.73288830086638534,1,0,0,121,True,0.0086609068132055232,False,False,-1.3475760776189629,1.6531130939443468,0.58186099999999996
1,321,-0.056382716370766021,0.48612499999999997,0.52200000000000002,0.80270445339837837,0.28799955950703648,0,0,0,51,True,0.0085041008800255096,False,False,0.00084786314457791824,1.1837821058171558,0.499774
0.84999999999999998,321,-0.50277834151082113,0.516625,0.54100000000000004,0.87881510670152463,0.78505591942435526,0,0,0,49,True,0.0084472978002264401,False,False,-0.29333850291300162,1.2098295592007686,0.52929400000000004
0.65000000000000002,321,-1.0921093781484674,0.55800000000000005,0.56499999999999995,0.61054845903816568,0.66576720910098797,0,0,0,67,True,0.0085537570105587175,False,False,-0.79834597969550514,1.3665569892860103,0.56369400000000003
0.5,321,-1.5327407863392244,0.579125,0.58399999999999996,0.51059264091077172,0.1635117001441399,1,0,0,111,True,0.0082185385819636241,False,False,-1.3475760776189629,1.6531130939443468,0.58186099999999996
1,322,-0.076286135766780658,0.50375000000000003,0.50800000000000001,0.77814236398338876,0.6250716664654058,0,0,0,42,True,0.0082847188589626475,False,False,0.00084786314457791824,1.1837821058171558,0.499774
0.84999999999999998,322,-0.54828622971662988,0.52900000000000003,0.55500000000000005,0.10517772345885606,0.052079795664289961,0,0,0,47,True,0.0083060408870945148,False,False,-0.29333850291300162,1.2098295592007686,0.52929400000000004
0.65000000000000002,322,-1.1180065048218948,0.57450000000000001,0.59799999999999998,0.65403553467436704,0.50268134615124693,1,0,0,124,True,0.0085062985813108612,False,False,-0.79834597969550514,1.3665569892860103,0.56369400000000003
0.5,322,-1.3847681494683173,0.58950000000000002,0.59799999999999998,0.53989894114210446,0.26616273248511302,1,0,0,282,True,0.0083508329155277325,False,False,-1.3475760776189629,1.6531130939443468,0.58186099999999996
1,323,0.021238157746515586,0.49475000000000002,0.48399999999999999,0.09460034709049657,0.17877265238153051,0,0,0,51,True,0.0082456305385012092,False,False,0.00084786314457791824,1.1837821058171558,0.499774
0.84999999999999998,323,-0.41074187268436468,0.52487499999999998,0.504,0.22403412754948168,0.92546527693968839,0,0,0,39,True,0.0079483961582795578,False,False,-0.29333850291300162,1.2098295592007686,0.52929400000000004
0.65000000000000002,323,-1.0884834561531842,0.5645,0.55800000000000005,0.20880314613249046,0.15693069061777998,0,0,0,66,True,0.007752688773045237,False,False,-0.79834597969550514,1.3665569892860103,0.56369400000000003
0.5,323,-1.4206473056339024,0.582125,0.58799999999999997,0.24653483020817185,0.28288696644887995,1,0,0,104,True,0.0085772991884278359,False,False,-1.3475760776189629,1.6531130939443468,0.58186099999999996
1,324,0.047173458287973154,0.49625000000000002,0.48399999999999999,0.25901195322809173,0.13106817357725584,0,0,0,41,True,0.0087713194288866793,False,False,0.00084786314457791824,1.1837821058171558,0.499774
0.84999999999999998,324,-0.50604950967046625,0.53225,0.53700000000000003,0.6481565559120368,0.45118927875546966,0,0,0,53,True,0.0091108388865496753,False,False,-0.29333850291300162,1.2098295592007686,0.52929400000000004
0.65000000000000002,324,-1.2865660541869584,0.56262500000000004,0.56799999999999995,0.62432168158771861,0.50609195510458482,0,0,0,71,True,0.0084120442231032724,False,False,-0.79834597969550514,1.3665569892860103,0.56369400000000003
0.5,324,-1.6387939540191121,0.58574999999999999,0.58099999999999996,0.69001153567543827,0.53417954671515488,1,0,0,108,True,0.0081047063191108208,False,False,-1.3475760776189629,1.6531130939443468,0.58186099999999996
1,325,-0.15634408969262592,0.50049999999999994,0.53000000000000003,0.40235989013990942,0.6017956079272655,0,0,0,55,True,0.0077475538669869604,False,False,0.00084786314457791824,1.1837821058171558,0.499774
0.84999999999999998,325,-0.6508955753511535,0.53562500000000002,0.56100000000000005,0.68343341394559765,0.52619510850714657,0,0,0,60,True,0.0082845480810852263,False,False,-0.29333850291300162,1.2098295592007686,0.52929400000000004
0.65000000000000002,325,-1.2746549715530584,0.56299999999999994,0.56999999999999995,0.45307241462078829,0.38527155244489159,1,0,0,78,True,0.0080807284940263915,False,False,-0.79834597969550514,1.3665569892860103,0.56369400000000003
0.5,325,-1.6220183890276567,0.58462499999999995,0.59099999999999997,0.712823752599129,0.61904794585616774,1,0,0,99,True,0.0082513923296532992,False,False,-1.3475760776189629,1.6531130939443468,0.58186099999999996
1,326,-0.045693118758104334,0.49262499999999998,0.52800000000000002,0.34657260893765629,0.49506176452424877,0,0,0,44,True,0.0083486098073060639,False,False,0.00084786314457791824,1.1837821058171558,0.499774
0.84999999999999998,326,-0.54133409774308805,0.53100000000000003,0.53800000000000003,0.93112186111967343,0.58152532394184064,0,0,0,54,True,0.0080899752613256028,False,False,-0.29333850291300162,1.2098295592007686,0.52929400000000004
0.65000000000000002,326,-1.1881659890648504,0.56837499999999996,0.56399999999999995,0.52123845701158578,0.32678800013423848,1,0,0,84,True,0.0079628056787881939,False,False,-0.79834597969550514,1.3665569892860103,0.56369400000000003
0.5,326,-1.5311283604246837,0.58425000000000005,0.58199999999999996,0.59710934605133181,0.69302599932669562,1,0,0,125,True,0.0083025236798138433,False,False,-1.3475760776189629,1.6531130939443468,0.58186099999999996
1,327,0.15112040108625577,0.49862499999999998,0.48899999999999999,0.47814767204451836,0.94920403916714269,0,0,0,43,True,0.008616082566899403,False,False,0.00084786314457791824,1.1837821058171558,0.499774
0.84999999999999998,327,-0.30501070010218484,0.53487499999999999,0.53900000000000003,0.92203118075421819,0.84254917658066797,0,0,0,52,True,0.0083158432784731506,False,False,-0.29333850291300162,1.2098295592007686,0.52929400000000004
0.65000000000000002,327,-0.94545595854293907,0.56537499999999996,0.57399999999999995,0.084850552646018915,0.094934092334924294,1,0,0,86,True,0.0086409701734590557,False,False,-0.79834597969550514,1.3665569892860103,0.56369400000000003
0.5,327,-1.3557793766409629,0.58812500000000001,0.60299999999999998,0.72038355242801033,0.49145484656998806,1,0,0,168,True,0.0086442797352387409,False,False,-1.3475760776189629,1.6531130939443468,0.58186099999999996
1,328,-0.048638752846133677,0.503,0.48999999999999999,0.98970756330075405,0.51121355537086033,0,0,0,41,True,0.0080600441551675756,False,False,0.00084786314457791824,1.1837821058171558,0.499774
0.84999999999999998,328,-0.47140288472359854,0.53025,0.53500000000000003,0.694490047643192,0.25935536325739067,0,0,0,54,True,0.0081040387947804958,False,False,-0.29333850291300162,1.2098295592007686,0.52929400000000004
0.65000000000000002,328,-1.0614196924451014,0.56212499999999999,0.57299999999999995,0.79955217695628578,0.98007726658974847,0,0,0,68,True,0.0081806410567892649,False,False,-0.79834597969550514,1.3665569892860103,0.56369400000000003
0.5,328,-1.4029320420162616,0.581125,0.62,0.30645364308281881,0.3592328541416045,1,0,0,115,True,0.0082457420564397248,False,False,-1.3475760776189629,1.6531130939443468,0.58186099999999996
1,329,0.037342074983758015,0.49812499999999998,0.49199999999999999,0.60874510335728738,0.48485350059175614,0,0,0,34,True,0.0087882569885714065,False,False,0.00084786314457791824,1.1837821058171558,0.499774
0.84999999999999998,329,-0.43209979446171465,0.51749999999999996,0.52600000000000002,0.37481169027567041,0.73959306429178051,0,0,0,47,True,0.0087695384046986222,False,False,-0.29333850291300162,1.2098295592007686,0.52929400000000004
0.65000000000000002,329,-1.0160146100240062,0.55762500000000004,0.56699999999999995,0.50461065291308005,0.39232250136699798,0,0,0,72,True,0.0088587924251395684,False,False,-0.79834597969550514,1.3665569892860103,0.56369400000000003
0.5,329,-1.2942614100135781,0.57937499999999997,0.58799999999999997,0.12530105983965875,0.035032595695377686,1,0,0,80,True,0.0082651586827258219,False,False,-1.3475760776189629,1.6531130939443468,0.58186099999999996
1,330,0.043921240553598744,0.50775000000000003,0.52600000000000002,0.17549577398678376,0.62819628715715869,0,0,0,39,True,0.0079059952236073521,False,False,0.00084786314457791824,1.1837821058171558,0.499774
0.84999999999999998,330,-0.43043088510778477,0.53262500000000002,0.53600000000000003,0.42918475931073163,0.59521203844756709,0,1,1,65,True,0.0077702348691809581,False,False,-0.29333850291300162,1.2098295592007686,0.52929400000000004
0.65000000000000002,330,-0.99023783912758712,0.57287500000000002,0.56499999999999995,0.93172729160404177,0.96057311803707268,1,0,0,117,True,0.0080856014271883797,False,False,-0.79834597969550514,1.3665569892860103,0.56369400000000003
0.5,330,-1.3569557457492449,0.59250000000000003,0.57199999999999995,0.91157708194416576,0.82643402086832474,1,0,0,144,True,0.0083015080432513062,False,False,-1.3475760776189629,1.6531130939443468,0.58186099999999996
1,331,0.083553332404856545,0.50275000000000003,0.5,0.84209846273068578,0.33523633819362814,0,0,0,43,True,0.007909416581411078,False,False,0.00084786314457791824,1.1837821058171558,0.499774
0.84999999999999998,331,-0.43158752845006787,0.53312499999999996,0.53300000000000003,0.12842867424551058,0.09589804133074635,0,0,0,46,True,0.0076443253664808886,False,False,-0.29333850291300162,1.2098295592007686,0.52929400000000004
0.65000000000000002,331,-1.1161537060355882,0.56425000000000003,0.55600000000000005,0.24278135593052816,0.33481114657556293,1,0,0,92,True,0.0079262556911527098,False,False,-0.79834597969550514,1.3665569892860103,0.56369400000000003
0.5,331,-1.6396228211579458,0.58250000000000002,0.57099999999999995,0.94225611734840331,0.92112752307854207,1,0,0,133,True,0.0083504743463831462,False,False,-1.3475760776189629,1.6531130939443468,0.58186099999999996
1,332,-0.046565951643852507,0.49912499999999999,0.49399999999999999,0.10350694470372689,0.32626332900592225,0,0,0,48,True,0.0088669462290034799,False,False,0.00084786314457791824,1.1837821058171558,0.499774
0.84999999999999998,332,-0.43906204049523728,0.52124999999999999,0.52800000000000002,0.066065339628225236,0.018363581516969592,0,0,0,43,True,0.0089633267492834796,False,False,-0.29333850291300162,1.2098295592007686,0.52929400000000004
0.65000000000000002,332,-0.98475975654080949,0.54825000000000002,0.53800000000000003,0.011373403658623209,0.17916366121626792,0,0,0,63,True,0.0082201344100264057,False,False,-0.79834597969550514,1.3665569892860103,0.56369400000000003
0.5,332,-1.3182982382842092,0.56837499999999996,0.56899999999999995,0.83190702665720351,0.80606545156561116,1,0,0,86,True,0.0085521204734824441,False,False,-1.3475760776189629,1.6531130939443468,0.58186099999999996
1,333,-0.133817491128083,0.50587499999999996,0.51300000000000001,0.43957313558993444,0.71183778615099969,0,0,0,46,True,0.00799695235532202,False,False,0.00084786314457791824,1.1837821058171558,0.499774
0.84999999999999998,333,-0.63982446847962504,0.53962500000000002,0.55700000000000005,0.78470711894242839,0.77238544194842196,0,0,0,62,True,0.0082279662848141824,False,False,-0.29333850291300162,1.2098295592007686,0.52929400000000004
0.65000000000000002,333,-1.2193912031835967,0.57487500000000002,0.59299999999999997,0.16784888403796425,0.20212302070761767,1,0,0,93,True,0.008399569267376672,False,False,-0.79834597969550514,1.3665569892860103,0.56369400000000003
0.5,333,-1.5690891239152618,0.59487500000000004,0.61399999999999999,0.050032761496215716,0.071286029566113421,1,0,0,134,True,0.0084561098690811715,False,False,-1.3475760776189629,1.6531130939443468,0.58186099999999996
1,334,-0.069193766542311061,0.50612500000000005,0.50900000000000001,0.037726218863992647,0.18143078776099489,0,0,0,45,True,0.0087694316669471879,False,False,0.00084786314457791824,1.1837821058171558,0.499774
0.84999999999999998,334,-0.4609549517316931,0.54162500000000002,0.53600000000000003,0.27910043471066787,0.38193444722068931,0,0,0,52,True,0.0090128852484785329,False,False,-0.29333850291300162,1.2098295592007686,0.52929400000000004
0.65000000000000002,334,-1.0067123380597403,0.57187500000000002,0.56100000000000005,0.32042835534699032,0.29206245050990431,1,0,0,101,True,0.0086973873453913587,False,False,-0.79834597969550514,1.3665569892860103,0.56369400000000003
0.5,334,-1.3041528972402605,0.58337499999999998,0.58899999999999997,0.81617909658609578,0.41845543022024978,1,0,0,173,True,0.0085146430975334784,False,False,-1.3475760776189629,1.6531130939443468,0.58186099999999996
1,335,-0.018286079017909202,0.49575000000000002,0.498,0.25467625646424374,0.5492881443183788,0,0,0,57,True,0.0086613648881690968,False,False,0.00084786314457791824,1.1837821058171558,0.499774
0.84999999999999998,335,-0.4576737945350482,0.52212499999999995,0.52000000000000002,0.70732288781769759,0.91626242153008097,0,0,0,45,True,0.0086829406656512703,False,False,-0.29333850291300162,1.2098295592007686,0.52929400000000004
0.65000000000000002,335,-1.0180826603907132,0.56037499999999996,0.54300000000000004,0.31928448298457873,0.27211506658698226,1,0,0,93,True,0.0085448522780655883,False,False,-0.79834597969550514,1.3665569892860103,0.56369400000000003
0.5,335,-1.3387644951392874,0.58687500000000004,0.58199999999999996,0.42874453333947127,0.27177602392008571,1,0,0,202,True,0.0091896842301655048,False,False,-1.3475760776189629,1.6531130939443468,0.58186099999999996
1,336,-0.0016967838475755947,0.4975,0.48799999999999999,0.71984269180325933,0.87065950552570914,0,0,0,45,True,0.0082013477077090002,False,False,0.00084786314457791824,1.1837821058171558,0.499774
0.84999999999999998,336,-0.50332993321825958,0.52500000000000002,0.51700000000000002,0.65822582615958047,0.21446284900363008,0,0,0,49,True,0.0080065026693342915,False,False,-0.29333850291300162,1.2098295592007686,0.52929400000000004
0.65000000000000002,336,-1.1609124073991146,0.5655,0.56899999999999995,0.56839077168192609,0.59388842947062959,1,0,0,110,True,0.0080999057228849491,False,False,-0.79834597969550514,1.3665569892860103,0.56369400000000003
0.5,336,-1.429267069319041,0.58450000000000002,0.58699999999999997,0.92756579638030889,0.9316008453830571,1,0,0,150,True,0.0080481827086461601,False,False,-1.3475760776189629,1.6531130939443468,0.58186099999999996
1,337,-0.0080443564366872167,0.49112499999999998,0.47599999999999998,0.45733908771377257,0.25778706354984471,0,0,0,42,True,0.0085395285162100411,False,False,0.00084786314457791824,1.1837821058171558,0.499774
0.84999999999999998,337,-0.43754384806299595,0.52849999999999997,0.52000000000000002,0.8969200317179834,0.49733740586760899,0,0,0,48,True,0.0084330026929873084,False,False,-0.29333850291300162,1.2098295592007686,0.52929400000000004
0.65000000000000002,337,-0.95687627405579911,0.56200000000000006,0.57799999999999996,0.37997369742947462,0.12442288126968293,0,0,0,64,True,0.0081779062576626677,False,False,-0.79834597969550514,1.3665569892860103,0.56369400000000003
0.5,337,-1.3058559116814428,0.58174999999999999,0.61199999999999999,0.028142587152684088,0.02931292006879118,1,0,0,106,True,0.0083365469872104612,False,False,-1.3475760776189629,1.6531130939443468,0.58186099999999996
1,338,-0.024395321251953622,0.49787500000000001,0.52200000000000002,0.80804601400519549,0.17311794149607954,0,0,0,42,True,0.0075666317340080834,False,False,0.00084786314457791824,1.1837821058171558,0.499774
0.84999999999999998,338,-0.47847269537315956,0.52949999999999997,0.54300000000000004,0.095078824628857,0.33127887908368503,0,0,0,70,True,0.0078045401867371817,False,False,-0.29333850291300162,1.2098295592007686,0.52929400000000004
0.65000000000000002,338,-1.0200449827161542,0.56074999999999997,0.55100000000000005,0.057467326454575758,0.06451189782106323,0,0,0,69,True,0.0081025240050043891,False,False,-0.79834597969550514,1.3665569892860103,0.56369400000000003
0.5,338,-1.3487276655106468,0.58250000000000002,0.56100000000000005,0.12044656214565135,0.062164560716640817,1,0,0,114,True,0.0075996559614050227,False,False,-1.3475760776189629,1.6531130939443468,0.58186099999999996
1,339,0.040580334369839127,0.49812499999999998,0.50900000000000001,0.32070089363376786,0.42649720736412183,0,0,0,39,True,0.0088666366553225764,False,False,0.00084786314457791824,1.1837821058171558,0.499774
0.84999999999999998,339,-0.37094652644492415,0.53037500000000004,0.53300000000000003,0.78727484744193488,0.70932339086385032,0,0,0,43,True,0.0087456947626287189,False,False,-0.29333850291300162,1.2098295592007686,0.52929400000000004
0.65000000000000002,339,-0.98036515736852614,0.56125000000000003,0.57799999999999996,0.27440422207279869,0.60780160880908052,0,0,0,49,True,0.0087237825174035499,False,False,-0.79834597969550514,1.3665569892860103,0.56369400000000003
0.5,339,-1.3670926100224376,0.58187500000000003,0.60499999999999998,0.029271372545487045,0.033639723364787905,1,0,0,99,True,0.0079511063866348746,False,False,-1.3475760776189629,1.6531130939443468,0.58186099999999996
1,340,-0.081893133753294739,0.50737500000000002,0.501,0.47955640489179552,0.67730738891443609,0,0,0,38,True,0.0088595904644258663,False,False,0.00084786314457791824,1.1837821058171558,0.499774
0.84999999999999998,340,-0.53282287278256846,0.53912499999999997,0.51800000000000002,0.72073166269755062,0.7458055981141799,0,0,0,73,True,0.0092169932571052535,False,False,-0.29333850291300162,1.2098295592007686,0.52929400000000004
0.65000000000000002,340,-1.1270350709047099,0.56412499999999999,0.55400000000000005,0.91622428579138782,0.84649872266242165,1,0,0,81,True,0.0086002602451702784,False,False,-0.79834597969550514,1.3665569892860103,0.56369400000000003
0.5,340,-1.4295858976702813,0.58525000000000005,0.57299999999999995,0.44855432499608733,0.42606010716084486,1,0,0,148,True,0.0084470101463018123,False,False,-1.3475760776189629,1.6531130939443468,0.58186099999999996
1,341,0.098191040240777322,0.49099999999999999,0.501,0.060530448624911373,0.098640725339432564,0,0,0,44,True,0.0093054907559196702,False,False,0.00084786314457791824,1.1837821058171558,0.499774
0.84999999999999998,341,-0.31492447198151163,0.52037500000000003,0.51600000000000001,0.38098346668474414,0.63590185799448595,0,1,0,45,True,0.0090887513248757001,False,False,-0.29333850291300162,1.2098295592007686,0.52929400000000004
0.65000000000000002,341,-0.92994517613482519,0.56225000000000003,0.54600000000000004,0.74468278404768495,0.60601573943507903,0,0,0,71,True,0.0089496467834737654,False,False,-0.79834597969550514,1.3665569892860103,0.56369400000000003
0.5,341,-1.2394667796552412,0.58099999999999996,0.56499999999999995,0.52395532838087422,0.45780418715141108,1,0,0,86,True,0.0089440899154566347,False,False,-1.3475760776189629,1.6531130939443468,0.58186099999999996
1,342,0.10764298143122278,0.50612500000000005,0.47499999999999998,0.81537706800550991,0.90321714417952337,0,0,0,46,True,0.0081492805707776735,False,False,0.00084786314457791824,1.1837821058171558,0.499774
0.84999999999999998,342,-0.35503039368118933,0.53387499999999999,0.51800000000000002,0.21954215210334679,0.64035613986395368,0,0,0,48,True,0.0078630166724213135,False,False,-0.29333850291300162,1.2098295592007686,0.52929400000000004
0.65000000000000002,342,-0.9908668941978408,0.56937499999999996,0.54500000000000004,0.27107068599579626,0.46794894867262016,1,0,0,95,True,0.0082364826962972142,False,False,-0.79834597969550514,1.3665569892860103,0.56369400000000003
0.5,342,-1.2958124377909919,0.58599999999999997,0.57599999999999996,0.28636614146110995,0.26469851427842572,1,0,0,118,True,0.0084406110356728663,False,False,-1.3475760776189629,1.6531130939443468,0.58186099999999996
1,343,-0.020412466165970079,0.50237500000000002,0.53600000000000003,0.52556623027326377,0.69427465126353538,0,0,0,42,True,0.0090204747145521871,False,False,0.00084786314457791824,1.1837821058171558,0.499774
0.84999999999999998,343,-0.43151847937902876,0.52937500000000004,0.57699999999999996,0.16495239957699298,0.24988251518141621,0,0,0,56,True,0.0091778747326436098,False,False,-0.29333850291300162,1.2098295592007686,0.52929400000000004
0.65000000000000002,343,-0.9855710821627921,0.55874999999999997,0.59099999999999997,0.75898904787615629,0.78376318359263886,0,0,0,70,True,0.0083311368154545141,False,False,-0.79834597969550514,1.3665569892860103,0.56369400000000003
0.5,343,-1.2972682612523005,0.58062499999999995,0.60999999999999999,0.6276431343934078,0.31865067319706658,1,0,0,161,True,0.0081329201449673802,False,False,-1.3475760776189629,1.6531130939443468,0.58186099999999996
1,344,-0.13294753533108547,0.50262499999999999,0.51400000000000001,0.78111932225118519,0.61217188076860152,0,0,0,39,True,0.0080259330094617966,False,False,0.00084786314457791824,1.1837821058171558,0.499774
0.84999999999999998,344,-0.56433547118559191,0.53000000000000003,0.53000000000000003,0.83854458496484585,0.80454971107242512,0,0,0,65,True,0.0081016762758782512,False,False,-0.29333850291300162,1.2098295592007686,0.52929400000000004
0.65000000000000002,344,-1.1083712719063932,0.56137499999999996,0.58199999999999996,0.82525334332119926,0.6874790209664412,0,0,0,73,True,0.0083317660321009183,False,False,-0.79834597969550514,1.3665569892860103,0.56369400000000003
0.5,344,-1.4063511415941476,0.573125,0.58499999999999996,0.95157481590462956,0.94685741018367087,0,0,0,72,True,0.0089325595452589505,False,False,-1.3475760776189629,1.6531130939443468,0.58186099999999996
1,345,0.080038634607734332,0.50775000000000003,0.47299999999999998,0.99361290504185895,0.98037884307340417,0,0,0,42,True,0.0083356724259670747,False,False,0.00084786314457791824,1.1837821058171558,0.499774
0.84999999999999998,345,-0.44233431416728275,0.53449999999999998,0.49399999999999999,0.86569716173182898,0.875202266137729,0,0,0,51,True,0.0085219498137844435,False,False,-0.29333850291300162,1.2098295592007686,0.52929400000000004
0.65000000000000002,345,-1.0327164954111332,0.56787500000000002,0.52700000000000002,0.082159080970775747,0.16799647567091044,1,0,0,89,True,0.0084277775431167781,False,False,-0.79834597969550514,1.3665569892860103,0.56369400000000003
0.5,345,-1.3765211856155954,0.59212500000000001,0.57599999999999996,0.22465002088531477,0.15294997081628478,1,0,0,119,True,0.0084164320453822463,False,False,-1.3475760776189629,1.6531130939443468,0.58186099999999996
1,346,0.060333248148040385,0.503,0.50900000000000001,0.51338038340079351,0.16737418854261787,0,0,0,39,True,0.0086589875733913951,False,False,0.00084786314457791824,1.1837821058171558,0.499774
0.84999999999999998,346,-0.4066532077181344,0.53025,0.52500000000000002,0.76568437075303308,0.28748173018456125,0,0,0,36,True,0.0088984933750363322,False,False,-0.29333850291300162,1.2098295592007686,0.52929400000000004
0.65000000000000002,346,-1.0055777400902732,0.55862500000000004,0.55300000000000005,0.53151864951167749,0.26015596690141207,1,0,0,79,True,0.008351877620929175,False,False,-0.79834597969550514,1.3665569892860103,0.56369400000000003
0.5,346,-1.3302226839934463,0.575125,0.57099999999999995,0.73468857743771554,0.50551574777518871,1,0,0,78,True,0.0085442296184895482,False,False,-1.3475760776189629,1.6531130939443468,0.58186099999999996
1,347,-0.088467507099722828,0.497,0.48799999999999999,0.375323087247733,0.19099038472577182,0,0,0,44,True,0.0080879515961714745,False,False,0.00084786314457791824,1.1837821058171558,0.499774
0.84999999999999998,347,-0.62485296710234151,0.52375000000000005,0.50700000000000001,0.50426741469946523,0.97087114372553018,0,0,0,43,True,0.0081010729314337521,False,False,-0.29333850291300162,1.2098295592007686,0.52929400000000004
0.65000000000000002,347,-1.2051850746713157,0.56137499999999996,0.53300000000000003,0.25248978441975611,0.51340170636189986,0,0,0,73,True,0.0086854132674035224,False,False,-0.79834597969550514,1.3665569892860103,0.56369400000000003
0.5,347,-1.5318957468328587,0.57562500000000005,0.55200000000000005,0.25596417049526193,0.031595575075351087,1,0,0,122,True,0.0084752652719420184,False,False,-1.3475760776189629,1.6531130939443468,0.58186099999999996
1,348,-0.053521080221560109,0.5,0.51000000000000001,0.83978763163425652,0.65940865038168417,0,0,0,33,True,0.0084987222557943217,False,False,0.00084786314457791824,1.1837821058171558,0.499774
0.84999999999999998,348,-0.49333093292304381,0.53112499999999996,0.52100000000000002,0.61406751776335422,0.57040929506816596,0,0,0,39,True,0.0086912086480313601,False,False,-0.29333850291300162,1.2098295592007686,0.52929400000000004
0.65000000000000002,348,-1.0586082237882055,0.56000000000000005,0.56200000000000006,0.14618799233660218,0.21344251189636049,0,0,0,69,True,0.0082154844338247785,False,False,-0.79834597969550514,1.3665569892860103,0.56369400000000003
0.5,348,-1.3897529197161298,0.58574999999999999,0.57699999999999996,0.52857182122213675,0.42782227294075548,1,0,0,189,True,0.0081444024917317354,False,False,-1.3475760776189629,1.6531130939443468,0.58186099999999996
1,349,-0.008737175505250154,0.49612499999999998,0.49199999999999999,0.7340474860160231,0.97243922567238616,0,0,0,47,True,0.0080792677720348868,False,False,0.00084786314457791824,1.1837821058171558,0.499774
0.84999999999999998,349,-0.52688484536231639,0.52975000000000005,0.50900000000000001,0.76087625144611137,0.73784375420787163,0,0,0,53,True,0.0082753443655151308,False,False,-0.29333850291300162,1.2098295592007686,0.52929400000000004
0.65000000000000002,349,-1.1557536717565671,0.55787500000000001,0.55600000000000005,0.22466346982141222,0.44459320585191836,1,0,0,84,True,0.0083407426924560456,False,False,-0.79834597969550514,1.3665569892860103,0.56369400000000003
0.5,349,-1.4906477002712837,0.57699999999999996,0.57799999999999996,0.20135351045523586,0.15350777851795638,0,0,0,73,True,0.0086002440557305156,False,False,-1.3475760776189629,1.6531130939443468,0.58186099999999996
1,350,0.00076384917602282613,0.51300000000000001,0.52900000000000003,0.68024243265522599,0.69818006999994209,0,0,0,45,True,0.008154569715086428,False,False,0.00084786314457791824,1.1837821058171558,0.499774
0.84999999999999998,350,-0.40150108830123205,0.543875,0.53800000000000003,0.54230933037198037,0.92460554223983593,0,0,0,67,True,0.0080033176333499257,False,False,-0.29333850291300162,1.2098295592007686,0.52929400000000004
0.65000000000000002,350,-0.95704221920475119,0.57837499999999997,0.58099999999999996,0.38024193516333049,0.50913761235975108,1,0,0,110,True,0.0083256028418499783,False,False,-0.79834597969550514,1.3665569892860103,0.56369400000000003
0.5,350,-1.3006798821727381,0.59187500000000004,0.59199999999999997,0.66376028206702042,0.53242787360704524,1,0,0,161,True,0.0084176112752840006,False,False,-1.3475760776189629,1.6531130939443468,0.58186099999999996
1,351,0.083016962745439432,0.50449999999999995,0.497,0.69669862745429756,0.17925979498517847,0,0,0,51,True,0.0077830765658981043,False,False,0.00084786314457791824,1.1837821058171558,0.499774
0.84999999999999998,351,-0.34869176474023034,0.52487499999999998,0.52100000000000002,0.033086716118680672,0.23619458833545479,0,0,0,45,True,0.0080848754072867998,False,False,-0.29333850291300162,1.2098295592007686,0.52929400000000004
0.65000000000000002,351,-1.1362979671076483,0.56412499999999999,0.55000000000000004,0.20556479907385522,0.1453807720784458,0,0,0,51,True,0.0082254439102273941,False,False,-0.79834597969550514,1.3665569892860103,0.56369400000000003
0.5,351,-1.4887920024311072,0.58125000000000004,0.56899999999999995,0.64170307401921511,0.7328167586257488,1,0,0,99,True,0.0084170502795967734,False,False,-1.3475760776189629,1.6531130939443468,0.58186099999999996
1,352,-0.10041533761661976,0.50162499999999999,0.47599999999999998,0.16540234960131145,0.40477465529537582,0,0,0,43,True,0.0086268330997765,False,False,0.00084786314457791824,1.1837821058171558,0.499774
0.84999999999999998,352,-0.53722830961477608,0.53249999999999997,0.51400000000000001,0.63339281189684749,0.36580933501123725,0,0,0,53,True,0.0087124144722366421,False,False,-0.29333850291300162,1.2098295592007686,0.52929400000000004
0.65000000000000002,352,-1.1739747127803266,0.5605,0.53200000000000003,0.91615619149348693,0.85527081155537199,0,0,0,59,True,0.0090826254043958107,False,False,-0.79834597969550514,1.3665569892860103,0.56369400000000003
0.5,352,-1.5043743048067366,0.58199999999999996,0.56799999999999995,0.6371924383317098,0.93517336089857173,1,0,0,105,True,0.0088657731690318028,False,False,-1.3475760776189629,1.6531130939443468,0.58186099999999996
1,353,0.18798409780502812,0.50249999999999995,0.49299999999999999,0.57757863572863966,0.84638880973923958,0,0,0,32,True,0.0080266312859286967,False,False,0.00084786314457791824,1.1837821058171558,0.499774
0.84999999999999998,353,-0.32648412018236378,0.53025,0.50900000000000001,0.86638459200166962,0.23709776323685525,0,0,0,55,True,0.0080222945774617183,False,False,-0.29333850291300162,1.2098295592007686,0.52929400000000004
0.65000000000000002,353,-1.025653285771903,0.56712499999999999,0.54800000000000004,0.88878275249996874,0.84328960230122729,1,0,0,76,True,0.0080418451829391453,False,False,-0.79834597969550514,1.3665569892860103,0.56369400000000003
0.5,353,-1.4531073397653156,0.58825000000000005,0.58799999999999997,0.35494570568748712,0.44086673036533369,1,0,0,111,True,0.0082308462552990146,False,False,-1.3475760776189629,1.6531130939443468,0.58186099999999996
1,354,0.060878511705165582,0.49662499999999998,0.49199999999999999,0.57650885344991454,0.3518664859739189,0,0,0,42,True,0.0081101243731720642,False,False,0.00084786314457791824,1.1837821058171558,0.499774
0.84999999999999998,354,-0.38814507318684577,0.52912499999999996,0.53500000000000003,0.13926845071013916,0.23673243041215347,0,0,0,45,True,0.008211898283385111,False,False,-0.29333850291300162,1.2098295592007686,0.52929400000000004
0.65000000000000002,354,-0.9861216471858586,0.55762500000000004,0.55600000000000005,0.82838868941328281,0.56745144458809227,0,0,0,71,True,0.0082389002215570474,False,False,-0.79834597969550514,1.3665569892860103,0.56369400000000003
0.5,354,-1.3050653607308595,0.57687500000000003,0.58199999999999996,0.4580100227981162,0.73688573827368076,1,0,0,120,True,0.0086582250748334488,False,False,-1.3475760776189629,1.6531130939443468,0.58186099999999996
1,355,0.022558696710963444,0.49275000000000002,0.48999999999999999,0.10476975527934791,0.029698503618956321,0,0,0,74,True,0.008828333079121382,False,False,0.00084786314457791824,1.1837821058171558,0.499774
0.84999999999999998,355,-0.44504467549241017,0.51912499999999995,0.5,0.54168036288865329,0.48281821631670618,0,0,0,54,True,0.0085746376681920273,False,False,-0.29333850291300162,1.2098295592007686,0.52929400000000004
0.65000000000000002,355,-1.1085274955788325,0.55800000000000005,0.54600000000000004,0.34024171716761514,0.25750268662835535,0,0,0,69,True,0.0087346311834587929,False,False,-0.79834597969550514,1.3665569892860103,0.56369400000000003
0.5,355,-1.4254467364307382,0.57050000000000001,0.55800000000000005,0.27555590142184244,0.456031732226649,1,0,0,95,True,0.0090240954147904669,False,False,-1.3475760776189629,1.6531130939443468,0.58186099999999996
1,356,0.025853557075741634,0.50937500000000002,0.51000000000000001,0.23300600701779287,0.70239143137085491,0,0,0,39,True,0.0083320833518590598,False,False,0.00084786314457791824,1.1837821058171558,0.499774
0.84999999999999998,356,-0.36211287769739553,0.53825000000000001,0.55200000000000005,0.34119603686788136,0.090946747844153714,0,0,0,56,True,0.0085348616351645906,False,False,-0.29333850291300162,1.2098295592007686,0.52929400000000004
0.65000000000000002,356,-0.8941713944137879,0.5665,0.56599999999999995,0.35123401523982495,0.43975581137397884,1,0,0,93,True,0.0088704171084871171,False,False,-0.79834597969550514,1.3665569892860103,0.56369400000000003
0.5,356,-1.2577734202940827,0.59012500000000001,0.57899999999999996,0.26277124627196219,0.77543634328875655,1,0,0,150,True,0.0083738717748208982,False,False,-1.3475760776189629,1.6531130939443468,0.58186099999999996
1,357,0.14163988407651826,0.50187499999999996,0.48199999999999998,0.23495816031095013,0.79478675355546891,0,0,0,38,True,0.0078180146443106741,False,False,0.00084786314457791824,1.1837821058171558,0.499774
0.84999999999999998,357,-0.27402801293613244,0.53674999999999995,0.52300000000000002,0.037053420981434541,0.02375100286650356,0,0,0,51,True,0.0080984129253419378,False,False,-0.29333850291300162,1.2098295592007686,0.52929400000000004
0.65000000000000002,357,-0.99664024708955545,0.57087500000000002,0.54500000000000004,0.16340862701308159,0.32860522759210931,1,0,0,85,True,0.0086831695254916252,False,False,-0.79834597969550514,1.3665569892860103,0.56369400000000003
0.5,357,-1.3541598750463539,0.58662499999999995,0.55900000000000005,0.16768286842879199,0.13517519631635966,1,0,0,131,True,0.0084664867923569566,False,False,-1.3475760776189629,1.6531130939443468,0.58186099999999996
1,358,-0.048906901453306936,0.50049999999999994,0.49399999999999999,0.69355841388408379,0.55639650516748052,0,0,0,58,True,0.0083211704322361368,False,False,0.00084786314457791824,1.1837821058171558,0.499774
0.84999999999999998,358,-0.47694112388633747,0.53437500000000004,0.53900000000000003,0.88450055821213192,0.883435640357083,0,0,0,48,True,0.0082271706752146297,False,False,-0.29333850291300162,1.2098295592007686,0.52929400000000004
0.65000000000000002,358,-1.0603829000523251,0.57350000000000001,0.59399999999999997,0.036422757296757431,0.092905430619351567,1,0,0,99,True,0.0082641628564355425,False,False,-0.79834597969550514,1.3665569892860103,0.56369400000000003
0.5,358,-1.3966906190264901,0.60037499999999999,0.61399999999999999,0.011185907179284318,0.0047285690283781412,1,0,0,250,True,0.0078723413973858097,False,False,-1.3475760776189629,1.6531130939443468,0.58186099999999996
1,359,-0.029709865271332014,0.50112500000000004,0.47899999999999998,0.012039238012172042,0.45863938790359937,0,0,0,38,True,0.0081861044505867585,False,False,0.00084786314457791824,1.1837821058171558,0.499774
0.84999999999999998,359,-0.46135508266711195,0.52825,0.50600000000000001,0.30870115507447465,0.18167839035206279,0,0,0,38,True,0.0078449839303968358,False,False,-0.29333850291300162,1.2098295592007686,0.52929400000000004
0.65000000000000002,359,-1.0169824357582971,0.56462500000000004,0.54800000000000004,0.56119318237116356,0.69029425177688664,1,0,0,120,True,0.007627589990040917,False,False,-0.79834597969550514,1.3665569892860103,0.56369400000000003
0.5,359,-1.350025188821607,0.578125,0.56399999999999995,0.46829465222531375,0.28671053335382007,1,0,0,150,True,0.007521569014383475,False,False,-1.3475760776189629,1.6531130939443468,0.58186099999999996
1,360,0.11917529993535625,0.50249999999999995,0.49099999999999999,0.56339584454577074,0.2741404835726895,0,0,0,48,True,0.0089318158166421559,False,False,0.00084786314457791824,1.1837821058171558,0.499774
0.84999999999999998,360,-0.41741210207749674,0.53912499999999997,0.53400000000000003,0.93975482951138922,0.86407644038799747,0,0,0,51,True,0.0086259961756180448,False,False,-0.29333850291300162,1.2098295592007686,0.52929400000000004
0.65000000000000002,360,-1.3898065824274339,0.56462500000000004,0.56299999999999994,0.9254822923914453,0.92945409686422653,0,0,0,74,True,0.0081826930858508728,False,False,-0.79834597969550514,1.3665569892860103,0.56369400000000003
0.5,360,-1.7453315653112664,0.57937499999999997,0.58299999999999996,0.95687423011087436,0.9318896002490864,1,0,0,95,True,0.0086051877466077377,False,False,-1.3475760776189629,1.6531130939443468,0.58186099999999996
1,361,0.060492204242241492,0.50462499999999999,0.505,0.48953142155620455,0.86900188044044968,0,0,0,40,True,0.0080582841715474366,False,False,0.00084786314457791824,1.1837821058171558,0.499774
0.84999999999999998,361,-0.41104052186765422,0.53387499999999999,0.52000000000000002,0.496424785019561,0.73143660471481864,1,0,0,77,True,0.0081999068928081901,False,False,-0.29333850291300162,1.2098295592007686,0.52929400000000004
0.65000000000000002,361,-0.98679718184383391,0.57487500000000002,0.57799999999999996,0.97485749421471868,0.96705621703296019,1,0,0,88,True,0.0079606941871813199,False,False,-0.79834597969550514,1.3665569892860103,0.56369400000000003
0.5,361,-1.3464621844111666,0.59724999999999995,0.59599999999999997,0.97099560104672467,0.98424682909883776,1,0,0,199,True,0.0084194979437606093,False,False,-1.3475760776189629,1.6531130939443468,0.58186099999999996
1,362,0.03350569075302437,0.50475000000000003,0.49099999999999999,0.71097771322916969,0.27850840040922303,0,0,0,56,True,0.0086659986763355373,False,False,0.00084786314457791824,1.1837821058171558,0.499774
0.84999999999999998,362,-0.4257099012363717,0.52475000000000005,0.52800000000000002,0.50745642046587769,0.19207046821565249,1,0,0,76,True,0.0087135868465570126,False,False,-0.29333850291300162,1.2098295592007686,0.52929400000000004
0.65000000000000002,362,-1.0354713240216928,0.56012499999999998,0.54300000000000004,0.48071488404603402,0.57213923267812727,0,0,0,71,True,0.0091916156862825553,False,False,-0.79834597969550514,1.3665569892860103,0.56369400000000003
0.5,362,-1.3709484198155395,0.57862499999999994,0.56799999999999995,0.48537493173682211,0.23405165200469877,1,0,0,83,True,0.0083977183766279599,False,False,-1.3475760776189629,1.6531130939443468,0.58186099999999996
1,363,-0.027889788608688917,0.50062499999999999,0.51300000000000001,0.70605890700756169,0.92426987310600273,0,0,0,55,True,0.0090503346487095723,False,False,0.00084786314457791824,1.1837821058171558,0.499774
0.84999999999999998,363,-0.50015152066098645,0.53049999999999997,0.53600000000000003,0.067571899571584756,0.1835863275097411,0,0,0,47,True,0.0088339432659942946,False,False,-0.29333850291300162,1.2098295592007686,0.52929400000000004
0.65000000000000002,363,-0.96564375383900014,0.56637499999999996,0.55000000000000004,0.062600832737746928,0.073573972601512966,0,0,0,59,True,0.0086631588964253409,False,False,-0.79834597969550514,1.3665569892860103,0.56369400000000003
0.5,363,-1.2502323024739388,0.58237499999999998,0.56200000000000006,0.62377842896800073,0.76447381764880751,1,0,0,102,True,0.0086331666922284094,False,False,-1.3475760776189629,1.6531130939443468,0.58186099999999996
1,364,-0.080030652814179745,0.487875,0.48299999999999998,0.11734177028512835,0.093759570670050876,0,0,0,42,True,0.0084318150055996532,False,False,0.00084786314457791824,1.1837821058171558,0.499774
0.84999999999999998,364,-0.50677707233092939,0.518625,0.51000000000000001,0.025362174255073231,0.57280477809498143,0,0,0,51,True,0.0082353367786235886,False,False,-0.29333850291300162,1.2098295592007686,0.52929400000000004
0.65000000000000002,364,-1.1496346401496313,0.56137499999999996,0.54500000000000004,0.29643592837936517,0.52699576818852945,1,0,0,98,True,0.0087355217304604677,False,False,-0.79834597969550514,1.3665569892860103,0.56369400000000003
0.5,364,-1.4442542041211275,0.58162499999999995,0.56499999999999995,0.78451318040025542,0.55468992866132338,1,0,0,160,True,0.0083262477027590317,False,False,-1.3475760776189629,1.6531130939443468,0.58186099999999996
1,365,-0.17112854088177812,0.49962499999999999,0.48799999999999999,0.60167890673576763,0.71860163960553214,0,0,0,41,True,0.0087512647284776271,False,False,0.00084786314457791824,1.1837821058171558,0.499774
0.84999999999999998,365,-0.64969064838174961,0.52775000000000005,0.52500000000000002,0.84451118819627291,0.48264878358914598,0,0,0,69,True,0.0087792909322681519,False,False,-0.29333850291300162,1.2098295592007686,0.52929400000000004
0.65000000000000002,365,-1.2498724435356128,0.57074999999999998,0.56899999999999995,0.14033738451382821,0.20613328305142853,1,0,0,82,True,0.0087837407538847462,False,False,-0.79834597969550514,1.3665569892860103,0.56369400000000003
0.5,365,-1.5862365685881128,0.58437499999999998,0.58499999999999996,0.17086754182963515,0.065255988216654251,1,0,0,119,True,0.0087977704777927133,False,False,-1.3475760776189629,1.6531130939443468,0.58186099999999996
1,366,0.029846536997467487,0.49525000000000002,0.502,0.17807950157135946,0.37682221475603173,0,0,0,39,True,0.0086182050313533994,False,False,0.00084786314457791824,1.1837821058171558,0.499774
0.84999999999999998,366,-0.44300474734979539,0.52812499999999996,0.53200000000000003,0.75336493766459223,0.59286216825701854,0,0,0,50,True,0.0089083316199078597,False,False,-0.29333850291300162,1.2098295592007686,0.52929400000000004
0.65000000000000002,366,-1.0890118038913266,0.55787500000000001,0.55700000000000005,0.99720607505993186,0.98116207804712452,1,0,0,95,True,0.0083190632209402589,False,False,-0.79834597969550514,1.3665569892860103,0.56369400000000003
0.5,366,-1.4562111706581153,0.57487500000000002,0.58299999999999996,0.92854065630920812,0.99326383044041866,1,0,0,135,True,0.0080650374324496253,False,False,-1.3475760776189629,1.6531130939443468,0.58186099999999996
1,367,-0.031301211023724275,0.50449999999999995,0.496,0.9989557430531304,0.37888542484829929,0,0,0,42,True,0.0093781905472689331,False,False,0.00084786314457791824,1.1837821058171558,0.499774
0.84999999999999998,367,-0.41156966795938266,0.53262500000000002,0.52300000000000002,0.7430003334732016,0.34013032209765398,0,0,0,67,True,0.009215501959294917,False,False,-0.29333850291300162,1.2098295592007686,0.52929400000000004
0.65000000000000002,367,-1.0552076038428277,0.56187500000000001,0.56999999999999995,0.39344684164870453,0.49261685354950113,0,0,0,69,True,0.0087219128506425894,False,False,-0.79834597969550514,1.3665569892860103,0.56369400000000003
0.5,367,-1.3282007452821227,0.57562500000000005,0.59299999999999997,0.94302317931536517,0.57072939689847024,1,0,0,111,True,0.0086074702557367364,False,False,-1.3475760776189629,1.6531130939443468,0.58186099999999996
1,368,0.029485683144279903,0.4985,0.50800000000000001,0.06225150157923167,0.46609732024399786,0,0,0,45,True,0.0078524831151565149,False,False,0.00084786314457791824,1.1837821058171558,0.499774
0.84999999999999998,368,-0.46565118416271983,0.52849999999999997,0.54500000000000004,0.012981345276020054,0.01030014943741114,0,0,0,44,True,0.0078841542319081481,False,False,-0.29333850291300162,1.2098295592007686,0.52929400000000004
0.65000000000000002,368,-1.0305155465248188,0.55762500000000004,0.57199999999999995,0.12114943038828641,0.384172308931785,0,0,0,65,True,0.0085517126823038032,False,False,-0.79834597969550514,1.3665569892860103,0.56369400000000003
0.5,368,-1.4412744800375188,0.57774999999999999,0.58099999999999996,0.2773473366939701,0.053916474057388405,1,0,0,98,True,0.0087914648730686353,False,False,-1.3475760776189629,1.6531130939443468,0.58186099999999996
1,369,-0.065415557901450289,0.50087499999999996,0.499,0.41783046972578469,0.9381121910758764,0,0,0,37,True,0.0084175448747137224,False,False,0.00084786314457791824,1.1837821058171558,0.499774
0.84999999999999998,369,-0.65075193854811408,0.52625,0.52600000000000002,0.66694582949585179,0.34638849569870456,0,0,0,46,True,0.0082924871474028793,False,False,-0.29333850291300162,1.2098295592007686,0.52929400000000004
0.65000000000000002,369,-1.2532245716157473,0.56137499999999996,0.57599999999999996,0.55672138618876921,0.10646649937787761,1,0,1,80,True,0.0084689241214044361,False,False,-0.79834597969550514,1.3665569892860103,0.56369400000000003
0.5,369,-1.5764485645511948,0.57162500000000005,0.58499999999999996,0.76365639520952211,0.76034501017967848,1,0,0,97,True,0.008297927033957618,False,False,-1.3475760776189629,1.6531130939443468,0.58186099999999996
1,370,0.05548103592748857,0.50762499999999999,0.505,0.018976736747184853,0.068641675337778069,0,0,0,44,True,0.0084200569756646866,False,False,0.00084786314457791824,1.1837821058171558,0.499774
0.84999999999999998,370,-0.44369336256321834,0.53900000000000003,0.54600000000000004,0.32803202274944948,0.54066964222309832,0,0,0,49,True,0.0084057408301244883,False,False,-0.29333850291300162,1.2098295592007686,0.52929400000000004
0.65000000000000002,370,-0.98010244493679144,0.57762500000000006,0.58099999999999996,0.53589470853979582,0.50129917021258308,1,0,0,139,True,0.0078309463414072446,False,False,-0.79834597969550514,1.3665569892860103,0.56369400000000003
0.5,370,-1.3736688621330813,0.59687500000000004,0.59299999999999997,0.93476983504328159,0.97879272269201667,1,0,0,228,True,0.0079262008579571545,False,False,-1.3475760776189629,1.6531130939443468,0.58186099999999996
1,371,-0.051030722356232107,0.49425000000000002,0.49099999999999999,0.37848447907200478,0.20590673817471633,0,0,0,47,True,0.0082895387942738489,False,False,0.00084786314457791824,1.1837821058171558,0.499774
0.84999999999999998,371,-0.47807331306896539,0.53312499999999996,0.51800000000000002,0.74143691432464831,0.58313343816972252,1,0,0,80,True,0.0083478802558476905,False,False,-0.29333850291300162,1.2098295592007686,0.52929400000000004
0.65000000000000002,371,-0.98927238782352944,0.56825000000000003,0.56399999999999995,0.20377714850533507,0.17006803548587365,1,0,0,131,True,0.0086099151982191348,False,False,-0.79834597969550514,1.3665569892860103,0.56369400000000003
0.5,371,-1.2764232079142637,0.58562499999999995,0.58099999999999996,0.23416911276168992,0.24902935753831223,1,0,0,188,True,0.0080193479945155442,False,False,-1.3475760776189629,1.6531130939443468,0.58186099999999996
1,372,-0.094565846867838241,0.49937500000000001,0.51000000000000001,0.50459557430796687,0.77207246646007976,0,0,0,44,True,0.0083451400504582565,False,False,0.00084786314457791824,1.1837821058171558,0.499774
0.84999999999999998,372,-0.51358601229983825,0.53287499999999999,0.54400000000000004,0.60986023872849682,0.13318584550122631,0,0,0,64,True,0.0087738217959064981,False,False,-0.29333850291300162,1.2098295592007686,0.52929400000000004
0.65000000000000002,372,-1.0372013604225132,0.57074999999999998,0.58799999999999997,0.46289962624187309,0.28860709253200634,0,0,0,73,True,0.0087204587782051726,False,False,-0.79834597969550514,1.3665569892860103,0.56369400000000003
0.5,372,-1.3617779652420177,0.59199999999999997,0.60599999999999998,0.084990659073400088,0.211593665257888,1,0,0,132,True,0.0087094709579564958,False,False,-1.3475760776189629,1.6531130939443468,0.58186099999999996
1,373,-0.016941525812630743,0.49475000000000002,0.48699999999999999,0.24218362079327813,0.44542676194756092,0,0,0,33,True,0.0084296674903915816,False,False,0.00084786314457791824,1.1837821058171558,0.499774
0.84999999999999998,373,-0.46087812372714049,0.52987499999999998,0.54900000000000004,0.11229341042326289,0.10379744584387739,0,0,0,56,True,0.0083987720775394788,False,False,-0.29333850291300162,1.2098295592007686,0.52929400000000004
0.65000000000000002,373,-1.1557304425719261,0.5655,0.58999999999999997,0.046809326237594297,0.11640782136827978,1,0,0,100,True,0.0077234109360795966,False,False,-0.79834597969550514,1.3665569892860103,0.56369400000000003
0.5,373,-1.4669282983569687,0.58625000000000005,0.61499999999999999,0.2359012183923605,0.21006378760712838,1,0,0,126,True,0.0079507481694958016,False,False,-1.3475760776189629,1.6531130939443468,0.58186099999999996
1,374,0.17718572113187803,0.49562499999999998,0.49399999999999999,0.8548849608399498,0.99654891714599558,0,0,0,65,True,0.0084371672528387436,False,False,0.00084786314457791824,1.1837821058171558,0.499774
0.84999999999999998,374,-0.46621623892035247,0.52524999999999999,0.52400000000000002,0.53255232308549461,0.38162857512738091,0,0,0,43,True,0.0085685425889465601,False,False,-0.29333850291300162,1.2098295592007686,0.52929400000000004
0.65000000000000002,374,-1.0932080713641019,0.55287500000000001,0.55100000000000005,0.21869196446700762,0.12618607061190557,0,0,0,51,True,0.0088335037888762277,False,False,-0.79834597969550514,1.3665569892860103,0.56369400000000003
0.5,374,-1.4213683324594493,0.58150000000000002,0.57199999999999995,0.53402219104487991,0.58285147498924128,1,0,0,91,True,0.0085148423054383169,False,False,-1.3475760776189629,1.6531130939443468,0.58186099999999996
1,375,0.0025125444896652947,0.50375000000000003,0.496,0.10022593433489954,0.73450474543821753,0,0,0,37,True,0.0085758486616564905,False,False,0.00084786314457791824,1.1837821058171558,0.499774
0.84999999999999998,375,-0.42726979433660273,0.52687499999999998,0.52000000000000002,0.14225519842997753,0.98401038986590927,0,0,0,51,True,0.0085036057502755284,False,False,-0.29333850291300162,1.2098295592007686,0.52929400000000004
0.65000000000000002,375,-0.98988732748032515,0.56237499999999996,0.54700000000000004,0.51657521170549481,0.77711329317031064,0,0,0,72,True,0.008353127967648543,False,False,-0.79834597969550514,1.3665569892860103,0.56369400000000003
0.5,375,-1.3243655930361444,0.58399999999999996,0.56399999999999995,0.072520911493888909,0.097608346089083767,1,0,0,182,True,0.0082854802516413358,False,False,-1.3475760776189629,1.6531130939443468,0.58186099999999996
1,376,-0.0089016100002252373,0.497,0.495,0.67021145582875041,0.72489239468456867,0,0,0,41,True,0.0088377578632018085,False,False,0.00084786314457791824,1.1837821058171558,0.499774
0.84999999999999998,376,-0.4626312106496332,0.52700000000000002,0.51500000000000001,0.10526018856405045,0.093586871160443175,0,0,0,64,True,0.0088320830537916267,False,False,-0.29333850291300162,1.2098295592007686,0.52929400000000004
0.65000000000000002,376,-1.0326385867615315,0.56312499999999999,0.56899999999999995,0.94528496010065721,0.95489538341141744,1,0,0,113,True,0.0085565821491766138,False,False,-0.79834597969550514,1.3665569892860103,0.56369400000000003
0.5,376,-1.3660418030338788,0.573125,0.58499999999999996,0.52278064795653789,0.55584130400255038,1,0,0,150,True,0.0083394177220871071,False,False,-1.3475760776189629,1.6531130939443468,0.58186099999999996
1,377,-0.10331976955829557,0.49875000000000003,0.503,0.59935129811571097,0.35366847248270949,0,0,0,40,True,0.008229263104182585,False,False,0.00084786314457791824,1.1837821058171558,0.499774
0.84999999999999998,377,-0.50443975017112053,0.52787499999999998,0.53400000000000003,0.91684563239299421,0.94822818988404745,0,0,0,44,True,0.0083354897601673472,False,False,-0.29333850291300162,1.2098295592007686,0.52929400000000004
0.65000000000000002,377,-1.0721642255990711,0.56087500000000001,0.56999999999999995,0.62567820826903109,0.91806053915207919,1,0,0,77,True,0.0078790380973951541,False,False,-0.79834597969550514,1.3665569892860103,0.56369400000000003
0.5,377,-1.4245419556856111,0.57650000000000001,0.57299999999999995,0.54085405127979924,0.58340364338667894,1,0,0,107,True,0.008242786338229809,False,False,-1.3475760776189629,1.6531130939443468,0.58186099999999996
1,378,0.08380379199341452,0.49862499999999998,0.52200000000000002,0.27954213842501241,0.1636158606766365,0,0,0,51,True,0.0081633167886349615,False,False,0.00084786314457791824,1.1837821058171558,0.499774
0.84999999999999998,378,-0.4166929549418189,0.52837500000000004,0.55200000000000005,0.59238233645906391,0.99794015677585912,0,0,0,54,True,0.0080584815858445059,False,False,-0.29333850291300162,1.2098295592007686,0.52929400000000004
0.65000000000000002,378,-1.0395271296844486,0.56925000000000003,0.57599999999999996,0.50198159928315889,0.27766026571819213,1,0,0,102,True,0.0086196778235097405,False,False,-0.79834597969550514,1.3665569892860103,0.56369400000000003
0.5,378,-1.3877348836913406,0.58487500000000003,0.57899999999999996,0.1139025289157039,0.068668340559429719,1,0,0,216,True,0.0084022461555425757,False,False,-1.3475760776189629,1.6531130939443468,0.58186099999999996
1,379,-0.044704229197514829,0.49312499999999998,0.498,0.78505887652387107,0.52520575864973218,0,0,0,37,True,0.0083382051721628252,False,False,0.00084786314457791824,1.1837821058171558,0.499774
0.84999999999999998,379,-0.50302218901320128,0.53174999999999994,0.53400000000000003,0.81668331788118642,0.69443494906248993,0,0,0,50,True,0.0086087669457189774,False,False,-0.29333850291300162,1.2098295592007686,0.52929400000000004
0.65000000000000002,379,-1.1172826003038765,0.55962500000000004,0.55200000000000005,0.64671750262661065,0.73944484611404393,0,0,0,64,True,0.0082768103019862076,False,False,-0.79834597969550514,1.3665569892860103,0.56369400000000003
0.5,379,-1.4785556772038548,0.58150000000000002,0.58199999999999996,0.70553080970799764,0.77311581908076277,1,0,0,77,True,0.0083032147533585749,False,False,-1.3475760776189629,1.6531130939443468,0.58186099999999996
1,380,0.10161037939126066,0.50562499999999999,0.47799999999999998,0.55691906092050369,0.59665652677587266,0,0,0,38,True,0.0087576717565330947,False,False,0.00084786314457791824,1.1837821058171558,0.499774
0.84999999999999998,380,-0.43117044800568666,0.53400000000000003,0.51600000000000001,0.97105947317847707,0.93004180888529397,0,0,0,47,True,0.0085832317258280541,False,False,-0.29333850291300162,1.2098295592007686,0.52929400000000004
0.65000000000000002,380,-1.0752062857721916,0.57037499999999997,0.56399999999999995,0.36690454434513725,0.4695236633432075,1,0,0,77,True,0.0085994463837309101,False,False,-0.79834597969550514,1.3665569892860103,0.56369400000000003
0.5,380,-1.5072970320255819,0.58650000000000002,0.58499999999999996,0.16889119725727261,0.19391951400945914,1,0,0,135,True,0.0086997329478132809,False,False,-1.3475760776189629,1.6531130939443468,0.58186099999999996
1,381,0.01256921369749148,0.50087499999999996,0.49099999999999999,0.08426114395515194,0.095996875973617918,0,0,0,43,True,0.0084032890098082822,False,False,0.00084786314457791824,1.1837821058171558,0.499774
0.84999999999999998,381,-0.35089897416485938,0.52662500000000001,0.51100000000000001,0.49249223137157094,0.48588142656496192,0,0,0,59,True,0.0083124277434715489,False,False,-0.29333850291300162,1.2098295592007686,0.52929400000000004
0.65000000000000002,381,-0.88694261057127066,0.56087500000000001,0.55100000000000005,0.060753126350974795,0.022693925151351872,0,0,0,58,True,0.0081434058921199589,False,False,-0.79834597969550514,1.3665569892860103,0.56369400000000003
0.5,381,-1.1968661202730679,0.57199999999999995,0.57299999999999995,0.77136877280984462,0.75887550297132556,0,0,0,63,True,0.0083438840689805307,False,False,-1.3475760776189629,1.6531130939443468,0.58186099999999996
1,382,-0.022591592063602863,0.49975000000000003,0.49399999999999999,0.89382934158555571,0.67204829757114837,0,0,0,40,True,0.0077966836354302757,False,False,0.00084786314457791824,1.1837821058171558,0.499774
0.84999999999999998,382,-0.49762457865704979,0.53112499999999996,0.52300000000000002,0.38075226620987129,0.23305246805843011,0,0,0,57,True,0.0077313548182503296,False,False,-0.29333850291300162,1.2098295592007686,0.52929400000000004
0.65000000000000002,382,-1.2471427328826106,0.56537499999999996,0.56799999999999995,0.28342231231886217,0.32028489533883386,1,0,0,85,True,0.0082575840199706693,False,False,-0.79834597969550514,1.3665569892860103,0.56369400000000003
0.5,382,-1.543268143559738,0.57625000000000004,0.56200000000000006,0.10014369332220123,0.044258339962289776,1,0,0,85,True,0.0084620413572761861,False,False,-1.3475760776189629,1.6531130939443468,0.58186099999999996
1,383,-0.055685647424651583,0.50449999999999995,0.49199999999999999,0.83818304360212359,0.46958996550193022,0,0,0,41,True,0.0075200103159458707,False,False,0.00084786314457791824,1.1837821058171558,0.499774
0.84999999999999998,383,-0.51748948844368348,0.53749999999999998,0.52700000000000002,0.9075680463149024,0.91091778162256665,0,0,0,49,True,0.0076601278570384542,False,False,-0.29333850291300162,1.2098295592007686,0.52929400000000004
0.65000000000000002,383,-1.1214155204147316,0.5645,0.54700000000000004,0.47112727907649243,0.34020145764690646,1,0,0,78,True,0.0085359470648216917,False,False,-0.79834597969550514,1.3665569892860103,0.56369400000000003
0.5,383,-1.4268759059496603,0.58887500000000004,0.57299999999999995,0.028170972367181402,0.17266318603936154,1,0,0,149,True,0.008958292167872044,False,False,-1.3475760776189629,1.6531130939443468,0.58186099999999996
1,384,-0.0052424601360574639,0.49287500000000001,0.48999999999999999,0.34108199169166026,0.40143588078995568,0,0,0,42,True,0.0089275885657320361,False,False,0.00084786314457791824,1.1837821058171558,0.499774
0.84999999999999998,384,-0.45702397625151364,0.52324999999999999,0.54300000000000004,0.55579307967473479,0.7383172155695964,0,0,0,61,True,0.0091801292856825735,False,False,-0.29333850291300162,1.2098295592007686,0.52929400000000004
0.65000000000000002,384,-1.0363847779236011,0.55974999999999997,0.57099999999999995,0.6477400475236097,0.4969382200783945,1,0,0,87,True,0.0085760015286711361,False,False,-0.79834597969550514,1.3665569892860103,0.56369400000000003
0.5,384,-1.3399922842567278,0.57337499999999997,0.59099999999999997,0.1347411121425699,0.02074281500958379,1,0,0,95,True,0.0077922531833752879,False,False,-1.3475760776189629,1.6531130939443468,0.58186099999999996
1,385,0.26489874002282082,0.502,0.502,0.25659996671310648,0.67053354156803235,0,0,0,48,True,0.0078872291489026514,False,False,0.00084786314457791824,1.1837821058171558,0.499774
0.84999999999999998,385,-0.44607043008649822,0.52549999999999997,0.52400000000000002,0.69541867637939303,0.49558699888157909,0,0,0,53,True,0.0080261938794645993,False,False,-0.29333850291300162,1.2098295592007686,0.52929400000000004
0.65000000000000002,385,-1.2215334133012827,0.56112499999999998,0.55000000000000004,0.045936619566219146,0.17401853719103699,0,0,0,66,True,0.0087644148527709666,False,False,-0.79834597969550514,1.3665569892860103,0.56369400000000003
0.5,385,-1.7232162433479279,0.57799999999999996,0.56100000000000005,0.88655011053672417,0.69612757791488533,1,0,0,75,True,0.0084950623730815304,False,False,-1.3475760776189629,1.6531130939443468,0.58186099999999996
1,386,0.14282247321596064,0.50587499999999996,0.50600000000000001,0.80761101666968671,0.6430233399712395,0,0,0,45,True,0.0084245297157137366,False,False,0.00084786314457791824,1.1837821058171558,0.499774
0.84999999999999998,386,-0.36740155725943924,0.53112499999999996,0.53800000000000003,0.13222442207492047,0.014266991841691523,0,0,0,61,True,0.0082931081643541193,False,False,-0.29333850291300162,1.2098295592007686,0.52929400000000004
0.65000000000000002,386,-1.1673904560319692,0.56962500000000005,0.56899999999999995,0.71404746511852579,0.56385172129095085,1,0,0,96,True,0.0080486606255993319,False,False,-0.79834597969550514,1.3665569892860103,0.56369400000000003
0.5,386,-1.5333383549579029,0.58862499999999995,0.58499999999999996,0.67794193139297809,0.75083684777756421,1,0,0,241,True,0.0087403019933288088,False,False,-1.3475760776189629,1.6531130939443468,0.58186099999999996
1,387,-0.058603306552471091,0.50262499999999999,0.50900000000000001,0.40382271583029888,0.9674789855498912,0,0,0,48,True,0.0085151894013403943,False,False,0.00084786314457791824,1.1837821058171558,0.499774
0.84999999999999998,387,-0.55538068838742916,0.52849999999999997,0.52500000000000002,0.7309387075270587,0.08706895068972316,1,0,0,82,True,0.0084160662371428954,False,False,-0.29333850291300162,1.2098295592007686,0.52929400000000004
0.65000000000000002,387,-1.0596144906863683,0.56387500000000002,0.57599999999999996,0.36730767983805751,0.79631915572742618,1,0,0,136,True,0.0086315836546849919,False,False,-0.79834597969550514,1.3665569892860103,0.56369400000000003
0.5,387,-1.3654784777657107,0.58299999999999996,0.60399999999999998,0.38744066908343305,0.7227982702352127,1,0,0,123,True,0.008686327988580515,False,False,-1.3475760776189629,1.6531130939443468,0.58186099999999996
1,388,-0.11170564153119723,0.49049999999999999,0.504,0.45315702713400119,0.84238659121930737,0,0,0,49,True,0.0088247472611999445,False,False,0.00084786314457791824,1.1837821058171558,0.499774
0.84999999999999998,388,-0.59143900529438509,0.52162500000000001,0.54700000000000004,0.93702287598640566,0.64402992751563315,0,1,1,60,True,0.0091778383671097565,False,False,-0.29333850291300162,1.2098295592007686,0.52929400000000004
0.65000000000000002,388,-1.1803708948099838,0.55437499999999995,0.56000000000000005,0.93631793826828702,0.95397119777610939,0,0,0,61,True,0.0086282399232049996,False,False,-0.79834597969550514,1.3665569892860103,0.56369400000000003
0.5,388,-1.5148093303874022,0.57587500000000003,0.56200000000000006,0.32126306287228501,0.5117837880500179,1,0,0,123,True,0.008006692251879775,False,False,-1.3475760776189629,1.6531130939443468,0.58186099999999996
1,389,-0.070219320166074017,0.50749999999999995,0.51200000000000001,0.42376863270654125,0.28633907046992713,0,0,0,43,True,0.0083130090776944339,False,False,0.00084786314457791824,1.1837821058171558,0.499774
0.84999999999999998,389,-0.52660030731028717,0.54049999999999998,0.52800000000000002,0.02757384741896779,0.089462110242878437,0,0,0,56,True,0.0083399609782403659,False,False,-0.29333850291300162,1.2098295592007686,0.52929400000000004
0.65000000000000002,389,-1.1158304159486392,0.57487500000000002,0.55900000000000005,0.51534420438690065,0.19323055788186996,1,0,0,81,True,0.0086771727501914579,False,False,-0.79834597969550514,1.3665569892860103,0.56369400000000003
0.5,389,-1.4303489561267626,0.59112500000000001,0.58599999999999997,0.27707961922464752,0.29219421270548201,1,0,0,108,True,0.0087435205216516137,False,False,-1.3475760776189629,1.6531130939443468,0.58186099999999996
1,390,0.059796910429627065,0.50037500000000001,0.52600000000000002,0.97107533857962391,0.94298162944216368,0,0,0,36,True,0.0082152116442175717,False,False,0.00084786314457791824,1.1837821058171558,0.499774
0.84999999999999998,390,-0.42027672571000729,0.53312499999999996,0.54100000000000004,0.51726354232323279,0.7441946803301952,0,0,0,47,True,0.0084346094099559763,False,False,-0.29333850291300162,1.2098295592007686,0.52929400000000004
0.65000000000000002,390,-1.0014792668888481,0.57099999999999995,0.58799999999999997,0.043474359360359066,0.035852052313192759,0,0,0,70,True,0.0083623426214914955,False,False,-0.79834597969550514,1.3665569892860103,0.56369400000000003
0.5,390,-1.3179125736059556,0.58850000000000002,0.60199999999999998,0.075866972005043956,0.096537046607161739,1,0,0,135,True,0.0082380282971371548,False,False,-1.3475760776189629,1.6531130939443468,0.58186099999999996
1,391,-0.11286577263065029,0.4985,0.51700000000000002,0.4375289784572991,0.4575398255657126,0,0,0,33,True,0.0080584525451669279,False,False,0.00084786314457791824,1.1837821058171558,0.499774
0.84999999999999998,391,-0.58264847806610975,0.53249999999999997,0.56200000000000006,0.059840424853305832,0.14933517663603962,0,0,0,47,True,0.0082395291977230712,False,False,-0.29333850291300162,1.2098295592007686,0.52929400000000004
0.65000000000000002,391,-1.2618281671318661,0.56937499999999996,0.60399999999999998,0.093805165792290993,0.16223075482178151,1,0,0,106,True,0.0081306676500854536,False,False,-0.79834597969550514,1.3665569892860103,0.56369400000000003
0.5,391,-1.5938930755996787,0.58462499999999995,0.59799999999999998,0.083554810591578293,0.015274626307894014,1,0,0,86,True,0.007682341833320205,False,False,-1.3475760776189629,1.6531130939443468,0.58186099999999996
1,392,-0.054554286954390172,0.49312499999999998,0.505,0.82199037597860314,0.89199952210045585,0,0,0,41,True,0.0085472359134437324,False,False,0.00084786314457791824,1.1837821058171558,0.499774
0.84999999999999998,392,-0.55357422272038159,0.52775000000000005,0.53100000000000003,0.41303527208783253,0.81887012612058485,0,0,0,47,True,0.0081958622985004864,False,False,-0.29333850291300162,1.2098295592007686,0.52929400000000004
0.65000000000000002,392,-1.1639751630324799,0.56899999999999995,0.57999999999999996,0.62830044406119301,0.38544166056215257,1,0,0,94,True,0.008187692154587884,False,False,-0.79834597969550514,1.3665569892860103,0.56369400000000003
0.5,392,-1.5280435196210405,0.58875,0.60599999999999998,0.74619691439724212,0.6206108067602607,1,0,0,130,True,0.0081942175729243158,False,False,-1.3475760776189629,1.6531130939443468,0.58186099999999996
1,393,0.0044680410670810923,0.49112499999999998,0.49199999999999999,0.7865814193407491,0.58408934919049837,0,0,0,62,True,0.0087419003567588104,False,False,0.00084786314457791824,1.1837821058171558,0.499774
0.84999999999999998,393,-0.44375725327403825,0.52475000000000005,0.54200000000000004,0.73808033810017382,0.91724008399354728,0,0,0,62,True,0.0093549201605378374,False,False,-0.29333850291300162,1.2098295592007686,0.52929400000000004
0.65000000000000002,393,-1.0372593872870268,0.56137499999999996,0.56499999999999995,0.50476285736277038,0.41786626140786909,1,0,0,84,True,0.0090708286806866975,False,False,-0.79834597969550514,1.3665569892860103,0.56369400000000003
0.5,393,-1.3455893614265371,0.57399999999999995,0.59099999999999997,0.29070079259388792,0.081982603019264216,1,0,0,92,True,0.0093697087632468486,False,False,-1.3475760776189629,1.6531130939443468,0.58186099999999996
1,394,-0.16982938513037599,0.497,0.47599999999999998,0.42364060110050766,0.25399123869132439,0,0,0,44,True,0.0086480095949042889,False,False,0.00084786314457791824,1.1837821058171558,0.499774
0.84999999999999998,394,-0.62655863957249136,0.52524999999999999,0.51600000000000001,0.86007282459342416,0.92822904448281096,0,0,0,51,True,0.0084519035829956294,False,False,-0.29333850291300162,1.2098295592007686,0.52929400000000004
0.65000000000000002,394,-1.261465871929413,0.55837499999999995,0.56200000000000006,0.99005321221620479,0.94115249376516996,0,0,0,71,True,0.0082230673155559882,False,False,-0.79834597969550514,1.3665569892860103,0.56369400000000003
0.5,394,-1.565084478712035,0.58125000000000004,0.57199999999999995,0.52861649895274299,0.5818479394086864,1,0,0,144,True,0.0083294459748015515,False,False,-1.3475760776189629,1.6531130939443468,0.58186099999999996
1,395,-0.031238297908354452,0.50275000000000003,0.50800000000000001,0.16389453216789771,0.94443491497052301,0,0,0,58,True,0.0084424300413971989,False,False,0.00084786314457791824,1.1837821058171558,0.499774
0.84999999999999998,395,-0.42714141540409473,0.53374999999999995,0.54600000000000004,0.68524908277628738,0.6791176355635884,0,0,0,60,True,0.0085730686896529056,False,False,-0.29333850291300162,1.2098295592007686,0.52929400000000004
0.65000000000000002,395,-0.99673401361224656,0.56762500000000005,0.58799999999999997,0.86747079221453804,0.65154648961635608,1,0,0,104,True,0.0087551034090126434,False,False,-0.79834597969550514,1.3665569892860103,0.56369400000000003
0.5,395,-1.3544105872461474,0.58337499999999998,0.59399999999999997,0.22400924893143137,0.19651905403635275,1,0,0,125,True,0.0082865200361694341,False,False,-1.3475760776189629,1.6531130939443468,0.58186099999999996
1,396,0.072892081206787571,0.49337500000000001,0.5,0.3726398250889813,0.62949198706481302,0,0,0,59,True,0.0080258208257621665,False,False,0.00084786314457791824,1.1837821058171558,0.499774
0.84999999999999998,396,-0.41475374387229774,0.51587499999999997,0.5,0.91711805783329314,0.93634687245184667,0,0,0,55,True,0.0078441151741131254,False,False,-0.29333850291300162,1.2098295592007686,0.52929400000000004
0.65000000000000002,396,-0.9888010443698364,0.55762500000000004,0.52800000000000002,0.25317790788679589,0.034429907260356683,0,0,0,62,True,0.0082502107214578058,False,False,-0.79834597969550514,1.3665569892860103,0.56369400000000003
0.5,396,-1.4752478706573737,0.57987500000000003,0.55900000000000005,0.34786742138154525,0.32291737042067831,1,0,0,103,True,0.0079918527712459515,False,False,-1.3475760776189629,1.6531130939443468,0.58186099999999996
1,397,-0.056527771131095084,0.504,0.51800000000000002,0.22903133769552472,0.27337845363219515,0,0,0,45,True,0.0084728420935077375,False,False,0.00084786314457791824,1.1837821058171558,0.499774
0.84999999999999998,397,-0.44284757893452648,0.53374999999999995,0.54200000000000004,0.9110399039120548,0.92252389604259744,1,0,0,77,True,0.0087647589221947764,False,False,-0.29333850291300162,1.2098295592007686,0.52929400000000004
0.65000000000000002,397,-1.0770453538706968,0.56025000000000003,0.56299999999999994,0.74871300923295325,0.56082678837612021,0,0,0,64,True,0.0080536016695267002,False,False,-0.79834597969550514,1.3665569892860103,0.56369400000000003
0.5,397,-1.3458308853026957,0.58137499999999998,0.57999999999999996,0.59621613729123224,0.5810748716032893,1,0,0,115,True,0.0083913941946976624,False,False,-1.3475760776189629,1.6531130939443468,0.58186099999999996
1,398,0.054159203877157273,0.49349999999999999,0.51100000000000001,0.57997560462969922,0.072868680415720838,0,0,0,53,True,0.0081069993232163965,False,False,0.00084786314457791824,1.1837821058171558,0.499774
0.84999999999999998,398,-0.41147721713080854,0.52500000000000002,0.55500000000000005,0.23682615029943324,0.66012424060205321,0,0,1,63,True,0.0081242855524797444,False,False,-0.29333850291300162,1.2098295592007686,0.52929400000000004
0.65000000000000002,398,-1.1135612145144462,0.55874999999999997,0.56200000000000006,0.64533590863913859,0.51857102415960799,1,0,0,75,True,0.0080229190273584244,False,False,-0.79834597969550514,1.3665569892860103,0.56369400000000003
0.5,398,-1.5471503365864172,0.58237499999999998,0.58499999999999996,0.15117551838342905,0.22720906932545551,1,0,0,132,True,0.0083153304462233422,False,False,-1.3475760776189629,1.6531130939443468,0.58186099999999996
1,399,0.098139136570037117,0.49487500000000001,0.50600000000000001,0.65873661056149024,0.34889653413746291,0,0,0,39,True,0.008824818613773603,False,False,0.00084786314457791824,1.1837821058171558,0.499774
0.84999999999999998,399,-0.35296827174496231,0.51937500000000003,0.51600000000000001,0.51436705744279965,0.53239306740147496,0,0,0,49,True,0.0087694718915959473,False,False,-0.29333850291300162,1.2098295592007686,0.52929400000000004
0.65000000000000002,399,-0.98219593993628074,0.55312499999999998,0.56699999999999995,0.73256239133146395,0.53166328766586679,1,0,0,80,True,0.0084867004996440967,False,False,-0.79834597969550514,1.3665569892860103,0.56369400000000003
0.5,399,-1.2753382000896318,0.56862500000000005,0.57699999999999996,0.96823081795302179,0.85277043615629733,1,0,0,91,True,0.0084250496135003603,False,False,-1.3475760776189629,1.6531130939443468,0.58186099999999996
1,400,-0.12962674586858672,0.50249999999999995,0.50600000000000001,0.22892573925774884,0.61778340073272797,0,0,0,38,True,0.0079355898122720828,False,False,0.00084786314457791824,1.1837821058171558,0.499774
0.84999999999999998,400,-0.52734567662317089,0.52837500000000004,0.54900000000000004,0.85974415350495026,0.72379273969296731,0,0,0,54,True,0.0080276602617758135,False,False,-0.29333850291300162,1.2098295592007686,0.52929400000000004
0.65000000000000002,400,-1.1198003786437725,0.56562500000000004,0.58599999999999997,0.51654880688992921,0.68294845854358055,0,0,0,71,True,0.008858370322400215,False,False,-0.79834597969550514,1.3665569892860103,0.56369400000000003
0.5,400,-1.4260802284653242,0.58150000000000002,0.59399999999999997,0.52121685609317736,0.66975997520885111,1,0,0,109,True,0.0085030580628284239,False,False,-1.3475760776189629,1.6531130939443468,0.58186099999999996
1,401,0.087967315307017735,0.50087499999999996,0.498,0.12621540817016433,0.91544964023104702,0,0,0,40,True,0.0087000623132264168,False,False,0.00084786314457791824,1.1837821058171558,0.499774
0.84999999999999998,401,-0.36590515991132666,0.52712499999999995,0.52600000000000002,0.90033906000575514,0.87246842456824236,0,0,0,53,True,0.0085867543963713822,False,False,-0.29333850291300162,1.2098295592007686,0.52929400000000004
0.65000000000000002,401,-1.112148887276001,0.5645,0.57299999999999995,0.43321328421532523,0.70497728947880411,1,0,0,76,True,0.0088785330261099086,False,False,-0.79834597969550514,1.3665569892860103,0.56369400000000003
0.5,401,-1.4638079773878967,0.58287500000000003,0.57999999999999996,0.59808245848397024,0.65330449987270256,1,0,0,103,True,0.0085343006327583681,False,False,-1.3475760776189629,1.6531130939443468,0.58186099999999996
1,402,0.057110128968064916,0.50375000000000003,0.49299999999999999,0.84891713180958139,0.49444197726316386,0,0,0,34,True,0.0081258218973304444,False,False,0.00084786314457791824,1.1837821058171558,0.499774
0.84999999999999998,402,-0.45446390064311903,0.53387499999999999,0.54700000000000004,0.3479803016428763,0.73203342223309864,0,0,0,52,True,0.0085212933390292466,False,False,-0.29333850291300162,1.2098295592007686,0.52929400000000004
0.65000000000000002,402,-1.1250597867322429,0.57337499999999997,0.59499999999999997,0.081802925128966517,0.083348786531718913,1,0,0,120,True,0.0085076455601543442,False,False,-0.79834597969550514,1.3665569892860103,0.56369400000000003
0.5,402,-1.5393908315022975,0.59012500000000001,0.60199999999999998,0.21188266727574151,0.25341376978698238,1,0,0,176,True,0.008280300789598672,False,False,-1.3475760776189629,1.6531130939443468,0.58186099999999996
1,403,0.09912205639158142,0.49712499999999998,0.503,0.29700717891687817,0.77433371130425666,0,0,0,43,True,0.0084993021232475374,False,False,0.00084786314457791824,1.1837821058171558,0.499774
0.84999999999999998,403,-0.40455101505196694,0.52512499999999995,0.51100000000000001,0.88148074760185868,0.49720637099114107,0,0,0,40,True,0.0085238198344095295,False,False,-0.29333850291300162,1.2098295592007686,0.52929400000000004
0.65000000000000002,403,-1.0560543272324039,0.55487500000000001,0.56599999999999995,0.061294389820674942,0.044313049949412729,0,0,0,74,True,0.0088999372900218643,False,False,-0.79834597969550514,1.3665569892860103,0.56369400000000003
0.5,403,-1.8347595305547049,0.57450000000000001,0.59999999999999998,0.62852732353418517,0.53265504338915493,1,0,0,87,True,0.0085442916619136808,False,False,-1.3475760776189629,1.6531130939443468,0.58186099999999996
1,404,0.02946757502215068,0.50512500000000005,0.504,0.31194314719487248,0.0200355829800298,0,0,0,45,True,0.0089313025307626789,False,False,0.00084786314457791824,1.1837821058171558,0.499774
0.84999999999999998,404,-0.42289057760770371,0.53912499999999997,0.54900000000000004,0.24730063809343225,0.34332185390147901,0,0,0,65,True,0.0085256470195555524,False,False,-0.29333850291300162,1.2098295592007686,0.52929400000000004
0.65000000000000002,404,-1.0560022413887324,0.57012499999999999,0.57899999999999996,0.30104620088948053,0.66480736955711961,1,0,0,90,True,0.008079429221751604,False,False,-0.79834597969550514,1.3665569892860103,0.56369400000000003
0.5,404,-1.360295078108557,0.58650000000000002,0.60999999999999999,0.48551756257079992,0.73615583915337168,1,0,0,102,True,0.0081963737980165867,False,False,-1.3475760776189629,1.6531130939443468,0.58186099999999996
1,405,-0.013556698883299441,0.48899999999999999,0.48999999999999999,0.68873436382558895,0.73449608308490677,0,0,0,74,True,0.0086596599926950842,False,False,0.00084786314457791824,1.1837821058171558,0.499774
0.84999999999999998,405,-0.48719306427762649,0.52524999999999999,0.52600000000000002,0.41687869304583941,0.14338457472341032,0,0,0,66,True,0.0085228586748413472,False,False,-0.29333850291300162,1.2098295592007686,0.52929400000000004
0.65000000000000002,405,-1.0666986948905899,0.5605,0.55700000000000005,0.87075444307378547,0.82420079618535425,1,0,0,77,True,0.0086291903061688612,False,False,-0.79834597969550514,1.3665569892860103,0.56369400000000003
0.5,405,-1.4080595133584184,0.57899999999999996,0.57399999999999995,0.53270919808374695,0.51112994619414764,1,0,0,92,True,0.0078920408502979791,False,False,-1.3475760776189629,1.6531130939443468,0.58186099999999996
1,406,-0.065942113883643599,0.49775000000000003,0.497,0.95930648531992035,0.79133856183826201,0,0,0,47,True,0.0087470937998743014,False,False,0.00084786314457791824,1.1837821058171558,0.499774
0.84999999999999998,406,-0.53580263596583133,0.52949999999999997,0.53000000000000003,0.98461865755966049,0.83197028910556758,0,0,0,64,True,0.0090259985525129056,False,False,-0.29333850291300162,1.2098295592007686,0.52929400000000004
0.65000000000000002,406,-1.0474659346464845,0.56637499999999996,0.57699999999999996,0.41492679018941286,0.24911761583230088,1,0,0,83,True,0.008873829659021568,False,False,-0.79834597969550514,1.3665569892860103,0.56369400000000003
0.5,406,-1.365511092379563,0.58612500000000001,0.58299999999999996,0.24794339993200648,0.28554505697232396,1,0,0,100,True,0.0079706338223388701,False,False,-1.3475760776189629,1.6531130939443468,0.58186099999999996
1,407,-0.0070999185892165664,0.4945,0.48399999999999999,0.44256285145839513,0.60577584013049002,0,0,0,41,True,0.0083691717904127369,False,False,0.00084786314457791824,1.1837821058171558,0.499774
0.84999999999999998,407,-0.46768622655048586,0.52187499999999998,0.501,0.99450600271365575,0.85914084971503346,0,0,0,58,True,0.0079080750244524215,False,False,-0.29333850291300162,1.2098295592007686,0.52929400000000004
0.65000000000000002,407,-1.135480263681709,0.56337499999999996,0.55200000000000005,0.92192785941135891,0.56732511317729506,1,0,0,80,True,0.0080211073600575493,False,False,-0.79834597969550514,1.3665569892860103,0.56369400000000003
0.5,407,-1.4557981092871817,0.57987500000000003,0.58199999999999996,0.64294433817876318,0.77597962790980479,1,0,0,99,True,0.0081316591625185172,False,False,-1.3475760776189629,1.6531130939443468,0.58186099999999996
1,408,-0.12570572201919028,0.49637500000000001,0.48099999999999998,0.81535816604160571,0.15081576135692745,0,0,0,48,True,0.0088160769347854304,False,False,0.00084786314457791824,1.1837821058171558,0.499774
0.84999999999999998,408,-0.5688516367122548,0.51800000000000002,0.52300000000000002,0.4637364868443673,0.79883087665128549,0,0,0,58,True,0.0084631130033976532,False,False,-0.29333850291300162,1.2098295592007686,0.52929400000000004
0.65000000000000002,408,-1.2025752729539223,0.5605,0.56499999999999995,0.19277667976836421,0.31392915769561885,1,0,0,136,True,0.0085469650215422039,False,False,-0.79834597969550514,1.3665569892860103,0.56369400000000003
0.5,408,-1.5452034351861623,0.57450000000000001,0.59499999999999997,0.81331009860947656,0.94807467391443678,1,0,0,139,True,0.0085646542264663384,False,False,-1.3475760776189629,1.6531130939443468,0.58186099999999996
1,409,-0.01281883845214182,0.49299999999999999,0.499,0.32825548095428247,0.66308207007672992,0,0,0,41,True,0.0089008216713393953,False,False,0.00084786314457791824,1.1837821058171558,0.499774
0.84999999999999998,409,-0.4643067238972749,0.52149999999999996,0.50600000000000001,0.68733552852279434,0.63390321743859812,0,0,0,45,True,0.0089505616953738654,False,False,-0.29333850291300162,1.2098295592007686,0.52929400000000004
0.65000000000000002,409,-1.0572995787913508,0.56212499999999999,0.54800000000000004,0.10878761313391792,0.017791279206767634,0,0,0,57,True,0.0089935775944310296,False,False,-0.79834597969550514,1.3665569892860103,0.56369400000000003
0.5,409,-1.3452969583967342,0.58362499999999995,0.58899999999999997,0.83953797194270918,0.73424754146108995,1,0,0,184,True,0.0090742195822271759,False,False,-1.3475760776189629,1.6531130939443468,0.58186099999999996
1,410,0.067789525877054904,0.50024999999999997,0.48599999999999999,0.18297065868649734,0.73737510254604943,0,0,0,32,True,0.0082620367440615072,False,False,0.00084786314457791824,1.1837821058171558,0.499774
0.84999999999999998,410,-0.38779841998978243,0.52687499999999998,0.51400000000000001,0.26175948490035589,0.42614528097198906,0,0,0,34,True,0.0083730366670607369,False,False,-0.29333850291300162,1.2098295592007686,0.52929400000000004
0.65000000000000002,410,-1.0571255018947869,0.55487500000000001,0.54700000000000004,0.17278545779255478,0.035507864256834845,0,0,0,63,True,0.0085682189184898561,False,False,-0.79834597969550514,1.3665569892860103,0.56369400000000003
0.5,410,-1.3910649500716541,0.57762500000000006,0.58399999999999996,0.38396061021898803,0.11964496491556552,1,0,0,75,True,0.0083058087745879854,False,False,-1.3475760776189629,1.6531130939443468,0.58186099999999996
1,411,0.048946421642337527,0.50112500000000004,0.496,0.80708404577368908,0.086284348098246963,0,0,0,39,True,0.0079867175857623457,False,False,0.00084786314457791824,1.1837821058171558,0.499774
0.84999999999999998,411,-0.42595543114223067,0.52812499999999996,0.51800000000000002,0.061880121639950422,0.18405571629783651,0,0,0,50,True,0.0080345166690491236,False,False,-0.29333850291300162,1.2098295592007686,0.52929400000000004
0.65000000000000002,411,-0.98270815169383929,0.56112499999999998,0.56699999999999995,0.81340898235387371,0.93891891821592433,0,0,0,66,True,0.0081382060322909514,False,False,-0.79834597969550514,1.3665569892860103,0.56369400000000003
0.5,411,-1.2751038977800038,0.58199999999999996,0.57799999999999996,0.83354009110136851,0.82657194026558134,1,0,0,82,True,0.008381366628770523,False,False,-1.3475760776189629,1.6531130939443468,0.58186099999999996
1,412,-0.00040716388224054304,0.50162499999999999,0.50900000000000001,0.055474216749787947,0.34203687879408945,0,0,0,35,True,0.0087629537814282593,False,False,0.00084786314457791824,1.1837821058171558,0.499774
0.84999999999999998,412,-0.47757580808503863,0.53000000000000003,0.52500000000000002,0.64150789643133044,0.54540382434810808,0,0,0,60,True,0.0088308834141671844,False,False,-0.29333850291300162,1.2098295592007686,0.52929400000000004
0.65000000000000002,412,-1.0475463539788472,0.56287500000000001,0.54200000000000004,0.74377855408188853,0.71330962979480417,1,0,0,79,True,0.0087794585176231166,False,False,-0.79834597969550514,1.3665569892860103,0.56369400000000003
0.5,412,-1.4321138149751504,0.58137499999999998,0.56200000000000006,0.13443209717549043,0.12008307185147832,1,0,0,146,True,0.0080610323655669162,False,False,-1.3475760776189629,1.6531130939443468,0.58186099999999996
1,413,0.18243677201278211,0.49225000000000002,0.50700000000000001,0.16481233168217746,0.1434698800612309,0,0,0,49,True,0.0084460924281044673,False,False,0.00084786314457791824,1.1837821058171558,0.499774
0.84999999999999998,413,-0.47634900363382182,0.52925,0.54200000000000004,0.1555778881446247,0.24862535807155248,0,0,0,58,True,0.0087212008827861932,False,False,-0.29333850291300162,1.2098295592007686,0.52929400000000004
0.65000000000000002,413,-1.1288295641972212,0.56125000000000003,0.58399999999999996,0.44668193712858206,0.25423196380866225,0,0,0,64,True,0.0083345220833630947,False,False,-0.79834597969550514,1.3665569892860103,0.56369400000000003
0.5,413,-1.4708145691498944,0.57687500000000003,0.59499999999999997,0.10773574062448672,0.16957826557207148,1,0,0,87,True,0.0083307650753552519,False,False,-1.3475760776189629,1.6531130939443468,0.58186099999999996
1,414,-0.038756437264146119,0.49187500000000001,0.495,0.94740614650732935,0.87987589720976855,0,0,0,37,True,0.0084024908663403852,False,False,0.00084786314457791824,1.1837821058171558,0.499774
0.84999999999999998,414,-0.52185449310925436,0.52749999999999997,0.51900000000000002,0.089814083095581435,0.086401843777212203,0,0,0,53,True,0.0083853789436113303,False,False,-0.29333850291300162,1.2098295592007686,0.52929400000000004
0.65000000000000002,414,-1.1129545654483644,0.56987500000000002,0.54600000000000004,0.4361602339209058,0.52235104275780841,1,0,0,112,True,0.0084931561622730457,False,False,-0.79834597969550514,1.3665569892860103,0.56369400000000003
0.5,414,-1.4451744629042358,0.58774999999999999,0.57199999999999995,0.14483444615729157,0.10682844053930937,1,0,0,189,True,0.0085092771983248799,False,False,-1.3475760776189629,1.6531130939443468,0.58186099999999996
1,415,-0.029135849333882365,0.49625000000000002,0.46500000000000002,0.16138186741317914,0.66486150497779672,0,0,0,52,True,0.0086040121147042056,False,False,0.00084786314457791824,1.1837821058171558,0.499774
0.84999999999999998,415,-0.50747203411390418,0.53487499999999999,0.50600000000000001,0.3209233980743057,0.47164129728226023,0,0,0,49,True,0.0083763900276078648,False,False,-0.29333850291300162,1.2098295592007686,0.52929400000000004
0.65000000000000002,415,-1.054699746928083,0.56699999999999995,0.54300000000000004,0.49888537745012407,0.58724646933010949,1,0,0,75,True,0.0084126911926479114,False,False,-0.79834597969550514,1.3665569892860103,0.56369400000000003
0.5,415,-1.3495182674099679,0.58174999999999999,0.56299999999999994,0.56201108613977091,0.61880837249078569,1,0,0,120,True,0.0084059824886222687,False,False,-1.3475760776189629,1.6531130939443468,0.58186099999999996
1,416,-0.21794814156054571,0.49399999999999999,0.51000000000000001,0.44447175148831913,0.54458871905100703,0,0,0,63,True,0.0082414124483432064,False,False,0.00084786314457791824,1.1837821058171558,0.499774
0.84999999999999998,416,-0.68312184751864335,0.52312499999999995,0.53200000000000003,0.59222028870341858,0.3665490619701588,0,0,0,54,True,0.0082130344378551021,False,False,-0.29333850291300162,1.2098295592007686,0.52929400000000004
0.65000000000000002,416,-1.3301198525817441,0.55974999999999997,0.55500000000000005,0.87025128709497068,0.74247000099772043,1,0,0,95,True,0.0081821482577993706,False,False,-0.79834597969550514,1.3665569892860103,0.56369400000000003
0.5,416,-1.6570774252397031,0.57150000000000001,0.57699999999999996,0.95712746505509361,0.78838503893453371,1,0,0,90,True,0.0085943849389597156,False,False,-1.3475760776189629,1.6531130939443468,0.58186099999999996
1,417,0.10596236047853982,0.50349999999999995,0.51800000000000002,0.1051331210950382,0.00026206067048711949,0,0,0,51,True,0.0093737236127894551,False,False,0.00084786314457791824,1.1837821058171558,0.499774
0.84999999999999998,417,-0.33917553137707351,0.52837500000000004,0.54000000000000004,0.26668929574109801,0.045000881616624182,0,0,0,42,True,0.0094216638256953023,False,False,-0.29333850291300162,1.2098295592007686,0.52929400000000004
0.65000000000000002,417,-1.002877824882324,0.56237499999999996,0.56499999999999995,0.84990041035493635,0.8901811373248204,0,0,0,74,True,0.009132817690760844,False,False,-0.79834597969550514,1.3665569892860103,0.56369400000000003
0.5,417,-1.4577983210853147,0.57874999999999999,0.56599999999999995,0.72735295044808357,0.81985311544873363,1,0,0,131,True,0.008662865433988769,False,False,-1.3475760776189629,1.6531130939443468,0.58186099999999996
1,418,0.096245278755819674,0.49199999999999999,0.48299999999999998,0.014941034568543623,0.28706187936427086,0,0,0,55,True,0.0083431969983324156,False,False,0.00084786314457791824,1.1837821058171558,0.499774
0.84999999999999998,418,-0.32305228295802668,0.52149999999999996,0.52300000000000002,0.15778861036921746,0.056358093567493744,0,0,0,59,True,0.0088042841723176193,False,False,-0.29333850291300162,1.2098295592007686,0.52929400000000004
0.65000000000000002,418,-0.91513256848878044,0.56000000000000005,0.55000000000000004,0.64245152903613145,0.3238436153104749,1,0,0,126,True,0.0086589357879785292,False,False,-0.79834597969550514,1.3665569892860103,0.56369400000000003
0.5,418,-1.2754483138408761,0.579125,0.57399999999999995,0.87295047137726689,0.80793221052826181,1,0,0,145,True,0.0085855164964390683,False,False,-1.3475760776189629,1.6531130939443468,0.58186099999999996
1,419,0.020717321800926263,0.49199999999999999,0.48899999999999999,0.32634205748550577,0.90193387719804907,0,0,0,43,True,0.0087233222234506646,False,False,0.00084786314457791824,1.1837821058171558,0.499774
0.84999999999999998,419,-0.4230521286779248,0.52049999999999996,0.51800000000000002,0.7198882060670877,0.56132927918875664,0,0,0,43,True,0.008190188176111883,False,False,-0.29333850291300162,1.2098295592007686,0.52929400000000004
0.65000000000000002,419,-0.98087682073132598,0.56062500000000004,0.55300000000000005,0.85599452212319527,0.91751848983073359,0,0,0,63,True,0.008128714903141555,False,False,-0.79834597969550514,1.3665569892860103,0.56369400000000003
0.5,419,-1.2642174452369312,0.57787500000000003,0.57099999999999995,0.70472123860106084,0.8150321730464144,1,0,0,102,True,0.0082497591517058724,False,False,-1.3475760776189629,1.6531130939443468,0.58186099999999996
1,420,0.10014205809860273,0.50612500000000005,0.50600000000000001,0.96515682312485795,0.80969114301946621,0,0,0,45,True,0.0080812185439072311,False,False,0.00084786314457791824,1.1837821058171558,0.499774
0.84999999999999998,420,-0.32787284496744751,0.53337500000000004,0.54600000000000004,0.45713236277876984,0.18278475128744182,0,0,0,47,True,0.00823154183998576,False,False,-0.29333850291300162,1.2098295592007686,0.52929400000000004
0.65000000000000002,420,-0.95075076812042347,0.56462500000000004,0.57499999999999996,0.92746558559338388,0.85919229687697696,1,0,0,77,True,0.007847525724551066,False,False,-0.79834597969550514,1.3665569892860103,0.56369400000000003
0.5,420,-1.3169787017492516,0.57962499999999995,0.59699999999999998,0.70499558135216234,0.62365561131389802,1,0,0,145,True,0.0083239158289141798,False,False,-1.3475760776189629,1.6531130939443468,0.58186099999999996
1,421,0.018232523945821883,0.502,0.49199999999999999,0.51620008011530905,0.5199806969771904,0,0,0,61,True,0.0088051970716143332,False,False,0.00084786314457791824,1.1837821058171558,0.499774
0.84999999999999998,421,-0.38812254012999964,0.52987499999999998,0.53500000000000003,0.73812397659454498,0.05421477897213365,0,0,0,57,True,0.0085708739158004889,False,False,-0.29333850291300162,1.2098295592007686,0.52929400000000004
0.65000000000000002,421,-1.0066383463396376,0.56787500000000002,0.57599999999999996,0.37451290776415325,0.51364793917816143,1,0,0,75,True,0.0082881477682688089,False,False,-0.79834597969550514,1.3665569892860103,0.56369400000000003
0.5,421,-1.366986626629187,0.59062499999999996,0.60199999999999998,0.26042636180400119,0.49798354304832837,1,0,0,115,True,0.0081968479642238676,False,False,-1.3475760776189629,1.6531130939443468,0.58186099999999996
1,422,-0.098364011716860794,0.50012500000000004,0.48899999999999999,0.78848376720611324,0.72079289151755732,0,0,0,39,True,0.0087569666251768371,False,False,0.00084786314457791824,1.1837821058171558,0.499774
0.84999999999999998,422,-0.5529523131978431,0.52700000000000002,0.51900000000000002,0.14658015621816164,0.37073688843681796,0,0,0,49,True,0.0088867105871465561,False,False,-0.29333850291300162,1.2098295592007686,0.52929400000000004
0.65000000000000002,422,-1.1780153982865975,0.56325000000000003,0.55000000000000004,0.64901484414788779,0.54131541541356532,1,0,0,78,True,0.008738814040801764,False,False,-0.79834597969550514,1.3665569892860103,0.56369400000000003
0.5,422,-1.518258983195137,0.57674999999999998,0.56499999999999995,0.74714691696891622,0.58175069402832746,1,0,0,90,True,0.0085087479570806045,False,False,-1.3475760776189629,1.6531130939443468,0.58186099999999996
1,423,-0.0067266436487852131,0.49812499999999998,0.5,0.36350213656211594,0.98514880281492201,0,0,0,46,True,0.0088651038993941261,False,False,0.00084786314457791824,1.1837821058171558,0.499774
0.84999999999999998,423,-0.51860151644733532,0.52324999999999999,0.52800000000000002,0.0064700427067467103,0.12431831757176577,0,0,0,72,True,0.0087764162759298176,False,False,-0.29333850291300162,1.2098295592007686,0.52929400000000004
0.65000000000000002,423,-1.1766231941225942,0.55562500000000004,0.54900000000000004,0.84164791350422941,0.75249668761300215,0,0,0,67,True,0.0085522957660683491,False,False,-0.79834597969550514,1.3665569892860103,0.56369400000000003
0.5,423,-1.4873858755718321,0.57674999999999998,0.56999999999999995,0.903341663095099,0.90514511824289201,1,0,0,106,True,0.0084576720188940524,False,False,-1.3475760776189629,1.6531130939443468,0.58186099999999996
1,424,0.065525607209136166,0.49337500000000001,0.48799999999999999,0.094775790432794604,0.16248957298027408,0,0,0,49,True,0.009299928280987118,False,False,0.00084786314457791824,1.1837821058171558,0.499774
0.84999999999999998,424,-0.44902585332613054,0.518625,0.52100000000000002,0.87471799626796631,0.59636862330289953,0,0,0,50,True,0.0094439353911071593,False,False,-0.29333850291300162,1.2098295592007686,0.52929400000000004
0.65000000000000002,424,-1.0591311634539242,0.56012499999999998,0.57899999999999996,0.26042595829724374,0.17720104682148666,0,0,0,60,True,0.0093046591594185147,False,False,-0.79834597969550514,1.3665569892860103,0.56369400000000003
0.5,424,-1.3763236549660702,0.578125,0.59499999999999997,0.67040739065146093,0.53925836807527305,0,0,0,70,True,0.0090673556534142854,False,False,-1.3475760776189629,1.6531130939443468,0.58186099999999996
1,425,-0.051631387187326037,0.498,0.46800000000000003,0.66830246041897823,0.5476559541570466,0,0,0,53,True,0.0087601050728514165,False,False,0.00084786314457791824,1.1837821058171558,0.499774
0.84999999999999998,425,-0.65253120907378037,0.52337500000000003,0.496,0.41999422155378319,0.13139535159590285,0,0,0,43,True,0.0089790072434260144,False,False,-0.29333850291300162,1.2098295592007686,0.52929400000000004
0.65000000000000002,425,-1.2228759137451612,0.56262500000000004,0.54200000000000004,0.56634211169222026,0.60908357787123335,1,0,0,88,True,0.0090814054157637263,False,False,-0.79834597969550514,1.3665569892860103,0.56369400000000003
0.5,425,-1.5921016719156906,0.57937499999999997,0.56699999999999995,0.41552356925150385,0.50434132883520777,1,0,0,104,True,0.0092700875592872638,False,False,-1.3475760776189629,1.6531130939443468,0.58186099999999996
1,426,0.023491895340833992,0.50349999999999995,0.51700000000000002,0.014808343064188871,0.72612058913000022,0,0,0,64,True,0.0084755416746215336,False,False,0.00084786314457791824,1.1837821058171558,0.499774
0.84999999999999998,426,-0.38759554634954241,0.53487499999999999,0.54000000000000004,0.04204140373138656,0.012447100458565698,1,0,0,76,True,0.00860780686118056,False,False,-0.29333850291300162,1.2098295592007686,0.52929400000000004
0.65000000000000002,426,-0.96449167710960781,0.5635,0.56699999999999995,0.2588795146492161,0.31655871481308101,1,0,0,80,True,0.00857767750290667,False,False,-0.79834597969550514,1.3665569892860103,0.56369400000000003
0.5,426,-1.2385931191781734,0.57874999999999999,0.59399999999999997,0.76356258474586203,0.69079804446834647,1,0,0,81,True,0.0085775157363957109,False,False,-1.3475760776189629,1.6531130939443468,0.58186099999999996
1,427,0.067929842282584127,0.505,0.52400000000000002,0.8168749107512856,0.70693993407779121,0,0,0,48,True,0.0088902318225923382,False,False,0.00084786314457791824,1.1837821058171558,0.499774
0.84999999999999998,427,-0.39541480920397865,0.53325,0.55600000000000005,0.43326580453541896,0.56068041623900533,0,0,0,67,True,0.0087606620516842149,False,False,-0.29333850291300162,1.2098295592007686,0.52929400000000004
0.65000000000000002,427,-1.0900103709354145,0.56762500000000005,0.58899999999999997,0.25727570997176868,0.25529714299337425,1,0,0,181,True,0.0088320142631390652,False,False,-0.79834597969550514,1.3665569892860103,0.56369400000000003
0.5,427,-1.4395059887341559,0.58599999999999997,0.59799999999999998,0.20607237466599285,0.31759766414360502,1,0,0,193,True,0.0086255962157419791,False,False,-1.3475760776189629,1.6531130939443468,0.58186099999999996
1,428,0.049772750858539078,0.49087500000000001,0.47499999999999998,0.55494875535004806,0.04575778944503691,0,0,0,45,True,0.0086999332814059506,False,False,0.00084786314457791824,1.1837821058171558,0.499774
0.84999999999999998,428,-0.52728507212933751,0.51637500000000003,0.51200000000000001,0.18457143064139042,0.71089641884957011,0,0,0,56,True,0.0080474778450618754,False,False,-0.29333850291300162,1.2098295592007686,0.52929400000000004
0.65000000000000002,428,-1.1312106113936455,0.55037499999999995,0.56299999999999994,0.53996335951550667,0.70023065858043054,0,0,0,63,True,0.00784005539490603,False,False,-0.79834597969550514,1.3665569892860103,0.56369400000000003
0.5,428,-1.5119082497216354,0.56974999999999998,0.57399999999999995,0.40005666746275953,0.57012158437171645,1,0,0,77,True,0.0076625876558221138,False,False,-1.3475760776189629,1.6531130939443468,0.58186099999999996
1,429,-0.081999864249579904,0.50012500000000004,0.49199999999999999,0.51447096633174227,0.37497995896610298,0,0,0,43,True,0.0089316770974271348,False,False,0.00084786314457791824,1.1837821058171558,0.499774
0.84999999999999998,429,-0.53972037845309873,0.53300000000000003,0.51200000000000001,0.16135568965827293,0.11268672858604453,0,0,0,46,True,0.0087469903535440843,False,False,-0.29333850291300162,1.2098295592007686,0.52929400000000004
0.65000000000000002,429,-1.1557359765259694,0.56299999999999994,0.55000000000000004,0.94843026614512527,0.88336528350289456,1,0,0,116,True,0.0083350477183862983,False,False,-0.79834597969550514,1.3665569892860103,0.56369400000000003
0.5,429,-1.4630255784005715,0.580125,0.55900000000000005,0.93020932857515137,0.9196127448982474,1,0,0,119,True,0.008335822252797602,False,False,-1.3475760776189629,1.6531130939443468,0.58186099999999996
1,430,-0.043538673337836904,0.50037500000000001,0.51500000000000001,0.93925575361820524,0.45900050109389867,0,0,0,47,True,0.0091457237095208359,False,False,0.00084786314457791824,1.1837821058171558,0.499774
0.84999999999999998,430,-0.42984699007387289,0.52800000000000002,0.53900000000000003,0.5141590180164205,0.35021323012563632,0,0,0,58,True,0.0087288859280515736,False,False,-0.29333850291300162,1.2098295592007686,0.52929400000000004
0.65000000000000002,430,-0.9628527155038521,0.55825000000000002,0.55300000000000005,0.34175864483582974,0.19681592070480214,0,0,0,69,True,0.0080364499065380662,False,False,-0.79834597969550514,1.3665569892860103,0.56369400000000003
0.5,430,-1.2544160345437292,0.580125,0.57799999999999996,0.1255309092535897,0.18196478301432817,1,0,0,91,True,0.0080440839016118412,False,False,-1.3475760776189629,1.6531130939443468,0.58186099999999996
1,431,-0.14282325567039791,0.49099999999999999,0.46800000000000003,0.37175020775580503,0.38069405169252707,0,0,0,44,True,0.0079397242079095494,False,False,0.00084786314457791824,1.1837821058171558,0.499774
0.84999999999999998,431,-0.55976485609684457,0.52287499999999998,0.497,0.70947867874039738,0.79159996157483414,0,0,0,49,True,0.0079956718428323952,False,False,-0.29333850291300162,1.2098295592007686,0.52929400000000004
0.65000000000000002,431,-1.1139958034818889,0.55437499999999995,0.51900000000000002,0.79420339625120706,0.88056613460699329,0,0,0,71,True,0.0082124319127045067,False,False,-0.79834597969550514,1.3665569892860103,0.56369400000000003
0.5,431,-1.4312621358044912,0.57487500000000002,0.55400000000000005,0.36369451375288353,0.50607327429564253,1,0,0,121,True,0.0081600975622305033,False,False,-1.3475760776189629,1.6531130939443468,0.58186099999999996
1,432,0.046680834392266113,0.51224999999999998,0.51200000000000001,0.027645194952044181,0.08971043071215079,0,0,0,53,True,0.0081546225683332106,False,False,0.00084786314457791824,1.1837821058171558,0.499774
0.84999999999999998,432,-0.42351936451646588,0.53349999999999997,0.51200000000000001,0.89180376101043957,0.87366965047500944,0,0,0,56,True,0.0081465445500348063,False,False,-0.29333850291300162,1.2098295592007686,0.52929400000000004
0.65000000000000002,432,-1.1352345706868587,0.57037499999999997,0.55400000000000005,0.41864915102615341,0.39460390928181815,1,0,0,103,True,0.0080050075426004192,False,False,-0.79834597969550514,1.3665569892860103,0.56369400000000003
0.5,432,-1.5217724729455515,0.59075,0.56999999999999995,0.095027066020156051,0.023946030878944657,1,0,0,157,True,0.0084481003282513394,False,False,-1.3475760776189629,1.6531130939443468,0.58186099999999996
1,433,0.11724708284635292,0.49287500000000001,0.49099999999999999,0.55721899787575491,0.11273051878435911,0,0,0,50,True,0.0079595182703955866,False,False,0.00084786314457791824,1.1837821058171558,0.499774
0.84999999999999998,433,-0.38161594996363957,0.52849999999999997,0.51600000000000001,0.75673452579790845,0.62283817355866855,0,0,0,54,True,0.0081381915994583678,False,False,-0.29333850291300162,1.2098295592007686,0.52929400000000004
0.65000000000000002,433,-1.0281273639759665,0.5635,0.57399999999999995,0.28534056034159921,0.14474561263173194,0,0,0,70,True,0.008117619084544437,False,False,-0.79834597969550514,1.3665569892860103,0.56369400000000003
0.5,433,-1.3851017085055028,0.58199999999999996,0.58999999999999997,0.26401715048309327,0.3949061629288842,1,0,0,83,True,0.0079314199787512366,False,False,-1.3475760776189629,1.6531130939443468,0.58186099999999996
1,434,-0.10575135189808652,0.50762499999999999,0.5,0.098709052337123154,0.52388004344258721,0,0,0,41,True,0.0082160085369782782,False,False,0.00084786314457791824,1.1837821058171558,0.499774
0.84999999999999998,434,-0.59610021961879267,0.53900000000000003,0.54800000000000004,0.42845877453764714,0.78226286135625001,0,0,0,61,True,0.008465705701696238,False,False,-0.29333850291300162,1.2098295592007686,0.52929400000000004
0.65000000000000002,434,-1.1419508870186177,0.57074999999999998,0.59499999999999997,0.79075625996768428,0.85191943947284832,1,0,0,96,True,0.0086871927911905227,False,False,-0.79834597969550514,1.3665569892860103,0.56369400000000003
0.5,434,-1.465439348706147,0.582125,0.61499999999999999,0.49678024574878632,0.4958121935803137,1,0,0,105,True,0.0084434357183992489,False,False,-1.3475760776189629,1.6531130939443468,0.58186099999999996
1,435,-0.031464742117807705,0.50787499999999997,0.51600000000000001,0.89411147015769377,0.56016568809227207,0,0,0,50,True,0.008116679021536552,False,False,0.00084786314457791824,1.1837821058171558,0.499774
0.84999999999999998,435,-0.43502463130957891,0.53312499999999996,0.54300000000000004,0.16804429518742769,0.13313512385076881,0,0,0,51,True,0.0084706888359980283,False,False,-0.29333850291300162,1.2098295592007686,0.52929400000000004
0.65000000000000002,435,-0.95869817616225728,0.56787500000000002,0.56599999999999995,0.47709634029008319,0.45520027834398297,1,0,0,80,True,0.0084605924311819611,False,False,-0.79834597969550514,1.3665569892860103,0.56369400000000003
0.5,435,-1.2958671809021629,0.58462499999999995,0.59099999999999997,0.93779677343819645,0.60161126336226523,1,0,0,105,True,0.0082539559274979815,False,False,-1.3475760776189629,1.6531130939443468,0.58186099999999996
1,436,0.057730311303901674,0.50812500000000005,0.505,0.98456471768850229,0.9141867534388638,0,0,0,40,True,0.0085578421839090108,False,False,0.00084786314457791824,1.1837821058171558,0.499774
0.84999999999999998,436,-0.46952078357034432,0.53087499999999999,0.54200000000000004,0.30539123614562302,0.49167248685262943,0,0,0,57,True,0.0087263772754779447,False,False,-0.29333850291300162,1.2098295592007686,0.52929400000000004
0.65000000000000002,436,-1.1384948237991548,0.56174999999999997,0.57199999999999995,0.28585857033083428,0.32863596194501404,1,0,0,79,True,0.0080397796751543512,False,False,-0.79834597969550514,1.3665569892860103,0.56369400000000003
0.5,436,-1.4406318041616157,0.58087500000000003,0.58599999999999997,0.26065325811758533,0.14345874698728794,1,0,0,106,True,0.007838658167641498,False,False,-1.3475760776189629,1.6531130939443468,0.58186099999999996
1,437,-0.13072637084571923,0.50287499999999996,0.495,0.21874112083642161,0.79767205887837389,0,0,0,40,True,0.0080744850388130163,False,False,0.00084786314457791824,1.1837821058171558,0.499774
0.84999999999999998,437,-0.55624678582318854,0.53274999999999995,0.52800000000000002,0.74451534825203225,0.66496975613741161,0,0,0,45,True,0.0087043638276078378,False,False,-0.29333850291300162,1.2098295592007686,0.52929400000000004
0.65000000000000002,437,-1.0494874955209406,0.56274999999999997,0.56699999999999995,0.73685154745163639,0.90706306774961509,1,0,0,81,True,0.0085421125314676834,False,False,-0.79834597969550514,1.3665569892860103,0.56369400000000003
0.5,437,-1.3704489261540136,0.58237499999999998,0.58499999999999996,0.63762279155271095,0.5046522934503741,1,0,0,108,True,0.0086304421414939853,False,False,-1.3475760776189629,1.6531130939443468,0.58186099999999996
1,438,-0.082872299715667619,0.486875,0.496,0.026962328016802321,0.027516997942700551,0,0,0,37,True,0.0081587664801710275,False,False,0.00084786314457791824,1.1837821058171558,0.499774
0.84999999999999998,438,-0.51490578776053075,0.52524999999999999,0.54400000000000004,0.60540652996109623,0.75447628151892965,0,0,0,42,True,0.0080626734321591308,False,False,-0.29333850291300162,1.2098295592007686,0.52929400000000004
0.65000000000000002,438,-1.1394868159019715,0.56137499999999996,0.55700000000000005,0.88927847413137351,0.54250153004401114,1,0,0,86,True,0.0080464350827187531,False,False,-0.79834597969550514,1.3665569892860103,0.56369400000000003
0.5,438,-1.4649278240700805,0.58199999999999996,0.57999999999999996,0.61874625036486364,0.9293732351592513,1,0,0,159,True,0.0082379565073708635,False,False,-1.3475760776189629,1.6531130939443468,0.58186099999999996
1,439,0.0060681516073395319,0.50137500000000002,0.50700000000000001,0.48272896778420382,0.74110470461716205,0,0,0,47,True,0.0086967851133713074,False,False,0.00084786314457791824,1.1837821058171558,0.499774
0.84999999999999998,439,-0.44024730923050048,0.52849999999999997,0.53200000000000003,0.39904689736247778,0.87679345831459687,0,0,0,55,True,0.00884958522798069,False,False,-0.29333850291300162,1.2098295592007686,0.52929400000000004
0.65000000000000002,439,-1.0439796852482783,0.56387500000000002,0.56599999999999995,0.33290080339922223,0.28217642854922631,0,0,0,71,True,0.0085399604524640342,False,False,-0.79834597969550514,1.3665569892860103,0.56369400000000003
0.5,439,-1.3653725292712704,0.58412500000000001,0.56799999999999995,0.98923240423418968,0.99127967583543497,1,0,0,143,True,0.0083546878042998051,False,False,-1.3475760776189629,1.6531130939443468,0.58186099999999996
1,440,-0.01612758898410906,0.49862499999999998,0.46999999999999997,0.65989426700659481,0.87660549718130509,0,0,0,49,True,0.0086256091223145624,False,False,0.00084786314457791824,1.1837821058171558,0.499774
0.84999999999999998,440,-0.47173998304472481,0.52800000000000002,0.51000000000000001,0.9537019086643489,0.93472659969183658,0,0,0,50,True,0.008840030208633767,False,False,-0.29333850291300162,1.2098295592007686,0.52929400000000004
0.65000000000000002,440,-1.1855770713411389,0.56587500000000002,0.55400000000000005,0.85552499555277683,0.88492387378708315,1,0,0,88,True,0.008652045865188019,False,False,-0.79834597969550514,1.3665569892860103,0.56369400000000003
0.5,440,-1.469112397309555,0.58374999999999999,0.57799999999999996,0.8606685614224705,0.79900401093658169,1,0,0,103,True,0.0088605820219751184,False,False,-1.3475760776189629,1.6531130939443468,0.58186099999999996
1,441,0.030265570437541533,0.50175000000000003,0.52600000000000002,0.046705772163777859,0.013713851271372557,0,0,0,57,True,0.0091711944935669795,False,False,0.00084786314457791824,1.1837821058171558,0.499774
0.84999999999999998,441,-0.415140015006014,0.52912499999999996,0.54600000000000004,0.0082407840978628941,0.37343512737308082,0,0,0,57,True,0.0093187985158165367,False,False,-0.29333850291300162,1.2098295592007686,0.52929400000000004
0.65000000000000002,441,-1.0633233947938701,0.55500000000000005,0.57699999999999996,0.50376867048457419,0.46598704645308486,1,0,0,81,True,0.0088185756071172978,False,False,-0.79834597969550514,1.3665569892860103,0.56369400000000003
0.5,441,-1.4197597628546419,0.57725000000000004,0.58599999999999997,0.18654860222189748,0.20271853492659347,1,0,0,123,True,0.0087276687282158167,False,False,-1.3475760776189629,1.6531130939443468,0.58186099999999996
1,442,-0.063129409112200385,0.49862499999999998,0.499,0.42622934785851208,0.21411163495089736,0,0,0,42,True,0.008832482704620212,False,False,0.00084786314457791824,1.1837821058171558,0.499774
0.84999999999999998,442,-0.50243293905622965,0.53112499999999996,0.53400000000000003,0.52380648197896384,0.82284450282329069,0,0,0,49,True,0.0090855925598892755,False,False,-0.29333850291300162,1.2098295592007686,0.52929400000000004
0.65000000000000002,442,-1.0562373898945467,0.55325000000000002,0.55900000000000005,0.41019682154427611,0.38530461023863732,0,0,0,54,True,0.0087936000610245157,False,False,-0.79834597969550514,1.3665569892860103,0.56369400000000003
0.5,442,-1.4349268073078365,0.57462500000000005,0.56100000000000005,0.048283880057029382,0.13178712238699536,0,0,0,68,True,0.008232359305090222,False,False,-1.3475760776189629,1.6531130939443468,0.58186099999999996
1,443,-0.10415876198130854,0.50637500000000002,0.50600000000000001,0.23467955540971119,0.097281916544136204,0,0,0,42,True,0.0088345466266857575,False,False,0.00084786314457791824,1.1837821058171558,0.499774
0.84999999999999998,443,-0.55640256370571561,0.53900000000000003,0.53900000000000003,0.28438466739708318,0.72368758575049297,0,0,0,56,True,0.0085700866580704308,False,False,-0.29333850291300162,1.2098295592007686,0.52929400000000004
0.65000000000000002,443,-1.1773655829213316,0.56425000000000003,0.55600000000000005,0.7198243683340726,0.34232329215619062,0,0,0,68,True,0.0084282145910036122,False,False,-0.79834597969550514,1.3665569892860103,0.56369400000000003
0.5,443,-1.47846740580194,0.58850000000000002,0.59499999999999997,0.39448279418262816,0.55065139080349446,1,0,0,113,True,0.0082703822068943434,False,False,-1.3475760776189629,1.6531130939443468,0.58186099999999996
1,444,0.031238368114962362,0.496,0.498,0.30256311193297269,0.098160952032661827,0,0,0,39,True,0.0093094719315038182,False,False,0.00084786314457791824,1.1837821058171558,0.499774
0.84999999999999998,444,-0.44754753459968949,0.52387499999999998,0.51100000000000001,0.70705049786863317,0.29084792436080603,0,0,0,60,True,0.0094186775635340548,False,False,-0.29333850291300162,1.2098295592007686,0.52929400000000004
0.65000000000000002,444,-1.1116530933801121,0.55662500000000004,0.56299999999999994,0.55674382297912106,0.59229194073841884,0,0,0,56,True,0.0086016008795753943,False,False,-0.79834597969550514,1.3665569892860103,0.56369400000000003
0.5,444,-1.4371848391402142,0.57637499999999997,0.58599999999999997,0.55992764749498614,0.74835472045964668,1,0,0,89,True,0.0086416173918188559,False,False,-1.3475760776189629,1.6531130939443468,0.58186099999999996
1,445,0.0063374049781797573,0.50312500000000004,0.504,0.00037733794309812715,0.0056272692611082703,0,0,0,42,True,0.0085391746177192491,False,False,0.00084786314457791824,1.1837821058171558,0.499774
0.84999999999999998,445,-0.41134317311054763,0.53237500000000004,0.50900000000000001,0.08708088635109465,0.073127392959539142,0,0,0,55,True,0.0083102777706395153,False,False,-0.29333850291300162,1.2098295592007686,0.52929400000000004
0.65000000000000002,445,-0.98736155028356953,0.56537499999999996,0.54000000000000004,0.1204396100650437,0.30461546853520899,1,0,0,103,True,0.0086257754949205182,False,False,-0.79834597969550514,1.3665569892860103,0.56369400000000003
0.5,445,-1.3018871849092846,0.58725000000000005,0.56899999999999995,0.092811832326835875,0.14438151538202912,1,0,0,200,True,0.0083744497856470482,False,False,-1.3475760776189629,1.6531130939443468,0.58186099999999996
1,446,-0.091433995019055678,0.50275000000000003,0.48799999999999999,0.22123731907801428,0.55332683004876526,0,0,0,43,True,0.0076044224481099628,False,False,0.00084786314457791824,1.1837821058171558,0.499774
0.84999999999999998,446,-0.52787353745021559,0.52700000000000002,0.52200000000000002,0.061293907274774351,0.003791220408728764,0,0,0,42,True,0.0077674487960563646,False,False,-0.29333850291300162,1.2098295592007686,0.52929400000000004
0.65000000000000002,446,-1.0908910921152428,0.56112499999999998,0.57999999999999996,0.44963456662820372,0.39682092599483448,1,0,0,91,True,0.0083988313115903879,False,False,-0.79834597969550514,1.3665569892860103,0.56369400000000003
0.5,446,-1.3957393107530145,0.58374999999999999,0.58899999999999997,0.379115878192269,0.4635925371431957,1,0,0,120,True,0.0082744276020236193,False,False,-1.3475760776189629,1.6531130939443468,0.58186099999999996
1,447,0.020654487954672902,0.51049999999999995,0.48699999999999999,0.17728966025238849,0.51930044241594531,0,0,0,44,True,0.0082227484799805919,False,False,0.00084786314457791824,1.1837821058171558,0.499774
0.84999999999999998,447,-0.50778947613332404,0.53525,0.52800000000000002,0.24751626236898511,0.93307502616410853,0,0,0,59,True,0.0084255952251757263,False,False,-0.29333850291300162,1.2098295592007686,0.52929400000000004
0.65000000000000002,447,-1.121597487817251,0.57050000000000001,0.58299999999999996,0.88336655200617753,0.60206657390521623,1,0,0,92,True,0.0082843805895722357,False,False,-0.79834597969550514,1.3665569892860103,0.56369400000000003
0.5,447,-1.439716346263322,0.583125,0.59399999999999997,0.86833369665116089,0.82516137428794822,1,0,0,115,True,0.0084555784814077852,False,False,-1.3475760776189629,1.6531130939443468,0.58186099999999996
1,448,0.0097885948756808554,0.50149999999999995,0.51000000000000001,0.15387280082352658,0.42001331604480718,0,0,0,33,True,0.0082282236034899696,False,False,0.00084786314457791824,1.1837821058171558,0.499774
0.84999999999999998,448,-0.48845181719180131,0.53012499999999996,0.53600000000000003,0.66497225878524269,0.56759241460435683,0,0,0,67,True,0.0081083826010135383,False,False,-0.29333850291300162,1.2098295592007686,0.52929400000000004
0.65000000000000002,448,-1.0562161395209799,0.55987500000000001,0.56399999999999995,0.40233054107249716,0.23400019212038511,1,0,0,87,True,0.0083975966576236277,False,False,-0.79834597969550514,1.3665569892860103,0.56369400000000003
0.5,448,-1.4058221283148034,0.57937499999999997,0.58099999999999996,0.10957149847934984,0.1086040186490905,1,0,0,135,True,0.0087308492646465015,False,False,-1.3475760776189629,1.6531130939443468,0.58186099999999996
1,449,0.071059801198909756,0.49537500000000001,0.505,0.22144214341737975,0.065860635505217813,0,0,0,42,True,0.0082809957147233649,False,False,0.00084786314457791824,1.1837821058171558,0.499774
0.84999999999999998,449,-0.36068522043199114,0.53487499999999999,0.56100000000000005,0.27693868549507428,0.18172956390285194,0,0,0,61,True,0.0081381057522894821,False,False,-0.29333850291300162,1.2098295592007686,0.52929400000000004
0.65000000000000002,449,-0.95451199103558093,0.56525000000000003,0.59999999999999998,0.71653569152849983,0.53313299194870734,1,0,0,100,True,0.0080130956576022205,False,False,-0.79834597969550514,1.3665569892860103,0.56369400000000003
0.5,449,-1.2866368400978516,0.58287500000000003,0.62,0.93426903499783198,0.9676130349134543,1,0,0,199,True,0.0084085057583354259,False,False,-1.3475760776189629,1.6531130939443468,0.58186099999999996
1,450,0.099645108565238644,0.488875,0.49299999999999999,0.28280328260889781,0.38569841075699085,0,0,0,52,True,0.0085757837708916179,False,False,0.00084786314457791824,1.1837821058171558,0.499774
0.84999999999999998,450,-0.4026680933623733,0.52912499999999996,0.53500000000000003,0.78338799441840767,0.76433809948133824,0,0,0,50,True,0.0082755899579696375,False,False,-0.29333850291300162,1.2098295592007686,0.52929400000000004
0.65000000000000002,450,-1.0099983115361502,0.55612499999999998,0.55300000000000005,0.58110354482374804,0.32269501808015488,0,0,0,74,True,0.0082622037189904792,False,False,-0.79834597969550514,1.3665569892860103,0.56369400000000003
0.5,450,-1.3566207619625039,0.58037499999999997,0.55800000000000005,0.82686797136618329,0.7989764820453642,1,0,0,120,True,0.0080414394307791199,False,False,-1.3475760776189629,1.6531130939443468,0.58186099999999996
1,451,0.032959843030627475,0.4965,0.52500000000000002,0.78402731698059769,0.61411305517941828,0,0,0,49,True,0.0081308032035984322,False,False,0.00084786314457791824,1.1837821058171558,0.499774
0.84999999999999998,451,-0.37019724754233391,0.53149999999999997,0.56799999999999995,0.9021138177691076,0.90077972662535133,0,0,0,72,True,0.0079989646258537082,False,False,-0.29333850291300162,1.2098295592007686,0.52929400000000004
0.65000000000000002,451,-0.97876224973625736,0.57074999999999998,0.59299999999999997,0.41715402765761289,0.28600377557264972,1,0,0,83,True,0.008044659765969641,False,False,-0.79834597969550514,1.3665569892860103,0.56369400000000003
0.5,451,-1.3068690415320512,0.58787500000000004,0.57599999999999996,0.88513437037322562,0.85447339173937387,1,0,0,126,True,0.0083120827310272198,False,False,-1.3475760776189629,1.6531130939443468,0.58186099999999996
1,452,-0.14508897536307144,0.48149999999999998,0.48999999999999999,0.070205816168896151,0.20717742650201057,0,0,0,48,True,0.0078973899706134502,False,False,0.00084786314457791824,1.1837821058171558,0.499774
0.84999999999999998,452,-0.59927239760118922,0.52049999999999996,0.52100000000000002,0.59627425569598902,0.68738515570278136,0,0,0,36,True,0.0080322923961113277,False,False,-0.29333850291300162,1.2098295592007686,0.52929400000000004
0.65000000000000002,452,-1.1631428981180256,0.56374999999999997,0.53900000000000003,0.23463815493071646,0.38739877317626831,0,0,0,68,True,0.0078525597609453296,False,False,-0.79834597969550514,1.3665569892860103,0.56369400000000003
0.5,452,-1.4969903883473177,0.58187500000000003,0.57399999999999995,0.33205013151531726,0.69647565475031337,1,0,0,109,True,0.0076661205919120552,False,False,-1.3475760776189629,1.6531130939443468,0.58186099999999996
1,453,-0.079614455919991681,0.50124999999999997,0.52100000000000002,0.39961734035497309,0.32127364591062163,0,0,0,47,True,0.0082998536447215238,False,False,0.00084786314457791824,1.1837821058171558,0.499774
0.84999999999999998,453,-0.58637918232331099,0.52800000000000002,0.54600000000000004,0.81970198900290181,0.51233387540128605,0,0,0,68,True,0.0086772418930354516,False,False,-0.29333850291300162,1.2098295592007686,0.52929400000000004
0.65000000000000002,453,-1.316955768712992,0.5675,0.56699999999999995,0.63104293482154061,0.52464627045107259,0,0,0,69,True,0.0083520693653038984,False,False,-0.79834597969550514,1.3665569892860103,0.56369400000000003
0.5,453,-1.6498156700538396,0.58274999999999999,0.57299999999999995,0.23768239375474742,0.068609659186853994,1,0,0,106,True,0.0083622004659351067,False,False,-1.3475760776189629,1.6531130939443468,0.58186099999999996
1,454,-0.11426879181099005,0.497,0.499,0.95901286564595323,0.68171839249130262,0,0,0,35,True,0.0083501259874597354,False,False,0.00084786314457791824,1.1837821058171558,0.499774
0.84999999999999998,454,-0.6295342049617989,0.53325,0.53300000000000003,0.094582617058744128,0.71774225890961718,0,0,0,54,True,0.008264806178544996,False,False,-0.29333850291300162,1.2098295592007686,0.52929400000000004
0.65000000000000002,454,-1.2411203983137928,0.56712499999999999,0.55400000000000005,0.97332911605916228,0.99549959625298989,1,0,0,92,True,0.0082760850146185727,False,False,-0.79834597969550514,1.3665569892860103,0.56369400000000003
0.5,454,-1.6112473636261082,0.58325000000000005,0.55900000000000005,0.4050717594634804,0.30382689803693808,1,0,0,127,True,0.0084673805075136197,False,False,-1.3475760776189629,1.6531130939443468,0.58186099999999996
1,455,0.0091584246476958103,0.49925000000000003,0.502,0.32518723892493362,0.54430805735809362,0,0,0,42,True,0.0083267633701913004,False,False,0.00084786314457791824,1.1837821058171558,0.499774
0.84999999999999998,455,-0.45898933300181127,0.53237500000000004,0.51300000000000001,0.00059587160212458499,0.31858842775306789,0,0,0,44,True,0.0083522868069704805,False,False,-0.29333850291300162,1.2098295592007686,0.52929400000000004
0.65000000000000002,455,-1.0383000732872234,0.5635,0.53900000000000003,0.31623026107367214,0.49280689318573079,0,0,0,71,True,0.0085228867156325432,False,False,-0.79834597969550514,1.3665569892860103,0.56369400000000003
0.5,455,-1.3628035833161312,0.58899999999999997,0.56299999999999994,0.404151986194077,0.25364826059782514,1,0,0,149,True,0.0087120444740243237,False,False,-1.3475760776189629,1.6531130939443468,0.58186099999999996
1,456,0.038117100582527763,0.501,0.51200000000000001,0.55305823247602892,0.1179435854537056,0,0,0,56,True,0.0086048168880772224,False,False,0.00084786314457791824,1.1837821058171558,0.499774
0.84999999999999998,456,-0.419295984061819,0.53000000000000003,0.52900000000000003,0.53579305031246505,0.48640621274382723,0,0,0,52,True,0.00862808720067486,False,False,-0.29333850291300162,1.2098295592007686,0.52929400000000004
0.65000000000000002,456,-0.90700307195786367,0.5605,0.55500000000000005,0.44216158992504007,0.35100593878607311,0,0,0,74,True,0.0084024943228878848,False,False,-0.79834597969550514,1.3665569892860103,0.56369400000000003
0.5,456,-1.2040644449642375,0.57825000000000004,0.57399999999999995,0.40200845303294652,0.23155968462789517,1,0,0,97,True,0.0087239251593430218,False,False,-1.3475760776189629,1.6531130939443468,0.58186099999999996
1,457,-0.035161321365224804,0.51112500000000005,0.502,0.77199492093613675,0.18218394985768982,0,0,0,45,True,0.0084084943326582246,False,False,0.00084786314457791824,1.1837821058171558,0.499774
0.84999999999999998,457,-0.50125165011614392,0.53587499999999999,0.52300000000000002,0.048035054108120534,0.64151225519495159,1,0,0,85,True,0.0084019094188934208,False,False,-0.29333850291300162,1.2098295592007686,0.52929400000000004
0.65000000000000002,457,-1.1403830100640771,0.56987500000000002,0.56399999999999995,0.81850098559701856,0.90348378399667428,1,0,0,100,True,0.008524593394980743,False,False,-0.79834597969550514,1.3665569892860103,0.56369400000000003
0.5,457,-1.4423345803951952,0.58799999999999997,0.57199999999999995,0.93699881741516955,0.93451588127228535,1,0,0,114,True,0.0080565535606912427,False,False,-1.3475760776189629,1.6531130939443468,0.58186099999999996
1,458,0.048777525172478867,0.49987500000000001,0.504,0.57890746484697986,0.3799752425037356,0,0,0,51,True,0.0083656873382820483,False,False,0.00084786314457791824,1.1837821058171558,0.499774
0.84999999999999998,458,-0.51844666917940818,0.53412499999999996,0.54000000000000004,0.5784102608039402,0.91164928500125308,0,0,0,56,True,0.0083800820148176962,False,False,-0.29333850291300162,1.2098295592007686,0.52929400000000004
0.65000000000000002,458,-1.1476780831526163,0.56812499999999999,0.57299999999999995,0.44816980066550804,0.56910467577607549,1,0,0,82,True,0.0085043548417644103,False,False,-0.79834597969550514,1.3665569892860103,0.56369400000000003
0.5,458,-1.4451951851511178,0.58612500000000001,0.60299999999999998,0.4006705267925576,0.48913558183226502,1,0,0,125,True,0.0087825965901404332,False,False,-1.3475760776189629,1.6531130939443468,0.58186099999999996
1,459,0.22192477889341988,0.49525000000000002,0.503,0.70587313865525503,0.83948799349177239,0,0,0,55,True,0.0081757686474898932,False,False,0.00084786314457791824,1.1837821058171558,0.499774
0.84999999999999998,459,-0.32475438902432097,0.52412499999999995,0.52500000000000002,0.44455830357895332,0.47955902012827889,0,0,0,55,True,0.0082530834365786062,False,False,-0.29333850291300162,1.2098295592007686,0.52929400000000004
0.65000000000000002,459,-0.98466150091042037,0.56725000000000003,0.56699999999999995,0.21465603908632866,0.4018418271277906,1,0,0,93,True,0.0088534099915195102,False,False,-0.79834597969550514,1.3665569892860103,0.56369400000000003
0.5,459,-1.3333133762816165,0.58474999999999999,0.56999999999999995,0.014030428826117408,0.033980391178422581,1,0,0,101,True,0.0089758758145184591,False,False,-1.3475760776189629,1.6531130939443468,0.58186099999999996
1,460,0.037505457986869738,0.50449999999999995,0.498,0.8244732141369282,0.50371813575761881,0,0,0,41,True,0.0079717627651065444,False,False,0.00084786314457791824,1.1837821058171558,0.499774
0.84999999999999998,460,-0.39015262571502496,0.53337500000000004,0.52700000000000002,0.087998526441906297,0.054384960849733779,0,0,0,51,True,0.007994731335301198,False,False,-0.29333850291300162,1.2098295592007686,0.52929400000000004
0.65000000000000002,460,-0.90297373602307474,0.56474999999999997,0.58499999999999996,0.54954061762730233,0.3647904862591364,1,0,0,87,True,0.0087412485512400849,False,False,-0.79834597969550514,1.3665569892860103,0.56369400000000003
0.5,460,-1.2147214575706733,0.582125,0.61399999999999999,0.12158426018755364,0.16209142792961548,1,0,0,136,True,0.0083524347138510778,False,False,-1.3475760776189629,1.6531130939443468,0.58186099999999996
1,461,-0.065196572883818291,0.50362499999999999,0.48099999999999998,0.99441946106630208,0.98033021770439532,0,0,0,36,True,0.0079566308948769149,False,False,0.00084786314457791824,1.1837821058171558,0.499774
0.84999999999999998,461,-0.51686582088284116,0.53712499999999996,0.52800000000000002,0.14130723047352353,0.33410896365221476,0,0,0,59,True,0.0080940358123982193,False,False,-0.29333850291300162,1.2098295592007686,0.52929400000000004
0.65000000000000002,461,-1.066098726606898,0.56625000000000003,0.54600000000000004,0.26424329400078561,0.59507236529517371,1,0,0,144,True,0.0089600895685587306,False,False,-0.79834597969550514,1.3665569892860103,0.56369400000000003
0.5,461,-1.4341366099488357,0.58462499999999995,0.57299999999999995,0.6546909194425834,0.72756180195625253,1,0,0,174,True,0.0075987004250698976,False,False,-1.3475760776189629,1.6531130939443468,0.58186099999999996
1,462,0.17440442808218054,0.4955,0.48399999999999999,0.82678356262190911,0.91956574774200772,0,0,0,52,True,0.008268862453704352,False,False,0.00084786314457791824,1.1837821058171558,0.499774
0.84999999999999998,462,-0.31240677028199038,0.53075000000000006,0.52700000000000002,0.25095848369837187,0.35906862457852773,0,0,0,52,True,0.0081052895817998738,False,False,-0.29333850291300162,1.2098295592007686,0.52929400000000004
0.65000000000000002,462,-1.016227438255241,0.56599999999999995,0.56200000000000006,0.70777958982757061,0.63938150592612619,1,0,0,75,True,0.0078840795470715118,False,False,-0.79834597969550514,1.3665569892860103,0.56369400000000003
0.5,462,-1.4205802869203517,0.58537499999999998,0.59699999999999998,0.29143411940368064,0.22987227784774239,1,0,0,117,True,0.0082209247945825917,False,False,-1.3475760776189629,1.6531130939443468,0.58186099999999996
1,463,-0.0079867599608010546,0.49487500000000001,0.45000000000000001,0.77581469355954569,0.98414679699924557,1,0,0,75,True,0.0083626828775644046,False,False,0.00084786314457791824,1.1837821058171558,0.499774
0.84999999999999998,463,-0.53702617597874114,0.52787499999999998,0.48899999999999999,0.50726950611120381,0.55993882419136054,0,0,0,59,True,0.0081200085256534979,False,False,-0.29333850291300162,1.2098295592007686,0.52929400000000004
0.65000000000000002,463,-1.2025653321557639,0.56812499999999999,0.55700000000000005,0.63149938533500594,0.36024349729493327,1,0,0,106,True,0.0081565519887483139,False,False,-0.79834597969550514,1.3665569892860103,0.56369400000000003
0.5,463,-1.6213492906835627,0.58299999999999996,0.57499999999999996,0.61430232599990164,0.64986519003406307,1,0,0,153,True,0.0079005448705321245,False,False,-1.3475760776189629,1.6531130939443468,0.58186099999999996
1,464,0.052989953626839156,0.504,0.47999999999999998,0.32069784075719382,0.23978108862487463,0,0,0,42,True,0.0081638961652083491,False,False,0.00084786314457791824,1.1837821058171558,0.499774
0.84999999999999998,464,-0.49625466843049304,0.53049999999999997,0.53200000000000003,0.63244338902676867,0.50269394537440493,0,0,0,61,True,0.0080459603090684909,False,False,-0.29333850291300162,1.2098295592007686,0.52929400000000004
0.65000000000000002,464,-1.0960011671918009,0.57862499999999994,0.58699999999999997,0.92322333679249491,0.98636039192685987,1,0,0,92,True,0.0078407161401646084,False,False,-0.79834597969550514,1.3665569892860103,0.56369400000000003
0.5,464,-1.4831460234184519,0.59799999999999998,0.624,0.62841360699077853,0.58466933248763897,1,0,0,220,True,0.0078403265430203213,False,False,-1.3475760776189629,1.6531130939443468,0.58186099999999996
1,465,0.012425259542030146,0.50224999999999997,0.504,0.53259495159380932,0.58736254804105403,0,0,0,39,True,0.0085735983690102806,False,False,0.00084786314457791824,1.1837821058171558,0.499774
0.84999999999999998,465,-0.42922704805508571,0.52575000000000005,0.52100000000000002,0.50246931631967751,0.25935929863576235,0,0,0,49,True,0.0090477379426652498,False,False,-0.29333850291300162,1.2098295592007686,0.52929400000000004
0.65000000000000002,465,-0.99637486268869369,0.5615,0.55600000000000005,0.3626524106548954,0.53444174897115715,0,0,0,56,True,0.0084671448087293728,False,False,-0.79834597969550514,1.3665569892860103,0.56369400000000003
0.5,465,-1.3735630555993139,0.57425000000000004,0.57699999999999996,0.082303377549455797,0.15741626975130354,1,0,0,171,True,0.0087367808020879199,False,False,-1.3475760776189629,1.6531130939443468,0.58186099999999996
1,466,0.020768102071943313,0.49575000000000002,0.48799999999999999,0.20754796307152285,0.52195666850500622,0,0,0,42,True,0.0087889252659992933,False,False,0.00084786314457791824,1.1837821058171558,0.499774
0.84999999999999998,466,-0.3958836041862,0.52949999999999997,0.52800000000000002,0.50530813882910697,0.48013850412914516,0,0,0,50,True,0.00877286752013272,False,False,-0.29333850291300162,1.2098295592007686,0.52929400000000004
0.65000000000000002,466,-0.96461858482320173,0.56337499999999996,0.57199999999999995,0.97698442291426868,0.71622607635384827,1,0,0,109,True,0.0083674437592301185,False,False,-0.79834597969550514,1.3665569892860103,0.56369400000000003
0.5,466,-1.3127989950293493,0.58150000000000002,0.58799999999999997,0.94361821885512409,0.97175666373097491,1,0,0,128,True,0.0085242960813012181,False,False,-1.3475760776189629,1.6531130939443468,0.58186099999999996
1,467,0.073428599108048304,0.50312500000000004,0.52800000000000002,0.018986784357120375,0.3248654853397383,0,0,0,42,True,0.0086821658384247484,False,False,0.00084786314457791824,1.1837821058171558,0.499774
0.84999999999999998,467,-0.3981328818448116,0.53437500000000004,0.55800000000000005,0.63516214783281688,0.38377171133037646,0,0,0,65,True,0.0087525605017364245,False,False,-0.29333850291300162,1.2098295592007686,0.52929400000000004
0.65000000000000002,467,-0.93905850889198517,0.57337499999999997,0.60099999999999998,0.82928919320250771,0.79669076105332093,1,0,0,82,True,0.0085524067592919421,False,False,-0.79834597969550514,1.3665569892860103,0.56369400000000003
0.5,467,-1.2773423944290334,0.58625000000000005,0.59599999999999997,0.62020565997338473,0.60510451877176541,1,0,0,112,True,0.0084851734039055569,False,False,-1.3475760776189629,1.6531130939443468,0.58186099999999996
1,468,-0.10684369887138005,0.50375000000000003,0.52600000000000002,0.4074795221632328,0.43105016447793459,0,0,0,48,True,0.0091483523858812837,False,False,0.00084786314457791824,1.1837821058171558,0.499774
0.84999999999999998,468,-0.57335353252679666,0.53300000000000003,0.54100000000000004,0.35648366784032698,0.11286998490709477,0,0,0,47,True,0.0086493676148751003,False,False,-0.29333850291300162,1.2098295592007686,0.52929400000000004
0.65000000000000002,468,-1.208376161151504,0.56312499999999999,0.55300000000000005,0.011779894182052043,0.017554905280779073,0,0,0,58,True,0.0083982437746744822,False,False,-0.79834597969550514,1.3665569892860103,0.56369400000000003
0.5,468,-1.544450876409839,0.577125,0.56799999999999995,0.21640190262853604,0.21767401905314379,1,0,0,91,True,0.0082961213003744129,False,False,-1.3475760776189629,1.6531130939443468,0.58186099999999996
1,469,0.079043759040150333,0.48712499999999997,0.47299999999999998,0.73104204683790852,0.5828431028141513,0,0,0,41,True,0.0083361244156761986,False,False,0.00084786314457791824,1.1837821058171558,0.499774
0.84999999999999998,469,-0.42698190951762394,0.52462500000000001,0.53200000000000003,0.97484827519532802,0.95299981214095408,0,0,0,43,True,0.0083332873283992401,False,False,-0.29333850291300162,1.2098295592007686,0.52929400000000004
0.65000000000000002,469,-1.004639028083173,0.56212499999999999,0.57399999999999995,0.99637107878028564,0.99844836567981221,1,0,0,92,True,0.0078896348080690556,False,False,-0.79834597969550514,1.3665569892860103,0.56369400000000003
0.5,469,-1.3408375106015387,0.58199999999999996,0.56699999999999995,0.92112502286577758,0.98232055098969773,1,0,0,115,True,0.0081479503847045436,False,False,-1.3475760776189629,1.6531130939443468,0.58186099999999996
1,470,-0.097925560094981726,0.48949999999999999,0.48299999999999998,0.45004503919687738,0.33229382480578734,0,0,0,38,True,0.0084218415069299037,False,False,0.00084786314457791824,1.1837821058171558,0.499774
0.84999999999999998,470,-0.55496558327081547,0.52662500000000001,0.52300000000000002,0.96349691383604186,0.87247621023520927,0,0,0,44,True,0.0082131298110823224,False,False,-0.29333850291300162,1.2098295592007686,0.52929400000000004
0.65000000000000002,470,-1.1483468388367954,0.57474999999999998,0.59099999999999997,0.43502363237691843,0.53043646477183637,1,0,0,80,True,0.008719046372924295,False,False,-0.79834597969550514,1.3665569892860103,0.56369400000000003
0.5,470,-1.4633845813575519,0.59199999999999997,0.59999999999999998,0.70993271998852681,0.57597713182058718,1,0,0,137,True,0.008686082007121879,False,False,-1.3475760776189629,1.6531130939443468,0.58186099999999996
1,471,0.067329334642941288,0.50724999999999998,0.502,0.25823575909008828,0.56951705392482721,0,0,0,41,True,0.0087028574271416411,False,False,0.00084786314457791824,1.1837821058171558,0.499774
0.84999999999999998,471,-0.46565503480760906,0.53474999999999995,0.52100000000000002,0.72832061988579833,0.48032182394306477,0,0,0,53,True,0.0087300672306209713,False,False,-0.29333850291300162,1.2098295592007686,0.52929400000000004
0.65000000000000002,471,-1.0413563029404969,0.56499999999999995,0.56100000000000005,0.60111194609450835,0.61851447308689633,0,0,0,74,True,0.0086834212832636627,False,False,-0.79834597969550514,1.3665569892860103,0.56369400000000003
0.5,471,-1.3575662832695554,0.577125,0.56999999999999995,0.74072803090044148,0.71098136995930172,1,0,0,88,True,0.0076992345154224843,False,False,-1.3475760776189629,1.6531130939443468,0.58186099999999996
1,472,0.21248126261116848,0.49462499999999998,0.50700000000000001,0.62276905270185068,0.48548838653604709,0,0,0,65,True,0.0082910565454763878,False,False,0.00084786314457791824,1.1837821058171558,0.499774
0.84999999999999998,472,-0.85648719458305578,0.53049999999999997,0.54100000000000004,0.067431896420748552,0.12740337434338805,0,0,0,62,True,0.0079986887665834949,False,False,-0.29333850291300162,1.2098295592007686,0.52929400000000004
0.65000000000000002,472,-1.5268811246784912,0.56712499999999999,0.56000000000000005,0.38324618766638185,0.37502784747987944,0,0,0,71,True,0.0079568763310481211,False,False,-0.79834597969550514,1.3665569892860103,0.56369400000000003
0.5,472,-1.8927002803807891,0.58499999999999996,0.58799999999999997,0.47292317248946691,0.30542928692640209,1,0,0,137,True,0.0081227052969048731,False,False,-1.3475760776189629,1.6531130939443468,0.58186099999999996
1,473,-0.070363105497102715,0.49325000000000002,0.50700000000000001,0.35336470620958949,0.094688461670603685,0,0,0,42,True,0.0086965953355064209,False,False,0.00084786314457791824,1.1837821058171558,0.499774
0.84999999999999998,473,-0.495773466437886,0.52687499999999998,0.53200000000000003,0.086900416746779396,0.068838378111312604,0,0,0,48,True,0.0088474526555911686,False,False,-0.29333850291300162,1.2098295592007686,0.52929400000000004
0.65000000000000002,473,-1.0872211301082528,0.5605,0.54500000000000004,0.0375959841084769,0.023533576151210111,0,0,0,53,True,0.0087061194593482296,False,False,-0.79834597969550514,1.3665569892860103,0.56369400000000003
0.5,473,-1.3871724390755835,0.57987500000000003,0.54800000000000004,0.1398571884717498,0.14323951619395142,1,0,0,120,True,0.0089663242884244817,False,False,-1.3475760776189629,1.6531130939443468,0.58186099999999996
1,474,0.081131590215117302,0.50849999999999995,0.55100000000000005,0.98995080530052038,0.77458217448222899,0,0,0,54,True,0.0079573288607345492,False,False,0.00084786314457791824,1.1837821058171558,0.499774
0.84999999999999998,474,-0.35442858902985269,0.53274999999999995,0.57099999999999995,0.14513199144308972,0.25482052933536486,0,0,0,61,True,0.0082864325181757695,False,False,-0.29333850291300162,1.2098295592007686,0.52929400000000004
0.65000000000000002,474,-0.98199488274732316,0.56874999999999998,0.57899999999999996,0.50882357634624165,0.61375935267534232,0,0,0,73,True,0.0084203720578535785,False,False,-0.79834597969550514,1.3665569892860103,0.56369400000000003
0.5,474,-1.3289650130216248,0.58850000000000002,0.59999999999999998,0.86549468456308953,0.95584323127667592,1,0,0,154,True,0.0080821477387834732,False,False,-1.3475760776189629,1.6531130939443468,0.58186099999999996
1,475,0.0011782125038204826,0.50437500000000002,0.48999999999999999,0.31608228543770722,0.17371950939069999,0,0,0,42,True,0.0083216100260712789,False,False,0.00084786314457791824,1.1837821058171558,0.499774
0.84999999999999998,475,-0.48668028132813379,0.53287499999999999,0.52300000000000002,0.93577970407187605,0.93775554332652988,0,0,0,45,True,0.0081534333324882642,False,False,-0.29333850291300162,1.2098295592007686,0.52929400000000004
0.65000000000000002,475,-1.2958192178010175,0.56087500000000001,0.54900000000000004,0.13425308043003378,0.028696994812632284,0,0,0,62,True,0.0079277350130619682,False,False,-0.79834597969550514,1.3665569892860103,0.56369400000000003
0.5,475,-1.6641911188943854,0.57725000000000004,0.56499999999999995,0.0017472179470599217,0.00046999393394745061,1,0,0,76,True,0.0079088559752098202,False,False,-1.3475760776189629,1.6531130939443468,0.58186099999999996
1,476,-0.04069363058528902,0.49687500000000001,0.46400000000000002,0.81257700588895188,0.38822670408358306,0,0,0,40,True,0.0091307479902735158,False,False,0.00084786314457791824,1.1837821058171558,0.499774
0.84999999999999998,476,-0.47622849774652265,0.51537500000000003,0.49399999999999999,0.66530421126514661,0.97100196294790975,0,0,0,48,True,0.0087284798591463521,False,False,-0.29333850291300162,1.2098295592007686,0.52929400000000004
0.65000000000000002,476,-0.97234311122181094,0.55400000000000005,0.54200000000000004,0.24285213129528266,0.1760361201044128,0,0,0,65,True,0.0086792255498176884,False,False,-0.79834597969550514,1.3665569892860103,0.56369400000000003
0.5,476,-1.3129688707998379,0.56937499999999996,0.56599999999999995,0.72224054982336849,0.80824623633851267,1,0,0,101,True,0.008597897097866989,False,False,-1.3475760776189629,1.6531130939443468,0.58186099999999996
1,477,-0.069108565312924725,0.49912499999999999,0.5,0.9540939331277829,0.11243793119666831,0,0,0,59,True,0.0086967492304235519,False,False,0.00084786314457791824,1.1837821058171558,0.499774
0.84999999999999998,477,-0.51833940447596916,0.52687499999999998,0.55200000000000005,0.46834596256224348,0.60316395076925056,0,0,0,46,True,0.0086336474276297592,False,False,-0.29333850291300162,1.2098295592007686,0.52929400000000004
0.65000000000000002,477,-1.0782918858179138,0.56074999999999997,0.58699999999999997,0.70932477508383518,0.76128944013948074,0,0,0,70,True,0.0081735210603084869,False,False,-0.79834597969550514,1.3665569892860103,0.56369400000000003
0.5,477,-1.3884486892561134,0.58262499999999995,0.60199999999999998,0.90950361346531072,0.95743417856718649,1,0,0,80,True,0.007957482480100685,False,False,-1.3475760776189629,1.6531130939443468,0.58186099999999996
1,478,-0.033468945001033326,0.505,0.48899999999999999,0.56499940325796605,0.61611578576130399,0,0,0,38,True,0.008758890264261009,False,False,0.00084786314457791824,1.1837821058171558,0.499774
0.84999999999999998,478,-0.45646463048176056,0.53149999999999997,0.52100000000000002,0.77429041719358771,0.82606932510840125,0,0,0,49,True,0.0089828315434336923,False,False,-0.29333850291300162,1.2098295592007686,0.52929400000000004
0.65000000000000002,478,-0.97768621056634153,0.56225000000000003,0.55600000000000005,0.0035766116713978426,0.01023552114109569,0,0,0,65,True,0.0083543515687712552,False,False,-0.79834597969550514,1.3665569892860103,0.56369400000000003
0.5,478,-1.279231331439403,0.57474999999999998,0.57299999999999995,0.036372586895676635,0.057633559462431469,1,0,0,106,True,0.0085768124545913382,False,False,-1.3475760776189629,1.6531130939443468,0.58186099999999996
1,479,-0.032237888406892269,0.50800000000000001,0.49299999999999999,0.94913503903707386,0.67058724864910857,0,0,0,44,True,0.0083517820555765229,False,False,0.00084786314457791824,1.1837821058171558,0.499774
0.84999999999999998,479,-0.45565116596454353,0.53412499999999996,0.52200000000000002,0.65037649220550886,0.48631137840157745,1,1,1,95,True,0.0083003788994197216,False,False,-0.29333850291300162,1.2098295592007686,0.52929400000000004
0.65000000000000002,479,-1.0444708362063038,0.55700000000000005,0.55800000000000005,0.96965597779405988,0.6655873817613901,1,0,0,91,True,0.0085451240307460891,False,False,-0.79834597969550514,1.3665569892860103,0.56369400000000003
0.5,479,-1.3515954308085536,0.57537499999999997,0.58999999999999997,0.81570667013784848,0.80839105941012535,1,0,0,96,True,0.0084230193041292065,False,False,-1.3475760776189629,1.6531130939443468,0.58186099999999996
1,480,-0.059657949213320786,0.50912500000000005,0.504,0.94456975271135502,0.49185239117056379,0,0,0,48,True,0.008562052546249822,False,False,0.00084786314457791824,1.1837821058171558,0.499774
0.84999999999999998,480,-0.49019723070336974,0.53849999999999998,0.54000000000000004,0.79317165461985684,0.10838404154057998,1,0,0,86,True,0.0084204210947108355,False,False,-0.29333850291300162,1.2098295592007686,0.52929400000000004
0.65000000000000002,480,-0.99727415526144059,0.57162500000000005,0.57599999999999996,0.31033234021058786,0.17278989563170563,1,0,0,148,True,0.008161707763974799,False,False,-0.79834597969550514,1.3665569892860103,0.56369400000000003
0.5,480,-1.3673876805480993,0.58750000000000002,0.59199999999999997,0.1950102526084925,0.1638286442497375,1,0,0,127,True,0.0084111632751122205,False,False,-1.3475760776189629,1.6531130939443468,0.58186099999999996
1,481,-0.029770814822042968,0.4985,0.497,0.87037960712035845,0.6096342526928985,0,0,0,45,True,0.0081923660740766142,False,False,0.00084786314457791824,1.1837821058171558,0.499774
0.84999999999999998,481,-0.44854402623042694,0.52175000000000005,0.51100000000000001,0.63899093773057136,0.47984950558270845,1,0,0,80,True,0.0082369447801016391,False,False,-0.29333850291300162,1.2098295592007686,0.52929400000000004
0.65000000000000002,481,-0.97935138407997147,0.56187500000000001,0.53400000000000003,0.53353736667151519,0.55823987292496358,1,0,0,76,True,0.0085897975576574252,False,False,-0.79834597969550514,1.3665569892860103,0.56369400000000003
0.5,481,-1.2581573035899527,0.57187500000000002,0.54800000000000004,0.88035924169160873,0.77079772213068098,1,0,0,75,True,0.0087958452984364943,False,False,-1.3475760776189629,1.6531130939443468,0.58186099999999996
1,482,-0.014990884779121021,0.50024999999999997,0.51600000000000001,0.36404125462152243,0.87298041298085471,0,0,0,41,True,0.0085234336544522168,False,False,0.00084786314457791824,1.1837821058171558,0.499774
0.84999999999999998,482,-0.50487796336266488,0.52587499999999998,0.53600000000000003,0.015960340935099279,0.081613984870098202,0,0,0,49,True,0.0083033572584323371,False,False,-0.29333850291300162,1.2098295592007686,0.52929400000000004
0.65000000000000002,482,-1.1782136267172025,0.56174999999999997,0.57899999999999996,0.039114893094271797,0.24020917570728645,0,0,0,65,True,0.0079801672635392614,False,False,-0.79834597969550514,1.3665569892860103,0.56369400000000003
0.5,482,-1.5121755361079507,0.57737499999999997,0.61099999999999999,0.59255975569113806,0.71358476284039851,1,0,0,95,True,0.0081880408628769285,False,False,-1.3475760776189629,1.6531130939443468,0.58186099999999996
1,483,0.017003289557120552,0.49537500000000001,0.495,0.71214496383499815,0.19292505794203468,0,0,0,59,True,0.0088169579412064377,False,False,0.00084786314457791824,1.1837821058171558,0.499774
0.84999999999999998,483,-0.37889133079581527,0.52712499999999995,0.53000000000000003,0.41908911757776779,0.040899114165021309,0,0,0,60,True,0.0083571940554387821,False,False,-0.29333850291300162,1.2098295592007686,0.52929400000000004
0.65000000000000002,483,-0.96932176873339126,0.56387500000000002,0.57199999999999995,0.27005989839298128,0.074090724231352753,1,0,0,119,True,0.0083759175813010317,False,False,-0.79834597969550514,1.3665569892860103,0.56369400000000003
0.5,483,-1.2705820149138334,0.58287500000000003,0.58699999999999997,0.16833997479224114,0.31453888193176627,1,0,0,136,True,0.0084305988024983534,False,False,-1.3475760776189629,1.6531130939443468,0.58186099999999996
1,484,-0.090206005097065223,0.50012500000000004,0.501,0.49359038617826123,0.18221047429161585,0,0,0,47,True,0.0080233704712115769,False,False,0.00084786314457791824,1.1837821058171558,0.499774
0.84999999999999998,484,-0.5485928827724682,0.52937500000000004,0.51500000000000001,0.80342097735924978,0.49665001240322193,0,0,0,59,True,0.0079776348730658964,False,False,-0.29333850291300162,1.2098295592007686,0.52929400000000004
0.65000000000000002,484,-1.1472002268975681,0.55974999999999997,0.53700000000000003,0.6028743018923568,0.85466291173658959,1,0,0,109,True,0.0083018743362843987,False,False,-0.79834597969550514,1.3665569892860103,0.56369400000000003
0.5,484,-1.5259277346515607,0.58074999999999999,0.56100000000000005,0.71377940970039577,0.29882921252675454,1,0,0,109,True,0.0082978121681858818,False,False,-1.3475760776189629,1.6531130939443468,0.58186099999999996
1,485,0.12573629029878719,0.50387499999999996,0.504,0.05545221203793433,0.12239973365914432,0,0,0,37,True,0.008270439584543,False,False,0.00084786314457791824,1.1837821058171558,0.499774
0.84999999999999998,485,-0.42279607442938305,0.53800000000000003,0.52600000000000002,0.17181471145996488,0.3871043551359189,0,0,0,68,True,0.0078627464353188074,False,False,-0.29333850291300162,1.2098295592007686,0.52929400000000004
0.65000000000000002,485,-1.0283324607542776,0.56787500000000002,0.55900000000000005,0.867118258975486,0.78338470828202689,1,0,0,84,True,0.0081887339681040484,False,False,-0.79834597969550514,1.3665569892860103,0.56369400000000003
0.5,485,-1.3897328753383835,0.58274999999999999,0.58799999999999997,0.60062654390603376,0.75036498831875731,1,0,0,76,True,0.008476086210651294,False,False,-1.3475760776189629,1.6531130939443468,0.58186099999999996
1,486,0.01374423698034073,0.50349999999999995,0.498,0.075789866797709007,0.59686134167782923,0,0,0,35,True,0.0084393620524109928,False,False,0.00084786314457791824,1.1837821058171558,0.499774
0.84999999999999998,486,-0.43855779801043332,0.53487499999999999,0.53200000000000003,0.039515841559137774,0.32286735432479952,0,0,0,49,True,0.008964759037704436,False,False,-0.29333850291300162,1.2098295592007686,0.52929400000000004
0.65000000000000002,486,-0.95907702081373758,0.56799999999999995,0.57499999999999996,0.7946138918343133,0.88011529955616874,1,0,0,130,True,0.0090275006002886043,False,False,-0.79834597969550514,1.3665569892860103,0.56369400000000003
0.5,486,-1.2922369133310463,0.57799999999999996,0.59199999999999997,0.57040454813609154,0.7887065465366212,1,0,0,177,True,0.008396926889783796,False,False,-1.3475760776189629,1.6531130939443468,0.58186099999999996
1,487,0.10047546462605624,0.50124999999999997,0.48599999999999999,0.26916824919065918,0.67568338499607528,0,0,0,38,True,0.0088269289806285033,False,False,0.00084786314457791824,1.1837821058171558,0.499774
0.84999999999999998,487,-0.40382300711737312,0.53187499999999999,0.52800000000000002,0.79291818096040201,0.72486267201306198,0,0,0,44,True,0.0088772616885296855,False,False,-0.29333850291300162,1.2098295592007686,0.52929400000000004
0.65000000000000002,487,-1.0062029222277742,0.56237499999999996,0.56100000000000005,0.90456151181923172,0.59692446790280784,1,0,0,89,True,0.0093200916107248691,False,False,-0.79834597969550514,1.3665569892860103,0.56369400000000003
0.5,487,-1.6304198478480136,0.57637499999999997,0.57999999999999996,0.73530772979767289,0.61470220785061402,1,0,0,95,True,0.0087329692031879735,False,False,-1.3475760776189629,1.6531130939443468,0.58186099999999996
1,488,-0.0036982238038647695,0.49437500000000001,0.47999999999999998,0.068688988714578902,0.39749988780639567,0,0,0,52,True,0.0085698161029764876,False,False,0.00084786314457791824,1.1837821058171558,0.499774
0.84999999999999998,488,-0.46528148910677025,0.52212499999999995,0.53300000000000003,0.33153766562355291,0.57851906389482821,0,0,0,60,True,0.0086597585918937233,False,False,-0.29333850291300162,1.2098295592007686,0.52929400000000004
0.65000000000000002,488,-1.0592000304486457,0.55512499999999998,0.54500000000000004,0.44863698631150262,0.89894350884352259,0,0,0,59,True,0.0085550673960989119,False,False,-0.79834597969550514,1.3665569892860103,0.56369400000000003
0.5,488,-1.3565527382158717,0.57050000000000001,0.56399999999999995,0.66474403301820084,0.74434248085933241,1,0,0,86,True,0.0086527817381126179,False,False,-1.3475760776189629,1.6531130939443468,0.58186099999999996
1,489,0.13304093283251237,0.49975000000000003,0.52000000000000002,0.34158330524104946,0.57180044333516711,0,0,0,62,True,0.0081926296581611192,False,False,0.00084786314457791824,1.1837821058171558,0.499774
0.84999999999999998,489,-0.35007063933224564,0.53100000000000003,0.55300000000000005,0.49689974407311976,0.84927981003984943,0,0,0,46,True,0.0083158289132239747,False,False,-0.29333850291300162,1.2098295592007686,0.52929400000000004
0.65000000000000002,489,-1.077685519312513,0.56925000000000003,0.59999999999999998,0.50690177211957388,0.7536876717712494,1,0,0,81,True,0.0087417187800285755,False,False,-0.79834597969550514,1.3665569892860103,0.56369400000000003
0.5,489,-1.7139692536104489,0.59050000000000002,0.60399999999999998,0.77405770486536463,0.98265225232562037,1,0,0,108,True,0.0088440874766047353,False,False,-1.3475760776189629,1.6531130939443468,0.58186099999999996
1,490,0.072704075212519675,0.49225000000000002,0.50900000000000001,0.25091178331380293,0.11579489956211249,0,0,0,59,True,0.007859444706547097,False,False,0.00084786314457791824,1.1837821058171558,0.499774
0.84999999999999998,490,-0.42269315075318636,0.52649999999999997,0.51100000000000001,0.040132783328176318,0.17261513813343482,0,0,0,55,True,0.0079284804663903689,False,False,-0.29333850291300162,1.2098295592007686,0.52929400000000004
0.65000000000000002,490,-1.0221525734220855,0.57062500000000005,0.58099999999999996,0.043880446895509247,0.14523670775023909,0,0,0,56,True,0.0082598507261106378,False,False,-0.79834597969550514,1.3665569892860103,0.56369400000000003
0.5,490,-1.4115828535425832,0.58599999999999997,0.59999999999999998,0.010328338205146254,0.0061808672402099479,1,0,0,96,True,0.0088328826582720586,False,False,-1.3475760776189629,1.6531130939443468,0.58186099999999996
1,491,0.050480671450666967,0.50849999999999995,0.52700000000000002,0.26628197919692831,0.18743054532246139,0,0,0,55,True,0.0090790654373816438,False,False,0.00084786314457791824,1.1837821058171558,0.499774
0.84999999999999998,491,-0.37671309760468225,0.53749999999999998,0.57199999999999995,0.33605675216729386,0.50954879089028704,0,0,1,47,True,0.0089947225461811421,False,False,-0.29333850291300162,1.2098295592007686,0.52929400000000004
0.65000000000000002,491,-0.93306231087265612,0.56962500000000005,0.58199999999999996,0.44952694282234334,0.54906245532768039,1,0,0,118,True,0.0086700490613807017,False,False,-0.79834597969550514,1.3665569892860103,0.56369400000000003
0.5,491,-1.2438542004934521,0.58899999999999997,0.58799999999999997,0.68213119699184932,0.87093760749544313,1,0,0,161,True,0.0083430046197854914,False,False,-1.3475760776189629,1.6531130939443468,0.58186099999999996
1,492,-0.08806300252570097,0.50112500000000004,0.48499999999999999,0.31774174621086138,0.53839359556700594,0,0,0,36,True,0.0077498484983765147,False,False,0.00084786314457791824,1.1837821058171558,0.499774
0.84999999999999998,492,-0.54859797323891246,0.53325,0.497,0.93119149415877533,0.69775232873488324,0,0,0,73,True,0.0078721613123430637,False,False,-0.29333850291300162,1.2098295592007686,0.52929400000000004
0.65000000000000002,492,-1.1276097154801306,0.57299999999999995,0.55300000000000005,0.68513241458008389,0.55634934521988599,1,0,0,97,True,0.0084975310818150851,False,False,-0.79834597969550514,1.3665569892860103,0.56369400000000003
0.5,492,-1.4297984015525929,0.58712500000000001,0.57699999999999996,0.79755030984683906,0.81632222506137764,1,0,0,106,True,0.0084808858604360285,False,False,-1.3475760776189629,1.6531130939443468,0.58186099999999996
1,493,-0.093662089450340991,0.504,0.51600000000000001,0.33123262324140429,0.54872294453232617,0,0,0,45,True,0.0084667730079399633,False,False,0.00084786314457791824,1.1837821058171558,0.499774
0.84999999999999998,493,-0.53497061443496863,0.53362500000000002,0.54700000000000004,0.75883095770489639,0.89954610437558036,0,0,0,58,True,0.0081514494967123863,False,False,-0.29333850291300162,1.2098295592007686,0.52929400000000004
0.65000000000000002,493,-1.1235173427745615,0.573125,0.57399999999999995,0.088762222185037862,0.15157503816240592,1,0,0,109,True,0.0080480128614442287,False,False,-0.79834597969550514,1.3665569892860103,0.56369400000000003
0.5,493,-1.4875363311058423,0.59237499999999998,0.59599999999999997,0.35522488049369333,0.49018566816245834,1,0,0,124,True,0.0083295341744688972,False,False,-1.3475760776189629,1.6531130939443468,0.58186099999999996
1,494,-0.087922766022349857,0.4955,0.53800000000000003,0.49062138564737168,0.22823365615655106,0,0,0,52,True,0.0088273413863535957,False,False,0.00084786314457791824,1.1837821058171558,0.499774
0.84999999999999998,494,-0.49406271253668677,0.52725,0.54300000000000004,0.30303266353323061,0.22909076883304091,0,0,0,51,True,0.008948812654214466,False,False,-0.29333850291300162,1.2098295592007686,0.52929400000000004
0.65000000000000002,494,-1.0404608176238512,0.56799999999999995,0.58399999999999996,0.18919870663649815,0.26007600534195729,0,0,0,67,True,0.0090112322190973402,False,False,-0.79834597969550514,1.3665569892860103,0.56369400000000003
0.5,494,-1.3175916512883179,0.58287500000000003,0.59799999999999998,0.056567619731678127,0.072409591240435223,1,0,0,166,True,0.0088744966226240573,False,False,-1.3475760776189629,1.6531130939443468,0.58186099999999996
1,495,-0.013965551477939653,0.49887500000000001,0.48799999999999999,0.16586021649994914,0.073606367071873957,0,0,0,41,True,0.0089236723977870538,False,False,0.00084786314457791824,1.1837821058171558,0.499774
0.84999999999999998,495,-0.59388909530523615,0.53162500000000001,0.52300000000000002,0.81675405262408396,0.31511944283264071,0,0,0,65,True,0.0088540915145481833,False,False,-0.29333850291300162,1.2098295592007686,0.52929400000000004
0.65000000000000002,495,-1.1559784596250942,0.55900000000000005,0.55400000000000005,0.98223681870071489,0.97863888550603761,0,0,0,72,True,0.0089729789056509895,False,False,-0.79834597969550514,1.3665569892860103,0.56369400000000003
0.5,495,-1.4425278302540476,0.57874999999999999,0.56100000000000005,0.29543927485358457,0.38543498230168538,1,0,0,104,True,0.0085262561938600941,False,False,-1.3475760776189629,1.6531130939443468,0.58186099999999996
1,496,-0.12226973469229405,0.49312499999999998,0.48299999999999998,0.55719934951693051,0.26624632424837541,0,0,0,36,True,0.007726527831941477,False,False,0.00084786314457791824,1.1837821058171558,0.499774
0.84999999999999998,496,-0.56512322959872618,0.52549999999999997,0.51900000000000002,0.51299903985501705,0.44190984595788735,0,0,0,53,True,0.0084853862040962097,False,False,-0.29333850291300162,1.2098295592007686,0.52929400000000004
0.65000000000000002,496,-1.0958906453884911,0.56374999999999997,0.56000000000000005,0.31747347668722631,0.72988135961928668,1,0,0,96,True,0.008415875743217895,False,False,-0.79834597969550514,1.3665569892860103,0.56369400000000003
0.5,496,-1.4105622884912867,0.58637499999999998,0.58099999999999996,0.71441384758649285,0.80795317189324622,1,0,0,146,True,0.0082560326075559031,False,False,-1.3475760776189629,1.6531130939443468,0.58186099999999996
1,497,0.14554501035769321,0.50149999999999995,0.52000000000000002,0.48704907010117549,0.35212101058985901,0,0,0,38,True,0.0085001865607082852,False,False,0.00084786314457791824,1.1837821058171558,0.499774
0.84999999999999998,497,-0.4669909196578087,0.52962500000000001,0.53000000000000003,0.73492775904812513,0.76351971172882516,0,0,0,61,True,0.0085576770317285118,False,False,-0.29333850291300162,1.2098295592007686,0.52929400000000004
0.65000000000000002,497,-1.1151436732263813,0.56587500000000002,0.58999999999999997,0.70083326669431567,0.74979873083711934,1,0,0,80,True,0.008554687692366154,False,False,-0.79834597969550514,1.3665569892860103,0.56369400000000003
0.5,497,-1.4906907440316459,0.58787500000000004,0.60999999999999999,0.88632371133516663,0.64262847745109175,1,0,0,155,True,0.0085494226564421395,False,False,-1.3475760776189629,1.6531130939443468,0.58186099999999996
1,498,0.16810667701007628,0.50112500000000004,0.51000000000000001,0.30327003529219121,0.18624540679609103,0,0,0,51,True,0.0092082128230742445,False,False,0.00084786314457791824,1.1837821058171558,0.499774
0.84999999999999998,498,-0.39645038110769115,0.51987499999999998,0.51700000000000002,0.94616879875981674,0.96917488055258372,0,0,0,55,True,0.0091408444639159009,False,False,-0.29333850291300162,1.2098295592007686,0.52929400000000004
0.65000000000000002,498,-1.0578589765733506,0.56200000000000006,0.56999999999999995,0.90378469404567763,0.72500420716926384,1,0,0,87,True,0.0086834135727617227,False,False,-0.79834597969550514,1.3665569892860103,0.56369400000000003
0.5,498,-1.430598310985471,0.57737499999999997,0.57499999999999996,0.76024680241638276,0.63895877571475346,1,0,0,129,True,0.0086319363009551564,False,False,-1.3475760776189629,1.6531130939443468,0.58186099999999996
1,499,-0.016879226207026189,0.50012500000000004,0.51900000000000002,0.014062828567719626,0.51419013609678565,0,0,0,37,True,0.0081893283947219384,False,False,0.00084786314457791824,1.1837821058171558,0.499774
0.84999999999999998,499,-0.45140888126462209,0.53449999999999998,0.54400000000000004,0.23173192189082617,0.10811247498766316,0,0,0,61,True,0.0081825009254396473,False,False,-0.29333850291300162,1.2098295592007686,0.52929400000000004
0.65000000000000002,499,-1.078990875330782,0.56950000000000001,0.59499999999999997,0.15613791570557209,0.17368414356806602,1,0,0,91,True,0.0085659634768601497,False,False,-0.79834597969550514,1.3665569892860103,0.56369400000000003
0.5,499,-1.4169824955009609,0.583125,0.59799999999999998,0.11600922735862595,0.084946159810875999,1,0,0,153,True,0.0086901610723198342,False,False,-1.3475760776189629,1.6531130939443468,0.58186099999999996
1,500,-0.030728702878474113,0.49562499999999998,0.496,0.33251680664162137,0.043965839000561502,0,0,0,43,True,0.0088603558962581097,False,False,0.00084786314457791824,1.1837821058171558,0.499774
0.84999999999999998,500,-0.53720887427652675,0.51700000000000002,0.54300000000000004,0.11373222802189126,0.23490837069530518,0,0,0,71,True,0.0089224852076050295,False,False,-0.29333850291300162,1.2098295592007686,0.52929400000000004
0.65000000000000002,500,-1.3368509547876721,0.55162500000000003,0.57999999999999996,0.10205448961544018,0.19746705474419529,0,0,0,59,True,0.0081214958654475602,False,False,-0.79834597969550514,1.3665569892860103,0.56369400000000003
0.5,500,-1.6741284932514899,0.57362500000000005,0.59099999999999997,0.8778910735798422,0.82355117203861816,0,0,0,70,True,0.0078415148731193346,False,False,-1.3475760776189629,1.6531130939443468,0.58186099999999996
1,501,-0.030016553334264867,0.50012500000000004,0.496,0.44272889197259835,0.16620279346214475,0,0,0,35,True,0.0074697608516295427,False,False,0.00084786314457791824,1.1837821058171558,0.499774
0.84999999999999998,501,-0.43900892784348572,0.53000000000000003,0.52400000000000002,0.25036792111916673,0.092166578759700649,0,0,0,38,True,0.0072729242745938226,False,False,-0.29333850291300162,1.2098295592007686,0.52929400000000004
0.65000000000000002,501,-0.99357595756486861,0.55662500000000004,0.55700000000000005,0.88765150272116156,0.9136675497785407,0,0,0,56,True,0.0077376950445317335,False,False,-0.79834597969550514,1.3665569892860103,0.56369400000000003
0.5,501,-1.306840110300854,0.57887500000000003,0.56999999999999995,0.82269426695710668,0.89596955645334819,1,0,0,108,True,0.008206649358173522,False,False,-1.3475760776189629,1.6531130939443468,0.58186099999999996
1,502,-0.048284494764272434,0.48749999999999999,0.47699999999999998,0.1520471357845451,0.056786609105469343,0,0,0,41,True,0.0086612607240014756,False,False,0.00084786314457791824,1.1837821058171558,0.499774
0.84999999999999998,502,-0.4962019038470582,0.52375000000000005,0.51800000000000002,0.37054709786183082,0.96994435060256634,0,0,0,43,True,0.0085196466754972385,False,False,-0.29333850291300162,1.2098295592007686,0.52929400000000004
0.65000000000000002,502,-1.0549099860309472,0.56512499999999999,0.56100000000000005,0.60000013063410196,0.76314757797628796,1,0,0,75,True,0.0086255083322322144,False,False,-0.79834597969550514,1.3665569892860103,0.56369400000000003
0.5,502,-1.3524777683324807,0.58925000000000005,0.58699999999999997,0.69874970398238234,0.8650089563103629,1,0,0,143,True,0.008176843251339461,False,False,-1.3475760776189629,1.6531130939443468,0.58186099999999996
1,503,-0.15125753709764139,0.50162499999999999,0.5,0.99541418874868937,0.10213313145769949,0,0,0,34,True,0.0087044170379347221,False,False,0.00084786314457791824,1.1837821058171558,0.499774
0.84999999999999998,503,-0.60378249340543955,0.53637500000000005,0.55900000000000005,0.78525999389496015,0.53588398744115096,0,0,0,64,True,0.0082765553158074476,False,False,-0.29333850291300162,1.2098295592007686,0.52929400000000004
0.65000000000000002,503,-1.2045616730463748,0.56874999999999998,0.57799999999999996,0.20474621176128149,0.056510822629480123,0,0,0,66,True,0.0075971312644489523,False,False,-0.79834597969550514,1.3665569892860103,0.56369400000000003
0.5,503,-1.5005310241767635,0.581125,0.56599999999999995,0.51580700280574887,0.47824541626939854,1,0,0,98,True,0.0076617862312946946,False,False,-1.3475760776189629,1.6531130939443468,0.58186099999999996
1,504,0.0012093736707673428,0.496,0.53100000000000003,0.49538564039770017,0.50933218322291152,0,0,0,41,True,0.008584527051593448,False,False,0.00084786314457791824,1.1837821058171558,0.499774
0.84999999999999998,504,-0.40573206957521357,0.52200000000000002,0.54500000000000004,0.89502797326209682,0.94323456695098196,0,0,0,65,True,0.0087026835869716181,False,False,-0.29333850291300162,1.2098295592007686,0.52929400000000004
0.65000000000000002,504,-0.97186745137424879,0.56187500000000001,0.57999999999999996,0.19857652893456559,0.223065933776113,1,0,0,81,True,0.0091382799636355282,False,False,-0.79834597969550514,1.3665569892860103,0.56369400000000003
0.5,504,-1.2642726823266404,0.57837499999999997,0.58199999999999996,0.50671868995828651,0.63610719118125858,1,0,0,150,True,0.0088705034633035085,False,False,-1.3475760776189629,1.6531130939443468,0.58186099999999996
1,505,-0.071144198888760071,0.49112499999999998,0.48899999999999999,0.96545974752224439,0.51284260201499943,0,0,0,44,True,0.0078126696018792456,False,False,0.00084786314457791824,1.1837821058171558,0.499774
0.84999999999999998,505,-0.54227131158132913,0.52300000000000002,0.52900000000000003,0.86124015831030021,0.23909726461613032,0,0,0,49,True,0.0078750306053191454,False,False,-0.29333850291300162,1.2098295592007686,0.52929400000000004
0.65000000000000002,505,-1.0917250102674605,0.55937499999999996,0.55800000000000005,0.072269025213975588,0.073481250437945747,0,0,0,57,True,0.0077632956465863885,False,False,-0.79834597969550514,1.3665569892860103,0.56369400000000003
0.5,505,-1.3687900938317012,0.58074999999999999,0.59499999999999997,0.46902278517199714,0.57975524759451935,1,0,0,96,True,0.0080098042666033372,False,False,-1.3475760776189629,1.6531130939443468,0.58186099999999996
1,506,-0.031409002731248997,0.51137500000000002,0.502,0.9027589369621758,0.91209981758467651,0,0,0,49,True,0.0086400192803139219,False,False,0.00084786314457791824,1.1837821058171558,0.499774
0.84999999999999998,506,-0.45531997546502662,0.53549999999999998,0.52000000000000002,0.69713512056329163,0.99114870580570202,1,0,0,87,True,0.0087142021012645201,False,False,-0.29333850291300162,1.2098295592007686,0.52929400000000004
0.65000000000000002,506,-1.0398665695551064,0.57012499999999999,0.55400000000000005,0.93652361731465816,0.94627162044631996,1,0,0,97,True,0.0082344405540666996,False,False,-0.79834597969550514,1.3665569892860103,0.56369400000000003
0.5,506,-1.3774668893722011,0.58825000000000005,0.57299999999999995,0.77854596054392089,0.69410404611622178,1,0,0,131,True,0.0082585957787660973,False,False,-1.3475760776189629,1.6531130939443468,0.58186099999999996
1,507,-0.017221150501305686,0.50449999999999995,0.49099999999999999,0.49816316854980491,0.18998905341926506,0,0,0,57,True,0.0083497439135095386,False,False,0.00084786314457791824,1.1837821058171558,0.499774
0.84999999999999998,507,-0.49483974752932625,0.53587499999999999,0.53300000000000003,0.13088304268070222,0.13675630607779365,0,0,0,66,True,0.0083730888301987005,False,False,-0.29333850291300162,1.2098295592007686,0.52929400000000004
0.65000000000000002,507,-1.1710182416731187,0.56925000000000003,0.57399999999999995,0.21572237087521312,0.42691217003586374,0,0,0,74,True,0.0080355240500201153,False,False,-0.79834597969550514,1.3665569892860103,0.56369400000000003
0.5,507,-1.546361460703956,0.58762499999999995,0.58799999999999997,0.57462824375016019,0.52338502142771059,1,0,0,109,True,0.0082048414248398344,False,False,-1.3475760776189629,1.6531130939443468,0.58186099999999996
1,508,0.049348113648644165,0.50712500000000005,0.48399999999999999,0.81965871952606006,0.9002845090186844,0,0,0,46,True,0.0081496894034273383,False,False,0.00084786314457791824,1.1837821058171558,0.499774
0.84999999999999998,508,-0.37168208006911529,0.53037500000000004,0.50700000000000001,0.52239483712887247,0.39191464668032522,0,0,0,64,True,0.0082328209028528863,False,False,-0.29333850291300162,1.2098295592007686,0.52929400000000004
0.65000000000000002,508,-0.97970198747253501,0.56587500000000002,0.55700000000000005,0.33570505479244755,0.66536251023740611,0,0,0,67,True,0.0087223561686780322,False,False,-0.79834597969550514,1.3665569892860103,0.56369400000000003
0.5,508,-1.3046615260306091,0.58237499999999998,0.56200000000000006,0.18301695623226705,0.063175425131847332,1,0,0,141,True,0.0081259308364809574,False,False,-1.3475760776189629,1.6531130939443468,0.58186099999999996
1,509,-0.031156661829873158,0.49875000000000003,0.50700000000000001,0.86273419009738173,0.84660901887929174,0,0,0,39,True,0.0083268557908435341,False,False,0.00084786314457791824,1.1837821058171558,0.499774
0.84999999999999998,509,-0.49012037948095599,0.52249999999999996,0.53600000000000003,0.16480235238023686,0.031535762014739385,0,0,0,55,True,0.0085488406593439061,False,False,-0.29333850291300162,1.2098295592007686,0.52929400000000004
0.65000000000000002,509,-1.0885303107426672,0.55825000000000002,0.57999999999999996,0.39883665590912371,0.19586069707395973,0,0,0,73,True,0.0085552864310100007,False,False,-0.79834597969550514,1.3665569892860103,0.56369400000000003
0.5,509,-1.4444553410464012,0.57537499999999997,0.59499999999999997,0.63225933125783906,0.70471799776427135,1,0,0,89,True,0.0087684670211307172,False,False,-1.3475760776189629,1.6531130939443468,0.58186099999999996
1,510,-0.049243742005678978,0.50449999999999995,0.495,0.24609870865128516,0.70334968204543036,0,0,0,40,True,0.0079852574592576518,False,False,0.00084786314457791824,1.1837821058171558,0.499774
0.84999999999999998,510,-0.53326742938502181,0.53700000000000003,0.53300000000000003,0.44615855691730705,0.28233472586104758,0,0,0,51,True,0.0083217380959373453,False,False,-0.29333850291300162,1.2098295592007686,0.52929400000000004
0.65000000000000002,510,-1.0743774829378041,0.56937499999999996,0.56499999999999995,0.73783275129715098,0.62980370748877967,1,0,0,83,True,0.0087963057176566051,False,False,-0.79834597969550514,1.3665569892860103,0.56369400000000003
0.5,510,-1.399082808163441,0.582125,0.58999999999999997,0.929769020700973,0.75749553885683607,1,0,0,154,True,0.0088682324120687925,False,False,-1.3475760776189629,1.6531130939443468,0.58186099999999996
1,511,-0.0014020173992376895,0.50375000000000003,0.47499999999999998,0.73943311173664528,0.61991813681599661,0,0,0,42,True,0.0078749980132959731,False,False,0.00084786314457791824,1.1837821058171558,0.499774
0.84999999999999998,511,-0.4531637193901536,0.53700000000000003,0.51200000000000001,0.4829011964743235,0.76789110016116546,0,0,0,64,True,0.0079711731362144995,False,False,-0.29333850291300162,1.2098295592007686,0.52929400000000004
0.65000000000000002,511,-1.2087225065395977,0.56674999999999998,0.54500000000000004,0.1489129016831009,0.16339850442408896,1,0,0,135,True,0.0081674694024690096,False,False,-0.79834597969550514,1.3665569892860103,0.56369400000000003
0.5,511,-1.5151776922430988,0.58174999999999999,0.58299999999999996,0.22314215448807534,0.22194922929670768,1,0,0,115,True,0.0086134740138091061,False,False,-1.3475760776189629,1.6531130939443468,0.58186099999999996
1,512,-0.37784407089380623,0.49637500000000001,0.51400000000000001,0.1248284972351824,0.26380741514210659,0,0,0,37,True,0.007971402445676963,False,False,0.00084786314457791824,1.1837821058171558,0.499774
0.84999999999999998,512,-0.98019126569067216,0.53800000000000003,0.55200000000000005,0.9138105990151546,0.8263306140375557,0,0,0,64,True,0.0082863188540115203,False,False,-0.29333850291300162,1.2098295592007686,0.52929400000000004
0.65000000000000002,512,-1.7756312177592182,0.56825000000000003,0.55400000000000005,0.80712573468828075,0.94862868643617959,1,0,0,80,True,0.0089206746637783101,False,False,-0.79834597969550514,1.3665569892860103,0.56369400000000003
0.5,512,-2.226499089653625,0.58087500000000003,0.57199999999999995,0.76495578247032048,0.57624133602528405,1,0,0,124,True,0.0085898173481578546,False,False,-1.3475760776189629,1.6531130939443468,0.58186099999999996
1,513,-0.072384428870633122,0.49737500000000001,0.48699999999999999,0.89535574760388148,0.81106393793509368,0,0,0,42,True,0.0081109857128310453,False,False,0.00084786314457791824,1.1837821058171558,0.499774
0.84999999999999998,513,-0.52131688617684979,0.53225,0.53900000000000003,0.95345644787434269,0.99832014935087998,0,0,0,73,True,0.0082826552584371778,False,False,-0.29333850291300162,1.2098295592007686,0.52929400000000004
0.65000000000000002,513,-1.017116600666286,0.57537499999999997,0.56799999999999995,0.1630445493715941,0.25245591656279459,0,0,0,69,True,0.0082041149753358123,False,False,-0.79834597969550514,1.3665569892860103,0.56369400000000003
0.5,513,-1.3076852936005117,0.58050000000000002,0.57899999999999996,0.58130406967955217,0.51433115679300001,1,0,0,77,True,0.0086307476325426392,False,False,-1.3475760776189629,1.6531130939443468,0.58186099999999996
1,514,0.18731191721742693,0.50049999999999994,0.51800000000000002,0.81198258182450223,0.82833423726397393,0,0,0,50,True,0.00830118512320022,False,False,0.00084786314457791824,1.1837821058171558,0.499774
0.84999999999999998,514,-0.44725374567480691,0.53474999999999995,0.54300000000000004,0.44576787051437222,0.16644425362438864,0,0,0,57,True,0.008396551169023856,False,False,-0.29333850291300162,1.2098295592007686,0.52929400000000004
0.65000000000000002,514,-1.0668735101424054,0.56774999999999998,0.57199999999999995,0.98660244711932066,0.96465544832629635,1,0,0,106,True,0.0088552407683926866,False,False,-0.79834597969550514,1.3665569892860103,0.56369400000000003
0.5,514,-1.3931462784024939,0.59087500000000004,0.58699999999999997,0.93027632093126589,0.89811052634847433,1,0,0,165,True,0.008218611222556356,False,False,-1.3475760776189629,1.6531130939443468,0.58186099999999996
1,515,-0.055962956073840185,0.498,0.497,0.5397543001556302,0.7966161452080387,0,0,0,48,True,0.0081119885273131902,False,False,0.00084786314457791824,1.1837821058171558,0.499774
0.84999999999999998,515,-0.47044448305328745,0.53112499999999996,0.53600000000000003,0.73166540412894554,0.26308734324334665,0,0,0,71,True,0.0077069840696817023,False,False,-0.29333850291300162,1.2098295592007686,0.52929400000000004
0.65000000000000002,515,-0.97977162050682587,0.57087500000000002,0.57499999999999996,0.70456834579780014,0.87515648690907932,1,0,0,147,True,0.0077285828514184977,False,False,-0.79834597969550514,1.3665569892860103,0.56369400000000003
0.5,515,-1.285598944941033,0.59175,0.58899999999999997,0.80799459139219687,0.84796011108166369,1,0,0,217,True,0.008536123414585782,False,False,-1.3475760776189629,1.6531130939443468,0.58186099999999996
1,516,-0.006548899210310757,0.50187499999999996,0.50700000000000001,0.85172702887829266,0.9013815192472685,0,0,0,38,True,0.0087178001444218733,False,False,0.00084786314457791824,1.1837821058171558,0.499774
0.84999999999999998,516,-0.42925834338835878,0.53112499999999996,0.53300000000000003,0.77699857415585671,0.86829781700582853,0,0,0,72,True,0.0088041806463757845,False,False,-0.29333850291300162,1.2098295592007686,0.52929400000000004
0.65000000000000002,516,-1.0350608022036067,0.56625000000000003,0.55800000000000005,0.22456189897820142,0.23854682426274113,0,0,0,66,True,0.0090540493832862255,False,False,-0.79834597969550514,1.3665569892860103,0.56369400000000003
0.5,516,-1.3405000518930259,0.58162499999999995,0.57799999999999996,0.11987054604082749,0.11899720516936228,1,0,0,175,True,0.008976970658098939,False,False,-1.3475760776189629,1.6531130939443468,0.58186099999999996
1,517,-0.026403517553582848,0.485875,0.504,0.73198812907345812,0.59594617458235988,0,0,0,54,True,0.008554073638987714,False,False,0.00084786314457791824,1.1837821058171558,0.499774
0.84999999999999998,517,-0.47677110801265504,0.512625,0.53300000000000003,0.60181857346688039,0.38263211682691028,0,0,0,55,True,0.0085716406212678689,False,False,-0.29333850291300162,1.2098295592007686,0.52929400000000004
0.65000000000000002,517,-1.0644147764277889,0.54700000000000004,0.56499999999999995,0.38454444389017445,0.46821184920171688,0,0,0,71,True,0.0080731181490450235,False,False,-0.79834597969550514,1.3665569892860103,0.56369400000000003
0.5,517,-1.4206388642254446,0.56874999999999998,0.57699999999999996,0.68519854382520695,0.90406974046418886,1,0,0,109,True,0.0083211570372393531,False,False,-1.3475760776189629,1.6531130939443468,0.58186099999999996
1,518,-0.069861843407055216,0.49762499999999998,0.502,0.13865772947156577,0.6746070851938698,0,0,0,41,True,0.0075334959995705681,False,False,0.00084786314457791824,1.1837821058171558,0.499774
0.84999999999999998,518,-0.48681827635666991,0.52562500000000001,0.53400000000000003,0.27158261970657133,0.8827637674037796,0,0,0,42,True,0.0077324679198444712,False,False,-0.29333850291300162,1.2098295592007686,0.52929400000000004
0.65000000000000002,518,-1.1329689846342212,0.56674999999999998,0.57599999999999996,0.22061143397661334,0.19577663427056752,0,0,0,69,True,0.0078986997358699625,False,False,-0.79834597969550514,1.3665569892860103,0.56369400000000003
0.5,518,-1.4400131141200672,0.57937499999999997,0.58099999999999996,0.42361040727686267,0.48860825819454623,1,0,0,83,True,0.0082881296525017158,False,False,-1.3475760776189629,1.6531130939443468,0.58186099999999996
1,519,0.0033941787973193055,0.49562499999999998,0.49399999999999999,0.45818961702738092,0.60120428666428416,0,0,0,52,True,0.0087731604925113844,False,False,0.00084786314457791824,1.1837821058171558,0.499774
0.84999999999999998,519,-0.5433532544737647,0.52312499999999995,0.52800000000000002,0.81439704807298863,0.63239807845192242,0,0,0,70,True,0.0086681181594963474,False,False,-0.29333850291300162,1.2098295592007686,0.52929400000000004
0.65000000000000002,519,-1.1789911144060965,0.55449999999999999,0.55900000000000005,0.84448532412080546,0.85011914794453913,0,0,0,66,True,0.0088455147586782405,False,False,-0.79834597969550514,1.3665569892860103,0.56369400000000003
0.5,519,-1.5463691836487774,0.57774999999999999,0.56999999999999995,0.18627213165617321,0.50570497016166638,1,0,0,81,True,0.0085229194852337771,False,False,-1.3475760776189629,1.6531130939443468,0.58186099999999996
1,520,0.011958798306423876,0.49587500000000001,0.49299999999999999,0.848214070490514,0.9990526533682722,0,0,0,54,True,0.0090698106483580367,False,False,0.00084786314457791824,1.1837821058171558,0.499774
0.84999999999999998,520,-0.39942002560483369,0.53425,0.52900000000000003,0.82900002431453201,0.75096912871715604,0,0,0,48,True,0.0091422286298878247,False,False,-0.29333850291300162,1.2098295592007686,0.52929400000000004
0.65000000000000002,520,-0.93793462301855601,0.56625000000000003,0.56399999999999995,0.15584412248254595,0.17775232169697286,0,0,0,59,True,0.0086344860953865114,False,False,-0.79834597969550514,1.3665569892860103,0.56369400000000003
0.5,520,-1.224177833435514,0.57550000000000001,0.58299999999999996,0.18023673915474353,0.15386659893915219,0,0,0,71,True,0.0083910340714073595,False,False,-1.3475760776189629,1.6531130939443468,0.58186099999999996
1,521,0.067342498124749336,0.51012500000000005,0.504,0.78015296287787295,0.51545434041316374,0,0,0,64,True,0.0085958616608648591,False,False,0.00084786314457791824,1.1837821058171558,0.499774
0.84999999999999998,521,-0.46303618008029451,0.53525,0.52400000000000002,0.32110937896195962,0.095709600074812051,0,0,0,52,True,0.0089406756250532023,False,False,-0.29333850291300162,1.2098295592007686,0.52929400000000004
0.65000000000000002,521,-1.0605240916225946,0.56425000000000003,0.56699999999999995,0.75762619283165256,0.64491712188817574,0,0,0,74,True,0.008794131914327671,False,False,-0.79834597969550514,1.3665569892860103,0.56369400000000003
0.5,521,-1.4079576814028205,0.58250000000000002,0.58699999999999997,0.23308669151160469,0.29718083836431697,1,0,0,82,True,0.0081835719889887526,False,False,-1.3475760776189629,1.6531130939443468,0.58186099999999996
1,522,-0.050565283979001827,0.50212500000000004,0.504,0.34042147411645379,0.478603814873371,0,0,0,43,True,0.0082669740068976542,False,False,0.00084786314457791824,1.1837821058171558,0.499774
0.84999999999999998,522,-0.5055986270533438,0.52912499999999996,0.54500000000000004,0.78994026476089862,0.61805396911075827,0,0,0,47,True,0.0081586617480689239,False,False,-0.29333850291300162,1.2098295592007686,0.52929400000000004
0.65000000000000002,522,-1.1013004897537717,0.56574999999999998,0.57699999999999996,0.59322533810019418,0.52869290527050894,1,0,0,100,True,0.0086841034676830228,False,False,-0.79834597969550514,1.3665569892860103,0.56369400000000003
0.5,522,-1.4397835258084419,0.58150000000000002,0.59399999999999997,0.041092893693694454,0.049737466179189692,1,0,0,151,True,0.0081776528502556754,False,False,-1.3475760776189629,1.6531130939443468,0.58186099999999996
1,523,0.13672809571688874,0.49325000000000002,0.497,0.74480045796797334,0.24554124221983348,0,0,0,43,True,0.0086306414084560256,False,False,0.00084786314457791824,1.1837821058171558,0.499774
0.84999999999999998,523,-0.33894372743336421,0.52612499999999995,0.53100000000000003,0.5855632134960429,0.66826980219484744,0,0,0,41,True,0.0087149276587716352,False,False,-0.29333850291300162,1.2098295592007686,0.52929400000000004
0.65000000000000002,523,-1.0584427162435306,0.55825000000000002,0.54200000000000004,0.55369568120479817,0.29575981969171544,1,0,0,104,True,0.0084686661786654224,False,False,-0.79834597969550514,1.3665569892860103,0.56369400000000003
0.5,523,-1.4039817109319028,0.582125,0.57399999999999995,0.7320028159215346,0.76595759734338009,1,0,0,167,True,0.0086583290288504665,False,False,-1.3475760776189629,1.6531130939443468,0.58186099999999996
1,524,-0.047546139160749963,0.50575000000000003,0.5,0.22870803159707334,0.086021190952545235,0,0,0,44,True,0.0085434537779561642,False,False,0.00084786314457791824,1.1837821058171558,0.499774
0.84999999999999998,524,-0.48149341902531095,0.53025,0.55000000000000004,0.61168212842041392,0.26083438969001399,0,0,0,64,True,0.008530936939524893,False,False,-0.29333850291300162,1.2098295592007686,0.52929400000000004
0.65000000000000002,524,-1.1031443448743521,0.56762500000000005,0.58199999999999996,0.32657621069507381,0.19468015877563472,0,0,0,72,True,0.0085581821420479889,False,False,-0.79834597969550514,1.3665569892860103,0.56369400000000003
0.5,524,-1.387123727951086,0.58525000000000005,0.59599999999999997,0.58149291346254961,0.47687534986706137,1,0,0,109,True,0.0081697831063775803,False,False,-1.3475760776189629,1.6531130939443468,0.58186099999999996
1,525,-0.10759865047882043,0.49637500000000001,0.503,0.783584024307588,0.49219198184556712,0,0,0,40,True,0.0084215889657969483,False,False,0.00084786314457791824,1.1837821058171558,0.499774
0.84999999999999998,525,-0.56983005276598608,0.52149999999999996,0.52100000000000002,0.71792949104368786,0.19702767273670474,0,0,0,39,True,0.0084305032814409736,False,False,-0.29333850291300162,1.2098295592007686,0.52929400000000004
0.65000000000000002,525,-1.1759878525552996,0.56299999999999994,0.56599999999999995,0.90477649017885231,0.93672211590057131,0,0,0,63,True,0.0079862060508002902,False,False,-0.79834597969550514,1.3665569892860103,0.56369400000000003
0.5,525,-1.4905167473955705,0.58174999999999999,0.57999999999999996,0.65440804220448323,0.64744769012006798,1,0,0,100,True,0.0082201505725315299,False,False,-1.3475760776189629,1.6531130939443468,0.58186099999999996
1,526,-0.13881923341048394,0.49587500000000001,0.46400000000000002,0.75863712053211196,0.53636628295378874,0,0,0,48,True,0.0080613588472763752,False,False,0.00084786314457791824,1.1837821058171558,0.499774
0.84999999999999998,526,-0.56717976707494455,0.52862500000000001,0.501,0.95402640738036415,0.87824248148272244,0,0,0,44,True,0.0079865327211354632,False,False,-0.29333850291300162,1.2098295592007686,0.52929400000000004
0.65000000000000002,526,-1.1861245989051559,0.56887500000000002,0.55300000000000005,0.21465104233832108,0.30744518422711647,1,0,0,96,True,0.0084657153005699773,False,False,-0.79834597969550514,1.3665569892860103,0.56369400000000003
0.5,526,-1.5606674553305746,0.58725000000000005,0.58299999999999996,0.70881252303755105,0.75623062409388564,1,0,0,159,True,0.0087909334948061135,False,False,-1.3475760776189629,1.6531130939443468,0.58186099999999996
1,527,0.052710720219671603,0.50349999999999995,0.52000000000000002,0.99368777949868425,0.6945160722206104,0,0,0,36,True,0.0087133286913412215,False,False,0.00084786314457791824,1.1837821058171558,0.499774
0.84999999999999998,527,-0.37999326195823818,0.53012499999999996,0.52800000000000002,0.63158698097376309,0.65223830614962663,0,0,0,40,True,0.0085177112353594566,False,False,-0.29333850291300162,1.2098295592007686,0.52929400000000004
0.65000000000000002,527,-0.9451733262672235,0.56850000000000001,0.55900000000000005,0.28827383088338415,0.2752359579776924,1,0,0,109,True,0.0085417811845257454,False,False,-0.79834597969550514,1.3665569892860103,0.56369400000000003
0.5,527,-1.4276316298388776,0.58650000000000002,0.57399999999999995,0.903314013403129,0.93303184494528857,1,0,0,168,True,0.0085053745563631062,False,False,-1.3475760776189629,1.6531130939443468,0.58186099999999996
1,528,0.11112273010215491,0.50612500000000005,0.51800000000000002,0.25716233293194868,0.62314102315701014,0,0,0,35,True,0.0088405052247316797,False,False,0.00084786314457791824,1.1837821058171558,0.499774
0.84999999999999998,528,-0.3951539577835988,0.52962500000000001,0.54300000000000004,0.59427204089689156,0.020374803751595765,0,0,0,57,True,0.0090393779466526221,False,False,-0.29333850291300162,1.2098295592007686,0.52929400000000004
0.65000000000000002,528,-1.0812764141309725,0.56162500000000004,0.57299999999999995,0.71135925527690014,0.45042687611884363,1,0,0,88,True,0.0091071150895445912,False,False,-0.79834597969550514,1.3665569892860103,0.56369400000000003
0.5,528,-1.4052481724873365,0.58450000000000002,0.59599999999999997,0.88191813995249491,0.93068905637359989,1,0,0,118,True,0.0089288676813340708,False,False,-1.3475760776189629,1.6531130939443468,0.58186099999999996
1,529,-0.26526464029267427,0.50600000000000001,0.503,0.81277148080736239,0.31975779718220365,0,0,0,45,True,0.0085022883375630784,False,False,0.00084786314457791824,1.1837821058171558,0.499774
0.84999999999999998,529,-0.85359189745113906,0.53212499999999996,0.51500000000000001,0.28529985970520655,0.87401853316542066,0,0,0,61,True,0.0088981220233445377,False,False,-0.29333850291300162,1.2098295592007686,0.52929400000000004
0.65000000000000002,529,-1.5445093462750761,0.57087500000000002,0.56200000000000006,0.90435153632414234,0.82591113800217597,1,0,0,114,True,0.0089149942213364794,False,False,-0.79834597969550514,1.3665569892860103,0.56369400000000003
0.5,529,-1.8922099907530676,0.58887500000000004,0.58199999999999996,0.80907662651546197,0.7995134424347986,1,0,0,184,True,0.0089924635168326644,False,False,-1.3475760776189629,1.6531130939443468,0.58186099999999996
1,530,0.064743400559159087,0.50712500000000005,0.51000000000000001,0.18603324016277464,0.44491940060777802,0,0,0,45,True,0.0085227956090969878,False,False,0.00084786314457791824,1.1837821058171558,0.499774
0.84999999999999998,530,-0.38130544350145207,0.53749999999999998,0.54400000000000004,0.57672166158605798,0.70218028213178163,0,0,0,57,True,0.0085987618410801117,False,False,-0.29333850291300162,1.2098295592007686,0.52929400000000004
0.65000000000000002,530,-1.0025419384215402,0.573125,0.57999999999999996,0.0641178228250808,0.10637348985296356,1,0,0,76,True,0.0084379466254235827,False,False,-0.79834597969550514,1.3665569892860103,0.56369400000000003
0.5,530,-1.3117468282682607,0.58412500000000001,0.60599999999999998,0.39263931324060702,0.40412762104322619,1,0,0,131,True,0.0085588987662297798,False,False,-1.3475760776189629,1.6531130939443468,0.58186099999999996
1,531,0.064664515726020305,0.49812499999999998,0.51600000000000001,0.14617040314977273,0.11281469352635194,0,0,0,41,True,0.0088393439975070955,False,False,0.00084786314457791824,1.1837821058171558,0.499774
0.84999999999999998,531,-0.41871560323521451,0.52637500000000004,0.55100000000000005,0.2333495443041716,0.46873230254852705,0,0,0,46,True,0.0085759111593159774,False,False,-0.29333850291300162,1.2098295592007686,0.52929400000000004
0.65000000000000002,531,-1.0887864249038588,0.56287500000000001,0.56999999999999995,0.47191079779223666,0.56120077801478763,1,0,0,93,True,0.008985688685686638,False,False,-0.79834597969550514,1.3665569892860103,0.56369400000000003
0.5,531,-1.4055665417987402,0.57974999999999999,0.57199999999999995,0.51653412333584769,0.64267557328831426,1,0,0,136,True,0.0088571968976407442,False,False,-1.3475760776189629,1.6531130939443468,0.58186099999999996
1,532,0.033731566449541825,0.49487500000000001,0.501,0.51274246958905123,0.33887512470793674,0,0,0,47,True,0.0087646544969934449,False,False,0.00084786314457791824,1.1837821058171558,0.499774
0.84999999999999998,532,-0.48026128142856211,0.53649999999999998,0.54600000000000004,0.14157933666754316,0.22637645706907888,0,0,0,48,True,0.0087569170067040396,False,False,-0.29333850291300162,1.2098295592007686,0.52929400000000004
0.65000000000000002,532,-1.0514125533907828,0.56612499999999999,0.55500000000000005,0.82714883795732186,0.71281225719657382,1,0,0,94,True,0.0088357786743164489,False,False,-0.79834597969550514,1.3665569892860103,0.56369400000000003
0.5,532,-1.3955437647277731,0.59025000000000005,0.58199999999999996,0.9959167440469705,0.99909310926014872,1,0,0,105,True,0.0086842421662488307,False,False,-1.3475760776189629,1.6531130939443468,0.58186099999999996
1,533,0.034794666554640717,0.502,0.51400000000000001,0.21238538115207375,0.024308477875511873,0,0,0,58,True,0.00783771450056398,False,False,0.00084786314457791824,1.1837821058171558,0.499774
0.84999999999999998,533,-0.42316114479612826,0.52749999999999997,0.53100000000000003,0.00796996969306632,0.07586712643404829,0,0,0,54,True,0.00802590022540761,False,False,-0.29333850291300162,1.2098295592007686,0.52929400000000004
0.65000000000000002,533,-1.0642031170146504,0.55862500000000004,0.56000000000000005,0.16797407940669401,0.18227568931619936,1,0,0,77,True,0.0079274155034534301,False,False,-0.79834597969550514,1.3665569892860103,0.56369400000000003
0.5,533,-1.4191903877482404,0.57999999999999996,0.57199999999999995,0.35536238486609589,0.28149832192115437,1,0,0,125,True,0.0081817784212411225,False,False,-1.3475760776189629,1.6531130939443468,0.58186099999999996
1,534,-0.0026706977532375371,0.49425000000000002,0.52300000000000002,0.47359514363618405,0.81503403985449741,0,0,0,46,True,0.0084338955122114471,False,False,0.00084786314457791824,1.1837821058171558,0.499774
0.84999999999999998,534,-0.41801542461813362,0.52187499999999998,0.53200000000000003,0.90031133243470185,0.47944687550464993,0,0,0,73,True,0.0085411731420716383,False,False,-0.29333850291300162,1.2098295592007686,0.52929400000000004
0.65000000000000002,534,-0.96107856137922065,0.55800000000000005,0.55900000000000005,0.78313659350481191,0.42287316287127674,0,0,0,53,True,0.0081508956043048562,False,False,-0.79834597969550514,1.3665569892860103,0.56369400000000003
0.5,534,-1.2644720540640737,0.58025000000000004,0.59999999999999998,0.42238716155624423,0.43770797065486,1,0,0,100,True,0.0086493131165346557,False,False,-1.3475760776189629,1.6531130939443468,0.58186099999999996
1,535,-0.048965880114246289,0.50700000000000001,0.499,0.60288784819672281,0.8689623459105914,0,0,0,44,True,0.0084495862017742538,False,False,0.00084786314457791824,1.1837821058171558,0.499774
0.84999999999999998,535,-0.52949139517964949,0.53400000000000003,0.52500000000000002,0.1919428034557,0.32140692995848569,0,0,0,38,True,0.0087065475601601459,False,False,-0.29333850291300162,1.2098295592007686,0.52929400000000004
0.65000000000000002,535,-1.1159852852488243,0.56374999999999997,0.56999999999999995,0.48900959734041216,0.34645133035160464,0,0,0,58,True,0.0083550659380201547,False,False,-0.79834597969550514,1.3665569892860103,0.56369400000000003
0.5,535,-1.4533673263111246,0.58350000000000002,0.58299999999999996,0.30064830571831003,0.2711224767749848,1,0,0,114,True,0.0085777667227327978,False,False,-1.3475760776189629,1.6531130939443468,0.58186099999999996
1,536,0.12857959978247732,0.50637500000000002,0.502,0.1187640360363892,0.5479907851465351,0,0,0,46,True,0.0082439795280617404,False,False,0.00084786314457791824,1.1837821058171558,0.499774
0.84999999999999998,536,-0.33051105560172045,0.53687499999999999,0.54300000000000004,0.6846580774388612,0.82809459116589845,0,0,0,55,True,0.0085012124634385369,False,False,-0.29333850291300162,1.2098295592007686,0.52929400000000004
0.65000000000000002,536,-1.0321934913008577,0.5625,0.55600000000000005,0.69048693352646251,0.60152149121936005,1,0,0,85,True,0.0084547110732386965,False,False,-0.79834597969550514,1.3665569892860103,0.56369400000000003
0.5,536,-1.3719837693531036,0.57462500000000005,0.57699999999999996,0.7776618857511427,0.70565042607832351,1,0,0,111,True,0.008255570639727941,False,False,-1.3475760776189629,1.6531130939443468,0.58186099999999996
1,537,0.057940829079111231,0.50637500000000002,0.503,0.52146016207241164,0.30518634055796606,0,0,0,68,True,0.0085243231043560432,False,False,0.00084786314457791824,1.1837821058171558,0.499774
0.84999999999999998,537,-0.36310098745903274,0.53149999999999997,0.54300000000000004,0.53190996376910982,0.95216947704431032,0,0,0,54,True,0.0082623654698988792,False,False,-0.29333850291300162,1.2098295592007686,0.52929400000000004
0.65000000000000002,537,-0.97449425435638737,0.56462500000000004,0.59199999999999997,0.71633407479150546,0.79055591888058863,1,0,0,81,True,0.0085118178829605724,False,False,-0.79834597969550514,1.3665569892860103,0.56369400000000003
0.5,537,-1.3708114283440525,0.583125,0.60199999999999998,0.90048155646511741,0.91051866395786496,1,0,0,87,True,0.0082216428560370324,False,False,-1.3475760776189629,1.6531130939443468,0.58186099999999996
1,538,0.080762462227656276,0.50149999999999995,0.53400000000000003,0.82297123266919447,0.64129103686115729,0,0,0,36,True,0.0076260515199744108,False,False,0.00084786314457791824,1.1837821058171558,0.499774
0.84999999999999998,538,-0.40443275012969232,0.53187499999999999,0.54500000000000004,0.27419933756010745,0.23077224283253225,0,0,0,53,True,0.007869220214630308,False,False,-0.29333850291300162,1.2098295592007686,0.52929400000000004
0.65000000000000002,538,-1.0680356513074767,0.56399999999999995,0.58999999999999997,0.80799624573115336,0.66966226099192294,1,0,0,102,True,0.0082551406461022266,False,False,-0.79834597969550514,1.3665569892860103,0.56369400000000003
0.5,538,-1.4054402606843597,0.58287500000000003,0.60899999999999999,0.69220288278403674,0.77958318668712723,1,0,0,132,True,0.0076617235261156619,False,False,-1.3475760776189629,1.6531130939443468,0.58186099999999996
1,539,0.094970929565239642,0.50075000000000003,0.504,0.35974278074060728,0.86435620620908848,0,0,0,45,True,0.0081090154125843996,False,False,0.00084786314457791824,1.1837821058171558,0.499774
0.84999999999999998,539,-0.35124845666610249,0.52900000000000003,0.52600000000000002,0.64246053750280785,0.66685380650467463,0,0,0,45,True,0.0081641751234649042,False,False,-0.29333850291300162,1.2098295592007686,0.52929400000000004
0.65000000000000002,539,-0.94426471718924454,0.56937499999999996,0.55900000000000005,0.36499298867011348,0.65892331582743913,1,0,0,122,True,0.0081994966119953334,False,False,-0.79834597969550514,1.3665569892860103,0.56369400000000003
0.5,539,-1.4509074371793311,0.58899999999999997,0.56999999999999995,0.035097772321537705,0.1424571411471994,1,0,0,139,True,0.007787802757616087,False,False,-1.3475760776189629,1.6531130939443468,0.58186099999999996
1,540,-0.042228515431279832,0.50800000000000001,0.52400000000000002,0.2936124794085801,0.58149237961110001,0,0,0,41,True,0.0077792500891743378,False,False,0.00084786314457791824,1.1837821058171558,0.499774
0.84999999999999998,540,-0.52305388881428327,0.53612499999999996,0.55700000000000005,0.73528970503469826,0.057684351168801211,0,0,0,55,True,0.007969742127391384,False,False,-0.29333850291300162,1.2098295592007686,0.52929400000000004
0.65000000000000002,540,-1.1420219375717835,0.57362500000000005,0.58899999999999997,0.98665953153753683,0.98851528383174603,1,0,0,105,True,0.0084488202257175966,False,False,-0.79834597969550514,1.3665569892860103,0.56369400000000003
0.5,540,-1.4848023594914064,0.59325000000000006,0.60299999999999998,0.95191277230559757,0.54974126325882777,1,0,0,153,True,0.0084835239780511069,False,False,-1.3475760776189629,1.6531130939443468,0.58186099999999996
1,541,0.04456934760894371,0.49312499999999998,0.499,0.85559790490813659,0.31404637972874372,0,0,0,54,True,0.0085811562912108275,False,False,0.00084786314457791824,1.1837821058171558,0.499774
0.84999999999999998,541,-0.35448144614999844,0.52887499999999998,0.53600000000000003,0.99167709528126746,0.91054150792259947,0,0,0,47,True,0.0085920300740662016,False,False,-0.29333850291300162,1.2098295592007686,0.52929400000000004
0.65000000000000002,541,-0.94383583628625534,0.56899999999999995,0.56299999999999994,0.46199235891579404,0.74486435602651691,1,0,0,84,True,0.0083558406217006734,False,False,-0.79834597969550514,1.3665569892860103,0.56369400000000003
0.5,541,-1.3183093926096185,0.58362499999999995,0.58499999999999996,0.032558309127641807,0.036677528995035395,1,0,0,99,True,0.0086371253209230458,False,False,-1.3475760776189629,1.6531130939443468,0.58186099999999996
1,542,0.00048923439624266581,0.502,0.48799999999999999,0.065451406461411454,0.56541371628552484,0,0,0,42,True,0.0086923631609508688,False,False,0.00084786314457791824,1.1837821058171558,0.499774
0.84999999999999998,542,-0.38441865704188893,0.52600000000000002,0.51200000000000001,0.23366285327681252,0.40978793491955995,0,0,0,38,True,0.0086464159862312314,False,False,-0.29333850291300162,1.2098295592007686,0.52929400000000004
0.65000000000000002,542,-0.91187900412255052,0.56174999999999997,0.55700000000000005,0.15211329057820594,0.36951787759864158,0,0,0,69,True,0.0082739594579324879,False,False,-0.79834597969550514,1.3665569892860103,0.56369400000000003
0.5,542,-1.1947602049214578,0.58199999999999996,0.59099999999999997,0.086649756524931482,0.088943999794610054,1,0,0,103,True,0.0081031723287747579,False,False,-1.3475760776189629,1.6531130939443468,0.58186099999999996
1,543,-0.032482701683688088,0.50075000000000003,0.52000000000000002,0.18791082704747544,0.82225056308316158,0,0,0,48,True,0.0093861404844022972,False,False,0.00084786314457791824,1.1837821058171558,0.499774
0.84999999999999998,543,-0.47426913744549615,0.52649999999999997,0.52400000000000002,0.16479128448542901,0.8452759225319032,0,0,0,65,True,0.0092078124954377265,False,False,-0.29333850291300162,1.2098295592007686,0.52929400000000004
0.65000000000000002,543,-1.1162655492862874,0.56525000000000003,0.56699999999999995,0.32041208100751417,0.12317244586529473,1,0,0,118,True,0.0090549909565573322,False,False,-0.79834597969550514,1.3665569892860103,0.56369400000000003
0.5,543,-1.5666598497642723,0.58037499999999997,0.59199999999999997,0.49866627646304817,0.54468027706174937,1,0,0,186,True,0.009011261931745224,False,False,-1.3475760776189629,1.6531130939443468,0.58186099999999996
1,544,-0.04210958464328355,0.51000000000000001,0.505,0.78253721070421933,0.82218862747108579,0,0,0,38,True,0.0081812777560241468,False,False,0.00084786314457791824,1.1837821058171558,0.499774
0.84999999999999998,544,-0.54431664140308655,0.54174999999999995,0.55100000000000005,0.50207524559247818,0.72669948791626315,0,0,0,71,True,0.0079971538271338093,False,False,-0.29333850291300162,1.2098295592007686,0.52929400000000004
0.65000000000000002,544,-1.1185724604986682,0.57212499999999999,0.59599999999999997,0.59928274891684741,0.73685898516937787,1,0,0,114,True,0.0079322096370215041,False,False,-0.79834597969550514,1.3665569892860103,0.56369400000000003
0.5,544,-1.4445495323172792,0.59050000000000002,0.61599999999999999,0.76220569370027424,0.59201716434678286,1,0,0,134,True,0.0082998524551491717,False,False,-1.3475760776189629,1.6531130939443468,0.58186099999999996
1,545,0.004805380955503636,0.50087499999999996,0.52100000000000002,0.5532001656377421,0.51066037431948674,0,0,0,36,True,0.0087577154995630048,False,False,0.00084786314457791824,1.1837821058171558,0.499774
0.84999999999999998,545,-0.4749284316190629,0.53075000000000006,0.54100000000000004,0.082143945121007214,0.034481061382063971,0,0,0,56,True,0.0090153643665012665,False,False,-0.29333850291300162,1.2098295592007686,0.52929400000000004
0.65000000000000002,545,-1.1159819038999881,0.55549999999999999,0.56999999999999995,0.26905373230871382,0.35063258555283977,0,0,0,51,True,0.0093862003867316891,False,False,-0.79834597969550514,1.3665569892860103,0.56369400000000003
0.5,545,-1.4466003780211421,0.57187500000000002,0.57799999999999996,0.59247175034706667,0.58716946065719244,1,0,0,106,True,0.0087054633795069954,False,False,-1.3475760776189629,1.6531130939443468,0.58186099999999996
1,546,0.028582981053045568,0.50049999999999994,0.502,0.60185225103965423,0.96029235469280028,0,0,0,44,True,0.0080433316406595227,False,False,0.00084786314457791824,1.1837821058171558,0.499774
0.84999999999999998,546,-0.38728211827918391,0.53037500000000004,0.55400000000000005,0.18762869508270305,0.56656816894632178,0,0,0,42,True,0.0082013825097825514,False,False,-0.29333850291300162,1.2098295592007686,0.52929400000000004
0.65000000000000002,546,-1.020054022138172,0.56462500000000004,0.57099999999999995,0.71835872417265856,0.19604668295686095,1,0,0,93,True,0.0084457299753151627,False,False,-0.79834597969550514,1.3665569892860103,0.56369400000000003
0.5,546,-1.3644716012845983,0.57974999999999999,0.57099999999999995,0.74194016909700933,0.58346085436489392,1,0,0,94,True,0.0086293987847450328,False,False,-1.3475760776189629,1.6531130939443468,0.58186099999999996
1,547,-0.055276509840569255,0.49887500000000001,0.48899999999999999,0.54569283462964235,0.71370644641951198,0,0,0,49,True,0.0084603119949677522,False,False,0.00084786314457791824,1.1837821058171558,0.499774
0.84999999999999998,547,-0.50432770449329423,0.52675000000000005,0.54000000000000004,0.22320936074936917,0.17182257368410633,0,0,0,49,True,0.0083562166997051997,False,False,-0.29333850291300162,1.2098295592007686,0.52929400000000004
0.65000000000000002,547,-1.0779361408681163,0.5665,0.56599999999999995,0.77548845831895574,0.88978862203978704,0,0,0,68,True,0.0088897802103178967,False,False,-0.79834597969550514,1.3665569892860103,0.56369400000000003
0.5,547,-1.3992838543263106,0.58625000000000005,0.57899999999999996,0.89703651533966411,0.70684260101779606,1,0,0,114,True,0.0089389090277089845,False,False,-1.3475760776189629,1.6531130939443468,0.58186099999999996
1,548,-0.012812307924822032,0.49862499999999998,0.47599999999999998,0.78129122860289124,0.93356091856920087,0,0,0,41,True,0.0080801288596150812,False,False,0.00084786314457791824,1.1837821058171558,0.499774
0.84999999999999998,548,-0.51873228953376982,0.53012499999999996,0.52100000000000002,0.84212054937255598,0.89691058954732072,0,0,0,60,True,0.0084825539869747887,False,False,-0.29333850291300162,1.2098295592007686,0.52929400000000004
0.65000000000000002,548,-1.122166510897493,0.56537499999999996,0.54000000000000004,0.25347842482255528,0.39578002552944702,1,0,0,89,True,0.0086514530819861608,False,False,-0.79834597969550514,1.3665569892860103,0.56369400000000003
0.5,548,-1.4358499146545838,0.58174999999999999,0.55100000000000005,0.043063832775726063,0.12937696440099744,1,0,0,111,True,0.008953481836898064,False,False,-1.3475760776189629,1.6531130939443468,0.58186099999999996
1,549,-0.080748034652271511,0.50487499999999996,0.51400000000000001,0.29086228376125589,0.34619634229329022,1,1,1,91,True,0.0082368300986535616,False,False,0.00084786314457791824,1.1837821058171558,0.499774
0.84999999999999998,549,-0.54750624390605651,0.53962500000000002,0.55100000000000005,0.79432180754080617,0.87527001694381623,0,0,0,58,True,0.0084107575592391182,False,False,-0.29333850291300162,1.2098295592007686,0.52929400000000004
0.65000000000000002,549,-1.1678073831180935,0.57250000000000001,0.58499999999999996,0.24217329719667449,0.0096974013417239231,1,0,0,116,True,0.0081053799816860235,False,False,-0.79834597969550514,1.3665569892860103,0.56369400000000003
0.5,549,-1.4921417006031237,0.58587500000000003,0.58599999999999997,0.2850468718813598,0.34245369970859157,1,0,0,189,True,0.0083368680048130552,False,False,-1.3475760776189629,1.6531130939443468,0.58186099999999996
1,550,-0.034616452108725979,0.50675000000000003,0.52700000000000002,0.40025217181603484,0.80304097857216339,0,0,0,47,True,0.0085491618771547043,False,False,0.00084786314457791824,1.1837821058171558,0.499774
0.84999999999999998,550,-0.43295769760743585,0.53149999999999997,0.52600000000000002,0.54830922488061229,0.21985746001056913,0,0,0,66,True,0.0086195637089435794,False,False,-0.29333850291300162,1.2098295592007686,0.52929400000000004
0.65000000000000002,550,-0.95618444245499967,0.56612499999999999,0.53100000000000003,0.64201867572738291,0.56591848907036879,1,0,0,98,True,0.0086613169909139157,False,False,-0.79834597969550514,1.3665569892860103,0.56369400000000003
0.5,550,-1.3179823813570539,0.58725000000000005,0.57699999999999996,0.63069781175463702,0.59553874617517732,1,1,1,127,True,0.0086486385617008214,False,False,-1.3475760776189629,1.6531130939443468,0.58186099999999996
1,551,0.056118160821020335,0.4975,0.48999999999999999,0.85215401862206663,0.50649100042805162,0,0,0,47,True,0.0086187683701452675,False,False,0.00084786314457791824,1.1837821058171558,0.499774
0.84999999999999998,551,-0.36730229693776728,0.52787499999999998,0.51900000000000002,0.64888698818157042,0.55104011774523864,0,0,0,47,True,0.0084902289016548001,False,False,-0.29333850291300162,1.2098295592007686,0.52929400000000004
0.65000000000000002,551,-0.97851435071586212,0.56625000000000003,0.55700000000000005,0.51245820483150462,0.57579496279148212,0,0,0,69,True,0.008663345673621186,False,False,-0.79834597969550514,1.3665569892860103,0.56369400000000003
0.5,551,-1.30950232583174,0.581125,0.58499999999999996,0.43066443625075329,0.35879180008939299,1,0,0,105,True,0.00832748963315782,False,False,-1.3475760776189629,1.6531130939443468,0.58186099999999996
1,552,0.032945623767740774,0.49349999999999999,0.47699999999999998,0.50399073710222664,0.24711445577090774,0,0,0,73,True,0.008605162981911994,False,False,0.00084786314457791824,1.1837821058171558,0.499774
0.84999999999999998,552,-0.51141762248663769,0.52100000000000002,0.50800000000000001,0.7623295467271114,0.75695325471364794,0,0,0,42,True,0.008529749767550247,False,False,-0.29333850291300162,1.2098295592007686,0.52929400000000004
0.65000000000000002,552,-1.1094623250936022,0.55300000000000005,0.54100000000000004,0.7426363767311287,0.52147713920628502,1,0,0,78,True,0.0083222045356575788,False,False,-0.79834597969550514,1.3665569892860103,0.56369400000000003
0.5,552,-1.4268066152030674,0.57425000000000004,0.56899999999999995,0.560045598508917,0.82816290438730134,1,0,0,110,True,0.0086635912625255603,False,False,-1.3475760776189629,1.6531130939443468,0.58186099999999996
1,553,0.001694401779925176,0.49812499999999998,0.503,0.32102460873422189,0.53017662845065117,0,0,0,50,True,0.0083380227942845813,False,False,0.00084786314457791824,1.1837821058171558,0.499774
0.84999999999999998,553,-0.37628061438391747,0.52575000000000005,0.53300000000000003,0.099767449051719317,0.0023055375470950822,0,0,0,44,True,0.0084982514716185412,False,False,-0.29333850291300162,1.2098295592007686,0.52929400000000004
0.65000000000000002,553,-1.0855034654594282,0.56337499999999996,0.56499999999999995,0.7747094336369329,0.72967759448175029,1,0,0,106,True,0.0084552222930215672,False,False,-0.79834597969550514,1.3665569892860103,0.56369400000000003
0.5,553,-1.4337348921732689,0.583125,0.57799999999999996,0.45414519870567388,0.3554415256151513,1,0,0,156,True,0.0087993026909701372,False,False,-1.3475760776189629,1.6531130939443468,0.58186099999999996
1,554,-0.2170201468204376,0.50287499999999996,0.502,0.89927995948196837,0.64399517638793546,0,0,0,35,True,0.0082062153956656281,False,False,0.00084786314457791824,1.1837821058171558,0.499774
0.84999999999999998,554,-0.77869013709642465,0.53337500000000004,0.52300000000000002,0.52006887109843747,0.35750273852565617,0,0,0,42,True,0.0082798634876487219,False,False,-0.29333850291300162,1.2098295592007686,0.52929400000000004
0.65000000000000002,554,-1.5720117999045888,0.55912499999999998,0.55300000000000005,0.95843107554937013,0.97240865847236257,0,0,0,60,True,0.0088847755610734058,False,False,-0.79834597969550514,1.3665569892860103,0.56369400000000003
0.5,554,-2.1002966329206449,0.579125,0.58699999999999997,0.99695098057015297,0.98932228406051481,1,0,0,78,True,0.0082552887727165777,False,False,-1.3475760776189629,1.6531130939443468,0.58186099999999996
1,555,0.10474898824684054,0.49237500000000001,0.50800000000000001,0.35739283582069648,0.472254123397014,0,0,0,39,True,0.0086919534426419687,False,False,0.00084786314457791824,1.1837821058171558,0.499774
0.84999999999999998,555,-0.37087858361399406,0.52375000000000005,0.52800000000000002,0.013154852409494287,0.032656041506415781,0,0,0,43,True,0.008295410030633674,False,False,-0.29333850291300162,1.2098295592007686,0.52929400000000004
0.65000000000000002,555,-1.1885822836509194,0.5595,0.55400000000000005,0.17041983189294618,0.5463993738658115,1,0,0,83,True,0.0087555252839827055,False,False,-0.79834597969550514,1.3665569892860103,0.56369400000000003
0.5,555,-1.5676835173530947,0.583125,0.58799999999999997,0.78433374147232338,0.33046236018186936,1,0,0,143,True,0.0084116469939257976,False,False,-1.3475760776189629,1.6531130939443468,0.58186099999999996
1,556,0.18170287921219033,0.49775000000000003,0.49299999999999999,0.089372202350913421,0.0075154641774962888,0,0,0,39,True,0.0083973843461632534,False,False,0.00084786314457791824,1.1837821058171558,0.499774
0.84999999999999998,556,-0.27118972959091059,0.52412499999999995,0.52300000000000002,0.51283750585613286,0.35819734325467617,0,0,0,43,True,0.0083089247852596998,False,False,-0.29333850291300162,1.2098295592007686,0.52929400000000004
0.65000000000000002,556,-0.92033178968799823,0.56425000000000003,0.56799999999999995,0.33881169657817695,0.15481673670366733,0,0,0,59,True,0.0084092618808983416,False,False,-0.79834597969550514,1.3665569892860103,0.56369400000000003
0.5,556,-1.2676943867022623,0.581125,0.59199999999999997,0.047275574546820694,0.050321272363958766,1,0,0,117,True,0.0077303937741160147,False,False,-1.3475760776189629,1.6531130939443468,0.58186099999999996
1,557,0.094887903297829645,0.49875000000000003,0.48899999999999999,0.9612914759244453,0.67913693743401993,0,0,0,39,True,0.0084314924347088198,False,False,0.00084786314457791824,1.1837821058171558,0.499774
0.84999999999999998,557,-0.44307773049282972,0.52887499999999998,0.51400000000000001,0.53232862057387753,0.92318790388257588,0,0,0,43,True,0.0084051756626753842,False,False,-0.29333850291300162,1.2098295592007686,0.52929400000000004
0.65000000000000002,557,-1.4100397559041007,0.56387500000000002,0.57199999999999995,0.15762676375937057,0.067919894189025859,1,0,0,87,True,0.0082249948171249348,False,False,-0.79834597969550514,1.3665569892860103,0.56369400000000003
0.5,557,-1.8131988701947175,0.58637499999999998,0.59699999999999998,0.50048048456979033,0.36141301194056558,1,0,0,165,True,0.0087663223339782947,False,False,-1.3475760776189629,1.6531130939443468,0.58186099999999996
1,558,0.043110522174532158,0.50187499999999996,0.498,0.42431976838830299,0.53617470503192122,0,0,0,51,True,0.0082120362267341547,False,False,0.00084786314457791824,1.1837821058171558,0.499774
0.84999999999999998,558,-0.37764473801596282,0.53737500000000005,0.53900000000000003,0.11100777331666367,0.60822546800889477,0,0,0,68,True,0.0080469463002465387,False,False,-0.29333850291300162,1.2098295592007686,0.52929400000000004
0.65000000000000002,558,-0.95022232764139547,0.57250000000000001,0.55400000000000005,0.638836642693146,0.96943643118453215,1,0,0,94,True,0.0083248806073869721,False,False,-0.79834597969550514,1.3665569892860103,0.56369400000000003
0.5,558,-1.2900222770119074,0.58599999999999997,0.58199999999999996,0.79898368938594233,0.79286175283668103,1,0,0,97,True,0.0090724556629525142,False,False,-1.3475760776189629,1.6531130939443468,0.58186099999999996
1,559,-0.085173253170824637,0.50824999999999998,0.46800000000000003,0.88264902711570015,0.50596853725858326,0,0,0,47,True,0.0079943898082132838,False,False,0.00084786314457791824,1.1837821058171558,0.499774
0.84999999999999998,559,-0.45646284692916761,0.53400000000000003,0.51400000000000001,0.92903829246573533,0.98991353608085886,0,0,0,55,True,0.0079507639358568187,False,False,-0.29333850291300162,1.2098295592007686,0.52929400000000004
0.65000000000000002,559,-1.0100362032332184,0.56787500000000002,0.55500000000000005,0.30763235998741972,0.39797944405855762,0,0,0,68,True,0.0084344538794704164,False,False,-0.79834597969550514,1.3665569892860103,0.56369400000000003
0.5,559,-1.3313171573479627,0.58299999999999996,0.58099999999999996,0.55373815499563295,0.59208369550245743,1,0,0,91,True,0.0078758923356393746,False,False,-1.3475760776189629,1.6531130939443468,0.58186099999999996
1,560,-0.051060894311361189,0.49787500000000001,0.504,0.38298380568762325,0.76944158926570472,0,0,0,41,True,0.0080877365230062719,False,False,0.00084786314457791824,1.1837821058171558,0.499774
0.84999999999999998,560,-0.53044466495944864,0.52749999999999997,0.52800000000000002,0.78200371727386631,0.23526780879883222,0,0,0,48,True,0.0081336198570448534,False,False,-0.29333850291300162,1.2098295592007686,0.52929400000000004
0.65000000000000002,560,-1.2276843250948672,0.57174999999999998,0.57899999999999996,0.18564384416397961,0.055246258048806465,1,0,0,87,True,0.0080489616031910304,False,False,-0.79834597969550514,1.3665569892860103,0.56369400000000003
0.5,560,-1.5525918051436089,0.59275,0.58099999999999996,0.74740098787941978,0.62565958423755852,1,0,0,214,True,0.008406147453533467,False,False,-1.3475760776189629,1.6531130939443468,0.58186099999999996
1,561,0.027667064280104743,0.50337500000000002,0.51000000000000001,0.024080955543361916,0.63694082475181601,0,0,0,46,True,0.0087572854249298431,False,False,0.00084786314457791824,1.1837821058171558,0.499774
0.84999999999999998,561,-0.3943612191075489,0.53649999999999998,0.53800000000000003,0.021726826388167714,0.12038160575496733,0,0,0,67,True,0.0090662794362278386,False,False,-0.29333850291300162,1.2098295592007686,0.52929400000000004
0.65000000000000002,561,-1.0284505982583048,0.56874999999999998,0.56999999999999995,0.26422460768152578,0.15848058711607729,1,0,0,85,True,0.0086889281615326434,False,False,-0.79834597969550514,1.3665569892860103,0.56369400000000003
0.5,561,-1.3275367952874286,0.59075,0.60099999999999998,0.42132805008297652,0.41355843871989556,1,0,0,122,True,0.0083674729545110023,False,False,-1.3475760776189629,1.6531130939443468,0.58186099999999996
1,562,0.022921681893101984,0.50424999999999998,0.502,0.46161027142078548,0.68203058560030261,0,0,0,34,True,0.0083739235866881218,False,False,0.00084786314457791824,1.1837821058171558,0.499774
0.84999999999999998,562,-0.49341999655558272,0.53237500000000004,0.52400000000000002,0.023448747001107852,0.075375854874422013,0,0,0,34,True,0.0085825943209022967,False,False,-0.29333850291300162,1.2098295592007686,0.52929400000000004
0.65000000000000002,562,-1.2167947882624981,0.56962500000000005,0.55700000000000005,0.57156948457232182,0.50976248120949308,0,0,0,63,True,0.0091789358589126572,False,False,-0.79834597969550514,1.3665569892860103,0.56369400000000003
0.5,562,-1.5590910318278917,0.58262499999999995,0.56899999999999995,0.45623883838284512,0.56462486627753294,1,0,0,103,True,0.0088996941770263759,False,False,-1.3475760776189629,1.6531130939443468,0.58186099999999996
1,563,-0.11801446633991677,0.504,0.47999999999999998,0.31007633357218067,0.44728104507756883,0,0,0,45,True,0.0079384625271721222,False,False,0.00084786314457791824,1.1837821058171558,0.499774
0.84999999999999998,563,-0.53943373285431562,0.53200000000000003,0.52900000000000003,0.57966914085842869,0.60950611805251975,0,0,0,54,True,0.0084898194726028796,False,False,-0.29333850291300162,1.2098295592007686,0.52929400000000004
0.65000000000000002,563,-1.0824925286802236,0.55962500000000004,0.59399999999999997,0.55856513671069608,0.48961172977736644,1,0,0,76,True,0.0083868664837581392,False,False,-0.79834597969550514,1.3665569892860103,0.56369400000000003
0.5,563,-1.383407007454627,0.578125,0.60199999999999998,0.8252876523934104,0.88516782069011923,1,0,0,122,True,0.0084304414993253158,False,False,-1.3475760776189629,1.6531130939443468,0.58186099999999996
1,564,-0.11869582957954257,0.49099999999999999,0.495,0.48302577830647409,0.43749965945355845,0,0,0,37,True,0.008202189172882117,False,False,0.00084786314457791824,1.1837821058171558,0.499774
0.84999999999999998,564,-0.57970178144267559,0.52625,0.52500000000000002,0.32920949625314871,0.70560874410925845,0,0,0,38,True,0.0081430390094980112,False,False,-0.29333850291300162,1.2098295592007686,0.52929400000000004
0.65000000000000002,564,-1.1351424257247398,0.56712499999999999,0.56599999999999995,0.15894127135690897,0.60822961034873513,0,0,0,70,True,0.0076932200351002662,False,False,-0.79834597969550514,1.3665569892860103,0.56369400000000003
0.5,564,-1.4583518508793236,0.59275,0.59899999999999998,0.022058315855651045,0.023052276500101582,1,0,0,135,True,0.0082487805789219978,False,False,-1.3475760776189629,1.6531130939443468,0.58186099999999996
1,565,-0.0090863177614583217,0.49662499999999998,0.49199999999999999,0.38061563274918747,0.628090196406769,0,0,0,41,True,0.008715769124391046,False,False,0.00084786314457791824,1.1837821058171558,0.499774
0.84999999999999998,565,-0.51894567646651812,0.52662500000000001,0.52900000000000003,0.88444613924886428,0.39408475530127807,0,0,0,42,True,0.0087793167143757657,False,False,-0.29333850291300162,1.2098295592007686,0.52929400000000004
0.65000000000000002,565,-1.1752206999794756,0.56000000000000005,0.59099999999999997,0.1370486249717929,0.012852170312504246,0,1,1,62,True,0.0085013931584567437,False,False,-0.79834597969550514,1.3665569892860103,0.56369400000000003
0.5,565,-1.5307496838090444,0.57887500000000003,0.59899999999999998,0.052388848635720409,0.0145076039032087,1,1,1,93,True,0.0086623361307850612,False,False,-1.3475760776189629,1.6531130939443468,0.58186099999999996
1,566,-0.074028512641294841,0.49837500000000001,0.49399999999999999,0.1585147075697895,0.029862716379843668,0,0,0,49,True,0.0083264730150939617,False,False,0.00084786314457791824,1.1837821058171558,0.499774
0.84999999999999998,566,-0.46245339174401545,0.51700000000000002,0.502,0.52676277262675097,0.67870307491583048,0,0,0,65,True,0.0083701422470133183,False,False,-0.29333850291300162,1.2098295592007686,0.52929400000000004
0.65000000000000002,566,-1.0488441123848451,0.55637499999999995,0.54500000000000004,0.22370687803818085,0.12262800849177925,1,0,0,80,True,0.0083510273789920535,False,False,-0.79834597969550514,1.3665569892860103,0.56369400000000003
0.5,566,-1.4599660209569389,0.57025000000000003,0.55400000000000005,0.55811267711793777,0.62420156212718647,1,0,0,85,True,0.0081949791235652967,False,False,-1.3475760776189629,1.6531130939443468,0.58186099999999996
1,567,0.077246458399552242,0.50912500000000005,0.53300000000000003,0.64707360413690673,0.52337553135302506,0,0,0,38,True,0.0088290595675307795,False,False,0.00084786314457791824,1.1837821058171558,0.499774
0.84999999999999998,567,-0.4328155886779308,0.53437500000000004,0.53700000000000003,0.18276761998630567,0.83917589886134403,0,0,0,52,True,0.0088723140400067298,False,False,-0.29333850291300162,1.2098295592007686,0.52929400000000004
0.65000000000000002,567,-1.141008766871495,0.56274999999999997,0.57099999999999995,0.12849782983277963,0.12954782805490225,0,0,0,64,True,0.0088711809514383944,False,False,-0.79834597969550514,1.3665569892860103,0.56369400000000003
0.5,567,-1.4836386559266292,0.574125,0.57499999999999996,0.79970006301037222,0.7531932527496048,1,0,0,105,True,0.0081482463676864174,False,False,-1.3475760776189629,1.6531130939443468,0.58186099999999996
1,568,0.058720626139928407,0.49912499999999999,0.51000000000000001,0.27721360807730339,0.92640190528144817,0,0,0,46,True,0.0089804508042857605,False,False,0.00084786314457791824,1.1837821058171558,0.499774
0.84999999999999998,568,-0.39890208003042832,0.53100000000000003,0.51300000000000001,0.76489451758930782,0.50004783253213447,0,0,0,67,True,0.0088528291236922539,False,False,-0.29333850291300162,1.2098295592007686,0.52929400000000004
0.65000000000000002,568,-1.0072573809374212,0.56174999999999997,0.55000000000000004,0.89167305281363696,0.94109303569390124,1,0,0,75,True,0.0085245306149727695,False,False,-0.79834597969550514,1.3665569892860103,0.56369400000000003
0.5,568,-1.3353285080224493,0.58050000000000002,0.56699999999999995,0.260196327168639,0.53897293270461599,1,0,0,76,True,0.0082496522038042978,False,False,-1.3475760776189629,1.6531130939443468,0.58186099999999996
1,569,0.0061503546321034375,0.49775000000000003,0.51000000000000001,0.25579093841950168,0.79139616399676571,0,0,0,48,True,0.0085696404438425425,False,False,0.00084786314457791824,1.1837821058171558,0.499774
0.84999999999999998,569,-0.51190465234865168,0.52875000000000005,0.54200000000000004,0.99447200516055922,0.98190634633301477,0,0,0,45,True,0.0088774025104284681,False,False,-0.29333850291300162,1.2098295592007686,0.52929400000000004
0.65000000000000002,569,-1.0699873979647581,0.56925000000000003,0.56999999999999995,0.44276788818783358,0.37423065689702423,1,0,0,86,True,0.0087243344641097335,False,False,-0.79834597969550514,1.3665569892860103,0.56369400000000003
0.5,569,-1.467474103374373,0.59037499999999998,0.57299999999999995,0.89512742379229637,0.93765460240933907,1,0,0,126,True,0.0084723347995026652,False,False,-1.3475760776189629,1.6531130939443468,0.58186099999999996
1,570,0.17980014195017135,0.50712500000000005,0.47199999999999998,0.082520961789147529,0.15016365019038999,0,0,0,55,True,0.0078698609142840159,False,False,0.00084786314457791824,1.1837821058171558,0.499774
0.84999999999999998,570,-0.30794313102700349,0.54125000000000001,0.51100000000000001,0.25886487036150641,0.33276184986954499,0,0,0,58,True,0.0077256182256620551,False,False,-0.29333850291300162,1.2098295592007686,0.52929400000000004
0.65000000000000002,570,-0.91410885246861306,0.56537499999999996,0.56299999999999994,0.18219224262948236,0.24710486137385076,1,0,0,86,True,0.0075712455764591633,False,False,-0.79834597969550514,1.3665569892860103,0.56369400000000003
0.5,570,-1.3091126153864385,0.58199999999999996,0.59099999999999997,0.042748081117512514,0.065191725110307616,1,0,0,112,True,0.0081484793323307516,False,False,-1.3475760776189629,1.6531130939443468,0.58186099999999996
1,571,0.0468228805600212,0.50275000000000003,0.49399999999999999,0.076061307005335477,0.33007265885186554,0,0,0,53,True,0.0088171107957340338,False,False,0.00084786314457791824,1.1837821058171558,0.499774
0.84999999999999998,571,-0.43954588017172536,0.52812499999999996,0.52200000000000002,0.20163363044722629,0.17964243983027009,0,0,0,53,True,0.0087637259639134976,False,False,-0.29333850291300162,1.2098295592007686,0.52929400000000004
0.65000000000000002,571,-1.0656892184749296,0.56599999999999995,0.58599999999999997,0.36791598868502051,0.22083199913343429,1,0,0,87,True,0.0091809941955473887,False,False,-0.79834597969550514,1.3665569892860103,0.56369400000000003
0.5,571,-1.3713294291073417,0.57862499999999994,0.58799999999999997,0.15052278315087894,0.0043523024528620948,1,0,0,102,True,0.0087256515959876456,False,False,-1.3475760776189629,1.6531130939443468,0.58186099999999996
1,572,0.15540549230377784,0.49987500000000001,0.46600000000000003,0.28262435516602447,0.1627103421572878,0,0,0,41,True,0.0085605078176201818,False,False,0.00084786314457791824,1.1837821058171558,0.499774
0.84999999999999998,572,-0.29406235221530658,0.53125,0.51600000000000001,0.52646738943897486,0.98944706404698601,0,0,0,43,True,0.0083813647113800942,False,False,-0.29333850291300162,1.2098295592007686,0.52929400000000004
0.65000000000000002,572,-1.009433198624619,0.56225000000000003,0.57199999999999995,0.039383214450010105,0.11543247353978744,1,0,0,76,True,0.0084430028218062444,False,False,-0.79834597969550514,1.3665569892860103,0.56369400000000003
0.5,572,-1.3723388092586146,0.58374999999999999,0.60799999999999998,0.78482347081495196,0.60535980411609225,1,0,0,145,True,0.0083341567043747882,False,False,-1.3475760776189629,1.6531130939443468,0.58186099999999996
1,573,-0.14158466908445738,0.51012500000000005,0.50800000000000001,0.70316633090258374,0.28080473159839398,0,0,0,62,True,0.0086851476590515571,False,False,0.00084786314457791824,1.1837821058171558,0.499774
0.84999999999999998,573,-0.55349688775024219,0.53849999999999998,0.54100000000000004,0.67781016923516968,0.6672137354126676,0,0,0,65,True,0.008708399968192209,False,False,-0.29333850291300162,1.2098295592007686,0.52929400000000004
0.65000000000000002,573,-1.1086893131236037,0.57150000000000001,0.57899999999999996,0.36137880433008002,0.61023246552719368,1,0,0,105,True,0.0083429636758801471,False,False,-0.79834597969550514,1.3665569892860103,0.56369400000000003
0.5,573,-1.3947104820513199,0.58875,0.60499999999999998,0.69809150026778366,0.87535862439950707,1,0,0,101,True,0.0082389411703276284,False,False,-1.3475760776189629,1.6531130939443468,0.58186099999999996
1,574,-0.030396020283643223,0.49875000000000003,0.49299999999999999,0.55899577478944851,0.76122336711973748,0,0,0,46,True,0.0083655327538014849,False,False,0.00084786314457791824,1.1837821058171558,0.499774
0.84999999999999998,574,-0.55881766532051824,0.53249999999999997,0.53200000000000003,0.10642201049262208,0.18661444143110081,0,0,0,40,True,0.0083265289789404839,False,False,-0.29333850291300162,1.2098295592007686,0.52929400000000004
0.65000000000000002,574,-1.2200290633599264,0.56774999999999998,0.55900000000000005,0.39587502834149713,0.21418205764180057,1,0,0,94,True,0.0083833430386551083,False,False,-0.79834597969550514,1.3665569892860103,0.56369400000000003
0.5,574,-1.5327203435282735,0.58737499999999998,0.57699999999999996,0.24079965581738683,0.43011427122520768,1,0,0,134,True,0.0081320180763673686,False,False,-1.3475760776189629,1.6531130939443468,0.58186099999999996
1,575,0.0043778796100432966,0.49275000000000002,0.47899999999999998,0.18979842060883256,0.20820823720606099,0,0,0,36,True,0.0082580330831875711,False,False,0.00084786314457791824,1.1837821058171558,0.499774
0.84999999999999998,575,-0.46043489327116233,0.52575000000000005,0.52300000000000002,0.11826488414891836,0.47055948264008807,0,0,0,65,True,0.0081635840685948882,False,False,-0.29333850291300162,1.2098295592007686,0.52929400000000004
0.65000000000000002,575,-1.0768839460335691,0.55612499999999998,0.56499999999999995,0.45098333770278137,0.29117982209636056,1,0,0,88,True,0.0085909202947574981,False,False,-0.79834597969550514,1.3665569892860103,0.56369400000000003
0.5,575,-1.4433632679820243,0.57387500000000002,0.60099999999999998,0.61774160880566753,0.53876041565051669,1,0,0,105,True,0.0087861534414914351,False,False,-1.3475760776189629,1.6531130939443468,0.58186099999999996
1,576,0.16001230468595723,0.49825000000000003,0.499,0.079254340580205682,0.53346829368297244,0,0,0,37,True,0.0087171206801648134,False,False,0.00084786314457791824,1.1837821058171558,0.499774
0.84999999999999998,576,-0.38504874832945279,0.52312499999999995,0.53000000000000003,0.71815907970208859,0.26044875574052678,0,0,0,37,True,0.0091593050438305481,False,False,-0.29333850291300162,1.2098295592007686,0.52929400000000004
0.65000000000000002,576,-1.1877302793866451,0.56437499999999996,0.57199999999999995,0.6036002337330193,0.6978678507751348,0,0,0,54,True,0.0081173386576832429,False,False,-0.79834597969550514,1.3665569892860103,0.56369400000000003
0.5,576,-1.5716768636668277,0.58474999999999999,0.59799999999999998,0.13331798198137382,0.18224075629160283,1,0,0,101,True,0.008259960175654767,False,False,-1.3475760776189629,1.6531130939443468,0.58186099999999996
1,577,-0.028845021903881558,0.49349999999999999,0.50900000000000001,0.065633900535682646,0.89510569345709035,0,0,0,52,True,0.0086786723019825242,False,False,0.00084786314457791824,1.1837821058171558,0.499774
0.84999999999999998,577,-0.51322896997600653,0.52612499999999995,0.55000000000000004,0.91554820242988144,0.7249371914253695,0,0,0,52,True,0.0083654968745182565,False,False,-0.29333850291300162,1.2098295592007686,0.52929400000000004
0.65000000000000002,577,-1.1525794958190598,0.55912499999999998,0.56599999999999995,0.30077489901389765,0.33999015522054216,1,0,0,77,True,0.0082737400576774027,False,False,-0.79834597969550514,1.3665569892860103,0.56369400000000003
0.5,577,-1.5320072468701316,0.58187500000000003,0.58999999999999997,0.063620637545939773,0.03732538612055978,0,0,0,72,True,0.0082683814433761691,False,False,-1.3475760776189629,1.6531130939443468,0.58186099999999996
1,578,-0.010600530065579317,0.49137500000000001,0.503,0.31029529332660977,0.55837048402792178,0,0,0,40,True,0.0085114311902668056,False,False,0.00084786314457791824,1.1837821058171558,0.499774
0.84999999999999998,578,-0.46380666811179017,0.52100000000000002,0.52400000000000002,0.17373618920286774,0.89901147472726362,0,0,0,51,True,0.0089071957658517047,False,False,-0.29333850291300162,1.2098295592007686,0.52929400000000004
0.65000000000000002,578,-1.018699462820742,0.55425000000000002,0.54400000000000004,0.39008043039782525,0.67269426612645056,1,0,0,76,True,0.0090408928638065263,False,False,-0.79834597969550514,1.3665569892860103,0.56369400000000003
0.5,578,-1.3134157433037739,0.57399999999999995,0.57999999999999996,0.45820812921024534,0.23408045335491984,1,0,0,109,True,0.0080120873728785468,False,False,-1.3475760776189629,1.6531130939443468,0.58186099999999996
1,579,-0.024844861694368361,0.49787500000000001,0.48299999999999998,0.72199794376545423,0.43307612226243325,0,0,0,43,True,0.0086274060435072575,False,False,0.00084786314457791824,1.1837821058171558,0.499774
0.84999999999999998,579,-0.48155427412699087,0.52449999999999997,0.504,0.85204357413234255,0.21884425150700532,0,0,0,57,True,0.0088693805049554833,False,False,-0.29333850291300162,1.2098295592007686,0.52929400000000004
0.65000000000000002,579,-1.1741726753489612,0.5615,0.56000000000000005,0.56748849928878076,0.56381919254565893,1,0,0,92,True,0.0085777523510151554,False,False,-0.79834597969550514,1.3665569892860103,0.56369400000000003
0.5,579,-1.5440105937655939,0.57737499999999997,0.57999999999999996,0.72246265576229762,0.36314705813567794,1,0,0,148,True,0.0086627928083260978,False,False,-1.3475760776189629,1.6531130939443468,0.58186099999999996
1,580,0.12125960037950582,0.49399999999999999,0.48899999999999999,0.60936153813542471,0.43363459638512059,0,0,0,54,True,0.0079632795188143233,False,False,0.00084786314457791824,1.1837821058171558,0.499774
0.84999999999999998,580,-0.30216213699552102,0.52212499999999995,0.53000000000000003,0.62349736692989099,0.32267938798903778,0,0,0,54,True,0.0077727624787519017,False,False,-0.29333850291300162,1.2098295592007686,0.52929400000000004
0.65000000000000002,580,-0.89653903024083625,0.55587500000000001,0.53400000000000003,0.062579186418133995,0.0053590345918506027,1,0,0,79,True,0.0079355661136264657,False,False,-0.79834597969550514,1.3665569892860103,0.56369400000000003
0.5,580,-1.2202872463894738,0.576125,0.55300000000000005,0.37626373350106929,0.12860358287447288,1,0,1,128,True,0.0084629295940449947,False,False,-1.3475760776189629,1.6531130939443468,0.58186099999999996
1,581,-0.0062069498902583399,0.49375000000000002,0.51100000000000001,0.97081287247275094,0.88477543508490553,0,0,0,48,True,0.0090243630498946566,False,False,0.00084786314457791824,1.1837821058171558,0.499774
0.84999999999999998,581,-0.48324818575441447,0.52349999999999997,0.51900000000000002,0.59617448686142827,0.74806637757963723,0,0,0,42,True,0.0089919011542411512,False,False,-0.29333850291300162,1.2098295592007686,0.52929400000000004
0.65000000000000002,581,-1.0774331967449442,0.56374999999999997,0.55500000000000005,0.021388140718846343,0.0064603487551784617,1,0,0,87,True,0.008103072807755296,False,False,-0.79834597969550514,1.3665569892860103,0.56369400000000003
0.5,581,-1.3679387231305318,0.58625000000000005,0.56999999999999995,0.21764291198930361,0.30656966459592672,1,0,0,106,True,0.0083992220867044661,False,False,-1.3475760776189629,1.6531130939443468,0.58186099999999996
1,582,-0.099129752658219925,0.50137500000000002,0.51600000000000001,0.53904052583068407,0.021315326180287506,0,0,0,46,True,0.0080772953095947925,False,False,0.00084786314457791824,1.1837821058171558,0.499774
0.84999999999999998,582,-0.60203178277837599,0.53612499999999996,0.53100000000000003,0.23427436018079933,0.6694560177787805,0,0,0,73,True,0.008529167094624486,False,False,-0.29333850291300162,1.2098295592007686,0.52929400000000004
0.65000000000000002,582,-1.2168444666618032,0.56674999999999998,0.55100000000000005,0.2640696576648095,0.55796473287408332,1,0,0,90,True,0.0082345543698584094,False,False,-0.79834597969550514,1.3665569892860103,0.56369400000000003
0.5,582,-1.5010771144042958,0.58612500000000001,0.57899999999999996,0.076936629127928258,0.040864070588741169,1,0,0,114,True,0.0080430241182205941,False,False,-1.3475760776189629,1.6531130939443468,0.58186099999999996
1,583,-0.074066556110586615,0.50637500000000002,0.498,0.66241851145934372,0.4218077843825252,0,0,0,38,True,0.0079167119435758545,False,False,0.00084786314457791824,1.1837821058171558,0.499774
0.84999999999999998,583,-0.47615977180036118,0.53525,0.53300000000000003,0.099341374846298014,0.0044616410982099087,0,0,0,51,True,0.0079602591424461858,False,False,-0.29333850291300162,1.2098295592007686,0.52929400000000004
0.65000000000000002,583,-1.0467902261708544,0.56787500000000002,0.56200000000000006,0.24668659210505911,0.19211743038929036,1,0,0,92,True,0.0082473969046493057,False,False,-0.79834597969550514,1.3665569892860103,0.56369400000000003
0.5,583,-1.3799601702223829,0.58474999999999999,0.57999999999999996,0.38400782996274818,0.77936665831418628,1,0,0,116,True,0.0083802285543528275,False,False,-1.3475760776189629,1.6531130939443468,0.58186099999999996
1,584,-0.023418677269587865,0.48999999999999999,0.46800000000000003,0.39406256783186339,0.84700415305420684,0,0,0,42,True,0.0081055499472253104,False,False,0.00084786314457791824,1.1837821058171558,0.499774
0.84999999999999998,584,-0.46435190889630562,0.52925,0.53400000000000003,0.19886638859242048,0.68712508191124577,0,0,0,41,True,0.0081770790998279535,False,False,-0.29333850291300162,1.2098295592007686,0.52929400000000004
0.65000000000000002,584,-1.0732000232674159,0.57050000000000001,0.57399999999999995,0.52885039922182686,0.81162080257304214,0,0,0,70,True,0.0087443591592338242,False,False,-0.79834597969550514,1.3665569892860103,0.56369400000000003
0.5,584,-1.430105900842934,0.58999999999999997,0.60899999999999999,0.057674878619487481,0.17105050387523232,1,0,0,203,True,0.0084940206811044798,False,False,-1.3475760776189629,1.6531130939443468,0.58186099999999996
1,585,0.017753159562568045,0.50087499999999996,0.48299999999999998,0.28520595117713693,0.21334672761885842,0,0,0,48,True,0.00789615164960197,False,False,0.00084786314457791824,1.1837821058171558,0.499774
0.84999999999999998,585,-0.38113026106757836,0.53287499999999999,0.53800000000000003,0.041389237453895597,0.17280241950128,0,0,0,57,True,0.0085730115046399793,False,False,-0.29333850291300162,1.2098295592007686,0.52929400000000004
0.65000000000000002,585,-0.95470388170148723,0.55700000000000005,0.57799999999999996,0.19148643675458496,0.079133741088492471,0,0,0,49,True,0.0090264387971879297,False,False,-0.79834597969550514,1.3665569892860103,0.56369400000000003
0.5,585,-1.3318383632409718,0.57799999999999996,0.59599999999999997,0.15570659060105638,0.19452494174145382,1,0,0,99,True,0.0083387919661871684,False,False,-1.3475760776189629,1.6531130939443468,0.58186099999999996
1,586,0.12500526569259635,0.50075000000000003,0.51400000000000001,0.79031308514905241,0.5519803554090652,0,0,0,48,True,0.0085314245927900212,False,False,0.00084786314457791824,1.1837821058171558,0.499774
0.84999999999999998,586,-0.39399092341490027,0.52237500000000003,0.53100000000000003,0.69717342646324421,0.27854879186697212,0,0,0,45,True,0.0084183575122036159,False,False,-0.29333850291300162,1.2098295592007686,0.52929400000000004
0.65000000000000002,586,-1.0547288304077986,0.55574999999999997,0.55300000000000005,0.14280961482201462,0.22386910441521646,0,0,0,54,True,0.0090357390417854754,False,False,-0.79834597969550514,1.3665569892860103,0.56369400000000003
0.5,586,-1.386282387436105,0.56837499999999996,0.55600000000000005,0.76415035378388074,0.54041476503242536,1,0,0,92,True,0.0089769491646965911,False,False,-1.3475760776189629,1.6531130939443468,0.58186099999999996
1,587,-0.028306159110289292,0.49099999999999999,0.5,0.66127274524062052,0.32686451638791453,0,0,0,37,True,0.0084620578970901628,False,False,0.00084786314457791824,1.1837821058171558,0.499774
0.84999999999999998,587,-0.50893667336837933,0.52675000000000005,0.54100000000000004,0.35465124422101668,0.71536255658950154,0,0,0,70,True,0.0084521056610560707,False,False,-0.29333850291300162,1.2098295592007686,0.52929400000000004
0.65000000000000002,587,-1.1379896738996012,0.56574999999999998,0.57999999999999996,0.54325190465115425,0.18700054147257122,1,0,0,120,True,0.0088215150693404156,False,False,-0.79834597969550514,1.3665569892860103,0.56369400000000003
0.5,587,-1.4354662643646783,0.58799999999999997,0.60799999999999998,0.79440214804170628,0.8363117594829782,1,0,0,149,True,0.0081545195115012292,False,False,-1.3475760776189629,1.6531130939443468,0.58186099999999996
1,588,-0.02106919930249981,0.50037500000000001,0.52700000000000002,0.9814982853206361,0.65654080763175882,0,0,0,39,True,0.0082882108590296519,False,False,0.00084786314457791824,1.1837821058171558,0.499774
0.84999999999999998,588,-0.43442770246507889,0.53212499999999996,0.54500000000000004,0.48956029536411771,0.22745772567824105,0,0,0,50,True,0.0079823996035726513,False,False,-0.29333850291300162,1.2098295592007686,0.52929400000000004
0.65000000000000002,588,-1.0223024821637456,0.56699999999999995,0.56899999999999995,0.50837313139708784,0.74215597777147557,1,0,0,88,True,0.0079746410040156569,False,False,-0.79834597969550514,1.3665569892860103,0.56369400000000003
0.5,588,-1.3424298077587824,0.58762499999999995,0.57099999999999995,0.48004432757611082,0.54082549646089817,1,0,0,145,True,0.0081675813250718619,False,False,-1.3475760776189629,1.6531130939443468,0.58186099999999996
1,589,-0.14120065749659214,0.49475000000000002,0.46400000000000002,0.029783152963424084,0.080382467301170463,0,0,0,45,True,0.0085591779301946586,False,False,0.00084786314457791824,1.1837821058171558,0.499774
0.84999999999999998,589,-0.57514180408014426,0.52549999999999997,0.51500000000000001,0.18603697352398671,0.17898561064224927,0,0,0,52,True,0.0086957949845827727,False,False,-0.29333850291300162,1.2098295592007686,0.52929400000000004
0.65000000000000002,589,-1.1220211125184953,0.57162500000000005,0.57499999999999996,0.43024689829925256,0.17948875361286823,1,0,0,91,True,0.008434398551796337,False,False,-0.79834597969550514,1.3665569892860103,0.56369400000000003
0.5,589,-1.4586464313069141,0.58499999999999996,0.58599999999999997,0.97731961142204404,0.94303259539973427,1,0,0,198,True,0.008452062062763702,False,False,-1.3475760776189629,1.6531130939443468,0.58186099999999996
1,590,-0.13223323963820457,0.50412500000000005,0.52500000000000002,0.61597776336493015,0.55750042056536198,0,0,0,35,True,0.0082124496272176807,False,False,0.00084786314457791824,1.1837821058171558,0.499774
0.84999999999999998,590,-0.6157574555344475,0.53187499999999999,0.55300000000000005,0.97284257906524874,0.960572810544157,0,0,0,54,True,0.0086606301151571953,False,False,-0.29333850291300162,1.2098295592007686,0.52929400000000004
0.65000000000000002,590,-1.1585192635149115,0.56787500000000002,0.60399999999999998,0.080169317487879185,0.13882800764414491,1,0,0,149,True,0.0084291645763187473,False,False,-0.79834597969550514,1.3665569892860103,0.56369400000000003
0.5,590,-1.4881490798389971,0.58574999999999999,0.60899999999999999,0.37059267526499629,0.29410034956125319,1,0,0,128,True,0.0082026864765034381,False,False,-1.3475760776189629,1.6531130939443468,0.58186099999999996
1,591,0.053010711634792172,0.49725000000000003,0.49299999999999999,0.33890788553645074,0.96235623674179527,0,0,0,38,True,0.008152141284563659,False,False,0.00084786314457791824,1.1837821058171558,0.499774
0.84999999999999998,591,-0.36485703931882185,0.52312499999999995,0.52600000000000002,0.083416515582504944,0.10318699073586274,0,0,0,59,True,0.0080311836980798308,False,False,-0.29333850291300162,1.2098295592007686,0.52929400000000004
0.65000000000000002,591,-0.92646825243592656,0.56287500000000001,0.58199999999999996,0.28082896841108174,0.24108797381162383,0,0,0,60,True,0.0082952440316698111,False,False,-0.79834597969550514,1.3665569892860103,0.56369400000000003
0.5,591,-1.3484535034196694,0.58562499999999995,0.60899999999999999,0.75407993966984566,0.97697772076283684,1,0,0,116,True,0.0087883883071759299,False,False,-1.3475760776189629,1.6531130939443468,0.58186099999999996
1,592,-0.037053369543397587,0.502,0.496,0.3442953989260667,0.72347906961477393,0,0,0,49,True,0.0083987288889068642,False,False,0.00084786314457791824,1.1837821058171558,0.499774
0.84999999999999998,592,-0.55383438504125315,0.52487499999999998,0.52700000000000002,0.65460547527322455,0.40555262823505428,0,0,0,65,True,0.0085964159399406874,False,False,-0.29333850291300162,1.2098295592007686,0.52929400000000004
0.65000000000000002,592,-1.1444302505431738,0.56799999999999995,0.55300000000000005,0.54612389388468674,0.28727091494953644,1,0,0,78,True,0.0080455345239472398,False,False,-0.79834597969550514,1.3665569892860103,0.56369400000000003
0.5,592,-1.6582836109032237,0.58574999999999999,0.57599999999999996,0.52940496415430904,0.19728788325553523,1,0,0,122,True,0.0076980810820980357,False,False,-1.3475760776189629,1.6531130939443468,0.58186099999999996
1,593,0.076688241892973102,0.48512499999999997,0.49199999999999999,0.47554742958431961,0.6106633476781923,0,0,0,49,True,0.0083936662608158734,False,False,0.00084786314457791824,1.1837821058171558,0.499774
0.84999999999999998,593,-0.44025013862296175,0.52362500000000001,0.53400000000000003,0.055314034221712133,0.19334349587776045,0,0,0,64,True,0.0081492682172557458,False,False,-0.29333850291300162,1.2098295592007686,0.52929400000000004
0.65000000000000002,593,-1.1008781992393668,0.56399999999999995,0.58199999999999996,0.073763494611732289,0.044703376755424289,0,0,0,65,True,0.0082030687099582614,False,False,-0.79834597969550514,1.3665569892860103,0.56369400000000003
0.5,593,-1.4588182463571679,0.58237499999999998,0.58399999999999996,0.010162778408508093,0.03261861799459187,1,0,0,91,True,0.0086788935276468117,False,False,-1.3475760776189629,1.6531130939443468,0.58186099999999996
1,594,0.1002782291212489,0.496,0.48199999999999998,0.7962554399371693,0.9312523887308547,0,0,0,38,True,0.0081012144819719335,False,False,0.00084786314457791824,1.1837821058171558,0.499774
0.84999999999999998,594,-0.40343519172589287,0.53125,0.52000000000000002,0.60593506266041097,0.60395481905118531,0,0,0,56,True,0.0079104579502169044,False,False,-0.29333850291300162,1.2098295592007686,0.52929400000000004
0.65000000000000002,594,-1.1922789630968629,0.56474999999999997,0.55800000000000005,0.34252402226679374,0.21426157709700758,0,0,0,66,True,0.0076343036729431138,False,False,-0.79834597969550514,1.3665569892860103,0.56369400000000003
0.5,594,-1.5625627911340962,0.58525000000000005,0.58699999999999997,0.43626077212857378,0.34309821167824145,1,0,0,102,True,0.0077613628717640775,False,False,-1.3475760776189629,1.6531130939443468,0.58186099999999996
1,595,-0.042190275487922764,0.49862499999999998,0.51200000000000001,0.40939561624054993,0.15978595399367662,0,0,0,43,True,0.0085882498442814668,False,False,0.00084786314457791824,1.1837821058171558,0.499774
0.84999999999999998,595,-0.62225866013104292,0.53087499999999999,0.54800000000000004,0.80496800067460628,0.86774150707577313,0,0,0,48,True,0.0082063860653569208,False,False,-0.29333850291300162,1.2098295592007686,0.52929400000000004
0.65000000000000002,595,-1.2856709064974827,0.56474999999999997,0.58199999999999996,0.26795962802284201,0.4578715488557652,0,0,0,70,True,0.0081431943355009407,False,False,-0.79834597969550514,1.3665569892860103,0.56369400000000003
0.5,595,-1.6469075232805117,0.58337499999999998,0.58899999999999997,0.14158673142841843,0.050808673839691988,1,0,0,115,True,0.0082254599434394126,False,False,-1.3475760776189629,1.6531130939443468,0.58186099999999996
1,596,-0.087896513328414042,0.50187499999999996,0.47999999999999998,0.75524264666669683,0.79695434497145912,0,0,0,34,True,0.0086421542881206202,False,False,0.00084786314457791824,1.1837821058171558,0.499774
0.84999999999999998,596,-0.54673467389792441,0.53075000000000006,0.53800000000000003,0.56143764099260773,0.97186257621958605,0,0,0,52,True,0.008671174772872622,False,False,-0.29333850291300162,1.2098295592007686,0.52929400000000004
0.65000000000000002,596,-1.2350738790844797,0.56200000000000006,0.57399999999999995,0.40093787880428611,0.43803765452409593,0,0,0,69,True,0.0088281695433463387,False,False,-0.79834597969550514,1.3665569892860103,0.56369400000000003
0.5,596,-1.5270252912823967,0.57887500000000003,0.59199999999999997,0.34417589672102522,0.44892778226618524,1,0,0,155,True,0.0086847156215468513,False,False,-1.3475760776189629,1.6531130939443468,0.58186099999999996
1,597,-0.041532831125238985,0.50037500000000001,0.46999999999999997,0.8802104246182616,0.36241299326850562,0,0,0,58,True,0.0083912940854188132,False,False,0.00084786314457791824,1.1837821058171558,0.499774
0.84999999999999998,597,-0.52585229020218394,0.52600000000000002,0.53500000000000003,0.36289813893780271,0.7044238432048755,0,0,0,54,True,0.0084582262362990612,False,False,-0.29333850291300162,1.2098295592007686,0.52929400000000004
0.65000000000000002,597,-1.1794138920441777,0.56674999999999998,0.55500000000000005,0.81300950916385184,0.91571674723979357,0,0,0,56,True,0.0084025666620393732,False,False,-0.79834597969550514,1.3665569892860103,0.56369400000000003
0.5,597,-1.53571365589443,0.58299999999999996,0.58599999999999997,0.31649237284542303,0.083649947128436319,1,0,0,119,True,0.0087371984975285286,False,False,-1.3475760776189629,1.6531130939443468,0.58186099999999996
1,598,-0.12824410977439413,0.49125000000000002,0.495,0.63720944197378404,0.97938680588426152,0,0,0,51,True,0.0076166792654335236,False,False,0.00084786314457791824,1.1837821058171558,0.499774
0.84999999999999998,598,-0.65753054945740486,0.52487499999999998,0.51500000000000001,0.3092170218697296,0.5561260859511844,0,0,0,40,True,0.0077888795033152066,False,False,-0.29333850291300162,1.2098295592007686,0.52929400000000004
0.65000000000000002,598,-1.1964343086623399,0.55800000000000005,0.54400000000000004,0.92087762097696702,0.84400987848195941,0,0,0,69,True,0.0088178158648013986,False,False,-0.79834597969550514,1.3665569892860103,0.56369400000000003
0.5,598,-1.4944158375217327,0.57887500000000003,0.57699999999999996,0.020054745012427377,0.1546272604771213,1,0,0,120,True,0.0083432309944121482,False,False,-1.3475760776189629,1.6531130939443468,0.58186099999999996
1,599,0.010398995549183923,0.51300000000000001,0.52200000000000002,0.46089114491079153,0.0013497780609345704,0,0,0,51,True,0.008690561287734197,False,False,0.00084786314457791824,1.1837821058171558,0.499774
0.84999999999999998,599,-0.4382857514529373,0.53662500000000002,0.52600000000000002,0.88322784859138315,0.78805435003885982,0,0,0,42,True,0.0084578688426178127,False,False,-0.29333850291300162,1.2098295592007686,0.52929400000000004
0.65000000000000002,599,-1.0008762257597612,0.55625000000000002,0.55200000000000005,0.45161207687810023,0.40978035605212615,0,0,0,56,True,0.0083363837374639451,False,False,-0.79834597969550514,1.3665569892860103,0.56369400000000003
0.5,599,-1.3340986898106966,0.578125,0.55700000000000005,0.083425318787518493,0.16637074850523578,1,0,0,99,True,0.0082390674303258003,False,False,-1.3475760776189629,1.6531130939443468,0.58186099999999996
1,600,0.10099245278952282,0.49437500000000001,0.496,0.58620792837904157,0.8822077963773628,0,0,0,35,True,0.0083236990764188577,False,False,0.00084786314457791824,1.1837821058171558,0.499774
0.84999999999999998,600,-0.36663514786120194,0.52049999999999996,0.51000000000000001,0.45973070655587955,0.29408636086504125,0,0,0,49,True,0.0081906463261893821,False,False,-0.29333850291300162,1.2098295592007686,0.52929400000000004
0.65000000000000002,600,-1.0011159662096527,0.55600000000000005,0.56000000000000005,0.52026683247441408,0.23481578711512563,0,0,0,56,True,0.0085117639276545715,False,False,-0.79834597969550514,1.3665569892860103,0.56369400000000003
0.5,600,-1.3521390950498009,0.57337499999999997,0.57499999999999996,0.8406045682402794,0.81104953630357546,1,0,0,116,True,0.0084327310093298517,False,False,-1.3475760776189629,1.6531130939443468,0.58186099999999996
1,601,0.058081466503606925,0.50162499999999999,0.47499999999999998,0.97482738075474018,0.20113437794409045,0,0,0,37,True,0.0080459450606405625,False,False,0.00084786314457791824,1.1837821058171558,0.499774
0.84999999999999998,601,-0.39978654248198747,0.52875000000000005,0.50800000000000001,0.34517738784320384,0.22711345343336889,0,0,0,58,True,0.0081461102061986448,False,False,-0.29333850291300162,1.2098295592007686,0.52929400000000004
0.65000000000000002,601,-1.0741583378898141,0.56200000000000006,0.57299999999999995,0.049729170403433526,0.05814972971891464,1,0,0,99,True,0.008662756387304028,False,False,-0.79834597969550514,1.3665569892860103,0.56369400000000003
0.5,601,-1.4607227752384782,0.57862499999999994,0.57999999999999996,0.47854708389888656,0.74009927136844456,1,0,0,134,True,0.0083161335996150519,False,False,-1.3475760776189629,1.6531130939443468,0.58186099999999996
1,602,0.089108381166994377,0.50187499999999996,0.5,0.31269870052750348,0.77031935835658172,0,0,0,45,True,0.0089669240835957512,False,False,0.00084786314457791824,1.1837821058171558,0.499774
0.84999999999999998,602,-0.425533082150445,0.53400000000000003,0.52900000000000003,0.7955626519341652,0.49076810741294152,0,0,0,43,True,0.0086510943757130022,False,False,-0.29333850291300162,1.2098295592007686,0.52929400000000004
0.65000000000000002,602,-1.083928228032331,0.56437499999999996,0.55300000000000005,0.65193536544710262,0.56758869619299912,0,0,0,65,True,0.0084256010686466071,False,False,-0.79834597969550514,1.3665569892860103,0.56369400000000003
0.5,602,-1.4141724616227254,0.577125,0.58699999999999997,0.66804703286017819,0.69046390659507684,1,0,0,94,True,0.0085230483535507842,False,False,-1.3475760776189629,1.6531130939443468,0.58186099999999996
1,603,0.0098426677217384791,0.4955,0.49199999999999999,0.82206503771141182,0.2935498028510069,0,0,0,41,True,0.0081855260947745721,False,False,0.00084786314457791824,1.1837821058171558,0.499774
0.84999999999999998,603,-0.45918740667494889,0.52387499999999998,0.51500000000000001,0.87732570109086727,0.93689793346559935,0,0,0,40,True,0.0080852062553987535,False,False,-0.29333850291300162,1.2098295592007686,0.52929400000000004
0.65000000000000002,603,-1.0175109391282426,0.56974999999999998,0.56899999999999995,0.24383724866612289,0.40760537152951903,1,0,0,109,True,0.0079276463682372358,False,False,-0.79834597969550514,1.3665569892860103,0.56369400000000003
0.5,603,-1.382017139537933,0.58712500000000001,0.57699999999999996,0.46106504863387454,0.61254163330521405,1,0,0,129,True,0.008300685539037525,False,False,-1.3475760776189629,1.6531130939443468,0.58186099999999996
1,604,-0.13364219322664814,0.50862499999999999,0.50900000000000001,0.72947588242777095,0.58126500313311902,0,0,0,41,True,0.0089998559501983395,False,False,0.00084786314457791824,1.1837821058171558,0.499774
0.84999999999999998,604,-0.61111176475042917,0.53787499999999999,0.52900000000000003,0.1893097190414445,0.93203429051421216,0,0,0,55,True,0.0091568329786109286,False,False,-0.29333850291300162,1.2098295592007686,0.52929400000000004
0.65000000000000002,604,-1.2720902180775968,0.56625000000000003,0.55900000000000005,0.3853954510736769,0.61680107073829937,0,0,0,70,True,0.0085747174166790723,False,False,-0.79834597969550514,1.3665569892860103,0.56369400000000003
0.5,604,-1.5750006752491525,0.58612500000000001,0.57399999999999995,0.36453201917693412,0.26590401351115162,1,0,0,115,True,0.0084003221271695683,False,False,-1.3475760776189629,1.6531130939443468,0.58186099999999996
1,605,-0.020992571088716248,0.502,0.51600000000000001,0.28093942951081058,0.38349862782281363,0,0,0,52,True,0.0094317005699842971,False,False,0.00084786314457791824,1.1837821058171558,0.499774
0.84999999999999998,605,-0.42399437964689646,0.52100000000000002,0.53200000000000003,0.73390609842492793,0.44532054441377977,0,0,0,44,True,0.0093787054977811229,False,False,-0.29333850291300162,1.2098295592007686,0.52929400000000004
0.65000000000000002,605,-1.0350604458426378,0.55649999999999999,0.54900000000000004,0.56552995556471974,0.35307415404184422,0,0,0,59,True,0.0086380110852473848,False,False,-0.79834597969550514,1.3665569892860103,0.56369400000000003
0.5,605,-1.3290649986832843,0.57787500000000003,0.56100000000000005,0.50136411241819989,0.61197592077327956,1,0,0,85,True,0.0086065424748435464,False,False,-1.3475760776189629,1.6531130939443468,0.58186099999999996
1,606,0.08466442103567981,0.49862499999999998,0.496,0.47361176713788355,0.35688346133318888,0,0,0,46,True,0.0086095704428438384,False,False,0.00084786314457791824,1.1837821058171558,0.499774
0.84999999999999998,606,-0.33678857338404944,0.53337500000000004,0.52800000000000002,0.27613072255982296,0.30926910611256991,1,0,0,90,True,0.0084347733023279955,False,False,-0.29333850291300162,1.2098295592007686,0.52929400000000004
0.65000000000000002,606,-1.0070490648741137,0.56774999999999998,0.56399999999999995,0.45047368405842902,0.50911460808476738,1,0,0,118,True,0.0088534475800883423,False,False,-0.79834597969550514,1.3665569892860103,0.56369400000000003
0.5,606,-1.3446613116119248,0.58725000000000005,0.57599999999999996,0.13265787366765411,0.18542701293549724,1,0,0,147,True,0.0085124336677996886,False,False,-1.3475760776189629,1.6531130939443468,0.58186099999999996
1,607,0.12329446846183559,0.50824999999999998,0.51800000000000002,0.7109321128349364,0.92236163414900496,0,0,0,35,True,0.0085095291171642506,False,False,0.00084786314457791824,1.1837821058171558,0.499774
0.84999999999999998,607,-0.35043677131598577,0.53674999999999995,0.55200000000000005,0.14698166896262838,0.23507700908521972,1,0,0,84,True,0.0084090647346503396,False,False,-0.29333850291300162,1.2098295592007686,0.52929400000000004
0.65000000000000002,607,-0.88748692145267816,0.56399999999999995,0.59699999999999998,0.46303408137852553,0.38658583858574652,1,0,0,93,True,0.0085327205797882805,False,False,-0.79834597969550514,1.3665569892860103,0.56369400000000003
0.5,607,-1.246494879706233,0.58150000000000002,0.59799999999999998,0.96499598185687308,0.90986505216054103,1,0,0,103,True,0.0085558358569035407,False,False,-1.3475760776189629,1.6531130939443468,0.58186099999999996
1,608,-0.11162590889944154,0.49537500000000001,0.505,0.046145620525546445,0.26857545969098168,0,0,0,70,True,0.0084428783712612067,False,False,0.00084786314457791824,1.1837821058171558,0.499774
0.84999999999999998,608,-0.57228612930880818,0.52312499999999995,0.51900000000000002,0.0065388384740730958,0.069933803031953498,0,1,0,49,True,0.0083806178250539053,False,False,-0.29333850291300162,1.2098295592007686,0.52929400000000004
0.65000000000000002,608,-1.1739939999486488,0.55912499999999998,0.55900000000000005,0.72255870016481583,0.80542936902573581,1,0,0,79,True,0.008809344864992184,False,False,-0.79834597969550514,1.3665569892860103,0.56369400000000003
0.5,608,-1.5298738357453094,0.57337499999999997,0.58699999999999997,0.50422774281996086,0.28196905792298615,1,0,0,110,True,0.0088317491094084648,False,False,-1.3475760776189629,1.6531130939443468,0.58186099999999996
1,609,0.088965786120259835,0.49612499999999998,0.46500000000000002,0.4036238336867593,0.30979354553572974,0,0,0,32,True,0.0080870485477027732,False,False,0.00084786314457791824,1.1837821058171558,0.499774
0.84999999999999998,609,-0.42911866526741282,0.51949999999999996,0.50700000000000001,0.37094072660746319,0.98298190813573505,0,0,0,43,True,0.0082470571458637051,False,False,-0.29333850291300162,1.2098295592007686,0.52929400000000004
0.65000000000000002,609,-1.2791364984702982,0.55437499999999995,0.53900000000000003,0.96603764852184237,0.77246797933041855,0,0,0,61,True,0.0086105999113085599,False,False,-0.79834597969550514,1.3665569892860103,0.56369400000000003
0.5,609,-1.8322175708891522,0.58387500000000003,0.58999999999999997,0.67956460158779208,0.72926208829164063,1,0,0,100,True,0.0086560653544479789,False,False,-1.3475760776189629,1.6531130939443468,0.58186099999999996
1,610,-0.033636277568215349,0.50249999999999995,0.49299999999999999,0.056127706287846017,0.45441122035927467,0,0,0,43,True,0.0088283539587879888,False,False,0.00084786314457791824,1.1837821058171558,0.499774
0.84999999999999998,610,-0.50069033783332118,0.53449999999999998,0.52300000000000002,0.73042592778672277,0.64537760328549454,0,0,0,72,True,0.0087963480792065465,False,False,-0.29333850291300162,1.2098295592007686,0.52929400000000004
0.65000000000000002,610,-1.0624751589600068,0.56499999999999995,0.56100000000000005,0.58449887240292742,0.54249881276778811,1,0,0,102,True,0.0087890388622569714,False,False,-0.79834597969550514,1.3665569892860103,0.56369400000000003
0.5,610,-1.3748868031613675,0.58412500000000001,0.58599999999999997,0.73760517846331863,0.44320888768379518,1,0,0,100,True,0.0088365509511122032,False,False,-1.3475760776189629,1.6531130939443468,0.58186099999999996
1,611,-0.10847215781646677,0.50175000000000003,0.51100000000000001,0.30623357575150684,0.29169209216167236,0,0,0,38,True,0.0087428081417512127,False,False,0.00084786314457791824,1.1837821058171558,0.499774
0.84999999999999998,611,-0.57932245454161635,0.52837500000000004,0.53600000000000003,0.72456426358390713,0.71955400540041581,0,0,0,48,True,0.0088484275256302935,False,False,-0.29333850291300162,1.2098295592007686,0.52929400000000004
0.65000000000000002,611,-1.1046480590424628,0.55837499999999995,0.59099999999999997,0.9082368966233404,0.88284472987478912,1,0,0,77,True,0.0086934130779746186,False,False,-0.79834597969550514,1.3665569892860103,0.56369400000000003
0.5,611,-1.4493796330494813,0.57287500000000002,0.59999999999999998,0.41256829306518233,0.35009985138461303,1,0,0,75,True,0.0081205482714066819,False,False,-1.3475760776189629,1.6531130939443468,0.58186099999999996
1,612,0.29356421397712312,0.48525000000000001,0.47499999999999998,0.16426156532215128,0.3259459788625918,0,0,0,58,True,0.0081721547987206357,False,False,0.00084786314457791824,1.1837821058171558,0.499774
0.84999999999999998,612,-0.275210715087358,0.52175000000000005,0.51200000000000001,0.73496194451902919,0.66387795983280895,0,0,0,54,True,0.0084678034656575363,False,False,-0.29333850291300162,1.2098295592007686,0.52929400000000004
0.65000000000000002,612,-1.0162005948797899,0.5585,0.54000000000000004,0.83262965132765154,0.75637054735727782,1,0,0,82,True,0.0088139347203213033,False,False,-0.79834597969550514,1.3665569892860103,0.56369400000000003
0.5,612,-1.4497425313668972,0.57525000000000004,0.58199999999999996,0.11265333504925128,0.15648961144476833,1,0,0,93,True,0.0090459088367289917,False,False,-1.3475760776189629,1.6531130939443468,0.58186099999999996
1,613,0.12180585252654406,0.50662499999999999,0.52900000000000003,0.0050048909145061892,0.11283098207251467,0,0,0,56,True,0.0085731277511431527,False,False,0.00084786314457791824,1.1837821058171558,0.499774
0.84999999999999998,613,-0.4036812817071932,0.53474999999999995,0.56100000000000005,0.40165028061252395,0.16214098899187851,1,0,0,76,True,0.0087507883943165592,False,False,-0.29333850291300162,1.2098295592007686,0.52929400000000004
0.65000000000000002,613,-0.97439626206269769,0.56725000000000003,0.58399999999999996,0.62292043432009936,0.88964492589203725,0,0,0,74,True,0.0088561210610303698,False,False,-0.79834597969550514,1.3665569892860103,0.56369400000000003
0.5,613,-1.3036695282172552,0.58350000000000002,0.59899999999999998,0.64021644708113179,0.72392236190998571,1,0,0,114,True,0.0086123219569675512,False,False,-1.3475760776189629,1.6531130939443468,0.58186099999999996
1,614,-0.0075554290088688204,0.49175000000000002,0.49399999999999999,0.44645533838568163,0.85521328604392965,0,0,0,46,True,0.008063767337671137,False,False,0.00084786314457791824,1.1837821058171558,0.499774
0.84999999999999998,614,-0.4517394638084713,0.52725,0.50800000000000001,0.67706256787777841,0.0048013222570756596,1,0,0,79,True,0.0079147869333900701,False,False,-0.29333850291300162,1.2098295592007686,0.52929400000000004
0.65000000000000002,614,-1.1650541341429472,0.56274999999999997,0.56100000000000005,0.033070036360665939,0.042324213523293373,1,1,1,185,True,0.0083377480691325858,False,False,-0.79834597969550514,1.3665569892860103,0.56369400000000003
0.5,614,-1.471694020079277,0.58087500000000003,0.57799999999999996,0.68878178137621882,0.27389296473721675,1,0,0,181,True,0.0080692494878127491,False,False,-1.3475760776189629,1.6531130939443468,0.58186099999999996
1,615,0.029101838973148782,0.501,0.52400000000000002,0.038340243729201751,0.067775428230215887,0,0,0,58,True,0.0077719355526548514,False,False,0.00084786314457791824,1.1837821058171558,0.499774
0.84999999999999998,615,-0.39975469633554978,0.52725,0.53600000000000003,0.9361135202845825,0.3325575984864792,0,0,0,44,True,0.0078252138750499398,False,False,-0.29333850291300162,1.2098295592007686,0.52929400000000004
0.65000000000000002,615,-1.1045225012071458,0.56625000000000003,0.56899999999999995,0.27615607541319631,0.38540979049064139,1,0,0,83,True,0.0083594417637996229,False,False,-0.79834597969550514,1.3665569892860103,0.56369400000000003
0.5,615,-1.3991986908226901,0.58225000000000005,0.58299999999999996,0.31180194949827078,0.51468697896321547,1,0,0,95,True,0.0087957839675164486,False,False,-1.3475760776189629,1.6531130939443468,0.58186099999999996
1,616,-0.020322790796713189,0.5,0.52000000000000002,0.28570092446553047,0.83517181486506464,0,0,0,54,True,0.0082739609582356283,False,False,0.00084786314457791824,1.1837821058171558,0.499774
0.84999999999999998,616,-0.46112436160536152,0.53125,0.54800000000000004,0.3242921525110149,0.5530431912934376,0,0,0,60,True,0.0083802477629344556,False,False,-0.29333850291300162,1.2098295592007686,0.52929400000000004
0.65000000000000002,616,-1.010500948882177,0.56787500000000002,0.57499999999999996,0.61631580168114253,0.34738242171099371,1,0,0,136,True,0.0086619396238384102,False,False,-0.79834597969550514,1.3665569892860103,0.56369400000000003
0.5,616,-1.3447094448722106,0.58762499999999995,0.58199999999999996,0.0082794355455891814,0.0096215503957093346,1,1,1,214,True,0.0086347743357672053,False,False,-1.3475760776189629,1.6531130939443468,0.58186099999999996
1,617,0.082121589419477128,0.50024999999999997,0.496,0.52637159554712576,0.86975334503202895,0,0,0,45,True,0.0082856696113882324,False,False,0.00084786314457791824,1.1837821058171558,0.499774
0.84999999999999998,617,-0.39741614001782327,0.53287499999999999,0.54000000000000004,0.36724861738759401,0.1002697898941966,0,0,0,46,True,0.0087856611441186252,False,False,-0.29333850291300162,1.2098295592007686,0.52929400000000004
0.65000000000000002,617,-1.0878645987102091,0.56574999999999998,0.57299999999999995,0.93323362775040586,0.79373471607315027,0,0,0,66,True,0.0083724094900634264,False,False,-0.79834597969550514,1.3665569892860103,0.56369400000000003
0.5,617,-1.4216041682655975,0.58087500000000003,0.58499999999999996,0.82641630058351556,0.86182066631532017,1,0,0,86,True,0.0083553523264391361,False,False,-1.3475760776189629,1.6531130939443468,0.58186099999999996
1,618,0.05513515476306622,0.49399999999999999,0.50900000000000001,0.08690143443294128,0.13713291696818491,0,0,0,46,True,0.007912001167535326,False,False,0.00084786314457791824,1.1837821058171558,0.499774
0.84999999999999998,618,-0.34369619371194071,0.52075000000000005,0.55300000000000005,0.96523900487409209,0.75089021363546093,0,0,1,48,True,0.0078721991729510925,False,False,-0.29333850291300162,1.2098295592007686,0.52929400000000004
0.65000000000000002,618,-0.95366671017180893,0.55349999999999999,0.57799999999999996,0.60274708085618411,0.73921037596897898,0,0,0,57,True,0.008656211946970532,False,False,-0.79834597969550514,1.3665569892860103,0.56369400000000003
0.5,618,-1.3150715172023359,0.57212499999999999,0.59499999999999997,0.17118664469937483,0.60872641865189592,0,0,0,59,True,0.0088861262811476393,False,False,-1.3475760776189629,1.6531130939443468,0.58186099999999996
1,619,0.065945461808340905,0.49912499999999999,0.47999999999999998,0.52084534265997784,0.3178534101712911,0,0,0,48,True,0.0081915392294071403,False,False,0.00084786314457791824,1.1837821058171558,0.499774
0.84999999999999998,619,-0.44394344680910919,0.52787499999999998,0.501,0.2012903993136255,0.23370611109430589,0,0,0,65,True,0.0083299326907021656,False,False,-0.29333850291300162,1.2098295592007686,0.52929400000000004
0.65000000000000002,619,-1.0584291237962986,0.56200000000000006,0.52900000000000003,0.011064211181422838,0.031134633267126708,1,0,0,86,True,0.0077753384673250958,False,False,-0.79834597969550514,1.3665569892860103,0.56369400000000003
0.5,619,-1.4045153060740823,0.57925000000000004,0.55100000000000005,0.34178973999822737,0.5469837272131346,1,0,0,133,True,0.0083244381691232622,False,False,-1.3475760776189629,1.6531130939443468,0.58186099999999996
1,620,0.17205410367683119,0.49437500000000001,0.498,0.86107888649299502,0.29006259592319289,0,0,0,38,True,0.0081517661169971615,False,False,0.00084786314457791824,1.1837821058171558,0.499774
0.84999999999999998,620,-0.67299306117072333,0.53262500000000002,0.53300000000000003,0.52994930178322319,0.40058424217132338,0,0,0,48,True,0.0083544611617059374,False,False,-0.29333850291300162,1.2098295592007686,0.52929400000000004
0.65000000000000002,620,-1.3507364524616918,0.57537499999999997,0.57799999999999996,0.28745288963865467,0.73477899387972456,1,0,0,87,True,0.0080332148726901999,False,False,-0.79834597969550514,1.3665569892860103,0.56369400000000003
0.5,620,-1.8315700448389562,0.58650000000000002,0.58299999999999996,0.5291795715546681,0.33719620635299957,1,0,0,149,True,0.0079591385494266666,False,False,-1.3475760776189629,1.6531130939443468,0.58186099999999996
1,621,-0.06126971934309413,0.50487499999999996,0.52400000000000002,0.56581392814085341,0.50893942878262266,0,0,0,45,True,0.0084163743294249933,False,False,0.00084786314457791824,1.1837821058171558,0.499774
0.84999999999999998,621,-0.50847257156457859,0.541875,0.54300000000000004,0.55221170326065572,0.52170158824493451,1,0,0,76,True,0.0085059449345062082,False,False,-0.29333850291300162,1.2098295592007686,0.52929400000000004
0.65000000000000002,621,-1.0858834796577046,0.573125,0.56299999999999994,0.33745556007745847,0.2854552567610058,1,0,0,90,True,0.0087239136440813297,False,False,-0.79834597969550514,1.3665569892860103,0.56369400000000003
0.5,621,-1.4312996074411322,0.58862499999999995,0.57799999999999996,0.62246652585290574,0.53101573685747372,1,0,0,106,True,0.0086643893722469813,False,False,-1.3475760776189629,1.6531130939443468,0.58186099999999996
1,622,-0.10674418915492552,0.4955,0.53300000000000003,0.2699091920355578,0.59218715506929231,0,0,0,36,True,0.0086106425244500424,False,False,0.00084786314457791824,1.1837821058171558,0.499774
0.84999999999999998,622,-0.49763597987382285,0.52424999999999999,0.54100000000000004,0.35769788726830581,0.22715293611261456,0,0,0,46,True,0.0084283235091123926,False,False,-0.29333850291300162,1.2098295592007686,0.52929400000000004
0.65000000000000002,622,-1.0394856537948074,0.56374999999999997,0.57999999999999996,0.38222964722335051,0.34758161319201997,0,0,0,74,True,0.0084287617971212248,False,False,-0.79834597969550514,1.3665569892860103,0.56369400000000003
0.5,622,-1.342700131553145,0.58137499999999998,0.59399999999999997,0.9440862209944908,0.83911089526401383,1,0,0,142,True,0.0084292014602559712,False,False,-1.3475760776189629,1.6531130939443468,0.58186099999999996
1,623,0.023497735378085791,0.50175000000000003,0.49199999999999999,0.56764579644337243,0.70189759764951642,0,0,0,36,True,0.0083273699861233421,False,False,0.00084786314457791824,1.1837821058171558,0.499774
0.84999999999999998,623,-0.45096882994027143,0.52975000000000005,0.53100000000000003,0.56514883382410008,0.9156120372852995,0,0,0,45,True,0.0081087676399312809,False,False,-0.29333850291300162,1.2098295592007686,0.52929400000000004
0.65000000000000002,623,-1.0696409095495478,0.57262500000000005,0.56000000000000005,0.36210256389280454,0.37295177387237,1,0,0,82,True,0.0077223356408429025,False,False,-0.79834597969550514,1.3665569892860103,0.56369400000000003
0.5,623,-1.3761539544884067,0.58750000000000002,0.58099999999999996,0.70255346124887086,0.86411968807037542,1,0,0,129,True,0.0075014110921605192,False,False,-1.3475760776189629,1.6531130939443468,0.58186099999999996
1,624,0.076199341973967091,0.50800000000000001,0.501,0.48699935180689102,0.84846065735696075,0,0,0,47,True,0.0079274976331569474,False,False,0.00084786314457791824,1.1837821058171558,0.499774
0.84999999999999998,624,-0.48290569320787674,0.53512499999999996,0.53200000000000003,0.77188030310238009,0.40661018835324275,0,0,0,44,True,0.007964852638515256,False,False,-0.29333850291300162,1.2098295592007686,0.52929400000000004
0.65000000000000002,624,-1.0622015061900616,0.56112499999999998,0.56299999999999994,0.43896375871434928,0.23212426967241134,0,0,0,68,True,0.0080439409757108154,False,False,-0.79834597969550514,1.3665569892860103,0.56369400000000003
0.5,624,-1.4743562118872577,0.58387500000000003,0.58999999999999997,0.50823371731279232,0.41130634714048764,1,0,0,200,True,0.007788928067287022,False,False,-1.3475760776189629,1.6531130939443468,0.58186099999999996
1,625,0.013834994559432242,0.50162499999999999,0.49299999999999999,0.20107370474303929,0.79305146277048233,0,0,0,41,True,0.007901805372405462,False,False,0.00084786314457791824,1.1837821058171558,0.499774
0.84999999999999998,625,-0.44867595794184562,0.53174999999999994,0.52700000000000002,0.4859901286955447,0.81192719758477783,0,0,0,43,True,0.0080777975923902109,False,False,-0.29333850291300162,1.2098295592007686,0.52929400000000004
0.65000000000000002,625,-1.0623169654659783,0.56525000000000003,0.55200000000000005,0.57820050836750458,0.82343837172107315,1,0,0,105,True,0.0078449679811087233,False,False,-0.79834597969550514,1.3665569892860103,0.56369400000000003
0.5,625,-1.3730401870528828,0.58725000000000005,0.57099999999999995,0.9610583310359686,0.77327773240424102,1,0,0,168,True,0.0076696334193073418,False,False,-1.3475760776189629,1.6531130939443468,0.58186099999999996
1,626,-0.079877738185839792,0.50412500000000005,0.47699999999999998,0.9389420624496122,0.97328148366130207,0,0,0,37,True,0.0084662555430556827,False,False,0.00084786314457791824,1.1837821058171558,0.499774
0.84999999999999998,626,-0.58962529382824791,0.53174999999999994,0.51500000000000001,0.5205360665827149,0.8759036210741491,0,0,0,55,True,0.0082507351347584704,False,False,-0.29333850291300162,1.2098295592007686,0.52929400000000004
0.65000000000000002,626,-1.1576774114599293,0.56025000000000003,0.54300000000000004,0.1802405928788342,0.2254130455767111,1,0,0,93,True,0.0085735273994457448,False,False,-0.79834597969550514,1.3665569892860103,0.56369400000000003
0.5,626,-1.4551809213147955,0.57825000000000004,0.58199999999999996,0.44989503931065211,0.41533485669944803,1,0,0,104,True,0.0084951820822606102,False,False,-1.3475760776189629,1.6531130939443468,0.58186099999999996
1,627,-0.18783117865021784,0.497,0.50800000000000001,0.2109767254541772,0.010870374743581006,0,0,0,56,True,0.0092162517820591171,False,False,0.00084786314457791824,1.1837821058171558,0.499774
0.84999999999999998,627,-0.66519567204299868,0.52562500000000001,0.55300000000000005,0.0037821259756923749,0.039981467313148292,0,0,0,50,True,0.009013474542716662,False,False,-0.29333850291300162,1.2098295592007686,0.52929400000000004
0.65000000000000002,627,-1.2285686817230332,0.56437499999999996,0.58999999999999997,0.40519819382793937,0.35396707499145308,1,0,0,78,True,0.0088082418645883381,False,False,-0.79834597969550514,1.3665569892860103,0.56369400000000003
0.5,627,-1.6070356993002313,0.57987500000000003,0.58599999999999997,0.99176350721705986,0.99682167330363181,1,0,0,95,True,0.0082108035567772797,False,False,-1.3475760776189629,1.6531130939443468,0.58186099999999996
1,628,-0.10536075906281718,0.49299999999999999,0.48799999999999999,0.12104290548458492,0.18823383983282008,0,0,0,53,True,0.0083195723151211244,False,False,0.00084786314457791824,1.1837821058171558,0.499774
0.84999999999999998,628,-0.59101305346890909,0.52549999999999997,0.52200000000000002,0.0068444297258749695,0.091898332912376923,0,0,0,49,True,0.0084676591946794156,False,False,-0.29333850291300162,1.2098295592007686,0.52929400000000004
0.65000000000000002,628,-1.1636206886788245,0.56637499999999996,0.55300000000000005,0.75084558157175152,0.88625335814016781,0,0,0,65,True,0.0089663070578017545,False,False,-0.79834597969550514,1.3665569892860103,0.56369400000000003
0.5,628,-1.5599023900697115,0.58162499999999995,0.57299999999999995,0.48871213245415801,0.20958948109848413,1,0,0,153,True,0.008636116517876739,False,False,-1.3475760776189629,1.6531130939443468,0.58186099999999996
1,629,0.024396463702859382,0.501,0.51400000000000001,0.81460313353594804,0.91278325381781544,0,0,0,37,True,0.0079849722526741367,False,False,0.00084786314457791824,1.1837821058171558,0.499774
0.84999999999999998,629,-0.42468404853512032,0.53274999999999995,0.55000000000000004,0.2038693612828387,0.050471665251230306,0,0,0,60,True,0.0078207262321453603,False,False,-0.29333850291300162,1.2098295592007686,0.52929400000000004
0.65000000000000002,629,-0.94190512089670364,0.573125,0.57599999999999996,0.079072357414095185,0.13147463001282836,0,0,0,74,True,0.0078159697713249057,False,False,-0.79834597969550514,1.3665569892860103,0.56369400000000003
0.5,629,-1.2461199812269432,0.58474999999999999,0.58899999999999997,0.24330124693699362,0.32501319687960983,1,0,0,112,True,0.008167651325586044,False,False,-1.3475760776189629,1.6531130939443468,0.58186099999999996
1,630,0.042277861760523762,0.49137500000000001,0.48799999999999999,0.72648717954384034,0.27855029384071583,0,0,0,52,True,0.009010237627764317,False,False,0.00084786314457791824,1.1837821058171558,0.499774
0.84999999999999998,630,-0.47519376312205008,0.52612499999999995,0.52800000000000002,0.95329815929474171,0.9699213756913363,0,0,0,46,True,0.0089702126574361021,False,False,-0.29333850291300162,1.2098295592007686,0.52929400000000004
0.65000000000000002,630,-1.0884775593738347,0.55987500000000001,0.55700000000000005,0.53892452221529874,0.44189642880704977,0,0,0,66,True,0.0086210985729772132,False,False,-0.79834597969550514,1.3665569892860103,0.56369400000000003
0.5,630,-1.4344964407389933,0.57987500000000003,0.57699999999999996,0.26519676701709577,0.13639033357667851,1,0,0,119,True,0.0088431777165166488,False,False,-1.3475760776189629,1.6531130939443468,0.58186099999999996
1,631,0.036546608676597717,0.49912499999999999,0.50900000000000001,0.85578727299138468,0.43489222197560018,0,0,0,51,True,0.0088011767156563996,False,False,0.00084786314457791824,1.1837821058171558,0.499774
0.84999999999999998,631,-0.60159493873022263,0.52424999999999999,0.53200000000000003,0.29600267517055451,0.077170912813399398,0,0,0,51,True,0.0090853078708945101,False,False,-0.29333850291300162,1.2098295592007686,0.52929400000000004
0.65000000000000002,631,-1.1938634507556305,0.55625000000000002,0.57499999999999996,0.65990211683134203,0.56121907791565384,1,0,0,108,True,0.0092363398834129761,False,False,-0.79834597969550514,1.3665569892860103,0.56369400000000003
0.5,631,-1.6015971510321554,0.56987500000000002,0.58799999999999997,0.24494386674513507,0.30066530014121862,1,0,0,95,True,0.0084983898606136241,False,False,-1.3475760776189629,1.6531130939443468,0.58186099999999996
1,632,-0.027237838657219671,0.49387500000000001,0.504,0.56090219073710101,0.40727180883259545,0,0,0,41,True,0.0080827819480725014,False,False,0.00084786314457791824,1.1837821058171558,0.499774
0.84999999999999998,632,-0.49545509184546632,0.52662500000000001,0.52100000000000002,0.49248658306837789,0.38545357961790638,0,0,0,44,True,0.0084646008933472929,False,False,-0.29333850291300162,1.2098295592007686,0.52929400000000004
0.65000000000000002,632,-1.1402611297470653,0.56974999999999998,0.58399999999999996,0.57856586418866096,0.52550843633914435,0,0,0,69,True,0.0086875403479950344,False,False,-0.79834597969550514,1.3665569892860103,0.56369400000000003
0.5,632,-1.4530668305699177,0.59025000000000005,0.60099999999999998,0.25729091473444116,0.18543053045006302,1,0,0,145,True,0.0088569134025321631,False,False,-1.3475760776189629,1.6531130939443468,0.58186099999999996
1,633,0.10561837817307387,0.50349999999999995,0.52800000000000002,0.25566871467817703,0.16277604260749809,0,0,0,33,True,0.0079715175794251563,False,False,0.00084786314457791824,1.1837821058171558,0.499774
0.84999999999999998,633,-0.37082337961068046,0.53574999999999995,0.53400000000000003,0.66726511337442784,0.96292272766977094,0,0,0,59,True,0.008144175058950022,False,False,-0.29333850291300162,1.2098295592007686,0.52929400000000004
0.65000000000000002,633,-1.007914114478988,0.5665,0.54900000000000004,0.7286809334246811,0.30910789418381462,0,0,0,60,True,0.0084041606368209006,False,False,-0.79834597969550514,1.3665569892860103,0.56369400000000003
0.5,633,-1.3701059230464865,0.58799999999999997,0.55700000000000005,0.89928025189851934,0.95109128305073998,1,0,0,126,True,0.0086602309170857351,False,False,-1.3475760776189629,1.6531130939443468,0.58186099999999996
1,634,-0.033489729324889403,0.49875000000000003,0.51000000000000001,0.020257694072766882,0.19401938926207898,0,0,0,39,True,0.0086992301032120731,False,False,0.00084786314457791824,1.1837821058171558,0.499774
0.84999999999999998,634,-0.50620506696753109,0.52712499999999995,0.53400000000000003,0.85347342177498098,0.36850857299719947,0,0,0,46,True,0.008342769353758937,False,False,-0.29333850291300162,1.2098295592007686,0.52929400000000004
0.65000000000000002,634,-1.1413409222704418,0.56112499999999998,0.55400000000000005,0.73526764633022057,0.34576062320726481,0,0,0,52,True,0.0079450659641975875,False,False,-0.79834597969550514,1.3665569892860103,0.56369400000000003
0.5,634,-1.4362397683169255,0.580125,0.56599999999999995,0.77179125378393187,0.69154606751421444,1,0,0,108,True,0.0082933862199932665,False,False,-1.3475760776189629,1.6531130939443468,0.58186099999999996
1,635,0.02442637361631118,0.49049999999999999,0.48599999999999999,0.1100087464385059,0.25705761139430416,0,0,0,45,True,0.0089948855577469868,False,False,0.00084786314457791824,1.1837821058171558,0.499774
0.84999999999999998,635,-0.4412560062492496,0.52987499999999998,0.53500000000000003,0.89421895237294446,0.69267278349507122,0,0,0,54,True,0.0089911413158028364,False,False,-0.29333850291300162,1.2098295592007686,0.52929400000000004
0.65000000000000002,635,-1.030568292969323,0.56574999999999998,0.56000000000000005,0.55601971488620316,0.42719142020389561,0,0,0,66,True,0.0092053465397646771,False,False,-0.79834597969550514,1.3665569892860103,0.56369400000000003
0.5,635,-1.3734787986669021,0.583125,0.57599999999999996,0.37875823152221733,0.61090060070215102,1,0,0,107,True,0.00868652738286569,False,False,-1.3475760776189629,1.6531130939443468,0.58186099999999996
1,636,0.047772384582906474,0.50875000000000004,0.51700000000000002,0.75242383969547,0.86328558577000458,0,0,0,38,True,0.0079723420033462559,False,False,0.00084786314457791824,1.1837821058171558,0.499774
0.84999999999999998,636,-0.42603671297397361,0.53300000000000003,0.54800000000000004,0.039083883823805787,0.059633299799367413,0,0,0,64,True,0.0081747950146737816,False,False,-0.29333850291300162,1.2098295592007686,0.52929400000000004
0.65000000000000002,636,-0.98410505647322022,0.56587500000000002,0.56799999999999995,0.42836208611385557,0.32648019344193946,0,0,0,63,True,0.008487829083076659,False,False,-0.79834597969550514,1.3665569892860103,0.56369400000000003
0.5,636,-1.3388915689086949,0.57774999999999999,0.58699999999999997,0.11231912709576768,0.42676400479948834,1,0,0,82,True,0.0085413933356017577,False,False,-1.3475760776189629,1.6531130939443468,0.58186099999999996
1,637,-0.019119815365377647,0.49812499999999998,0.48699999999999999,0.73718748066358286,0.3844007953767492,0,0,0,61,True,0.0084460169745589793,False,False,0.00084786314457791824,1.1837821058171558,0.499774
0.84999999999999998,637,-0.52961305357012145,0.52925,0.51400000000000001,0.75155023502921559,0.69209439591838451,0,0,0,50,True,0.0083254454482472057,False,False,-0.29333850291300162,1.2098295592007686,0.52929400000000004
0.65000000000000002,637,-1.1852720168207511,0.55987500000000001,0.54100000000000004,0.073606332506858288,0.018378029199439226,0,0,0,72,True,0.0085199820219671492,False,False,-0.79834597969550514,1.3665569892860103,0.56369400000000003
0.5,637,-1.532564587287349,0.57487500000000002,0.56599999999999995,0.030349148629848707,0.042680009399273175,1,0,0,171,True,0.0086391579520544177,False,False,-1.3475760776189629,1.6531130939443468,0.58186099999999996
1,638,0.15679887015666971,0.50237500000000002,0.48999999999999999,0.80068084234396286,0.99569406852464781,0,0,0,45,True,0.0088539620457909612,False,False,0.00084786314457791824,1.1837821058171558,0.499774
0.84999999999999998,638,-0.24205200524874074,0.52687499999999998,0.50600000000000001,0.84474115208438549,0.21621135830510541,0,0,0,59,True,0.0089202000202557429,False,False,-0.29333850291300162,1.2098295592007686,0.52929400000000004
0.65000000000000002,638,-0.90114704079707686,0.56137499999999996,0.52800000000000002,0.2204595438341948,0.35412302804424256,1,0,0,92,True,0.0084692647374116081,False,False,-0.79834597969550514,1.3665569892860103,0.56369400000000003
0.5,638,-1.2423829184808752,0.57687500000000003,0.54300000000000004,0.29020418263700576,0.6892027843287799,1,0,0,92,True,0.0084564576369288904,False,False,-1.3475760776189629,1.6531130939443468,0.58186099999999996
1,639,-0.10213609141569868,0.49312499999999998,0.50900000000000001,0.43922459284355098,0.029000463322378975,0,0,0,31,True,0.0080125811422182003,False,False,0.00084786314457791824,1.1837821058171558,0.499774
0.84999999999999998,639,-0.60290538146309725,0.52837500000000004,0.53200000000000003,0.42744214362874267,0.49188367037090908,0,0,0,50,True,0.007922489036389823,False,False,-0.29333850291300162,1.2098295592007686,0.52929400000000004
0.65000000000000002,639,-1.1433195112232015,0.55374999999999996,0.55800000000000005,0.92844185753318476,0.96872321943668049,0,0,0,61,True,0.0083538498236071321,False,False,-0.79834597969550514,1.3665569892860103,0.56369400000000003
0.5,639,-1.4791650638265184,0.57274999999999998,0.57999999999999996,0.73393570753092963,0.64405339579329368,1,0,0,156,True,0.0087143290993302973,False,False,-1.3475760776189629,1.6531130939443468,0.58186099999999996
1,640,-0.013316635900248326,0.495,0.52000000000000002,0.65114500073928061,0.61930799388694324,0,0,0,47,True,0.0081183007291173604,False,False,0.00084786314457791824,1.1837821058171558,0.499774
0.84999999999999998,640,-0.45635624760958021,0.51987499999999998,0.53200000000000003,0.40554120020461037,0.78561767394274706,0,0,0,41,True,0.0081562761746164052,False,False,-0.29333850291300162,1.2098295592007686,0.52929400000000004
0.65000000000000002,640,-1.1589681796221243,0.55400000000000005,0.56000000000000005,0.41321932997607358,0.4630453646970083,1,0,0,97,True,0.0085204810783108299,False,False,-0.79834597969550514,1.3665569892860103,0.56369400000000003
0.5,640,-1.4860045314876509,0.57850000000000001,0.56599999999999995,0.34085060551021562,0.46797992461531157,1,0,0,107,True,0.0086650728043074325,False,False,-1.3475760776189629,1.6531130939443468,0.58186099999999996
1,641,-0.015908238776516568,0.48925000000000002,0.505,0.074260812594561604,0.28995880041635341,0,0,0,39,True,0.0083095258397561517,False,False,0.00084786314457791824,1.1837821058171558,0.499774
0.84999999999999998,641,-0.47019309823271421,0.52437500000000004,0.54100000000000004,0.098365908093343959,0.051729811800556753,0,0,0,53,True,0.0082912011919309015,False,False,-0.29333850291300162,1.2098295592007686,0.52929400000000004
0.65000000000000002,641,-1.0427815054523877,0.56987500000000002,0.57999999999999996,0.22907880097804983,0.091396002588560329,1,0,0,80,True,0.0082148713010868363,False,False,-0.79834597969550514,1.3665569892860103,0.56369400000000003
0.5,641,-1.3570148088850962,0.58637499999999998,0.58399999999999996,0.60839153303954907,0.18844532554676252,1,0,0,103,True,0.0081019270326100849,False,False,-1.3475760776189629,1.6531130939443468,0.58186099999999996
1,642,0.077932112122334682,0.49349999999999999,0.48899999999999999,0.6070011129467191,0.64719184078283409,0,0,0,59,True,0.008526850879170168,False,False,0.00084786314457791824,1.1837821058171558,0.499774
0.84999999999999998,642,-0.35110320581992699,0.52587499999999998,0.504,0.97297491983382922,0.81413385108796588,0,0,0,52,True,0.008564248906332509,False,False,-0.29333850291300162,1.2098295592007686,0.52929400000000004
0.65000000000000002,642,-0.87295967310412881,0.56599999999999995,0.56699999999999995,0.99726688243570061,0.99764859538122419,0,0,0,74,True,0.0088972764857406864,False,False,-0.79834597969550514,1.3665569892860103,0.56369400000000003
0.5,642,-1.1688754482635857,0.58262499999999995,0.57899999999999996,0.54329018339426671,0.16798067166197247,1,0,0,100,True,0.0085541930056240931,False,False,-1.3475760776189629,1.6531130939443468,0.58186099999999996
1,643,-0.064313146051896281,0.51087499999999997,0.499,0.42442259904467089,0.62870618587628269,0,0,0,41,True,0.0083145755835347963,False,False,0.00084786314457791824,1.1837821058171558,0.499774
0.84999999999999998,643,-0.54022412767148265,0.54200000000000004,0.53200000000000003,0.65204577999076851,0.51413942267166046,0,0,0,74,True,0.0086155134962537898,False,False,-0.29333850291300162,1.2098295592007686,0.52929400000000004
0.65000000000000002,643,-1.136357372584776,0.57962499999999995,0.58899999999999997,0.37265228550872026,0.58504068861453384,1,0,0,93,True,0.0084636400008002589,False,False,-0.79834597969550514,1.3665569892860103,0.56369400000000003
0.5,643,-1.4774472255598434,0.59524999999999995,0.61399999999999999,0.79852935875721032,0.7463862679168225,1,0,0,320,True,0.0083179219471413816,False,False,-1.3475760776189629,1.6531130939443468,0.58186099999999996
1,644,0.025594628940033455,0.49025000000000002,0.47899999999999998,0.069396248787720063,0.06605234445307441,0,0,0,41,True,0.0085568564233250224,False,False,0.00084786314457791824,1.1837821058171558,0.499774
0.84999999999999998,644,-0.47971895979942436,0.52475000000000005,0.52300000000000002,0.59402992212123085,0.82829785537901879,0,0,0,55,True,0.0084000608353245933,False,False,-0.29333850291300162,1.2098295592007686,0.52929400000000004
0.65000000000000002,644,-1.0670722017443348,0.56637499999999996,0.55600000000000005,0.076983102706755568,0.22494570715501458,1,0,0,75,True,0.0088760432368847515,False,False,-0.79834597969550514,1.3665569892860103,0.56369400000000003
0.5,644,-1.3856873993530539,0.58437499999999998,0.57899999999999996,0.63015852829834451,0.55794050286828256,1,0,0,125,True,0.0087787096120427385,False,False,-1.3475760776189629,1.6531130939443468,0.58186099999999996
1,645,-0.020156123850199055,0.49962499999999999,0.495,0.88681488015596899,0.28538216569363328,0,0,0,47,True,0.0075268486611883003,False,False,0.00084786314457791824,1.1837821058171558,0.499774
0.84999999999999998,645,-0.55761569331812844,0.52737500000000004,0.53900000000000003,0.13810246614088775,0.17059802604424965,0,0,0,64,True,0.0076645859651772131,False,False,-0.29333850291300162,1.2098295592007686,0.52929400000000004
0.65000000000000002,645,-1.1671238080697504,0.56262500000000004,0.60099999999999998,0.48248090090837525,0.22862495078167575,1,0,0,75,True,0.0086463124979798082,False,False,-0.79834597969550514,1.3665569892860103,0.56369400000000003
0.5,645,-1.5682486592491649,0.58474999999999999,0.61599999999999999,0.34496742766071326,0.41796176688214276,1,0,1,157,True,0.0083120569916214759,False,False,-1.3475760776189629,1.6531130939443468,0.58186099999999996
1,646,-0.030604306621986866,0.50700000000000001,0.48599999999999999,0.70393575394982866,0.23212500189869048,0,0,0,53,True,0.0090657725126026475,False,False,0.00084786314457791824,1.1837821058171558,0.499774
0.84999999999999998,646,-0.57876668099095507,0.53549999999999998,0.503,0.92975276821552044,0.76866008242403383,0,0,0,61,True,0.0089308072209355778,False,False,-0.29333850291300162,1.2098295592007686,0.52929400000000004
0.65000000000000002,646,-1.1475806665054962,0.56312499999999999,0.54000000000000004,0.72949711529690175,0.64993697901153302,1,0,0,81,True,0.009095324460027792,False,False,-0.79834597969550514,1.3665569892860103,0.56369400000000003
0.5,646,-1.4511622556211003,0.58025000000000004,0.56599999999999995,0.75498708556334959,0.71865771133445688,1,0,0,95,True,0.0088377206264169221,False,False,-1.3475760776189629,1.6531130939443468,0.58186099999999996
1,647,-0.054992446442121902,0.48762499999999998,0.48699999999999999,0.097207265808429019,0.98193212797151341,0,0,0,33,True,0.0083930660380988117,False,False,0.00084786314457791824,1.1837821058171558,0.499774
0.84999999999999998,647,-0.56325820968511764,0.52362500000000001,0.52600000000000002,0.23941963302724742,0.82325039200500161,0,0,0,44,True,0.0080289349674924539,False,False,-0.29333850291300162,1.2098295592007686,0.52929400000000004
0.65000000000000002,647,-1.1311989989460272,0.56262500000000004,0.57099999999999995,0.42482672266800414,0.64956750872789515,1,0,0,119,True,0.0084305667223532575,False,False,-0.79834597969550514,1.3665569892860103,0.56369400000000003
0.5,647,-1.5139364266849742,0.58087500000000003,0.57799999999999996,0.19772104629285706,0.28080659551107673,1,0,0,119,True,0.0084612267735332831,False,False,-1.3475760776189629,1.6531130939443468,0.58186099999999996
1,648,-0.049758988444098623,0.49625000000000002,0.50700000000000001,0.41674164292185489,0.14352725040633346,0,0,0,44,True,0.0079826220727035654,False,False,0.00084786314457791824,1.1837821058171558,0.499774
0.84999999999999998,648,-0.45895123506735264,0.52849999999999997,0.55000000000000004,0.14688419893360158,0.49011874767958641,0,0,0,58,True,0.0081203783254893934,False,False,-0.29333850291300162,1.2098295592007686,0.52929400000000004
0.65000000000000002,648,-1.0399189987898418,0.56399999999999995,0.59299999999999997,0.6242120493302914,0.54357117621746798,0,0,1,62,True,0.008338389609693948,False,False,-0.79834597969550514,1.3665569892860103,0.56369400000000003
0.5,648,-1.3429140679940723,0.57999999999999996,0.59499999999999997,0.27603423289950807,0.20156770159884926,1,0,0,125,True,0.0084959237260149156,False,False,-1.3475760776189629,1.6531130939443468,0.58186099999999996
1,649,0.0016937760107471095,0.50587499999999996,0.502,0.55330060477360321,0.85071226891544671,0,0,0,38,True,0.0082975637502049181,False,False,0.00084786314457791824,1.1837821058171558,0.499774
0.84999999999999998,649,-0.40033639168912594,0.53674999999999995,0.54200000000000004,0.92383765506868498,0.93522607287304937,0,0,0,58,True,0.0080339758227086985,False,False,-0.29333850291300162,1.2098295592007686,0.52929400000000004
0.65000000000000002,649,-0.95650481700509038,0.56762500000000005,0.56399999999999995,0.468500622868945,0.67744528064202958,1,0,0,75,True,0.0084935021587508111,False,False,-0.79834597969550514,1.3665569892860103,0.56369400000000003
0.5,649,-1.3009963688240238,0.58412500000000001,0.58299999999999996,0.47629725892166985,0.35268094956637469,1,0,0,93,True,0.0085721515244809709,False,False,-1.3475760776189629,1.6531130939443468,0.58186099999999996
1,650,-0.027283767070192335,0.497,0.48499999999999999,0.085106186600258441,0.011777925868113895,0,0,0,56,True,0.0086012151737297725,False,False,0.00084786314457791824,1.1837821058171558,0.499774
0.84999999999999998,650,-0.49761740056912768,0.52687499999999998,0.52200000000000002,0.21068735388119883,0.55776005409454565,0,0,0,54,True,0.008865012306797683,False,False,-0.29333850291300162,1.2098295592007686,0.52929400000000004
0.65000000000000002,650,-1.1633538488484372,0.55974999999999997,0.55300000000000005,0.46504919353572194,0.341761371113256,0,0,0,52,True,0.0084817088187654054,False,False,-0.79834597969550514,1.3665569892860103,0.56369400000000003
0.5,650,-1.4653315649559095,0.58537499999999998,0.57499999999999996,0.50685749946875602,0.66765835426082232,1,0,0,107,True,0.0085356347570947292,False,False,-1.3475760776189629,1.6531130939443468,0.58186099999999996
1,651,-0.016906012897758432,0.50012500000000004,0.48799999999999999,0.76350906308169753,0.27310481325168745,0,0,0,42,True,0.0085847608662434228,False,False,0.00084786314457791824,1.1837821058171558,0.499774
0.84999999999999998,651,-0.4316819383217993,0.52287499999999998,0.52200000000000002,0.25986502303203357,0.33081048734093083,0,0,0,45,True,0.0085257126397496833,False,False,-0.29333850291300162,1.2098295592007686,0.52929400000000004
0.65000000000000002,651,-0.9858232929149896,0.55800000000000005,0.56200000000000006,0.21831694734051038,0.44547133591035842,0,0,0,57,True,0.0087680790872869223,False,False,-0.79834597969550514,1.3665569892860103,0.56369400000000003
0.5,651,-1.2773163609951885,0.58074999999999999,0.58699999999999997,0.092791268821197537,0.16009150110228479,1,0,0,104,True,0.0087077214787726117,False,False,-1.3475760776189629,1.6531130939443468,0.58186099999999996
1,652,-0.069882506973725833,0.49937500000000001,0.51800000000000002,0.32561694553432347,0.8930055979426984,0,0,0,47,True,0.0091885558098667146,False,False,0.00084786314457791824,1.1837821058171558,0.499774
0.84999999999999998,652,-0.51070437157610837,0.53349999999999997,0.54900000000000004,0.64142324399511896,0.41870702132468485,0,0,0,51,True,0.0089445463483951021,False,False,-0.29333850291300162,1.2098295592007686,0.52929400000000004
0.65000000000000002,652,-1.1710612790090749,0.56200000000000006,0.57499999999999996,0.98726351929743927,0.99848976784118915,0,0,0,73,True,0.0088203373284565338,False,False,-0.79834597969550514,1.3665569892860103,0.56369400000000003
0.5,652,-1.495297806386237,0.58062499999999995,0.59599999999999997,0.8744448440069692,0.62601459151177696,1,0,0,125,True,0.0082862558658250134,False,False,-1.3475760776189629,1.6531130939443468,0.58186099999999996
1,653,-0.068688035540766565,0.50075000000000003,0.47699999999999998,0.36520557950730276,0.51760966807674103,0,0,0,54,True,0.0084653365984986417,False,False,0.00084786314457791824,1.1837821058171558,0.499774
0.84999999999999998,653,-0.49563361113298077,0.52887499999999998,0.501,0.035839810886509227,0.33315162185261032,0,0,0,71,True,0.0082444387293162946,False,False,-0.29333850291300162,1.2098295592007686,0.52929400000000004
0.65000000000000002,653,-1.0353546482297846,0.56574999999999998,0.53400000000000003,0.47411089014932495,0.57320518679541521,1,0,0,140,True,0.0084724136339770495,False,False,-0.79834597969550514,1.3665569892860103,0.56369400000000003
0.5,653,-1.3568512745026104,0.58087500000000003,0.57599999999999996,0.41734202917529373,0.27859219891334069,1,0,0,129,True,0.0084198170476323508,False,False,-1.3475760776189629,1.6531130939443468,0.58186099999999996
1,654,0.23564445349229815,0.50475000000000003,0.504,0.76023055882599055,0.78522537584601482,0,0,0,47,True,0.0087309792879664179,False,False,0.00084786314457791824,1.1837821058171558,0.499774
0.84999999999999998,654,-0.238945343662851,0.53712499999999996,0.55700000000000005,0.39076491447558681,0.40097804578603313,0,0,0,48,True,0.008753742181341605,False,False,-0.29333850291300162,1.2098295592007686,0.52929400000000004
0.65000000000000002,654,-0.88916112064489827,0.56087500000000001,0.54000000000000004,0.71926904201009401,0.72505269622929314,0,0,0,68,True,0.0090890893748511465,False,False,-0.79834597969550514,1.3665569892860103,0.56369400000000003
0.5,654,-1.2239100934954814,0.57699999999999996,0.55700000000000005,0.65224016795531203,0.46068501900938641,1,0,0,132,True,0.0086571638513669343,False,False,-1.3475760776189629,1.6531130939443468,0.58186099999999996
1,655,-0.099245206287270904,0.49737500000000001,0.52000000000000002,0.66157582382407498,0.18275376094900664,0,0,1,62,True,0.0086545941518783049,False,False,0.00084786314457791824,1.1837821058171558,0.499774
0.84999999999999998,655,-0.51560976486508614,0.53249999999999997,0.54500000000000004,0.54278666863390868,0.70110758523571159,0,0,0,49,True,0.008821952784645478,False,False,-0.29333850291300162,1.2098295592007686,0.52929400000000004
0.65000000000000002,655,-1.0416301542304973,0.57212499999999999,0.59299999999999997,0.66167938036187168,0.47859007972482404,1,0,0,121,True,0.0086919112954189099,False,False,-0.79834597969550514,1.3665569892860103,0.56369400000000003
0.5,655,-1.3253989155267396,0.58499999999999996,0.60699999999999998,0.56324690929373722,0.59621400394843493,1,0,0,144,True,0.0083587818444480991,False,False,-1.3475760776189629,1.6531130939443468,0.58186099999999996
1,656,-0.073203158771384544,0.50275000000000003,0.48199999999999998,0.58236121853874601,0.99885155854704244,0,0,0,41,True,0.0082669596403809557,False,False,0.00084786314457791824,1.1837821058171558,0.499774
0.84999999999999998,656,-0.52326384078337285,0.52649999999999997,0.51100000000000001,0.46313085810021426,0.55827719788290109,0,0,0,38,True,0.0083570566090982058,False,False,-0.29333850291300162,1.2098295592007686,0.52929400000000004
0.65000000000000002,656,-1.0362655449239164,0.56162500000000004,0.55700000000000005,0.52314016632348725,0.32757247189993921,1,0,0,75,True,0.0081521985533841886,False,False,-0.79834597969550514,1.3665569892860103,0.56369400000000003
0.5,656,-1.3239355148315131,0.57562500000000005,0.55700000000000005,0.68197353707125385,0.38057052832532395,1,0,0,83,True,0.0085805579714066486,False,False,-1.3475760776189629,1.6531130939443468,0.58186099999999996
1,657,-0.051310049095143348,0.49162499999999998,0.48599999999999999,0.77418823466096476,0.68182982360837874,0,0,0,47,True,0.0084836025690720011,False,False,0.00084786314457791824,1.1837821058171558,0.499774
0.84999999999999998,657,-0.58004101303465927,0.52575000000000005,0.51600000000000001,0.77110946042176209,0.60667919598978648,0,0,0,45,True,0.0086159107960528929,False,False,-0.29333850291300162,1.2098295592007686,0.52929400000000004
0.65000000000000002,657,-1.2196310442023406,0.55562500000000004,0.56200000000000006,0.38265030547187318,0.32893880379433127,0,0,0,71,True,0.008773362816664812,False,False,-0.79834597969550514,1.3665569892860103,0.56369400000000003
0.5,657,-1.6094020885653446,0.58199999999999996,0.58499999999999996,0.34704443919221589,0.61211284243904829,1,0,0,90,True,0.0081644987543826614,False,False,-1.3475760776189629,1.6531130939443468,0.58186099999999996
1,658,0.13047751005577771,0.50275000000000003,0.48999999999999999,0.55294998122742611,0.52649819522990204,0,0,0,39,True,0.0086854118570229288,False,False,0.00084786314457791824,1.1837821058171558,0.499774
0.84999999999999998,658,-0.29898869735100003,0.52700000000000002,0.503,0.095242723410976463,0.24571694091087107,0,0,0,54,True,0.008202151243962192,False,False,-0.29333850291300162,1.2098295592007686,0.52929400000000004
0.65000000000000002,658,-0.94173536535261437,0.56687500000000002,0.55400000000000005,0.10788831360109168,0.089048883577139373,0,0,0,65,True,0.008497646585770454,False,False,-0.79834597969550514,1.3665569892860103,0.56369400000000003
0.5,658,-1.3916305393739581,0.58362499999999995,0.58899999999999997,0.98390326679501872,0.94566114581968219,1,0,0,79,True,0.0085074926939063857,False,False,-1.3475760776189629,1.6531130939443468,0.58186099999999996
1,659,-0.056039797612249802,0.49837500000000001,0.46999999999999997,0.36071809593490456,0.64121919779030967,0,0,0,45,True,0.0089672317206025403,False,False,0.00084786314457791824,1.1837821058171558,0.499774
0.84999999999999998,659,-0.51387421608482742,0.53187499999999999,0.52400000000000002,0.46532093277088404,0.38964225930894919,0,0,0,50,True,0.0092993266005075639,False,False,-0.29333850291300162,1.2098295592007686,0.52929400000000004
0.65000000000000002,659,-1.0551026056868664,0.56437499999999996,0.55400000000000005,0.94783037866885345,0.95522626657687315,0,0,0,64,True,0.0087621236796369129,False,False,-0.79834597969550514,1.3665569892860103,0.56369400000000003
0.5,659,-1.3662277543939483,0.58150000000000002,0.58099999999999996,0.97412799837080111,0.99330630686619659,1,0,0,153,True,0.008618280544454732,False,False,-1.3475760776189629,1.6531130939443468,0.58186099999999996
1,660,-0.14960648258976136,0.49712499999999998,0.498,0.88798434162962114,0.42419304735093921,0,0,0,43,True,0.0088954809685310981,False,False,0.00084786314457791824,1.1837821058171558,0.499774
0.84999999999999998,660,-0.66880804821524253,0.52662500000000001,0.51400000000000001,0.68734702777113443,0.094996968262701487,0,0,0,59,True,0.0086931964368725748,False,False,-0.29333850291300162,1.2098295592007686,0.52929400000000004
0.65000000000000002,660,-1.3790214194233472,0.55937499999999996,0.56999999999999995,0.0047443726607964577,0.011071032690150626,0,0,0,59,True,0.0085364880167189561,False,False,-0.79834597969550514,1.3665569892860103,0.56369400000000003
0.5,660,-1.7550208308759441,0.57874999999999999,0.58599999999999997,0.51096635849022065,0.71982798899544009,1,0,0,97,True,0.0086602189884806939,False,False,-1.3475760776189629,1.6531130939443468,0.58186099999999996
1,661,0.079334915979937984,0.50275000000000003,0.51000000000000001,0.78138818034835866,0.97107152597891833,0,0,0,62,True,0.0083226434403795447,False,False,0.00084786314457791824,1.1837821058171558,0.499774
0.84999999999999998,661,-0.84582042340512886,0.53287499999999999,0.55400000000000005,0.73157204820351962,0.81989761018723684,0,0,0,68,True,0.0082338947700214739,False,False,-0.29333850291300162,1.2098295592007686,0.52929400000000004
0.65000000000000002,661,-1.4880687456789456,0.56725000000000003,0.59399999999999997,0.66551525622591456,0.59193017592323727,1,0,0,81,True,0.0079916260346881741,False,False,-0.79834597969550514,1.3665569892860103,0.56369400000000003
0.5,661,-1.8634943306739948,0.58787500000000004,0.60399999999999998,0.57583540747280393,0.52168474944812038,1,0,0,158,True,0.0081837949565135501,False,False,-1.3475760776189629,1.6531130939443468,0.58186099999999996
1,662,0.069653170343609197,0.49587500000000001,0.50800000000000001,0.17294948357517953,0.20211040199217495,0,0,0,57,True,0.0087297276098053933,False,False,0.00084786314457791824,1.1837821058171558,0.499774
0.84999999999999998,662,-0.42664340888873359,0.53325,0.54200000000000004,0.037258219941642925,0.34166069476732858,0,0,0,57,True,0.0085855052695256191,False,False,-0.29333850291300162,1.2098295592007686,0.52929400000000004
0.65000000000000002,662,-0.99845299131646248,0.56425000000000003,0.55800000000000005,0.22040643145292776,0.37775451411906175,1,0,0,97,True,0.0082104697084164225,False,False,-0.79834597969550514,1.3665569892860103,0.56369400000000003
0.5,662,-1.2971774626944228,0.57899999999999996,0.58099999999999996,0.73970160156723985,0.76918766001403927,1,0,0,93,True,0.0081371705404357387,False,False,-1.3475760776189629,1.6531130939443468,0.58186099999999996
1,663,0.095226752403621065,0.49975000000000003,0.46999999999999997,0.39805866760836434,0.70343153015543947,0,0,0,38,True,0.0085302895841509428,False,False,0.00084786314457791824,1.1837821058171558,0.499774
0.84999999999999998,663,-0.32805702266898362,0.52837500000000004,0.505,0.39959026397972108,0.25902879732171258,1,0,0,77,True,0.00835747348958054,False,False,-0.29333850291300162,1.2098295592007686,0.52929400000000004
0.65000000000000002,663,-0.9286040935204406,0.5605,0.54000000000000004,0.86187863376241935,0.23346906071699192,0,0,0,66,True,0.0080780151341616584,False,False,-0.79834597969550514,1.3665569892860103,0.56369400000000003
0.5,663,-1.3732911600700133,0.57525000000000004,0.58199999999999996,0.093217181580467795,0.056344800953095124,1,0,0,111,True,0.0077280921460110381,False,False,-1.3475760776189629,1.6531130939443468,0.58186099999999996
1,664,-0.092994322640171836,0.50712500000000005,0.50600000000000001,0.70322004513816505,0.96216354213901545,0,0,0,39,True,0.0082741695226972601,False,False,0.00084786314457791824,1.1837821058171558,0.499774
0.84999999999999998,664,-0.51986295933212112,0.53574999999999995,0.52900000000000003,0.85785908571810943,0.64027680565052558,0,0,0,51,True,0.0083253291439315136,False,False,-0.29333850291300162,1.2098295592007686,0.52929400000000004
0.65000000000000002,664,-1.1113138064922912,0.56837499999999996,0.56699999999999995,0.92902800617715509,0.8131080311249469,1,0,0,83,True,0.0084326577527154781,False,False,-0.79834597969550514,1.3665569892860103,0.56369400000000003
0.5,664,-1.4458072687963111,0.58074999999999999,0.57299999999999995,0.6820282853474009,0.81315844569060036,1,0,0,118,True,0.0085315552544145551,False,False,-1.3475760776189629,1.6531130939443468,0.58186099999999996
1,665,-0.067964880072870451,0.51087499999999997,0.51400000000000001,0.99958764025796687,0.50275071030658391,0,0,0,38,True,0.008131829879668628,False,False,0.00084786314457791824,1.1837821058171558,0.499774
0.84999999999999998,665,-0.50888348755504997,0.54062500000000002,0.55800000000000005,0.79342968259905444,0.83495237598251371,0,0,0,58,True,0.0079341886503414335,False,False,-0.29333850291300162,1.2098295592007686,0.52929400000000004
0.65000000000000002,665,-1.097875235991703,0.56899999999999995,0.58699999999999997,0.013249378637511813,0.0071873687955751261,1,0,0,95,True,0.0077805216751463263,False,False,-0.79834597969550514,1.3665569892860103,0.56369400000000003
0.5,665,-1.3810827802936001,0.58725000000000005,0.60399999999999998,0.27106387399807791,0.36425708746553986,1,0,0,121,True,0.0079511312391723141,False,False,-1.3475760776189629,1.6531130939443468,0.58186099999999996
1,666,0.060065658416766921,0.50275000000000003,0.52500000000000002,0.64481962549230853,0.87280431500071209,0,0,0,44,True,0.0081766830815739426,False,False,0.00084786314457791824,1.1837821058171558,0.499774
0.84999999999999998,666,-0.59671822569574318,0.53400000000000003,0.56799999999999995,0.86351836117193725,0.49480910067345163,0,0,0,49,True,0.0082732969148013036,False,False,-0.29333850291300162,1.2098295592007686,0.52929400000000004
0.65000000000000002,666,-1.2373860622982278,0.57225000000000004,0.60799999999999998,0.57634292508881091,0.30711307124246584,1,0,0,108,True,0.0085500366481649007,False,False,-0.79834597969550514,1.3665569892860103,0.56369400000000003
0.5,666,-1.6314706442474689,0.59524999999999995,0.61399999999999999,0.53493516960912924,0.71686071883570923,1,0,0,222,True,0.0080620400913823907,False,False,-1.3475760776189629,1.6531130939443468,0.58186099999999996
1,667,2.7051204874421707e-05,0.49675000000000002,0.49399999999999999,0.0031942068917806951,0.38903421304258373,0,0,0,53,True,0.0082819008443453766,False,False,0.00084786314457791824,1.1837821058171558,0.499774
0.84999999999999998,667,-0.50900238912252904,0.52937500000000004,0.53900000000000003,0.47543847509809056,0.72561278718419309,0,0,0,48,True,0.0082901434944836032,False,False,-0.29333850291300162,1.2098295592007686,0.52929400000000004
0.65000000000000002,667,-1.0676991786801522,0.55825000000000002,0.56299999999999994,0.29092827036716828,0.32703145459181621,0,0,0,65,True,0.0090403945112646628,False,False,-0.79834597969550514,1.3665569892860103,0.56369400000000003
0.5,667,-1.4512861806005459,0.57987500000000003,0.58199999999999996,0.29420742362745989,0.30672754811292297,1,0,0,98,True,0.0091475278096975858,False,False,-1.3475760776189629,1.6531130939443468,0.58186099999999996
1,668,0.036371643277415329,0.50362499999999999,0.496,0.54877352136553936,0.64158054169532641,0,0,0,55,True,0.0085393094605350321,False,False,0.00084786314457791824,1.1837821058171558,0.499774
0.84999999999999998,668,-0.43457135152896659,0.52749999999999997,0.51100000000000001,0.8770415512185229,0.48188759190194852,0,0,0,52,True,0.0083529012122197707,False,False,-0.29333850291300162,1.2098295592007686,0.52929400000000004
0.65000000000000002,668,-1.1193652743485436,0.56037499999999996,0.55900000000000005,0.80481501132019029,0.59711295169786349,0,0,0,63,True,0.0078718228752394578,False,False,-0.79834597969550514,1.3665569892860103,0.56369400000000003
0.5,668,-1.4547546718746389,0.58374999999999999,0.57499999999999996,0.57685051405450127,0.46531053489177676,1,0,0,78,True,0.0084747406659844669,False,False,-1.3475760776189629,1.6531130939443468,0.58186099999999996
1,669,-0.03061664310106222,0.49212499999999998,0.48699999999999999,0.015349249486180487,0.020155839647798886,0,0,0,40,True,0.0083638225899698923,False,False,0.00084786314457791824,1.1837821058171558,0.499774
0.84999999999999998,669,-0.46581985668784559,0.52487499999999998,0.52500000000000002,0.22845028329476788,0.32374329919238692,0,0,0,67,True,0.0084808147544246319,False,False,-0.29333850291300162,1.2098295592007686,0.52929400000000004
0.65000000000000002,669,-1.040238255187909,0.56837499999999996,0.57899999999999996,0.1690564558924679,0.14115188016111163,1,0,0,117,True,0.00775242517323826,False,False,-0.79834597969550514,1.3665569892860103,0.56369400000000003
0.5,669,-1.3350065677224021,0.58799999999999997,0.58299999999999996,0.8557865410721659,0.88955324917319167,1,0,0,135,True,0.0078722700384073578,False,False,-1.3475760776189629,1.6531130939443468,0.58186099999999996
1,670,0.15129535370229519,0.5,0.53100000000000003,0.022979596039744039,0.016048700822581075,0,0,0,38,True,0.0085382024356325786,False,False,0.00084786314457791824,1.1837821058171558,0.499774
0.84999999999999998,670,-0.38575998979629744,0.52112499999999995,0.52400000000000002,0.11453727581998913,0.072250990947142824,0,0,0,37,True,0.008506718497909467,False,False,-0.29333850291300162,1.2098295592007686,0.52929400000000004
0.65000000000000002,670,-1.1104983903299848,0.56599999999999995,0.55600000000000005,0.70237385631143656,0.82616872084559434,1,0,0,87,True,0.0083416149130385586,False,False,-0.79834597969550514,1.3665569892860103,0.56369400000000003
0.5,670,-1.4492877359871783,0.58374999999999999,0.57199999999999995,0.34723726201987287,0.42511165831352421,1,0,0,90,True,0.0081640640604677562,False,False,-1.3475760776189629,1.6531130939443468,0.58186099999999996
1,671,0.012723834514133192,0.4965,0.47399999999999998,0.65975467009480204,0.067023887153831035,0,0,0,38,True,0.0080309943335454721,False,False,0.00084786314457791824,1.1837821058171558,0.499774
0.84999999999999998,671,-0.52490091757290336,0.53337500000000004,0.502,0.7652445396341887,0.60954841751964395,0,0,0,51,True,0.0079741858111382121,False,False,-0.29333850291300162,1.2098295592007686,0.52929400000000004
0.65000000000000002,671,-1.1057740299267349,0.57325000000000004,0.54100000000000004,0.065267301763158814,0.084838618566649524,1,0,0,154,True,0.0087823062454726927,False,False,-0.79834597969550514,1.3665569892860103,0.56369400000000003
0.5,671,-1.4279785062891757,0.58699999999999997,0.55700000000000005,0.6626541289488197,0.55557218606392644,1,0,0,191,True,0.0087779665127225934,False,False,-1.3475760776189629,1.6531130939443468,0.58186099999999996
1,672,-0.040458073468364338,0.49887500000000001,0.48899999999999999,0.24387306414008095,0.16534747721430484,0,0,0,42,True,0.0085706072092140845,False,False,0.00084786314457791824,1.1837821058171558,0.499774
0.84999999999999998,672,-0.46585450926736549,0.53237500000000004,0.498,0.81385544330408932,0.51850278241204362,0,0,0,54,True,0.0084179995639650836,False,False,-0.29333850291300162,1.2098295592007686,0.52929400000000004
0.65000000000000002,672,-1.0362509039851053,0.56612499999999999,0.54300000000000004,0.71049545378498358,0.88117249675492126,1,0,0,76,True,0.0088848100372153904,False,False,-0.79834597969550514,1.3665569892860103,0.56369400000000003
0.5,672,-1.3602159226515225,0.58625000000000005,0.57199999999999995,0.77557117136025544,0.79663554133170233,1,0,0,185,True,0.0091081677502220047,False,False,-1.3475760776189629,1.6531130939443468,0.58186099999999996
1,673,0.001805375866953451,0.49587500000000001,0.501,0.99209211469136083,0.72228276039225514,0,0,0,64,True,0.0079145089611804935,False,False,0.00084786314457791824,1.1837821058171558,0.499774
0.84999999999999998,673,-0.45992990052705829,0.53037500000000004,0.56000000000000005,0.43833858742562715,0.62379786022898331,0,0,0,56,True,0.008000621795296781,False,False,-0.29333850291300162,1.2098295592007686,0.52929400000000004
0.65000000000000002,673,-1.0821350912348013,0.56399999999999995,0.59799999999999998,0.073650384693592683,0.07822847554225619,1,0,0,87,True,0.0084248652423724469,False,False,-0.79834597969550514,1.3665569892860103,0.56369400000000003
0.5,673,-1.4449780103102836,0.58987500000000004,0.60799999999999998,0.80608049957409589,0.53103076041853303,1,0,0,239,True,0.0079714371130271897,False,False,-1.3475760776189629,1.6531130939443468,0.58186099999999996
1,674,-0.03087267551754283,0.49687500000000001,0.51200000000000001,0.032816911983840069,0.021293447557087116,0,0,0,49,True,0.0085530041747197087,False,False,0.00084786314457791824,1.1837821058171558,0.499774
0.84999999999999998,674,-0.45149879609229471,0.52537500000000004,0.51300000000000001,0.51008135765692153,0.65712746343159745,0,0,0,45,True,0.0084165153318579277,False,False,-0.29333850291300162,1.2098295592007686,0.52929400000000004
0.65000000000000002,674,-1.0308028072983151,0.57287500000000002,0.55900000000000005,0.68690330639414088,0.58162847332048595,1,0,0,92,True,0.0085018665100979763,False,False,-0.79834597969550514,1.3665569892860103,0.56369400000000003
0.5,674,-1.463591695526909,0.58899999999999997,0.57599999999999996,0.39209187017674929,0.47096820722174348,1,0,0,189,True,0.0081044056072141647,False,False,-1.3475760776189629,1.6531130939443468,0.58186099999999996
1,675,-0.044272304434365167,0.50949999999999995,0.502,0.88022660148790244,0.96685249806515372,0,0,0,60,True,0.0079947827289547947,False,False,0.00084786314457791824,1.1837821058171558,0.499774
0.84999999999999998,675,-0.48064613737355838,0.54625000000000001,0.54100000000000004,0.97827775805661821,0.90989675483077415,1,0,0,75,True,0.0080997901921048554,False,False,-0.29333850291300162,1.2098295592007686,0.52929400000000004
0.65000000000000002,675,-1.1104267027292452,0.57087500000000002,0.55600000000000005,0.070711054214941532,0.1736978719295843,0,0,0,68,True,0.0084694224214037304,False,False,-0.79834597969550514,1.3665569892860103,0.56369400000000003
0.5,675,-1.3942913102303149,0.58099999999999996,0.57699999999999996,0.45220997274096431,0.18288294689008278,1,0,0,88,True,0.0082980033347351406,False,False,-1.3475760776189629,1.6531130939443468,0.58186099999999996
1,676,-0.011159001275298045,0.49099999999999999,0.49099999999999999,0.3794833128191839,0.39656589718693896,0,0,0,37,True,0.0084959429982333582,False,False,0.00084786314457791824,1.1837821058171558,0.499774
0.84999999999999998,676,-0.45800967219306582,0.52524999999999999,0.51700000000000002,0.51480989789493392,0.34547860943416403,0,0,0,41,True,0.0085161212994556597,False,False,-0.29333850291300162,1.2098295592007686,0.52929400000000004
0.65000000000000002,676,-1.0883496777553274,0.56212499999999999,0.55400000000000005,0.8444105445656378,0.62931936207965866,0,0,0,71,True,0.0081986781234132059,False,False,-0.79834597969550514,1.3665569892860103,0.56369400000000003
0.5,676,-1.4478901866651643,0.57787500000000003,0.57499999999999996,0.90754694784162249,0.84787667235429154,1,0,0,99,True,0.0080513109236253731,False,False,-1.3475760776189629,1.6531130939443468,0.58186099999999996
1,677,-0.18757938154356141,0.4975,0.503,0.84034914100128499,0.065014491280357051,0,0,0,38,True,0.0077753922133873832,False,False,0.00084786314457791824,1.1837821058171558,0.499774
0.84999999999999998,677,-0.6922204457654404,0.53075000000000006,0.54400000000000004,0.27535750539909548,0.10580362844368986,0,0,0,53,True,0.007881252029258488,False,False,-0.29333850291300162,1.2098295592007686,0.52929400000000004
0.65000000000000002,677,-1.3474639777443034,0.56225000000000003,0.57099999999999995,0.96351331223204806,0.93416798678708657,1,0,0,88,True,0.0083407672165895005,False,False,-0.79834597969550514,1.3665569892860103,0.56369400000000003
0.5,677,-1.7407138363561154,0.580125,0.59899999999999998,0.96636941129220943,0.75239172357220252,1,0,0,87,True,0.008744940689557593,False,False,-1.3475760776189629,1.6531130939443468,0.58186099999999996
1,678,0.013044472345121202,0.49875000000000003,0.496,0.36264443051078094,0.51721317712438419,0,0,0,49,True,0.0091469273551566359,False,False,0.00084786314457791824,1.1837821058171558,0.499774
0.84999999999999998,678,-0.38737044744461663,0.52625,0.52400000000000002,0.33039844261633461,0.49270230677648508,0,0,0,73,True,0.0087351021906584593,False,False,-0.29333850291300162,1.2098295592007686,0.52929400000000004
0.65000000000000002,678,-1.0116145584536465,0.56562500000000004,0.57299999999999995,0.14793724565908992,0.14737087964292134,1,0,0,114,True,0.0078988836475593471,False,False,-0.79834597969550514,1.3665569892860103,0.56369400000000003
0.5,678,-1.3948808135338813,0.58512500000000001,0.59099999999999997,0.61669376469795889,0.5423293877438069,1,0,0,207,True,0.0079598042660277684,False,False,-1.3475760776189629,1.6531130939443468,0.58186099999999996
1,679,-0.089524046180063585,0.49225000000000002,0.46800000000000003,0.4249761380935087,0.23303885758530424,0,0,0,46,True,0.0087311043333681126,False,False,0.00084786314457791824,1.1837821058171558,0.499774
0.84999999999999998,679,-0.46503920488170114,0.52437500000000004,0.495,0.78195078509625793,0.46559839708129314,0,0,0,48,True,0.0089277416064878837,False,False,-0.29333850291300162,1.2098295592007686,0.52929400000000004
0.65000000000000002,679,-1.0404320427801439,0.55825000000000002,0.52400000000000002,0.39532871684520848,0.28886133599696845,0,0,0,70,True,0.008617874468351187,False,False,-0.79834597969550514,1.3665569892860103,0.56369400000000003
0.5,679,-1.3827708965402026,0.576125,0.53900000000000003,0.14156292923271985,0.11133365516695984,0,0,0,73,True,0.0090301788766507639,False,False,-1.3475760776189629,1.6531130939443468,0.58186099999999996
1,680,-0.088808283158355317,0.483875,0.45700000000000002,0.126927747744258,0.018295086765840036,0,0,0,71,True,0.0085912074750570441,False,False,0.00084786314457791824,1.1837821058171558,0.499774
0.84999999999999998,680,-0.55302461722814955,0.51800000000000002,0.51600000000000001,0.69188420508438975,0.3244690238254776,0,0,0,54,True,0.0083847159448287838,False,False,-0.29333850291300162,1.2098295592007686,0.52929400000000004
0.65000000000000002,680,-1.105029570748119,0.55800000000000005,0.57399999999999995,0.21418014778619551,0.037802224818820049,1,0,0,87,True,0.0082263079935701779,False,False,-0.79834597969550514,1.3665569892860103,0.56369400000000003
0.5,680,-1.4057827631336639,0.57825000000000004,0.58399999999999996,0.32184900257965382,0.50026178144821654,1,0,0,157,True,0.0087752134720078308,False,False,-1.3475760776189629,1.6531130939443468,0.58186099999999996
1,681,0.016716284763595483,0.50562499999999999,0.51500000000000001,0.72738360219835441,0.50573104791943657,0,0,0,35,True,0.0086188273862467645,False,False,0.00084786314457791824,1.1837821058171558,0.499774
0.84999999999999998,681,-0.48207953576787538,0.53512499999999996,0.54100000000000004,0.47944404560997367,0.33590759831716654,0,0,0,54,True,0.0084113245886327376,False,False,-0.29333850291300162,1.2098295592007686,0.52929400000000004
0.65000000000000002,681,-1.0479405731408042,0.56825000000000003,0.57599999999999996,0.3511955930867891,0.1695874876565468,1,0,0,83,True,0.0083866727109179248,False,False,-0.79834597969550514,1.3665569892860103,0.56369400000000003
0.5,681,-1.3449850254458853,0.58512500000000001,0.59999999999999998,0.20028111523014944,0.3796562439113364,1,0,0,158,True,0.00821759686504781,False,False,-1.3475760776189629,1.6531130939443468,0.58186099999999996
1,682,0.035439546966075153,0.50037500000000001,0.503,0.55214011539090113,0.18564225370552859,0,0,0,47,True,0.0086893873979143679,False,False,0.00084786314457791824,1.1837821058171558,0.499774
0.84999999999999998,682,-0.38486359388003655,0.52387499999999998,0.52500000000000002,0.44098261148672541,0.74402579658163726,0,0,0,65,True,0.0083393309562275995,False,False,-0.29333850291300162,1.2098295592007686,0.52929400000000004
0.65000000000000002,682,-0.97617422808226562,0.55412499999999998,0.54000000000000004,0.14663593007928519,0.54477265518211149,1,0,0,75,True,0.0083920790481109755,False,False,-0.79834597969550514,1.3665569892860103,0.56369400000000003
0.5,682,-1.2727853665829585,0.57537499999999997,0.55600000000000005,0.80889255307443875,0.66596127180332654,1,0,0,111,True,0.0085231960625562105,False,False,-1.3475760776189629,1.6531130939443468,0.58186099999999996
1,683,-0.0089174054740296677,0.49862499999999998,0.47899999999999998,0.39026102106017213,0.62016604584824764,0,0,0,40,True,0.0079433162448739516,False,False,0.00084786314457791824,1.1837821058171558,0.499774
0.84999999999999998,683,-0.47470577531872871,0.52024999999999999,0.495,0.35694247462812939,0.96361689654638716,0,0,0,41,True,0.0083524500431790393,False,False,-0.29333850291300162,1.2098295592007686,0.52929400000000004
0.65000000000000002,683,-1.2444929048499707,0.55912499999999998,0.54100000000000004,0.17249608183093312,0.15429847166635666,0,0,0,55,True,0.0083247268935425674,False,False,-0.79834597969550514,1.3665569892860103,0.56369400000000003
0.5,683,-1.6128241255091986,0.58287500000000003,0.57799999999999996,0.95102416939091849,0.87125018866994008,1,0,0,123,True,0.0086374677542090592,False,False,-1.3475760776189629,1.6531130939443468,0.58186099999999996
1,684,0.040902495000838507,0.50037500000000001,0.503,0.26416077716926911,0.21228842329780803,0,0,0,39,True,0.008687055878925513,False,False,0.00084786314457791824,1.1837821058171558,0.499774
0.84999999999999998,684,-0.50245418824869936,0.53225,0.52000000000000002,0.52510768685030074,0.29326074277202935,0,0,0,56,True,0.0086578889605318336,False,False,-0.29333850291300162,1.2098295592007686,0.52929400000000004
0.65000000000000002,684,-1.1297252036652774,0.56499999999999995,0.54200000000000004,0.51497920439289313,0.87228697622166751,1,0,0,85,True,0.008320867525474623,False,False,-0.79834597969550514,1.3665569892860103,0.56369400000000003
0.5,684,-1.4695341076041675,0.58712500000000001,0.57399999999999995,0.58039051606974668,0.53772408354312273,1,0,0,152,True,0.0077870459954512399,False,False,-1.3475760776189629,1.6531130939443468,0.58186099999999996
1,685,-0.038485451251559472,0.50587499999999996,0.502,0.57574806651438304,0.5063370538948313,0,0,0,45,True,0.0081417314156472954,False,False,0.00084786314457791824,1.1837821058171558,0.499774
0.84999999999999998,685,-0.52689560091352128,0.52587499999999998,0.53000000000000003,0.85930232124993133,0.47495407765362374,0,0,0,45,True,0.0084748532655340037,False,False,-0.29333850291300162,1.2098295592007686,0.52929400000000004
0.65000000000000002,685,-1.1262001807163091,0.56512499999999999,0.56499999999999995,0.12056914447992566,0.13728532941340349,0,0,0,72,True,0.0088928062143493226,False,False,-0.79834597969550514,1.3665569892860103,0.56369400000000003
0.5,685,-1.4428871801486676,0.58225000000000005,0.56299999999999994,0.11621734055601844,0.19446137490126658,1,0,0,122,True,0.0085913813155639052,False,False,-1.3475760776189629,1.6531130939443468,0.58186099999999996
1,686,-0.036746485020665486,0.504,0.51900000000000002,0.33132547354255898,0.074594285658682716,0,0,0,45,True,0.0081734222578250196,False,False,0.00084786314457791824,1.1837821058171558,0.499774
0.84999999999999998,686,-0.50650216718654695,0.53412499999999996,0.53200000000000003,0.76831069834971988,0.68317826637434242,0,0,0,47,True,0.0083708535697644519,False,False,-0.29333850291300162,1.2098295592007686,0.52929400000000004
0.65000000000000002,686,-1.1173517274291178,0.56399999999999995,0.56000000000000005,0.18082363863666606,0.27000266699626702,1,0,0,92,True,0.0087917665778901623,False,False,-0.79834597969550514,1.3665569892860103,0.56369400000000003
0.5,686,-1.5925252099640923,0.579125,0.56299999999999994,0.1690819451074935,0.087139044555986325,1,0,0,88,True,0.0084474790170024541,False,False,-1.3475760776189629,1.6531130939443468,0.58186099999999996
1,687,-0.080168077394167758,0.497,0.48699999999999999,0.1484097307055563,0.025875412500065365,0,0,0,47,True,0.008372233003147855,False,False,0.00084786314457791824,1.1837821058171558,0.499774
0.84999999999999998,687,-0.49589795940566295,0.52537500000000004,0.53100000000000003,0.022313087718597375,0.11565609671075879,0,0,0,42,True,0.0087020246569261446,False,False,-0.29333850291300162,1.2098295592007686,0.52929400000000004
0.65000000000000002,687,-1.032252301986563,0.55600000000000005,0.55900000000000005,0.29490858094988937,0.23764315276872383,0,0,0,65,True,0.008637401372073061,False,False,-0.79834597969550514,1.3665569892860103,0.56369400000000003
0.5,687,-1.339652854842222,0.57650000000000001,0.57299999999999995,0.15547218348384018,0.13114142332592216,1,0,0,85,True,0.008853743463663466,False,False,-1.3475760776189629,1.6531130939443468,0.58186099999999996
1,688,-0.037557961696980079,0.49149999999999999,0.49299999999999999,0.96161494860650798,0.62537110725578704,0,0,0,39,True,0.0083179569913938607,False,False,0.00084786314457791824,1.1837821058171558,0.499774
0.84999999999999998,688,-0.48761193674615683,0.52600000000000002,0.52800000000000002,0.092708570963491305,0.74953970520663926,0,0,0,44,True,0.0084770805944411297,False,False,-0.29333850291300162,1.2098295592007686,0.52929400000000004
0.65000000000000002,688,-1.0251368316721101,0.56399999999999995,0.56999999999999995,0.27907478086907594,0.056122585149732236,0,0,0,64,True,0.0086549765487548957,False,False,-0.79834597969550514,1.3665569892860103,0.56369400000000003
0.5,688,-1.2959588101504484,0.57699999999999996,0.56799999999999995,0.19273690173110972,0.16774765663471003,1,0,0,99,True,0.0089089146764659444,False,False,-1.3475760776189629,1.6531130939443468,0.58186099999999996
1,689,-0.030022127986595426,0.489875,0.48999999999999999,0.95043214920224783,0.93623011291969438,0,0,0,47,True,0.0084440899500018533,False,False,0.00084786314457791824,1.1837821058171558,0.499774
0.84999999999999998,689,-0.60136973620368783,0.52700000000000002,0.52100000000000002,0.27118641581620456,0.74062331416503824,0,0,0,43,True,0.008500315912462704,False,False,-0.29333850291300162,1.2098295592007686,0.52929400000000004
0.65000000000000002,689,-1.3277920113493851,0.56462500000000004,0.55700000000000005,0.16710321641062797,0.38992936111546966,0,0,0,67,True,0.0082475754566052363,False,False,-0.79834597969550514,1.3665569892860103,0.56369400000000003
0.5,689,-1.6939058220084138,0.583125,0.56999999999999995,0.018584915065183179,0.0051724360319396487,1,0,0,100,True,0.0082444840055008791,False,False,-1.3475760776189629,1.6531130939443468,0.58186099999999996
1,690,0.021030881903235089,0.50062499999999999,0.51500000000000001,0.52326151898427453,0.59579012840003986,0,0,0,47,True,0.0084366054314267361,False,False,0.00084786314457791824,1.1837821058171558,0.499774
0.84999999999999998,690,-0.42154261603571014,0.52937500000000004,0.53300000000000003,0.43256190992313504,0.34815875272288099,0,0,0,51,True,0.0082900501274352986,False,False,-0.29333850291300162,1.2098295592007686,0.52929400000000004
0.65000000000000002,690,-1.0063303490015594,0.5655,0.57799999999999996,0.1059909959568911,0.010532986518235778,0,0,0,56,True,0.0079759093266524115,False,False,-0.79834597969550514,1.3665569892860103,0.56369400000000003
0.5,690,-1.3189796630189055,0.58975,0.60599999999999998,0.13316929109933046,0.19454010155062323,1,0,0,135,True,0.0084246941262011085,False,False,-1.3475760776189629,1.6531130939443468,0.58186099999999996
1,691,0.012597953564467681,0.50700000000000001,0.51000000000000001,0.40245473579517299,0.69727927406675061,0,0,0,40,True,0.0078905524650108739,False,False,0.00084786314457791824,1.1837821058171558,0.499774
0.84999999999999998,691,-0.4317932261287466,0.542875,0.55500000000000005,0.47290927770442337,0.36131067835188813,0,0,0,52,True,0.0082137510487117725,False,False,-0.29333850291300162,1.2098295592007686,0.52929400000000004
0.65000000000000002,691,-1.0573269920265633,0.57299999999999995,0.57599999999999996,0.21066157109859959,0.25172577369391519,1,0,0,114,True,0.0090804054082359534,False,False,-0.79834597969550514,1.3665569892860103,0.56369400000000003
0.5,691,-1.3714200481057939,0.58425000000000005,0.59099999999999997,0.24439062948836379,0.42376080243729208,1,0,0,148,True,0.0087484704680947344,False,False,-1.3475760776189629,1.6531130939443468,0.58186099999999996
1,692,0.40957487605132648,0.50312500000000004,0.47399999999999998,0.65896034877385934,0.61329441902016368,0,0,0,43,True,0.0076942250313173609,False,False,0.00084786314457791824,1.1837821058171558,0.499774
0.84999999999999998,692,-0.16923845108446148,0.52512499999999995,0.496,0.089770253336143815,0.53511816408436108,0,0,0,43,True,0.0079364304612536563,False,False,-0.29333850291300162,1.2098295592007686,0.52929400000000004
0.65000000000000002,692,-1.0816285941608264,0.55700000000000005,0.53700000000000003,0.87893491006777613,0.99567557664892159,0,0,0,66,True,0.0083372991101124914,False,False,-0.79834597969550514,1.3665569892860103,0.56369400000000003
0.5,692,-1.468473552573055,0.56525000000000003,0.54900000000000004,0.93605439695716852,0.82904250882873642,1,0,0,91,True,0.0082963938083408309,False,False,-1.3475760776189629,1.6531130939443468,0.58186099999999996
1,693,0.080726413040869777,0.49512499999999998,0.48599999999999999,0.43944881591190366,0.79652267867422422,0,0,0,48,True,0.0087952607179884196,False,False,0.00084786314457791824,1.1837821058171558,0.499774
0.84999999999999998,693,-0.41678719031952877,0.52962500000000001,0.52700000000000002,0.094983491147810878,0.11081995195749558,0,0,0,49,True,0.008681116050079216,False,False,-0.29333850291300162,1.2098295592007686,0.52929400000000004
0.65000000000000002,693,-1.0702546785559528,0.56587500000000002,0.54800000000000004,0.36933322980779976,0.096159585439986275,0,0,0,70,True,0.0084627758013072554,False,False,-0.79834597969550514,1.3665569892860103,0.56369400000000003
0.5,693,-1.4200419517255791,0.59137499999999998,0.58599999999999997,0.32699223087424983,0.53432467051953569,1,0,0,126,True,0.0080844167532870444,False,False,-1.3475760776189629,1.6531130939443468,0.58186099999999996
1,694,-0.10796664780551908,0.50424999999999998,0.50900000000000001,0.70627617305697032,0.41180769867906886,0,0,0,37,True,0.008187905786112842,False,False,0.00084786314457791824,1.1837821058171558,0.499774
0.84999999999999998,694,-0.60043637166707775,0.53262500000000002,0.50900000000000001,0.10671189244312283,0.23342905157386587,0,0,0,57,True,0.0082651066987707439,False,False,-0.29333850291300162,1.2098295592007686,0.52929400000000004
0.65000000000000002,694,-1.2248317319542139,0.5645,0.53800000000000003,0.38628074322664929,0.42125156919575729,1,0,0,109,True,0.0080999844435937392,False,False,-0.79834597969550514,1.3665569892860103,0.56369400000000003
0.5,694,-1.5924810334205561,0.58250000000000002,0.56399999999999995,0.43107836100563074,0.35601679934954755,1,0,0,95,True,0.0082586101532178251,False,False,-1.3475760776189629,1.6531130939443468,0.58186099999999996
1,695,0.079132108788877359,0.51500000000000001,0.50900000000000001,0.65701071121991383,0.72258795190546299,0,0,0,50,True,0.0080460050791111778,False,False,0.00084786314457791824,1.1837821058171558,0.499774
0.84999999999999998,695,-0.38372455378630577,0.53925000000000001,0.53600000000000003,0.5215477054979798,0.33129464792745267,0,0,0,52,True,0.008281786540326512,False,False,-0.29333850291300162,1.2098295592007686,0.52929400000000004
0.65000000000000002,695,-1.0722290190551291,0.56774999999999998,0.55600000000000005,0.85298687732318834,0.72918280992333173,0,0,0,73,True,0.0084150611891524278,False,False,-0.79834597969550514,1.3665569892860103,0.56369400000000003
0.5,695,-1.475382182513727,0.58350000000000002,0.57299999999999995,0.62235016944705701,0.11536856188494202,1,0,0,105,True,0.0083196028931369903,False,False,-1.3475760776189629,1.6531130939443468,0.58186099999999996
1,696,0.046744284170756413,0.49387500000000001,0.504,0.27344927294827176,0.286633613903853,0,0,0,45,True,0.0085218117014341996,False,False,0.00084786314457791824,1.1837821058171558,0.499774
0.84999999999999998,696,-0.42027833248829854,0.52662500000000001,0.52500000000000002,0.25055693078176333,0.81881580900099871,0,0,0,45,True,0.0081779606426733709,False,False,-0.29333850291300162,1.2098295592007686,0.52929400000000004
0.65000000000000002,696,-1.0207642348876065,0.55737499999999995,0.56499999999999995,0.013934891034647822,0.056016233993202741,0,0,0,73,True,0.0079250735651861925,False,False,-0.79834597969550514,1.3665569892860103,0.56369400000000003
0.5,696,-1.4286434206995502,0.57899999999999996,0.59499999999999997,0.32484825792491107,0.35860634879658482,1,0,0,113,True,0.0085079650771829086,False,False,-1.3475760776189629,1.6531130939443468,0.58186099999999996
1,697,0.077634612862669983,0.50124999999999997,0.49199999999999999,0.62484052086933661,0.57447570612271237,0,0,0,54,True,0.0087882995990648093,False,False,0.00084786314457791824,1.1837821058171558,0.499774
0.84999999999999998,697,-0.31307803265108519,0.52487499999999998,0.52000000000000002,0.029272906801698733,0.053691283076786597,0,0,0,50,True,0.0085989242779496919,False,False,-0.29333850291300162,1.2098295592007686,0.52929400000000004
0.65000000000000002,697,-0.90325422701327984,0.55349999999999999,0.53300000000000003,0.19851022344165292,0.32181349593270892,0,0,0,65,True,0.0081453150540870701,False,False,-0.79834597969550514,1.3665569892860103,0.56369400000000003
0.5,697,-1.2802693002427181,0.57274999999999998,0.56000000000000005,0.53136718032712849,0.57747674111301905,0,0,0,67,True,0.0077990965716205115,False,False,-1.3475760776189629,1.6531130939443468,0.58186099999999996
1,698,0.038560309744120468,0.49887500000000001,0.49299999999999999,0.37816248538610586,0.37045920670085447,0,0,0,52,True,0.0086744281287031676,False,False,0.00084786314457791824,1.1837821058171558,0.499774
0.84999999999999998,698,-0.37191911271907863,0.52437500000000004,0.503,0.32636622318200387,0.46281766140009151,0,0,0,53,True,0.0088368427578134952,False,False,-0.29333850291300162,1.2098295592007686,0.52929400000000004
0.65000000000000002,698,-0.92744332624497783,0.55687500000000001,0.54200000000000004,0.049844790962464205,0.11724910337071988,1,0,0,78,True,0.0088225091884267613,False,False,-0.79834597969550514,1.3665569892860103,0.56369400000000003
0.5,698,-1.2328729584579434,0.57399999999999995,0.55000000000000004,0.94622630043474387,0.85638997830745422,1,0,0,92,True,0.0088584146162414956,False,False,-1.3475760776189629,1.6531130939443468,0.58186099999999996
1,699,-0.068632354558889525,0.4965,0.505,0.31032535121134025,0.048543721818039773,0,0,0,32,True,0.0085949430164653836,False,False,0.00084786314457791824,1.1837821058171558,0.499774
0.84999999999999998,699,-0.56647744611556861,0.52925,0.53300000000000003,0.24500051649222415,0.21776014196731691,0,0,0,47,True,0.0085571063716542769,False,False,-0.29333850291300162,1.2098295592007686,0.52929400000000004
0.65000000000000002,699,-1.1783375604239261,0.5575,0.55700000000000005,0.16380552645261373,0.0086524829453896342,0,0,0,61,True,0.0080310776347197101,False,False,-0.79834597969550514,1.3665569892860103,0.56369400000000003
0.5,699,-1.5323827688044227,0.58625000000000005,0.59599999999999997,0.09609932673649671,0.11348705537797556,1,0,0,112,True,0.0080498209232815147,False,False,-1.3475760776189629,1.6531130939443468,0.58186099999999996
1,700,-0.041193625171821985,0.49812499999999998,0.497,0.8687152547675675,0.74041822936973789,0,0,0,49,True,0.0090190571541180018,False,False,0.00084786314457791824,1.1837821058171558,0.499774
0.84999999999999998,700,-0.6494765825237695,0.53337500000000004,0.54600000000000004,0.61878754113624046,0.3982803588241976,0,0,0,60,True,0.0086076686196386726,False,False,-0.29333850291300162,1.2098295592007686,0.52929400000000004
0.65000000000000002,700,-1.2473903368460508,0.56974999999999998,0.57099999999999995,0.23021710652026445,0.41654607953776246,1,0,0,75,True,0.0088260317218816567,False,False,-0.79834597969550514,1.3665569892860103,0.56369400000000003
0.5,700,-1.6078410802257423,0.58662499999999995,0.59099999999999997,0.1017633109804805,0.21805354276813732,1,0,0,85,True,0.0084195408279602105,False,False,-1.3475760776189629,1.6531130939443468,0.58186099999999996
1,701,0.04023409238257139,0.4985,0.51400000000000001,0.6213678063203989,0.20502977363018141,0,0,0,46,True,0.0089690532446123263,False,False,0.00084786314457791824,1.1837821058171558,0.499774
0.84999999999999998,701,-0.42359430014867694,0.53100000000000003,0.53000000000000003,0.1927973205205562,0.22082671218740785,0,0,0,46,True,0.0090255975005108444,False,False,-0.29333850291300162,1.2098295592007686,0.52929400000000004
0.65000000000000002,701,-1.0581422955454509,0.55900000000000005,0.56399999999999995,0.54596626314721419,0.72250580534646258,0,0,0,63,True,0.0091016117444495878,False,False,-0.79834597969550514,1.3665569892860103,0.56369400000000003
0.5,701,-1.3335727891778701,0.576125,0.57799999999999996,0.51303032316945618,0.48326399805673859,1,0,0,92,True,0.0085087825061467108,False,False,-1.3475760776189629,1.6531130939443468,0.58186099999999996
1,702,0.07767181952399084,0.50462499999999999,0.48399999999999999,0.080462429888164169,0.96363886014235889,0,0,0,44,True,0.0084593743621312785,False,False,0.00084786314457791824,1.1837821058171558,0.499774
0.84999999999999998,702,-0.41898091566296503,0.53474999999999995,0.52200000000000002,0.45764918234148805,0.66621535101727225,0,0,0,47,True,0.0081189132998550767,False,False,-0.29333850291300162,1.2098295592007686,0.52929400000000004
0.65000000000000002,702,-0.94590475040177191,0.55987500000000001,0.57699999999999996,0.8953679892474784,0.75251687579944737,0,0,0,69,True,0.0076637795124748758,False,False,-0.79834597969550514,1.3665569892860103,0.56369400000000003
0.5,702,-1.2624747939748513,0.57750000000000001,0.57999999999999996,0.48852191020233382,0.70047756087127389,1,0,0,90,True,0.0077223337606763011,False,False,-1.3475760776189629,1.6531130939443468,0.58186099999999996
1,703,0.054474020603986158,0.50537500000000002,0.52600000000000002,0.78217444861111884,0.50515030818513229,0,0,0,63,True,0.0083875686095099076,False,False,0.00084786314457791824,1.1837821058171558,0.499774
0.84999999999999998,703,-0.3845630087984408,0.53112499999999996,0.54400000000000004,0.74777290338977653,0.83744746706077766,0,0,0,61,True,0.0081146177779658994,False,False,-0.29333850291300162,1.2098295592007686,0.52929400000000004
0.65000000000000002,703,-1.0170314075359186,0.56299999999999994,0.54200000000000004,0.69712452661005631,0.73003790439170935,1,0,0,77,True,0.0081708633015334011,False,False,-0.79834597969550514,1.3665569892860103,0.56369400000000003
0.5,703,-1.4001556002903057,0.582125,0.57099999999999995,0.63842201281014521,0.53459197809423886,1,0,0,115,True,0.0087848066585568402,False,False,-1.3475760776189629,1.6531130939443468,0.58186099999999996
1,704,0.023534854957823904,0.49725000000000003,0.499,0.25873857123428712,0.023816401943659159,0,0,0,38,True,0.0089073604369029526,False,False,0.00084786314457791824,1.1837821058171558,0.499774
0.84999999999999998,704,-0.3723157034451568,0.52637500000000004,0.52100000000000002,0.018178001810018954,0.04642801873526993,0,0,0,50,True,0.00881667704992521,False,False,-0.29333850291300162,1.2098295592007686,0.52929400000000004
0.65000000000000002,704,-1.0122651135657856,0.55937499999999996,0.56799999999999995,0.41671037162107566,0.17210426847913526,0,0,0,57,True,0.0084156733882354388,False,False,-0.79834597969550514,1.3665569892860103,0.56369400000000003
0.5,704,-1.3487184286279619,0.581125,0.59099999999999997,0.79277552174764199,0.74953311564920089,1,0,0,78,True,0.00836932047952893,False,False,-1.3475760776189629,1.6531130939443468,0.58186099999999996
1,705,-0.18156170258941393,0.50375000000000003,0.50600000000000001,0.50616253468776362,0.58219538344697885,0,0,0,38,True,0.0076878463992029944,False,False,0.00084786314457791824,1.1837821058171558,0.499774
0.84999999999999998,705,-0.62258775975862191,0.53112499999999996,0.52700000000000002,0.71164187507025534,0.53833595634912612,0,0,0,47,True,0.008226960709719856,False,False,-0.29333850291300162,1.2098295592007686,0.52929400000000004
0.65000000000000002,705,-1.2490024529917387,0.56074999999999997,0.54900000000000004,0.31136320004284374,0.1727554973857223,1,0,0,78,True,0.0082231248576134751,False,False,-0.79834597969550514,1.3665569892860103,0.56369400000000003
0.5,705,-1.6187652649630917,0.58350000000000002,0.58899999999999997,0.060552909830480658,0.068127896236951951,1,0,0,99,True,0.008269464400685881,False,False,-1.3475760776189629,1.6531130939443468,0.58186099999999996
1,706,0.053750211527315163,0.50012500000000004,0.501,0.53297592533844762,0.0091680513794776108,0,0,0,52,True,0.0076869787034145303,False,False,0.00084786314457791824,1.1837821058171558,0.499774
0.84999999999999998,706,-0.5127903281115419,0.53300000000000003,0.52800000000000002,0.67847870949398026,0.35956283283792151,0,0,0,41,True,0.0075904377975875466,False,False,-0.29333850291300162,1.2098295592007686,0.52929400000000004
0.65000000000000002,706,-1.0854469067795633,0.56612499999999999,0.56699999999999995,0.62767517977241138,0.90902357797172151,1,0,0,76,True,0.0080332546698453078,False,False,-0.79834597969550514,1.3665569892860103,0.56369400000000003
0.5,706,-1.4248505495154815,0.58812500000000001,0.59699999999999998,0.81651343927279096,0.5348916725023829,1,0,0,127,True,0.0084783696987742966,False,False,-1.3475760776189629,1.6531130939443468,0.58186099999999996
1,707,0.089482486525498867,0.501,0.50600000000000001,0.74701873019051634,0.44580205630545738,0,0,0,34,True,0.008767777382268865,False,False,0.00084786314457791824,1.1837821058171558,0.499774
0.84999999999999998,707,-0.38660827237498735,0.53212499999999996,0.54600000000000004,0.78050583405115637,0.25038861025074571,0,0,0,48,True,0.0086357218578368249,False,False,-0.29333850291300162,1.2098295592007686,0.52929400000000004
0.65000000000000002,707,-1.0197651789681594,0.56762500000000005,0.57499999999999996,0.76917087122408079,0.68461391110736081,1,0,0,113,True,0.0085644764204779247,False,False,-0.79834597969550514,1.3665569892860103,0.56369400000000003
0.5,707,-1.2911335177192966,0.58362499999999995,0.59099999999999997,0.10358898308888374,0.043662767452085381,1,0,0,113,True,0.0081104712768104645,False,False,-1.3475760776189629,1.6531130939443468,0.58186099999999996
1,708,-0.097471915124194397,0.49687500000000001,0.504,0.57146861069631139,0.91391102434619609,0,0,0,37,True,0.0087248296816334423,False,False,0.00084786314457791824,1.1837821058171558,0.499774
0.84999999999999998,708,-0.51812800083883948,0.52137500000000003,0.51800000000000002,0.75637534400152939,0.91726118578173232,0,0,0,47,True,0.0088350852815450524,False,False,-0.29333850291300162,1.2098295592007686,0.52929400000000004
0.65000000000000002,708,-1.0602306146147809,0.5595,0.56799999999999995,0.89275485688622525,0.97538478386976657,1,0,0,94,True,0.0088952532259431033,False,False,-0.79834597969550514,1.3665569892860103,0.56369400000000003
0.5,708,-1.3633302737059927,0.57399999999999995,0.57699999999999996,0.71092571611748678,0.35717030851816428,1,0,0,113,True,0.0083994160057986982,False,False,-1.3475760776189629,1.6531130939443468,0.58186099999999996
1,709,0.00053469555289173279,0.49575000000000002,0.48299999999999998,0.20045593441841603,0.27720007416418568,0,0,0,43,True,0.008702391256092212,False,False,0.00084786314457791824,1.1837821058171558,0.499774
0.84999999999999998,709,-0.44915779148439244,0.52662500000000001,0.51400000000000001,0.44321039500725096,0.67850588364859732,0,0,0,59,True,0.0086955140274101832,False,False,-0.29333850291300162,1.2098295592007686,0.52929400000000004
0.65000000000000002,709,-1.1135865850932463,0.5645,0.57499999999999996,0.37694049188714035,0.33945711948631946,0,0,1,65,True,0.0087185738519238252,False,False,-0.79834597969550514,1.3665569892860103,0.56369400000000003
0.5,709,-1.4078596495065221,0.58562499999999995,0.59499999999999997,0.42744383955648091,0.18449470871860127,1,0,0,127,True,0.0078820426183441594,False,False,-1.3475760776189629,1.6531130939443468,0.58186099999999996
1,710,0.0024577416260496061,0.498,0.47899999999999998,0.25170848945080032,0.7934864253851649,0,0,0,59,True,0.0085932367862630744,False,False,0.00084786314457791824,1.1837821058171558,0.499774
0.84999999999999998,710,-0.45547236594534374,0.52387499999999998,0.5,0.20765947882889726,0.08415903844068659,1,0,1,76,True,0.0086539262009485852,False,False,-0.29333850291300162,1.2098295592007686,0.52929400000000004
0.65000000000000002,710,-1.0115496234757133,0.56087500000000001,0.53600000000000003,0.86038136822575462,0.79147842062037788,1,0,0,108,True,0.0088707806821317608,False,False,-0.79834597969550514,1.3665569892860103,0.56369400000000003
0.5,710,-1.312903664011549,0.57574999999999998,0.55900000000000005,0.96854894128628055,0.88707382113959687,1,0,0,127,True,0.0088086229433766566,False,False,-1.3475760776189629,1.6531130939443468,0.58186099999999996
1,711,-0.018114446108591527,0.502,0.50600000000000001,0.17594259470909787,0.6843370936466231,0,0,0,46,True,0.0087679623953914217,False,False,0.00084786314457791824,1.1837821058171558,0.499774
0.84999999999999998,711,-0.4541565070885894,0.53625,0.55500000000000005,0.25405730613676086,0.56113596484635486,0,0,0,62,True,0.0090926163458477528,False,False,-0.29333850291300162,1.2098295592007686,0.52929400000000004
0.65000000000000002,711,-1.0554462208655067,0.56674999999999998,0.57699999999999996,0.046797800638608021,0.031106983336113218,1,0,0,96,True,0.0092809531617473063,False,False,-0.79834597969550514,1.3665569892860103,0.56369400000000003
0.5,711,-1.3870911533381256,0.58574999999999999,0.58399999999999996,0.12138936149156987,0.10504439407933105,1,0,0,113,True,0.0089013176215542479,False,False,-1.3475760776189629,1.6531130939443468,0.58186099999999996
1,712,-0.12452823684288773,0.49137500000000001,0.503,0.54322345918737625,0.42485653162171927,0,0,0,40,True,0.0087597943030396537,False,False,0.00084786314457791824,1.1837821058171558,0.499774
0.84999999999999998,712,-0.63660835751704392,0.52500000000000002,0.53900000000000003,0.52225651871019907,0.53297295935088729,0,0,0,38,True,0.0088329204835228218,False,False,-0.29333850291300162,1.2098295592007686,0.52929400000000004
0.65000000000000002,712,-1.3143934849608534,0.56799999999999995,0.56399999999999995,0.34782288880020124,0.29150373420663456,1,0,0,120,True,0.0084705187684239354,False,False,-0.79834597969550514,1.3665569892860103,0.56369400000000003
0.5,712,-1.6185571664221341,0.58287500000000003,0.57199999999999995,0.66247226310622775,0.61450652581132614,1,0,0,188,True,0.0083741715078007491,False,False,-1.3475760776189629,1.6531130939443468,0.58186099999999996
1,713,-0.16248705979088821,0.49712499999999998,0.48499999999999999,0.026034617488766683,0.89882704459317708,0,0,0,45,True,0.0081589732544659239,False,False,0.00084786314457791824,1.1837821058171558,0.499774
0.84999999999999998,713,-0.58491021881784544,0.52449999999999997,0.51400000000000001,0.79581545340782778,0.84488894710466389,0,0,0,46,True,0.0079647248248602611,False,False,-0.29333850291300162,1.2098295592007686,0.52929400000000004
0.65000000000000002,713,-1.2017745498409937,0.56237499999999996,0.56100000000000005,0.22630169907222855,0.31460191468960691,1,0,0,82,True,0.0078892962327273414,False,False,-0.79834597969550514,1.3665569892860103,0.56369400000000003
0.5,713,-1.5094929954478065,0.58150000000000002,0.58999999999999997,0.30672025197247116,0.080245934513359971,1,0,0,94,True,0.007939527133034233,False,False,-1.3475760776189629,1.6531130939443468,0.58186099999999996
1,714,-0.10342216881582227,0.49775000000000003,0.51300000000000001,0.31260078539933533,0.43766517463454235,0,0,0,52,True,0.0085414782307494403,False,False,0.00084786314457791824,1.1837821058171558,0.499774
0.84999999999999998,714,-0.51917162254936089,0.53525,0.53300000000000003,0.20583399346643794,0.26552653987754488,0,0,0,66,True,0.0081017653819128316,False,False,-0.29333850291300162,1.2098295592007686,0.52929400000000004
0.65000000000000002,714,-1.0622129794729747,0.56137499999999996,0.56399999999999995,0.99917235833072882,0.99991634217592895,1,0,0,96,True,0.0079023433962460005,False,False,-0.79834597969550514,1.3665569892860103,0.56369400000000003
0.5,714,-1.3458163392942346,0.58374999999999999,0.59099999999999997,0.70141593322097462,0.64788156621562709,1,0,0,101,True,0.0082117204645175187,False,False,-1.3475760776189629,1.6531130939443468,0.58186099999999996
1,715,-0.025069628473611289,0.50775000000000003,0.52100000000000002,0.72740086453820441,0.092379161531388254,0,0,0,37,True,0.0084834561152868325,False,False,0.00084786314457791824,1.1837821058171558,0.499774
0.84999999999999998,715,-0.4475936330265558,0.53349999999999997,0.55400000000000005,0.80455794158422345,0.74816215366140948,0,0,0,53,True,0.0083418700142568608,False,False,-0.29333850291300162,1.2098295592007686,0.52929400000000004
0.65000000000000002,715,-1.1012118340469192,0.56687500000000002,0.59699999999999998,0.70430668131887419,0.70460472591516554,1,0,0,96,True,0.0082961241012192259,False,False,-0.79834597969550514,1.3665569892860103,0.56369400000000003
0.5,715,-1.4604623581573049,0.582125,0.59799999999999998,0.90575078964914124,0.77769322659856011,1,0,0,107,True,0.0086085047419021295,False,False,-1.3475760776189629,1.6531130939443468,0.58186099999999996
1,716,-0.046911223219288423,0.49087500000000001,0.49199999999999999,0.9624441203208427,0.33113690104842819,0,0,0,46,True,0.008367882988512175,False,False,0.00084786314457791824,1.1837821058171558,0.499774
0.84999999999999998,716,-0.51676091476249664,0.52224999999999999,0.505,0.80114487840895299,0.7219528486182254,0,0,0,68,True,0.0083531839619978513,False,False,-0.29333850291300162,1.2098295592007686,0.52929400000000004
0.65000000000000002,716,-1.1407618386715759,0.5615,0.53800000000000003,0.45890691613766488,0.49691292236155871,0,0,0,57,True,0.008191963125858754,False,False,-0.79834597969550514,1.3665569892860103,0.56369400000000003
0.5,716,-1.4327685736039177,0.58374999999999999,0.56200000000000006,0.37451013603086047,0.37339083601465445,1,0,0,138,True,0.0073329121908998181,False,False,-1.3475760776189629,1.6531130939443468,0.58186099999999996
1,717,-0.047446695668972548,0.501,0.51500000000000001,0.2748530013658011,0.11647639538354963,0,0,0,44,True,0.0078350984953211543,False,False,0.00084786314457791824,1.1837821058171558,0.499774
0.84999999999999998,717,-0.54985221007839269,0.52000000000000002,0.53100000000000003,0.37675880786186661,0.46973750260527269,0,0,0,53,True,0.008179245258221399,False,False,-0.29333850291300162,1.2098295592007686,0.52929400000000004
0.65000000000000002,717,-1.1222848395053391,0.56100000000000005,0.57399999999999995,0.93337769481398603,0.92529968868087664,0,0,0,61,True,0.0084084808926530273,False,False,-0.79834597969550514,1.3665569892860103,0.56369400000000003
0.5,717,-1.4268505445684008,0.58137499999999998,0.59499999999999997,0.9475607283594657,0.76455017596103703,1,0,0,111,True,0.0081746731099696674,False,False,-1.3475760776189629,1.6531130939443468,0.58186099999999996
1,718,0.066968427056715615,0.50137500000000002,0.51900000000000002,0.072248029341129616,0.59316909654520567,0,0,0,36,True,0.0081341730512774595,False,False,0.00084786314457791824,1.1837821058171558,0.499774
0.84999999999999998,718,-0.53583417324673099,0.52925,0.54000000000000004,0.1706581088058341,0.1668465485709977,0,0,0,42,True,0.0082478170086493253,False,False,-0.29333850291300162,1.2098295592007686,0.52929400000000004
0.65000000000000002,718,-1.1980282378926452,0.56287500000000001,0.56799999999999995,0.2553559088705864,0.74803943923597183,0,0,0,71,True,0.0086160166677142023,False,False,-0.79834597969550514,1.3665569892860103,0.56369400000000003
0.5,718,-1.5435179924516336,0.57899999999999996,0.59599999999999997,0.48320198121181135,0.63496144465665494,1,0,0,131,True,0.0084812197018127138,False,False,-1.3475760776189629,1.6531130939443468,0.58186099999999996
1,719,0.044243432551394637,0.49687500000000001,0.501,0.34115282571942379,0.29912279930927066,0,0,0,43,True,0.0085633763447125547,False,False,0.00084786314457791824,1.1837821058171558,0.499774
0.84999999999999998,719,-0.44998615158155225,0.52849999999999997,0.53800000000000003,0.42044098493284221,0.46184612390619539,0,0,0,39,True,0.0084196445381724584,False,False,-0.29333850291300162,1.2098295592007686,0.52929400000000004
0.65000000000000002,719,-0.99902774300933705,0.57237499999999997,0.59499999999999997,0.48114298770454933,0.69215086231983924,1,0,0,104,True,0.0079710908812883185,False,False,-0.79834597969550514,1.3665569892860103,0.56369400000000003
0.5,719,-1.3429584707278159,0.58374999999999999,0.58699999999999997,0.17439364331270271,0.18434496835699254,1,0,0,175,True,0.0082040903235092617,False,False,-1.3475760776189629,1.6531130939443468,0.58186099999999996
1,720,0.064457606788644886,0.50037500000000001,0.49099999999999999,0.10670352394352807,0.0034041893649735078,0,0,0,37,True,0.0086200549323437337,False,False,0.00084786314457791824,1.1837821058171558,0.499774
0.84999999999999998,720,-0.58392236691641808,0.53075000000000006,0.505,0.83131635961240113,0.56973726405480862,1,0,1,77,True,0.0088076928554188475,False,False,-0.29333850291300162,1.2098295592007686,0.52929400000000004
0.65000000000000002,720,-1.1616825404947355,0.56774999999999998,0.56299999999999994,0.2807809320642532,0.35928247071669583,1,0,0,189,True,0.0084900247351162219,False,False,-0.79834597969550514,1.3665569892860103,0.56369400000000003
0.5,720,-1.4849865355153169,0.58525000000000005,0.58899999999999997,0.048768302461637908,0.034934378151198049,1,0,0,282,True,0.0080592298074461215,False,False,-1.3475760776189629,1.6531130939443468,0.58186099999999996
1,721,-0.032004191689500638,0.496,0.49399999999999999,0.74501076165335056,0.93448703155013912,0,0,0,37,True,0.008858093031860987,False,False,0.00084786314457791824,1.1837821058171558,0.499774
0.84999999999999998,721,-0.54033410886064537,0.52324999999999999,0.52000000000000002,0.28629462122009341,0.29481036131225186,0,0,0,46,True,0.0089945067376954822,False,False,-0.29333850291300162,1.2098295592007686,0.52929400000000004
0.65000000000000002,721,-1.1629302280391691,0.55900000000000005,0.56299999999999994,0.45937939381182347,0.41549309378533483,1,0,0,92,True,0.0096525389917958074,False,False,-0.79834597969550514,1.3665569892860103,0.56369400000000003
0.5,721,-1.4842921602304864,0.57437499999999997,0.57199999999999995,0.49284443372356668,0.6067569236576501,1,0,0,121,True,0.0086824314419997779,False,False,-1.3475760776189629,1.6531130939443468,0.58186099999999996
1,722,-0.047312472167378536,0.49912499999999999,0.502,0.9013361330052504,0.65939398347243827,0,0,0,49,True,0.0078951317487479088,False,False,0.00084786314457791824,1.1837821058171558,0.499774
0.84999999999999998,722,-0.52746997911124605,0.52749999999999997,0.53000000000000003,0.93755647426684618,0.88089834533350009,0,0,0,54,True,0.0079238337111266557,False,False,-0.29333850291300162,1.2098295592007686,0.52929400000000004
0.65000000000000002,722,-1.1740163847393179,0.55774999999999997,0.53700000000000003,0.61155943545776192,0.1046978601083781,0,0,0,73,True,0.0088582441292872818,False,False,-0.79834597969550514,1.3665569892860103,0.56369400000000003
0.5,722,-1.4796443768896714,0.58074999999999999,0.58699999999999997,0.71820315434097126,0.77518913833014036,1,0,0,127,True,0.0085916040449328795,False,False,-1.3475760776189629,1.6531130939443468,0.58186099999999996
1,723,0.059353915514270016,0.50249999999999995,0.495,0.34444384837545755,0.068700375105437334,0,0,0,46,True,0.0090600198471073416,False,False,0.00084786314457791824,1.1837821058171558,0.499774
0.84999999999999998,723,-0.3761778164395454,0.52849999999999997,0.53400000000000003,0.48716660864587658,0.74899939496280565,0,0,0,67,True,0.0087816621615833101,False,False,-0.29333850291300162,1.2098295592007686,0.52929400000000004
0.65000000000000002,723,-1.0376521183466652,0.56062500000000004,0.55800000000000005,0.82948210181392379,0.43666559713575837,1,0,0,81,True,0.0087136146767664447,False,False,-0.79834597969550514,1.3665569892860103,0.56369400000000003
0.5,723,-1.5004682877589171,0.57699999999999996,0.58399999999999996,0.82605000268964623,0.90186740604143867,1,0,0,92,True,0.0083505440949007883,False,False,-1.3475760776189629,1.6531130939443468,0.58186099999999996
1,724,0.076274647196222012,0.50437500000000002,0.504,0.54499243269758513,0.032555540538722026,0,0,0,36,True,0.0077653289658508968,False,False,0.00084786314457791824,1.1837821058171558,0.499774
0.84999999999999998,724,-0.36681595530828343,0.53037500000000004,0.54200000000000004,0.60629217772716104,0.95474622470037651,0,0,0,47,True,0.0079083197945520618,False,False,-0.29333850291300162,1.2098295592007686,0.52929400000000004
0.65000000000000002,724,-1.0664597154524063,0.56674999999999998,0.58199999999999996,0.83115946343128755,0.4615624548210856,1,0,0,101,True,0.0083264208640830648,False,False,-0.79834597969550514,1.3665569892860103,0.56369400000000003
0.5,724,-1.4315840898904737,0.58150000000000002,0.60799999999999998,0.79885602747324724,0.82300661734432123,1,0,0,139,True,0.0087627477957092966,False,False,-1.3475760776189629,1.6531130939443468,0.58186099999999996
1,725,0.10507314881993743,0.49737500000000001,0.50600000000000001,0.80421075489229432,0.80136333674098403,0,0,0,56,True,0.0079666209069516724,False,False,0.00084786314457791824,1.1837821058171558,0.499774
0.84999999999999998,725,-0.38577380073459616,0.52549999999999997,0.53300000000000003,0.27156198175065704,0.36634692664330665,0,0,0,55,True,0.0083619893706904005,False,False,-0.29333850291300162,1.2098295592007686,0.52929400000000004
0.65000000000000002,725,-1.0778329598203962,0.56850000000000001,0.57299999999999995,0.15537591185670524,0.13715338592356033,1,0,0,104,True,0.0081982235478186647,False,False,-0.79834597969550514,1.3665569892860103,0.56369400000000003
0.5,725,-1.4173528668018569,0.58737499999999998,0.57999999999999996,0.1137230240197153,0.18128835215836125,1,0,0,182,True,0.0080468057658657881,False,False,-1.3475760776189629,1.6531130939443468,0.58186099999999996
1,726,0.10239705891849751,0.49362499999999998,0.48799999999999999,0.65523747496561291,0.82778967310797613,0,0,0,37,True,0.0082676961831932381,False,False,0.00084786314457791824,1.1837821058171558,0.499774
0.84999999999999998,726,-0.42224291063336278,0.52800000000000002,0.54100000000000004,0.30587263545614612,0.26968313286715939,0,0,0,46,True,0.0081551501968774223,False,False,-0.29333850291300162,1.2098295592007686,0.52929400000000004
0.65000000000000002,726,-0.97458389259791911,0.56374999999999997,0.58399999999999996,0.51641351556750748,0.48837375149996409,1,0,0,137,True,0.0083271525399471399,False,False,-0.79834597969550514,1.3665569892860103,0.56369400000000003
0.5,726,-1.3895022204636376,0.58099999999999996,0.59499999999999997,0.3079649846027554,0.28356031010080107,1,0,0,118,True,0.0082160070099294349,False,False,-1.3475760776189629,1.6531130939443468,0.58186099999999996
1,727,-0.014765719464634728,0.496,0.48999999999999999,0.63760208562519205,0.87823137603634371,0,0,0,47,True,0.0088130479263063763,False,False,0.00084786314457791824,1.1837821058171558,0.499774
0.84999999999999998,727,-0.44983709193255728,0.52412499999999995,0.52100000000000002,0.80171048781025667,0.39367472369144807,0,0,0,49,True,0.0088013875815841202,False,False,-0.29333850291300162,1.2098295592007686,0.52929400000000004
0.65000000000000002,727,-1.0372662829064998,0.54925000000000002,0.53800000000000003,0.68892485452097785,0.87152458631367957,0,0,0,54,True,0.0085640574015893173,False,False,-0.79834597969550514,1.3665569892860103,0.56369400000000003
0.5,727,-1.3267578639408397,0.56637499999999996,0.55400000000000005,0.81875166845386149,0.79517821540909728,1,0,0,93,True,0.0082812289812372718,False,False,-1.3475760776189629,1.6531130939443468,0.58186099999999996
1,728,-0.0020630047091713052,0.485375,0.47999999999999998,0.39745844326236324,0.065348518449628412,0,0,0,34,True,0.0080972418615039028,False,False,0.00084786314457791824,1.1837821058171558,0.499774
0.84999999999999998,728,-0.43879227651455616,0.52312499999999995,0.52500000000000002,0.65996397526939499,0.69370198480432821,0,0,0,46,True,0.0082702954410395005,False,False,-0.29333850291300162,1.2098295592007686,0.52929400000000004
0.65000000000000002,728,-0.97408873178801914,0.55337499999999995,0.54700000000000004,0.89922992296296689,0.38977020635316872,1,0,0,76,True,0.0088899260555969119,False,False,-0.79834597969550514,1.3665569892860103,0.56369400000000003
0.5,728,-1.2529652050840914,0.56887500000000002,0.55800000000000005,0.61848401382278972,0.90328959359408811,1,0,0,108,True,0.0085543666130267169,False,False,-1.3475760776189629,1.6531130939443468,0.58186099999999996
1,729,0.076454428210924519,0.50549999999999995,0.54200000000000004,0.18167479711790743,0.1329747826584918,0,0,0,46,True,0.0085868553316416334,False,False,0.00084786314457791824,1.1837821058171558,0.499774
0.84999999999999998,729,-0.37074864457685375,0.53200000000000003,0.57099999999999995,0.62434900719367081,0.51607598987734571,0,0,0,55,True,0.0088299035025556794,False,False,-0.29333850291300162,1.2098295592007686,0.52929400000000004
0.65000000000000002,729,-0.90450854472839648,0.56012499999999998,0.59099999999999997,0.97513574769004918,0.86695286841495611,0,0,0,73,True,0.00848782288037544,False,False,-0.79834597969550514,1.3665569892860103,0.56369400000000003
0.5,729,-1.2559670179746085,0.58074999999999999,0.58599999999999997,0.99211340069006571,0.9873310429390838,1,0,0,97,True,0.0083522287224551909,False,False,-1.3475760776189629,1.6531130939443468,0.58186099999999996
1,730,-0.080875588913583304,0.4945,0.5,0.66407639955524322,0.93693667878226916,0,0,0,49,True,0.0085284806774324675,False,False,0.00084786314457791824,1.1837821058171558,0.499774
0.84999999999999998,730,-0.59611167606258042,0.52725,0.53300000000000003,0.21711884035574797,0.74375505983392876,0,0,0,52,True,0.0081969207544728313,False,False,-0.29333850291300162,1.2098295592007686,0.52929400000000004
0.65000000000000002,730,-1.1906011743243754,0.56737499999999996,0.56000000000000005,0.034750379026761646,0.05438668133173323,1,0,0,83,True,0.0080391236859049912,False,False,-0.79834597969550514,1.3665569892860103,0.56369400000000003
0.5,730,-1.539228714529935,0.58787500000000004,0.58499999999999996,0.64152788931033844,0.57894890701558943,1,0,0,190,True,0.0083983310804631728,False,False,-1.3475760776189629,1.6531130939443468,0.58186099999999996
1,731,-0.1115674576052936,0.49912499999999999,0.49399999999999999,0.50610101959643627,0.2391009916362126,0,0,0,47,True,0.0084576505007095959,False,False,0.00084786314457791824,1.1837821058171558,0.499774
0.84999999999999998,731,-0.60602572512690289,0.52700000000000002,0.53500000000000003,0.97235258342886077,0.98237950014240494,0,0,0,53,True,0.0083685183083445653,False,False,-0.29333850291300162,1.2098295592007686,0.52929400000000004
0.65000000000000002,731,-1.2252666223159749,0.56312499999999999,0.57899999999999996,0.55878408789995926,0.36633781142389471,0,0,0,67,True,0.0083969832087133368,False,False,-0.79834597969550514,1.3665569892860103,0.56369400000000003
0.5,731,-1.5877211427942046,0.58887500000000004,0.58699999999999997,0.48262577760403547,0.53184483362224533,1,0,0,200,True,0.0086551308861734302,False,False,-1.3475760776189629,1.6531130939443468,0.58186099999999996
1,732,-0.079548281808562896,0.50362499999999999,0.47799999999999998,0.66250054978738571,0.95878179920511597,0,0,0,43,True,0.0090501059184782406,False,False,0.00084786314457791824,1.1837821058171558,0.499774
0.84999999999999998,732,-0.53319411260787519,0.52375000000000005,0.49099999999999999,0.13268329175702337,0.16967468359965174,0,0,0,43,True,0.0090267745016104559,False,False,-0.29333850291300162,1.2098295592007686,0.52929400000000004
0.65000000000000002,732,-1.1089100470339874,0.56125000000000003,0.53800000000000003,0.6015309295285477,0.5088868466700871,1,0,0,85,True,0.0092700946988204299,False,False,-0.79834597969550514,1.3665569892860103,0.56369400000000003
0.5,732,-1.4116682481203089,0.57974999999999999,0.56599999999999995,0.7606810459964275,0.82649145730383822,1,0,0,132,True,0.0092618792019932162,False,False,-1.3475760776189629,1.6531130939443468,0.58186099999999996
1,733,-0.069080851123427406,0.50337500000000002,0.49399999999999999,0.47585205282587162,0.85461693420627904,0,0,0,60,True,0.0092928838729889138,False,False,0.00084786314457791824,1.1837821058171558,0.499774
0.84999999999999998,733,-0.57930099979264704,0.53312499999999996,0.53400000000000003,0.62511251218129305,0.6217767447719178,1,0,0,76,True,0.0089579215101716417,False,False,-0.29333850291300162,1.2098295592007686,0.52929400000000004
0.65000000000000002,733,-1.1269679333037397,0.5675,0.57499999999999996,0.65915047845745467,0.3333910003839356,0,0,0,70,True,0.0082468206680950153,False,False,-0.79834597969550514,1.3665569892860103,0.56369400000000003
0.5,733,-1.4413537499821629,0.58174999999999999,0.58399999999999996,0.90424848271675906,0.89790159130763203,1,0,0,128,True,0.0083305593307036255,False,False,-1.3475760776189629,1.6531130939443468,0.58186099999999996
1,734,0.0218834242191491,0.49875000000000003,0.49299999999999999,0.24245822842620224,0.61129643334550809,0,0,0,45,True,0.00864751273075684,False,False,0.00084786314457791824,1.1837821058171558,0.499774
0.84999999999999998,734,-0.44229475114820405,0.52712499999999995,0.53100000000000003,0.82704328580396058,0.18318318384627216,0,0,0,57,True,0.0085265956992471251,False,False,-0.29333850291300162,1.2098295592007686,0.52929400000000004
0.65000000000000002,734,-0.99226139297495541,0.56362500000000004,0.55700000000000005,0.77237043463374977,0.70194294686692871,1,0,0,79,True,0.0085238163604080229,False,False,-0.79834597969550514,1.3665569892860103,0.56369400000000003
0.5,734,-1.2874663944369829,0.58287500000000003,0.58699999999999997,0.010334000396806585,0.030841169425337916,1,0,0,97,True,0.0087225833028085915,False,False,-1.3475760776189629,1.6531130939443468,0.58186099999999996
1,735,-0.016945492401754546,0.49225000000000002,0.48699999999999999,0.071740810593956067,0.029576722544544562,0,0,0,46,True,0.0081258386845846561,False,False,0.00084786314457791824,1.1837821058171558,0.499774
0.84999999999999998,735,-0.40418534319786498,0.519625,0.51600000000000001,0.91028725632725305,0.80583285427092455,0,0,0,41,True,0.008594028454360381,False,False,-0.29333850291300162,1.2098295592007686,0.52929400000000004
0.65000000000000002,735,-0.99830618114544689,0.55937499999999996,0.57099999999999995,0.84193952279002027,0.85824691078850179,0,0,0,64,True,0.0084900326909021287,False,False,-0.79834597969550514,1.3665569892860103,0.56369400000000003
0.5,735,-1.3191895020675353,0.58362499999999995,0.57099999999999995,0.59161085482134401,0.8096417406978027,1,0,0,110,True,0.0087194710064816393,False,False,-1.3475760776189629,1.6531130939443468,0.58186099999999996
1,736,0.041758672118091707,0.50312500000000004,0.51500000000000001,0.17779244577803277,0.42442336241326611,0,0,0,49,True,0.008308498615827711,False,False,0.00084786314457791824,1.1837821058171558,0.499774
0.84999999999999998,736,-0.41414369362411929,0.52687499999999998,0.54300000000000004,0.54951196513199452,0.11809273495727338,0,0,0,47,True,0.0085577599704949568,False,False,-0.29333850291300162,1.2098295592007686,0.52929400000000004
0.65000000000000002,736,-1.0606879014326824,0.55737499999999995,0.55900000000000005,0.30421755409164797,0.18187727235063056,0,0,0,63,True,0.008369703070452485,False,False,-0.79834597969550514,1.3665569892860103,0.56369400000000003
0.5,736,-1.4021031579439283,0.57825000000000004,0.57499999999999996,0.13264394850054928,0.11163755898288472,1,0,0,110,True,0.0086162275123473266,False,False,-1.3475760776189629,1.6531130939443468,0.58186099999999996
1,737,-0.020789119412187515,0.48899999999999999,0.47099999999999997,0.79917225467581898,0.5470703703017985,0,0,0,46,True,0.0087166085584188518,False,False,0.00084786314457791824,1.1837821058171558,0.499774
0.84999999999999998,737,-0.49491158669368907,0.52149999999999996,0.52500000000000002,0.88780379920784325,0.39493115003091045,0,0,0,46,True,0.0088006512074100644,False,False,-0.29333850291300162,1.2098295592007686,0.52929400000000004
0.65000000000000002,737,-1.1519900924716089,0.55674999999999997,0.56499999999999995,0.79779323182499307,0.41511625523459394,0,0,0,74,True,0.0081995783320279614,False,False,-0.79834597969550514,1.3665569892860103,0.56369400000000003
0.5,737,-1.5381251780625842,0.58174999999999999,0.58999999999999997,0.82267307414211877,0.7632674530391077,1,0,0,138,True,0.0080079659025788247,False,False,-1.3475760776189629,1.6531130939443468,0.58186099999999996
1,738,0.099350120808484321,0.49987500000000001,0.495,0.84280477410805665,0.28297338729795124,0,0,0,52,True,0.0090354751253108687,False,False,0.00084786314457791824,1.1837821058171558,0.499774
0.84999999999999998,738,-0.419913610855012,0.52912499999999996,0.51700000000000002,0.27687415142137811,0.81198589359134898,0,0,0,61,True,0.0088763854557837203,False,False,-0.29333850291300162,1.2098295592007686,0.52929400000000004
0.65000000000000002,738,-1.1045904088997824,0.56100000000000005,0.55200000000000005,0.92080472571309124,0.75833534006267378,0,0,0,57,True,0.0087328694219836727,False,False,-0.79834597969550514,1.3665569892860103,0.56369400000000003
0.5,738,-1.5811786608030045,0.58037499999999997,0.56699999999999995,0.66585128256055204,0.54389149704532569,1,0,0,156,True,0.0086598273311275179,False,False,-1.3475760776189629,1.6531130939443468,0.58186099999999996
1,739,0.048080041938361746,0.50849999999999995,0.53500000000000003,0.24486755008036898,0.94609001651235247,0,0,0,49,True,0.0085501914209773541,False,False,0.00084786314457791824,1.1837821058171558,0.499774
0.84999999999999998,739,-0.46930932039794132,0.53812499999999996,0.56499999999999995,0.12464304687687065,0.15829319789281082,0,0,0,60,True,0.0083261431707842542,False,False,-0.29333850291300162,1.2098295592007686,0.52929400000000004
0.65000000000000002,739,-1.1933727172638626,0.5665,0.59399999999999997,0.74874141059376231,0.80802093243398554,1,0,0,98,True,0.0085183623664740072,False,False,-0.79834597969550514,1.3665569892860103,0.56369400000000003
0.5,739,-1.5486512962557879,0.58074999999999999,0.59699999999999998,0.43818227732908999,0.36907889583116649,1,0,0,84,True,0.0086519961423685617,False,False,-1.3475760776189629,1.6531130939443468,0.58186099999999996
1,740,-0.050301641671781118,0.50162499999999999,0.51400000000000001,0.96417291923402892,0.72454602177787075,0,0,0,49,True,0.0081910100979828131,False,False,0.00084786314457791824,1.1837821058171558,0.499774
0.84999999999999998,740,-0.4794707745038293,0.53237500000000004,0.56200000000000006,0.6484690745179551,0.50142320398983076,0,0,0,65,True,0.0084621914780022723,False,False,-0.29333850291300162,1.2098295592007686,0.52929400000000004
0.65000000000000002,740,-1.0469359702427548,0.56087500000000001,0.57199999999999995,0.66703807486659095,0.33385868476518937,1,0,0,75,True,0.0080896817127514044,False,False,-0.79834597969550514,1.3665569892860103,0.56369400000000003
0.5,740,-1.3893109724422039,0.58274999999999999,0.59299999999999997,0.63696618855249343,0.71049603832289732,1,0,0,119,True,0.0075218925381597837,False,False,-1.3475760776189629,1.6531130939443468,0.58186099999999996
1,741,-0.046708926358638901,0.49875000000000003,0.52900000000000003,0.86118928319798649,0.19858126086595274,0,0,0,44,True,0.0091731244056690187,False,False,0.00084786314457791824,1.1837821058171558,0.499774
0.84999999999999998,741,-0.47398043143773189,0.53037500000000004,0.54900000000000004,0.91509867431241498,0.67416787029804048,0,0,0,55,True,0.0091674529203643607,False,False,-0.29333850291300162,1.2098295592007686,0.52929400000000004
0.65000000000000002,741,-1.027832746727555,0.56337499999999996,0.56699999999999995,0.96593946990455803,0.94482619264494616,1,0,0,103,True,0.0085753567932374767,False,False,-0.79834597969550514,1.3665569892860103,0.56369400000000003
0.5,741,-1.3029466033067509,0.583125,0.58599999999999997,0.74113836786128229,0.7992087380606574,1,0,0,97,True,0.008420155998349237,False,False,-1.3475760776189629,1.6531130939443468,0.58186099999999996
1,742,-0.030028561393546024,0.50837500000000002,0.496,0.40011645603114698,0.40522588809802501,0,0,0,57,True,0.008629148611707476,False,False,0.00084786314457791824,1.1837821058171558,0.499774
0.84999999999999998,742,-0.48781257317132115,0.53162500000000001,0.52800000000000002,0.033438574598902038,0.29746973420094097,0,0,0,61,True,0.0086531076326709627,False,False,-0.29333850291300162,1.2098295592007686,0.52929400000000004
0.65000000000000002,742,-1.1624198718721619,0.57474999999999998,0.56000000000000005,0.48453896889471437,0.35323656795853842,0,0,0,70,True,0.0083275090142957923,False,False,-0.79834597969550514,1.3665569892860103,0.56369400000000003
0.5,742,-1.4831094256279573,0.59475,0.58499999999999996,0.12659082236091815,0.1035371140257127,1,0,0,173,True,0.0082272153377696902,False,False,-1.3475760776189629,1.6531130939443468,0.58186099999999996
1,743,0.081480707225715723,0.5,0.50900000000000001,0.94620884418691764,0.64448103211135899,0,0,0,44,True,0.0084683264948047683,False,False,0.00084786314457791824,1.1837821058171558,0.499774
0.84999999999999998,743,-0.47033249020254059,0.52625,0.52800000000000002,0.99196884409118924,0.83976197371120676,0,0,0,50,True,0.0083108337590503453,False,False,-0.29333850291300162,1.2098295592007686,0.52929400000000004
0.65000000000000002,743,-1.1102010317797182,0.56712499999999999,0.57199999999999995,0.78750766294757046,0.6007123070931254,0,0,0,71,True,0.008314873689911342,False,False,-0.79834597969550514,1.3665569892860103,0.56369400000000003
0.5,743,-1.444995585082641,0.58987500000000004,0.59399999999999997,0.26139057702321294,0.39182958101247373,1,0,0,173,True,0.0086262754467948313,False,False,-1.3475760776189629,1.6531130939443468,0.58186099999999996
1,744,-0.064485209079706993,0.49437500000000001,0.503,0.77973687069959974,0.75787874469796157,0,0,0,52,True,0.0087185990715259662,False,False,0.00084786314457791824,1.1837821058171558,0.499774
0.84999999999999998,744,-0.52363707549669958,0.53137500000000004,0.54800000000000004,0.19131711197444945,0.022960545118659491,0,0,0,41,True,0.0083619524500505808,False,False,-0.29333850291300162,1.2098295592007686,0.52929400000000004
0.65000000000000002,744,-1.1313417906092691,0.55625000000000002,0.55800000000000005,0.5921410403907108,0.65854883543080778,0,0,0,54,True,0.0080265618147511292,False,False,-0.79834597969550514,1.3665569892860103,0.56369400000000003
0.5,744,-1.4779060100795118,0.575125,0.57099999999999995,0.49558602542455632,0.25889764334492721,0,0,0,62,True,0.0076499896961366599,False,False,-1.3475760776189629,1.6531130939443468,0.58186099999999996
1,745,-0.0190169615684322,0.49212499999999998,0.48299999999999998,0.38564179786152386,0.70161632101328386,0,0,0,44,True,0.0084783894261310534,False,False,0.00084786314457791824,1.1837821058171558,0.499774
0.84999999999999998,745,-0.52103440914440724,0.52124999999999999,0.51200000000000001,0.30826007457662385,0.55972554642975569,0,0,0,58,True,0.008497365945128536,False,False,-0.29333850291300162,1.2098295592007686,0.52929400000000004
0.65000000000000002,745,-1.2975669073933267,0.56325000000000003,0.56399999999999995,0.22007754811758615,0.2949343810783599,1,0,0,80,True,0.0086114209167640482,False,False,-0.79834597969550514,1.3665569892860103,0.56369400000000003
0.5,745,-1.6475672973488336,0.58862499999999995,0.57399999999999995,0.63620290535327584,0.6883738160805295,1,0,0,174,True,0.0087656891547774896,False,False,-1.3475760776189629,1.6531130939443468,0.58186099999999996
1,746,0.011546472339478184,0.48562499999999997,0.52000000000000002,0.38542655657484504,0.84380385582138473,0,0,0,50,True,0.0076868191674933084,False,False,0.00084786314457791824,1.1837821058171558,0.499774
0.84999999999999998,746,-0.54594292866439809,0.52187499999999998,0.54200000000000004,0.55062278885676663,0.17466295103131899,0,0,0,56,True,0.0080090654554477881,False,False,-0.29333850291300162,1.2098295592007686,0.52929400000000004
0.65000000000000002,746,-1.0932496746164058,0.55349999999999999,0.56499999999999995,0.26680194136793595,0.37548787671037609,0,0,0,61,True,0.0086075763665384875,False,False,-0.79834597969550514,1.3665569892860103,0.56369400000000003
0.5,746,-1.4303533879088983,0.57462500000000005,0.57599999999999996,0.61163474129125139,0.83077125446534927,1,0,0,139,True,0.0091017003053271116,False,False,-1.3475760776189629,1.6531130939443468,0.58186099999999996
1,747,-0.0039010160484753633,0.5,0.496,0.21653866216659898,0.076063244728605317,0,0,0,35,True,0.0079317144791823391,False,False,0.00084786314457791824,1.1837821058171558,0.499774
0.84999999999999998,747,-0.46549243188312772,0.52900000000000003,0.53700000000000003,0.32655593177806996,0.89574292514731557,0,0,0,57,True,0.0077470481760731685,False,False,-0.29333850291300162,1.2098295592007686,0.52929400000000004
0.65000000000000002,747,-1.1405394876166206,0.57137499999999997,0.57899999999999996,0.83668594900980886,0.81984620788551177,1,0,0,110,True,0.0078240709370616945,False,False,-0.79834597969550514,1.3665569892860103,0.56369400000000003
0.5,747,-1.4648171720339149,0.58512500000000001,0.59099999999999997,0.77861984096714865,0.68755979403360812,1,0,0,102,True,0.0081623229700315027,False,False,-1.3475760776189629,1.6531130939443468,0.58186099999999996
1,748,-0.048858844506869691,0.502,0.47999999999999998,0.045520432045506376,0.63381754893197606,0,0,0,41,True,0.0083046623313502987,False,False,0.00084786314457791824,1.1837821058171558,0.499774
0.84999999999999998,748,-0.54735172991745606,0.53025,0.51800000000000002,0.46942616059299613,0.87681902784654964,0,0,0,60,True,0.0080293354397944373,False,False,-0.29333850291300162,1.2098295592007686,0.52929400000000004
0.65000000000000002,748,-1.0416038078396324,0.56200000000000006,0.56000000000000005,0.059945058539934579,0.20801763776106763,0,0,0,72,True,0.0078821412684377135,False,False,-0.79834597969550514,1.3665569892860103,0.56369400000000003
0.5,748,-1.3145394521579448,0.58350000000000002,0.56200000000000006,0.08202066024803642,0.1078679826753266,1,0,0,105,True,0.0086374371411185764,False,False,-1.3475760776189629,1.6531130939443468,0.58186099999999996
1,749,0.21718138282298427,0.504,0.496,0.080995691918014798,0.682641673086823,0,0,0,36,True,0.0079328467014896254,False,False,0.00084786314457791824,1.1837821058171558,0.499774
0.84999999999999998,749,-0.27971893897762268,0.52600000000000002,0.51100000000000001,0.021438839821567815,0.46041572574092482,0,0,0,58,True,0.0078190189030886374,False,False,-0.29333850291300162,1.2098295592007686,0.52929400000000004
0.65000000000000002,749,-0.93092466271472507,0.56974999999999998,0.53400000000000003,0.19998609146488069,0.23229870305405115,1,0,0,81,True,0.0087296599534079228,False,False,-0.79834597969550514,1.3665569892860103,0.56369400000000003
0.5,749,-1.2699529029771792,0.58350000000000002,0.55600000000000005,0.46560303776068268,0.41174595542713255,1,0,0,137,True,0.0088183844219325465,False,False,-1.3475760776189629,1.6531130939443468,0.58186099999999996
1,750,0.047594741773571425,0.49987500000000001,0.498,0.61855073338545541,0.88231621479078137,0,0,0,44,True,0.0087324902210919927,False,False,0.00084786314457791824,1.1837821058171558,0.499774
0.84999999999999998,750,-0.41128904966128466,0.53075000000000006,0.54800000000000004,0.97625257820579614,0.97776102946954635,0,0,0,46,True,0.0085244412590881665,False,False,-0.29333850291300162,1.2098295592007686,0.52929400000000004
0.65000000000000002,750,-1.0355033172736159,0.55912499999999998,0.56200000000000006,0.96779697792342501,0.98778359869519827,1,0,0,87,True,0.0084640808461232293,False,False,-0.79834597969550514,1.3665569892860103,0.56369400000000003
0.5,750,-1.4081392920832541,0.57787500000000003,0.58399999999999996,0.44521181703065038,0.11452224063772427,1,0,0,102,True,0.008246043902447096,False,False,-1.3475760776189629,1.6531130939443468,0.58186099999999996
1,751,-0.093325388290915398,0.49287500000000001,0.47699999999999998,0.74106846277758187,0.91785244656625042,0,0,0,57,True,0.0085125383913782996,False,False,0.00084786314457791824,1.1837821058171558,0.499774
0.84999999999999998,751,-0.49864033123810242,0.52612499999999995,0.50700000000000001,0.43357186038796836,0.1168526544994207,0,0,0,62,True,0.0083901053741563744,False,False,-0.29333850291300162,1.2098295592007686,0.52929400000000004
0.65000000000000002,751,-1.1460581191741861,0.55887500000000001,0.56200000000000006,0.54997711717171993,0.74396246124442922,0,0,0,70,True,0.0086458282401519811,False,False,-0.79834597969550514,1.3665569892860103,0.56369400000000003
0.5,751,-1.4227335346387771,0.578125,0.58099999999999996,0.2104476170285873,0.076395514693868904,1,0,0,83,True,0.0084517272317556191,False,False,-1.3475760776189629,1.6531130939443468,0.58186099999999996
1,752,0.025349236864456753,0.49212499999999998,0.47699999999999998,0.55759539269749681,0.073804547043367086,0,0,0,48,True,0.0082394128525966302,False,False,0.00084786314457791824,1.1837821058171558,0.499774
0.84999999999999998,752,-0.44774586856987331,0.53037500000000004,0.52400000000000002,0.27792287079462719,0.11827561226856945,0,0,0,62,True,0.0084343723463763329,False,False,-0.29333850291300162,1.2098295592007686,0.52929400000000004
0.65000000000000002,752,-1.0683065945519707,0.57062500000000005,0.57299999999999995,0.22178613683564205,0.11873393173995005,1,0,0,128,True,0.0085769506268921995,False,False,-0.79834597969550514,1.3665569892860103,0.56369400000000003
0.5,752,-1.386421967478372,0.59062499999999996,0.59499999999999997,0.35631672486724392,0.58402295461047316,1,0,0,135,True,0.0081803756789092293,False,False,-1.3475760776189629,1.6531130939443468,0.58186099999999996
1,753,-0.056226622888455757,0.50724999999999998,0.505,0.031836840661431137,0.27882148163924597,0,0,0,48,True,0.0089198961848103286,False,False,0.00084786314457791824,1.1837821058171558,0.499774
0.84999999999999998,753,-0.55702010062360741,0.53687499999999999,0.53300000000000003,0.1284021920723509,0.62257367458403357,0,0,0,49,True,0.0086646854045887983,False,False,-0.29333850291300162,1.2098295592007686,0.52929400000000004
0.65000000000000002,753,-1.2200827326936086,0.573125,0.57999999999999996,0.65441200006804445,0.76190329774163812,1,0,0,121,True,0.0084325838040948415,False,False,-0.79834597969550514,1.3665569892860103,0.56369400000000003
0.5,753,-1.5008920714854819,0.58999999999999997,0.59499999999999997,0.87347590076638748,0.87449676504238028,1,0,0,138,True,0.008444063598085404,False,False,-1.3475760776189629,1.6531130939443468,0.58186099999999996
1,754,0.062625256330600135,0.48812499999999998,0.499,0.075712899329910266,0.75645612639205284,0,0,0,40,True,0.0086077058860040759,False,False,0.00084786314457791824,1.1837821058171558,0.499774
0.84999999999999998,754,-0.43162022456591304,0.52012499999999995,0.54400000000000004,0.79759127222338688,0.66669519204914085,1,0,0,91,True,0.008393902526265571,False,False,-0.29333850291300162,1.2098295592007686,0.52929400000000004
0.65000000000000002,754,-1.1182526016206489,0.55774999999999997,0.59399999999999997,0.67319412491096819,0.60251220762488822,0,0,0,64,True,0.0080692125318496625,False,False,-0.79834597969550514,1.3665569892860103,0.56369400000000003
0.5,754,-1.4511156286650522,0.58150000000000002,0.59299999999999997,0.24471097293944849,0.23936583562261307,1,0,0,86,True,0.0081458576426392676,False,False,-1.3475760776189629,1.6531130939443468,0.58186099999999996
1,755,0.1226040596403395,0.50087499999999996,0.48799999999999999,0.070230458109724184,0.32308211922402602,0,0,0,37,True,0.0084154634181991088,False,False,0.00084786314457791824,1.1837821058171558,0.499774
0.84999999999999998,755,-0.35110473574315465,0.53337500000000004,0.53200000000000003,0.38764151232741662,0.4620179892191566,0,0,0,40,True,0.0084653051352960931,False,False,-0.29333850291300162,1.2098295592007686,0.52929400000000004
0.65000000000000002,755,-1.0643302138488135,0.56662500000000005,0.57199999999999995,0.49011725868168954,0.55863483847346473,0,0,0,73,True,0.0079297721129985288,False,False,-0.79834597969550514,1.3665569892860103,0.56369400000000003
0.5,755,-1.399790135825375,0.58262499999999995,0.59299999999999997,0.61782555325005295,0.47682760017659676,1,0,0,102,True,0.0080606042384634164,False,False,-1.3475760776189629,1.6531130939443468,0.58186099999999996
1,756,0.036619677980612053,0.48749999999999999,0.46000000000000002,0.7374291089471654,0.8859030063451937,0,0,0,39,True,0.0090693922321302117,False,False,0.00084786314457791824,1.1837821058171558,0.499774
0.84999999999999998,756,-0.44254622495159546,0.51912499999999995,0.48699999999999999,0.81629184318718462,0.33686820083544206,0,0,0,47,True,0.0089794187081438798,False,False,-0.29333850291300162,1.2098295592007686,0.52929400000000004
0.65000000000000002,756,-0.99111277774319484,0.5585,0.51800000000000002,0.1641845184177137,0.13412249867899051,1,0,0,83,True,0.0084336428391598214,False,False,-0.79834597969550514,1.3665569892860103,0.56369400000000003
0.5,756,-1.4236526587250791,0.57587500000000003,0.54900000000000004,0.1708999966485388,0.43859762243738587,1,0,0,94,True,0.0081206774007153374,False,False,-1.3475760776189629,1.6531130939443468,0.58186099999999996
1,757,-0.0098320620404218125,0.49399999999999999,0.504,0.21511606081726889,0.33351620100925594,0,0,0,36,True,0.0078545981697831189,False,False,0.00084786314457791824,1.1837821058171558,0.499774
0.84999999999999998,757,-0.43670764803167494,0.52849999999999997,0.53600000000000003,0.91030388270697093,0.56814810531613202,0,0,0,36,True,0.0080307065984484578,False,False,-0.29333850291300162,1.2098295592007686,0.52929400000000004
0.65000000000000002,757,-0.99026843795725195,0.57237499999999997,0.56799999999999995,0.73693791376906337,0.84664842569146592,1,0,0,110,True,0.0087114123036915615,False,False,-0.79834597969550514,1.3665569892860103,0.56369400000000003
0.5,757,-1.3263899768749143,0.58599999999999997,0.58399999999999996,0.43888700508613882,0.53022216744922357,1,0,0,152,True,0.008537438233618834,False,False,-1.3475760776189629,1.6531130939443468,0.58186099999999996
1,758,0.055878170441783462,0.49587500000000001,0.50900000000000001,0.62374238548870664,0.47023692431842612,0,0,0,50,True,0.0082275154372951822,False,False,0.00084786314457791824,1.1837821058171558,0.499774
0.84999999999999998,758,-0.38981393584481039,0.52562500000000001,0.53100000000000003,0.68260587181070942,0.45773025437143233,0,0,0,69,True,0.0084090194193854675,False,False,-0.29333850291300162,1.2098295592007686,0.52929400000000004
0.65000000000000002,758,-0.98776827613945084,0.56312499999999999,0.55000000000000004,0.41533319647187855,0.27848569631221393,1,0,0,84,True,0.0084604081376831487,False,False,-0.79834597969550514,1.3665569892860103,0.56369400000000003
0.5,758,-1.2759900286296031,0.57862499999999994,0.56899999999999995,0.21125178078607235,0.24013633072450588,1,0,0,111,True,0.0086290539690348535,False,False,-1.3475760776189629,1.6531130939443468,0.58186099999999996
1,759,0.077402761215275132,0.50262499999999999,0.45000000000000001,0.51381807489361397,0.77034366165836132,0,0,0,37,True,0.0081967922277345097,False,False,0.00084786314457791824,1.1837821058171558,0.499774
0.84999999999999998,759,-0.48624899597494231,0.53037500000000004,0.505,0.078788265214904674,0.23919566215700777,0,0,0,45,True,0.0080582926330176365,False,False,-0.29333850291300162,1.2098295592007686,0.52929400000000004
0.65000000000000002,759,-1.1027799307765542,0.56662500000000005,0.56399999999999995,0.21519105741172798,0.22498301276502819,1,0,0,88,True,0.0078610331116557158,False,False,-0.79834597969550514,1.3665569892860103,0.56369400000000003
0.5,759,-1.4881651636022131,0.583125,0.58199999999999996,0.44549872155149789,0.17476963189015154,1,0,0,210,True,0.0082443946727018113,False,False,-1.3475760776189629,1.6531130939443468,0.58186099999999996
1,760,-0.12462388863866883,0.48962499999999998,0.51100000000000001,0.13561360078267429,0.11224312466245386,0,0,0,37,True,0.0088855761199494419,False,False,0.00084786314457791824,1.1837821058171558,0.499774
0.84999999999999998,760,-0.65861564492527347,0.516625,0.51700000000000002,0.7050542426385481,0.24197604086749475,0,0,0,47,True,0.008632605163492504,False,False,-0.29333850291300162,1.2098295592007686,0.52929400000000004
0.65000000000000002,760,-1.322036541962482,0.5605,0.55000000000000004,0.90806994667941976,0.60872382436984718,0,0,0,73,True,0.0082706894061820371,False,False,-0.79834597969550514,1.3665569892860103,0.56369400000000003
0.5,760,-1.6772852582611673,0.57687500000000003,0.56499999999999995,0.93243426474613,0.97752845965544699,1,0,0,75,True,0.0081339487664965626,False,False,-1.3475760776189629,1.6531130939443468,0.58186099999999996
1,761,-0.18295347408457041,0.49825000000000003,0.52100000000000002,0.98108050868406527,0.85993370075490838,0,0,0,46,True,0.008185924631122634,False,False,0.00084786314457791824,1.1837821058171558,0.499774
0.84999999999999998,761,-0.74075517181153694,0.53049999999999997,0.56799999999999995,0.68993645277547155,0.51823941943830754,1,0,0,103,True,0.0083574568666282024,False,False,-0.29333850291300162,1.2098295592007686,0.52929400000000004
0.65000000000000002,761,-1.3955685954925992,0.57299999999999995,0.59699999999999998,0.88550097336412104,0.95135566035126784,1,0,0,97,True,0.0091761838384214495,False,False,-0.79834597969550514,1.3665569892860103,0.56369400000000003
0.5,761,-1.7767103221427494,0.58737499999999998,0.58899999999999997,0.63494481823663274,0.2158847703523151,1,0,0,124,True,0.008837691726973896,False,False,-1.3475760776189629,1.6531130939443468,0.58186099999999996
1,762,0.10965029960010646,0.50612500000000005,0.51300000000000001,0.020572875377012939,0.55910606062867019,0,0,0,40,True,0.0077982713393268772,False,False,0.00084786314457791824,1.1837821058171558,0.499774
0.84999999999999998,762,-0.40647677491128087,0.53787499999999999,0.55200000000000005,0.17453474138407368,0.5220027573390793,1,0,0,80,True,0.0079729568234450966,False,False,-0.29333850291300162,1.2098295592007686,0.52929400000000004
0.65000000000000002,762,-0.96758193845543194,0.57825000000000004,0.58399999999999996,0.91578790265871668,0.79552975768668954,1,0,0,88,True,0.0080872265727025636,False,False,-0.79834597969550514,1.3665569892860103,0.56369400000000003
0.5,762,-1.2729477086584577,0.58975,0.60399999999999998,0.22668122558085038,0.15777804558911745,1,0,0,220,True,0.0082856438951422959,False,False,-1.3475760776189629,1.6531130939443468,0.58186099999999996
1,763,0.016503008146343406,0.50524999999999998,0.50700000000000001,0.1388290465195165,0.34061222954438725,0,0,0,38,True,0.0084697236714249662,False,False,0.00084786314457791824,1.1837821058171558,0.499774
0.84999999999999998,763,-0.54040176336646895,0.53075000000000006,0.54200000000000004,0.10525741212733361,0.0067455755456419728,0,0,0,57,True,0.0085166544431783137,False,False,-0.29333850291300162,1.2098295592007686,0.52929400000000004
0.65000000000000002,763,-1.0612983119465929,0.56687500000000002,0.57899999999999996,0.10922607046335175,0.058908107554799298,1,0,0,79,True,0.0087229414695390913,False,False,-0.79834597969550514,1.3665569892860103,0.56369400000000003
0.5,763,-1.3715928660896339,0.58674999999999999,0.59099999999999997,0.76423763079587959,0.88883296693133185,1,0,0,148,True,0.0080406711881298425,False,False,-1.3475760776189629,1.6531130939443468,0.58186099999999996
1,764,0.26906868375241921,0.50075000000000003,0.51100000000000001,0.32200941877038874,0.17137739300325802,0,0,0,50,True,0.0083456089079990466,False,False,0.00084786314457791824,1.1837821058171558,0.499774
0.84999999999999998,764,-0.28945550214618365,0.52762500000000001,0.54300000000000004,0.31349380274724781,0.31925693726215326,0,0,1,52,True,0.0083281625775486166,False,False,-0.29333850291300162,1.2098295592007686,0.52929400000000004
0.65000000000000002,764,-1.0218943383813139,0.5595,0.57199999999999995,0.13231486411094742,0.0065016457492099522,1,0,0,88,True,0.0079878983163328421,False,False,-0.79834597969550514,1.3665569892860103,0.56369400000000003
0.5,764,-2.056702851384836,0.57674999999999998,0.58099999999999996,0.40069045323156266,0.46709360396650679,1,0,0,100,True,0.0084327823788634161,False,False,-1.3475760776189629,1.6531130939443468,0.58186099999999996
1,765,-0.012670077656983856,0.50875000000000004,0.48199999999999998,0.96048578461773959,0.31389547133435397,0,0,0,38,True,0.0088957153489769188,False,False,0.00084786314457791824,1.1837821058171558,0.499774
0.84999999999999998,765,-0.55194625091730798,0.54137500000000005,0.52400000000000002,0.57020649041832627,0.82666807627000027,0,0,0,60,True,0.0090058589574961642,False,False,-0.29333850291300162,1.2098295592007686,0.52929400000000004
0.65000000000000002,765,-1.1082486368077431,0.56862500000000005,0.55500000000000005,0.20800841974200521,0.28831928102003856,1,0,0,77,True,0.0091280981356596097,False,False,-0.79834597969550514,1.3665569892860103,0.56369400000000003
0.5,765,-1.3855874452999717,0.58925000000000005,0.59699999999999998,0.30305885013429323,0.16471070484310346,1,0,0,99,True,0.0095074823919055144,False,False,-1.3475760776189629,1.6531130939443468,0.58186099999999996
1,766,-0.024264778352385864,0.50875000000000004,0.47499999999999998,0.5462174365890845,0.5216203586674133,0,0,0,62,True,0.0086345829123394766,False,False,0.00084786314457791824,1.1837821058171558,0.499774
0.84999999999999998,766,-0.57438342418040844,0.53662500000000002,0.51000000000000001,0.93917883230186661,0.25866640465041374,0,0,0,67,True,0.0088570978278087256,False,False,-0.29333850291300162,1.2098295592007686,0.52929400000000004
0.65000000000000002,766,-1.3087084060603567,0.56137499999999996,0.55800000000000005,0.13291874557895078,0.075038800870193378,1,0,0,112,True,0.0088709688628771551,False,False,-0.79834597969550514,1.3665569892860103,0.56369400000000003
0.5,766,-1.8865424209401849,0.57462500000000005,0.56100000000000005,0.89965155896033533,0.96347858278194765,1,0,0,126,True,0.0084082531052389765,False,False,-1.3475760776189629,1.6531130939443468,0.58186099999999996
1,767,0.13969126433919196,0.49562499999999998,0.51700000000000002,0.25731263133609067,0.50397082672863069,0,0,0,40,True,0.0085580318143937528,False,False,0.00084786314457791824,1.1837821058171558,0.499774
0.84999999999999998,767,-0.37682160851373953,0.52812499999999996,0.53900000000000003,0.48191438802013709,0.42569345285771193,0,0,0,49,True,0.0083747706027821316,False,False,-0.29333850291300162,1.2098295592007686,0.52929400000000004
0.65000000000000002,767,-1.0477601820406375,0.56425000000000003,0.57699999999999996,0.43912212107113874,0.16327959995526836,1,0,0,102,True,0.0081873534828731612,False,False,-0.79834597969550514,1.3665569892860103,0.56369400000000003
0.5,767,-1.602063042035367,0.58437499999999998,0.58899999999999997,0.36625097331695761,0.89493234456644699,1,0,0,119,True,0.0084099828564872473,False,False,-1.3475760776189629,1.6531130939443468,0.58186099999999996
1,768,0.0018467320198260894,0.49975000000000003,0.48399999999999999,0.57551889437900861,0.22544766239585554,0,0,0,39,True,0.0085872767500570039,False,False,0.00084786314457791824,1.1837821058171558,0.499774
0.84999999999999998,768,-0.42833112086319364,0.53000000000000003,0.52700000000000002,0.37238143088985692,0.79746019348296571,0,0,0,44,True,0.0085047857072642809,False,False,-0.29333850291300162,1.2098295592007686,0.52929400000000004
0.65000000000000002,768,-0.95225523618580366,0.55700000000000005,0.56799999999999995,0.68468846823720408,0.41886119417535445,1,0,0,79,True,0.0083806239726899462,False,False,-0.79834597969550514,1.3665569892860103,0.56369400000000003
0.5,768,-1.3086692073654862,0.58037499999999997,0.57499999999999996,0.49877707764225254,0.2535682392809428,1,0,0,88,True,0.0084477363399129406,False,False,-1.3475760776189629,1.6531130939443468,0.58186099999999996
1,769,0.026762608548114342,0.498,0.504,0.87497922257591498,0.90262264366693978,0,0,0,43,True,0.0084396271879408416,False,False,0.00084786314457791824,1.1837821058171558,0.499774
0.84999999999999998,769,-0.51475525483684237,0.53100000000000003,0.54200000000000004,0.66020243668120571,0.66404273453210916,0,0,0,57,True,0.007982536530536332,False,False,-0.29333850291300162,1.2098295592007686,0.52929400000000004
0.65000000000000002,769,-1.0852755075125777,0.57087500000000002,0.56799999999999995,0.89277260907469691,0.36876464643761536,1,0,0,78,True,0.0088055543248323175,False,False,-0.79834597969550514,1.3665569892860103,0.56369400000000003
0.5,769,-1.4708192465214223,0.58774999999999999,0.58499999999999996,0.27313601996151332,0.32100477192560356,1,0,0,123,True,0.0087588419855927704,False,False,-1.3475760776189629,1.6531130939443468,0.58186099999999996
1,770,-0.1195072817851197,0.50349999999999995,0.47399999999999998,0.33469039659825811,0.63767461433533323,0,0,0,46,True,0.0081309891632379769,False,False,0.00084786314457791824,1.1837821058171558,0.499774
0.84999999999999998,770,-0.6821796518535459,0.53600000000000003,0.52200000000000002,0.5755161843504204,0.6004402635321866,0,0,0,54,True,0.0081504650859381966,False,False,-0.29333850291300162,1.2098295592007686,0.52929400000000004
0.65000000000000002,770,-1.3256090967368439,0.56987500000000002,0.56799999999999995,0.07262634672658258,0.095619632139880353,1,0,0,75,True,0.0082272958801966698,False,False,-0.79834597969550514,1.3665569892860103,0.56369400000000003
0.5,770,-1.659882861340839,0.58474999999999999,0.57999999999999996,0.068270847521466588,0.11894202840081695,1,0,0,115,True,0.0082027932752825362,False,False,-1.3475760776189629,1.6531130939443468,0.58186099999999996
1,771,-0.047627642722235741,0.50987499999999997,0.49399999999999999,0.42394100421986214,0.23947173169580915,0,0,0,45,True,0.0082134807553140982,False,False,0.00084786314457791824,1.1837821058171558,0.499774
0.84999999999999998,771,-0.462886582553033,0.53574999999999995,0.51700000000000002,0.26697153231302645,0.078371574981644251,0,0,0,47,True,0.0085408217814126903,False,False,-0.29333850291300162,1.2098295592007686,0.52929400000000004
0.65000000000000002,771,-1.0627004654665693,0.579125,0.56499999999999995,0.30948969014598648,0.57844333343370624,1,0,0,98,True,0.0086296093813222011,False,False,-0.79834597969550514,1.3665569892860103,0.56369400000000003
0.5,771,-1.4365590167295841,0.59162499999999996,0.58199999999999996,0.34452453222210033,0.44376823925793335,1,0,0,181,True,0.008461079206925395,False,False,-1.3475760776189629,1.6531130939443468,0.58186099999999996
1,772,0.024188694169064787,0.50087499999999996,0.50900000000000001,0.5161381864822937,0.88139553535108239,0,0,0,43,True,0.0078971718667957096,False,False,0.00084786314457791824,1.1837821058171558,0.499774
0.84999999999999998,772,-0.47824512142344383,0.52687499999999998,0.52500000000000002,0.66695970737824262,0.43218129411168926,0,0,0,52,True,0.0078041062155940581,False,False,-0.29333850291300162,1.2098295592007686,0.52929400000000004
0.65000000000000002,772,-1.1799631820673893,0.56887500000000002,0.55400000000000005,0.87575542190047317,0.80214230230659167,1,0,0,85,True,0.0082974706238918405,False,False,-0.79834597969550514,1.3665569892860103,0.56369400000000003
0.5,772,-1.5664210335433171,0.59150000000000003,0.56899999999999995,0.6944260925127651,0.33989097072100516,1,0,0,261,True,0.0082448739999914852,False,False,-1.3475760776189629,1.6531130939443468,0.58186099999999996
1,773,-0.019509768434817297,0.48962499999999998,0.51300000000000001,0.71474871739002399,0.77807183860610785,0,0,0,55,True,0.007857879255584909,False,False,0.00084786314457791824,1.1837821058171558,0.499774
0.84999999999999998,773,-0.46938835648319477,0.52524999999999999,0.53900000000000003,0.90192269240669631,0.77030199536798427,0,0,0,69,True,0.0079290902935676907,False,False,-0.29333850291300162,1.2098295592007686,0.52929400000000004
0.65000000000000002,773,-1.0550781721017972,0.56362500000000004,0.57599999999999996,0.061728002904930239,0.078040589784703088,1,0,0,114,True,0.0084256523491008355,False,False,-0.79834597969550514,1.3665569892860103,0.56369400000000003
0.5,773,-1.3847070593581763,0.58237499999999998,0.59699999999999998,0.010375057752045039,0.0049809741512598423,1,0,0,154,True,0.0089451245341957003,False,False,-1.3475760776189629,1.6531130939443468,0.58186099999999996
1,774,-0.10954576278547731,0.50387499999999996,0.51900000000000002,0.6189807791587556,0.80219637583131842,0,0,0,38,True,0.0080436068339196434,False,False,0.00084786314457791824,1.1837821058171558,0.499774
0.84999999999999998,774,-0.51519705462588883,0.53762500000000002,0.56699999999999995,0.22094702436842412,0.079741403543487119,0,0,0,64,True,0.008222804694719154,False,False,-0.29333850291300162,1.2098295592007686,0.52929400000000004
0.65000000000000002,774,-1.0346353431035791,0.5635,0.58899999999999997,0.74019512037151636,0.64400603170113258,1,0,0,92,True,0.0086585976992791715,False,False,-0.79834597969550514,1.3665569892860103,0.56369400000000003
0.5,774,-1.3292277719064545,0.57699999999999996,0.60999999999999999,0.61033517761174017,0.37051808039663886,1,0,1,130,True,0.0086696927953531545,False,False,-1.3475760776189629,1.6531130939443468,0.58186099999999996
1,775,0.15886230399807066,0.4965,0.52600000000000002,0.72035329675825599,0.54207603495861734,0,0,0,36,True,0.0085474127221248555,False,False,0.00084786314457791824,1.1837821058171558,0.499774
0.84999999999999998,775,-0.38812438914446018,0.52575000000000005,0.55500000000000005,0.24033228581441324,0.33446315655639641,0,0,0,38,True,0.008312795706524382,False,False,-0.29333850291300162,1.2098295592007686,0.52929400000000004
0.65000000000000002,775,-1.0307042421413621,0.56200000000000006,0.56899999999999995,0.34175951721682324,0.27570569419401453,1,0,0,91,True,0.0090524359842229004,False,False,-0.79834597969550514,1.3665569892860103,0.56369400000000003
0.5,775,-1.3718370064139551,0.58812500000000001,0.59199999999999997,0.74056478061743536,0.62839346996589729,1,0,0,152,True,0.0091735121246313608,False,False,-1.3475760776189629,1.6531130939443468,0.58186099999999996
1,776,0.066524444326377274,0.50137500000000002,0.48799999999999999,0.78358516476461104,0.035728970628068839,0,0,0,46,True,0.0085364429767024602,False,False,0.00084786314457791824,1.1837821058171558,0.499774
0.84999999999999998,776,-0.36228475454179282,0.54012499999999997,0.52700000000000002,0.51249438149083448,0.46785972208929716,0,0,0,47,True,0.0084067445094540665,False,False,-0.29333850291300162,1.2098295592007686,0.52929400000000004
0.65000000000000002,776,-1.0599590269386185,0.57037499999999997,0.56499999999999995,0.76757344290314244,0.84190750521643853,1,0,0,109,True,0.008624825317189274,False,False,-0.79834597969550514,1.3665569892860103,0.56369400000000003
0.5,776,-1.3619801331212376,0.58950000000000002,0.57699999999999996,0.10247199584274182,0.32043862007158236,1,0,0,155,True,0.0087203004704458839,False,False,-1.3475760776189629,1.6531130939443468,0.58186099999999996
1,777,-0.017201103621510887,0.50849999999999995,0.48899999999999999,0.40983656105865884,0.83435882236898118,0,0,0,52,True,0.0084840462186403925,False,False,0.00084786314457791824,1.1837821058171558,0.499774
0.84999999999999998,777,-0.47135395703306437,0.53674999999999995,0.52900000000000003,0.095028961899231032,0.12163534377908623,0,1,1,55,True,0.0085684917221811093,False,False,-0.29333850291300162,1.2098295592007686,0.52929400000000004
0.65000000000000002,777,-1.1321064787116701,0.56112499999999998,0.56000000000000005,0.75850108452585097,0.74155975778015593,1,0,0,112,True,0.0088182350227273502,False,False,-0.79834597969550514,1.3665569892860103,0.56369400000000003
0.5,777,-1.5040328319586931,0.581125,0.57399999999999995,0.56740295221715165,0.53014232322014443,1,0,0,146,True,0.008807490526472778,False,False,-1.3475760776189629,1.6531130939443468,0.58186099999999996
1,778,0.11948658774360255,0.503,0.505,0.0091249395241157494,0.12614807582374987,0,0,0,39,True,0.0078594029366443174,False,False,0.00084786314457791824,1.1837821058171558,0.499774
0.84999999999999998,778,-0.35804878441101545,0.53225,0.53500000000000003,0.004516876244177642,0.1538464753480227,0,0,0,46,True,0.0077818746159538672,False,False,-0.29333850291300162,1.2098295592007686,0.52929400000000004
0.65000000000000002,778,-0.95371746883440711,0.56599999999999995,0.57899999999999996,0.019776982087559132,0.20159930122700573,1,0,0,93,True,0.0077564667365020946,False,False,-0.79834597969550514,1.3665569892860103,0.56369400000000003
0.5,778,-1.4256682726371037,0.58637499999999998,0.59999999999999998,0.040444071216895007,0.008855633699618207,1,0,0,153,True,0.0080220911803056631,False,False,-1.3475760776189629,1.6531130939443468,0.58186099999999996
1,779,0.13831465981883956,0.48775000000000002,0.48699999999999999,0.1023758544514221,0.066601217751490471,0,0,0,47,True,0.0092346153691851996,False,False,0.00084786314457791824,1.1837821058171558,0.499774
0.84999999999999998,779,-0.3072483139993164,0.51637500000000003,0.52200000000000002,0.25449911443857826,0.1074012132817387,0,0,0,43,True,0.0086274114960681221,False,False,-0.29333850291300162,1.2098295592007686,0.52929400000000004
0.65000000000000002,779,-0.89910832946051622,0.55487500000000001,0.55500000000000005,0.11236203070075811,0.18763682843438251,0,0,0,55,True,0.0082258222126083448,False,False,-0.79834597969550514,1.3665569892860103,0.56369400000000003
0.5,779,-1.2980107226334345,0.58399999999999996,0.57499999999999996,0.44644149568446689,0.49827723095557208,1,0,0,195,True,0.0082224666806532121,False,False,-1.3475760776189629,1.6531130939443468,0.58186099999999996
1,780,-0.060227962752613863,0.49687500000000001,0.502,0.92508329098733277,0.59790271940157846,0,0,0,36,True,0.0083735096772605995,False,False,0.00084786314457791824,1.1837821058171558,0.499774
0.84999999999999998,780,-0.48316672201612548,0.53200000000000003,0.54000000000000004,0.57927766508143674,0.56930073697882233,0,0,0,52,True,0.008093287269918991,False,False,-0.29333850291300162,1.2098295592007686,0.52929400000000004
0.65000000000000002,780,-1.0846380199500589,0.56962500000000005,0.57099999999999995,0.81291846035167736,0.629440138572679,1,0,0,97,True,0.0079646570110860349,False,False,-0.79834597969550514,1.3665569892860103,0.56369400000000003
0.5,780,-1.4947239928536133,0.59062499999999996,0.58499999999999996,0.80738663527081278,0.51174939753596882,1,0,0,189,True,0.0082841526821015535,False,False,-1.3475760776189629,1.6531130939443468,0.58186099999999996
1,781,-0.092205089430490869,0.50175000000000003,0.47499999999999998,0.89922046445615356,0.76440167725047992,0,0,0,47,True,0.00849278353359398,False,False,0.00084786314457791824,1.1837821058171558,0.499774
0.84999999999999998,781,-0.53487726965101468,0.53587499999999999,0.51200000000000001,0.58197518549826377,0.12071118028512021,0,0,0,60,True,0.0089341037055147617,False,False,-0.29333850291300162,1.2098295592007686,0.52929400000000004
0.65000000000000002,781,-1.1428438873150706,0.57637499999999997,0.58399999999999996,0.97462309552473947,0.8978540244963964,1,0,0,125,True,0.0086384932802974681,False,False,-0.79834597969550514,1.3665569892860103,0.56369400000000003
0.5,781,-1.4731448079096603,0.59137499999999998,0.59599999999999997,0.790438577418346,0.88163401323053403,1,0,0,214,True,0.0083568657113812748,False,False,-1.3475760776189629,1.6531130939443468,0.58186099999999996
1,782,0.10721491703834432,0.49225000000000002,0.48799999999999999,0.6602331309064241,0.93589337760669555,0,0,0,53,True,0.007911869054150384,False,False,0.00084786314457791824,1.1837821058171558,0.499774
0.84999999999999998,782,-0.36938279407014996,0.51575000000000004,0.51000000000000001,0.5856781260393854,0.68688404736830155,0,0,0,38,True,0.0078746850358351536,False,False,-0.29333850291300162,1.2098295592007686,0.52929400000000004
0.65000000000000002,782,-1.0229972321814718,0.55874999999999997,0.56100000000000005,0.44070953866961177,0.20249053125269387,0,0,0,49,True,0.0082892144266136381,False,False,-0.79834597969550514,1.3665569892860103,0.56369400000000003
0.5,782,-1.4148348933375041,0.57874999999999999,0.56899999999999995,0.84861737854836317,0.8042196237237289,1,0,0,100,True,0.0080835313948430382,False,False,-1.3475760776189629,1.6531130939443468,0.58186099999999996
1,783,0.064284534651094349,0.49612499999999998,0.51900000000000002,0.63337997812839886,0.44149327216315254,0,0,0,43,True,0.0080486863015242511,False,False,0.00084786314457791824,1.1837821058171558,0.499774
0.84999999999999998,783,-0.43580759538368402,0.53012499999999996,0.52700000000000002,0.91681955669525406,0.75598204844613992,0,0,0,49,True,0.0079877643644467432,False,False,-0.29333850291300162,1.2098295592007686,0.52929400000000004
0.65000000000000002,783,-1.02267970578434,0.5635,0.56200000000000006,0.070569528332191836,0.066597186322202961,0,0,0,64,True,0.0085636525851962141,False,False,-0.79834597969550514,1.3665569892860103,0.56369400000000003
0.5,783,-1.3350263883983344,0.58337499999999998,0.58199999999999996,0.06024045864351836,0.080534997565303648,1,0,0,174,True,0.0083282850016579337,False,False,-1.3475760776189629,1.6531130939443468,0.58186099999999996
1,784,-0.078525531125433812,0.50362499999999999,0.497,0.1602852900506595,0.72322802910344719,0,0,0,48,True,0.008923040955549931,False,False,0.00084786314457791824,1.1837821058171558,0.499774
0.84999999999999998,784,-0.49408735394291575,0.52512499999999995,0.50900000000000001,0.37343005119449502,0.049814372497404953,0,0,0,41,True,0.0086979473741402857,False,False,-0.29333850291300162,1.2098295592007686,0.52929400000000004
0.65000000000000002,784,-1.0382825150916499,0.55687500000000001,0.53100000000000003,0.73559079749390577,0.81821211288078022,0,0,0,63,True,0.0082506569588765861,False,False,-0.79834597969550514,1.3665569892860103,0.56369400000000003
0.5,784,-1.3286182373274051,0.57787500000000003,0.56499999999999995,0.71856557779698116,0.5963020458075351,0,0,0,68,True,0.0086658220993178162,False,False,-1.3475760776189629,1.6531130939443468,0.58186099999999996
1,785,-0.11665454148455154,0.49925000000000003,0.497,0.82152780616929499,0.86883590416319867,0,0,0,46,True,0.0084119181946972071,False,False,0.00084786314457791824,1.1837821058171558,0.499774
0.84999999999999998,785,-0.52222016083445821,0.53337500000000004,0.54100000000000004,0.95329396672755506,0.8886723257312279,0,0,1,65,True,0.0084849393046512941,False,False,-0.29333850291300162,1.2098295592007686,0.52929400000000004
0.65000000000000002,785,-1.0586263791460659,0.56874999999999998,0.58299999999999996,0.80152344151030941,0.70537607222992393,0,0,0,73,True,0.0083179142180960872,False,False,-0.79834597969550514,1.3665569892860103,0.56369400000000003
0.5,785,-1.3738283347384197,0.58674999999999999,0.58899999999999997,0.38332289861771179,0.73610323635446073,1,0,0,145,True,0.0083536304289637178,False,False,-1.3475760776189629,1.6531130939443468,0.58186099999999996
1,786,0.0084483098570152983,0.49962499999999999,0.50900000000000001,0.36898621191629355,0.074735262781863473,0,0,0,39,True,0.0086831072398371179,False,False,0.00084786314457791824,1.1837821058171558,0.499774
0.84999999999999998,786,-0.52210385936417125,0.52849999999999997,0.55900000000000005,0.69805253156354641,0.35753837052615339,0,0,0,49,True,0.0086075408535419319,False,False,-0.29333850291300162,1.2098295592007686,0.52929400000000004
0.65000000000000002,786,-1.082634732013668,0.56137499999999996,0.57899999999999996,0.55771881775707677,0.61939576702791277,1,0,0,78,True,0.0086480013626612021,False,False,-0.79834597969550514,1.3665569892860103,0.56369400000000003
0.5,786,-1.397565036697396,0.57674999999999998,0.58999999999999997,0.60835068064424214,0.68885484058910218,1,0,0,95,True,0.0084425608423193965,False,False,-1.3475760776189629,1.6531130939443468,0.58186099999999996
1,787,-0.10321944472338576,0.49062499999999998,0.48399999999999999,0.87306561789947867,0.82745315153504073,0,0,0,63,True,0.0084552293168699538,False,False,0.00084786314457791824,1.1837821058171558,0.499774
0.84999999999999998,787,-0.55931406384890903,0.52087499999999998,0.50900000000000001,0.85796555420698861,0.35619033032731329,0,0,0,48,True,0.0081879350482987265,False,False,-0.29333850291300162,1.2098295592007686,0.52929400000000004
0.65000000000000002,787,-1.1508496473408745,0.56262500000000004,0.55900000000000005,0.707679580096504,0.78838682862802023,0,0,0,63,True,0.0085001581450134343,False,False,-0.79834597969550514,1.3665569892860103,0.56369400000000003
0.5,787,-1.5652106333896392,0.58725000000000005,0.58499999999999996,0.51920698573552992,0.41044290029218006,1,0,0,119,True,0.0083665928361112661,False,False,-1.3475760776189629,1.6531130939443468,0.58186099999999996
1,788,0.087321571804769724,0.49137500000000001,0.495,0.25219572665485263,0.83958735518217709,0,0,0,39,True,0.0083865040071185535,False,False,0.00084786314457791824,1.1837821058171558,0.499774
0.84999999999999998,788,-0.57554354339980796,0.52124999999999999,0.51600000000000001,0.34018702130507317,0.60548004397854416,0,0,0,46,True,0.008450383288415575,False,False,-0.29333850291300162,1.2098295592007686,0.52929400000000004
0.65000000000000002,788,-1.1738192148335689,0.56237499999999996,0.56299999999999994,0.4197442890060733,0.69245941286211166,0,0,0,56,True,0.0083126800730935774,False,False,-0.79834597969550514,1.3665569892860103,0.56369400000000003
0.5,788,-1.5066394517258941,0.58225000000000005,0.60399999999999998,0.11502274194402758,0.35174592683418548,1,0,0,113,True,0.0084192758344546065,False,False,-1.3475760776189629,1.6531130939443468,0.58186099999999996
1,789,0.052974242330400066,0.51224999999999998,0.495,0.36513841001643421,0.44200634573594982,0,0,0,56,True,0.0082165572618629317,False,False,0.00084786314457791824,1.1837821058171558,0.499774
0.84999999999999998,789,-0.54037961348695207,0.53900000000000003,0.50800000000000001,0.03124445106154854,0.47691492952691861,0,0,0,67,True,0.0085164512710191823,False,False,-0.29333850291300162,1.2098295592007686,0.52929400000000004
0.65000000000000002,789,-1.1097075861612025,0.55974999999999997,0.56100000000000005,0.48956717977532671,0.11923158159448236,1,0,0,93,True,0.0086366626370822965,False,False,-0.79834597969550514,1.3665569892860103,0.56369400000000003
0.5,789,-1.4602247221904232,0.57474999999999998,0.57399999999999995,0.14160296903910807,0.15114949364475616,1,0,0,108,True,0.0084633787243002054,False,False,-1.3475760776189629,1.6531130939443468,0.58186099999999996
1,790,0.047517679564586343,0.49887500000000001,0.49199999999999999,0.55274209946319897,0.88657588450401825,0,0,0,36,True,0.008055510426632129,False,False,0.00084786314457791824,1.1837821058171558,0.499774
0.84999999999999998,790,-0.42225382040935788,0.53262500000000002,0.50800000000000001,0.81580041332151099,0.33768588935577903,0,0,0,70,True,0.0083914328032696269,False,False,-0.29333850291300162,1.2098295592007686,0.52929400000000004
0.65000000000000002,790,-1.0155706222704253,0.57237499999999997,0.56299999999999994,0.34658889180114305,0.26208487952918419,1,0,0,85,True,0.0083835989719947355,False,False,-0.79834597969550514,1.3665569892860103,0.56369400000000003
0.5,790,-1.3259336319882815,0.58737499999999998,0.58599999999999997,0.48357359545719136,0.39587135585872213,1,0,0,192,True,0.0083360997584645529,False,False,-1.3475760776189629,1.6531130939443468,0.58186099999999996
1,791,0.037020935671786534,0.49612499999999998,0.48799999999999999,0.70217357799297964,0.33432655491595642,0,0,0,38,True,0.0085837813979892479,False,False,0.00084786314457791824,1.1837821058171558,0.499774
0.84999999999999998,791,-0.41289939410769866,0.53025,0.53100000000000003,0.98057287110685243,0.99426340498480492,0,0,0,49,True,0.0088722485829182424,False,False,-0.29333850291300162,1.2098295592007686,0.52929400000000004
0.65000000000000002,791,-1.0052017812400296,0.57087500000000002,0.57999999999999996,0.3087038719491475,0.38835100012782109,1,0,0,76,True,0.0089332952209504896,False,False,-0.79834597969550514,1.3665569892860103,0.56369400000000003
0.5,791,-1.3217140628870463,0.58612500000000001,0.57499999999999996,0.35858606020278405,0.26526101081261466,1,0,0,148,True,0.0084010069429811401,False,False,-1.3475760776189629,1.6531130939443468,0.58186099999999996
1,792,-0.023139839464212077,0.50524999999999998,0.49099999999999999,0.36021350652307843,0.36822812819341033,0,0,0,57,True,0.0083934430514876288,False,False,0.00084786314457791824,1.1837821058171558,0.499774
0.84999999999999998,792,-0.40584601893956579,0.52887499999999998,0.51600000000000001,0.59681786726193364,0.19531580925712724,0,0,0,48,True,0.0082536993362843057,False,False,-0.29333850291300162,1.2098295592007686,0.52929400000000004
0.65000000000000002,792,-0.95274079716649984,0.5665,0.56799999999999995,0.059606939070161284,0.07315265695451649,1,0,0,96,True,0.0084577085941862206,False,False,-0.79834597969550514,1.3665569892860103,0.56369400000000003
0.5,792,-1.2367398960851137,0.58950000000000002,0.60299999999999998,0.47053281601835584,0.45732005802083608,1,0,0,140,True,0.0084749855769230935,False,False,-1.3475760776189629,1.6531130939443468,0.58186099999999996
1,793,0.044079698666334897,0.49412499999999998,0.50900000000000001,0.72193872517176638,0.55050492644990556,0,0,0,55,True,0.0078044869314526982,False,False,0.00084786314457791824,1.1837821058171558,0.499774
0.84999999999999998,793,-0.51137923153575693,0.52437500000000004,0.53300000000000003,0.029604654596657513,0.25855049070312675,0,0,0,60,True,0.0080531875428451801,False,False,-0.29333850291300162,1.2098295592007686,0.52929400000000004
0.65000000000000002,793,-1.1376091773270318,0.56525000000000003,0.57499999999999996,0.37273966513204032,0.47830393478649169,1,0,0,105,True,0.0084596304989089221,False,False,-0.79834597969550514,1.3665569892860103,0.56369400000000003
0.5,793,-1.4699192332935878,0.58237499999999998,0.59599999999999997,0.56356290437679557,0.68730671463595316,1,0,0,102,True,0.0086980622931767324,False,False,-1.3475760776189629,1.6531130939443468,0.58186099999999996
1,794,0.044280701098228945,0.50124999999999997,0.502,0.51798163345186055,0.42066338051599672,0,0,0,43,True,0.0089853152533949966,False,False,0.00084786314457791824,1.1837821058171558,0.499774
0.84999999999999998,794,-0.35746523607327513,0.53737500000000005,0.53600000000000003,0.41582087570985049,0.24565775116710778,0,0,0,54,True,0.0085720532995656063,False,False,-0.29333850291300162,1.2098295592007686,0.52929400000000004
0.65000000000000002,794,-0.92330057489498296,0.56574999999999998,0.54800000000000004,0.15133858787780946,0.20260828898363195,0,0,0,70,True,0.0086250726002615723,False,False,-0.79834597969550514,1.3665569892860103,0.56369400000000003
0.5,794,-1.2501990481278744,0.58674999999999999,0.57499999999999996,0.45261040207675363,0.25315199702256869,1,0,0,112,True,0.0087036021616641521,False,False,-1.3475760776189629,1.6531130939443468,0.58186099999999996
1,795,-0.056261749369460587,0.50712500000000005,0.50700000000000001,0.72514336457327122,0.39352668084780845,0,0,0,50,True,0.0088921790455130587,False,False,0.00084786314457791824,1.1837821058171558,0.499774
0.84999999999999998,795,-0.56334519907391523,0.53800000000000003,0.53800000000000003,0.71557044841303052,0.53242961363407426,0,0,0,55,True,0.0087878449282881022,False,False,-0.29333850291300162,1.2098295592007686,0.52929400000000004
0.65000000000000002,795,-1.1769091196657038,0.56637499999999996,0.55000000000000004,0.85391533914267637,0.81117214806145077,0,0,0,73,True,0.0091150092782483587,False,False,-0.79834597969550514,1.3665569892860103,0.56369400000000003
0.5,795,-1.4681951365785404,0.58174999999999999,0.56100000000000005,0.47635012446344993,0.52001325446235991,1,0,0,104,True,0.0089289498993963337,False,False,-1.3475760776189629,1.6531130939443468,0.58186099999999996
1,796,-0.014299692571346532,0.50062499999999999,0.49199999999999999,0.15735347670452984,0.18018293886006165,0,0,0,46,True,0.0083450195085486584,False,False,0.00084786314457791824,1.1837821058171558,0.499774
0.84999999999999998,796,-0.45232149923601006,0.53087499999999999,0.52400000000000002,0.81361973281221056,0.63735039263948101,0,0,0,54,True,0.008537996489227059,False,False,-0.29333850291300162,1.2098295592007686,0.52929400000000004
0.65000000000000002,796,-1.0406224957723551,0.55887500000000001,0.56499999999999995,0.84773045546422354,0.84205070809173987,0,0,0,56,True,0.008707682343612631,False,False,-0.79834597969550514,1.3665569892860103,0.56369400000000003
0.5,796,-1.3745418046356506,0.57262500000000005,0.56100000000000005,0.77962608912207754,0.89621675344120688,0,0,0,73,True,0.0090202633220887,False,False,-1.3475760776189629,1.6531130939443468,0.58186099999999996
1,797,-0.040385290914280676,0.49487500000000001,0.49199999999999999,0.031591335820572275,0.17905419331996925,0,0,0,48,True,0.0084619093376992038,False,False,0.00084786314457791824,1.1837821058171558,0.499774
0.84999999999999998,797,-0.44930056870039498,0.52412499999999995,0.505,0.011878451637158591,0.48582601893900679,0,0,0,68,True,0.0084865547529676764,False,False,-0.29333850291300162,1.2098295592007686,0.52929400000000004
0.65000000000000002,797,-1.0582278400642275,0.55174999999999996,0.54600000000000004,0.63121180871230398,0.46832748738200769,0,0,0,69,True,0.0083866676778763284,False,False,-0.79834597969550514,1.3665569892860103,0.56369400000000003
0.5,797,-1.3226694404132355,0.56837499999999996,0.56699999999999995,0.88118584533060984,0.8400879761866864,1,0,0,122,True,0.0086073599466934374,False,False,-1.3475760776189629,1.6531130939443468,0.58186099999999996
1,798,0.067874504018822363,0.49237500000000001,0.49299999999999999,0.3487468512345549,0.96907095322001613,0,0,0,39,True,0.0082537924382381691,False,False,0.00084786314457791824,1.1837821058171558,0.499774
0.84999999999999998,798,-0.38910212062609473,0.52212499999999995,0.52600000000000002,0.37130447936194561,0.17150354381143235,0,0,0,53,True,0.0080650007387621028,False,False,-0.29333850291300162,1.2098295592007686,0.52929400000000004
0.65000000000000002,798,-0.96380194783898843,0.56899999999999995,0.57499999999999996,0.50022014835511985,0.91932679356493519,1,0,0,83,True,0.0083762225330718809,False,False,-0.79834597969550514,1.3665569892860103,0.56369400000000003
0.5,798,-1.2993751047293478,0.58787500000000004,0.58199999999999996,0.029879994378380074,0.023573033194816618,1,0,0,152,True,0.0083578316405867308,False,False,-1.3475760776189629,1.6531130939443468,0.58186099999999996
1,799,0.071143675583075369,0.497,0.51800000000000002,0.61306988988772115,0.20692999955120336,0,0,0,37,True,0.0083272143153953031,False,False,0.00084786314457791824,1.1837821058171558,0.499774
0.84999999999999998,799,-0.42928265842459379,0.52937500000000004,0.54200000000000004,0.33268025411385077,0.32036206807669904,0,0,0,57,True,0.0081157910088141359,False,False,-0.29333850291300162,1.2098295592007686,0.52929400000000004
0.65000000000000002,799,-1.0798720241842836,0.56262500000000004,0.55500000000000005,0.58066249119168933,0.63236400329404019,0,0,0,64,True,0.0085927138483752781,False,False,-0.79834597969550514,1.3665569892860103,0.56369400000000003
0.5,799,-1.4438247932587291,0.58337499999999998,0.56899999999999995,0.89484040508781948,0.80805091714259891,1,0,0,110,True,0.0081266065041915355,False,False,-1.3475760776189629,1.6531130939443468,0.58186099999999996
1,800,0.0059459373667580277,0.49437500000000001,0.48699999999999999,0.3647441689178022,0.95436880975425342,0,0,0,57,True,0.0078946102895567499,False,False,0.00084786314457791824,1.1837821058171558,0.499774
0.84999999999999998,800,-0.50220001804641679,0.53512499999999996,0.54500000000000004,0.71784205893658304,0.10853691685415,1,0,0,87,True,0.0080926915953942642,False,False,-0.29333850291300162,1.2098295592007686,0.52929400000000004
0.65000000000000002,800,-1.1683710409291919,0.5655,0.53800000000000003,0.86602684297322574,0.89136095101189272,1,0,0,111,True,0.0083289563962835756,False,False,-0.79834597969550514,1.3665569892860103,0.56369400000000003
0.5,800,-1.4881101515318484,0.58274999999999999,0.55400000000000005,0.51560413587624754,0.36571129736352248,1,0,0,149,True,0.0083954735361203743,False,False,-1.3475760776189629,1.6531130939443468,0.58186099999999996
1,801,-0.036006458959236522,0.4995,0.496,0.68998280887805385,0.061404794695353655,0,0,0,39,True,0.008781689596707113,False,False,0.00084786314457791824,1.1837821058171558,0.499774
0.84999999999999998,801,-0.4523077420703186,0.52687499999999998,0.51200000000000001,0.1389547785336615,0.57603168014030026,0,0,0,46,True,0.0089345500567612045,False,False,-0.29333850291300162,1.2098295592007686,0.52929400000000004
0.65000000000000002,801,-1.0713361757644273,0.55700000000000005,0.55900000000000005,0.70719297562951211,0.98391600377171928,1,0,0,76,True,0.0089319067621794427,False,False,-0.79834597969550514,1.3665569892860103,0.56369400000000003
0.5,801,-1.4044996379752268,0.57699999999999996,0.58999999999999997,0.76408600919664638,0.37390050005566905,1,0,0,113,True,0.0087203280213385102,False,False,-1.3475760776189629,1.6531130939443468,0.58186099999999996
1,802,-0.017302988881460486,0.48862499999999998,0.49399999999999999,0.24405761593324848,0.0038138671207405871,0,0,0,50,True,0.0085820448427143675,False,False,0.00084786314457791824,1.1837821058171558,0.499774
0.84999999999999998,802,-0.4772458850430325,0.52637500000000004,0.53600000000000003,0.77586953320176777,0.96627331098881253,0,0,0,45,True,0.0083551159681446215,False,False,-0.29333850291300162,1.2098295592007686,0.52929400000000004
0.65000000000000002,802,-1.091169011605817,0.56274999999999997,0.56499999999999995,0.82459640998480055,0.85424681417609882,0,0,0,69,True,0.0077135490021589806,False,False,-0.79834597969550514,1.3665569892860103,0.56369400000000003
0.5,802,-1.4001622240436824,0.57699999999999996,0.57599999999999996,0.80244603657328906,0.52163313645308484,1,0,0,99,True,0.0084264749046611496,False,False,-1.3475760776189629,1.6531130939443468,0.58186099999999996
1,803,-0.099540111465261524,0.49299999999999999,0.50700000000000001,0.34941107748742389,0.52025719843360241,0,0,0,46,True,0.0092908728423612974,False,False,0.00084786314457791824,1.1837821058171558,0.499774
0.84999999999999998,803,-0.51608392086508981,0.52675000000000005,0.53400000000000003,0.39428170503201682,0.71778279066504069,0,0,0,49,True,0.0091569794067964429,False,False,-0.29333850291300162,1.2098295592007686,0.52929400000000004
0.65000000000000002,803,-1.1123702751509545,0.551875,0.54400000000000004,0.73758533398017034,0.97305808549054451,0,0,0,52,True,0.0088898103207719747,False,False,-0.79834597969550514,1.3665569892860103,0.56369400000000003
0.5,803,-1.4008521708217228,0.57562500000000005,0.56899999999999995,0.30358163405920507,0.35152305761975688,1,0,0,115,True,0.0086699505713442367,False,False,-1.3475760776189629,1.6531130939443468,0.58186099999999996
1,804,0.11127127517852629,0.50812500000000005,0.504,0.47777234486041831,0.26556887839560772,0,0,0,48,True,0.0080069618333179007,False,False,0.00084786314457791824,1.1837821058171558,0.499774
0.84999999999999998,804,-0.3405737996787081,0.53762500000000002,0.51400000000000001,0.49557952144466344,0.80107691929184499,0,0,0,48,True,0.0084603356837440833,False,False,-0.29333850291300162,1.2098295592007686,0.52929400000000004
0.65000000000000002,804,-0.94381268908972626,0.56899999999999995,0.53200000000000003,0.15331643695822719,0.3719018162451071,1,0,0,122,True,0.0083031956544532895,False,False,-0.79834597969550514,1.3665569892860103,0.56369400000000003
0.5,804,-1.2937012427107137,0.58774999999999999,0.54700000000000004,0.5009488242718978,0.45211685975301652,1,0,0,187,True,0.0080366812892256473,False,False,-1.3475760776189629,1.6531130939443468,0.58186099999999996
1,805,-0.037001231927420254,0.50349999999999995,0.501,0.83601872547010592,0.89879192831336441,0,0,0,40,True,0.0079840811902084589,False,False,0.00084786314457791824,1.1837821058171558,0.499774
0.84999999999999998,805,-0.49731611516139768,0.53449999999999998,0.52400000000000002,0.28900220970129259,0.24454383412431144,0,0,0,37,True,0.0078409079428453897,False,False,-0.29333850291300162,1.2098295592007686,0.52929400000000004
0.65000000000000002,805,-1.0850081302103043,0.57025000000000003,0.54400000000000004,0.41707857854440744,0.1919400982798144,0,0,0,71,True,0.0077898742990677311,False,False,-0.79834597969550514,1.3665569892860103,0.56369400000000003
0.5,805,-1.4058248514069698,0.58787500000000004,0.56699999999999995,0.48333083198802473,0.39973633739663883,1,0,0,163,True,0.0080280307924840318,False,False,-1.3475760776189629,1.6531130939443468,0.58186099999999996
1,806,0.11156643008646251,0.49662499999999998,0.497,0.28267705724350412,0.058487403032901342,0,0,0,49,True,0.0085510321440961864,False,False,0.00084786314457791824,1.1837821058171558,0.499774
0.84999999999999998,806,-0.45285688855292822,0.52837500000000004,0.51300000000000001,0.77947018717804462,0.90888674111631873,0,0,0,40,True,0.0087161317372814896,False,False,-0.29333850291300162,1.2098295592007686,0.52929400000000004
0.65000000000000002,806,-1.1571914156992844,0.56474999999999997,0.55600000000000005,0.27697237964711935,0.17141157246181996,0,0,0,52,True,0.008640746087360868,False,False,-0.79834597969550514,1.3665569892860103,0.56369400000000003
0.5,806,-1.7857983534319599,0.58799999999999997,0.59599999999999997,0.5000036372947313,0.38921726316570959,1,0,0,126,True,0.008619321240209964,False,False,-1.3475760776189629,1.6531130939443468,0.58186099999999996
1,807,0.15278417528347676,0.502,0.51900000000000002,0.10393433441330406,0.81159999019748974,0,0,0,38,True,0.0081270599071960551,False,False,0.00084786314457791824,1.1837821058171558,0.499774
0.84999999999999998,807,-0.30457660039349893,0.53075000000000006,0.53500000000000003,0.96593070454210317,0.84801098132828345,0,0,0,55,True,0.0083242238781032762,False,False,-0.29333850291300162,1.2098295592007686,0.52929400000000004
0.65000000000000002,807,-1.0595456412021103,0.56674999999999998,0.56399999999999995,0.92303294321057827,0.8915436582507027,0,0,0,71,True,0.0086682097673399898,False,False,-0.79834597969550514,1.3665569892860103,0.56369400000000003
0.5,807,-1.3570600166823445,0.58925000000000005,0.58799999999999997,0.33055555176645007,0.21183230596367386,1,0,0,121,True,0.0088644341399764896,False,False,-1.3475760776189629,1.6531130939443468,0.58186099999999996
1,808,0.040292044393326183,0.50549999999999995,0.51100000000000001,0.16621691815709236,0.072795996539399901,0,0,0,41,True,0.0085908467917643547,False,False,0.00084786314457791824,1.1837821058171558,0.499774
0.84999999999999998,808,-0.34644223036388172,0.52837500000000004,0.51600000000000001,0.49923213417776002,0.64866536831090205,0,0,0,54,True,0.0085462783707008511,False,False,-0.29333850291300162,1.2098295592007686,0.52929400000000004
0.65000000000000002,808,-0.88203537123046261,0.55800000000000005,0.58499999999999996,0.64330796907898413,0.56600112632158228,1,0,0,75,True,0.0086270722137101064,False,False,-0.79834597969550514,1.3665569892860103,0.56369400000000003
0.5,808,-1.2536142204192402,0.56962500000000005,0.59599999999999997,0.75845382267122563,0.5452440253526295,1,0,0,117,True,0.0086399361931573538,False,False,-1.3475760776189629,1.6531130939443468,0.58186099999999996
1,809,-0.03958751150433764,0.49862499999999998,0.504,0.085001661991279093,0.11474078150713853,0,0,0,43,True,0.0081761039095476721,False,False,0.00084786314457791824,1.1837821058171558,0.499774
0.84999999999999998,809,-0.50712663085491927,0.53062500000000001,0.53900000000000003,0.24725011434073743,0.0089031285236274241,0,0,0,48,True,0.0083601224887760277,False,False,-0.29333850291300162,1.2098295592007686,0.52929400000000004
0.65000000000000002,809,-1.0337438718178162,0.56037499999999996,0.56299999999999994,0.99722837851483714,0.9139353019301657,0,0,0,51,True,0.0086060687153604112,False,False,-0.79834597969550514,1.3665569892860103,0.56369400000000003
0.5,809,-1.2879397486576922,0.57699999999999996,0.59199999999999997,0.24731458331353368,0.44344381818806805,1,0,0,89,True,0.0084163537299909476,False,False,-1.3475760776189629,1.6531130939443468,0.58186099999999996
1,810,-0.0042495264639903843,0.49925000000000003,0.50600000000000001,0.76192428664991041,0.54368180454667259,0,0,0,48,True,0.0083122034170504764,False,False,0.00084786314457791824,1.1837821058171558,0.499774
0.84999999999999998,810,-0.44781160102189366,0.52775000000000005,0.53400000000000003,0.49183781976641971,0.61243376868917432,0,0,0,60,True,0.0085201125331288881,False,False,-0.29333850291300162,1.2098295592007686,0.52929400000000004
0.65000000000000002,810,-1.0395232932464451,0.56437499999999996,0.56299999999999994,0.41968354582385431,0.28037787077026288,1,0,0,84,True,0.0091496497723365135,False,False,-0.79834597969550514,1.3665569892860103,0.56369400000000003
0.5,810,-1.3350596378862984,0.58737499999999998,0.59499999999999997,0.078406027243398638,0.07961439005939587,1,0,0,101,True,0.0089003775703449008,False,False,-1.3475760776189629,1.6531130939443468,0.58186099999999996
1,811,0.065201083147428923,0.49987500000000001,0.48999999999999999,0.050535651300552376,0.70897277688945559,0,0,0,52,True,0.0092037759545654727,False,False,0.00084786314457791824,1.1837821058171558,0.499774
0.84999999999999998,811,-0.42125798689692867,0.53300000000000003,0.51300000000000001,0.57254656980875418,0.93430927598785374,0,0,0,54,True,0.0090557414797799267,False,False,-0.29333850291300162,1.2098295592007686,0.52929400000000004
0.65000000000000002,811,-1.130966209437388,0.56862500000000005,0.54400000000000004,0.12922540278872136,0.3924001757593793,1,0,0,91,True,0.0089749813389519185,False,False,-0.79834597969550514,1.3665569892860103,0.56369400000000003
0.5,811,-1.4783741554710825,0.58975,0.58099999999999996,0.2553701848155982,0.38934584614791795,1,0,0,132,True,0.0087902033327549329,False,False,-1.3475760776189629,1.6531130939443468,0.58186099999999996
1,812,-0.14926283431321688,0.49675000000000002,0.495,0.85907280336425418,0.20442134186369224,0,0,0,40,True,0.0085731286212906346,False,False,0.00084786314457791824,1.1837821058171558,0.499774
0.84999999999999998,812,-0.6173402355138099,0.52149999999999996,0.53300000000000003,0.55070187846092966,0.73934554112854767,0,0,0,39,True,0.0084136058159798299,False,False,-0.29333850291300162,1.2098295592007686,0.52929400000000004
0.65000000000000002,812,-1.2215275803754093,0.55774999999999997,0.57099999999999995,0.50620086240969753,0.69547923143867441,0,0,0,62,True,0.0086197693004014635,False,False,-0.79834597969550514,1.3665569892860103,0.56369400000000003
0.5,812,-1.6119909377831889,0.581125,0.60099999999999998,0.89115725108416921,0.67631861319650999,1,0,0,82,True,0.0082673128243593991,False,False,-1.3475760776189629,1.6531130939443468,0.58186099999999996
1,813,-0.054442409730001862,0.50875000000000004,0.499,0.72505625454705847,0.35281560707575399,0,0,0,49,True,0.0086976965985551755,False,False,0.00084786314457791824,1.1837821058171558,0.499774
0.84999999999999998,813,-0.51478234163921976,0.53912499999999997,0.54900000000000004,0.52290370576822531,0.2872309231034692,0,0,0,63,True,0.0089273957242860906,False,False,-0.29333850291300162,1.2098295592007686,0.52929400000000004
0.65000000000000002,813,-1.1542780501439822,0.56499999999999995,0.57599999999999996,0.65776753101980745,0.42520855420667519,0,0,0,70,True,0.0080668715208804861,False,False,-0.79834597969550514,1.3665569892860103,0.56369400000000003
0.5,813,-1.4861896283440561,0.58474999999999999,0.58999999999999997,0.68316636344867587,0.5522401434782257,1,0,0,169,True,0.00785125213106104,False,False,-1.3475760776189629,1.6531130939443468,0.58186099999999996
1,814,-0.040033678171357702,0.49737500000000001,0.52200000000000002,0.23931311570877806,0.097405529287006187,0,0,0,52,True,0.0082398961929309282,False,False,0.00084786314457791824,1.1837821058171558,0.499774
0.84999999999999998,814,-0.49348952185205397,0.53325,0.56699999999999995,0.58815623684783058,0.53801157709434833,0,0,0,46,True,0.0081995533226962101,False,False,-0.29333850291300162,1.2098295592007686,0.52929400000000004
0.65000000000000002,814,-1.0424184492167015,0.57450000000000001,0.58899999999999997,0.91623865414626271,0.94880499998340229,1,0,0,83,True,0.0085769502931329795,False,False,-0.79834597969550514,1.3665569892860103,0.56369400000000003
0.5,814,-1.416700396743841,0.59037499999999998,0.59599999999999997,0.18945670668263417,0.42354151078394797,1,0,0,154,True,0.0088759313463840864,False,False,-1.3475760776189629,1.6531130939443468,0.58186099999999996
1,815,-0.11980052185290085,0.49725000000000003,0.496,0.31629143768998819,0.81176684341026495,0,0,0,70,True,0.0084956689194237642,False,False,0.00084786314457791824,1.1837821058171558,0.499774
0.84999999999999998,815,-0.62422815654702479,0.52612499999999995,0.53800000000000003,0.9981609914213968,0.97137517825115727,0,0,0,48,True,0.0083808137774588377,False,False,-0.29333850291300162,1.2098295592007686,0.52929400000000004
0.65000000000000002,815,-1.2351509342192812,0.56462500000000004,0.58999999999999997,0.14130212492607402,0.2204955584701806,1,0,0,87,True,0.0082798245767020488,False,False,-0.79834597969550514,1.3665569892860103,0.56369400000000003
0.5,815,-1.6151810525840176,0.575125,0.59599999999999997,0.68411942464737197,0.75711912433979767,1,0,0,174,True,0.0084523498030166667,False,False,-1.3475760776189629,1.6531130939443468,0.58186099999999996
1,816,0.020707366778431983,0.50175000000000003,0.50900000000000001,0.34468893146807422,0.21960159760971726,0,0,0,44,True,0.0092897522546359738,False,False,0.00084786314457791824,1.1837821058171558,0.499774
0.84999999999999998,816,-0.43261999060711781,0.52675000000000005,0.51300000000000001,0.096488154506271975,0.98427258797459938,0,0,0,43,True,0.0090886004496904503,False,False,-0.29333850291300162,1.2098295592007686,0.52929400000000004
0.65000000000000002,816,-1.1000666095613219,0.55625000000000002,0.54600000000000004,0.73674554796473846,0.66427152553712931,0,0,0,71,True,0.0088380191456815527,False,False,-0.79834597969550514,1.3665569892860103,0.56369400000000003
0.5,816,-1.3980612235338727,0.57525000000000004,0.58499999999999996,0.98180907859412492,0.93588774700026856,0,0,0,67,True,0.0086787689382137097,False,False,-1.3475760776189629,1.6531130939443468,0.58186099999999996
1,817,-0.0060897867678834754,0.50112500000000004,0.503,0.12040586385375818,0.11042605357834977,0,0,0,50,True,0.0084840580454678908,False,False,0.00084786314457791824,1.1837821058171558,0.499774
0.84999999999999998,817,-0.4910767250222467,0.52649999999999997,0.53300000000000003,0.49858263236129341,0.51285885912690099,0,0,0,45,True,0.0081786347739270793,False,False,-0.29333850291300162,1.2098295592007686,0.52929400000000004
0.65000000000000002,817,-1.0900785637489045,0.56262500000000004,0.56299999999999994,0.42958297444144333,0.20440257066647405,1,0,0,97,True,0.008343680452511831,False,False,-0.79834597969550514,1.3665569892860103,0.56369400000000003
0.5,817,-1.3936534689582303,0.58325000000000005,0.58299999999999996,0.65442640812413055,0.63162596063990784,1,0,0,116,True,0.0084631120718934912,False,False,-1.3475760776189629,1.6531130939443468,0.58186099999999996
1,818,-0.067334274260871518,0.49387500000000001,0.495,0.681126942426177,0.68751016317342617,0,0,0,45,True,0.0082554529514279693,False,False,0.00084786314457791824,1.1837821058171558,0.499774
0.84999999999999998,818,-0.52558125727291338,0.52787499999999998,0.54000000000000004,0.68313479852430947,0.31062277100751151,0,0,0,45,True,0.0084928869368916648,False,False,-0.29333850291300162,1.2098295592007686,0.52929400000000004
0.65000000000000002,818,-1.1837482440996943,0.56987500000000002,0.58499999999999996,0.52770372423071932,0.41654595986885118,0,0,0,72,True,0.0083791025766456959,False,False,-0.79834597969550514,1.3665569892860103,0.56369400000000003
0.5,818,-1.5058673780184022,0.58462499999999995,0.61199999999999999,0.78270649171637818,0.57561378226744297,1,0,0,147,True,0.0079556715273932342,False,False,-1.3475760776189629,1.6531130939443468,0.58186099999999996
1,819,0.0032605166841596523,0.50224999999999997,0.504,0.5253793901242243,0.79051583545798998,0,0,0,46,True,0.0085490675598188046,False,False,0.00084786314457791824,1.1837821058171558,0.499774
0.84999999999999998,819,-0.44868010318517026,0.53649999999999998,0.53000000000000003,0.11869210666175925,0.70027079577101703,0,0,0,45,True,0.0085370495670222916,False,False,-0.29333850291300162,1.2098295592007686,0.52929400000000004
0.65000000000000002,819,-1.0130736920735981,0.573125,0.58199999999999996,0.44666594928480541,0.61464333655065162,1,0,0,75,True,0.0081689136759445571,False,False,-0.79834597969550514,1.3665569892860103,0.56369400000000003
0.5,819,-1.3160871988477734,0.58762499999999995,0.59299999999999997,0.50778574701852974,0.76061356619542386,1,0,0,127,True,0.008051190642034526,False,False,-1.3475760776189629,1.6531130939443468,0.58186099999999996
1,820,-0.034566838622651662,0.4945,0.49199999999999999,0.070650160288513869,0.69287105127300019,0,0,0,51,True,0.0086747689738832477,False,False,0.00084786314457791824,1.1837821058171558,0.499774
0.84999999999999998,820,-0.44016598047803024,0.52437500000000004,0.503,0.45157122573193464,0.090979956663251427,0,0,0,48,True,0.0088089354811729057,False,False,-0.29333850291300162,1.2098295592007686,0.52929400000000004
0.65000000000000002,820,-0.97235428039284866,0.56374999999999997,0.53200000000000003,0.35646218475995028,0.52626238068756048,1,0,1,98,True,0.0085189324330036936,False,False,-0.79834597969550514,1.3665569892860103,0.56369400000000003
0.5,820,-1.248466758248691,0.57574999999999998,0.56399999999999995,0.64813578634505231,0.42090700546834026,1,0,0,102,True,0.0087877359456246164,False,False,-1.3475760776189629,1.6531130939443468,0.58186099999999996
1,821,-0.049286478997333363,0.49925000000000003,0.48399999999999999,0.94891618725992044,0.7426202736758496,0,0,0,41,True,0.0087548438673898804,False,False,0.00084786314457791824,1.1837821058171558,0.499774
0.84999999999999998,821,-0.50642646119359236,0.52412499999999995,0.54100000000000004,0.84425066901380552,0.95681254884345079,0,0,0,51,True,0.0087704485108742614,False,False,-0.29333850291300162,1.2098295592007686,0.52929400000000004
0.65000000000000002,821,-1.0589497614889982,0.55674999999999997,0.57299999999999995,0.37279660650333707,0.50418976889656619,0,0,0,72,True,0.0086478433506345775,False,False,-0.79834597969550514,1.3665569892860103,0.56369400000000003
0.5,821,-1.356024016875873,0.57650000000000001,0.58199999999999996,0.252363022412044,0.11736258133850787,1,0,0,93,True,0.0085226953744266826,False,False,-1.3475760776189629,1.6531130939443468,0.58186099999999996
1,822,0.034703403180881345,0.50124999999999997,0.48199999999999998,0.28250174707238401,0.089100032967359577,0,0,0,58,True,0.0083019541703640305,False,False,0.00084786314457791824,1.1837821058171558,0.499774
0.84999999999999998,822,-0.47103486938530748,0.53512499999999996,0.52600000000000002,0.77953360874150668,0.82282387773040333,0,0,0,54,True,0.0080956954555754437,False,False,-0.29333850291300162,1.2098295592007686,0.52929400000000004
0.65000000000000002,822,-1.1219805379087164,0.56999999999999995,0.54700000000000004,0.51945499551308516,0.78581081844937994,0,0,0,66,True,0.0082529034306922065,False,False,-0.79834597969550514,1.3665569892860103,0.56369400000000003
0.5,822,-1.4905173410049393,0.58150000000000002,0.55900000000000005,0.26529755236015551,0.27399284413075542,1,0,0,112,True,0.0085287180073743071,False,False,-1.3475760776189629,1.6531130939443468,0.58186099999999996
1,823,-0.014660836036509415,0.49475000000000002,0.48599999999999999,0.31620508498820449,0.69816289529355935,0,0,0,38,True,0.00877890436164795,False,False,0.00084786314457791824,1.1837821058171558,0.499774
0.84999999999999998,823,-0.45540398283697325,0.52362500000000001,0.53400000000000003,0.50309942229327398,0.9388991214980964,0,0,0,41,True,0.0088285565319742264,False,False,-0.29333850291300162,1.2098295592007686,0.52929400000000004
0.65000000000000002,823,-1.0428726124629788,0.56737499999999996,0.57099999999999995,0.38095033588480604,0.75035658658857995,0,0,0,64,True,0.0085820941013239893,False,False,-0.79834597969550514,1.3665569892860103,0.56369400000000003
0.5,823,-1.353754884171076,0.58437499999999998,0.57999999999999996,0.23759437090902513,0.17920823640213435,1,0,0,157,True,0.0083274716468325679,False,False,-1.3475760776189629,1.6531130939443468,0.58186099999999996
1,824,-0.028015431004664304,0.50524999999999998,0.51700000000000002,0.67557018560590631,0.65767172572076393,0,0,0,52,True,0.0084203456322208825,False,False,0.00084786314457791824,1.1837821058171558,0.499774
0.84999999999999998,824,-0.47059388032115063,0.53387499999999999,0.52800000000000002,0.48831523508249997,0.20559802048810619,0,0,0,43,True,0.0080712473786168637,False,False,-0.29333850291300162,1.2098295592007686,0.52929400000000004
0.65000000000000002,824,-0.98462719188047565,0.56499999999999995,0.55900000000000005,0.47305136854063967,0.58231043378478409,0,0,0,66,True,0.0080247923741235665,False,False,-0.79834597969550514,1.3665569892860103,0.56369400000000003
0.5,824,-1.2918470538532809,0.58074999999999999,0.57399999999999995,0.70056582798747158,0.65664538405619999,1,0,0,108,True,0.0085489712061286929,False,False,-1.3475760776189629,1.6531130939443468,0.58186099999999996
1,825,0.059693522107908854,0.50312500000000004,0.52100000000000002,0.99979508435263975,0.60236957289436788,0,0,0,44,True,0.0089036794167300232,False,False,0.00084786314457791824,1.1837821058171558,0.499774
0.84999999999999998,825,-0.45703324158973785,0.53574999999999995,0.55000000000000004,0.45308456208588455,0.1904301663486602,0,0,0,43,True,0.0092662811045874718,False,False,-0.29333850291300162,1.2098295592007686,0.52929400000000004
0.65000000000000002,825,-1.0219695067681691,0.55974999999999997,0.57199999999999995,0.80056820207732005,0.78788218246755504,0,0,0,63,True,0.008591745960464919,False,False,-0.79834597969550514,1.3665569892860103,0.56369400000000003
0.5,825,-1.3461015976633675,0.58287500000000003,0.58599999999999997,0.047455389434525576,0.13482005401815028,1,0,0,102,True,0.0087512768834504279,False,False,-1.3475760776189629,1.6531130939443468,0.58186099999999996
1,826,0.15341710549876397,0.49675000000000002,0.49099999999999999,0.25670376252987798,0.51943132446289531,0,0,0,42,True,0.0082473939005352943,False,False,0.00084786314457791824,1.1837821058171558,0.499774
0.84999999999999998,826,-0.37938892067228219,0.52887499999999998,0.52000000000000002,0.4281262739573406,0.82733830119308349,0,0,0,41,True,0.0081709174292286732,False,False,-0.29333850291300162,1.2098295592007686,0.52929400000000004
0.65000000000000002,826,-1.1509700359712365,0.56274999999999997,0.56100000000000005,0.16743990732506753,0.23977987424787658,1,0,0,79,True,0.0086761786415837528,False,False,-0.79834597969550514,1.3665569892860103,0.56369400000000003
0.5,826,-1.5125937271816923,0.578125,0.56999999999999995,0.01139105058953907,0.014757618736484186,1,0,0,94,True,0.0087013524509932088,False,False,-1.3475760776189629,1.6531130939443468,0.58186099999999996
1,827,-0.0071348728519066993,0.50012500000000004,0.49199999999999999,0.63234919301265791,0.29403306119438471,0,0,0,44,True,0.0081520824211678833,False,False,0.00084786314457791824,1.1837821058171558,0.499774
0.84999999999999998,827,-0.47172877094318766,0.52625,0.52400000000000002,0.52721414603180827,0.26871847016376288,0,0,0,45,True,0.0079761615364266885,False,False,-0.29333850291300162,1.2098295592007686,0.52929400000000004
0.65000000000000002,827,-1.045879505803337,0.55425000000000002,0.56399999999999995,0.44942191616438049,0.64655141155161044,1,0,0,84,True,0.0082450739069297504,False,False,-0.79834597969550514,1.3665569892860103,0.56369400000000003
0.5,827,-1.41998134111856,0.56950000000000001,0.56100000000000005,0.25436228271407646,0.13124649522734388,1,0,0,96,True,0.007960441228370814,False,False,-1.3475760776189629,1.6531130939443468,0.58186099999999996
1,828,-0.067094895621371331,0.4955,0.51800000000000002,0.82236438396480938,0.89759790538877315,0,0,0,34,True,0.0081063965590449684,False,False,0.00084786314457791824,1.1837821058171558,0.499774
0.84999999999999998,828,-0.56953952807302111,0.52437500000000004,0.53900000000000003,0.20940928853812799,0.37870333133258216,0,0,0,44,True,0.0085691431197796753,False,False,-0.29333850291300162,1.2098295592007686,0.52929400000000004
0.65000000000000002,828,-1.1283238140215952,0.56512499999999999,0.58399999999999996,0.90143226767721452,0.90300667950863656,1,0,0,86,True,0.0081937616933609216,False,False,-0.79834597969550514,1.3665569892860103,0.56369400000000003
0.5,828,-1.4485824378576726,0.58437499999999998,0.623,0.96646135430315117,0.96962537444062602,1,0,1,159,True,0.0079631446401960699,False,False,-1.3475760776189629,1.6531130939443468,0.58186099999999996
1,829,-0.0012561972248074981,0.498,0.496,0.90040691977269272,0.75073642022584297,0,0,0,44,True,0.0081369569083228899,False,False,0.00084786314457791824,1.1837821058171558,0.499774
0.84999999999999998,829,-0.49951314744183928,0.53000000000000003,0.50800000000000001,0.77894816205279782,0.49738654518657976,0,0,0,32,True,0.0081787602090690227,False,False,-0.29333850291300162,1.2098295592007686,0.52929400000000004
0.65000000000000002,829,-1.0814478512389849,0.56200000000000006,0.55400000000000005,0.44342730402171132,0.42999561482870674,0,0,0,69,True,0.0083900051082412136,False,False,-0.79834597969550514,1.3665569892860103,0.56369400000000003
0.5,829,-1.4766252248080241,0.57850000000000001,0.56799999999999995,0.10929333185204804,0.68633732444860729,1,0,0,139,True,0.0087737814380955421,False,False,-1.3475760776189629,1.6531130939443468,0.58186099999999996
1,830,0.022581544331637945,0.50712500000000005,0.49399999999999999,0.46945037759783625,0.76870048711031658,0,0,0,39,True,0.0079625223390913571,False,False,0.00084786314457791824,1.1837821058171558,0.499774
0.84999999999999998,830,-0.44534786779308333,0.53174999999999994,0.52100000000000002,0.81208359486278803,0.76685023287237775,0,0,0,54,True,0.0077257782897555711,False,False,-0.29333850291300162,1.2098295592007686,0.52929400000000004
0.65000000000000002,830,-1.0083208370978318,0.5645,0.55700000000000005,0.50565907320784376,0.42484577233006399,1,0,0,77,True,0.007688665907348317,False,False,-0.79834597969550514,1.3665569892860103,0.56369400000000003
0.5,830,-1.3066947432409757,0.57625000000000004,0.57899999999999996,0.90252477535061471,0.92610915778648262,0,0,0,59,True,0.0079954496559377052,False,False,-1.3475760776189629,1.6531130939443468,0.58186099999999996
1,831,0.28940965887199344,0.4945,0.48199999999999998,0.55904780944235988,0.80675903118700565,0,0,0,33,True,0.0084819408771869831,False,False,0.00084786314457791824,1.1837821058171558,0.499774
0.84999999999999998,831,-0.32427003601261406,0.52212499999999995,0.51300000000000001,0.45136738160940143,0.28680043484607454,0,0,0,42,True,0.0082251624914469468,False,False,-0.29333850291300162,1.2098295592007686,0.52929400000000004
0.65000000000000002,831,-1.0890162662652192,0.56087500000000001,0.56200000000000006,0.84913174493256049,0.89822226696295582,0,0,0,65,True,0.0081616132562995838,False,False,-0.79834597969550514,1.3665569892860103,0.56369400000000003
0.5,831,-1.9016648296747902,0.57737499999999997,0.56599999999999995,0.52150560070939311,0.43202766216848787,1,0,0,115,True,0.0081108072676526043,False,False,-1.3475760776189629,1.6531130939443468,0.58186099999999996
1,832,0.029135208935340058,0.49812499999999998,0.5,0.25186041954439342,0.60218421793737054,0,0,0,45,True,0.0086335629627740246,False,False,0.00084786314457791824,1.1837821058171558,0.499774
0.84999999999999998,832,-0.42688733759428582,0.52224999999999999,0.50800000000000001,0.91920514011140697,0.83608397105721277,0,0,0,47,True,0.0080067669584130002,False,False,-0.29333850291300162,1.2098295592007686,0.52929400000000004
0.65000000000000002,832,-1.1499574263078112,0.55537499999999995,0.54600000000000004,0.39983897264106932,0.41631814402367573,0,0,0,59,True,0.0081382350044469226,False,False,-0.79834597969550514,1.3665569892860103,0.56369400000000003
0.5,832,-1.4916538783464703,0.57699999999999996,0.57099999999999995,0.37915957131179917,0.65093005647922886,1,0,0,76,True,0.0087010451307903171,False,False,-1.3475760776189629,1.6531130939443468,0.58186099999999996
1,833,-0.098508705958049073,0.50675000000000003,0.50600000000000001,0.40543797678002452,0.33973007775108544,0,0,0,48,True,0.0082531086551158022,False,False,0.00084786314457791824,1.1837821058171558,0.499774
0.84999999999999998,833,-0.52725129538235793,0.53049999999999997,0.53200000000000003,0.43813371690627539,0.52337523202454705,0,0,0,56,True,0.0083297299221687295,False,False,-0.29333850291300162,1.2098295592007686,0.52929400000000004
0.65000000000000002,833,-1.0774562085371522,0.56912499999999999,0.56799999999999995,0.61672245836462114,0.65850665644572903,1,0,0,84,True,0.0086602245961215317,False,False,-0.79834597969550514,1.3665569892860103,0.56369400000000003
0.5,833,-1.3778453060177258,0.58250000000000002,0.57699999999999996,0.23688692168858871,0.36966201382376501,1,0,0,90,True,0.0085767990746947898,False,False,-1.3475760776189629,1.6531130939443468,0.58186099999999996
1,834,0.32855407675513315,0.50600000000000001,0.501,0.040704036568335503,0.17810948747435484,0,0,0,39,True,0.0084827145857417525,False,False,0.00084786314457791824,1.1837821058171558,0.499774
0.84999999999999998,834,-0.24650293938654169,0.52287499999999998,0.50900000000000001,0.13758726281659167,0.43853195399139128,0,0,0,50,True,0.0084786449637398818,False,False,-0.29333850291300162,1.2098295592007686,0.52929400000000004
0.65000000000000002,834,-1.0121533555392566,0.56537499999999996,0.55800000000000005,0.94985035588290545,0.84870518729141464,0,0,0,73,True,0.0088453910624842289,False,False,-0.79834597969550514,1.3665569892860103,0.56369400000000003
0.5,834,-1.3932165428042245,0.58587500000000003,0.58099999999999996,0.21881644594206986,0.19389524366547053,1,0,0,102,True,0.0082804625674061626,False,False,-1.3475760776189629,1.6531130939443468,0.58186099999999996
1,835,-0.033703107308006297,0.50912500000000005,0.5,0.2624818766590683,0.89031380968048046,0,0,0,48,True,0.0086963757113595243,False,False,0.00084786314457791824,1.1837821058171558,0.499774
0.84999999999999998,835,-0.46874187062560058,0.53725000000000001,0.53200000000000003,0.30519613344099716,0.32194664811658963,0,0,0,58,True,0.0089967602866698297,False,False,-0.29333850291300162,1.2098295592007686,0.52929400000000004
0.65000000000000002,835,-1.0703786131370461,0.56200000000000006,0.55500000000000005,0.001874400976891572,0.00031697242169842011,0,0,0,72,True,0.0087558577759303119,False,False,-0.79834597969550514,1.3665569892860103,0.56369400000000003
0.5,835,-1.3685584391340062,0.57787500000000003,0.56999999999999995,0.2150745214109458,0.095716953797214399,1,0,0,153,True,0.0089912641700526201,False,False,-1.3475760776189629,1.6531130939443468,0.58186099999999996
1,836,-0.011062420774689068,0.502,0.51000000000000001,0.07544472091883217,0.62710608112705224,0,0,0,51,True,0.009093213396910679,False,False,0.00084786314457791824,1.1837821058171558,0.499774
0.84999999999999998,836,-0.44981674840111041,0.53449999999999998,0.54200000000000004,0.040974400313390141,0.062855732199433786,0,0,0,48,True,0.0090467928139764467,False,False,-0.29333850291300162,1.2098295592007686,0.52929400000000004
0.65000000000000002,836,-0.99657118233198128,0.5675,0.58499999999999996,0.083365740266611602,0.19517801310406313,0,0,0,63,True,0.0090771689889948722,False,False,-0.79834597969550514,1.3665569892860103,0.56369400000000003
0.5,836,-1.3693604780325614,0.58250000000000002,0.58699999999999997,0.04054186562275211,0.064164336083304629,1,0,0,117,True,0.008873820487181024,False,False,-1.3475760776189629,1.6531130939443468,0.58186099999999996
1,837,-0.00072721795476291212,0.50337500000000002,0.47499999999999998,0.7157204139035509,0.10042991116777338,0,0,0,41,True,0.0086630482276180299,False,False,0.00084786314457791824,1.1837821058171558,0.499774
0.84999999999999998,837,-0.46393167985222961,0.53412499999999996,0.51000000000000001,0.66818518849712127,0.38616649807951631,0,0,0,59,True,0.0086503470101997569,False,False,-0.29333850291300162,1.2098295592007686,0.52929400000000004
0.65000000000000002,837,-1.0249659820639525,0.56200000000000006,0.53400000000000003,0.4162884557492974,0.15627838296364938,0,0,0,66,True,0.008791072224104907,False,False,-0.79834597969550514,1.3665569892860103,0.56369400000000003
0.5,837,-1.4101145355535636,0.58512500000000001,0.55900000000000005,0.2498960146694536,0.74478109004730331,1,0,0,163,True,0.0086626059822719828,False,False,-1.3475760776189629,1.6531130939443468,0.58186099999999996
1,838,0.024148232930315108,0.50087499999999996,0.502,0.15541649709098929,0.29562880485128107,0,0,0,54,True,0.0088505065642730998,False,False,0.00084786314457791824,1.1837821058171558,0.499774
0.84999999999999998,838,-0.40398228596628871,0.52925,0.52800000000000002,0.67898647754059416,0.5248197027775563,0,0,0,42,True,0.0087847759348874382,False,False,-0.29333850291300162,1.2098295592007686,0.52929400000000004
0.65000000000000002,838,-1.0601336501212504,0.56799999999999995,0.55100000000000005,0.43504206377976823,0.38446783734896062,0,0,0,74,True,0.008538213889297765,False,False,-0.79834597969550514,1.3665569892860103,0.56369400000000003
0.5,838,-1.3615959790741736,0.58350000000000002,0.57599999999999996,0.61771984515599399,0.63855671036507133,1,0,0,155,True,0.0085937117987874533,False,False,-1.3475760776189629,1.6531130939443468,0.58186099999999996
1,839,-0.050363861480891427,0.48962499999999998,0.47899999999999998,0.092537923306187403,0.34936461967814159,0,0,0,43,True,0.0087965480575469823,False,False,0.00084786314457791824,1.1837821058171558,0.499774
0.84999999999999998,839,-0.51406417659863712,0.52437500000000004,0.51300000000000001,0.88683659558636485,0.16024691312062797,0,0,0,47,True,0.0088862652268292246,False,False,-0.29333850291300162,1.2098295592007686,0.52929400000000004
0.65000000000000002,839,-1.117521781932451,0.5645,0.56399999999999995,0.17802320549169032,0.25458427901838787,1,0,0,80,True,0.0088181814267083922,False,False,-0.79834597969550514,1.3665569892860103,0.56369400000000003
0.5,839,-1.4334478272754887,0.582125,0.58799999999999997,0.47771382956244079,0.58060662143778197,1,0,0,95,True,0.0085060729624591679,False,False,-1.3475760776189629,1.6531130939443468,0.58186099999999996
1,840,0.021975966487719205,0.49125000000000002,0.505,0.71054101532127989,0.68996555924866065,0,0,0,41,True,0.0078480182528124706,False,False,0.00084786314457791824,1.1837821058171558,0.499774
0.84999999999999998,840,-0.44922536666114793,0.52662500000000001,0.52900000000000003,0.78816797872329902,0.33758618364402981,0,0,0,55,True,0.0079964226478629365,False,False,-0.29333850291300162,1.2098295592007686,0.52929400000000004
0.65000000000000002,840,-1.0496638776966043,0.56387500000000002,0.56299999999999994,0.98835446453843734,0.96018575977072618,0,0,0,65,True,0.0088340552333572627,False,False,-0.79834597969550514,1.3665569892860103,0.56369400000000003
0.5,840,-1.3406311836173577,0.57887500000000003,0.57199999999999995,0.85784061707023551,0.82593961272674532,1,0,0,88,True,0.0084196108889415672,False,False,-1.3475760776189629,1.6531130939443468,0.58186099999999996
1,841,0.07568619930547732,0.516625,0.50900000000000001,0.054356538616531933,0.041308352103155296,0,0,0,46,True,0.0084267255878919898,False,False,0.00084786314457791824,1.1837821058171558,0.499774
0.84999999999999998,841,-0.42077471709464703,0.55012499999999998,0.52100000000000002,0.41503300970156115,0.55840759918247618,1,0,0,81,True,0.0087038908215549861,False,False,-0.29333850291300162,1.2098295592007686,0.52929400000000004
0.65000000000000002,841,-1.0077810769344424,0.58399999999999996,0.54000000000000004,0.83942247344801946,0.77927354982179831,1,0,0,143,True,0.0087029854998075563,False,False,-0.79834597969550514,1.3665569892860103,0.56369400000000003
0.5,841,-1.3342463348878124,0.59424999999999994,0.55400000000000005,0.4454833441455861,0.51164732121806822,1,0,0,219,True,0.0085793862319847591,False,False,-1.3475760776189629,1.6531130939443468,0.58186099999999996
1,842,-0.050905415298847609,0.49962499999999999,0.497,0.19585532926741972,0.19774526155429104,0,0,0,46,True,0.0091396858916024427,False,False,0.00084786314457791824,1.1837821058171558,0.499774
0.84999999999999998,842,-0.46448141326283021,0.52900000000000003,0.53100000000000003,0.68197082450770563,0.10152104255831534,0,0,0,50,True,0.0093117331620630375,False,False,-0.29333850291300162,1.2098295592007686,0.52929400000000004
0.65000000000000002,842,-1.0152572582108867,0.55637499999999995,0.54900000000000004,0.62501280016574035,0.48286165060967845,1,0,0,80,True,0.0090178074990040578,False,False,-0.79834597969550514,1.3665569892860103,0.56369400000000003
0.5,842,-1.2903819941835977,0.56837499999999996,0.56299999999999994,0.5844564373485549,0.7355326819849487,0,0,0,73,True,0.0089805504611844781,False,False,-1.3475760776189629,1.6531130939443468,0.58186099999999996
1,843,-0.02948665661421376,0.49287500000000001,0.496,0.38162903848190277,0.61651475687196644,0,0,0,42,True,0.0085206436986972438,False,False,0.00084786314457791824,1.1837821058171558,0.499774
0.84999999999999998,843,-0.44492477995796442,0.52475000000000005,0.52000000000000002,0.39203138116771924,0.43329400350406966,1,0,0,86,True,0.0083178543687207635,False,False,-0.29333850291300162,1.2098295592007686,0.52929400000000004
0.65000000000000002,843,-1.0365996122501935,0.56037499999999996,0.57599999999999996,0.47284341439537336,0.51646875980286788,0,0,0,63,True,0.0079983279090456612,False,False,-0.79834597969550514,1.3665569892860103,0.56369400000000003
0.5,843,-1.392287899782082,0.58362499999999995,0.59799999999999998,0.41571996336660533,0.65156606758838642,1,0,0,83,True,0.0077484946986951094,False,False,-1.3475760776189629,1.6531130939443468,0.58186099999999996
1,844,-0.024035417818529026,0.50175000000000003,0.47699999999999998,0.12814785241203236,0.13324418576897112,0,0,0,38,True,0.0086129811442271047,False,False,0.00084786314457791824,1.1837821058171558,0.499774
0.84999999999999998,844,-0.50784400902942595,0.53325,0.53800000000000003,0.81712972477622281,0.82168134366981971,0,0,0,58,True,0.0084646268081225683,False,False,-0.29333850291300162,1.2098295592007686,0.52929400000000004
0.65000000000000002,844,-1.0573916980042821,0.56462500000000004,0.57399999999999995,0.91123934020060093,0.91854764509130316,1,0,0,119,True,0.0081147227651766161,False,False,-0.79834597969550514,1.3665569892860103,0.56369400000000003
0.5,844,-1.4027089992245267,0.58350000000000002,0.58799999999999997,0.44752858056733552,0.24057767917939407,1,0,0,147,True,0.0077349183545063387,False,False,-1.3475760776189629,1.6531130939443468,0.58186099999999996
1,845,0.018882253056890765,0.48912499999999998,0.46700000000000003,0.74157732385808983,0.63823128112168748,0,0,0,43,True,0.0086018781555020855,False,False,0.00084786314457791824,1.1837821058171558,0.499774
0.84999999999999998,845,-0.45487653448662652,0.52100000000000002,0.52600000000000002,0.45250148842654103,0.74865183461757112,0,0,0,60,True,0.0084881364701963526,False,False,-0.29333850291300162,1.2098295592007686,0.52929400000000004
0.65000000000000002,845,-1.1508589982615052,0.56625000000000003,0.57499999999999996,0.8834095740509792,0.58146656224996884,1,0,0,89,True,0.0087183952925677169,False,False,-0.79834597969550514,1.3665569892860103,0.56369400000000003
0.5,845,-1.4936530624777831,0.576125,0.58199999999999996,0.58097005062536455,0.47577504685401495,1,0,0,89,True,0.008585741712646271,False,False,-1.3475760776189629,1.6531130939443468,0.58186099999999996
1,846,-0.056681259246173447,0.50149999999999995,0.49299999999999999,0.69624652651206453,0.22588055668947263,0,0,0,43,True,0.0081483082220159542,False,False,0.00084786314457791824,1.1837821058171558,0.499774
0.84999999999999998,846,-0.51666982905917069,0.53287499999999999,0.54300000000000004,0.24218160696770047,0.010600643901175559,0,0,0,60,True,0.0082841044283496132,False,False,-0.29333850291300162,1.2098295592007686,0.52929400000000004
0.65000000000000002,846,-1.1752761590954866,0.5635,0.56799999999999995,0.63334543953974443,0.40832009291871768,1,0,0,87,True,0.0085029432100745973,False,False,-0.79834597969550514,1.3665569892860103,0.56369400000000003
0.5,846,-1.5254235317054032,0.57650000000000001,0.56200000000000006,0.78468619034389342,0.81645192859218918,1,0,0,91,True,0.008259484902733906,False,False,-1.3475760776189629,1.6531130939443468,0.58186099999999996
1,847,0.06335413455536,0.49575000000000002,0.46999999999999997,0.18885242715320827,0.52157211805501258,0,0,0,41,True,0.008356347882278457,False,False,0.00084786314457791824,1.1837821058171558,0.499774
0.84999999999999998,847,-0.55760169212966981,0.52812499999999996,0.50900000000000001,0.40786876142508099,0.10024849300720343,0,0,0,68,True,0.0082046086908182936,False,False,-0.29333850291300162,1.2098295592007686,0.52929400000000004
0.65000000000000002,847,-1.105244121819051,0.56537499999999996,0.55300000000000005,0.7363590551550504,0.19290869444571182,1,0,0,91,True,0.0079006732591699897,False,False,-0.79834597969550514,1.3665569892860103,0.56369400000000003
0.5,847,-1.4158687408877562,0.58237499999999998,0.58599999999999997,0.92559596677965161,0.87849049643858623,1,0,0,100,True,0.0083853010541770009,False,False,-1.3475760776189629,1.6531130939443468,0.58186099999999996
1,848,-0.15300644996776588,0.50275000000000003,0.48399999999999999,0.47456266666973113,0.43336491521997245,0,0,0,43,True,0.0086468155331502761,False,False,0.00084786314457791824,1.1837821058171558,0.499774
0.84999999999999998,848,-0.70639383075761386,0.53412499999999996,0.505,0.27548189898273967,0.28193980287749693,0,0,0,55,True,0.008547934893621623,False,False,-0.29333850291300162,1.2098295592007686,0.52929400000000004
0.65000000000000002,848,-1.2812266863399187,0.56262500000000004,0.54500000000000004,0.22221134180619312,0.27790623490672473,0,0,0,64,True,0.0083027344714687295,False,False,-0.79834597969550514,1.3665569892860103,0.56369400000000003
0.5,848,-1.6185946195000394,0.58525000000000005,0.56200000000000006,0.62304483430461222,0.5611372347965341,1,0,0,150,True,0.0085401259610535189,False,False,-1.3475760776189629,1.6531130939443468,0.58186099999999996
1,849,0.016976897558862003,0.49925000000000003,0.52100000000000002,0.25019499153329111,0.22002028340368995,0,0,0,39,True,0.0087916494262829121,False,False,0.00084786314457791824,1.1837821058171558,0.499774
0.84999999999999998,849,-0.39998266237676294,0.53174999999999994,0.54200000000000004,0.47221436511578374,0.76594415436004715,0,0,0,51,True,0.0089468285128467707,False,False,-0.29333850291300162,1.2098295592007686,0.52929400000000004
0.65000000000000002,849,-0.91061445139505293,0.56999999999999995,0.58099999999999996,0.90857040861320526,0.69826291794232775,1,0,0,117,True,0.0084769784700684265,False,False,-0.79834597969550514,1.3665569892860103,0.56369400000000003
0.5,849,-1.2215825574512253,0.58625000000000005,0.59999999999999998,0.71041817992605771,0.87628437251114,1,0,0,145,True,0.0083868717699052096,False,False,-1.3475760776189629,1.6531130939443468,0.58186099999999996
1,850,-0.0030628585319149408,0.50212500000000004,0.48999999999999999,0.58839972212250002,0.23772195292806578,0,0,0,31,True,0.0082299857230142166,False,False,0.00084786314457791824,1.1837821058171558,0.499774
0.84999999999999998,850,-0.54590204539302434,0.52862500000000001,0.51400000000000001,0.44515040160361541,0.32370350072666554,0,0,0,42,True,0.0084756823047840331,False,False,-0.29333850291300162,1.2098295592007686,0.52929400000000004
0.65000000000000002,850,-1.1278945380003715,0.56087500000000001,0.54400000000000004,0.35596562591401359,0.61661034154494931,1,0,0,129,True,0.0088260432107044647,False,False,-0.79834597969550514,1.3665569892860103,0.56369400000000003
0.5,850,-1.4261858623652017,0.58225000000000005,0.57499999999999996,0.34382683693218097,0.64610657639079394,1,0,0,128,True,0.0081081626475834091,False,False,-1.3475760776189629,1.6531130939443468,0.58186099999999996
1,851,0.071360570682522953,0.50387499999999996,0.48699999999999999,0.76059925586274768,0.91660599003336929,0,0,0,54,True,0.0088544121116973604,False,False,0.00084786314457791824,1.1837821058171558,0.499774
0.84999999999999998,851,-0.38673166247713658,0.53149999999999997,0.51800000000000002,0.35784676763275586,0.8055838849119672,0,0,0,71,True,0.0088358822739618374,False,False,-0.29333850291300162,1.2098295592007686,0.52929400000000004
0.65000000000000002,851,-1.0178971735394144,0.5625,0.56899999999999995,0.63854862850181071,0.75835380511359973,0,0,0,72,True,0.0087835125432020912,False,False,-0.79834597969550514,1.3665569892860103,0.56369400000000003
0.5,851,-1.3966616496875164,0.57899999999999996,0.59599999999999997,0.78846271645751786,0.81219821599149655,1,0,0,90,True,0.0086500437453176406,False,False,-1.3475760776189629,1.6531130939443468,0.58186099999999996
1,852,-0.10944492174090131,0.49437500000000001,0.48299999999999998,0.96210910632714852,0.28225791801319688,0,0,0,47,True,0.0080116064559081837,False,False,0.00084786314457791824,1.1837821058171558,0.499774
0.84999999999999998,852,-0.57057007455940245,0.52200000000000002,0.53200000000000003,0.50289806295184181,0.50460305970872865,0,0,0,40,True,0.0081424853388350048,False,False,-0.29333850291300162,1.2098295592007686,0.52929400000000004
0.65000000000000002,852,-1.1099809294821281,0.55862500000000004,0.57799999999999996,0.27426528671100175,0.14403111798540635,0,0,0,63,True,0.0086600605786526612,False,False,-0.79834597969550514,1.3665569892860103,0.56369400000000003
0.5,852,-1.4389768235319649,0.57750000000000001,0.60899999999999999,0.98497609008303821,0.90176525995231571,1,0,1,104,True,0.0087036226118477524,False,False,-1.3475760776189629,1.6531130939443468,0.58186099999999996
1,853,-0.060931764466877557,0.50112500000000004,0.48699999999999999,0.82795046656346127,0.66243298346037516,0,0,0,35,True,0.0085871825033401045,False,False,0.00084786314457791824,1.1837821058171558,0.499774
0.84999999999999998,853,-0.49236024339384704,0.53337500000000004,0.53400000000000003,0.81704097247501506,0.65948205679650285,0,0,0,65,True,0.0086983182346929873,False,False,-0.29333850291300162,1.2098295592007686,0.52929400000000004
0.65000000000000002,853,-1.1508943021692619,0.56912499999999999,0.58599999999999997,0.53069915263553125,0.6315097869692341,1,0,0,89,True,0.0086854171718392277,False,False,-0.79834597969550514,1.3665569892860103,0.56369400000000003
0.5,853,-1.4594691594113631,0.58774999999999999,0.58799999999999997,0.21825898730016893,0.25507590585779155,1,0,0,136,True,0.0083827564452677531,False,False,-1.3475760776189629,1.6531130939443468,0.58186099999999996
1,854,0.028957522589246554,0.50487499999999996,0.48199999999999998,0.57870378417390678,0.31289599986754507,0,0,0,34,True,0.0080978353057015659,False,False,0.00084786314457791824,1.1837821058171558,0.499774
0.84999999999999998,854,-0.39164401330922433,0.53325,0.51200000000000001,0.6213355970419876,0.21027376364540848,0,0,0,48,True,0.0085594559142273506,False,False,-0.29333850291300162,1.2098295592007686,0.52929400000000004
0.65000000000000002,854,-1.1068735554953597,0.56712499999999999,0.57199999999999995,0.51568074229570438,0.16325896305317883,1,0,0,91,True,0.0082634457278844102,False,False,-0.79834597969550514,1.3665569892860103,0.56369400000000003
0.5,854,-1.4568711570271018,0.58050000000000002,0.57599999999999996,0.12648339337273012,0.20479012482703521,1,0,0,88,True,0.0083820924839628046,False,False,-1.3475760776189629,1.6531130939443468,0.58186099999999996
1,855,0.046676186151327591,0.48912499999999998,0.47999999999999998,0.68799751307097312,0.82152712239832848,0,0,0,36,True,0.0080672152585777486,False,False,0.00084786314457791824,1.1837821058171558,0.499774
0.84999999999999998,855,-0.43514546737591564,0.52287499999999998,0.52100000000000002,0.72065247564348245,0.68986424939173885,0,0,0,52,True,0.0082353324019017234,False,False,-0.29333850291300162,1.2098295592007686,0.52929400000000004
0.65000000000000002,855,-1.0819525026494812,0.5585,0.55000000000000004,0.42665020834671152,0.46910146464031754,0,0,0,72,True,0.0080093472247943984,False,False,-0.79834597969550514,1.3665569892860103,0.56369400000000003
0.5,855,-1.5022104535759282,0.58512500000000001,0.57199999999999995,0.61051215240689993,0.69734918116940392,1,0,0,160,True,0.007801424582150232,False,False,-1.3475760776189629,1.6531130939443468,0.58186099999999996
1,856,-0.02755187193485677,0.50012500000000004,0.49399999999999999,0.72297137753010843,0.51373895126287339,0,0,0,54,True,0.0082306038343474761,False,False,0.00084786314457791824,1.1837821058171558,0.499774
0.84999999999999998,856,-0.44391882165893942,0.53012499999999996,0.51200000000000001,0.95315879706496542,0.970297852144824,0,0,0,64,True,0.0081849449580139733,False,False,-0.29333850291300162,1.2098295592007686,0.52929400000000004
0.65000000000000002,856,-1.0182556617099945,0.56362500000000004,0.56299999999999994,0.50885991558422827,0.77111021905107346,1,0,0,83,True,0.008259683214283697,False,False,-0.79834597969550514,1.3665569892860103,0.56369400000000003
0.5,856,-1.3062310936188706,0.57837499999999997,0.57399999999999995,0.24373778814821337,0.061444674934969232,1,0,0,150,True,0.0078052824858042148,False,False,-1.3475760776189629,1.6531130939443468,0.58186099999999996
1,857,0.029635605915893776,0.50224999999999997,0.499,0.81100733545683057,0.57511355439568368,0,0,0,44,True,0.0083406427549522089,False,False,0.00084786314457791824,1.1837821058171558,0.499774
0.84999999999999998,857,-0.56126102554714374,0.52887499999999998,0.52700000000000002,0.88466111927639424,0.82154524615973668,0,0,0,43,True,0.0082840535574661769,False,False,-0.29333850291300162,1.2098295592007686,0.52929400000000004
0.65000000000000002,857,-1.1487608760456685,0.56287500000000001,0.57199999999999995,0.0015888235786103142,0.0067864541878108909,1,0,0,95,True,0.0085157197780622897,False,False,-0.79834597969550514,1.3665569892860103,0.56369400000000003
0.5,857,-1.5120052001864994,0.57525000000000004,0.59199999999999997,0.56117943419309468,0.52772775145006279,1,0,0,95,True,0.0081395798266365119,False,False,-1.3475760776189629,1.6531130939443468,0.58186099999999996
1,858,0.11969954997118037,0.50175000000000003,0.53200000000000003,0.91055569092987554,0.94214316115930974,0,0,0,40,True,0.0087880555355689428,False,False,0.00084786314457791824,1.1837821058171558,0.499774
0.84999999999999998,858,-0.33366769687374359,0.53262500000000002,0.54800000000000004,0.5391016991159322,0.19793030248620735,0,0,0,38,True,0.008947574277820624,False,False,-0.29333850291300162,1.2098295592007686,0.52929400000000004
0.65000000000000002,858,-0.96421508600872308,0.56712499999999999,0.56799999999999995,0.25892680466458995,0.15826338366273868,0,0,0,60,True,0.0084361586675635383,False,False,-0.79834597969550514,1.3665569892860103,0.56369400000000003
0.5,858,-1.2417033914622539,0.58462499999999995,0.58099999999999996,0.28981909890652763,0.28351930208505194,1,0,0,169,True,0.008362595413546902,False,False,-1.3475760776189629,1.6531130939443468,0.58186099999999996
1,859,-0.026734897914784155,0.49562499999999998,0.47199999999999998,0.4922373048797194,0.67063781483946372,0,0,0,51,True,0.0084362854307584167,False,False,0.00084786314457791824,1.1837821058171558,0.499774
0.84999999999999998,859,-0.43634195150115507,0.53425,0.50800000000000001,0.38645919921834399,0.28089273692074118,0,0,0,55,True,0.0086812499568621193,False,False,-0.29333850291300162,1.2098295592007686,0.52929400000000004
0.65000000000000002,859,-0.94958889002226132,0.56312499999999999,0.54400000000000004,0.097440515044418363,0.26425201648975338,0,0,0,63,True,0.0087948524888685018,False,False,-0.79834597969550514,1.3665569892860103,0.56369400000000003
0.5,859,-1.2570071346444487,0.57762500000000006,0.57399999999999995,0.02866097600859336,0.16656775510875982,1,0,0,78,True,0.0088427454753381325,False,False,-1.3475760776189629,1.6531130939443468,0.58186099999999996
1,860,0.0023033684583066054,0.49737500000000001,0.51000000000000001,0.15841051198234429,0.59612767985613324,0,0,0,36,True,0.0080735507888267909,False,False,0.00084786314457791824,1.1837821058171558,0.499774
0.84999999999999998,860,-0.41534125345336764,0.52200000000000002,0.53300000000000003,0.48608699537035149,0.76565823598284588,0,0,0,52,True,0.008329689383167381,False,False,-0.29333850291300162,1.2098295592007686,0.52929400000000004
0.65000000000000002,860,-0.95556258456160303,0.56012499999999998,0.56699999999999995,0.37240787793138197,0.73315040383131214,0,0,0,74,True,0.0084578877905159937,False,False,-0.79834597969550514,1.3665569892860103,0.56369400000000003
0.5,860,-1.291888255123667,0.578125,0.58599999999999997,0.065877105629955177,0.07362315425570172,1,0,0,94,True,0.008514362682849632,False,False,-1.3475760776189629,1.6531130939443468,0.58186099999999996
1,861,-0.13165362782892734,0.50012500000000004,0.47599999999999998,0.88870353186658024,0.94490108864920686,0,0,0,54,True,0.0084109775506695066,False,False,0.00084786314457791824,1.1837821058171558,0.499774
0.84999999999999998,861,-0.59201141837764526,0.53337500000000004,0.52800000000000002,0.47279663694538221,0.58368475124882291,0,0,0,42,True,0.0085741933335745923,False,False,-0.29333850291300162,1.2098295592007686,0.52929400000000004
0.65000000000000002,861,-1.2041630846150504,0.56987500000000002,0.55100000000000005,0.70544350926521515,0.79480965475494036,1,0,0,92,True,0.0083261977784602932,False,False,-0.79834597969550514,1.3665569892860103,0.56369400000000003
0.5,861,-1.5161699084641764,0.58250000000000002,0.56899999999999995,0.54940673890997471,0.47783442680901189,1,0,0,160,True,0.0085532324142071087,False,False,-1.3475760776189629,1.6531130939443468,0.58186099999999996
1,862,0.07870226070234046,0.49362499999999998,0.48499999999999999,0.47937793106125914,0.56096053337523877,0,0,0,50,True,0.0089322325534678931,False,False,0.00084786314457791824,1.1837821058171558,0.499774
0.84999999999999998,862,-0.41501710597871927,0.52075000000000005,0.51300000000000001,0.033941622539620027,0.92723826934880804,0,0,0,44,True,0.0085893230796933832,False,False,-0.29333850291300162,1.2098295592007686,0.52929400000000004
0.65000000000000002,862,-1.0213842526371193,0.55887500000000001,0.54600000000000004,0.18248379384149133,0.46853072980239785,0,0,0,60,True,0.0089392295500446625,False,False,-0.79834597969550514,1.3665569892860103,0.56369400000000003
0.5,862,-1.4134636481360607,0.58737499999999998,0.59799999999999998,0.84246062716270598,0.71945390569734702,1,0,0,131,True,0.0089164438086399029,False,False,-1.3475760776189629,1.6531130939443468,0.58186099999999996
1,863,0.10183797619574256,0.50349999999999995,0.51900000000000002,0.069624409292115233,0.11805919642385514,0,0,0,51,True,0.0086163925368690844,False,False,0.00084786314457791824,1.1837821058171558,0.499774
0.84999999999999998,863,-0.39615893459524881,0.53512499999999996,0.55800000000000005,0.11676680398158144,0.16352253561350968,0,0,0,55,True,0.0084728265287214513,False,False,-0.29333850291300162,1.2098295592007686,0.52929400000000004
0.65000000000000002,863,-1.152530823549895,0.57099999999999995,0.57999999999999996,0.41532046753077195,0.57114605193899071,1,0,0,80,True,0.0081247668449073111,False,False,-0.79834597969550514,1.3665569892860103,0.56369400000000003
0.5,863,-1.5261062059862471,0.59287500000000004,0.59899999999999998,0.74912461671557584,0.87174898805431178,1,0,0,198,True,0.0085065325770553781,False,False,-1.3475760776189629,1.6531130939443468,0.58186099999999996
1,864,0.1610831623370127,0.49825000000000003,0.49399999999999999,0.45882435826593626,0.43044754139031793,0,0,0,44,True,0.0082526716072790079,False,False,0.00084786314457791824,1.1837821058171558,0.499774
0.84999999999999998,864,-0.4605381949477369,0.52637500000000004,0.52600000000000002,0.61335290803642351,0.65687071419937171,0,0,0,41,True,0.0078935439999895801,False,False,-0.29333850291300162,1.2098295592007686,0.52929400000000004
0.65000000000000002,864,-1.1110114483132858,0.55487500000000001,0.56499999999999995,0.99491520011772716,0.89083373455710635,1,0,0,78,True,0.0082233269084621488,False,False,-0.79834597969550514,1.3665569892860103,0.56369400000000003
0.5,864,-1.4326760653447321,0.575125,0.57899999999999996,0.92781152093626906,0.89792220705927572,1,0,0,78,True,0.0084367087780315778,False,False,-1.3475760776189629,1.6531130939443468,0.58186099999999996
1,865,0.045648132063364356,0.49762499999999998,0.51100000000000001,0.07119568751072404,0.97318194519604417,0,0,0,46,True,0.008237749932106582,False,False,0.00084786314457791824,1.1837821058171558,0.499774
0.84999999999999998,865,-0.61270720155252945,0.52749999999999997,0.53300000000000003,0.055238064003549144,0.073868491782776394,0,0,0,55,True,0.0085415383476089811,False,False,-0.29333850291300162,1.2098295592007686,0.52929400000000004
0.65000000000000002,865,-1.248873359845962,0.56087500000000001,0.55900000000000005,0.7672562833614256,0.56182322743248503,1,0,0,94,True,0.0087015106727139409,False,False,-0.79834597969550514,1.3665569892860103,0.56369400000000003
0.5,865,-1.6097989073189474,0.58174999999999999,0.58799999999999997,0.69390331951576334,0.53734060914701942,1,0,0,131,True,0.0085916546317338673,False,False,-1.3475760776189629,1.6531130939443468,0.58186099999999996
1,866,0.12953907497787442,0.4995,0.48399999999999999,0.21689283529487544,0.031229961756455121,0,0,0,39,True,0.0090174208821335363,False,False,0.00084786314457791824,1.1837821058171558,0.499774
0.84999999999999998,866,-0.44821299323279995,0.52775000000000005,0.51800000000000002,0.5442155352257233,0.74407166351642107,0,0,0,42,True,0.0085239926479690822,False,False,-0.29333850291300162,1.2098295592007686,0.52929400000000004
0.65000000000000002,866,-1.1179102763026965,0.56474999999999997,0.56999999999999995,0.22085957614682991,0.11247687085982792,0,0,0,70,True,0.007728622342577352,False,False,-0.79834597969550514,1.3665569892860103,0.56369400000000003
0.5,866,-1.5386237501742723,0.58574999999999999,0.59699999999999998,0.61929513876355191,0.75725638735458534,1,0,0,115,True,0.0080836253416378279,False,False,-1.3475760776189629,1.6531130939443468,0.58186099999999996
1,867,0.017183483264972637,0.50412500000000005,0.49199999999999999,0.32095457284360485,0.55846640129354008,0,0,0,45,True,0.0084125400759772796,False,False,0.00084786314457791824,1.1837821058171558,0.499774
0.84999999999999998,867,-0.49209705499415901,0.53112499999999996,0.53700000000000003,0.52379138308735818,0.39402029980173275,0,0,0,43,True,0.0084995918233934098,False,False,-0.29333850291300162,1.2098295592007686,0.52929400000000004
0.65000000000000002,867,-1.0630606638255957,0.55825000000000002,0.55600000000000005,0.83754965805728965,0.96114118901510404,1,0,0,101,True,0.0085001137929855003,False,False,-0.79834597969550514,1.3665569892860103,0.56369400000000003
0.5,867,-1.4877039406334183,0.57212499999999999,0.58599999999999997,0.72812471343810992,0.90131150264939686,1,0,0,109,True,0.0083520737588781459,False,False,-1.3475760776189629,1.6531130939443468,0.58186099999999996
1,868,0.031435810574025731,0.50549999999999995,0.5,0.85293035360432234,0.22721009092885769,0,0,0,50,True,0.0085111297205527833,False,False,0.00084786314457791824,1.1837821058171558,0.499774
0.84999999999999998,868,-0.49525226432817127,0.53912499999999997,0.53000000000000003,0.53500736415876626,0.61737948438511858,0,0,0,70,True,0.0086671057989854104,False,False,-0.29333850291300162,1.2098295592007686,0.52929400000000004
0.65000000000000002,868,-1.1254020905194482,0.57162500000000005,0.55300000000000005,0.76274322456821131,0.79590768174891802,1,0,0,117,True,0.0082903924891628965,False,False,-0.79834597969550514,1.3665569892860103,0.56369400000000003
0.5,868,-1.5220701544349398,0.58812500000000001,0.57099999999999995,0.37675665084344462,0.6754846506008525,1,0,0,181,True,0.0080514761036543647,False,False,-1.3475760776189629,1.6531130939443468,0.58186099999999996
1,869,-0.075804903534619855,0.50249999999999995,0.502,0.052152729524386099,0.2895391973600861,0,0,0,37,True,0.0077284192873669231,False,False,0.00084786314457791824,1.1837821058171558,0.499774
0.84999999999999998,869,-0.56418299259225757,0.52962500000000001,0.52300000000000002,0.25346573395145977,0.090081565634490116,0,0,0,45,True,0.0077951163222691683,False,False,-0.29333850291300162,1.2098295592007686,0.52929400000000004
0.65000000000000002,869,-1.2835782599136436,0.56825000000000003,0.56499999999999995,0.76358475968298911,0.62437427280058189,1,0,0,85,True,0.0080828509689710396,False,False,-0.79834597969550514,1.3665569892860103,0.56369400000000003
0.5,869,-1.6414619650010023,0.58174999999999999,0.58499999999999996,0.42609514002748389,0.091035805445440557,1,0,0,94,True,0.0080184387218159743,False,False,-1.3475760776189629,1.6531130939443468,0.58186099999999996
1,870,-0.10941604663529279,0.50549999999999995,0.48099999999999998,0.075124348526838816,0.048878050909930346,0,0,0,42,True,0.0082428145378394841,False,False,0.00084786314457791824,1.1837821058171558,0.499774
0.84999999999999998,870,-0.54606717430080576,0.53149999999999997,0.54000000000000004,0.30811233332883825,0.24526588677753966,0,0,0,55,True,0.0082019606809096597,False,False,-0.29333850291300162,1.2098295592007686,0.52929400000000004
0.65000000000000002,870,-1.2243883993946767,0.55962500000000004,0.56499999999999995,0.57858868353878978,0.56563881037190289,0,0,0,63,True,0.0079477625110873709,False,False,-0.79834597969550514,1.3665569892860103,0.56369400000000003
0.5,870,-1.5555060589866678,0.57687500000000003,0.58599999999999997,0.43498853839540791,0.62937495159435752,1,0,0,89,True,0.0078640619347804808,False,False,-1.3475760776189629,1.6531130939443468,0.58186099999999996
1,871,0.085072751478894357,0.50424999999999998,0.52200000000000002,0.052930670386552248,0.0081522966911859972,0,0,0,53,True,0.0081654463120180067,False,False,0.00084786314457791824,1.1837821058171558,0.499774
0.84999999999999998,871,-0.42572648468961477,0.53374999999999995,0.55000000000000004,0.43419197310673396,0.46291562944303988,0,0,0,71,True,0.0083194228492388337,False,False,-0.29333850291300162,1.2098295592007686,0.52929400000000004
0.65000000000000002,871,-1.0651481348062921,0.56337499999999996,0.55400000000000005,0.95029389872607772,0.94730213211801939,1,0,0,84,True,0.0081960822304356293,False,False,-0.79834597969550514,1.3665569892860103,0.56369400000000003
0.5,871,-1.3768335175945012,0.57799999999999996,0.56799999999999995,0.48447547116004663,0.57251191642057631,1,0,0,86,True,0.0079157498045877295,False,False,-1.3475760776189629,1.6531130939443468,0.58186099999999996
1,872,-0.12495754559309553,0.50700000000000001,0.49299999999999999,0.77723692937778599,0.98447085182596272,0,0,0,38,True,0.0080485996463345744,False,False,0.00084786314457791824,1.1837821058171558,0.499774
0.84999999999999998,872,-0.54641629685038695,0.53437500000000004,0.51500000000000001,0.49200266781770874,0.14868644461653918,0,0,0,53,True,0.0082861041106460434,False,False,-0.29333850291300162,1.2098295592007686,0.52929400000000004
0.65000000000000002,872,-1.1181208505608899,0.56537499999999996,0.55100000000000005,0.84741176794827555,0.76859644724330134,1,1,0,82,True,0.0083581808396233984,False,False,-0.79834597969550514,1.3665569892860103,0.56369400000000003
0.5,872,-1.451449414144393,0.58662499999999995,0.58899999999999997,0.55217675318212622,0.60841534847275192,1,1,1,122,True,0.0088132338372124176,False,False,-1.3475760776189629,1.6531130939443468,0.58186099999999996
1,873,0.020429132820302235,0.501,0.51000000000000001,0.73672416653200901,0.106728543391026,0,0,0,37,True,0.0081733658250270937,False,False,0.00084786314457791824,1.1837821058171558,0.499774
0.84999999999999998,873,-0.38129493378746099,0.52775000000000005,0.52200000000000002,0.32031312583054966,0.029089274114443071,0,0,0,45,True,0.0078930555957770626,False,False,-0.29333850291300162,1.2098295592007686,0.52929400000000004
0.65000000000000002,873,-1.0329545644601283,0.57162500000000005,0.56799999999999995,0.46080797238079696,0.70724295298858453,1,0,0,76,True,0.0076750836616779408,False,False,-0.79834597969550514,1.3665569892860103,0.56369400000000003
0.5,873,-1.4037448559570485,0.58975,0.58399999999999996,0.18799479446684145,0.14919634144826113,1,0,0,140,True,0.0081834742692020596,False,False,-1.3475760776189629,1.6531130939443468,0.58186099999999996
1,874,-0.051650688353359023,0.50987499999999997,0.51800000000000002,0.90881169305918175,0.52600287031610671,0,0,0,44,True,0.0083155690991763287,False,False,0.00084786314457791824,1.1837821058171558,0.499774
0.84999999999999998,874,-0.53762553210353403,0.53137500000000004,0.53500000000000003,0.34013366592131333,0.75141328339210756,0,0,0,60,True,0.0083946722150881007,False,False,-0.29333850291300162,1.2098295592007686,0.52929400000000004
0.65000000000000002,874,-1.142674531300393,0.56512499999999999,0.56399999999999995,0.14939514057530667,0.082088417356737678,1,0,0,78,True,0.0082243004231085104,False,False,-0.79834597969550514,1.3665569892860103,0.56369400000000003
0.5,874,-1.4487131613847621,0.57887500000000003,0.57999999999999996,0.32857469966399894,0.29040494799708683,1,0,0,113,True,0.0086823045378747344,False,False,-1.3475760776189629,1.6531130939443468,0.58186099999999996
1,875,0.10797630736510691,0.49975000000000003,0.503,0.23095875908964081,0.46524520531184388,0,0,0,36,True,0.0081313420471973812,False,False,0.00084786314457791824,1.1837821058171558,0.499774
0.84999999999999998,875,-0.32402787157091834,0.52349999999999997,0.53400000000000003,0.98502522557610628,0.81483033486850487,0,0,0,35,True,0.0081709744674311122,False,False,-0.29333850291300162,1.2098295592007686,0.52929400000000004
0.65000000000000002,875,-0.97788915421731903,0.55300000000000005,0.56599999999999995,0.66919461874964759,0.8481517032701047,1,0,0,83,True,0.0085724390309959587,False,False,-0.79834597969550514,1.3665569892860103,0.56369400000000003
0.5,875,-1.3070300751417216,0.57199999999999995,0.59899999999999998,0.0081792284784697501,0.0085306755866346087,1,0,0,93,True,0.0085475619878974483,False,False,-1.3475760776189629,1.6531130939443468,0.58186099999999996
1,876,-0.031511710397657967,0.50700000000000001,0.503,0.48675616996160342,0.52780459559638604,0,0,0,49,True,0.0082446262800683935,False,False,0.00084786314457791824,1.1837821058171558,0.499774
0.84999999999999998,876,-0.44996290152513535,0.53075000000000006,0.50700000000000001,0.79175594178982811,0.66414220272383684,0,0,0,53,True,0.0079455857639246959,False,False,-0.29333850291300162,1.2098295592007686,0.52929400000000004
0.65000000000000002,876,-1.0307619766293865,0.55725000000000002,0.54900000000000004,0.96014587205658619,0.96091910975241646,0,0,0,66,True,0.0083098931157920622,False,False,-0.79834597969550514,1.3665569892860103,0.56369400000000003
0.5,876,-1.3372008595834319,0.57637499999999997,0.57899999999999996,0.28557890270359365,0.26749553112619917,1,0,0,91,True,0.008740319045815223,False,False,-1.3475760776189629,1.6531130939443468,0.58186099999999996
1,877,0.061318597858620989,0.49937500000000001,0.503,0.30291778554011406,0.40419643833636604,0,0,0,45,True,0.0085140442705165034,False,False,0.00084786314457791824,1.1837821058171558,0.499774
0.84999999999999998,877,-0.37409150086818338,0.52849999999999997,0.53800000000000003,0.048291971706456431,0.14906365240958172,0,0,0,62,True,0.0086822131430990754,False,False,-0.29333850291300162,1.2098295592007686,0.52929400000000004
0.65000000000000002,877,-0.97199263684616199,0.56137499999999996,0.58099999999999996,0.68398933135395434,0.51653004842919237,1,0,0,91,True,0.0090374863238750092,False,False,-0.79834597969550514,1.3665569892860103,0.56369400000000003
0.5,877,-1.2642435566192654,0.57837499999999997,0.59199999999999997,0.33564792394614484,0.31587907647498842,1,0,0,109,True,0.0091282313194092184,False,False,-1.3475760776189629,1.6531130939443468,0.58186099999999996
1,878,0.057101460846143912,0.501,0.51400000000000001,0.89393996629819827,0.98960749497198197,0,0,0,49,True,0.008755653839636687,False,False,0.00084786314457791824,1.1837821058171558,0.499774
0.84999999999999998,878,-0.41474640906468929,0.52575000000000005,0.54100000000000004,0.53023525977700769,0.33475977652261724,0,0,0,44,True,0.0087933855271802534,False,False,-0.29333850291300162,1.2098295592007686,0.52929400000000004
0.65000000000000002,878,-1.0063467890150612,0.56825000000000003,0.57099999999999995,0.29251269492499932,0.19897462071262792,1,0,0,89,True,0.0086449998060638394,False,False,-0.79834597969550514,1.3665569892860103,0.56369400000000003
0.5,878,-1.2683453805949809,0.58050000000000002,0.58699999999999997,0.7185066245035765,0.79661374638649951,1,0,0,119,True,0.0084055644570501901,False,False,-1.3475760776189629,1.6531130939443468,0.58186099999999996
1,879,-0.0091687770726145857,0.50737500000000002,0.50700000000000001,0.70936012553681482,0.18994355412225053,0,0,0,39,True,0.0076070839394049893,False,False,0.00084786314457791824,1.1837821058171558,0.499774
0.84999999999999998,879,-0.41059310288932749,0.53425,0.53000000000000003,0.15293915794460458,0.0764215049964104,0,0,0,52,True,0.0076230260056233358,False,False,-0.29333850291300162,1.2098295592007686,0.52929400000000004
0.65000000000000002,879,-0.96014853605768902,0.56812499999999999,0.56399999999999995,0.31896832647077161,0.19777604207541177,0,0,0,67,True,0.0084069878022124626,False,False,-0.79834597969550514,1.3665569892860103,0.56369400000000003
0.5,879,-1.2716865346494841,0.58574999999999999,0.56399999999999995,0.013564350112072019,0.015031454714286683,1,0,0,156,True,0.0078432132951523105,False,False,-1.3475760776189629,1.6531130939443468,0.58186099999999996
1,880,-0.003967944906109161,0.49562499999999998,0.497,0.23793545104818953,0.24312467053498402,0,0,0,41,True,0.0089793785172969515,False,False,0.00084786314457791824,1.1837821058171558,0.499774
0.84999999999999998,880,-0.42778294484610924,0.52949999999999997,0.52300000000000002,0.90548245001328709,0.84911805972985333,0,0,0,46,True,0.0086505033775571595,False,False,-0.29333850291300162,1.2098295592007686,0.52929400000000004
0.65000000000000002,880,-0.97902227559617738,0.56299999999999994,0.55800000000000005,0.35539083213518652,0.49014412165671728,0,0,0,67,True,0.0089837879606109606,False,False,-0.79834597969550514,1.3665569892860103,0.56369400000000003
0.5,880,-1.2621274410671615,0.57999999999999996,0.59199999999999997,0.54528854665914639,0.45458777535598166,1,0,0,86,True,0.0087993609975213754,False,False,-1.3475760776189629,1.6531130939443468,0.58186099999999996
1,881,-0.035231392645433755,0.49875000000000003,0.51100000000000001,0.64380333199962081,0.79811785533074309,0,0,0,44,True,0.0082461525158828795,False,False,0.00084786314457791824,1.1837821058171558,0.499774
0.84999999999999998,881,-0.53743082774932349,0.53425,0.53600000000000003,0.99690444593001615,0.99940252478837177,0,0,0,42,True,0.0081011350552622416,False,False,-0.29333850291300162,1.2098295592007686,0.52929400000000004
0.65000000000000002,881,-1.1361243555506899,0.56862500000000005,0.55300000000000005,0.43699683038276332,0.31279088047794951,1,0,0,108,True,0.0083953530855838815,False,False,-0.79834597969550514,1.3665569892860103,0.56369400000000003
0.5,881,-1.4281012443626664,0.58725000000000005,0.56999999999999995,0.90294372588780203,0.93107842016090858,1,0,0,137,True,0.0081982130616726594,False,False,-1.3475760776189629,1.6531130939443468,0.58186099999999996
1,882,-0.027823982573722719,0.50149999999999995,0.51900000000000002,0.80137093387538583,0.36200932272448899,0,0,0,36,True,0.0080003024002530607,False,False,0.00084786314457791824,1.1837821058171558,0.499774
0.84999999999999998,882,-0.49440467858570442,0.53412499999999996,0.54900000000000004,0.73216602432009692,0.76147178991385345,1,0,0,86,True,0.0080930113426291028,False,False,-0.29333850291300162,1.2098295592007686,0.52929400000000004
0.65000000000000002,882,-1.0945578632526425,0.56699999999999995,0.56899999999999995,0.7077470837805554,0.67448256587686028,0,0,0,74,True,0.0086904124428898756,False,False,-0.79834597969550514,1.3665569892860103,0.56369400000000003
0.5,882,-1.431775082751253,0.58512500000000001,0.60599999999999998,0.23942028365383572,0.19274864408361636,1,0,0,138,True,0.0084670120908730464,False,False,-1.3475760776189629,1.6531130939443468,0.58186099999999996
1,883,-0.0011823300630241567,0.49349999999999999,0.51500000000000001,0.99733393624999045,0.56175737444757667,0,0,0,35,True,0.0080904733414067787,False,False,0.00084786314457791824,1.1837821058171558,0.499774
0.84999999999999998,883,-0.43779938804635682,0.52975000000000005,0.53600000000000003,0.52308583117298724,0.2721679954465685,0,0,0,57,True,0.0083998314986797381,False,False,-0.29333850291300162,1.2098295592007686,0.52929400000000004
0.65000000000000002,883,-0.99981969100333867,0.57062500000000005,0.56999999999999995,0.066939794085464618,0.17084916113668408,1,0,0,112,True,0.0085302815476979831,False,False,-0.79834597969550514,1.3665569892860103,0.56369400000000003
0.5,883,-1.3506363723812118,0.59025000000000005,0.58299999999999996,0.36165563766136966,0.47038933497892421,1,0,0,150,True,0.0084641694682034436,False,False,-1.3475760776189629,1.6531130939443468,0.58186099999999996
1,884,-0.079464997161385789,0.50012500000000004,0.505,0.20363401468686387,0.52015847047977037,0,0,0,58,True,0.0082674711151468523,False,False,0.00084786314457791824,1.1837821058171558,0.499774
0.84999999999999998,884,-0.51513388135967797,0.52825,0.53000000000000003,0.33010659529184083,0.063084979461652729,0,0,0,38,True,0.008557951005260838,False,False,-0.29333850291300162,1.2098295592007686,0.52929400000000004
0.65000000000000002,884,-1.0398743300019138,0.55562500000000004,0.55900000000000005,0.46124771994614311,0.16117523818720836,0,0,0,56,True,0.0085138509384219147,False,False,-0.79834597969550514,1.3665569892860103,0.56369400000000003
0.5,884,-1.3696316997913764,0.57262500000000005,0.56000000000000005,0.29033411599797376,0.042347746597572608,1,0,0,133,True,0.0082223344920948956,False,False,-1.3475760776189629,1.6531130939443468,0.58186099999999996
1,885,0.058551760703717613,0.50149999999999995,0.48599999999999999,0.33883130685735746,0.40021341934178456,0,0,0,45,True,0.0081503379718605891,False,False,0.00084786314457791824,1.1837821058171558,0.499774
0.84999999999999998,885,-0.43373902604571585,0.52575000000000005,0.50800000000000001,0.31373552911619007,0.3484791218835781,0,0,0,55,True,0.00803677662999004,False,False,-0.29333850291300162,1.2098295592007686,0.52929400000000004
0.65000000000000002,885,-1.0836430590328117,0.56537499999999996,0.53900000000000003,0.59809697654811367,0.66887729661248896,1,0,0,92,True,0.0075491648676280368,False,False,-0.79834597969550514,1.3665569892860103,0.56369400000000003
0.5,885,-1.4866602826691799,0.58837499999999998,0.57199999999999995,0.27330839665120982,0.42075493844739625,1,0,0,173,True,0.0076609076275926981,False,False,-1.3475760776189629,1.6531130939443468,0.58186099999999996
1,886,0.062205580614581465,0.49462499999999998,0.48599999999999999,0.753352422303318,0.75871844508711772,0,0,0,38,True,0.0082717731000171973,False,False,0.00084786314457791824,1.1837821058171558,0.499774
0.84999999999999998,886,-0.39970424764023543,0.53200000000000003,0.52200000000000002,0.6810545869885134,0.7161130972150429,0,0,0,67,True,0.0084564602034759052,False,False,-0.29333850291300162,1.2098295592007686,0.52929400000000004
0.65000000000000002,886,-1.0962658681136088,0.56362500000000004,0.53600000000000003,0.051146884438164529,0.060214066399699881,1,0,0,101,True,0.0078800066649805829,False,False,-0.79834597969550514,1.3665569892860103,0.56369400000000003
0.5,886,-1.4358699353494773,0.58274999999999999,0.55000000000000004,0.33035642262084142,0.12568310550935888,1,0,1,202,True,0.008590957462945515,False,False,-1.3475760776189629,1.6531130939443468,0.58186099999999996
1,887,0.061112786924972594,0.49725000000000003,0.495,0.45028117182669819,0.58035521281417968,0,0,0,37,True,0.0082605105970084951,False,False,0.00084786314457791824,1.1837821058171558,0.499774
0.84999999999999998,887,-0.47997350962099045,0.53225,0.53200000000000003,0.17244905266024352,0.32914863277659467,0,0,0,53,True,0.0081643719096488807,False,False,-0.29333850291300162,1.2098295592007686,0.52929400000000004
0.65000000000000002,887,-1.1705612720646699,0.57262500000000005,0.55900000000000005,0.63397018230439883,0.66209619639060113,1,0,0,89,True,0.0084355519339529891,False,False,-0.79834597969550514,1.3665569892860103,0.56369400000000003
0.5,887,-1.5383202772808557,0.58737499999999998,0.58999999999999997,0.5477283290415107,0.52080224802506725,1,0,0,120,True,0.0082974909333006046,False,False,-1.3475760776189629,1.6531130939443468,0.58186099999999996
1,888,-0.034862174150246956,0.49349999999999999,0.46600000000000003,0.39723324042664665,0.23281455803101164,0,0,0,46,True,0.0080845779598767865,False,False,0.00084786314457791824,1.1837821058171558,0.499774
0.84999999999999998,888,-0.54207165194528095,0.52162500000000001,0.498,0.52136059018966263,0.11923722441040419,0,0,0,49,True,0.0081680963371424803,False,False,-0.29333850291300162,1.2098295592007686,0.52929400000000004
0.65000000000000002,888,-1.087541535657842,0.56287500000000001,0.54700000000000004,0.51277483218505404,0.78898095759706655,1,0,0,75,True,0.0085940252710046267,False,False,-0.79834597969550514,1.3665569892860103,0.56369400000000003
0.5,888,-1.3930834915796373,0.58350000000000002,0.55600000000000005,0.8728313431979956,0.97026247488725414,1,0,0,130,True,0.008306080413079512,False,False,-1.3475760776189629,1.6531130939443468,0.58186099999999996
1,889,-0.11600847995675143,0.50037500000000001,0.499,0.14539681503274698,0.85970136859023483,0,0,0,35,True,0.0088907003133262084,False,False,0.00084786314457791824,1.1837821058171558,0.499774
0.84999999999999998,889,-0.5508038447383542,0.52887499999999998,0.54300000000000004,0.15208672215115521,0.058908586487212158,0,0,0,54,True,0.0090832724373046316,False,False,-0.29333850291300162,1.2098295592007686,0.52929400000000004
0.65000000000000002,889,-1.2082355010299342,0.56287500000000001,0.56799999999999995,0.3736096527466588,0.11963634273196751,0,0,0,65,True,0.008579310356464415,False,False,-0.79834597969550514,1.3665569892860103,0.56369400000000003
0.5,889,-1.5348266135869273,0.581125,0.58099999999999996,0.20429939093381161,0.15640775901821374,1,0,0,109,True,0.0090147181645050378,False,False,-1.3475760776189629,1.6531130939443468,0.58186099999999996
1,890,-0.12552322104413732,0.50024999999999997,0.47399999999999998,0.078434439370167516,0.1058779084036704,0,0,0,42,True,0.0085521312544888668,False,False,0.00084786314457791824,1.1837821058171558,0.499774
0.84999999999999998,890,-0.49955578858293992,0.52675000000000005,0.50700000000000001,0.012276600329405852,0.077480288977816517,0,0,0,61,True,0.0089509972490179768,False,False,-0.29333850291300162,1.2098295592007686,0.52929400000000004
0.65000000000000002,890,-0.97898813397281137,0.55762500000000004,0.54200000000000004,0.21940650876371531,0.18206199649395685,1,0,0,83,True,0.0081307098817967986,False,False,-0.79834597969550514,1.3665569892860103,0.56369400000000003
0.5,890,-1.2370456473790463,0.57574999999999998,0.56100000000000005,0.49894711988230289,0.490061640352081,1,0,0,125,True,0.0080213936760828303,False,False,-1.3475760776189629,1.6531130939443468,0.58186099999999996
1,891,0.011877662903266511,0.49412499999999998,0.495,0.41374158161822566,0.27481062351465574,0,0,0,44,True,0.0089594404396605362,False,False,0.00084786314457791824,1.1837821058171558,0.499774
0.84999999999999998,891,-0.41371346344463067,0.52875000000000005,0.53000000000000003,0.37224478472841482,0.64271901285393207,0,0,0,47,True,0.0091168636132518098,False,False,-0.29333850291300162,1.2098295592007686,0.52929400000000004
0.65000000000000002,891,-1.0109113166378316,0.56312499999999999,0.57299999999999995,0.23534174093563193,0.2642049715960218,0,0,0,61,True,0.0084105538833051437,False,False,-0.79834597969550514,1.3665569892860103,0.56369400000000003
0.5,891,-1.4171693180971792,0.58125000000000004,0.58599999999999997,0.43974873066306253,0.41841514090076637,1,0,0,94,True,0.0083240370322034962,False,False,-1.3475760776189629,1.6531130939443468,0.58186099999999996
1,892,0.27567120176547588,0.49775000000000003,0.50800000000000001,0.30687147475727539,0.52185132295669823,0,0,0,41,True,0.0085705438003853274,False,False,0.00084786314457791824,1.1837821058171558,0.499774
0.84999999999999998,892,-0.25221173641522593,0.53449999999999998,0.54000000000000004,0.2135319510608143,0.19519996351511354,0,0,0,43,True,0.0085114339375878655,False,False,-0.29333850291300162,1.2098295592007686,0.52929400000000004
0.65000000000000002,892,-0.87336916016113353,0.57025000000000003,0.57199999999999995,0.22184734820899479,0.44693131596988506,0,0,0,69,True,0.0082789911650182155,False,False,-0.79834597969550514,1.3665569892860103,0.56369400000000003
0.5,892,-1.559877562912779,0.58737499999999998,0.57999999999999996,0.37367232376922721,0.62723724057426999,1,0,0,115,True,0.008250326161676716,False,False,-1.3475760776189629,1.6531130939443468,0.58186099999999996
1,893,0.066573123798975176,0.49925000000000003,0.45100000000000001,0.90186423380809311,0.50819568760325617,0,0,0,39,True,0.008216871401920553,False,False,0.00084786314457791824,1.1837821058171558,0.499774
0.84999999999999998,893,-0.41665418380764518,0.53274999999999995,0.50800000000000001,0.81397741612891505,0.88978355852208424,0,0,0,50,True,0.0083652966491979466,False,False,-0.29333850291300162,1.2098295592007686,0.52929400000000004
0.65000000000000002,893,-1.0383640203556779,0.56299999999999994,0.56399999999999995,0.34567395634557885,0.35335520793512931,0,0,0,65,True,0.0076633313255264476,False,False,-0.79834597969550514,1.3665569892860103,0.56369400000000003
0.5,893,-1.3298978846350993,0.58187500000000003,0.57199999999999995,0.20700476914876359,0.24865046279134298,1,0,0,113,True,0.0080965131318509378,False,False,-1.3475760776189629,1.6531130939443468,0.58186099999999996
1,894,0.069727540591139073,0.49925000000000003,0.48499999999999999,0.56889530595429849,0.50552160367704324,0,0,0,42,True,0.0080365377728968315,False,False,0.00084786314457791824,1.1837821058171558,0.499774
0.84999999999999998,894,-0.42917321344753329,0.53637500000000005,0.52600000000000002,0.10968471152062521,0.042716965068145221,0,0,0,43,True,0.0085321763007097321,False,False,-0.29333850291300162,1.2098295592007686,0.52929400000000004
0.65000000000000002,894,-1.0525598493846571,0.57050000000000001,0.55600000000000005,0.81730773346665919,0.72981881706010809,1,0,0,97,True,0.0086526076966561907,False,False,-0.79834597969550514,1.3665569892860103,0.56369400000000003
0.5,894,-1.4942241874835791,0.58737499999999998,0.57599999999999996,0.8001001665045202,0.52350390517171197,1,0,0,189,True,0.0082559904180679339,False,False,-1.3475760776189629,1.6531130939443468,0.58186099999999996
1,895,0.14991122179760891,0.50224999999999997,0.50700000000000001,0.059383248151856055,0.8143406767489545,0,0,0,53,True,0.0079500447358919098,False,False,0.00084786314457791824,1.1837821058171558,0.499774
0.84999999999999998,895,-0.40917382091757826,0.53249999999999997,0.51900000000000002,0.28757320475537096,0.30594959098944141,0,0,0,51,True,0.0078048663583327581,False,False,-0.29333850291300162,1.2098295592007686,0.52929400000000004
0.65000000000000002,895,-1.1386434106496972,0.56912499999999999,0.56899999999999995,0.48161108493671501,0.34501280090375741,1,0,0,119,True,0.0078939093239081479,False,False,-0.79834597969550514,1.3665569892860103,0.56369400000000003
0.5,895,-1.5382026200637278,0.58862499999999995,0.58599999999999997,0.23233664725164158,0.29533008529620491,1,0,0,234,True,0.0087705902942645068,False,False,-1.3475760776189629,1.6531130939443468,0.58186099999999996
1,896,0.0010648549909341449,0.50912500000000005,0.52100000000000002,0.32562052693686649,0.68631780501735962,0,0,0,45,True,0.0080566733920904993,False,False,0.00084786314457791824,1.1837821058171558,0.499774
0.84999999999999998,896,-0.44121546499039621,0.53525,0.53600000000000003,0.048044637761079527,0.040508273749901499,0,0,0,38,True,0.0079258103655610798,False,False,-0.29333850291300162,1.2098295592007686,0.52929400000000004
0.65000000000000002,896,-0.96828000040128803,0.57025000000000003,0.55300000000000005,0.29479679243361773,0.36726128806089453,1,0,0,83,True,0.0078955073977094708,False,False,-0.79834597969550514,1.3665569892860103,0.56369400000000003
0.5,896,-1.2965190705927818,0.58537499999999998,0.56499999999999995,0.34768959585976916,0.24090574428033956,1,0,0,111,True,0.0084184419684547127,False,False,-1.3475760776189629,1.6531130939443468,0.58186099999999996
1,897,-0.15249049837285364,0.49175000000000002,0.495,0.37654800969924968,0.20609764809060588,0,0,0,46,True,0.0085727011630658441,False,False,0.00084786314457791824,1.1837821058171558,0.499774
0.84999999999999998,897,-0.69341699664227674,0.52662500000000001,0.53100000000000003,0.89075239967480513,0.92066108017578463,0,0,0,44,True,0.0086469133435686778,False,False,-0.29333850291300162,1.2098295592007686,0.52929400000000004
0.65000000000000002,897,-1.3585188088831459,0.56162500000000004,0.57399999999999995,0.61850416025995059,0.70862889540078211,0,0,0,72,True,0.0085926441503937617,False,False,-0.79834597969550514,1.3665569892860103,0.56369400000000003
0.5,897,-1.724998040832354,0.57762500000000006,0.58699999999999997,0.67345201324315684,0.7622591814697115,0,0,0,69,True,0.0084066961812010003,False,False,-1.3475760776189629,1.6531130939443468,0.58186099999999996
1,898,-0.028329586612781323,0.49625000000000002,0.48299999999999998,0.89243964261721676,0.49769556184535635,0,0,0,48,True,0.0090361726552733376,False,False,0.00084786314457791824,1.1837821058171558,0.499774
0.84999999999999998,898,-0.55159186848372266,0.52449999999999997,0.51100000000000001,0.25187122522044292,0.60225823480053742,0,0,0,46,True,0.008513817901965922,False,False,-0.29333850291300162,1.2098295592007686,0.52929400000000004
0.65000000000000002,898,-1.127717737338406,0.56012499999999998,0.56200000000000006,0.28547014137067761,0.34701173413444758,1,0,0,76,True,0.0082372576283627208,False,False,-0.79834597969550514,1.3665569892860103,0.56369400000000003
0.5,898,-1.4276934018429042,0.577125,0.58399999999999996,0.06123826464917672,0.075503467447184197,1,0,0,83,True,0.0084178132951918255,False,False,-1.3475760776189629,1.6531130939443468,0.58186099999999996
1,899,-0.038641184866613325,0.48962499999999998,0.48599999999999999,0.25136954949464735,0.43608504186048291,0,0,0,40,True,0.0088501877669733119,False,False,0.00084786314457791824,1.1837821058171558,0.499774
0.84999999999999998,899,-0.47755032955938159,0.52500000000000002,0.53400000000000003,0.13521606475906614,0.51910772054871435,0,0,0,50,True,0.0087180682287000631,False,False,-0.29333850291300162,1.2098295592007686,0.52929400000000004
0.65000000000000002,899,-0.98529504636994292,0.56274999999999997,0.56200000000000006,0.43498218959791579,0.68995042720084521,0,0,0,55,True,0.0090308528776503489,False,False,-0.79834597969550514,1.3665569892860103,0.56369400000000003
0.5,899,-1.218810985899758,0.579125,0.59099999999999997,0.066123993853551916,0.12868173453241144,1,0,0,131,True,0.0083931248819974439,False,False,-1.3475760776189629,1.6531130939443468,0.58186099999999996
1,900,0.09503098570683452,0.49712499999999998,0.50800000000000001,0.62392414926513184,0.28163840207377433,0,0,0,40,True,0.0080168505561892013,False,False,0.00084786314457791824,1.1837821058171558,0.499774
0.84999999999999998,900,-0.30325868416149576,0.53225,0.53800000000000003,0.69681096544942611,0.20330016152845259,0,0,0,67,True,0.0078695958731300388,False,False,-0.29333850291300162,1.2098295592007686,0.52929400000000004
0.65000000000000002,900,-0.90553092440012461,0.56662500000000005,0.58299999999999996,0.56612626863447624,0.65726156887123444,0,0,0,71,True,0.0076692828891307754,False,False,-0.79834597969550514,1.3665569892860103,0.56369400000000003
0.5,900,-1.2549159966616605,0.57725000000000004,0.57999999999999996,0.9778320296850036,0.98707556433116084,1,0,0,93,True,0.0076092945465031578,False,False,-1.3475760776189629,1.6531130939443468,0.58186099999999996
1,901,-0.032675013459024169,0.50137500000000002,0.49199999999999999,0.91559506353730069,0.25193268601162483,0,0,0,55,True,0.0089735968321317233,False,False,0.00084786314457791824,1.1837821058171558,0.499774
0.84999999999999998,901,-0.45751910642030891,0.52224999999999999,0.53200000000000003,0.60153588237510136,0.10712762969600062,0,0,0,60,True,0.0086810425683568667,False,False,-0.29333850291300162,1.2098295592007686,0.52929400000000004
0.65000000000000002,901,-1.0523543691417592,0.55862500000000004,0.55700000000000005,0.22091357283050758,0.21488112585709684,1,0,0,98,True,0.0093311806919940971,False,False,-0.79834597969550514,1.3665569892860103,0.56369400000000003
0.5,901,-1.3640898349856436,0.57562500000000005,0.57899999999999996,0.27467019459303754,0.23106043616300168,1,0,0,96,True,0.0084379566358831239,False,False,-1.3475760776189629,1.6531130939443468,0.58186099999999996
1,902,0.06227724642334382,0.49775000000000003,0.504,0.21806909233142438,0.78179857108897777,0,0,0,39,True,0.0077736961961941435,False,False,0.00084786314457791824,1.1837821058171558,0.499774
0.84999999999999998,902,-0.44006090076613991,0.52262500000000001,0.52300000000000002,0.45920140475674631,0.93918311356706274,0,0,0,52,True,0.0079686431069982081,False,False,-0.29333850291300162,1.2098295592007686,0.52929400000000004
0.65000000000000002,902,-1.0459763714677959,0.56000000000000005,0.54900000000000004,0.46467885672120712,0.73939029925576827,0,0,0,58,True,0.0088403690544287244,False,False,-0.79834597969550514,1.3665569892860103,0.56369400000000003
0.5,902,-1.4033093444681872,0.57962499999999995,0.56000000000000005,0.27328718266239849,0.21795617978980519,1,0,0,111,True,0.0085318499261616641,False,False,-1.3475760776189629,1.6531130939443468,0.58186099999999996
1,903,-0.023253837479862302,0.50475000000000003,0.496,0.071657857578901279,0.34187984811858557,0,0,0,38,True,0.0078124493456194878,False,False,0.00084786314457791824,1.1837821058171558,0.499774
0.84999999999999998,903,-0.56969425848992639,0.53425,0.54900000000000004,0.64140460786577391,0.54007250943950358,0,0,0,59,True,0.0082170690031349823,False,False,-0.29333850291300162,1.2098295592007686,0.52929400000000004
0.65000000000000002,903,-1.1852136237705571,0.57250000000000001,0.58599999999999997,0.78156409258179327,0.36015757081357702,1,0,0,90,True,0.0086870038628322904,False,False,-0.79834597969550514,1.3665569892860103,0.56369400000000003
0.5,903,-1.5333648873462904,0.58750000000000002,0.59399999999999997,0.49765229552896206,0.38332295241334513,1,0,0,111,True,0.0087669174741830339,False,False,-1.3475760776189629,1.6531130939443468,0.58186099999999996
1,904,0.02852973426999892,0.51112500000000005,0.504,0.50295167319423073,0.15171937951514133,0,0,0,42,True,0.0087653116928354466,False,False,0.00084786314457791824,1.1837821058171558,0.499774
0.84999999999999998,904,-0.40037275632539682,0.53325,0.53700000000000003,0.7316429410151295,0.50765178700580105,0,0,0,57,True,0.0082697300460895188,False,False,-0.29333850291300162,1.2098295592007686,0.52929400000000004
0.65000000000000002,904,-1.0824136196378911,0.56962500000000005,0.56399999999999995,0.90521588246660789,0.8721203780396839,1,0,0,111,True,0.0081121586177738229,False,False,-0.79834597969550514,1.3665569892860103,0.56369400000000003
0.5,904,-1.401212567972612,0.58962499999999995,0.58999999999999997,0.84978884821773526,0.95220901532723567,1,0,0,211,True,0.0081995241735884627,False,False,-1.3475760776189629,1.6531130939443468,0.58186099999999996
1,905,0.087727525828006178,0.50449999999999995,0.48199999999999998,0.27751207912713222,0.030068784684521729,0,0,0,41,True,0.0090303704973608064,False,False,0.00084786314457791824,1.1837821058171558,0.499774
0.84999999999999998,905,-0.42547016194342013,0.53012499999999996,0.498,0.59096939464197817,0.29803076790576738,0,0,0,65,True,0.0089845254482206205,False,False,-0.29333850291300162,1.2098295592007686,0.52929400000000004
0.65000000000000002,905,-1.0323228754961753,0.55937499999999996,0.54000000000000004,0.45128884783468204,0.67715204289713671,0,0,0,61,True,0.0090536251221502093,False,False,-0.79834597969550514,1.3665569892860103,0.56369400000000003
0.5,905,-1.3553440891475648,0.57962499999999995,0.57499999999999996,0.330702973042653,0.25584745879837806,1,0,0,93,True,0.008984908495445091,False,False,-1.3475760776189629,1.6531130939443468,0.58186099999999996
1,906,-0.13612254025779691,0.49525000000000002,0.51200000000000001,0.34640986736308088,0.353230412390311,0,0,0,44,True,0.0086055755371629763,False,False,0.00084786314457791824,1.1837821058171558,0.499774
0.84999999999999998,906,-0.51363545396109933,0.52449999999999997,0.56100000000000005,0.92783544078115998,0.67812983862939724,0,0,0,54,True,0.0084590990031724028,False,False,-0.29333850291300162,1.2098295592007686,0.52929400000000004
0.65000000000000002,906,-1.0306145020530972,0.55937499999999996,0.59599999999999997,0.11540820411861909,0.099470447299978323,0,0,0,73,True,0.0081907191541926213,False,False,-0.79834597969550514,1.3665569892860103,0.56369400000000003
0.5,906,-1.3258366521956126,0.57762500000000006,0.60999999999999999,0.0096636729082638234,0.0070269637234214094,1,0,0,107,True,0.0083547981586484642,False,False,-1.3475760776189629,1.6531130939443468,0.58186099999999996
1,907,-0.029666368192456646,0.50762499999999999,0.47699999999999998,0.70505409431720023,0.53630213169117846,0,0,0,52,True,0.0089150342001123248,False,False,0.00084786314457791824,1.1837821058171558,0.499774
0.84999999999999998,907,-0.57573682071007359,0.53300000000000003,0.49299999999999999,0.2187513473788503,0.63254086867969617,0,0,0,47,True,0.0090028475771307872,False,False,-0.29333850291300162,1.2098295592007686,0.52929400000000004
0.65000000000000002,907,-1.2562166187915846,0.57062500000000005,0.56100000000000005,0.050563481103920505,0.12262481864413897,1,0,0,82,True,0.0089627389979707334,False,False,-0.79834597969550514,1.3665569892860103,0.56369400000000003
0.5,907,-1.6720820112179768,0.58599999999999997,0.58299999999999996,0.16392468322015338,0.25078830951489356,1,0,0,132,True,0.0089589071956000452,False,False,-1.3475760776189629,1.6531130939443468,0.58186099999999996
1,908,-0.045053111001680218,0.50275000000000003,0.497,0.66183519252400536,0.80348767459775428,0,0,0,42,True,0.0090019163560397051,False,False,0.00084786314457791824,1.1837821058171558,0.499774
0.84999999999999998,908,-0.52972859952789075,0.53400000000000003,0.53400000000000003,0.55306318134935084,0.62965343240468608,0,0,0,70,True,0.0091356441945113932,False,False,-0.29333850291300162,1.2098295592007686,0.52929400000000004
0.65000000000000002,908,-1.2087245657612291,0.56262500000000004,0.54700000000000004,0.75867791118077443,0.57997920248249146,1,0,0,100,True,0.0089861998774608542,False,False,-0.79834597969550514,1.3665569892860103,0.56369400000000003
0.5,908,-1.5092639460003721,0.57750000000000001,0.55400000000000005,0.38193721791321095,0.26672445956876462,1,0,0,132,True,0.0083648544233202674,False,False,-1.3475760776189629,1.6531130939443468,0.58186099999999996
1,909,-0.025392349648900317,0.50475000000000003,0.51200000000000001,0.35319391913191561,0.52713894609491097,0,0,0,38,True,0.0086891037503309676,False,False,0.00084786314457791824,1.1837821058171558,0.499774
0.84999999999999998,909,-0.51318968609942328,0.53025,0.53900000000000003,0.42431401103035749,0.78156019372284369,0,0,0,42,True,0.0086681245659583697,False,False,-0.29333850291300162,1.2098295592007686,0.52929400000000004
0.65000000000000002,909,-1.0556637286197572,0.55787500000000001,0.56000000000000005,0.7588216237755635,0.8298197083019373,1,0,0,77,True,0.00852437405864169,False,False,-0.79834597969550514,1.3665569892860103,0.56369400000000003
0.5,909,-1.3932024081188454,0.57837499999999997,0.57999999999999996,0.93683458332910641,0.62040180968201142,1,0,0,122,True,0.0082520155465233436,False,False,-1.3475760776189629,1.6531130939443468,0.58186099999999996
1,910,0.016333144447914519,0.49737500000000001,0.48699999999999999,0.86323222970612568,0.46366330480056395,0,0,0,42,True,0.0085578388330564172,False,False,0.00084786314457791824,1.1837821058171558,0.499774
0.84999999999999998,910,-0.47302949668756394,0.52937500000000004,0.52000000000000002,0.047892897806649348,0.13285959219434165,0,0,0,69,True,0.0082207436970158521,False,False,-0.29333850291300162,1.2098295592007686,0.52929400000000004
0.65000000000000002,910,-1.0466881270285959,0.56262500000000004,0.55100000000000005,0.89172299823741175,0.96922038924016829,0,0,0,58,True,0.0080661123208717721,False,False,-0.79834597969550514,1.3665569892860103,0.56369400000000003
0.5,910,-1.3677324541988793,0.58374999999999999,0.58099999999999996,0.37020477259699336,0.27420146334273221,1,0,0,90,True,0.00804244553953809,False,False,-1.3475760776189629,1.6531130939443468,0.58186099999999996
1,911,-0.031690952149983076,0.50324999999999998,0.48899999999999999,0.2940271809438722,0.48064099566883201,0,0,0,46,True,0.0081129124221083395,False,False,0.00084786314457791824,1.1837821058171558,0.499774
0.84999999999999998,911,-0.44397566974601371,0.52725,0.51100000000000001,0.28097399611721607,0.039320374686892527,0,0,0,63,True,0.0081918252244942077,False,False,-0.29333850291300162,1.2098295592007686,0.52929400000000004
0.65000000000000002,911,-0.99778688480167399,0.56225000000000003,0.54700000000000004,0.33547716790197313,0.68174654189171024,0,0,0,57,True,0.0085994831924714691,False,False,-0.79834597969550514,1.3665569892860103,0.56369400000000003
0.5,911,-1.2586661241526877,0.58074999999999999,0.58199999999999996,0.51655388049707995,0.42305506402974258,1,0,0,83,True,0.0084812819966762192,False,False,-1.3475760776189629,1.6531130939443468,0.58186099999999996
1,912,0.14012407405562563,0.49925000000000003,0.5,0.61429590507305798,0.022640092923954101,0,0,0,45,True,0.0088028405606146339,False,False,0.00084786314457791824,1.1837821058171558,0.499774
0.84999999999999998,912,-0.33265275133320615,0.52800000000000002,0.52900000000000003,0.24931707171630496,0.37398203344562753,0,0,0,49,True,0.0088594338614691685,False,False,-0.29333850291300162,1.2098295592007686,0.52929400000000004
0.65000000000000002,912,-1.1304639310256563,0.56674999999999998,0.57399999999999995,0.12401887444817508,0.10447263673574368,1,0,0,94,True,0.0087440251537594296,False,False,-0.79834597969550514,1.3665569892860103,0.56369400000000003
0.5,912,-1.5460779887487199,0.58725000000000005,0.58999999999999997,0.10969157969136845,0.090787690254554201,1,0,0,200,True,0.0090755727927810045,False,False,-1.3475760776189629,1.6531130939443468,0.58186099999999996
1,913,-0.046522388174568545,0.49437500000000001,0.46400000000000002,0.44368907660227563,0.14497400994439447,0,0,0,43,True,0.008428905848785629,False,False,0.00084786314457791824,1.1837821058171558,0.499774
0.84999999999999998,913,-0.50464922986371952,0.51900000000000002,0.499,0.34985107613036065,0.50090555506034551,0,0,0,38,True,0.0084392692796287968,False,False,-0.29333850291300162,1.2098295592007686,0.52929400000000004
0.65000000000000002,913,-1.1177962918587556,0.56499999999999995,0.55600000000000005,0.90489254160213473,0.94928626870930044,0,0,0,68,True,0.0086377361876407242,False,False,-0.79834597969550514,1.3665569892860103,0.56369400000000003
0.5,913,-1.4877352512905966,0.58625000000000005,0.56999999999999995,0.33679546730720739,0.36071479997095462,1,0,0,127,True,0.0083650876446883984,False,False,-1.3475760776189629,1.6531130939443468,0.58186099999999996
1,914,0.028273546710393373,0.49725000000000003,0.48599999999999999,0.27630378086834156,0.15871159423092721,0,0,0,45,True,0.0083380186161588678,False,False,0.00084786314457791824,1.1837821058171558,0.499774
0.84999999999999998,914,-0.36766385570917287,0.52787499999999998,0.52600000000000002,0.26458280247126215,0.25569119766306081,0,0,0,62,True,0.0086873764407856408,False,False,-0.29333850291300162,1.2098295592007686,0.52929400000000004
0.65000000000000002,914,-0.91669109254674963,0.56412499999999999,0.55900000000000005,0.040023050664200817,0.067833391289277928,0,0,0,73,True,0.0083671328209929709,False,False,-0.79834597969550514,1.3665569892860103,0.56369400000000003
0.5,914,-1.2721170276034972,0.58850000000000002,0.58399999999999996,0.32764121541273644,0.45253330840955258,1,0,0,123,True,0.0083384652860341562,False,False,-1.3475760776189629,1.6531130939443468,0.58186099999999996
1,915,-0.076485055225284065,0.497,0.51000000000000001,0.65437301120611613,0.46981322362444244,0,0,0,43,True,0.00916323045709223,False,False,0.00084786314457791824,1.1837821058171558,0.499774
0.84999999999999998,915,-0.51623513044327329,0.52737500000000004,0.53500000000000003,0.37690059879349441,0.49105542906853006,0,0,0,51,True,0.0088201101925227329,False,False,-0.29333850291300162,1.2098295592007686,0.52929400000000004
0.65000000000000002,915,-1.1191809368100416,0.55862500000000004,0.55700000000000005,0.79016912826976782,0.79297228860349256,0,0,0,61,True,0.0084293001142457108,False,False,-0.79834597969550514,1.3665569892860103,0.56369400000000003
0.5,915,-1.4567326605701072,0.582125,0.58599999999999997,0.024867824973658841,0.01829839230008163,1,0,0,82,True,0.008442621369782877,False,False,-1.3475760776189629,1.6531130939443468,0.58186099999999996
1,916,0.0059706869312036162,0.49187500000000001,0.51600000000000001,0.99858632838583727,0.14759977873666102,0,0,0,39,True,0.0080661710338015263,False,False,0.00084786314457791824,1.1837821058171558,0.499774
0.84999999999999998,916,-0.43204790054902753,0.53674999999999995,0.54200000000000004,0.82948324119453232,0.87598843303797591,0,0,0,56,True,0.0077602903967082908,False,False,-0.29333850291300162,1.2098295592007686,0.52929400000000004
0.65000000000000002,916,-1.0674878308026703,0.57012499999999999,0.57299999999999995,0.2804280242641779,0.27306088166387849,0,0,0,73,True,0.0082335240726594348,False,False,-0.79834597969550514,1.3665569892860103,0.56369400000000003
0.5,916,-1.3652935890664102,0.58174999999999999,0.58999999999999997,0.41398251855935364,0.48664181828557085,1,0,0,109,True,0.0085786779981726225,False,False,-1.3475760776189629,1.6531130939443468,0.58186099999999996
1,917,-0.030604542225509283,0.50787499999999997,0.52300000000000002,0.93553876966540161,0.91642436770406754,0,0,0,36,True,0.0081129425610793702,False,False,0.00084786314457791824,1.1837821058171558,0.499774
0.84999999999999998,917,-0.52855574294522778,0.53712499999999996,0.55900000000000005,0.4046175832154208,0.3465366396877731,0,0,0,57,True,0.0080590799039722653,False,False,-0.29333850291300162,1.2098295592007686,0.52929400000000004
0.65000000000000002,917,-1.2236646872471171,0.57225000000000004,0.59499999999999997,0.60658875799581058,0.65505549709579558,1,0,0,90,True,0.0083397740377250049,False,False,-0.79834597969550514,1.3665569892860103,0.56369400000000003
0.5,917,-1.5491476757291331,0.59587500000000004,0.61499999999999999,0.025875379277681809,0.019278909120196405,1,0,0,115,True,0.0083100681498055849,False,False,-1.3475760776189629,1.6531130939443468,0.58186099999999996
1,918,-0.034620644146098951,0.498,0.50600000000000001,0.80019676811953433,0.28345523505428366,0,0,0,42,True,0.0088477625871013644,False,False,0.00084786314457791824,1.1837821058171558,0.499774
0.84999999999999998,918,-0.49370469598988487,0.52137500000000003,0.54100000000000004,0.17983293063547168,0.1293890269719834,0,0,0,49,True,0.0087927261250780771,False,False,-0.29333850291300162,1.2098295592007686,0.52929400000000004
0.65000000000000002,918,-1.0731032845359243,0.56200000000000006,0.56299999999999994,0.17515456717806591,0.47580246143795513,1,0,0,106,True,0.0087726852577873337,False,False,-0.79834597969550514,1.3665569892860103,0.56369400000000003
0.5,918,-1.3961520201792144,0.58050000000000002,0.57199999999999995,0.11004820836256532,0.54487858904787723,1,0,0,122,True,0.008334581247127458,False,False,-1.3475760776189629,1.6531130939443468,0.58186099999999996
1,919,-0.0028753393869322087,0.50362499999999999,0.501,0.51339076280578033,0.5703412893723705,0,0,0,36,True,0.0082848104529878661,False,False,0.00084786314457791824,1.1837821058171558,0.499774
0.84999999999999998,919,-0.45803897730208942,0.53374999999999995,0.52900000000000003,0.59521092745618209,0.70149465368350694,0,0,0,48,True,0.0083211542298921495,False,False,-0.29333850291300162,1.2098295592007686,0.52929400000000004
0.65000000000000002,919,-1.0511377984548975,0.56587500000000002,0.54000000000000004,0.36836839453470255,0.56423934647102414,1,0,0,90,True,0.008362534437838633,False,False,-0.79834597969550514,1.3665569892860103,0.56369400000000003
0.5,919,-1.3765010523422367,0.58650000000000002,0.56699999999999995,0.50389131116922514,0.68313241438886663,1,0,0,106,True,0.0082401502511234171,False,False,-1.3475760776189629,1.6531130939443468,0.58186099999999996
1,920,-0.007016320118437008,0.49575000000000002,0.47099999999999997,0.76496193954725511,0.69636110413388164,0,0,0,44,True,0.0079343913779030637,False,False,0.00084786314457791824,1.1837821058171558,0.499774
0.84999999999999998,920,-0.50886431387605247,0.52662500000000001,0.51800000000000002,0.94404436305656914,0.87546537347094855,0,0,0,64,True,0.007828085524276095,False,False,-0.29333850291300162,1.2098295592007686,0.52929400000000004
0.65000000000000002,920,-1.1399965110294386,0.56325000000000003,0.56699999999999995,0.6973774200266889,0.34859450812768072,1,0,0,78,True,0.0082799988348976061,False,False,-0.79834597969550514,1.3665569892860103,0.56369400000000003
0.5,920,-1.4514538680162468,0.58762499999999995,0.59799999999999998,0.97032053397091422,0.9903795283235115,1,0,0,104,True,0.0082879183138251187,False,False,-1.3475760776189629,1.6531130939443468,0.58186099999999996
1,921,0.011469073112705265,0.4955,0.51200000000000001,0.90301631923833003,0.54110827049573695,0,0,0,49,True,0.0075945077573940705,False,False,0.00084786314457791824,1.1837821058171558,0.499774
0.84999999999999998,921,-0.46143057955998223,0.52524999999999999,0.52600000000000002,0.64837977843694306,0.41997627148009176,0,0,0,56,True,0.0079261410059720677,False,False,-0.29333850291300162,1.2098295592007686,0.52929400000000004
0.65000000000000002,921,-1.1183979079338859,0.56625000000000003,0.55600000000000005,0.53859116750586078,0.51119399864237147,0,0,0,72,True,0.0077537192009360847,False,False,-0.79834597969550514,1.3665569892860103,0.56369400000000003
0.5,921,-1.422193951590615,0.58587500000000003,0.59399999999999997,0.59600804580999334,0.75742051957471956,1,0,0,107,True,0.0081785205789588963,False,False,-1.3475760776189629,1.6531130939443468,0.58186099999999996
1,922,0.0014083636545659647,0.50424999999999998,0.51900000000000002,0.99506924184910961,0.95321749402016387,0,0,0,58,True,0.007914700968990003,False,False,0.00084786314457791824,1.1837821058171558,0.499774
0.84999999999999998,922,-0.47440656553656096,0.53874999999999995,0.55300000000000005,0.34503922037171819,0.23869619068823475,0,0,0,54,True,0.007883721733174193,False,False,-0.29333850291300162,1.2098295592007686,0.52929400000000004
0.65000000000000002,922,-1.0775725265605511,0.56687500000000002,0.56899999999999995,0.83695300674722806,0.95855590158948989,1,0,0,96,True,0.0084055563925037793,False,False,-0.79834597969550514,1.3665569892860103,0.56369400000000003
0.5,922,-1.4150656600306897,0.57987500000000003,0.56799999999999995,0.50374376775822638,0.66137403382396864,1,0,0,99,True,0.0089442672994635777,False,False,-1.3475760776189629,1.6531130939443468,0.58186099999999996
1,923,-0.063283188392280837,0.4945,0.49099999999999999,0.76996776741234074,0.13155477451943048,0,0,0,49,True,0.0082681482716625149,False,False,0.00084786314457791824,1.1837821058171558,0.499774
0.84999999999999998,923,-0.48782898742880065,0.53025,0.51100000000000001,0.998842973750517,0.96179004660835454,0,0,0,45,True,0.0083621993767092027,False,False,-0.29333850291300162,1.2098295592007686,0.52929400000000004
0.65000000000000002,923,-1.0498380593414196,0.57074999999999998,0.54200000000000004,0.75732417624410442,0.88366662564866882,1,0,0,109,True,0.0075331395561370959,False,False,-0.79834597969550514,1.3665569892860103,0.56369400000000003
0.5,923,-1.3270782385225199,0.58837499999999998,0.56799999999999995,0.38665520914793622,0.69119363359549268,1,0,0,194,True,0.0075929143835306257,False,False,-1.3475760776189629,1.6531130939443468,0.58186099999999996
1,924,0.036303534506124918,0.499,0.505,0.88469430017110418,0.65135163159552723,0,0,0,46,True,0.0097190023472448327,False,False,0.00084786314457791824,1.1837821058171558,0.499774
0.84999999999999998,924,-0.36766053245079616,0.52700000000000002,0.53100000000000003,0.60800858107389566,0.33542587512306643,0,0,0,70,True,0.0093130628777052474,False,False,-0.29333850291300162,1.2098295592007686,0.52929400000000004
0.65000000000000002,924,-0.90800569991993108,0.55600000000000005,0.55500000000000005,0.022331334848992038,0.030194614939454995,0,0,0,65,True,0.0090568651848881854,False,False,-0.79834597969550514,1.3665569892860103,0.56369400000000003
0.5,924,-1.2330489319658069,0.57762500000000006,0.58299999999999996,0.024949606366953033,0.034776678066201779,1,0,0,90,True,0.0088910177708174127,False,False,-1.3475760776189629,1.6531130939443468,0.58186099999999996
1,925,-0.011510027123952557,0.50112500000000004,0.49399999999999999,0.50768538941143615,0.1409477488412286,0,0,0,53,True,0.0085277736956886081,False,False,0.00084786314457791824,1.1837821058171558,0.499774
0.84999999999999998,925,-0.51323065689553804,0.52862500000000001,0.52900000000000003,0.23795559062098959,0.52161326287819576,0,0,0,61,True,0.0083282598022239238,False,False,-0.29333850291300162,1.2098295592007686,0.52929400000000004
0.65000000000000002,925,-1.0906421100376835,0.56437499999999996,0.57399999999999995,0.62800626591605657,0.62846423201242696,1,0,0,76,True,0.0086904289375420701,False,False,-0.79834597969550514,1.3665569892860103,0.56369400000000003
0.5,925,-1.3960678678073768,0.58299999999999996,0.60399999999999998,0.94944865256140953,0.97287618396024245,1,0,0,121,True,0.0086523201252675964,False,False,-1.3475760776189629,1.6531130939443468,0.58186099999999996
1,926,0.1006354364097356,0.49375000000000002,0.497,0.31595750238584258,0.34463212716292929,0,0,0,43,True,0.0088688752199598073,False,False,0.00084786314457791824,1.1837821058171558,0.499774
0.84999999999999998,926,-0.359706890368444,0.52462500000000001,0.52700000000000002,0.92547178647268713,0.92216792506785772,0,0,0,52,True,0.0091263459301904985,False,False,-0.29333850291300162,1.2098295592007686,0.52929400000000004
0.65000000000000002,926,-0.94403572504833544,0.56399999999999995,0.58099999999999996,0.56766078208894322,0.45467021391318385,1,0,1,88,True,0.0087943410561187388,False,False,-0.79834597969550514,1.3665569892860103,0.56369400000000003
0.5,926,-1.2951562630566031,0.58387500000000003,0.60099999999999998,0.35064005187429959,0.56937550666940928,1,0,0,153,True,0.0083955410230106588,False,False,-1.3475760776189629,1.6531130939443468,0.58186099999999996
1,927,0.094310757746361898,0.50237500000000002,0.501,0.11544209904116988,0.71870953848245689,0,0,0,45,True,0.0078409301296589375,False,False,0.00084786314457791824,1.1837821058171558,0.499774
0.84999999999999998,927,-0.44932532851928014,0.53525,0.54900000000000004,0.27714363742081688,0.16389307381116389,0,0,0,45,True,0.007995751407611754,False,False,-0.29333850291300162,1.2098295592007686,0.52929400000000004
0.65000000000000002,927,-1.1831141904999469,0.57025000000000003,0.58099999999999996,0.14946589425826548,0.42788666088581695,1,0,0,94,True,0.0086476013553144822,False,False,-0.79834597969550514,1.3665569892860103,0.56369400000000003
0.5,927,-1.6547474786101177,0.59037499999999998,0.61099999999999999,0.043890948681394738,0.089921867995102947,1,0,0,232,True,0.0082646232431323324,False,False,-1.3475760776189629,1.6531130939443468,0.58186099999999996
1,928,-0.053067783346951454,0.50112500000000004,0.498,0.47863725189045192,0.24466907445988695,0,0,0,50,True,0.0083997777385599222,False,False,0.00084786314457791824,1.1837821058171558,0.499774
0.84999999999999998,928,-0.6007191335589287,0.53137500000000004,0.51800000000000002,0.70026251350492452,0.71252329083815213,0,0,0,44,True,0.0084301430909368945,False,False,-0.29333850291300162,1.2098295592007686,0.52929400000000004
0.65000000000000002,928,-1.2504760876427625,0.56974999999999998,0.53200000000000003,0.12401129938297918,0.35921431381808905,1,0,0,77,True,0.0088578366325309885,False,False,-0.79834597969550514,1.3665569892860103,0.56369400000000003
0.5,928,-1.5899268261218722,0.59162499999999996,0.56999999999999995,0.74355809143245366,0.7556352263245486,1,0,0,177,True,0.0089571929469765225,False,False,-1.3475760776189629,1.6531130939443468,0.58186099999999996
1,929,-0.076168129667351897,0.50037500000000001,0.48999999999999999,0.31778710710337355,0.94269323191715093,0,0,0,53,True,0.0087124731497259088,False,False,0.00084786314457791824,1.1837821058171558,0.499774
0.84999999999999998,929,-0.47351063504956009,0.53125,0.53500000000000003,0.27385239779505294,0.46268896628738154,0,0,0,46,True,0.0087348407555996616,False,False,-0.29333850291300162,1.2098295592007686,0.52929400000000004
0.65000000000000002,929,-1.0265661365099374,0.56725000000000003,0.56999999999999995,0.72804112855004399,0.67386394568444019,1,0,0,78,True,0.0093548030420692024,False,False,-0.79834597969550514,1.3665569892860103,0.56369400000000003
0.5,929,-1.342245263353087,0.58299999999999996,0.58499999999999996,0.79044077527952794,0.77536802595268495,1,0,0,107,True,0.0088322194881578636,False,False,-1.3475760776189629,1.6531130939443468,0.58186099999999996
1,930,-0.066036070902634678,0.50924999999999998,0.495,0.55003935710029683,0.12964879458561862,0,0,0,44,True,0.0083744204725760066,False,False,0.00084786314457791824,1.1837821058171558,0.499774
0.84999999999999998,930,-0.57682812686797214,0.53774999999999995,0.53400000000000003,0.45249245941495836,0.32233695415395042,0,0,0,58,True,0.0088251754629409106,False,False,-0.29333850291300162,1.2098295592007686,0.52929400000000004
0.65000000000000002,930,-1.1371091182233732,0.56462500000000004,0.56999999999999995,0.43743823516786573,0.26404761387977049,0,0,0,71,True,0.0087333839011519108,False,False,-0.79834597969550514,1.3665569892860103,0.56369400000000003
0.5,930,-1.4374098788113967,0.58487500000000003,0.59099999999999997,0.43974911532473443,0.41378540849730688,1,0,0,114,True,0.008696673111232088,False,False,-1.3475760776189629,1.6531130939443468,0.58186099999999996
1,931,-0.052067360257936089,0.50462499999999999,0.47799999999999998,0.42995259509320877,0.86385337114819571,0,0,0,49,True,0.0077912766128682776,False,False,0.00084786314457791824,1.1837821058171558,0.499774
0.84999999999999998,931,-0.60549794177423799,0.53087499999999999,0.50700000000000001,0.43581818989252391,0.044645149198497408,0,0,0,48,True,0.0082222092137354784,False,False,-0.29333850291300162,1.2098295592007686,0.52929400000000004
0.65000000000000002,931,-1.1841620743457451,0.56799999999999995,0.56100000000000005,0.58753058431131566,0.60158918293982822,1,0,0,149,True,0.0087839958103733337,False,False,-0.79834597969550514,1.3665569892860103,0.56369400000000003
0.5,931,-1.4938846781476049,0.58525000000000005,0.58599999999999997,0.91239105203862747,0.77241968757192314,1,0,0,135,True,0.0087254367858245092,False,False,-1.3475760776189629,1.6531130939443468,0.58186099999999996
1,932,0.021861656861636401,0.48949999999999999,0.51100000000000001,0.30892120891854857,0.44869636750253694,0,0,0,42,True,0.0080023937387463506,False,False,0.00084786314457791824,1.1837821058171558,0.499774
0.84999999999999998,932,-0.48825775484674039,0.52575000000000005,0.52300000000000002,0.21725060241856736,0.46628109710624654,0,0,0,58,True,0.0080317616749367923,False,False,-0.29333850291300162,1.2098295592007686,0.52929400000000004
0.65000000000000002,932,-1.0976320182900581,0.5655,0.56799999999999995,0.055371519119383435,0.11286958626235649,0,0,0,65,True,0.0083721237175606589,False,False,-0.79834597969550514,1.3665569892860103,0.56369400000000003
0.5,932,-1.3775760326721733,0.58825000000000005,0.59399999999999997,0.81544745632339821,0.6169194771982115,1,0,0,99,True,0.0084273328557869197,False,False,-1.3475760776189629,1.6531130939443468,0.58186099999999996
1,933,-0.022815995250170654,0.50487499999999996,0.51700000000000002,0.93086790634857852,0.95749207581936202,0,0,0,60,True,0.0086668591564118529,False,False,0.00084786314457791824,1.1837821058171558,0.499774
0.84999999999999998,933,-0.42994551517035784,0.53174999999999994,0.54100000000000004,0.62877957254236794,0.50946195196654642,0,0,0,39,True,0.0084486503202518548,False,False,-0.29333850291300162,1.2098295592007686,0.52929400000000004
0.65000000000000002,933,-0.97769246265517817,0.56837499999999996,0.56499999999999995,0.32909334386183753,0.32716407474561315,0,0,0,66,True,0.0085278701812298505,False,False,-0.79834597969550514,1.3665569892860103,0.56369400000000003
0.5,933,-1.2465473267356224,0.58625000000000005,0.58399999999999996,0.53513797064645474,0.65987841751447318,1,0,0,137,True,0.008275932098872946,False,False,-1.3475760776189629,1.6531130939443468,0.58186099999999996
1,934,-0.10513614777859337,0.49475000000000002,0.48899999999999999,0.96587879735588611,0.35110788826767447,0,0,0,38,True,0.0081526073060404925,False,False,0.00084786314457791824,1.1837821058171558,0.499774
0.84999999999999998,934,-0.57853335027628017,0.53274999999999995,0.53600000000000003,0.2544201765340906,0.019876277680813344,0,0,0,62,True,0.0083689773143259937,False,False,-0.29333850291300162,1.2098295592007686,0.52929400000000004
0.65000000000000002,934,-1.1236465289048849,0.5665,0.54400000000000004,0.093378910665316131,0.087651900623235482,1,0,0,75,True,0.0083801401162231313,False,False,-0.79834597969550514,1.3665569892860103,0.56369400000000003
0.5,934,-1.4295660927731575,0.58425000000000005,0.56599999999999995,0.63490578475482073,0.4574418310162911,1,0,0,99,True,0.0077847019572299088,False,False,-1.3475760776189629,1.6531130939443468,0.58186099999999996
1,935,0.029427542455894976,0.49125000000000002,0.505,0.1521393395879618,0.78647533596445851,0,0,0,44,True,0.009125202310636002,False,False,0.00084786314457791824,1.1837821058171558,0.499774
0.84999999999999998,935,-0.49341612974912114,0.51824999999999999,0.51400000000000001,0.91034137981252516,0.71425011168630015,0,0,0,51,True,0.0090040015820725301,False,False,-0.29333850291300162,1.2098295592007686,0.52929400000000004
0.65000000000000002,935,-1.1029287420212674,0.55974999999999997,0.57299999999999995,0.87410410875564315,0.76691478090980603,1,0,0,78,True,0.0088051195095110949,False,False,-0.79834597969550514,1.3665569892860103,0.56369400000000003
0.5,935,-1.4453185844029253,0.57887500000000003,0.56799999999999995,0.70111862713077977,0.93454843578444402,0,0,0,72,True,0.0087332301945297168,False,False,-1.3475760776189629,1.6531130939443468,0.58186099999999996
1,936,-0.10190806179640195,0.49525000000000002,0.46700000000000003,0.089193669098975165,0.20848501813691281,0,0,0,50,True,0.0085710767260470701,False,False,0.00084786314457791824,1.1837821058171558,0.499774
0.84999999999999998,936,-0.54894516835787421,0.52562500000000001,0.52500000000000002,0.89396504719214587,0.52560422502421555,0,0,0,48,True,0.0090233184142198431,False,False,-0.29333850291300162,1.2098295592007686,0.52929400000000004
0.65000000000000002,936,-1.1738772128808204,0.56850000000000001,0.55500000000000005,0.4736167321324285,0.36172555946538393,1,0,0,90,True,0.0086867502916990573,False,False,-0.79834597969550514,1.3665569892860103,0.56369400000000003
0.5,936,-1.5132842361405114,0.58287500000000003,0.57899999999999996,0.63241859454214944,0.71364990912290638,1,0,0,84,True,0.0085618783115850011,False,False,-1.3475760776189629,1.6531130939443468,0.58186099999999996
1,937,0.043603613570099155,0.504,0.5,0.69306517395442058,0.55484443356156488,0,0,0,41,True,0.0083329486295456931,False,False,0.00084786314457791824,1.1837821058171558,0.499774
0.84999999999999998,937,-0.4657603740475188,0.53249999999999997,0.53300000000000003,0.37228008158250064,0.61022918115519142,0,0,0,45,True,0.0082325954183182018,False,False,-0.29333850291300162,1.2098295592007686,0.52929400000000004
0.65000000000000002,937,-1.1249003521439658,0.57737499999999997,0.57199999999999995,0.90118976251349048,0.97773610476292705,1,0,0,75,True,0.0079737110127625858,False,False,-0.79834597969550514,1.3665569892860103,0.56369400000000003
0.5,937,-1.5014244910021814,0.59312500000000001,0.57999999999999996,0.53177053567028276,0.48506524753981795,1,0,0,138,True,0.0082854110355555354,False,False,-1.3475760776189629,1.6531130939443468,0.58186099999999996
1,938,0.027147722107140667,0.49575000000000002,0.51400000000000001,0.25716405068466974,0.55162402338195649,1,1,1,79,True,0.0081723133948623048,False,False,0.00084786314457791824,1.1837821058171558,0.499774
0.84999999999999998,938,-0.45046585525854071,0.52900000000000003,0.54800000000000004,0.75886808586466559,0.79114067358028195,0,0,0,54,True,0.0080682161188244776,False,False,-0.29333850291300162,1.2098295592007686,0.52929400000000004
0.65000000000000002,938,-1.0136073804567594,0.56499999999999995,0.56699999999999995,0.47903425805538702,0.40878802590063568,1,0,0,90,True,0.007954781118859609,False,False,-0.79834597969550514,1.3665569892860103,0.56369400000000003
0.5,938,-1.2865855310986203,0.58174999999999999,0.56999999999999995,0.72424445245757263,0.40213015418480219,1,0,0,105,True,0.0082455295872555217,False,False,-1.3475760776189629,1.6531130939443468,0.58186099999999996
1,939,0.13666658800912249,0.50337500000000002,0.47499999999999998,0.4593753812684358,0.90685267476859188,0,0,0,41,True,0.0078608224145079886,False,False,0.00084786314457791824,1.1837821058171558,0.499774
0.84999999999999998,939,-0.38818950790084872,0.53112499999999996,0.51800000000000002,0.50011288908757656,0.19762489229862878,0,0,0,53,True,0.0075311857255975874,False,False,-0.29333850291300162,1.2098295592007686,0.52929400000000004
0.65000000000000002,939,-1.0578527005553635,0.56399999999999995,0.55600000000000005,0.82523668487193924,0.88241998821561551,1,0,0,77,True,0.0076469449368830435,False,False,-0.79834597969550514,1.3665569892860103,0.56369400000000003
0.5,939,-1.5552927749595362,0.58387500000000003,0.57699999999999996,0.77826097548471362,0.65044263702177552,1,0,0,103,True,0.008374646785256382,False,False,-1.3475760776189629,1.6531130939443468,0.58186099999999996
1,940,0.0392767180236646,0.503,0.498,0.96538036891762757,0.4461157699330609,0,0,0,59,True,0.0085408800303736349,False,False,0.00084786314457791824,1.1837821058171558,0.499774
0.84999999999999998,940,-0.48844381277156745,0.53374999999999995,0.51700000000000002,0.85224081804189034,0.67796943848634772,0,0,0,45,True,0.0085718580523963459,False,False,-0.29333850291300162,1.2098295592007686,0.52929400000000004
0.65000000000000002,940,-1.0608290249210857,0.57074999999999998,0.56399999999999995,0.19291393575897872,0.34106633812137249,1,0,0,95,True,0.0080357701130578663,False,False,-0.79834597969550514,1.3665569892860103,0.56369400000000003
0.5,940,-1.5490766089336503,0.59062499999999996,0.57999999999999996,0.20420913837718266,0.31165175066621637,1,0,0,267,True,0.007871486852547304,False,False,-1.3475760776189629,1.6531130939443468,0.58186099999999996
1,941,-0.0024079329191058056,0.50700000000000001,0.502,0.50701093649392837,0.70933633689436004,0,0,0,47,True,0.0084556376721354638,False,False,0.00084786314457791824,1.1837821058171558,0.499774
0.84999999999999998,941,-0.40829042770495155,0.53574999999999995,0.53900000000000003,0.4084464136703666,0.89555178592917428,0,0,0,57,True,0.008690109251828006,False,False,-0.29333850291300162,1.2098295592007686,0.52929400000000004
0.65000000000000002,941,-0.96086953489528903,0.57012499999999999,0.57199999999999995,0.95119861759136737,0.9490730256483747,1,0,0,85,True,0.0083359148118160378,False,False,-0.79834597969550514,1.3665569892860103,0.56369400000000003
0.5,941,-1.2445272198791595,0.57874999999999999,0.60499999999999998,0.89298157398169087,0.53995251460669302,1,0,0,99,True,0.0083394098713804286,False,False,-1.3475760776189629,1.6531130939443468,0.58186099999999996
1,942,-0.020621040023713122,0.49199999999999999,0.51800000000000002,0.55105584956724285,0.90679831107461584,0,0,0,32,True,0.0075178485083681476,False,False,0.00084786314457791824,1.1837821058171558,0.499774
0.84999999999999998,942,-0.44943140109974222,0.52424999999999999,0.53500000000000003,0.35957159303315717,0.22787239301116277,0,0,0,48,True,0.0076324606774243933,False,False,-0.29333850291300162,1.2098295592007686,0.52929400000000004
0.65000000000000002,942,-1.0138368146665586,0.55837499999999995,0.58199999999999996,0.18367445095020427,0.16419121428935943,1,0,0,81,True,0.0079944762842374551,False,False,-0.79834597969550514,1.3665569892860103,0.56369400000000003
0.5,942,-1.3004814025374067,0.57737499999999997,0.59499999999999997,0.66522928447052665,0.55147554459668502,1,0,0,100,True,0.0083431585012249815,False,False,-1.3475760776189629,1.6531130939443468,0.58186099999999996
1,943,-0.07528623478325458,0.50824999999999998,0.52700000000000002,0.41578340353579013,0.39304597915888273,0,0,0,59,True,0.0089509882093165138,False,False,0.00084786314457791824,1.1837821058171558,0.499774
0.84999999999999998,943,-0.59630856611250416,0.53800000000000003,0.56100000000000005,0.59753394419309558,0.89742228267955682,0,0,0,56,True,0.008783284491697501,False,False,-0.29333850291300162,1.2098295592007686,0.52929400000000004
0.65000000000000002,943,-1.2477472619599577,0.56987500000000002,0.58699999999999997,0.85929915385705602,0.90011793818713581,1,0,0,83,True,0.0089883509849075453,False,False,-0.79834597969550514,1.3665569892860103,0.56369400000000003
0.5,943,-1.5656878136727568,0.582125,0.59599999999999997,0.36170451611243065,0.42635082859510587,1,0,0,116,True,0.0089192294603199149,False,False,-1.3475760776189629,1.6531130939443468,0.58186099999999996
1,944,0.0092978587633933095,0.50112500000000004,0.51500000000000001,0.040324630514011889,0.12438094597124565,0,0,0,40,True,0.0084083296568209336,False,False,0.00084786314457791824,1.1837821058171558,0.499774
0.84999999999999998,944,-0.48754809547857103,0.53549999999999998,0.53800000000000003,0.35368509300691964,0.39613642078177203,0,0,0,52,True,0.008596244986507174,False,False,-0.29333850291300162,1.2098295592007686,0.52929400000000004
0.65000000000000002,944,-1.0797840613929273,0.56499999999999995,0.57099999999999995,0.055770795950953286,0.10588261551540315,1,0,0,104,True,0.0087913813128077927,False,False,-0.79834597969550514,1.3665569892860103,0.56369400000000003
0.5,944,-1.3974954086798983,0.58237499999999998,0.59099999999999997,0.049601724393362412,0.045108760604815272,1,0,0,105,True,0.0086183452135731829,False,False,-1.3475760776189629,1.6531130939443468,0.58186099999999996
1,945,-0.022769690578783471,0.49662499999999998,0.49299999999999999,0.58605287536305006,0.020377664072748051,0,0,0,38,True,0.0073390709290958216,False,False,0.00084786314457791824,1.1837821058171558,0.499774
0.84999999999999998,945,-0.53696805681841242,0.52812499999999996,0.54100000000000004,0.23185711074975288,0.0047804449852569498,0,0,0,41,True,0.0074954315510047448,False,False,-0.29333850291300162,1.2098295592007686,0.52929400000000004
0.65000000000000002,945,-1.0914691436884374,0.56212499999999999,0.56899999999999995,0.49861737484943924,0.39435692607447559,1,0,0,109,True,0.0083447383867468281,False,False,-0.79834597969550514,1.3665569892860103,0.56369400000000003
0.5,945,-1.424230836522103,0.57537499999999997,0.57899999999999996,0.7103146464615081,0.56122985607673603,1,0,0,116,True,0.0083704531495641353,False,False,-1.3475760776189629,1.6531130939443468,0.58186099999999996
1,946,-0.15243656406126935,0.50324999999999998,0.50800000000000001,0.84109278918523867,0.64144242070887325,0,0,0,50,True,0.0085419951094112823,False,False,0.00084786314457791824,1.1837821058171558,0.499774
0.84999999999999998,946,-0.57417321971861401,0.53225,0.53000000000000003,0.8919488724598541,0.78877721069808115,1,0,0,77,True,0.0087829681479726987,False,False,-0.29333850291300162,1.2098295592007686,0.52929400000000004
0.65000000000000002,946,-1.0835937021258466,0.56799999999999995,0.55400000000000005,0.1070088413433873,0.074543170294237113,1,1,1,140,True,0.0083084903846439261,False,False,-0.79834597969550514,1.3665569892860103,0.56369400000000003
0.5,946,-1.348709222323067,0.58337499999999998,0.56999999999999995,0.27159662459581324,0.11974702234338704,1,0,0,112,True,0.0080411503370435046,False,False,-1.3475760776189629,1.6531130939443468,0.58186099999999996
1,947,-0.062130941843797735,0.504,0.51400000000000001,0.27383535014633759,0.11203265762650425,0,0,0,43,True,0.0084895394793417095,False,False,0.00084786314457791824,1.1837821058171558,0.499774
0.84999999999999998,947,-0.50377298562211259,0.52949999999999997,0.54000000000000004,0.18784640219353715,0.11138471770046887,0,0,0,42,True,0.0082368820732890199,False,False,-0.29333850291300162,1.2098295592007686,0.52929400000000004
0.65000000000000002,947,-1.0752577805713033,0.56787500000000002,0.59099999999999997,0.90365129303973424,0.87113891065355986,1,0,0,90,True,0.0080591306884825326,False,False,-0.79834597969550514,1.3665569892860103,0.56369400000000003
0.5,947,-1.3487162458535527,0.58262499999999995,0.59699999999999998,0.099266221777170094,0.39319723399973588,1,0,0,124,True,0.0085664875326023574,False,False,-1.3475760776189629,1.6531130939443468,0.58186099999999996
1,948,-0.077140376355234935,0.49125000000000002,0.47999999999999998,0.49749271579909682,0.19235049315597444,0,0,0,39,True,0.0084935909769111428,False,False,0.00084786314457791824,1.1837821058171558,0.499774
0.84999999999999998,948,-0.55247164572164686,0.52575000000000005,0.52900000000000003,0.98348552154394864,0.74376221741040327,0,0,0,57,True,0.0082753964166577872,False,False,-0.29333850291300162,1.2098295592007686,0.52929400000000004
0.65000000000000002,948,-1.1560847046831677,0.56612499999999999,0.56599999999999995,0.37927187980966365,0.18470658309389223,1,0,0,104,True,0.0086405396972526437,False,False,-0.79834597969550514,1.3665569892860103,0.56369400000000003
0.5,948,-1.4848640304514806,0.58399999999999996,0.58799999999999997,0.92212754199307712,0.91943438236443575,1,0,0,135,True,0.0085689476646326704,False,False,-1.3475760776189629,1.6531130939443468,0.58186099999999996
1,949,0.05390483625679366,0.49525000000000002,0.51000000000000001,0.32253967982638809,0.30830390884275244,0,0,0,41,True,0.0082361444080178807,False,False,0.00084786314457791824,1.1837821058171558,0.499774
0.84999999999999998,949,-0.37485212137822638,0.52462500000000001,0.52600000000000002,0.37562594959153223,0.28111200617322363,0,0,0,48,True,0.0081602640082072166,False,False,-0.29333850291300162,1.2098295592007686,0.52929400000000004
0.65000000000000002,949,-0.9151030734153488,0.55887500000000001,0.56499999999999995,0.53522500438650378,0.27426912122163816,1,0,0,83,True,0.008212396997368197,False,False,-0.79834597969550514,1.3665569892860103,0.56369400000000003
0.5,949,-1.2153743377328976,0.57150000000000001,0.57599999999999996,0.57914840024285719,0.70262647569647518,1,0,0,75,True,0.0086346633355029075,False,False,-1.3475760776189629,1.6531130939443468,0.58186099999999996
1,950,-0.093975745846845843,0.4975,0.49099999999999999,0.96374637930755824,0.94626654745552852,0,0,0,43,True,0.0086757727985047172,False,False,0.00084786314457791824,1.1837821058171558,0.499774
0.84999999999999998,950,-0.53565116286296155,0.52175000000000005,0.52400000000000002,0.65934809447210541,0.50398740729867242,0,0,0,46,True,0.0086399616531606539,False,False,-0.29333850291300162,1.2098295592007686,0.52929400000000004
0.65000000000000002,950,-1.1588843116166492,0.55600000000000005,0.53500000000000003,0.25562636946941297,0.24719943278240072,0,0,0,65,True,0.0083993735809862521,False,False,-0.79834597969550514,1.3665569892860103,0.56369400000000003
0.5,950,-1.4813632742860172,0.58037499999999997,0.55300000000000005,0.36608621033896721,0.20974148152068228,1,0,0,119,True,0.0084738353962572083,False,False,-1.3475760776189629,1.6531130939443468,0.58186099999999996
1,951,0.05394017542530577,0.49562499999999998,0.48599999999999999,0.66591476890099266,0.15006739869338451,0,0,0,63,True,0.0085831735287145699,False,False,0.00084786314457791824,1.1837821058171558,0.499774
0.84999999999999998,951,-0.4484039171779915,0.53174999999999994,0.52000000000000002,0.55559880390363692,0.41563536972667192,0,0,0,50,True,0.0087274824808500993,False,False,-0.29333850291300162,1.2098295592007686,0.52929400000000004
0.65000000000000002,951,-1.0348164011940504,0.56587500000000002,0.55400000000000005,0.58581999489557657,0.87193172680570696,0,0,0,61,True,0.008616748937518983,False,False,-0.79834597969550514,1.3665569892860103,0.56369400000000003
0.5,951,-1.4602051928531199,0.58487500000000003,0.59399999999999997,0.36042879552763768,0.41371339726689094,1,0,0,142,True,0.0087989910575315827,False,False,-1.3475760776189629,1.6531130939443468,0.58186099999999996
1,952,0.0023075426126432305,0.50324999999999998,0.52000000000000002,0.96179153394229244,0.69786645551586979,0,0,0,35,True,0.0082780043777390313,False,False,0.00084786314457791824,1.1837821058171558,0.499774
0.84999999999999998,952,-0.43118613237021369,0.52487499999999998,0.53700000000000003,0.0066328083904897131,0.0022189318037469426,0,0,0,46,True,0.0078732539229257811,False,False,-0.29333850291300162,1.2098295592007686,0.52929400000000004
0.65000000000000002,952,-1.0680352804323203,0.55462500000000003,0.56100000000000005,0.5375809470016264,0.24764863712585405,0,0,0,52,True,0.007757342859410766,False,False,-0.79834597969550514,1.3665569892860103,0.56369400000000003
0.5,952,-1.3722988090671064,0.56937499999999996,0.56100000000000005,0.54584724608781965,0.30741418368109569,0,0,0,74,True,0.0080649907076045212,False,False,-1.3475760776189629,1.6531130939443468,0.58186099999999996
1,953,0.042505621012701486,0.50712500000000005,0.501,0.68731914875286959,0.7295368284850996,0,0,0,42,True,0.0085840921862191197,False,False,0.00084786314457791824,1.1837821058171558,0.499774
0.84999999999999998,953,-0.4557026476517223,0.53400000000000003,0.52900000000000003,0.61220811315136048,0.7931950469198813,0,0,0,61,True,0.008756798200691222,False,False,-0.29333850291300162,1.2098295592007686,0.52929400000000004
0.65000000000000002,953,-1.0014843591969473,0.57087500000000002,0.56499999999999995,0.86836423650757311,0.57198646884937498,1,0,0,92,True,0.0083827949369437126,False,False,-0.79834597969550514,1.3665569892860103,0.56369400000000003
0.5,953,-1.3459212720719265,0.58450000000000002,0.57499999999999996,0.97311268652954952,0.91476541138446699,1,0,0,108,True,0.0082905287547606499,False,False,-1.3475760776189629,1.6531130939443468,0.58186099999999996
1,954,-0.12013885289654157,0.50637500000000002,0.51600000000000001,0.93724673538205605,0.48704491584846121,0,0,0,53,True,0.008950446499637419,False,False,0.00084786314457791824,1.1837821058171558,0.499774
0.84999999999999998,954,-0.59371285816189057,0.53774999999999995,0.54600000000000004,0.67180163529294989,0.35462035549595516,0,0,0,47,True,0.0089082581912178216,False,False,-0.29333850291300162,1.2098295592007686,0.52929400000000004
0.65000000000000002,954,-1.1822914557584425,0.56774999999999998,0.57599999999999996,0.85337427047074566,0.74790640505713091,1,0,0,91,True,0.0084299930247179796,False,False,-0.79834597969550514,1.3665569892860103,0.56369400000000003
0.5,954,-1.4966750513244398,0.58962499999999995,0.60699999999999998,0.32587757302949855,0.65537719176471032,1,0,0,108,True,0.008799514410065986,False,False,-1.3475760776189629,1.6531130939443468,0.58186099999999996
1,955,0.042119794855588234,0.501,0.51200000000000001,0.66923543073052127,0.50443014999616143,0,0,0,35,True,0.0086827257267886523,False,False,0.00084786314457791824,1.1837821058171558,0.499774
0.84999999999999998,955,-0.45966501365113382,0.52912499999999996,0.54800000000000004,0.60304647890035268,0.29938153245082644,0,0,0,49,True,0.0085237764462560792,False,False,-0.29333850291300162,1.2098295592007686,0.52929400000000004
0.65000000000000002,955,-1.150572005836948,0.55637499999999995,0.57599999999999996,0.22005214425458652,0.10711541679143989,0,0,0,53,True,0.0082552512285806543,False,False,-0.79834597969550514,1.3665569892860103,0.56369400000000003
0.5,955,-1.4638355164826964,0.56987500000000002,0.57099999999999995,0.51514884262524174,0.61373510652792207,1,0,0,105,True,0.0079259948034914214,False,False,-1.3475760776189629,1.6531130939443468,0.58186099999999996
1,956,-0.079578700221552626,0.483875,0.502,0.81587787234273479,0.71444095026904608,0,0,0,52,True,0.0080525451869585471,False,False,0.00084786314457791824,1.1837821058171558,0.499774
0.84999999999999998,956,-0.61676670153676094,0.513625,0.51400000000000001,0.88269258661410821,0.85908186203131098,0,0,0,40,True,0.0080251476828775217,False,False,-0.29333850291300162,1.2098295592007686,0.52929400000000004
0.65000000000000002,956,-1.2767886225273133,0.5575,0.55500000000000005,0.26033370455644417,0.2474550507228909,0,0,0,53,True,0.0077882592869958182,False,False,-0.79834597969550514,1.3665569892860103,0.56369400000000003
0.5,956,-1.6463196756143852,0.57799999999999996,0.59199999999999997,0.77572265932567308,0.71009519662147702,1,0,0,103,True,0.0085430411473789384,False,False,-1.3475760776189629,1.6531130939443468,0.58186099999999996
1,957,0.016978994677518646,0.49125000000000002,0.501,0.49292702807135691,0.76469760684922228,0,0,0,36,True,0.0087883997248699979,False,False,0.00084786314457791824,1.1837821058171558,0.499774
0.84999999999999998,957,-0.42908865515953776,0.52287499999999998,0.51600000000000001,0.38588144162488053,0.22688064634369415,0,0,0,46,True,0.0082100194293382063,False,False,-0.29333850291300162,1.2098295592007686,0.52929400000000004
0.65000000000000002,957,-1.0674406440931017,0.56112499999999998,0.56100000000000005,0.82331291811399376,0.64049847522245884,1,0,0,93,True,0.0079588956874129153,False,False,-0.79834597969550514,1.3665569892860103,0.56369400000000003
0.5,957,-1.4582006212302145,0.57950000000000002,0.57899999999999996,0.83072075960757985,0.73799281712185794,1,0,0,152,True,0.0081793475966493809,False,False,-1.3475760776189629,1.6531130939443468,0.58186099999999996
1,958,0.039049724994819936,0.50187499999999996,0.495,0.6895125250159857,0.99231291429918533,0,0,0,52,True,0.0085755854269168996,False,False,0.00084786314457791824,1.1837821058171558,0.499774
0.84999999999999998,958,-0.38744885551219704,0.53137500000000004,0.54200000000000004,0.94054771494318223,0.99696820959090271,0,0,0,56,True,0.0084516516158159877,False,False,-0.29333850291300162,1.2098295592007686,0.52929400000000004
0.65000000000000002,958,-0.95806501360647089,0.56874999999999998,0.57399999999999995,0.47134351502539351,0.52274964960783554,0,0,0,70,True,0.0079683447644451118,False,False,-0.79834597969550514,1.3665569892860103,0.56369400000000003
0.5,958,-1.2835930241143987,0.59112500000000001,0.58799999999999997,0.70809592113880193,0.59445402625082666,1,0,0,161,True,0.0084950868986581659,False,False,-1.3475760776189629,1.6531130939443468,0.58186099999999996
1,959,-0.039830494361386276,0.50362499999999999,0.49199999999999999,0.29275074206870905,0.03311594822106731,0,0,0,37,True,0.0091488049856986945,False,False,0.00084786314457791824,1.1837821058171558,0.499774
0.84999999999999998,959,-0.50388642115179194,0.53274999999999995,0.52900000000000003,0.016699516313155555,0.052228053197747759,0,0,0,48,True,0.0087385753085141519,False,False,-0.29333850291300162,1.2098295592007686,0.52929400000000004
0.65000000000000002,959,-1.0752964356973314,0.56587500000000002,0.55000000000000004,0.14639072009390952,0.070755129839918662,0,0,0,61,True,0.0080032947115085337,False,False,-0.79834597969550514,1.3665569892860103,0.56369400000000003
0.5,959,-1.3748735911020979,0.58299999999999996,0.54100000000000004,0.41333711512995663,0.18500713538702815,1,0,0,120,True,0.0075308097620073637,False,False,-1.3475760776189629,1.6531130939443468,0.58186099999999996
1,960,0.060687129221669606,0.49037500000000001,0.498,0.95166459975948636,0.22453753185569261,0,0,0,36,True,0.0081705344525232898,False,False,0.00084786314457791824,1.1837821058171558,0.499774
0.84999999999999998,960,-0.41297565131081099,0.52649999999999997,0.54200000000000004,0.88557823288098503,0.3018323418815323,0,0,0,40,True,0.0080465822290058126,False,False,-0.29333850291300162,1.2098295592007686,0.52929400000000004
0.65000000000000002,960,-1.0373235239934704,0.56274999999999997,0.57599999999999996,0.36474713890361488,0.33176634010184708,0,0,0,57,True,0.0081913343269884014,False,False,-0.79834597969550514,1.3665569892860103,0.56369400000000003
0.5,960,-1.3696151103236174,0.57974999999999999,0.59699999999999998,0.72638610595158593,0.79477006888452884,1,0,0,82,True,0.0085081706055954113,False,False,-1.3475760776189629,1.6531130939443468,0.58186099999999996
1,961,0.055657568298053309,0.503,0.53000000000000003,0.99903626517471777,0.90815469618308786,0,0,0,39,True,0.0080841724718063168,False,False,0.00084786314457791824,1.1837821058171558,0.499774
0.84999999999999998,961,-0.42170659987514164,0.53412499999999996,0.56599999999999995,0.64975170420040751,0.35777196593138233,0,0,0,63,True,0.008123778607338648,False,False,-0.29333850291300162,1.2098295592007686,0.52929400000000004
0.65000000000000002,961,-0.97909046482117168,0.56625000000000003,0.58999999999999997,0.88421177735505352,0.96219339645722457,1,0,0,100,True,0.0081915542454167149,False,False,-0.79834597969550514,1.3665569892860103,0.56369400000000003
0.5,961,-1.2571812152415065,0.58437499999999998,0.59999999999999998,0.4379305519667816,0.77350213840353366,1,0,0,112,True,0.0075709582301594644,False,False,-1.3475760776189629,1.6531130939443468,0.58186099999999996
1,962,-0.060887875323354393,0.50512500000000005,0.53100000000000003,0.63798980966092278,0.53534612634854795,0,0,0,54,True,0.0081062586935044898,False,False,0.00084786314457791824,1.1837821058171558,0.499774
0.84999999999999998,962,-0.53191469979104999,0.53162500000000001,0.54000000000000004,0.016858092018211045,0.094094600740879955,1,0,0,83,True,0.0078135064325075398,False,False,-0.29333850291300162,1.2098295592007686,0.52929400000000004
0.65000000000000002,962,-1.2152524264406741,0.56787500000000002,0.57199999999999995,0.84739201679674747,0.95501007719834807,0,0,0,74,True,0.0083653730332310591,False,False,-0.79834597969550514,1.3665569892860103,0.56369400000000003
0.5,962,-1.5295585420184588,0.58837499999999998,0.58999999999999997,0.87470291571804271,0.8907697708168919,1,0,0,191,True,0.0086788093619642806,False,False,-1.3475760776189629,1.6531130939443468,0.58186099999999996
1,963,0.0050747830347049215,0.5,0.48599999999999999,0.25847866490593441,0.73422329813254716,0,0,0,42,True,0.0081473230702923151,False,False,0.00084786314457791824,1.1837821058171558,0.499774
0.84999999999999998,963,-0.501465098085214,0.53662500000000002,0.54000000000000004,0.04191361350108478,0.13125680621002464,0,0,0,43,True,0.0076939867624761463,False,False,-0.29333850291300162,1.2098295592007686,0.52929400000000004
0.65000000000000002,963,-1.0603053122798232,0.57437499999999997,0.59999999999999998,0.21358378512787191,0.33699915187059604,1,0,0,99,True,0.0080917763674033562,False,False,-0.79834597969550514,1.3665569892860103,0.56369400000000003
0.5,963,-1.4133568030199299,0.59062499999999996,0.622,0.15209022541519507,0.046246566373396178,1,0,0,158,True,0.0085425156579419081,False,False,-1.3475760776189629,1.6531130939443468,0.58186099999999996
1,964,0.19593693560606323,0.50262499999999999,0.505,0.47232070756915956,0.16581378158268489,0,0,0,38,True,0.0089687817489348658,False,False,0.00084786314457791824,1.1837821058171558,0.499774
0.84999999999999998,964,-0.58916730416684859,0.53987499999999999,0.53300000000000003,0.31218295045025091,0.21350994269980281,0,0,0,52,True,0.0088453712380265545,False,False,-0.29333850291300162,1.2098295592007686,0.52929400000000004
0.65000000000000002,964,-1.3676660428061254,0.57487500000000002,0.55200000000000005,0.10966418052969354,0.075412419921932067,1,0,0,136,True,0.0093420473582363373,False,False,-0.79834597969550514,1.3665569892860103,0.56369400000000003
0.5,964,-1.7376938958392869,0.59062499999999996,0.57099999999999995,0.86045946613242652,0.86260453281821681,1,0,0,108,True,0.0090883165566636847,False,False,-1.3475760776189629,1.6531130939443468,0.58186099999999996
1,965,-0.10030993539609644,0.4975,0.47999999999999998,0.38923147014679121,0.56779950477764063,0,0,0,43,True,0.0082596993794670347,False,False,0.00084786314457791824,1.1837821058171558,0.499774
0.84999999999999998,965,-0.54297345797439833,0.53662500000000002,0.51300000000000001,0.50509388489731044,0.29892882885639449,0,0,0,52,True,0.0083946989150286665,False,False,-0.29333850291300162,1.2098295592007686,0.52929400000000004
0.65000000000000002,965,-1.1467063566229769,0.57087500000000002,0.54800000000000004,0.60806239519016769,0.59135638457778017,1,0,0,83,True,0.0081340687976400941,False,False,-0.79834597969550514,1.3665569892860103,0.56369400000000003
0.5,965,-1.4364239339719456,0.58350000000000002,0.57499999999999996,0.042381687517319744,0.037059870866335234,1,0,0,150,True,0.0081175090936645468,False,False,-1.3475760776189629,1.6531130939443468,0.58186099999999996
1,966,-0.13489978118460219,0.50612500000000005,0.51700000000000002,0.49160205830602377,0.77407999185304688,0,0,0,57,True,0.0081180371325762727,False,False,0.00084786314457791824,1.1837821058171558,0.499774
0.84999999999999998,966,-0.57907487345945075,0.53349999999999997,0.54900000000000004,0.37558681725924126,0.2144204501367748,0,0,0,69,True,0.0081466251009385017,False,False,-0.29333850291300162,1.2098295592007686,0.52929400000000004
0.65000000000000002,966,-1.1685122542850257,0.57125000000000004,0.58099999999999996,0.96722785539390799,0.92902043565283332,0,0,0,63,True,0.007800851769599766,False,False,-0.79834597969550514,1.3665569892860103,0.56369400000000003
0.5,966,-1.5003739465947998,0.58462499999999995,0.60099999999999998,0.36085226114225205,0.39952867431318262,1,0,0,82,True,0.0080800551232725337,False,False,-1.3475760776189629,1.6531130939443468,0.58186099999999996
1,967,0.067255045740371375,0.49612499999999998,0.48599999999999999,0.14239736862113161,0.89336506266856086,0,0,0,40,True,0.0085770824311117051,False,False,0.00084786314457791824,1.1837821058171558,0.499774
0.84999999999999998,967,-0.45926007232924687,0.52800000000000002,0.52000000000000002,0.28725922010377741,0.67417599444873733,0,0,0,55,True,0.0083911216722400116,False,False,-0.29333850291300162,1.2098295592007686,0.52929400000000004
0.65000000000000002,967,-1.1259005607557913,0.56799999999999995,0.55000000000000004,0.2936261941910035,0.14411417432487039,1,0,0,124,True,0.0084857873363611298,False,False,-0.79834597969550514,1.3665569892860103,0.56369400000000003
0.5,967,-1.4465407207890757,0.58350000000000002,0.55700000000000005,0.15031820302610951,0.15859993908252074,1,0,0,135,True,0.0082738685339414884,False,False,-1.3475760776189629,1.6531130939443468,0.58186099999999996
1,968,0.01974364315877266,0.50924999999999998,0.48099999999999998,0.61387323490391932,0.96370667616202343,0,0,0,47,True,0.0088981320476501768,False,False,0.00084786314457791824,1.1837821058171558,0.499774
0.84999999999999998,968,-0.52189097133608298,0.53725000000000001,0.52400000000000002,0.55550263988667969,0.77310403807007477,0,0,0,70,True,0.0086252415659791686,False,False,-0.29333850291300162,1.2098295592007686,0.52929400000000004
0.65000000000000002,968,-1.1926128648556475,0.56337499999999996,0.55800000000000005,0.61750876435446056,0.50219720771348753,1,0,0,81,True,0.008323416661394089,False,False,-0.79834597969550514,1.3665569892860103,0.56369400000000003
0.5,968,-1.5059087098975499,0.58262499999999995,0.59099999999999997,0.50553662491935869,0.45798016759834259,1,0,0,146,True,0.0088463449924105104,False,False,-1.3475760776189629,1.6531130939443468,0.58186099999999996
1,969,-0.021098791913414398,0.49075000000000002,0.502,0.18965031099359306,0.53523314137459355,0,0,0,47,True,0.0081182928286790967,False,False,0.00084786314457791824,1.1837821058171558,0.499774
0.84999999999999998,969,-0.48808973731302618,0.52749999999999997,0.51400000000000001,0.15506200497814709,0.089941217551413988,0,0,0,48,True,0.0080461940000117003,False,False,-0.29333850291300162,1.2098295592007686,0.52929400000000004
0.65000000000000002,969,-1.0917773986541903,0.56762500000000005,0.56699999999999995,0.10528400171863812,0.14790250723228221,1,0,0,90,True,0.008267796610863045,False,False,-0.79834597969550514,1.3665569892860103,0.56369400000000003
0.5,969,-1.432184470817488,0.59037499999999998,0.59099999999999997,0.45494156463351948,0.84507302164416864,1,0,0,98,True,0.0085544473737609039,False,False,-1.3475760776189629,1.6531130939443468,0.58186099999999996
1,970,-0.086161887836760181,0.49675000000000002,0.48699999999999999,0.45548916540762974,0.80019345566603117,0,0,0,65,True,0.0084510982169198751,False,False,0.00084786314457791824,1.1837821058171558,0.499774
0.84999999999999998,970,-0.71745261370651625,0.52825,0.52100000000000002,0.50657683818267274,0.22428386043467521,0,0,0,54,True,0.008195439242255664,False,False,-0.29333850291300162,1.2098295592007686,0.52929400000000004
0.65000000000000002,970,-1.3984058217333197,0.5595,0.56000000000000005,0.78842356320206075,0.64547187323892374,0,0,0,57,True,0.0085423449319501719,False,False,-0.79834597969550514,1.3665569892860103,0.56369400000000003
0.5,970,-1.7510486510587449,0.57599999999999996,0.57699999999999996,0.28643241997044505,0.30934178775126581,1,0,0,93,True,0.0085017804873945575,False,False,-1.3475760776189629,1.6531130939443468,0.58186099999999996
1,971,-0.0067010565799027139,0.50137500000000002,0.50700000000000001,0.21516704417517765,0.32090070111899893,0,0,0,44,True,0.0089114938505050287,False,False,0.00084786314457791824,1.1837821058171558,0.499774
0.84999999999999998,971,-0.56477170645636932,0.52200000000000002,0.53800000000000003,0.86334488788349373,0.30765985063776313,0,0,0,51,True,0.0088601509079059507,False,False,-0.29333850291300162,1.2098295592007686,0.52929400000000004
0.65000000000000002,971,-1.2620597111956469,0.56100000000000005,0.57499999999999996,0.95733784467426652,0.75899248606417202,1,0,0,99,True,0.0088599011504137924,False,False,-0.79834597969550514,1.3665569892860103,0.56369400000000003
0.5,971,-1.8620298177469896,0.58074999999999999,0.57699999999999996,0.4530850171015865,0.80517531006106169,1,0,0,106,True,0.00923939882809462,False,False,-1.3475760776189629,1.6531130939443468,0.58186099999999996
1,972,-0.29216681850968046,0.49887500000000001,0.49199999999999999,0.60696340214409572,0.73454746788912417,0,0,0,33,True,0.007731848946522301,False,False,0.00084786314457791824,1.1837821058171558,0.499774
0.84999999999999998,972,-0.84655121882852125,0.53162500000000001,0.52100000000000002,0.70086891385037298,0.20607380850632689,0,0,0,60,True,0.0078086245553310009,False,False,-0.29333850291300162,1.2098295592007686,0.52929400000000004
0.65000000000000002,972,-1.4768410775975001,0.57012499999999999,0.56499999999999995,0.20721119320973194,0.11331476114740906,1,0,0,124,True,0.0077066812031376022,False,False,-0.79834597969550514,1.3665569892860103,0.56369400000000003
0.5,972,-1.8134048965043135,0.58487500000000003,0.57999999999999996,0.71554626900315532,0.50200540474256627,1,0,0,248,True,0.0079984702692653016,False,False,-1.3475760776189629,1.6531130939443468,0.58186099999999996
1,973,0.018441787189687159,0.49937500000000001,0.48099999999999998,0.34320991490053443,0.14946062054340534,0,0,0,39,True,0.0086733772720303717,False,False,0.00084786314457791824,1.1837821058171558,0.499774
0.84999999999999998,973,-0.44321710750966015,0.53062500000000001,0.52400000000000002,0.63465999577082144,0.63784054483383179,0,0,0,47,True,0.0084808924488719538,False,False,-0.29333850291300162,1.2098295592007686,0.52929400000000004
0.65000000000000002,973,-1.0460717373954349,0.56574999999999998,0.56799999999999995,0.48519537404482616,0.33640423629080141,0,0,0,68,True,0.0083122120404382563,False,False,-0.79834597969550514,1.3665569892860103,0.56369400000000003
0.5,973,-1.3593481241518095,0.57999999999999996,0.58999999999999997,0.9009309192719912,0.73448242766393701,1,0,0,130,True,0.0086909873547434437,False,False,-1.3475760776189629,1.6531130939443468,0.58186099999999996
1,974,0.009666800294345192,0.503,0.499,0.87870555957469143,0.96634752365500676,0,0,0,42,True,0.0082478415951527089,False,False,0.00084786314457791824,1.1837821058171558,0.499774
0.84999999999999998,974,-0.49680315031586053,0.52524999999999999,0.54300000000000004,0.37224129770709175,0.26987155375592364,0,0,0,55,True,0.0084442361759722688,False,False,-0.29333850291300162,1.2098295592007686,0.52929400000000004
0.65000000000000002,974,-1.2505813125530125,0.56499999999999995,0.58599999999999997,0.69579410978567546,0.66813539390705834,1,0,0,78,True,0.0084008069502658506,False,False,-0.79834597969550514,1.3665569892860103,0.56369400000000003
0.5,974,-1.6502810661923077,0.58499999999999996,0.59999999999999998,0.70845780696456728,0.75506807065527903,1,0,0,94,True,0.008831712542627124,False,False,-1.3475760776189629,1.6531130939443468,0.58186099999999996
1,975,-0.030029046992546361,0.50424999999999998,0.50600000000000001,0.16015182110749379,0.38925576209751594,0,0,0,40,True,0.0081167068759075544,False,False,0.00084786314457791824,1.1837821058171558,0.499774
0.84999999999999998,975,-0.54138040715864832,0.53649999999999998,0.53700000000000003,0.33483738850042066,0.36996667349335632,0,0,0,45,True,0.0082188417179561504,False,False,-0.29333850291300162,1.2098295592007686,0.52929400000000004
0.65000000000000002,975,-1.1127581669104252,0.56512499999999999,0.55800000000000005,0.24753066808904814,0.12779913549948743,1,0,0,86,True,0.0081860078913594276,False,False,-0.79834597969550514,1.3665569892860103,0.56369400000000003
0.5,975,-1.4659703495412999,0.58650000000000002,0.58999999999999997,0.94465573646809253,0.88749416163329442,1,0,0,197,True,0.0085956359887579478,False,False,-1.3475760776189629,1.6531130939443468,0.58186099999999996
1,976,0.13145376384793436,0.50537500000000002,0.5,0.39160289194261722,0.20411674817296765,0,0,0,42,True,0.0084785873989222087,False,False,0.00084786314457791824,1.1837821058171558,0.499774
0.84999999999999998,976,-0.39424381856078838,0.53949999999999998,0.52700000000000002,0.15152370021742262,0.77396515797302223,0,0,0,73,True,0.0091609093597889851,False,False,-0.29333850291300162,1.2098295592007686,0.52929400000000004
0.65000000000000002,976,-1.0509561557151286,0.573125,0.55700000000000005,0.73571796287919988,0.4740585605383324,1,0,0,104,True,0.009014289997078399,False,False,-0.79834597969550514,1.3665569892860103,0.56369400000000003
0.5,976,-1.3314483995916544,0.58362499999999995,0.57099999999999995,0.97270700617402572,0.98513388025062432,1,0,0,115,True,0.0086319176977401012,False,False,-1.3475760776189629,1.6531130939443468,0.58186099999999996
1,977,-0.068309710186719677,0.50087499999999996,0.50600000000000001,0.91740492096998139,0.47427216939994155,0,0,0,48,True,0.0093779055331639251,False,False,0.00084786314457791824,1.1837821058171558,0.499774
0.84999999999999998,977,-0.51241860253662663,0.53100000000000003,0.54300000000000004,0.69104402377523277,0.93950582984320219,0,0,0,41,True,0.0091908861706680757,False,False,-0.29333850291300162,1.2098295592007686,0.52929400000000004
0.65000000000000002,977,-1.0866598202834559,0.55487500000000001,0.58399999999999996,0.62231314111660985,0.57695106565950005,0,0,0,59,True,0.0087354483147119751,False,False,-0.79834597969550514,1.3665569892860103,0.56369400000000003
0.5,977,-1.4225694800488842,0.57250000000000001,0.60399999999999998,0.96727624165784232,0.90550226200022532,1,0,0,87,True,0.008391198516969154,False,False,-1.3475760776189629,1.6531130939443468,0.58186099999999996
1,978,0.085594821395765935,0.49912499999999999,0.49099999999999999,0.28363416861318064,0.43587775698852621,0,0,0,54,True,0.0086962730822730365,False,False,0.00084786314457791824,1.1837821058171558,0.499774
0.84999999999999998,978,-0.50302605952865764,0.52837500000000004,0.51800000000000002,0.78512756354645263,0.56097768145282823,0,0,0,63,True,0.0088459078379410343,False,False,-0.29333850291300162,1.2098295592007686,0.52929400000000004
0.65000000000000002,978,-1.087468928424532,0.55887500000000001,0.54900000000000004,0.68161336959734309,0.77864435773054907,0,0,0,55,True,0.0089199431359359461,False,False,-0.79834597969550514,1.3665569892860103,0.56369400000000003
0.5,978,-1.4255796168732162,0.58612500000000001,0.58699999999999997,0.56449652778828874,0.60545609336572181,1,0,0,114,True,0.0085111278696017277,False,False,-1.3475760776189629,1.6531130939443468,0.58186099999999996
1,979,-0.081092976085179222,0.4965,0.48599999999999999,0.33442440059960804,0.86166385308424931,0,0,0,53,True,0.0089038323178735335,False,False,0.00084786314457791824,1.1837821058171558,0.499774
0.84999999999999998,979,-0.5946320938130969,0.53212499999999996,0.51800000000000002,0.53068893545608042,0.4727020749579115,0,0,0,47,True,0.0089996343840391835,False,False,-0.29333850291300162,1.2098295592007686,0.52929400000000004
0.65000000000000002,979,-1.2044516646135512,0.56337499999999996,0.54700000000000004,0.58418541904434662,0.66093223937458723,1,0,0,91,True,0.0085862428148396914,False,False,-0.79834597969550514,1.3665569892860103,0.56369400000000003
0.5,979,-1.5381292803765934,0.583125,0.57199999999999995,0.62393175065054307,0.85035290324495938,1,0,0,126,True,0.0085580923509032403,False,False,-1.3475760776189629,1.6531130939443468,0.58186099999999996
1,980,-0.12616272087175351,0.49425000000000002,0.48799999999999999,0.22108926720216032,0.06706704722369973,0,0,0,58,True,0.0086361539653793031,False,False,0.00084786314457791824,1.1837821058171558,0.499774
0.84999999999999998,980,-0.60116288008222585,0.52875000000000005,0.52400000000000002,0.30750104091138269,0.35283007278005762,0,0,0,45,True,0.0084351028792678581,False,False,-0.29333850291300162,1.2098295592007686,0.52929400000000004
0.65000000000000002,980,-1.2117208717678181,0.56637499999999996,0.56200000000000006,0.15993429785878308,0.054331065336901525,1,0,0,87,True,0.0088269948571478782,False,False,-0.79834597969550514,1.3665569892860103,0.56369400000000003
0.5,980,-1.5690984995355557,0.57974999999999999,0.56599999999999995,0.031589326123978155,0.17981728456981202,1,0,0,110,True,0.0085978055469354449,False,False,-1.3475760776189629,1.6531130939443468,0.58186099999999996
1,981,-0.078319032827131888,0.49249999999999999,0.47099999999999997,0.03015783590671034,0.020780386978960144,0,0,0,53,True,0.0087504739076670664,False,False,0.00084786314457791824,1.1837821058171558,0.499774
0.84999999999999998,981,-0.491626993150106,0.52449999999999997,0.51700000000000002,0.95576528170957276,0.90810635501890269,0,0,0,38,True,0.0093599055764197886,False,False,-0.29333850291300162,1.2098295592007686,0.52929400000000004
0.65000000000000002,981,-1.0137360993587015,0.56862500000000005,0.56000000000000005,0.49986270034895219,0.4575516838303802,1,0,0,79,True,0.0089164257088318825,False,False,-0.79834597969550514,1.3665569892860103,0.56369400000000003
0.5,981,-1.3345438905136131,0.58562499999999995,0.56999999999999995,0.79030291588265056,0.90194434362325737,1,0,0,103,True,0.0088634942493175627,False,False,-1.3475760776189629,1.6531130939443468,0.58186099999999996
1,982,-0.049517759657408338,0.50562499999999999,0.52600000000000002,0.067122835698968736,0.76914716664721006,0,0,0,42,True,0.0083541319723183967,False,False,0.00084786314457791824,1.1837821058171558,0.499774
0.84999999999999998,982,-0.49236065018857206,0.53000000000000003,0.54500000000000004,0.016325466916021044,0.043027404632754243,0,0,0,51,True,0.0081917387929311986,False,False,-0.29333850291300162,1.2098295592007686,0.52929400000000004
0.65000000000000002,982,-0.98806230901902425,0.56674999999999998,0.56699999999999995,0.433151951327995,0.60112108975883538,0,0,0,73,True,0.0078561906651709069,False,False,-0.79834597969550514,1.3665569892860103,0.56369400000000003
0.5,982,-1.3161967175150608,0.58362499999999995,0.57299999999999995,0.6311309020491408,0.5682575420501047,1,0,0,111,True,0.0079778003362221475,False,False,-1.3475760776189629,1.6531130939443468,0.58186099999999996
1,983,0.028416676174676664,0.50012500000000004,0.495,0.015058321409918926,0.099663256597428765,0,0,0,41,True,0.0086614490974526396,False,False,0.00084786314457791824,1.1837821058171558,0.499774
0.84999999999999998,983,-0.5100224026662783,0.52162500000000001,0.51600000000000001,0.048627614782001713,0.051926991092389928,0,0,0,62,True,0.0087493065676652725,False,False,-0.29333850291300162,1.2098295592007686,0.52929400000000004
0.65000000000000002,983,-1.1639975173907284,0.56200000000000006,0.55900000000000005,0.67501148482275508,0.69936924300450154,1,0,0,96,True,0.00839484433041,False,False,-0.79834597969550514,1.3665569892860103,0.56369400000000003
0.5,983,-1.5208920710134279,0.58674999999999999,0.58299999999999996,0.040455824239930993,0.074287152041410856,1,0,0,155,True,0.0079415310902733321,False,False,-1.3475760776189629,1.6531130939443468,0.58186099999999996
1,984,-0.0035365029673673932,0.50249999999999995,0.502,0.02015658679760848,0.86122732578743921,0,0,0,44,True,0.0076782187452400464,False,False,0.00084786314457791824,1.1837821058171558,0.499774
0.84999999999999998,984,-0.49390120686591044,0.53062500000000001,0.53200000000000003,0.56055175634866516,0.89958967929529343,0,0,0,52,True,0.0078528063536697883,False,False,-0.29333850291300162,1.2098295592007686,0.52929400000000004
0.65000000000000002,984,-1.0372775487277943,0.56225000000000003,0.55100000000000005,0.49283700318337953,0.37623630476749392,1,0,0,130,True,0.0082069336152603839,False,False,-0.79834597969550514,1.3665569892860103,0.56369400000000003
0.5,984,-1.3951485622141824,0.57774999999999999,0.56100000000000005,0.17858695854569101,0.038345987507106168,1,0,0,255,True,0.0088783699909264265,False,False,-1.3475760776189629,1.6531130939443468,0.58186099999999996
1,985,0.073480674861903267,0.50187499999999996,0.503,0.3642428259351006,0.2538037996897079,0,0,0,42,True,0.0086958087440559152,False,False,0.00084786314457791824,1.1837821058171558,0.499774
0.84999999999999998,985,-0.47781116279670938,0.53000000000000003,0.53100000000000003,0.75769751062949764,0.3894431290829668,0,0,0,61,True,0.008491398262643321,False,False,-0.29333850291300162,1.2098295592007686,0.52929400000000004
0.65000000000000002,985,-1.0850136656599454,0.56737499999999996,0.58099999999999996,0.1157351512046972,0.093076257828379208,1,0,0,95,True,0.0081191410874732264,False,False,-0.79834597969550514,1.3665569892860103,0.56369400000000003
0.5,985,-1.457167046551944,0.58437499999999998,0.60799999999999998,0.34846908147740929,0.954061628671517,1,0,0,101,True,0.0079557301521277126,False,False,-1.3475760776189629,1.6531130939443468,0.58186099999999996
1,986,-0.0067640244377533808,0.49762499999999998,0.50700000000000001,0.16604432589098414,0.27541150292485284,0,0,0,43,True,0.0088229346593404964,False,False,0.00084786314457791824,1.1837821058171558,0.499774
0.84999999999999998,986,-0.41590280254711809,0.52787499999999998,0.55400000000000005,0.97219250476737784,0.90667404220068748,0,0,0,51,True,0.0088040862244021349,False,False,-0.29333850291300162,1.2098295592007686,0.52929400000000004
0.65000000000000002,986,-0.96630192600095666,0.56474999999999997,0.56399999999999995,0.88863573326594159,0.94366541153316985,0,0,0,60,True,0.0081959077494146767,False,False,-0.79834597969550514,1.3665569892860103,0.56369400000000003
0.5,986,-1.2965326308382732,0.58050000000000002,0.57999999999999996,0.50828802717332366,0.48795960729118026,1,0,0,118,True,0.0080789907265726973,False,False,-1.3475760776189629,1.6531130939443468,0.58186099999999996
1,987,0.037411313214557478,0.50524999999999998,0.51500000000000001,0.87757700433464736,0.076490374852547158,0,0,0,38,True,0.0084650114100775845,False,False,0.00084786314457791824,1.1837821058171558,0.499774
0.84999999999999998,987,-0.42138443444190732,0.52849999999999997,0.54700000000000004,0.57046775540198436,0.084500215835546108,0,0,0,63,True,0.0088120572785756607,False,False,-0.29333850291300162,1.2098295592007686,0.52929400000000004
0.65000000000000002,987,-1.0003417024692187,0.56299999999999994,0.57799999999999996,0.61435697198235772,0.53083656258410838,1,0,0,88,True,0.0092063072325273172,False,False,-0.79834597969550514,1.3665569892860103,0.56369400000000003
0.5,987,-1.3429872657731812,0.58999999999999997,0.58999999999999997,0.71093433741502576,0.70415781999777893,1,0,0,175,True,0.0088349618964363042,False,False,-1.3475760776189629,1.6531130939443468,0.58186099999999996
1,988,0.13665240238498139,0.50062499999999999,0.48399999999999999,0.90679683545181322,0.6520595221284271,0,0,0,53,True,0.0084736075347457817,False,False,0.00084786314457791824,1.1837821058171558,0.499774
0.84999999999999998,988,-0.30216801300726998,0.53625,0.53600000000000003,0.67333461915548809,0.19693454783535966,0,0,0,62,True,0.0084374565711380738,False,False,-0.29333850291300162,1.2098295592007686,0.52929400000000004
0.65000000000000002,988,-1.0366089686051401,0.57237499999999997,0.56299999999999994,0.6435590926981396,0.35315595361059521,1,0,0,103,True,0.0083443010607494161,False,False,-0.79834597969550514,1.3665569892860103,0.56369400000000003
0.5,988,-1.4369870984560564,0.59362499999999996,0.59499999999999997,0.34272601019438187,0.15749303629846864,1,0,0,183,True,0.0082389800794775061,False,False,-1.3475760776189629,1.6531130939443468,0.58186099999999996
1,989,-0.044876571445819538,0.4955,0.48099999999999998,0.48887376359146173,0.9661856662313808,0,0,0,33,True,0.0086687794875140358,False,False,0.00084786314457791824,1.1837821058171558,0.499774
0.84999999999999998,989,-0.483721751413489,0.51849999999999996,0.50600000000000001,0.54016943198411682,0.45496164063363198,0,0,0,39,True,0.0089651250716552902,False,False,-0.29333850291300162,1.2098295592007686,0.52929400000000004
0.65000000000000002,989,-1.0839093182997876,0.55625000000000002,0.55800000000000005,0.29255988826112622,0.38805140442869729,0,0,0,66,True,0.0085511471557114544,False,False,-0.79834597969550514,1.3665569892860103,0.56369400000000003
0.5,989,-1.4302701207468895,0.57774999999999999,0.57399999999999995,0.36687262874794746,0.43182398508011338,1,0,0,110,True,0.0086004242825281959,False,False,-1.3475760776189629,1.6531130939443468,0.58186099999999996
1,990,0.02421344651446038,0.50537500000000002,0.52200000000000002,0.74313155727285019,0.5930727698905256,0,0,0,39,True,0.008004056209314242,False,False,0.00084786314457791824,1.1837821058171558,0.499774
0.84999999999999998,990,-0.58937607345968479,0.53000000000000003,0.54500000000000004,0.15061871577094255,0.80508244583166255,0,0,0,64,True,0.0082270176009294881,False,False,-0.29333850291300162,1.2098295592007686,0.52929400000000004
0.65000000000000002,990,-1.1482896719094176,0.55912499999999998,0.57099999999999995,0.17891294569543228,0.1108391044770816,0,0,0,72,True,0.008299864978247324,False,False,-0.79834597969550514,1.3665569892860103,0.56369400000000003
0.5,990,-1.5218991623149296,0.58037499999999997,0.57899999999999996,0.28659503120929347,0.1367908861830554,1,0,0,145,True,0.0084905561290214999,False,False,-1.3475760776189629,1.6531130939443468,0.58186099999999996
1,991,-0.012047120603313212,0.49875000000000003,0.502,0.03357426824416046,0.10052510466341644,0,0,0,36,True,0.0083075185164014995,False,False,0.00084786314457791824,1.1837821058171558,0.499774
0.84999999999999998,991,-0.42828862412946928,0.52725,0.52600000000000002,0.65446017077956697,0.94126221806922516,0,0,0,44,True,0.0084945569607578902,False,False,-0.29333850291300162,1.2098295592007686,0.52929400000000004
0.65000000000000002,991,-0.98418334452851597,0.55549999999999999,0.56200000000000006,0.42041505945988039,0.71289364791403809,0,0,0,48,True,0.0081767984754301318,False,False,-0.79834597969550514,1.3665569892860103,0.56369400000000003
0.5,991,-1.2970776878264592,0.57699999999999996,0.58699999999999997,0.12133255089047011,0.31819911323502353,1,0,0,82,True,0.0080196147837086045,False,False,-1.3475760776189629,1.6531130939443468,0.58186099999999996
1,992,-0.096198407265404309,0.51037500000000002,0.52800000000000002,0.9266000771624634,0.73770838407095995,0,0,1,54,True,0.0086826176719591534,False,False,0.00084786314457791824,1.1837821058171558,0.499774
0.84999999999999998,992,-0.53957356726451444,0.54437500000000005,0.55600000000000005,0.60894130262203494,0.7738359719805824,1,0,0,89,True,0.0087687672831246715,False,False,-0.29333850291300162,1.2098295592007686,0.52929400000000004
0.65000000000000002,992,-1.1217517021188714,0.57662500000000005,0.57699999999999996,0.20127551700299817,0.1874241620182642,1,0,0,122,True,0.0089103572124514287,False,False,-0.79834597969550514,1.3665569892860103,0.56369400000000003
0.5,992,-1.4357768904187513,0.59524999999999995,0.58599999999999997,0.22051173256234877,0.20159083949681331,1,0,0,189,True,0.0089198950537574626,False,False,-1.3475760776189629,1.6531130939443468,0.58186099999999996
1,993,-0.0044237941878491321,0.51175000000000004,0.498,0.90508097038617952,0.56123804023097601,0,0,0,40,True,0.008361707137099229,False,False,0.00084786314457791824,1.1837821058171558,0.499774
0.84999999999999998,993,-0.40238971326683204,0.53712499999999996,0.54200000000000004,0.55031624446050376,0.69796921488400865,0,0,0,55,True,0.0087700669961770072,False,False,-0.29333850291300162,1.2098295592007686,0.52929400000000004
0.65000000000000002,993,-0.93893710570839917,0.56299999999999994,0.56899999999999995,0.69696269677823597,0.78279370219803601,1,0,0,75,True,0.0086087960056026504,False,False,-0.79834597969550514,1.3665569892860103,0.56369400000000003
0.5,993,-1.2628824994752943,0.58837499999999998,0.59399999999999997,0.34834421014071709,0.037403880711695661,1,0,0,216,True,0.0086232957680098619,False,False,-1.3475760776189629,1.6531130939443468,0.58186099999999996
1,994,0.092884165896981577,0.4945,0.51400000000000001,0.75076771895749916,0.81737416682859609,0,0,0,44,True,0.0084874170527647966,False,False,0.00084786314457791824,1.1837821058171558,0.499774
0.84999999999999998,994,-0.36050199280873985,0.52512499999999995,0.52600000000000002,0.66790328481939609,0.66157693311314936,0,0,0,41,True,0.0085371151859856397,False,False,-0.29333850291300162,1.2098295592007686,0.52929400000000004
0.65000000000000002,994,-0.8892025368201153,0.56162500000000004,0.54300000000000004,0.9471553295799009,0.78827649290842972,0,0,0,57,True,0.0088044473647310266,False,False,-0.79834597969550514,1.3665569892860103,0.56369400000000003
0.5,994,-1.2380350582116115,0.57562500000000005,0.55800000000000005,0.34698078512906388,0.54676932257392763,1,0,0,91,True,0.0084240551159527333,False,False,-1.3475760776189629,1.6531130939443468,0.58186099999999996
1,995,-0.024158891830492964,0.50149999999999995,0.49399999999999999,0.75956516195607593,0.89599279550991784,0,0,0,45,True,0.0078885095818744672,False,False,0.00084786314457791824,1.1837821058171558,0.499774
0.84999999999999998,995,-0.45021250633665766,0.52962500000000001,0.51900000000000002,0.46089676895103848,0.32833622050784622,0,0,0,66,True,0.007839894640505914,False,False,-0.29333850291300162,1.2098295592007686,0.52929400000000004
0.65000000000000002,995,-1.0332284740890005,0.56374999999999997,0.57199999999999995,0.089197324933861274,0.10799984894771385,1,0,0,77,True,0.0091101150918420394,False,False,-0.79834597969550514,1.3665569892860103,0.56369400000000003
0.5,995,-1.3585959595338952,0.57762500000000006,0.57999999999999996,0.021846373782096914,0.088395108303292835,1,0,0,122,True,0.0088776171712532069,False,False,-1.3475760776189629,1.6531130939443468,0.58186099999999996
1,996,0.1048453923498273,0.49887500000000001,0.47999999999999998,0.38923599214967047,0.46240741901265126,0,0,0,44,True,0.0081111794014098286,False,False,0.00084786314457791824,1.1837821058171558,0.499774
0.84999999999999998,996,-0.41858239399688157,0.52600000000000002,0.503,0.30307086705484987,0.081173795214290356,0,0,0,51,True,0.0078678282880116964,False,False,-0.29333850291300162,1.2098295592007686,0.52929400000000004
0.65000000000000002,996,-0.96949825878848739,0.56574999999999998,0.54900000000000004,0.22438390654304652,0.14709436003276696,1,0,0,93,True,0.0081295928302961371,False,False,-0.79834597969550514,1.3665569892860103,0.56369400000000003
0.5,996,-1.2778402443713854,0.58562499999999995,0.58099999999999996,0.72530137734367051,0.48892837282104917,1,0,0,113,True,0.0076867056103414183,False,False,-1.3475760776189629,1.6531130939443468,0.58186099999999996
1,997,-0.080575367515567237,0.49175000000000002,0.49099999999999999,0.240983813633765,0.48971006737273226,0,0,0,41,True,0.0086709074517419549,False,False,0.00084786314457791824,1.1837821058171558,0.499774
0.84999999999999998,997,-0.48543739210202419,0.52324999999999999,0.51200000000000001,0.83006852095792683,0.37041367690372845,0,0,0,51,True,0.0086975485344045322,False,False,-0.29333850291300162,1.2098295592007686,0.52929400000000004
0.65000000000000002,997,-0.98951979964398562,0.55862500000000004,0.55300000000000005,0.70457499275624369,0.48086857827461404,1,0,0,76,True,0.0086510534479515202,False,False,-0.79834597969550514,1.3665569892860103,0.56369400000000003
0.5,997,-1.2635377865484465,0.57425000000000004,0.57199999999999995,0.40583848940609829,0.61656314706028659,1,0,0,86,True,0.0082433922399553841,False,False,-1.3475760776189629,1.6531130939443468,0.58186099999999996
1,998,0.07134719475490349,0.488375,0.48399999999999999,0.59570212575996906,0.44832999507136534,0,0,0,53,True,0.0081858279900046543,False,False,0.00084786314457791824,1.1837821058171558,0.499774
0.84999999999999998,998,-0.35314351962247775,0.51712499999999995,0.52000000000000002,0.36624538595684208,0.038549973710550994,0,0,0,49,True,0.0084301988121000086,False,False,-0.29333850291300162,1.2098295592007686,0.52929400000000004
0.65000000000000002,998,-1.018594049237084,0.5625,0.58999999999999997,0.82754373452155616,0.81755581848342085,0,0,0,72,True,0.008372930284105129,False,False,-0.79834597969550514,1.3665569892860103,0.56369400000000003
0.5,998,-1.315913633012606,0.576125,0.60299999999999998,0.6742946428375669,0.55306469803601299,0,0,0,69,True,0.00820929109212995,False,False,-1.3475760776189629,1.6531130939443468,0.58186099999999996
1,999,-0.025214318654130652,0.49537500000000001,0.47399999999999998,0.76621941699620411,0.58190760874166414,0,0,0,48,True,0.0084062786501794048,False,False,0.00084786314457791824,1.1837821058171558,0.499774
0.84999999999999998,999,-0.43141691726858872,0.52587499999999998,0.504,0.83123065256911133,0.90505313753715833,0,0,0,48,True,0.0084035057253967187,False,False,-0.29333850291300162,1.2098295592007686,0.52929400000000004
0.65000000000000002,999,-0.99209480156150187,0.5665,0.55900000000000005,0.68293899402346703,0.53043043478199592,0,0,0,62,True,0.0085385626565560452,False,False,-0.79834597969550514,1.3665569892860103,0.56369400000000003
0.5,999,-1.3106458421109837,0.58425000000000005,0.55800000000000005,0.68744948641009584,0.64861697826671316,1,0,0,140,True,0.0090324124201506713,False,False,-1.3475760776189629,1.6531130939443468,0.58186099999999996
1,1000,0.046718703245099941,0.49837500000000001,0.51800000000000002,0.85201226992737,0.50213419568252393,0,0,0,46,True,0.0075921476886238745,False,False,0.00084786314457791824,1.1837821058171558,0.499774
0.84999999999999998,1000,-0.42010967285835943,0.52925,0.54600000000000004,0.5662607953735449,0.81443636866241897,0,0,0,54,True,0.0075894043067173348,False,False,-0.29333850291300162,1.2098295592007686,0.52929400000000004
0.65000000000000002,1000,-0.99426878001850816,0.55962500000000004,0.57699999999999996,0.19768284470631231,0.22195409295487467,1,0,0,85,True,0.008330533839866934,False,False,-0.79834597969550514,1.3665569892860103,0.56369400000000003
0.5,1000,-1.3449655039869566,0.577125,0.59699999999999998,0.44141520497594511,0.13462918664443163,1,0,0,93,True,0.0083231008874844279,False,False,-1.3475760776189629,1.6531130939443468,0.58186099999999996
