Date,Close,log_ret
2005-01-04,21.3021,-0.022810689306092438
2005-01-05,20.594,-0.03380588817028865
2005-01-12,20.3347,-0.012670984873303549
2005-01-25,20.207,-0.0062997073298964
2005-01-31,20.0097,-0.009811923051854
2005-02-07,20.652,0.03159501103789756
2005-02-11,21.0545,0.01930214698609058
2005-02-14,21.0583,0.00018046769677207902
2005-02-15,21.1512,0.004401859771157946
2005-02-16,21.275,0.0058360329880143445
2005-02-22,20.4856,-0.03781047416535041
2005-02-28,20.6443,0.007717051954232807
2005-03-02,20.7217,0.0037422081093922686
2005-03-09,20.6056,-0.0056185768450473916
2005-05-18,22.1494,0.07224752457547498
2005-05-19,22.4429,0.0131638977280115
2005-05-23,22.5016,0.002612111977059158
2005-05-24,22.2283,-0.012220165975699972
2005-05-25,21.9538,-0.012426006551064666
2005-06-07,22.7443,0.035374319287206905
2005-06-16,23.1826,0.019087432727907597
2005-06-20,23.4252,0.010410368693351218
2005-06-29,23.3036,-0.005204510900378592
2005-07-05,23.8197,0.021905114314872257
2005-07-11,24.4669,0.026808214302221477
2005-07-12,24.463,-0.00015941173017960676
2005-07-13,24.32,-0.0058627148634805915
2005-07-14,23.915,-0.016793179965706072
2005-07-15,24.0143,0.004143609110817171
2005-07-20,24.4749,0.01899861636331144
2005-07-21,24.1294,-0.014217088591483809
2005-07-27,24.6575,0.021650099831106585
2005-07-28,25.0024,0.013890706414484283
2005-07-29,24.9712,-0.001248659454343599
2005-08-02,25.134,0.006498350386800753
2005-08-03,25.0745,-0.0023701177232231794
2005-08-04,24.6496,-0.017090720293219983
2005-08-05,23.8158,-0.034411447214116625
2005-08-08,23.0018,-0.03477675222590012
2005-08-09,23.248,0.010646633091434373
2005-08-10,23.2559,0.00033975645380257454
2005-08-11,23.5339,0.011883071579568168
2005-08-16,23.9269,0.01656141416256441
2005-08-17,23.7284,-0.008330706049539546
2005-08-18,23.5696,-0.006714896895785802
2005-08-19,23.4862,-0.0035447314604182957
2005-08-23,23.6133,0.00539709799556171
2005-08-24,23.7086,0.004027738904612449
2005-08-25,23.78,0.0030070397443431006
2005-08-26,23.5339,-0.010402956401337995
2005-08-29,23.5219,-0.0005100327806618445
2005-08-30,23.51,-0.0005060395286577963
2005-08-31,23.9587,0.01890565212814236
2005-09-01,24.1414,0.007596694336615797
2005-09-02,24.054,-0.003626906128311469
2005-09-07,24.5106,0.018804374156132442
2005-09-19,24.1294,-0.01567466302965238
2005-09-20,23.9428,-0.007763361659928443
2005-09-21,23.4147,-0.022303622101357317
2005-09-22,23.51,0.004061832298359162
2005-09-23,23.6252,0.004888076400460759
2005-09-27,24.0089,0.01611065598715332
2005-09-28,23.7769,-0.009710073823218847
2005-09-29,24.2206,0.01848898961667539
2005-09-30,24.5015,0.011530829433285598
2005-10-03,24.534,0.00132557044422551
2005-10-04,24.2328,-0.012352823234476189
2005-10-05,23.7443,-0.020364585700042664
2005-10-06,23.7118,-0.0013696871458441346
2005-10-07,23.4675,-0.010356329301187319
2005-10-10,23.1663,-0.01291784878975629
2005-10-11,23.0645,-0.004403997531336062
2005-10-12,22.6493,-0.018165692533708897
2005-10-13,22.6167,-0.0014403749231746647
2005-10-14,23.1785,0.02453655340900509
2005-10-17,23.3128,0.005777441093902806
2005-10-18,23.0889,-0.009650583393196304
2005-10-19,23.3495,0.011223588048661953
2005-10-20,22.979,-0.015994815236608322
2005-10-21,23.1989,0.00952410838229216
2005-10-24,23.6711,0.020150031018837257
2005-10-26,23.3332,-0.014377655694720028
2005-10-28,23.7565,0.017978938167276415
2005-10-31,23.9479,0.008024460093855502
2005-11-01,23.3698,-0.02443604680650996
2005-11-02,23.5856,0.009191765777046303
2005-11-03,23.5164,-0.002938306220004882
2005-11-07,23.4919,-0.0010423692079202886
2005-11-08,23.4268,-0.0027750147287256724
2005-11-09,23.6914,0.011231446935588677
2005-11-10,24.2532,0.023436454350772497
2005-11-11,24.3509,0.004020242390597633
2005-11-15,24.3183,-0.0013396564922187018
2005-11-18,24.6684,0.014293918998524469
2005-11-22,25.108,0.017663448117794925
2005-11-23,25.2179,0.004367539366362707
2005-11-30,24.8923,-0.012995541122381755
2005-12-07,24.8312,-0.002457591712265897
2005-12-12,25.0917,0.010436187174109778
2005-12-14,25.3115,0.008721723752418756
2005-12-21,24.9533,-0.014252759933124888
2005-12-22,25.1406,0.0074779912453491705
2005-12-23,25.2464,0.004199502073514245
2005-12-27,24.9527,-0.011701538523849926
2005-12-28,24.9236,-0.0011668870105417683
2005-12-29,24.795,-0.005173125823778606
2005-12-30,24.6953,-0.004029077814158728
2006-01-03,25.2885,0.023736804814890017
2006-01-04,25.3429,0.0021488649704812283
2006-01-05,25.6252,0.011077630393853304
2006-01-06,25.8452,0.008548654752601977
2006-01-09,26.0652,0.008476194256745813
2006-01-10,26.306,0.009195958731075822
2006-01-11,26.2645,-0.001578832562773037
2006-01-12,26.1897,-0.002852013783522431
2006-01-13,25.866,-0.01243683870723898
2006-01-17,25.7622,-0.0040210636768822855
2006-01-18,25.758,-0.0001630428456917405
2006-01-19,26.0943,0.01297164120282707
2006-01-20,25.8286,-0.010234494576464411
2006-01-23,25.9448,0.004488799078773604
2006-01-24,26.1399,0.007491678458438208
2006-01-25,26.1196,-0.0007768922787637689
2006-01-26,26.2603,0.005372302673450084
2006-01-27,26.6007,0.012879238202133428
2006-01-30,26.5177,-0.0031250966727062214
2006-01-31,26.6173,0.0037489457665607156
2006-02-01,26.7128,0.0035814709547140277
2006-02-02,26.5675,-0.005454187014728242
2006-02-03,26.2935,-0.010366903916138988
2006-02-06,26.3932,0.003784640867787726
2006-02-07,26.1233,-0.010278764818981259
2006-02-08,26.115,-0.0003177745091186613
2006-02-09,26.1773,0.0023827611130491206
2006-02-10,26.2188,0.001584087696531422
2006-02-13,26.2396,0.0007930093594173684
2006-02-14,26.4056,0.006306388812608562
2006-02-15,26.5509,0.005487536548629536
2006-02-16,26.8124,0.009800821659053147
2006-02-17,27.0283,0.008019998151191305
2006-02-21,27.0781,0.0018408178722935308
2006-02-22,27.3687,0.01067474156374775
2006-02-23,27.3272,-0.0015174814918001696
2006-02-24,27.1777,-0.005485759075434345
2006-02-27,27.2151,0.0013751822261038249
2006-02-28,27.0864,-0.00474020942280458
2006-03-01,27.2566,0.006263936717137732
2006-03-02,27.2068,-0.0018287515608271642
2006-03-03,27.0739,-0.004896777880942909
2006-03-06,27.5472,0.017330732863854604
2006-03-07,27.2151,-0.012128930716417853
2006-03-08,27.3272,0.004110576849330743
2006-03-09,27.5721,0.00892184871168176
2006-03-10,27.8295,0.009292217268239802
2006-03-13,27.6468,-0.006586620250965612
2006-03-14,27.8461,0.007182931758767676
2006-03-15,28.3733,0.018755641451797256
2006-03-16,28.668,0.01033295601916836
2006-03-17,28.9254,0.008938583720211139
2006-03-20,28.3658,-0.019535907698817703
2006-03-21,28.0368,-0.011666261181048642
2006-03-22,28.1492,0.004001002026900623
2006-03-23,28.1742,0.000887730557523219
2006-03-24,28.1326,-0.0014776193130838534
2006-03-27,27.8494,-0.010117624087776916
2006-03-28,28.1159,0.009523830458055611
2006-03-29,28.7198,0.021251527753838866
2006-03-30,28.2284,-0.01725821700195507
2006-03-31,28.3075,0.0027982238405374043
2006-04-03,27.799,-0.01812673837946781
2006-04-04,27.6078,-0.006901707334148575
2006-04-05,27.8119,0.007365645167608647
2006-04-06,27.6453,-0.00600825505708694
2006-04-07,27.2996,-0.012583681534042705
2006-04-10,26.9706,-0.012124666223695539
2006-04-11,26.904,-0.0024724094072562795
2006-04-12,26.904,0.0
2006-04-13,26.5833,-0.011991775360405674
2006-04-17,26.4626,-0.00455078369126789
2006-04-18,27.1205,0.024557484094119432
2006-04-19,27.487,0.01342326614862066
2006-04-20,27.4954,0.00030555232457507353
2006-04-21,27.487,-0.0003055523245750123
2006-04-24,27.3746,-0.004097589471270562
2006-04-25,27.1372,-0.008710095827909102
2006-04-26,27.0622,-0.00276756007893713
2006-04-27,27.2262,0.006041824731723738
2006-04-28,27.3371,0.004065008997330216
2006-05-01,26.9956,-0.012570864218512553
2006-05-02,26.7207,-0.01023534383137546
2006-05-03,26.7873,0.0024893486728171685
2006-05-04,27.1497,0.0134381019922376
2006-05-05,27.4954,0.012652721358471078
2006-05-08,27.6203,0.00453229166297262
2006-05-09,27.6245,0.00015205051002413207
2006-05-10,27.637,0.0004523945319322458
2006-05-11,26.9998,-0.023325996089052437
2006-05-12,26.6583,-0.01272891179354349
2006-05-15,27.0248,0.01365441616690294
2006-05-16,26.9165,-0.004015481477824459
2006-05-17,26.4167,-0.018743095546884407
2006-05-18,26.3126,-0.003948474007699371
2006-05-19,26.2751,-0.0014261892555217156
2006-05-22,26.2043,-0.002698203217024893
2006-05-23,25.9186,-0.010962661758215505
2006-05-24,25.9461,0.001060451620354892
2006-05-25,26.5083,0.021436582200071205
2006-05-26,26.7915,0.010626781530408951
2006-05-30,26.5417,-0.009367591920111605
2006-05-31,26.5875,0.0017240994159562085
2006-06-01,27.0747,0.01815853196690147
2006-06-02,27.3913,0.011625732233000391
2006-06-05,27.5204,0.004702103116976087
2006-06-06,27.1955,-0.01187602940465344
2006-06-07,27.3829,0.006867212540480741
2006-06-08,27.2913,-0.0033507608965100467
2006-06-09,27.5037,0.007752570994092579
2006-06-12,27.1622,-0.012494240193835911
2006-06-13,26.8932,-0.00995283433540131
2006-06-14,26.7249,-0.006277751458077678
2006-06-15,27.1747,0.016690678298590857
2006-06-16,27.2122,0.0013790087665486632
2006-06-19,27.0081,-0.0075285811411408
2006-06-20,26.7874,-0.008205193305060527
2006-06-21,27.1081,0.011900948506708083
2006-06-22,26.9623,-0.0053929822369931735
2006-06-23,26.7582,-0.0075986255543075264
2006-06-26,26.942,0.006845438852702426
2006-06-27,26.9126,-0.001091828847326695
2006-06-28,26.9923,0.0029570617170663937
2006-06-29,27.592,0.021974235488423945
2006-06-30,27.8268,0.008473709461713271
2006-07-03,28.3174,0.01747687160505723
2006-07-05,28.1958,-0.0043034260195480385
2006-07-06,28.2545,0.0020797062604566846
2006-07-07,28.1664,-0.0031229587476385647
2006-07-10,28.4139,0.008748683857262747
2006-07-11,28.4893,0.0026501161315557443
2006-07-12,28.5438,0.0019111714631954062
2006-07-13,28.2,-0.012117771702526413
2006-07-14,27.81,-0.013926309698194476
2006-07-17,27.7974,-0.0004531771028905326
2006-07-18,28.1287,0.011847916284483574
2006-07-19,28.6487,0.018317659485645774
2006-07-20,28.4139,-0.008229604861268953
2006-07-21,27.9484,-0.016518509169798124
2006-07-24,28.3929,0.01577916102990597
2006-07-25,28.5522,0.005594877014613788
2006-07-26,28.6403,0.0030808259713540785
2006-07-27,28.5648,-0.0026396263213587868
2006-07-28,28.9799,0.014427295654397865
2006-07-31,28.8583,-0.004204839679109601
2006-08-01,28.72,-0.004803902371825228
2006-08-02,28.678,-0.0014634658871758805
2006-08-03,28.9506,0.009460650899989998
2006-08-04,29.4077,0.01566561562263833
2006-08-07,29.1183,-0.009889702311996781
2006-08-08,28.6864,-0.01494369964445326
2006-08-09,28.5103,-0.006157717366166619
2006-08-10,28.5321,0.0007643437534653825
2006-08-11,28.3551,-0.006222861071686804
2006-08-14,28.6277,0.009567872395722949
2006-08-15,28.9338,0.010635681330020946
2006-08-16,29.0093,0.0026060063313282584
2006-08-17,29.0303,0.0007236438885314002
2006-08-18,29.0974,0.002308710986479777
2006-08-21,29.2638,0.005702434182732213
2006-08-22,29.4831,0.007465960541166062
2006-08-23,29.2441,-0.008139373900540424
2006-08-24,29.3573,0.0038633937346246915
2006-08-25,29.3406,-0.0005690152612134711
2006-08-28,29.6551,0.010661894994143245
2006-08-29,29.6886,0.001129016342374222
2006-08-30,29.9109,0.007459828719958843
2006-08-31,29.8899,-0.0007023317702513163
2006-09-01,29.718,-0.005767707855558984
2006-09-05,30.0199,0.010107572253020421
2006-09-06,29.8773,-0.004761500351183986
2006-09-07,29.6341,-0.008173269452881942
2006-09-08,29.9151,0.009437644357910915
2006-09-11,30.0115,0.003217271901016379
2006-09-12,30.3889,0.012496768614425365
2006-09-13,30.5692,0.005915555956684107
2006-09-14,30.4057,-0.0053628752768987474
2006-09-15,30.6489,0.007966681831797561
2006-09-18,30.4308,-0.007141519259190569
2006-09-19,30.6573,0.007415553534763496
2006-09-20,30.5566,-0.003290105379269804
2006-09-21,30.2505,-0.010067988298479547
2006-09-22,30.3302,0.0026312025441027954
2006-09-25,30.673,0.011238872987410551
2006-09-26,30.6003,-0.0023729759655367424
2006-09-27,30.8995,0.009730189711163288
2006-09-28,30.8055,-0.003046757076888366
2006-09-29,30.7756,-0.0009710772412190718
2006-10-02,30.7157,-0.00194824370103218
2006-10-03,31.0064,0.009419710265978617
2006-10-04,31.374,0.011785889644200694
2006-10-05,31.5792,0.006519151583657531
2006-10-06,31.3826,-0.006245076823271037
2006-10-09,31.5621,0.005703434493510324
2006-10-10,31.5664,0.000136230070622653
2006-10-11,31.4467,-0.0037992145753638724
2006-10-12,31.716,0.008527236226948415
2006-10-13,32.0451,0.010323000152808336
2006-10-16,32.1648,0.0037284013419181194
2006-10-17,32.0579,-0.0033290440522399344
2006-10-18,32.2203,0.005053045839807117
2006-10-19,32.1519,-0.0021251417768073343
2006-10-20,32.1177,-0.001064266876659894
2006-10-23,32.293,0.005443208436581295
2006-10-24,32.1263,-0.00517547915287014
2006-10-25,32.3229,0.006100948027685588
2006-10-26,32.6093,0.008821566412424096
2006-10-27,32.3913,-0.006707655540586715
2006-10-30,32.5751,0.005658324622817271
2006-10-31,32.6307,0.0017053701810287683
2006-11-01,32.3785,-0.007758940741509442
2006-11-02,31.763,-0.019192531928244827
2006-11-03,31.4125,-0.011096187486594236
2006-11-06,31.7202,0.009747799047298672
2006-11-07,31.3569,-0.011519363361803538
2006-11-08,31.4637,0.0034001618225159287
2006-11-09,31.5108,0.0014958438346435083
2006-11-10,31.639,0.004060192625042443
2006-11-13,31.6989,0.001891443128299712
2006-11-14,32.1306,0.013526867124021279
2006-11-15,32.1562,0.0007964310357079808
2006-11-16,32.3742,0.006756531164247014
2006-11-17,32.2503,-0.0038344637655872665
2006-11-20,33.3274,0.03285253595200484
2006-11-21,33.9044,0.017164917998178823
2006-11-22,33.9745,0.0020654437511769133
2006-11-24,34.1994,0.006597856829557784
2006-11-27,33.3015,-0.026605659038069468
2006-11-28,33.353,0.0015452823214655114
2006-11-29,33.8361,0.014380556531073998
2006-11-30,34.1908,0.010428322162557999
2006-12-01,34.1267,-0.001876532917920529
2006-12-04,34.5242,0.01158045829799522
2006-12-05,34.2592,-0.007705385635247564
2006-12-06,34.0688,-0.005573132326873186
2006-12-07,33.8916,-0.005214813378634346
2006-12-08,33.9258,0.0010085908011567425
2006-12-11,34.0455,0.00352207839897735
2006-12-12,33.8916,-0.004530669200134119
2006-12-13,33.7164,-0.005182830202966056
2006-12-14,33.742,0.000758986315386143
2006-12-15,33.5668,-0.005205868940627691
2006-12-18,33.3248,-0.0072356186967670235
2006-12-19,33.0282,-0.008940122541452832
2006-12-20,33.3445,0.009531099215074678
2006-12-21,33.0025,-0.010309525047232745
2006-12-22,32.6663,-0.010239350723106281
2006-12-26,32.9271,0.00795206146691604
2006-12-27,33.2705,0.01037509155512349
2006-12-28,33.3618,0.0027404143977500326
2006-12-29,33.4704,0.0032499332832580134
2007-01-03,33.4922,0.0006511097469382428
2007-01-04,33.5378,0.0013605850226624037
2007-01-05,33.0053,-0.016005006291005784
2007-01-08,32.9749,-0.0009214886329885919
2007-01-09,33.3878,0.012443897796112734
2007-01-10,33.8138,0.012678439392961312
2007-01-11,34.2615,0.01315327158726193
2007-01-12,34.3398,0.0022827565658849773
2007-01-16,34.8397,0.01445250981448993
2007-01-17,34.844,0.00012341480160956442
2007-01-18,34.7527,-0.0026236891224389364
2007-01-19,35.0918,0.009710218111004724
2007-01-22,34.844,-0.007086528988565837
2007-01-23,35.0092,0.004729928134739194
2007-01-24,35.4308,0.011970614265765568
2007-01-25,35.7308,0.008431563575847241
2007-01-26,35.822,0.0025491678700692443
2007-01-29,35.8699,0.001336273892242565
2007-01-30,36.0959,0.0062807817863757805
2007-01-31,36.3306,0.006481075891680342
2007-02-01,36.4915,0.004418995382759414
2007-02-02,36.6001,0.002971615887900038
2007-02-05,36.6175,0.00047529556630009333
2007-02-06,37.113,0.01344104433847914
2007-02-07,37.8781,0.02040579611616774
2007-02-08,37.6255,-0.006691096647685643
2007-02-09,37.1435,-0.012893222514540437
2007-02-12,36.4828,-0.01794787285611753
2007-02-13,37.2288,0.02024173864762218
2007-02-14,36.9653,-0.007103020532917816
2007-02-15,37.2478,0.0076132479174169
2007-02-16,37.1304,-0.003156841587918042
2007-02-20,37.4084,0.007459237041572226
2007-02-21,37.2782,-0.003486572742490171
2007-02-22,37.0585,-0.005910960257389429
2007-02-23,36.4697,-0.016015966284896422
2007-02-26,36.2741,-0.005377790860695207
2007-02-27,35.1179,-0.03239301599641864
2007-02-28,35.4126,0.00835671702376477
2007-03-01,35.1048,-0.008729815755427483
2007-03-02,34.4528,-0.018747601888644466
2007-03-05,33.1661,-0.038062001446862476
2007-03-06,34.3746,0.035789649632051945
2007-03-07,33.8703,-0.014779395369016561
2007-03-08,34.3789,0.014904479910330358
2007-03-09,34.831,0.013064790750474698
2007-03-12,35.0483,0.006219315317347476
2007-03-13,34.1876,-0.024864104940905993
2007-03-14,34.3254,0.00402259967642058
2007-03-15,34.6788,0.010242944337504448
2007-03-16,34.3746,-0.00881062968215492
2007-03-19,34.6875,0.009061471951257189
2007-03-20,34.7875,0.0028787353453558645
2007-03-21,35.2285,0.012597287245845468
2007-03-22,35.2439,0.00043705054021515676
2007-03-23,35.3004,0.0016018306817399636
2007-03-26,34.9268,-0.010639852492704853
2007-03-27,34.4481,-0.013800599283162008
2007-03-28,34.2197,-0.006652341921363489
2007-03-29,34.3295,0.0032035412201300395
2007-03-30,34.7379,0.01182626709304537
2007-04-02,35.0541,0.009061272452644627
2007-04-03,35.3132,0.007364249330636389
2007-04-04,35.1683,-0.004111723051952929
2007-04-05,35.1595,-0.0002502566565690252
2007-04-09,35.1727,0.00037536150312338323
2007-04-10,35.3176,0.004111209743529127
2007-04-11,34.7774,-0.015413672732039528
2007-04-12,34.6106,-0.004807756998092175
2007-04-13,34.9663,0.010224746974814855
2007-04-16,35.0497,0.0023823137409781604
2007-04-17,35.4933,0.012576892031976514
2007-04-18,35.2693,-0.006331049119174438
2007-04-19,35.019,-0.007122125816994037
2007-04-20,35.2122,0.005501842125751856
2007-04-23,35.6909,0.013503140867394748
2007-04-24,35.4494,-0.006789426743706156
2007-04-25,35.4362,-0.0003724310763419949
2007-04-26,35.3659,-0.001985817457452851
2007-04-27,35.3527,-0.0003733105619539936
2007-04-30,34.7687,-0.016657211724877333
2007-05-01,34.4612,-0.008883503290803776
2007-05-02,34.7467,0.008250549996008825
2007-05-03,34.8082,0.0017683877347786092
2007-05-04,34.5139,-0.008490849761222307
2007-05-07,34.615,0.0029249726837774115
2007-05-08,34.4305,-0.005344314666007646
2007-05-09,34.7467,0.009141804008674082
2007-05-10,34.3075,-0.012720614311004115
2007-05-11,34.7906,0.013983246188637005
2007-05-14,34.5798,-0.00607753880186344
2007-05-15,33.9738,-0.01768005722328648
2007-05-16,33.6576,-0.009350754352304667
2007-05-17,33.0647,-0.017772636925323413
2007-05-18,32.7222,-0.010412501409466259
2007-05-21,32.9549,0.007086213421131302
2007-05-22,33.3985,0.01337102873534654
2007-05-23,33.0515,-0.010444037747607205
2007-05-24,32.5201,-0.016208591341282202
2007-05-25,32.8012,0.008606740381091403
2007-05-29,33.8728,0.032147232354699844
2007-05-30,34.7643,0.025978665713400288
2007-05-31,34.6589,-0.0030364512434642357
2007-06-01,34.6808,0.0006316727856678766
2007-06-04,34.8565,0.0050534137478429626
2007-06-05,34.2592,-0.017284491667999967
2007-06-06,34.0748,-0.005397033617221739
2007-06-07,33.0427,-0.030757443717368004
2007-06-08,33.3985,0.010710324352241047
2007-06-11,32.889,-0.015372733434008893
2007-06-12,32.384,-0.015473781695512381
2007-06-13,33.0735,0.021067883833686962
2007-06-14,32.7046,-0.011216616706093134
2007-06-15,33.0471,0.01041807581557286
2007-06-18,32.5333,-0.015669636447918828
2007-06-19,32.6036,0.0021585315633839714
2007-06-20,31.9009,-0.021788489164672915
2007-06-21,31.7955,-0.0033094522201948993
2007-06-22,31.6769,-0.0037370617158622712
2007-06-25,31.2741,-0.012797429662409598
2007-06-26,31.2294,-0.0014303201459331123
2007-06-27,31.9632,0.023225282227771288
2007-06-28,31.7873,-0.0055184020952465575
2007-06-29,31.5597,-0.00718584871801215
2007-07-02,32.3988,0.026240394846286715
2007-07-03,32.3095,-0.0027600804438051335
2007-07-05,32.8184,0.015628029080303443
2007-07-06,32.7559,-0.001906235184384384
2007-07-09,32.7336,-0.0006810252288345183
2007-07-10,31.8721,-0.026671054351171744
2007-07-11,31.8409,-0.0009793920391110427
2007-07-12,32.2471,0.012676489809537379
2007-07-13,32.5506,0.009367684946520101
2007-07-16,32.4345,-0.0035731305644905653
2007-07-17,32.2381,-0.006073688200593687
2007-07-18,32.1042,-0.004162120200816119
2007-07-19,32.2426,0.004301696849559197
2007-07-20,31.6579,-0.018300837048753387
2007-07-23,31.1536,-0.016057914120098778
2007-07-24,30.4618,-0.022456368764548186
2007-07-25,30.2966,-0.005437944616620077
2007-07-26,29.6896,-0.02023867886281857
2007-07-27,28.855,-0.02851352797230302
2007-07-30,29.1183,0.009083554340549103
2007-07-31,29.0737,-0.0015328570502086156
2007-08-01,29.5155,0.01508156363460223
2007-08-02,29.7476,0.007832907380676216
2007-08-03,28.8818,-0.029536817516355746
2007-08-06,29.6093,0.024876862219923704
2007-08-07,29.7878,0.006010412540677175
2007-08-08,30.9706,0.03893945367199489
2007-08-09,30.9081,-0.00202008191037645
2007-08-10,30.0154,-0.02930770218940659
2007-08-13,29.7789,-0.007910494253324801
2007-08-14,28.8371,-0.03213733645592451
2007-08-15,28.5024,-0.011674458320342791
2007-08-16,29.4323,0.03210441648233659
2007-08-17,30.1047,0.0225885950069364
2007-08-20,30.5867,0.01588396820720234
2007-08-21,30.9965,0.013309020933402232
2007-08-22,31.0955,0.003188819296871566
2007-08-23,30.859,-0.007634672179181147
2007-08-24,30.734,-0.004058908369840634
2007-08-27,30.2921,-0.014482581185375983
2007-08-28,29.4361,-0.028665140188475987
2007-08-29,30.1627,0.02438424941998183
2007-08-30,30.426,0.008691444361666419
2007-08-31,31.0018,0.018747761274659595
2007-09-04,31.4035,0.01287408435500614
2007-09-05,30.7474,-0.02111391383839754
2007-09-06,30.8992,0.004924855768706282
2007-09-07,30.2966,-0.019694798602859925
2007-09-10,30.0154,-0.009324911713045824
2007-09-11,30.435,0.013882678660882332
2007-09-12,30.435,0.0
2007-09-13,30.975,0.017587165569318365
2007-09-14,31.1312,0.00503010421976833
2007-09-17,31.0331,-0.0031561549453216226
2007-09-18,31.9837,0.030172021234556777
2007-09-19,32.5193,0.016607361208477153
2007-09-20,32.0239,-0.015351260205296497
2007-09-21,32.0685,0.0013917408990449264
2007-09-24,32.7567,0.021233281383831574
2007-09-25,32.2849,-0.014507892650293237
2007-09-26,32.4391,0.004764856675869346
2007-09-27,32.675,0.007245774174442473
2007-09-28,32.5253,-0.004592011480157473
2007-10-01,33.2057,0.02070329990281999
2007-10-02,33.7274,0.015589015453902474
2007-10-03,33.7229,-0.00013343157870842595
2007-10-04,33.8862,0.004830720052832793
2007-10-05,34.671,0.02289575080043913
2007-10-08,34.24,-0.012509051387872559
2007-10-09,34.3852,0.004231687971090602
2007-10-10,34.3852,0.0
2007-10-11,34.1765,-0.006087965864109363
2007-10-12,33.9225,-0.007459762342551882
2007-10-15,33.233,-0.02053515287886053
2007-10-16,32.7884,-0.013468563857526265
2007-10-17,32.6977,-0.0027700552635336866
2007-10-18,32.7657,0.0020774974858413626
2007-10-19,31.5591,-0.03752025806310484
2007-10-22,31.9628,0.012710748111687797
2007-10-23,32.2758,0.00974499683987112
2007-10-24,32.1216,-0.004789022373922893
2007-10-25,32.1125,-0.000283338602420946
2007-10-26,32.3847,0.008440726608032866
2007-10-29,32.1624,-0.006888020652043462
2007-10-30,32.362,0.0061868265856250765
2007-10-31,32.9245,0.017232166507566014
2007-11-01,31.7315,-0.03690718313414658
2007-11-02,31.119,-0.01949131323323528
2007-11-05,30.7561,-0.011730216555050934
2007-11-06,30.9739,0.007056565811783496
2007-11-07,30.0303,-0.030938042419204122
2007-11-08,30.1392,0.0036197780904884216
2007-11-09,30.0757,-0.002109113310467337
2007-11-12,30.1528,0.0025602511141778893
2007-11-13,31.2234,0.03489002585645444
2007-11-14,30.7607,-0.014929912500424015
2007-11-15,30.5838,-0.005767444199818033
2007-11-16,30.1437,-0.014494510890611219
2007-11-19,29.427,-0.024063325864841154
2007-11-20,28.86,-0.01945606690456351
2007-11-21,28.8554,-0.00015940286335154664
2007-11-23,29.3454,0.01683865437726316
2007-11-26,27.8529,-0.052198714643504895
2007-11-27,28.3791,0.018715868539341034
2007-11-28,29.5041,0.03887627798389971
2007-11-29,29.5495,0.0015375864958088793
2007-11-30,29.8988,0.011751522576813805
2007-12-03,29.6221,-0.009297641443625932
2007-12-04,28.9099,-0.024336607356819598
2007-12-05,29.7899,0.029985312876855914
2007-12-06,30.797,0.033247872749779764
2007-12-07,30.6518,-0.004725894411029743
2007-12-10,31.2914,0.020651911182015655
2007-12-11,29.6674,-0.05329449954952941
2007-12-12,29.6448,-0.0007620692233214984
2007-12-13,29.2229,-0.014334082147400059
2007-12-14,28.488,-0.025469702513443607
2007-12-17,27.6941,-0.02826355185902816
2007-12-18,27.8937,0.007181462761143195
2007-12-19,28.2929,0.014210032902871046
2007-12-20,28.3238,0.0010915508345794658
2007-12-21,28.7307,0.014263796854835498
2007-12-24,29.6877,0.03276658114439504
2007-12-26,29.3132,-0.012694892095896738
2007-12-27,28.5457,-0.026531614719347448
2007-12-28,28.2082,-0.01189359598146849
2007-12-31,28.3931,0.006533442084106614
2008-01-02,28.3284,-0.0022813228867562584
2008-01-03,27.3066,-0.03673640380105291
2008-01-04,26.3264,-0.03655619322138365
2008-01-07,26.5761,0.00944007766488349
2008-01-08,25.656,-0.03523485326650397
2008-01-09,26.1091,0.017506450174199405
2008-01-10,26.5437,0.01650851883001752
2008-01-11,26.5114,-0.0012176022282701098
2008-01-14,26.405,-0.004021443007903987
2008-01-15,25.7577,-0.024819774623236025
2008-01-16,26.1507,0.015142347259445178
2008-01-17,25.8086,-0.013168189077413564
2008-01-18,25.5173,-0.01135111621129216
2008-01-22,26.3403,0.03174343226551514
2008-01-23,28.2729,0.07080366291504558
2008-01-24,28.014,-0.009199363470105668
2008-01-25,27.7181,-0.010618755812844277
2008-01-28,28.6151,0.0318489211215758
2008-01-29,28.3978,-0.0076228731477103635
2008-01-30,27.7089,-0.02455801615126968
2008-01-31,28.2776,0.020316310571054062
2008-02-01,29.3363,0.03675568526213532
2008-02-04,29.0682,-0.009180863910746963
2008-02-05,28.0418,-0.035948539034447634
2008-02-06,27.584,-0.0164603596333187
2008-02-07,28.1712,0.021064285008760078
2008-02-08,27.3344,-0.030154197265087068
2008-02-11,26.7795,-0.020509312785966547
2008-02-12,27.5424,0.028089966034029357
2008-02-13,27.7597,0.007858693190763662
2008-02-14,27.2419,-0.018829099447806953
2008-02-15,27.4638,0.0081125446524864
2008-02-19,27.1587,-0.01117133683013558
2008-02-20,27.5655,0.014867553783125665
2008-02-21,27.0015,-0.0206725708047198
2008-02-22,27.5748,0.02100989215002199
2008-02-25,28.4163,0.030060612019708766
2008-02-26,28.4116,-0.00016541170835863164
2008-02-27,28.2776,-0.004727540680443467
2008-02-28,27.7828,-0.017652847613983794
2008-02-29,27.3667,-0.015090178367349159
2008-03-03,27.5239,0.005727772324455737
2008-03-04,27.4314,-0.0033663754853325116
2008-03-05,27.4731,0.0015190014668413152
2008-03-06,26.4004,-0.03982818256965327
2008-03-07,26.7194,0.01201073177386636
2008-03-10,26.4004,-0.012010731773866301
2008-03-11,28.0418,0.06031709256196236
2008-03-12,27.5609,-0.017298152479117684
2008-03-13,27.8568,0.010679000104901958
2008-03-14,27.4777,-0.013702335123398222
2008-03-17,27.4453,-0.001179833722062493
2008-03-18,28.6151,0.04173961763066189
2008-03-19,28.481,-0.004697352238685381
2008-03-20,29.5906,0.038219545040287926
2008-03-24,30.0437,0.015196245091909323
2008-03-25,30.3151,0.008992949796169524
2008-03-26,29.6644,-0.021698264564592
2008-03-27,29.3882,-0.009354440416959332
2008-03-28,29.0652,-0.011051650975572622
2008-03-31,29.2056,0.004818889450418918
2008-04-01,30.7925,0.05291068212493942
2008-04-02,30.6755,-0.0038068634508690523
2008-04-03,31.4151,0.02382437865995294
2008-04-04,30.9657,-0.014408528739823142
2008-04-07,30.8674,-0.00317952950160617
2008-04-08,30.5117,-0.011590394188598264
2008-04-09,29.8282,-0.022655961844196153
2008-04-10,30.0951,0.008908113036949272
2008-04-11,29.7252,-0.012367196907955926
2008-04-14,29.5614,-0.005525714639812957
2008-04-15,29.8657,0.01024120846001104
2008-04-16,31.0172,0.03783122461118398
2008-04-17,31.1717,0.004968742584707573
2008-04-18,31.1343,-0.0012005265782409815
2008-04-21,30.8066,-0.010581152597294452
2008-04-22,30.6334,-0.005638035768182908
2008-04-23,31.1249,0.015917224958577617
2008-04-24,31.7756,0.020690557738408492
2008-04-25,31.8598,0.002646327331581068
2008-04-28,31.8224,-0.0011745826714495782
2008-04-29,31.4854,-0.010646498004397546
2008-04-30,31.0172,-0.01498205699370935
2008-05-01,31.6913,0.021500305937239554
2008-05-02,31.6164,-0.002366221958691521
2008-05-05,31.6117,-0.00014866807665122
2008-05-06,31.7662,0.004875526202299479
2008-05-07,30.9002,-0.027640175058271637
2008-05-08,30.8113,-0.002881150563404939
2008-05-09,30.6147,-0.006401220047431141
2008-05-12,31.3215,0.02282447693226241
2008-05-13,31.4151,0.0029839063464971323
2008-05-14,31.6586,0.007721164596799082
2008-05-15,32.0237,0.011466420032987852
2008-05-16,31.8224,-0.006305809345528325
2008-05-19,31.8224,0.0
2008-05-20,31.4105,-0.013028212405693901
2008-05-21,30.7083,-0.022609255562031628
2008-05-22,30.4836,-0.007344142278918229
2008-05-23,30.3666,-0.0038455138744898495
2008-05-27,30.727,0.011798426699902241
2008-05-28,30.8066,0.002587205832296565
2008-05-29,31.0219,0.006964453940660269
2008-05-30,30.9236,-0.0031737602412645885
2008-06-02,30.4742,-0.014639222439965448
2008-06-03,30.5913,0.0038352308106948565
2008-06-04,30.8113,0.007165851003222499
2008-06-05,31.5368,0.02327361211093545
2008-06-06,30.2214,-0.042604835214855086
2008-06-09,29.5708,-0.02176289476184263
2008-06-10,29.6925,0.004107100720762769
2008-06-11,29.1729,-0.017654292518729808
2008-06-12,29.4303,0.008784559725816115
2008-06-13,29.9687,0.018128747804387148
2008-06-16,30.39,0.013960103250969977
2008-06-17,29.4912,-0.03002169316948546
2008-06-18,29.0886,-0.013745568914176583
2008-06-19,29.7112,0.021177734254733772
2008-06-20,29.0324,-0.023111631383670606
2008-06-23,28.4754,-0.01937189107151213
2008-06-24,28.5652,0.0031486370826788027
2008-06-25,28.9846,0.014575460727698353
2008-06-26,28.0505,-0.03275819733318852
2008-06-27,27.7455,-0.01093279224120299
2008-06-30,27.7598,0.0005152661211230817
2008-07-01,27.8313,0.0025723556262196305
2008-07-02,27.3404,-0.017795824861233517
2008-07-03,27.1927,-0.005416906838663756
2008-07-07,26.6065,-0.021793008089374975
2008-07-08,28.5032,0.06886081483470638
2008-07-09,26.4111,-0.07623198534187194
2008-07-10,26.9782,0.021244756136522026
2008-07-11,26.9782,0.0
2008-07-14,25.9298,-0.03963624602083591
2008-07-15,25.7821,-0.005712433758731604
2008-07-16,27.5453,0.06615146944576761
2008-07-17,27.9552,0.014771306674026858
2008-07-18,27.979,0.0008509999762695079
2008-07-21,28.1649,0.006622293049927358
2008-07-22,29.0132,0.029674377006300608
2008-07-23,29.6756,0.022574260490197496
2008-07-24,27.8313,-0.06416387270300634
2008-07-25,28.3364,0.01798591063138865
2008-07-28,27.7503,-0.020900546314489694
2008-07-29,29.1466,0.04909161697003158
2008-07-30,29.0132,-0.0045873690741216645
2008-07-31,28.6939,-0.011066342219741546
2008-08-01,28.6367,-0.001995444630961748
2008-08-04,28.2697,-0.012898552296969967
2008-08-05,29.5469,0.044188271718540756
2008-08-06,29.3944,-0.005174651400329069
2008-08-07,28.6605,-0.025284311845763498
2008-08-08,29.6327,0.03335861312939596
2008-08-11,30.4571,0.027440654811031466
2008-08-12,29.7375,-0.023910260476854232
2008-08-13,29.3229,-0.014040094906942012
2008-08-14,29.7757,0.015323843898633682
2008-08-15,29.7232,-0.0017647389657650333
2008-08-18,29.1895,-0.018118830089504667
2008-08-19,28.5747,-0.021287344627399254
2008-08-20,28.6414,0.00233151264119107
2008-08-21,28.1315,-0.017963278645653315
2008-08-22,29.0465,0.032008049178042626
2008-08-25,28.2411,-0.02811963040388119
2008-08-26,28.4651,0.007900411775322717
2008-08-27,28.6796,0.007507293149643958
2008-08-28,29.5469,0.029792762778830657
2008-08-29,29.28,-0.009074142318484446
2008-09-02,29.5564,0.009395613372784844
2008-09-03,30.0044,0.015043735108422504
2008-09-04,29.2038,-0.02704519978086356
2008-09-05,29.2181,0.000489542458755394
2008-09-08,30.4285,0.04059128898130634
2008-09-09,29.18,-0.0418961261388766
2008-09-10,29.3467,0.005696560742208568
2008-09-11,29.6517,0.010339355545052104
2008-09-12,29.9472,0.009916371660594052
2008-09-15,28.1124,-0.06322507089989216
2008-09-16,29.2705,0.040369422752154265
2008-09-17,27.5787,-0.05953644724602962
2008-09-18,29.8996,0.08080136673200713
2008-09-19,30.9623,0.03492523298715572
2008-09-22,28.3603,-0.08778005548064621
2008-09-23,28.5699,0.007363436174303765
2008-09-24,28.616,0.001612285895169278
2008-09-25,28.9816,0.012695143901769857
2008-09-26,29.8784,0.03047466544898319
2008-09-29,27.646,-0.0776547592653041
2008-09-30,29.6396,0.06963025301800546
2008-10-01,28.9036,-0.025145150225619587
2008-10-02,27.0514,-0.0662273948739631
2008-10-03,26.0668,-0.03707628600100054
2008-10-06,25.1066,-0.037531714179499034
2008-10-07,22.9523,-0.08971261043008552
2008-10-08,22.6354,-0.013903096870930708
2008-10-09,20.8418,-0.08255446696293933
2008-10-10,22.8207,0.09070743329395872
2008-10-13,24.2878,0.06230614785011975
2008-10-14,22.6354,-0.07045911418113902
2008-10-15,19.9839,-0.1245881031115733
2008-10-16,20.8759,0.043668434212503146
2008-10-17,20.6517,-0.010797743106226733
2008-10-20,20.8028,0.007289952558274298
2008-10-21,20.0912,-0.03480568477948745
2008-10-22,18.8434,-0.06411918829527696
2008-10-23,18.1805,-0.03581312883587146
2008-10-24,17.1521,-0.05822897602613753
2008-10-27,16.1675,-0.059117560756665584
2008-10-28,18.7069,0.14588938542131005
2008-10-29,18.044,-0.036079220213771385
2008-10-30,19.0091,0.05210459233002997
2008-10-31,20.2325,0.06237241051154048
2008-11-03,19.5696,-0.033312880636758316
2008-11-04,20.6663,0.05452701253314624
2008-11-05,18.6338,-0.10352721838205883
2008-11-06,17.7126,-0.05070088517077105
2008-11-07,18.8872,0.0642081932205884
2008-11-10,17.1959,-0.09381346064062522
2008-11-11,16.9571,-0.01398435813407538
2008-11-12,15.7434,-0.07426539534956098
2008-11-13,17.4737,0.10427566353649281
2008-11-14,15.5095,-0.11924415396156195
2008-11-17,14.9733,-0.03518412438275632
2008-11-18,14.8027,-0.0114590184560503
2008-11-19,12.8141,-0.14426346941293627
2008-11-20,11.81,-0.08159949694152202
2008-11-21,12.546,0.06045525946528049
2008-11-24,14.7296,0.16045718496623382
2008-11-25,15.0562,0.02193079185471195
2008-11-26,15.8068,0.04865036069746034
2008-11-28,15.5972,-0.013348816226704648
2008-12-01,12.585,-0.2145857823789735
2008-12-02,14.2568,0.12472835728947318
2008-12-03,15.0562,0.05455588061874459
2008-12-04,14.6224,-0.02923526695969693
2008-12-05,16.1334,0.09833705774154348
2008-12-08,17.7028,0.09283116188178589
2008-12-09,16.1675,-0.09071976482051881
2008-12-10,17.5566,0.08242689325334442
2008-12-11,15.0513,-0.15396558138995736
2008-12-12,16.6305,0.09977399269638124
2008-12-15,16.0456,-0.03580369020867904
2008-12-16,18.0099,0.11548693801189998
2008-12-17,18.3413,0.018233740929773475
2008-12-18,16.8157,-0.08684237380815153
2008-12-19,17.9953,0.0677976388663903
2008-12-22,17.3763,-0.03500340389375876
2008-12-23,17.2203,-0.0090182883452355
2008-12-24,17.507,0.016511880500177357
2008-12-26,17.7585,0.014263473586868294
2008-12-29,16.7373,-0.059224512807597836
2008-12-30,17.4064,0.03919819295461534
2008-12-31,18.337,0.052082921882346284
2009-01-02,17.7535,-0.03233819698504315
2009-01-05,17.1599,-0.03400741304497558
2009-01-06,18.2918,0.06387760545749971
2009-01-07,17.6981,-0.032995582809340895
2009-01-08,17.5522,-0.00827799100435928
2009-01-09,16.853,-0.04065061568692539
2009-01-12,15.6758,-0.07241056059461007
2009-01-13,16.1738,0.03127452717298716
2009-01-14,15.3035,-0.05531108866509621
2009-01-15,15.8066,0.03234601392339952
2009-01-16,16.4052,0.03717078341324659
2009-01-20,14.569,-0.118702374071951
2009-01-21,16.0632,0.09763495780054608
2009-01-22,15.213,-0.05438061599141332
2009-01-23,15.6758,0.0299677964182813
2009-01-26,15.5852,-0.005796375910211443
2009-01-27,15.8066,0.014105828341501902
2009-01-28,17.1749,0.0830214413445967
2009-01-29,15.7915,-0.08397719508608385
2009-01-30,15.1174,-0.04362542229606241
2009-02-02,15.4896,0.024322432690656377
2009-02-03,15.3337,-0.010115810405118655
2009-02-04,14.9614,-0.02457946952312494
2009-02-05,14.6445,-0.021408712703727604
2009-02-06,15.6054,0.06355216985252587
2009-02-09,15.8921,0.01820512220253108
2009-02-10,14.4785,-0.09315733997534133
2009-02-11,14.7552,0.01893077259883482
2009-02-12,14.5036,-0.017198668557003187
2009-02-13,13.6182,-0.06298976107590436
2009-02-17,12.6473,-0.07396337974027913
2009-02-18,12.8284,0.014217709477538558
2009-02-19,12.275,-0.044096789454017085
2009-02-20,12.8131,0.0429034113898793
2009-02-23,11.9933,-0.06611992454189418
2009-02-24,13.1051,0.08865330689300145
2009-02-25,12.8284,-0.02134000428696964
2009-02-26,12.1794,-0.0519154631499613
2009-02-27,12.0184,-0.013307191218563184
2009-03-02,11.2689,-0.06439208973709247
2009-03-03,11.3141,0.004003016459954852
2009-03-04,11.4952,0.015879821443920653
2009-03-05,10.7859,-0.06368983133838524
2009-03-06,10.479,-0.028866471101670146
2009-03-09,10.8765,0.03723124400481559
2009-03-10,12.3907,0.130341692722667
2009-03-11,12.1895,-0.01637126579557178
2009-03-12,13.1705,0.077404554681953
2009-03-13,12.9038,-0.020457638473928074
2009-03-16,11.8876,-0.08202600159892708
2009-03-17,12.7881,0.0730192109642989
2009-03-18,13.4874,0.05324086528618074
2009-03-19,12.6624,-0.06311894407532456
2009-03-20,11.5808,-0.0892884178216819
2009-03-23,13.4824,0.15203657679238694
2009-03-24,12.3454,-0.08810160712535875
2009-03-25,12.6605,0.025203386352603822
2009-03-26,12.9438,0.022129998615557804
2009-03-27,12.3669,-0.04559336033066499
2009-03-30,11.6922,-0.05610159587580423
2009-03-31,12.506,0.06728657632909944
2009-04-01,12.3309,-0.014100221931960893
2009-04-02,13.3404,0.0786887178322873
2009-04-03,14.5354,0.08579002836658622
2009-04-06,14.3242,-0.01463663879302366
2009-04-07,13.258,-0.07734927079979537
2009-04-08,13.4589,0.015039453432267312
2009-04-09,15.2153,0.12266090328724247
2009-04-13,15.2977,0.0054009897620890274
2009-04-14,13.9997,-0.08866658948656378
2009-04-15,15.1844,0.08123268422584684
2009-04-16,15.7252,0.03499593606649559
2009-04-17,16.0085,0.017855310069880427
2009-04-20,14.3603,-0.10865237640969866
2009-04-21,15.4728,0.07461618891562388
2009-04-22,15.0659,-0.026649731762742688
2009-04-23,15.7664,0.04544718144786673
2009-04-24,16.6936,0.05714431906953099
2009-04-27,15.5243,-0.07261887420084312
2009-04-28,15.7304,0.013188607627015387
2009-04-29,16.2867,0.034753677960117954
2009-04-30,16.3433,0.003469203602012496
2009-05-01,15.8179,-0.03267581725984454
2009-05-04,17.1108,0.07856763292844077
2009-05-05,16.4721,-0.03804180247866842
2009-05-06,17.1005,0.03743966223195396
2009-05-07,16.127,-0.05861281684884385
2009-05-08,17.1983,0.06431565572700754
2009-05-11,16.5442,-0.038774954497583725
2009-05-12,16.4978,-0.002808548544279861
2009-05-13,15.4162,-0.0678081341216223
2009-05-14,15.7819,0.02344480918433751
2009-05-15,15.2514,-0.03419241162779181
2009-05-18,16.4772,0.07730630501512328
2009-05-19,16.163,-0.019252927705897694
2009-05-20,16.0343,-0.007994501741207567
2009-05-21,16.0806,0.002883398801063254
2009-05-22,15.684,-0.02497249205744213
2009-05-26,16.6163,0.05774305686759445
2009-05-27,16.0188,-0.03662110883012972
2009-05-28,16.3691,0.021632378784688253
2009-05-29,16.7039,0.02024681384003211
2009-06-01,17.631,0.05401649120635293
2009-06-02,17.2653,-0.020960009413018434
2009-06-03,17.2344,-0.0017913204035242072
2009-06-04,17.7855,0.03147613210201728
2009-06-05,17.7392,-0.0026066385481476845
2009-06-08,17.4507,-0.01639711757890292
2009-06-09,17.4147,-0.002065085316315484
2009-06-10,17.1108,-0.017604834046794943
2009-06-11,16.7605,-0.020684915549432116
2009-06-12,17.3683,0.0356217780283226
2009-06-15,16.5442,-0.04861111834502495
2009-06-16,16.2661,-0.016952399709174164
2009-06-17,15.9313,-0.020797459895584167
2009-06-18,16.0394,0.006762467631893921
2009-06-19,16.1991,0.009907489884577986
2009-06-22,15.4007,-0.050542722207504436
2009-06-23,15.4677,0.004341015745204287
2009-06-24,15.8436,0.024011654613802835
2009-06-25,16.0536,0.01316749019915226
2009-06-26,16.19,0.008460644199372959
2009-06-29,16.1795,-0.0006487588852640828
2009-06-30,16.274,0.0058237334701857985
2009-07-01,16.5574,0.01726438952518161
2009-07-02,15.7229,-0.0517148834411277
2009-07-06,16.0693,0.02179237101465755
2009-07-07,15.45,-0.039301616029422615
2009-07-08,15.3031,-0.00955358108980077
2009-07-09,15.0145,-0.019039021406418558
2009-07-10,14.9935,-0.0013996269946796281
2009-07-13,15.5917,0.03912194753107706
2009-07-14,15.7544,0.01038096995191704
2009-07-15,16.3317,0.03598831310633416
2009-07-16,16.5364,0.01245600729154996
2009-07-17,16.0798,-0.02800018587120881
2009-07-20,16.6466,0.034642165507206446
2009-07-21,16.5941,-0.0031587808712385096
2009-07-22,16.6203,0.001577629307416656
2009-07-23,17.2816,0.03901751187616337
2009-07-24,17.4023,0.0069600297109335685
2009-07-27,17.6542,0.014371334018171773
2009-07-28,17.6384,-0.0008953718941397567
2009-07-29,17.418,-0.012574189246490607
2009-07-30,18.0793,0.03726348312980815
2009-07-31,18.0635,-0.0008743097383977493
2009-08-03,18.3522,0.01585613066044302
2009-08-04,19.3335,0.05208988420840582
2009-08-05,20.105,0.039129197818430446
2009-08-06,20.1148,0.00048732217434918455
2009-08-07,21.0496,0.04542569504895979
2009-08-10,20.6036,-0.021415739763732306
2009-08-11,20.0053,-0.029468579361121017
2009-08-12,20.1732,0.008357752397183492
2009-08-13,20.2729,0.004930027959947679
2009-08-14,20.0893,-0.00909768379059424
2009-08-17,18.9819,-0.05670144146857842
2009-08-18,19.2076,0.011820140500071559
2009-08-19,19.0659,-0.007404634926725335
2009-08-20,19.8164,0.03860847857285072
2009-08-21,20.3097,0.024588726742607554
2009-08-24,20.4554,0.007148301876704564
2009-08-25,20.4933,0.0018510971445842778
2009-08-26,20.5563,0.003069459846785556
2009-08-27,20.7557,0.009653444446551893
2009-08-28,20.9394,0.008811643987666188
2009-08-31,20.6193,-0.015405021347834396
2009-09-01,19.5067,-0.05546953408906181
2009-09-02,19.1131,-0.020384032470059092
2009-09-03,19.4595,0.01796141886724683
2009-09-04,19.6694,0.010728745934168078
2009-09-08,20.4094,0.03693145040419697
2009-09-09,20.8082,0.019351560752566072
2009-09-10,21.1179,0.014773882288237023
2009-09-11,21.0811,-0.001744117601300203
2009-09-14,21.6899,0.028469809933699113
2009-09-15,22.052,0.01655658631883023
2009-09-16,22.9809,0.04126013541712534
2009-09-17,22.8444,-0.0059574254269562305
2009-09-18,22.8812,0.0016096019711136966
2009-09-21,22.5243,-0.01572088625878124
2009-09-22,23.2223,0.030518297475340864
2009-09-23,22.3984,-0.036123496166855784
2009-09-24,21.6488,-0.034039502077803714
2009-09-25,21.7179,0.0031867796479379536
2009-09-28,22.6164,0.04053850151988734
2009-09-29,22.2442,-0.01659400635491316
2009-09-30,22.0369,-0.00936297943896135
2009-10-01,21.048,-0.045912777296579346
2009-10-02,20.8992,-0.007094663011790541
2009-10-05,21.4468,0.025864569369578757
2009-10-06,21.4149,-0.0014885086634435034
2009-10-07,21.3989,-0.0007474225948107075
2009-10-08,21.8083,0.01895111244169506
2009-10-09,21.989,0.008251697037413063
2009-10-12,21.9625,-0.001205874803418108
2009-10-13,21.6541,-0.014141640550753764
2009-10-14,22.4463,0.035930976952604075
2009-10-15,22.2549,-0.00856358082961938
2009-10-16,21.6701,-0.026628778873160907
2009-10-19,22.1379,0.021357641621059978
2009-10-20,21.7285,-0.018666308939794582
2009-10-21,21.4627,-0.01230821813445801
2009-10-22,22.0263,0.025920649157861388
2009-10-23,21.7658,-0.011897263328137923
2009-10-26,21.702,-0.002935508390800607
2009-10-27,21.3883,-0.01456037865295422
2009-10-28,20.4632,-0.0442158925141664
2009-10-29,21.3989,0.04471136780663024
2009-10-30,21.0533,-0.016282201400004716
2009-11-02,21.048,-0.0002517736995294237
2009-11-03,21.3936,0.01628626814027251
2009-11-04,20.8992,-0.023380931152062974
2009-11-05,21.4095,0.02412386802959485
2009-11-06,21.0214,-0.01829378228987355
2009-11-09,22.0582,0.04814344838209593
2009-11-10,21.8933,-0.007503760906609961
2009-11-11,22.2974,0.018289425799046338
2009-11-12,22.0741,-0.010065104183479447
2009-11-13,22.3718,0.013396261616295155
2009-11-16,22.8982,0.02325706767748826
2009-11-17,22.5154,-0.016858785321214282
2009-11-18,22.9354,0.01848204896048567
2009-11-19,22.3984,-0.023692040751606528
2009-11-20,22.2389,-0.007146520010904143
2009-11-23,22.5207,0.012591878542238713
2009-11-24,22.1847,-0.015032024180756788
2009-11-25,22.2761,0.0041114927646347605
2009-11-27,21.6275,-0.029548701781243806
2009-11-30,22.4516,0.037396228064072064
2009-12-01,22.7759,0.014341078243050873
2009-12-02,23.1374,0.015747396522646034
2009-12-03,22.8769,-0.011322688080586856
2009-12-04,23.5574,0.029312328335578158
2009-12-07,23.0577,-0.0214402260997788
2009-12-08,22.9247,-0.005784838150960574
2009-12-09,22.8769,-0.0020872640848388006
2009-12-10,22.7918,-0.003726845673243255
2009-12-11,23.1534,0.015740815850366036
2009-12-14,23.6129,0.01965153486543656
2009-12-15,23.3557,-0.010952107190518826
2009-12-16,23.5096,0.006567782697042332
2009-12-17,23.366,-0.006126874075700892
2009-12-18,23.4777,0.004769060159980659
2009-12-21,23.8392,0.015280250132181594
2009-12-22,24.0891,0.010428171441388868
2009-12-23,24.4134,0.013372705854188989
2009-12-24,24.7391,0.013252826085256717
2009-12-28,24.8468,0.004343983646961572
2009-12-29,24.5022,-0.01396606217727875
2009-12-30,24.5129,0.0004366001566851254
2009-12-31,24.2168,-0.012152902411330931
2010-01-04,23.9475,-0.011182672908080877
2010-01-05,23.9475,0.0
2010-01-06,23.9098,-0.0015755175406226936
2010-01-07,24.2598,0.014532242724551564
2010-01-08,24.0014,-0.010708497478882341
2010-01-11,24.1414,0.005816047036780089
2010-01-12,23.7375,-0.016872132878332047
2010-01-13,24.2168,0.019990531044586427
2010-01-14,24.1952,-0.0008923408011769034
2010-01-15,24.0067,-0.007821308326964718
2010-01-19,24.5022,0.02042995138278736
2010-01-20,24.1952,-0.012608643055822747
2010-01-21,23.5275,-0.02798431663100781
2010-01-22,22.8382,-0.029735377175427274
2010-01-25,23.102,0.01148462129110994
2010-01-26,22.8597,-0.010543658945516078
2010-01-27,23.0913,0.01008038828975567
2010-01-28,22.892,-0.00866841866387235
2010-01-29,22.682,-0.009215846153717153
2010-02-01,23.1828,0.021838966011233016
2010-02-02,23.4952,0.013385520563634078
2010-02-03,23.1128,-0.016409568349818476
2010-02-04,22.2566,-0.03774798277820201
2010-02-05,22.6658,0.01821858664290661
2010-02-08,22.1704,-0.022099114617794777
2010-02-09,22.1166,-0.0024296080775440525
2010-02-10,22.1435,0.0012155419130169137
2010-02-11,22.3499,0.009277847076067698
2010-02-12,22.6174,0.011897674776202322
2010-02-16,23.2044,0.025622394309569276
2010-02-17,23.479,0.011764488752711025
2010-02-18,23.7967,0.013440510986566585
2010-02-19,23.8344,0.001582999673434537
2010-02-22,23.8937,0.0024849105878383807
2010-02-23,23.7106,-0.007692620327678778
2010-02-24,23.9529,0.010167196586363976
2010-02-25,24.0552,0.004261787274984125
2010-02-26,24.0337,-0.0008941773021438398
2010-03-01,24.1252,0.003799925251641548
2010-03-02,24.2491,0.005122565946584093
2010-03-03,24.1521,-0.004008170452889287
2010-03-04,24.3352,0.007552529026986707
2010-03-05,24.9761,0.025995505741942385
2010-03-08,25.2507,0.010934510500626186
2010-03-09,25.3099,0.0023417454323434914
2010-03-10,25.5361,0.008897513758110355
2010-03-11,25.6869,0.005887997019594558
2010-03-12,25.8969,0.008142136102821818
2010-03-15,25.8323,-0.0024976235310769715
2010-03-16,26.4731,0.024503476204202165
2010-03-17,26.8501,0.014140422247351769
2010-03-18,26.7047,-0.0054299654654293645
2010-03-19,26.4139,-0.010949193133977424
2010-03-22,26.7208,0.011551901596691743
2010-03-23,26.7101,-0.00040051730901162106
2010-03-24,26.8178,0.004024075120965031
2010-03-25,26.8997,0.0030492879772854716
2010-03-26,26.7912,-0.004041658742752781
2010-03-29,26.7966,0.00020153841054411674
2010-03-30,26.7857,-0.0004068507753626024
2010-03-31,26.4602,-0.012226445784445724
2010-04-01,26.585,0.004705429719070973
2010-04-05,27.2089,0.023196978707832494
2010-04-06,27.8817,0.0244264339790079
2010-04-07,27.1981,-0.024823441722197397
2010-04-08,27.2469,0.001792635249091814
2010-04-09,27.6538,0.014823397543434301
2010-04-12,27.4585,-0.0070873767745990805
2010-04-13,28.1313,0.024207061501458113
2010-04-14,28.1747,0.0015415766914665715
2010-04-15,27.4097,-0.02752744678761474
2010-04-16,26.7478,-0.024444738374960723
2010-04-19,26.8834,0.0050567687820212365
2010-04-20,27.2469,0.013430757418794152
2010-04-21,27.8274,0.021081393641236203
2010-04-22,28.2561,0.015288216675361916
2010-04-23,28.6304,0.013159726884505191
2010-04-26,28.8583,0.00792855618070878
2010-04-27,27.936,-0.032481466894656974
2010-04-28,28.0228,0.0031022848815496023
2010-04-29,29.2869,0.04412185252962253
2010-04-30,28.3591,-0.03219235074579732
2010-05-03,29.3195,0.03330485734447401
2010-05-04,28.6521,-0.023026084763171084
2010-05-05,28.2669,-0.013535230091210519
2010-05-06,27.1058,-0.04194378168625319
2010-05-07,26.6324,-0.017619207441090634
2010-05-10,28.2127,0.05764371148948137
2010-05-11,28.5545,0.012042310720437592
2010-05-12,29.0373,0.016766668532287317
2010-05-13,28.587,-0.015629141393360396
2010-05-14,27.6593,-0.032990050420748346
2010-05-17,27.6918,0.0011743218738156415
2010-05-18,26.9973,-0.025399479483232287
2010-05-19,26.7261,-0.01009624497735292
2010-05-20,25.4565,-0.04866950288935008
2010-05-21,26.3571,0.03476657527039385
2010-05-24,25.641,-0.027545055555695804
2010-05-25,25.8417,0.0077968333720622425
2010-05-26,25.7929,-0.001890205967692405
2010-05-27,27.2089,0.053444865407774
2010-05-28,26.8074,-0.01486615685828467
2010-06-01,26.3029,-0.01899876954130105
2010-06-02,26.8183,0.019405291046851954
2010-06-03,26.7423,-0.002837908873572326
2010-06-04,25.2232,-0.05848237552422325
2010-06-07,25.093,-0.005175283133521438
2010-06-08,25.5433,0.017786128561325068
2010-06-09,25.6952,0.005929152687981555
2010-06-10,26.7749,0.041160677470183545
2010-06-11,27.1276,0.013086778302051471
2010-06-14,27.4639,0.012320755216930036
2010-06-15,28.077,0.022078320824674046
2010-06-16,27.822,-0.009123661205850446
2010-06-17,27.8817,0.0021434850057634844
2010-06-18,27.7949,-0.003118009013564534
2010-06-21,27.5779,-0.007837823295361035
2010-06-22,26.7586,-0.030158810333647226
2010-06-23,26.8291,0.0026312023346382165
2010-06-24,26.2612,-0.02139455462724815
2010-06-25,26.9239,0.024921803275237756
2010-06-28,26.6062,-0.01187009664833099
2010-06-29,25.7354,-0.03327679531616286
2010-06-30,25.4397,-0.011556530069143941
2010-07-01,25.374,-0.0025859182311531444
2010-07-02,24.892,-0.019178561011435107
2010-07-06,24.3334,-0.02269657450441564
2010-07-07,25.5164,0.04747149049259217
2010-07-08,25.834,0.012370071114675689
2010-07-09,26.1079,0.010546496712208421
2010-07-12,26.2448,0.005229923654052261
2010-07-13,26.891,0.024323783959139988
2010-07-14,26.5953,-0.01105714968871675
2010-07-15,26.6418,0.0017469025106630664
2010-07-16,25.7792,-0.03291344573522863
2010-07-19,26.0421,0.010146494028070645
2010-07-20,26.5843,0.02060635672205423
2010-07-21,25.9326,-0.02481995149061194
2010-07-22,27.0334,0.041572274060007124
2010-07-23,27.3483,0.011581231173481279
2010-07-26,28.0576,0.025605170296397077
2010-07-27,28.0302,-0.0009770396478266127
2010-07-28,27.9754,-0.001956947786960924
2010-07-29,27.7673,-0.00746648320834041
2010-07-30,27.9042,0.004918145763863304
2010-08-02,28.8353,0.03282311590406749
2010-08-03,28.5615,-0.009540673935536197
2010-08-04,28.7641,0.007068424701529293
2010-08-05,28.3424,-0.014769165169009618
2010-08-06,28.3205,-0.0007729925962303787
2010-08-09,28.6162,0.010387066992405202
2010-08-10,28.315,-0.010581291463533215
2010-08-11,27.5975,-0.0256665106553986
2010-08-12,27.2635,-0.012176377633507608
2010-08-13,27.2525,-0.00040355125648544707
2010-08-16,27.2416,-0.00040004331277578345
2010-08-17,27.8659,0.022658502374761948
2010-08-18,27.8906,0.0008859954127595151
2010-08-19,27.1813,-0.025760477629668734
2010-08-20,27.0937,-0.003228008330401258
2010-08-23,26.9513,-0.005269694866627051
2010-08-24,26.8417,-0.004074885269686606
2010-08-25,27.2744,0.0159918849116131
2010-08-26,27.1046,-0.00624507813177153
2010-08-27,27.5975,0.018021733731789454
2010-08-30,27.3401,-0.009370699976778432
2010-08-31,27.5483,0.0075863387723286565
2010-09-01,28.4464,0.03208078707425028
2010-09-02,28.8079,0.0126280403023952
2010-09-03,29.2296,0.014532239376308062
2010-09-07,28.7805,-0.01548381997474695
2010-09-08,28.8134,0.0011424822274096762
2010-09-09,28.5067,-0.01070140934642088
2010-09-10,28.66,0.005363275034910531
2010-09-13,29.1146,0.015737344171978702
2010-09-14,29.0215,-0.003202831961070583
2010-09-15,29.2734,0.008642319237495843
2010-09-16,29.1201,-0.005250596459906888
2010-09-17,29.2077,0.0030037157534773757
2010-09-20,29.9197,0.024084753176040044
2010-09-21,29.4816,-0.01475078638556457
2010-09-22,29.0818,-0.01365379097094308
2010-09-23,28.3643,-0.02498123678823934
2010-09-24,29.1667,0.027896335378655258
2010-09-27,28.8185,-0.012010105524526556
2010-09-28,28.9235,0.003636871453526876
2010-09-29,28.697,-0.007861825795699598
2010-09-30,28.7799,0.0028846391327723084
2010-10-01,28.9235,0.0049771866629272615
2010-10-04,29.1888,0.009130660570868754
2010-10-05,29.5922,0.013725739038896585
2010-10-06,29.4927,-0.0033680379947497114
2010-10-07,29.5756,0.002806921967601771
2010-10-08,29.6585,0.0027990652048453537
2010-10-11,29.653,-0.00018546150462444126
2010-10-12,29.8077,0.0052034486325601564
2010-10-13,30.178,0.01234643269511191
2010-10-14,30.0951,-0.0027508142861479112
2010-10-15,30.0564,-0.0012867511313840543
2010-10-18,30.4543,0.013151582618796141
2010-10-19,30.0674,-0.012785670945790228
2010-10-20,30.7195,0.021456103758414967
2010-10-21,30.6864,-0.001078072406913569
2010-10-22,30.7085,0.0007199295366400666
2010-10-25,30.7637,0.0017959342544026696
2010-10-26,30.5537,-0.006849632275828646
2010-10-27,30.3051,-0.008169776030331172
2010-10-28,30.1061,-0.006588206153498441
2010-10-29,30.1393,0.001102158948594246
2010-11-01,30.4045,0.008760655794737658
2010-11-02,30.6311,0.007425208930774949
2010-11-03,30.6477,0.000541786079559457
2010-11-04,31.3329,0.02211104493554203
2010-11-05,31.6216,0.00917176766763212
2010-11-08,31.4876,-0.004246613849536432
2010-11-09,30.2111,-0.041384411017258385
2010-11-10,30.5869,0.012362406200381187
2010-11-11,30.3437,-0.007982895015793344
2010-11-12,30.0619,-0.009330328457603159
2010-11-15,29.6861,-0.01257966645869496
2010-11-16,28.7522,-0.0319646367333037
2010-11-17,28.9733,0.007660430181403379
2010-11-18,29.233,0.00892349190021239
2010-11-19,29.3877,0.005278011321195195
2010-11-22,29.4651,0.0026302926835742074
2010-11-23,29.233,-0.007908304004769462
2010-11-24,29.7967,0.019099440987925383
2010-11-26,29.758,-0.0012996457188863906
2010-11-29,29.7193,-0.0013013369961805633
2010-11-30,29.5756,-0.0048469693457583694
2010-12-01,29.758,0.0061483063419389096
2010-12-02,30.2166,0.015293438836890424
2010-12-03,30.2111,-0.00018203572253085021
2010-12-06,30.2719,0.0020104829614826635
2010-12-07,30.3382,0.002187755058782308
2010-12-08,29.8906,-0.014863594842543942
2010-12-09,29.6253,-0.00891532371128594
2010-12-10,29.8188,0.0065103410918911035
2010-12-13,29.8685,0.0016653462792388372
2010-12-14,29.5756,-0.00985471629386363
2010-12-15,29.2938,-0.00957380752741362
2010-12-16,29.3435,0.0016951671342799498
2010-12-17,29.5867,0.008253879358834546
2010-12-20,29.9403,0.011880462952094722
2010-12-21,30.2553,0.010465976760172578
2010-12-22,30.4874,0.007642107762324236
2010-12-23,30.4427,-0.001467255363747159
2010-12-27,30.7997,0.011658721532239912
2010-12-28,30.9229,0.003992060075730244
2010-12-29,30.9845,0.0019900696953817293
2010-12-30,31.0685,0.0027073647143169973
2010-12-31,31.0069,-0.001984683794870153
2011-01-03,31.5837,0.01843140436280622
2011-01-04,30.9789,-0.019334837145941926
2011-01-05,31.0909,0.0036088442867559583
2011-01-06,30.7997,-0.009410222194179136
2011-01-07,30.8109,0.00036357380461720463
2011-01-10,30.8109,0.0
2011-01-11,30.7213,-0.002912298384533316
2011-01-12,30.8669,0.0047281872582646675
2011-01-13,30.9677,0.0032603134584517006
2011-01-14,31.1749,0.006668558053326913
2011-01-18,31.4269,0.008050930202184128
2011-01-19,31.0293,-0.012732294672879391
2011-01-20,31.0349,0.00018045830012143434
2011-01-21,31.0797,0.0014424952513030344
2011-01-24,31.2141,0.0043150428626731584
2011-01-25,31.5669,0.011239187454185917
2011-01-26,31.6285,0.0019495096006886979
2011-01-27,32.1269,0.015635072574563768
2011-01-28,31.5669,-0.017584582175252373
2011-01-31,32.0149,0.014092316169977161
2011-02-01,32.0933,0.0024458661788695443
2011-02-02,32.0933,0.0
2011-02-03,32.1829,0.0027879699806996967
2011-02-04,31.9477,-0.0073350648377312425
2011-02-07,32.2613,0.009768178715399362
2011-02-08,32.4013,0.004330175982867349
2011-02-09,32.4237,0.0006910914274286786
2011-02-10,32.5581,0.004136548745758098
2011-02-11,32.7709,0.0065147408542884375
2011-02-14,32.7765,0.0001708687152694049
2011-02-15,32.6533,-0.0037658726023842614
2011-02-16,32.7261,0.002227002085912887
2011-02-17,32.7597,0.0010261767573583036
2011-02-18,32.8885,0.0039239511598277346
2011-02-22,32.6029,-0.008721811122176407
2011-02-23,32.3285,-0.008452047346168641
2011-02-24,32.0821,-0.007650951922817174
2011-02-25,32.7093,0.019361198935428474
2011-02-28,33.5213,0.024521616540202105
2011-03-01,32.5245,-0.03018740618783217
2011-03-02,32.2277,-0.009167320294307366
2011-03-03,32.6925,0.01431936260258269
2011-03-04,32.3789,-0.009638717713478304
2011-03-07,32.1101,-0.0083363536938565
2011-03-08,32.5973,0.015058840465648354
2011-03-09,32.5637,-0.0010312918149806432
2011-03-10,32.0541,-0.015773070739889716
2011-03-11,32.3884,0.010375233698820624
2011-03-14,32.0653,-0.010025885448091203
2011-03-15,31.9029,-0.005077533802966164
2011-03-16,31.4269,-0.015032700685063587
2011-03-17,31.6677,0.007633019914316814
2011-03-18,31.9869,0.010029210003925178
2011-03-21,32.3335,0.01077740047825784
2011-03-22,32.1269,-0.006410159025843468
2011-03-23,31.7909,-0.01051360012379487
2011-03-24,31.9085,0.0036923466659819055
2011-03-25,32.2475,0.010568088879647346
2011-03-28,32.2079,-0.0012287567832170443
2011-03-29,32.338,0.004031245243685685
2011-03-30,32.8075,0.014414138470681672
2011-03-31,33.0055,0.006017066457496463
2011-04-01,33.1299,0.003761983649132906
2011-04-04,33.1016,-0.0008545783115980494
2011-04-05,33.1356,0.001026613533970404
2011-04-06,33.1525,0.0005098954523109325
2011-04-07,32.7736,-0.011494815316548853
2011-04-08,32.5473,-0.006928897347729953
2011-04-11,32.5699,0.0006941330679888947
2011-04-12,32.5134,-0.0017362369207878576
2011-04-13,32.4625,-0.001566735063672652
2011-04-14,32.9433,0.014702324892093565
2011-04-15,33.3732,0.012965280800769327
2011-04-18,33.0564,-0.00953798914007643
2011-04-19,33.3166,0.007840577734143992
2011-04-20,33.7239,0.012151013532934045
2011-04-21,33.9331,0.006184154388042378
2011-04-25,34.1707,0.006977612526858252
2011-04-26,34.4592,0.008407463784559465
2011-04-27,34.725,0.007683873132216259
2011-04-28,35.1776,0.01294962776200011
2011-04-29,35.0135,-0.004675814995911929
2011-05-02,35.0248,0.00032268059327668293
2011-05-03,34.742,-0.008107052320040846
2011-05-04,34.5271,-0.006204806745394651
2011-05-05,34.5101,-0.0004924881178147851
2011-05-06,34.199,-0.009055630941534904
2011-05-09,34.3743,0.005112788268042808
2011-05-10,34.9174,0.01567608015719517
2011-05-11,34.5497,-0.01058640519226173
2011-05-12,34.6063,0.0016368793058508591
2011-05-13,34.2386,-0.01068208382667125
2011-05-16,34.2952,0.0016517401010371104
2011-05-17,34.2782,-0.000495819088692448
2011-05-18,34.6515,0.010831431142727756
2011-05-19,34.7533,0.00293351678856487
2011-05-20,34.3461,-0.011786056426152297
2011-05-23,33.984,-0.01059864948515427
2011-05-24,34.0802,0.002826744869022325
2011-05-25,34.2386,0.004637092098647101
2011-05-26,34.7816,0.015734848731126377
2011-05-27,34.8947,0.0032464438936571412
2011-05-31,35.4491,0.01576290957369284
2011-06-01,34.4366,-0.028977912515263354
2011-06-02,34.2047,-0.006756890743423076
2011-06-03,34.3234,0.0034642757850256094
2011-06-06,33.82,-0.014774993841524291
2011-06-07,34.1877,0.010813586786061567
2011-06-08,34.0689,-0.0034809855738743545
2011-06-09,33.6729,-0.011691585132491368
2011-06-10,32.8245,-0.02551817176974288
2011-06-13,33.0111,0.0056686807648907295
2011-06-14,33.5146,0.015137296238922876
2011-06-15,32.9546,-0.016850308116798
2011-06-16,33.2148,0.007864703055788498
2011-06-17,33.5315,0.009489735811580403
2011-06-20,33.9388,0.012073607134761426
2011-06-21,34.2216,0.008298120984348926
2011-06-22,34.1028,-0.003477531298420237
2011-06-23,33.3901,-0.02112004349572813
2011-06-24,33.5527,0.00485788822001425
2011-06-27,33.6786,0.0037452837344555314
2011-06-28,33.9476,0.007955538497287183
2011-06-29,34.3024,0.010397163258039176
2011-06-30,34.3939,0.0026639005043878334
2011-07-01,35.0234,0.01813718644975447
2011-07-05,35.2524,0.006517202523302886
2011-07-06,35.5671,0.008887441210998466
2011-07-07,35.964,0.011097384864552952
2011-07-08,35.8933,-0.0019677895722127574
2011-07-11,35.2924,-0.01688300524131074
2011-07-12,35.4126,0.0034000457052755294
2011-07-13,35.0406,-0.01056029980501853
2011-07-14,34.7259,-0.009021582978150323
2011-07-15,35.1322,0.011632282623223808
2011-07-18,34.8689,-0.007522774405676137
2011-07-19,35.4355,0.016118828056893155
2011-07-20,35.7331,0.00836328759097553
2011-07-21,36.002,0.007497062371986772
2011-07-22,36.168,0.0046002575237911285
2011-07-25,35.8189,-0.009699062932333276
2011-07-26,35.899,0.002233752893097255
2011-07-27,34.8918,-0.028457595371468584
2011-07-28,34.9147,0.000656099383910509
2011-07-29,34.8804,-0.000982877100578375
2011-08-01,34.3768,-0.014543148612759658
2011-08-02,33.3066,-0.03162634270624328
2011-08-03,33.0319,-0.008281814334123125
2011-08-04,31.3094,-0.0535553892637508
2011-08-05,30.5539,-0.024426034903772178
2011-08-08,27.973,-0.08825257780592921
2011-08-09,30.5196,0.08712934093212159
2011-08-10,29.8157,-0.023333999755969344
2011-08-11,31.3609,0.05052679363548589
2011-08-12,31.3551,-0.00018496077608693635
2011-08-15,32.4997,0.03585392524995309
2011-08-16,32.4024,-0.002998364394848125
2011-08-17,32.494,0.0028229627785495842
2011-08-18,31.0461,-0.04558226028163115
2011-08-19,30.4395,-0.01973208952293131
2011-08-22,30.4624,0.0007520291182789145
2011-08-23,31.2521,0.025593437703316593
2011-08-24,31.6756,0.013460094486789628
2011-08-25,31.0518,-0.019889890697655056
2011-08-26,31.4639,0.013184079175287829
2011-08-29,32.5111,0.032740712597232276
2011-08-30,32.6027,0.002813537542745333
2011-08-31,32.9919,0.011866969763136575
2011-09-01,32.4596,-0.016265837640513602
2011-09-02,31.6756,-0.024449570740233528
2011-09-06,31.5898,-0.0027123847348713356
2011-09-07,32.7858,0.037161211144444144
2011-09-08,32.5283,-0.007885015154079465
2011-09-09,31.5096,-0.03181821836100134
2011-09-12,31.6127,0.00326667728150621
2011-09-13,31.6928,0.0025305871605415544
2011-09-14,31.8702,0.005581878155828289
2011-09-15,32.4425,0.017797887725499312
2011-09-16,32.7343,0.008954166195241739
2011-09-19,32.019,-0.02209398122455287
2011-09-20,32.0018,-0.000537325382182784
2011-09-21,30.3079,-0.05438374661295968
2011-09-22,29.5238,-0.026211686869777834
2011-09-23,29.8895,0.012310530418238316
2011-09-26,30.3187,0.014257435712267947
2011-09-27,30.6202,0.009895238021324233
2011-09-28,29.8547,-0.025317640506458315
2011-09-29,30.3245,0.015613685267628479
2011-09-30,29.501,-0.027531805571693668
2011-10-03,28.0395,-0.050809930737965324
2011-10-04,29.2864,0.04350901410476392
2011-10-05,28.9964,-0.00995156009343411
2011-10-06,29.7619,0.026057367663276716
2011-10-07,28.9268,-0.028460550964499093
2011-10-10,30.3361,0.047569921432213634
2011-10-11,29.7503,-0.01949920650627149
2011-10-12,30.2607,0.017010624966885955
2011-10-13,30.0403,-0.007310027410806557
2011-10-14,30.7594,0.023655825064957857
2011-10-17,30.0925,-0.021919667323693263
2011-10-18,31.1538,0.03466025689067068
2011-10-19,30.8406,-0.010104224403627543
2011-10-20,30.9682,0.004128867775210598
2011-10-21,31.9889,0.03242809609067107
2011-10-24,32.8066,0.025240747035684585
2011-10-25,32.2324,-0.017657556821018203
2011-10-26,32.4876,0.00788632023049114
2011-10-27,34.0302,0.046389887592913834
2011-10-28,34.0998,0.0020431535068827374
2011-10-31,33.717,-0.011289357965392342
2011-11-01,32.5804,-0.034291280634867166
2011-11-02,33.2589,0.02061151988842112
2011-11-03,33.6996,0.01316356739387825
2011-11-04,33.4445,-0.0075986193108271505
2011-11-07,33.4503,0.0001734066030404138
2011-11-08,33.8852,0.012917585743431697
2011-11-09,32.3194,-0.047310671763177665
2011-11-10,32.3136,-0.00017947488173436605
2011-11-11,33.2009,0.027088789746345973
2011-11-14,32.5862,-0.018688098121716127
2011-11-15,32.8414,0.00780102874640091
2011-11-16,32.5166,-0.009939186445177788
2011-11-17,31.9193,-0.01853988565167329
2011-11-18,32.1222,0.006336537367112499
2011-11-21,31.3103,-0.025600262987964365
2011-11-22,31.0726,-0.007620714983552346
2011-11-23,30.2259,-0.027627229179702437
2011-11-25,30.4347,0.006884232092379059
2011-11-28,31.0378,0.019622411689658316
2011-11-29,30.9914,-0.0014960698720754995
2011-11-30,32.3948,0.04428816944817074
2011-12-01,32.099,-0.009173039087869466
2011-12-02,32.1396,0.0012640376784631769
2011-12-05,32.3948,0.007909001409406258
2011-12-06,32.4006,0.00017902505472579768
2011-12-07,32.7254,0.009974593646972655
2011-12-08,31.9715,-0.023306653834670416
2011-12-09,32.6732,0.021710289047489898
2011-12-12,32.0932,-0.017911000316228484
2011-12-13,31.7163,-0.01181342537531822
2011-12-14,31.9541,0.00746975378555533
2011-12-15,32.4354,0.014949920846860405
2011-12-16,32.795,0.011025645799701238
2011-12-19,32.4934,-0.009239072955994318
2011-12-20,33.4967,0.03040993472645092
2011-12-21,33.4851,-0.00034636274677490316
2011-12-22,33.9664,0.014271236926219956
2011-12-23,34.2227,0.007517365883261377
2011-12-27,34.352,0.0037710745575633225
2011-12-28,33.9405,-0.012051249559070084
2011-12-29,34.2403,0.00879432134004599
2011-12-30,34.0934,-0.004299495747932847
2012-01-03,34.3873,0.00858349299742663
2012-01-04,33.7936,-0.017415874719154262
2012-01-05,34.111,0.009348477468941884
2012-01-06,33.9993,-0.0032799767477558013
2012-01-09,33.8818,-0.0034619391068595263
2012-01-10,34.258,0.011042117013726135
2012-01-11,34.5225,0.00769117130157588
2012-01-12,34.2638,-0.00752188211145382
2012-01-13,34.3755,0.003254698069581508
2012-01-17,34.6224,0.007156770099884105
2012-01-18,34.8517,0.006601045069227692
2012-01-19,34.981,0.0037031404416619828
2012-01-20,35.2044,0.00636601784593183
2012-01-23,35.416,0.00599262063763752
2012-01-24,35.6393,0.006285266126910424
2012-01-25,36.0978,0.012782960096801394
2012-01-26,36.3506,0.006978788379572126
2012-01-27,36.5034,0.004194696901997746
2012-01-30,36.092,-0.011334172802867422
2012-01-31,36.2683,0.004872847372059655
2012-02-01,36.6798,0.011282113306380397
2012-02-02,36.7092,0.0008012100334587264
2012-02-03,37.1853,0.012886117047827972
2012-02-06,37.103,-0.002215693014097254
2012-02-07,37.009,-0.002536702569257272
2012-02-08,37.0736,0.0017439997077207806
2012-02-09,36.8091,-0.007160028802071182
2012-02-10,36.5034,-0.008339690279154344
2012-02-13,36.8326,0.008977915654117031
2012-02-14,36.4094,-0.01155633952696529
2012-02-15,36.2918,-0.003235162626462732
2012-02-16,36.621,0.009030025919961765
2012-02-17,36.6504,0.0008024959691721148
2012-02-21,36.0802,-0.015680103908634595
2012-02-22,35.7393,-0.009493314774987265
2012-02-23,36.2213,0.01339641994235206
2012-02-24,36.2683,0.0012967379206395306
2012-02-27,36.2095,-0.0016225661623376453
2012-02-28,35.992,-0.006024823803105149
2012-02-29,35.8333,-0.004419062872254048
2012-03-01,36.0508,0.006051426218947909
2012-03-02,36.0155,-0.0009796535363457936
2012-03-05,36.38,0.010069771740757212
2012-03-06,35.898,-0.013337589454026464
2012-03-07,36.0861,0.005226166004106917
2012-03-08,35.9039,-0.005061824948695392
2012-03-09,36.0802,0.004898313724948467
2012-03-12,36.3447,0.007304150255929719
2012-03-13,37.0795,0.020015867576355734
2012-03-14,36.9796,-0.002697847005769633
2012-03-15,36.8855,-0.002547889352510251
2012-03-16,37.1441,0.006986423048535933
2012-03-19,37.4263,0.0075687229024996895
2012-03-20,37.3616,-0.0017302268452770127
2012-03-21,37.2793,-0.0022052261790045003
2012-03-22,36.7738,-0.013652577725324485
2012-03-23,37.009,0.006375491216881676
2012-03-26,37.5265,0.013886223763085315
2012-03-27,37.5443,0.00047421901281407587
2012-03-28,37.4849,-0.0015833838668188266
2012-03-29,37.5027,0.00047474516678262926
2012-03-30,37.8116,0.008203003470414255
2012-04-02,38.0789,0.0070443890964143885
2012-04-03,37.9304,-0.003907421563959946
2012-04-04,37.5205,-0.010865451112114899
2012-04-05,37.3423,-0.004760717915085513
2012-04-09,36.9799,-0.00975221056924846
2012-04-10,36.172,-0.022089182912675698
2012-04-11,36.6413,0.012890680647628251
2012-04-12,37.1879,0.01480742002465913
2012-04-13,36.9799,-0.005608917759611562
2012-04-16,37.5027,0.014038408593580194
2012-04-17,37.776,0.007261049958667714
2012-04-18,37.5621,-0.005678417022900139
2012-04-19,37.5562,-0.0001570855573711165
2012-04-20,38.0195,0.012260708237750334
2012-04-23,37.6631,-0.009418350705298355
2012-04-24,38.1918,0.013939997588639796
2012-04-25,38.6374,0.011599886411736022
2012-04-26,38.7265,0.0023034009245782522
2012-04-27,38.9403,0.0055055838543313545
2012-04-30,38.8928,-0.0012205605557789163
2012-05-01,39.3086,0.010634180933224288
2012-05-02,39.2611,-0.001209117656983446
2012-05-03,39.071,-0.004853702969911169
2012-05-04,38.774,-0.007630584908158327
2012-05-07,39.0473,0.007023812852772126
2012-05-08,38.976,-0.0018276596823561162
2012-05-09,38.8512,-0.0032071077199127994
2012-05-10,38.8809,0.000764163104953062
2012-05-11,38.9641,0.0021375819045585383
2012-05-14,38.4532,-0.013198791920892834
2012-05-15,38.269,-0.004801748487962371
2012-05-16,37.8473,-0.011080525843126519
2012-05-17,36.7483,-0.029467677039562233
2012-05-18,36.279,-0.012852904614238572
2012-05-21,37.0393,0.020740449640030783
2012-05-22,37.1819,0.003842572619728774
2012-05-23,37.2235,0.001118198526843691
2012-05-24,37.378,0.004142013790259464
2012-05-25,37.1997,-0.004781599317657386
2012-05-29,37.7582,0.01490197391909479
2012-05-30,36.8611,-0.02404587620529726
2012-05-31,37.1047,0.006586851781436192
2012-06-01,36.2314,-0.02381750005590004
2012-06-04,35.97,-0.007240888462254568
2012-06-05,36.7007,0.02011057074057601
2012-06-06,37.5265,0.02225152162360307
2012-06-07,37.2829,-0.006512573580212387
2012-06-08,37.8057,0.013925108416616634
2012-06-11,36.9502,-0.02288882480866213
2012-06-12,37.3007,0.00944103313025479
2012-06-13,37.1106,-0.005109450139158581
2012-06-14,37.6393,0.014146074216716124
2012-06-15,37.8651,0.00598112621634246
2012-06-18,38.1918,0.008590989360369177
2012-06-19,38.3522,0.004191059646351791
2012-06-20,38.376,0.0006203716694332227
2012-06-21,37.7106,-0.017491042157108207
2012-06-22,37.7106,0.0
2012-06-25,37.6108,-0.002649978848052589
2012-06-26,37.7489,0.003665093003033022
2012-06-27,37.893,0.003810062262312825
2012-06-28,38.3073,0.010874080086873777
2012-06-29,39.28,0.02507500493944357
2012-07-02,39.7424,0.011703144365434274
2012-07-03,39.8925,0.003769708450745773
2012-07-05,39.7063,-0.00467847102293227
2012-07-06,39.5304,-0.004439869125074373
2012-07-09,39.8685,0.008516542258704176
2012-07-10,39.4181,-0.011361436733987512
2012-07-11,39.4602,0.0010674673261898162
2012-07-12,39.5923,0.0033420859038733567
2012-07-13,40.0246,0.010859610169718013
2012-07-16,40.1447,0.0029961616190896006
2012-07-17,40.5289,0.009524873184049173
2012-07-18,40.2888,-0.0059417851878985324
2012-07-19,39.8685,-0.010486976281034068
2012-07-20,39.6583,-0.005286280587144482
2012-07-23,39.3761,-0.007141224562481732
2012-07-24,39.262,-0.0029019032776750643
2012-07-25,39.22,-0.0010703092176413975
2012-07-26,39.5682,0.008838944587653053
2012-07-27,39.9765,0.010266016112335193
2012-07-30,40.1266,0.003747674576397493
2012-07-31,40.0846,-0.001047235394519885
2012-08-01,39.8805,-0.005104738022185135
2012-08-02,39.9945,0.0028544620320639347
2012-08-03,40.3068,0.007778244549944675
2012-08-06,40.2647,-0.0010450346296506238
2012-08-07,39.9285,-0.008384799950763952
2012-08-08,39.5202,-0.010278421033868147
2012-08-09,39.3941,-0.0031958746976923687
2012-08-10,39.3761,-0.0004570256343975233
2012-08-13,39.4181,0.0010660684156387596
2012-08-14,39.4001,-0.0004567473074221303
2012-08-15,39.5142,0.002891746603861593
2012-08-16,39.8144,0.007568554922913923
2012-08-17,39.8264,0.0003013530775888309
2012-08-20,39.7123,-0.002869045590815524
2012-08-21,39.7904,0.0019647137801059155
2012-08-22,39.7724,-0.00045247277137301547
2012-08-23,39.6502,-0.0030772121896880745
2012-08-24,39.7844,0.0033788834507494157
2012-08-27,39.9045,0.003014223836221884
2012-08-28,40.0426,0.003454787912466518
2012-08-29,40.0306,-0.00029972575318172915
2012-08-30,39.9525,-0.0019529131734562538
2012-08-31,40.0666,0.0028518210609755745
2012-09-04,40.3548,0.007167277210588464
2012-09-05,40.2768,-0.0019347259469131876
2012-09-06,40.625,0.008608019848123915
2012-09-07,40.673,0.0011808409943060338
2012-09-10,40.3428,-0.008151541512031927
2012-09-11,40.4749,0.003269088767569304
2012-09-12,40.559,0.002075675246900329
2012-09-13,41.0513,0.01206479994706071
2012-09-14,41.2855,0.005688844638524468
2012-09-17,41.1834,-0.002476086189208499
2012-09-18,40.7751,-0.00996366155581248
2012-09-19,40.5469,-0.005612272176754862
2012-09-20,39.9465,-0.01491826994799833
2012-09-21,39.9465,0.0
2012-09-24,40.0741,0.0031891814895245256
2012-09-25,39.3647,-0.017860764727697074
2012-09-26,39.3708,0.0001549491655531526
2012-09-27,39.5287,0.004002565562606242
2012-09-28,39.4674,-0.0015519756621929289
2012-10-01,39.1764,-0.007400490009502488
2012-10-02,39.474,0.0075677026511677195
2012-10-03,39.553,0.0019993173552168802
2012-10-04,39.5409,-0.0003059654434638198
2012-10-05,39.5895,0.001228352342736647
2012-10-08,39.4862,-0.002612687810836138
2012-10-09,39.3586,-0.0032367413298031457
2012-10-10,39.5166,0.004006334344238693
2012-10-11,39.4862,-0.0007695930144356295
2012-10-12,39.3586,-0.0032367413298031457
2012-10-15,39.6077,0.006309041357242489
2012-10-16,39.8507,0.00611642715095759
2012-10-17,39.7049,-0.003665365184450207
2012-10-18,40.1483,0.011105492506416691
2012-10-19,39.7839,-0.009117790439949753
2012-10-22,39.6138,-0.004284765433804658
2012-10-23,39.2371,-0.009554814615472878
2012-10-24,39.2007,-0.0009281240068680327
2012-10-25,39.0427,-0.0040386847903108505
2012-10-26,38.7329,-0.007966550909979943
2012-10-31,39.1096,0.009678593072291443
2012-11-01,39.2857,0.004492623822990312
2012-11-02,39.5591,0.006935171268111736
2012-11-05,39.2979,-0.006624673909934742
2012-11-06,39.468,0.004319134661915259
2012-11-07,39.2736,-0.0049376795738681496
2012-11-08,38.7876,-0.012451929499699713
2012-11-09,38.6357,-0.003923888413411514
2012-11-12,38.6296,-0.00015789753000817146
2012-11-13,38.5993,-0.0007846803866092928
2012-11-14,37.8764,-0.01890591474856111
2012-11-15,37.6881,-0.004983832084076209
2012-11-16,37.9675,0.007386135863602137
2012-11-19,38.3927,0.011136806732638895
2012-11-20,38.6782,0.007408796469995643
2012-11-21,38.5871,-0.002358110101555178
2012-11-23,38.818,0.005966032855167899
2012-11-26,38.982,0.004215944547913474
2012-11-27,38.7876,-0.004999393205096587
2012-11-28,38.7147,-0.0018812350472100928
2012-11-29,38.9273,0.005476431090017167
2012-11-30,38.9091,-0.0004676475359006128
2012-12-03,39.1642,0.006534907781197798
2012-12-04,39.2311,0.0017067353843831
2012-12-05,39.1035,-0.0032578225421686672
2012-12-06,39.468,0.009278239943249219
2012-12-07,39.6138,0.0036873254072577826
2012-12-10,39.5652,-0.0012275983809682057
2012-12-11,39.6259,0.0015330008520541309
2012-12-12,39.5834,-0.001073106417514989
2012-12-13,39.2857,-0.007549253480920641
2012-12-14,39.2736,-0.00030804755377606747
2012-12-17,39.4801,0.0052442100690857345
2012-12-18,39.8932,0.01040913581634501
2012-12-19,39.8264,-0.001675874330385159
2012-12-20,40.361,0.013333963209303135
2012-12-21,40.2881,-0.0018078321978710168
2012-12-24,40.4343,0.0036222946755228047
2012-12-26,40.2432,-0.00473738917052085
2012-12-27,40.3912,0.0036708939657846655
2012-12-28,40.0769,-0.0078118309823907136
2012-12-31,40.5514,0.011770196766948087
2013-01-02,41.0567,0.012383732928091178
2013-01-03,41.0506,-0.00014858605778578598
2013-01-04,41.2408,0.004622605489523951
2013-01-07,41.3341,0.002259767549301697
2013-01-08,41.2539,-0.0019421713859089956
2013-01-09,41.3895,0.0032815717089671754
2013-01-10,41.4203,0.0007438733439823983
2013-01-11,41.3895,-0.0007438733439823764
2013-01-14,41.5066,0.00282522526126099
2013-01-15,41.7531,0.00592124930104065
2013-01-16,41.6545,-0.002364294043474058
2013-01-17,41.784,0.003104085140107085
2013-01-18,41.9627,0.004267637321059763
2013-01-22,42.2092,0.005857078304968688
2013-01-23,42.166,-0.0010239976622245213
2013-01-24,42.2523,0.002044581093516682
2013-01-25,42.4927,0.005673506279924014
2013-01-28,42.6036,0.002606460275817036
2013-01-29,42.7269,0.0028899417163699634
2013-01-30,42.3201,-0.00956654796721689
2013-01-31,42.0366,-0.006721483114853099
2013-02-01,42.3078,0.0064307988349263535
2013-02-04,42.2277,-0.0018950624050646115
2013-02-05,42.1167,-0.0026320671931256328
2013-02-06,42.2462,0.003070072311766196
2013-02-07,42.0859,-0.0038016412033126485
2013-02-08,42.468,0.009038083424777627
2013-02-11,42.5235,0.001306013139872196
2013-02-12,42.8378,0.007364026094810669
2013-02-13,42.8378,0.0
2013-02-14,42.6811,-0.003664691088703533
2013-02-15,42.613,-0.0015968282558924878
2013-02-19,43.0104,0.009282575873738022
2013-02-20,42.6961,-0.007334365746471645
2013-02-21,42.3941,-0.007098379556554734
2013-02-22,42.8378,0.010411688773884148
2013-02-25,42.0243,-0.01917286798198878
2013-02-26,42.314,0.0068699781571052035
2013-02-27,42.6221,0.0072548975374406985
2013-02-28,42.579,-0.0010117241133361537
2013-03-01,42.7145,0.003177267059967115
2013-03-04,43.0412,0.007619355460554699
2013-03-05,43.4109,0.008552765140937125
2013-03-06,43.2507,-0.003697143428678101
2013-03-07,43.0473,-0.004713907081148003
2013-03-08,43.1213,0.0017175634324292646
2013-03-11,43.1213,0.0
2013-03-12,42.998,-0.002863471585336586
2013-03-13,43.0473,0.0011459081529073074
2013-03-14,43.3123,0.00613714819797983
2013-03-15,43.3986,0.001990523186697235
2013-03-18,43.2076,-0.004410776818700947
2013-03-19,42.9611,-0.005721350615885468
2013-03-20,43.0966,0.003149052600154548
2013-03-21,42.9672,-0.0030070737640727502
2013-03-22,43.3161,0.008087356456186169
2013-03-25,43.3223,0.00014312360363487794
2013-03-26,43.7583,0.010013795113001277
2013-03-27,43.777,0.00042725621056815253
2013-03-28,43.9265,0.003409217301480966
2013-04-01,44.0573,0.0029732768159610318
2013-04-02,44.1943,0.0031047620678035215
2013-04-03,44.0386,-0.0035292994249530793
2013-04-04,44.7548,0.016132179471759787
2013-04-05,44.9665,0.00471906655103128
2013-04-08,45.3589,0.008688640595022713
2013-04-09,45.3776,0.0004121825343661249
2013-04-10,45.689,0.006838977489494886
2013-04-11,45.9132,0.00489508871376156
2013-04-12,46.0253,0.0024385878723752123
2013-04-15,45.2655,-0.016646092366055167
2013-04-16,45.8198,0.012171159181193488
2013-04-17,45.334,-0.010659009267503827
2013-04-18,45.2655,-0.0015121499136896371
2013-04-19,45.963,0.015291572073250888
2013-04-22,45.9008,-0.0013541788932136902
2013-04-23,46.1437,0.005277894145874726
2013-04-24,46.2533,0.002372372510011826
2013-04-25,46.1001,-0.0033176935667519826
2013-04-26,45.9506,-0.0032482128098196223
2013-04-29,46.3429,0.008501191581906677
2013-04-30,46.8848,0.011625431136117642
2013-05-01,46.5125,-0.007972435433110527
2013-05-02,46.8163,0.006510339210059796
2013-05-03,47.0031,0.00398212409896956
2013-05-06,47.246,0.005154437289796686
2013-05-07,47.5076,0.0055217039703934784
2013-05-08,47.464,-0.0009181692856184852
2013-05-09,47.2211,-0.005130702356412131
2013-05-10,47.3955,0.0036864608854653784
2013-05-13,47.6197,0.004719253679474533
2013-05-14,47.7941,0.0036556597519690403
2013-05-15,48.2674,0.009854183621414976
2013-05-16,48.0183,-0.005174196287677768
2013-05-17,48.2861,0.005561546310904422
2013-05-20,48.3982,0.0023188883868925105
2013-05-21,48.6722,0.005645402258791143
2013-05-22,47.4889,-0.02461202568550463
2013-05-23,46.5983,-0.01893193974219116
2013-05-24,46.48,-0.0025419472358128004
2013-05-28,46.0814,-0.008612714673097308
2013-05-29,45.116,-0.021172447092887944
2013-05-30,44.6801,-0.009708738441305716
2013-05-31,44.0822,-0.013472139481232766
2013-06-03,44.3313,0.005634900985042201
2013-06-04,43.7458,-0.013295365644845628
2013-06-05,43.3535,-0.009008170050305032
2013-06-06,44.1071,0.01723332908145918
2013-06-07,44.0573,-0.0011297078026141721
2013-06-10,43.6773,-0.00866254308454573
2013-06-11,43.0296,-0.014940265372132566
2013-06-12,42.3944,-0.014871972923709391
2013-06-13,43.5466,0.026815351024768716
2013-06-14,43.7085,0.003710962128218073
2013-06-17,43.833,0.002844367161589408
2013-06-18,44.0573,0.005104101065811353
2013-06-19,42.7058,-0.031156317031803323
2013-06-20,40.8872,-0.043517686760227686
2013-06-21,41.4851,0.014517270991328862
2013-06-24,41.4033,-0.0019737388236547213
2013-06-25,42.1031,0.016760784382234856
2013-06-26,42.702,0.014124385363442753
2013-06-27,43.591,0.020604949483493763
2013-06-28,43.3262,-0.0060931741764250315
2013-07-01,43.2316,-0.0021858235228986774
2013-07-02,43.8873,0.015053275048570366
2013-07-03,43.4838,-0.009236529439632943
2013-07-05,43.4145,-0.001594968248887824
2013-07-08,43.4775,0.0014500762104517194
2013-07-09,44.0576,0.013254305815058659
2013-07-10,44.0765,0.00042889188837735663
2013-07-11,45.142,0.02388631640626822
2013-07-12,44.8646,-0.006164011935084525
2013-07-15,45.0537,0.004206046572897245
2013-07-16,45.0852,0.0006989213598632657
2013-07-17,45.2492,0.0036309574243979293
2013-07-18,45.6338,0.00846367958502389
2013-07-19,45.6022,-0.0006927090460692944
2013-07-22,45.7977,0.004277910547951505
2013-07-23,45.6905,-0.0023434726896069693
2013-07-24,44.8015,-0.019648777825655727
2013-07-25,44.9339,0.002950900003257886
2013-07-26,44.9087,-0.0005609811083131385
2013-07-29,44.6187,-0.006478486235347848
2013-07-30,44.4422,-0.003963585166284198
2013-07-31,43.7297,-0.01616196337428196
2013-08-01,43.5469,-0.004188986906193328
2013-08-02,43.3325,-0.00493558738279102
2013-08-05,43.301,-0.0007272014033406829
2013-08-06,43.1497,-0.0035002644160287253
2013-08-07,43.0362,-0.0026338430210434112
2013-08-08,43.0551,0.0004390687631302163
2013-08-09,43.4334,0.008748039624882804
2013-08-12,43.1245,-0.007137449299516492
2013-08-13,42.5318,-0.013839249645394569
2013-08-14,42.3679,-0.0038610313961632086
2013-08-15,41.5924,-0.018473541770601492
2013-08-16,40.5521,-0.02532989113262566
2013-08-19,40.0351,-0.012830997800737112
2013-08-20,40.9367,0.02227040188390076
2013-08-21,40.8485,-0.002156870294206143
2013-08-22,41.0817,0.0056926659464986455
2013-08-23,41.5105,0.010383640410611641
2013-08-26,41.4033,-0.0025858194831834703
2013-08-27,41.2015,-0.004885924339787068
2013-08-28,40.9809,-0.005368558957480368
2013-08-29,41.0124,0.0007683555009915713
2013-08-30,40.7034,-0.007562832960259464
2013-09-03,40.3125,-0.009650032486984808
2013-09-04,40.6593,0.008565997558974546
2013-09-05,40.2306,-0.010599692021382928
2013-09-06,40.8548,0.015396417369460654
2013-09-09,41.7059,0.02061828814394913
2013-09-10,41.6744,-0.0007555741943502899
2013-09-11,41.8068,0.0031719743130429454
2013-09-12,41.7374,-0.0016613963857066147
2013-09-13,41.8509,0.0027156927406127777
2013-09-16,42.3048,0.0107872527111252
2013-09-17,42.2103,-0.002236287702025785
2013-09-18,43.6793,0.03421003857752135
2013-09-19,43.6415,-0.000865773157394781
2013-09-20,42.8849,-0.01748874988780284
2013-09-23,42.832,-0.0012342958440175456
2013-09-24,42.5827,-0.005837419271328129
2013-09-25,42.6466,0.0014994846132261738
2013-09-26,42.9406,0.006870213218680362
2013-09-27,42.7297,-0.004923536535745304
2013-09-30,42.2759,-0.010677045066795862
2013-10-01,42.8895,0.014409856995729055
2013-10-02,42.9534,0.0014887663814356542
2013-10-03,42.2056,-0.017562893453486217
2013-10-04,42.1225,-0.0019708739293089125
2013-10-07,42.3142,0.004540687387591227
2013-10-08,41.854,-0.010935355299516659
2013-10-09,41.8604,0.00015290081545038251
2013-10-10,42.9279,0.025181691564703818
2013-10-11,43.3561,0.009925444238049901
2013-10-14,43.3817,0.0005902847603543171
2013-10-15,43.2219,-0.003690381955451473
2013-10-16,44.0145,0.018171813843045247
2013-10-17,44.6984,0.015418581710821055
2013-10-18,44.6537,-0.0010005361648801757
2013-10-21,44.3852,-0.006031090093629393
2013-10-22,44.7943,0.009174818646445195
2013-10-23,44.8774,0.0018534280891012575
2013-10-24,44.8646,-0.0002852621980075331
2013-10-25,45.3887,0.011614110313991089
2013-10-28,45.0883,-0.006640386039262656
2013-10-29,44.8262,-0.005829999441105932
2013-10-30,44.4236,-0.009021930151239569
2013-10-31,44.1871,-0.005337968474849164
2013-11-01,44.4172,0.0051938905284310225
2013-11-04,44.5386,0.0027294471044712965
2013-11-05,43.7716,-0.017371023662376604
2013-11-06,43.7077,-0.0014609172996362062
2013-11-07,43.158,-0.012656487839629377
2013-11-08,42.5827,-0.013419732606605603
2013-11-11,42.6274,0.0010491714972833512
2013-11-12,42.4357,-0.0045072499012342605
2013-11-13,42.7105,0.006454802542352774
2013-11-14,43.0109,0.007008780297835827
2013-11-15,43.1707,0.0037084524571140655
2013-11-18,42.9023,-0.006236586849564506
2013-11-19,42.6019,-0.007026584330756294
2013-11-20,42.0841,-0.012228856076500346
2013-11-21,42.4101,0.007716544274969554
2013-11-22,42.2439,-0.003926576736818501
2013-11-25,42.0458,-0.004700464344777763
2013-11-26,41.8988,-0.003502313436740691
2013-11-27,42.2567,0.0085057342125474
2013-11-29,41.7262,-0.01263369224166491
2013-12-02,41.6239,-0.0024547073457172872
2013-12-03,41.5408,-0.0019984447164947817
2013-12-04,41.6942,0.0036859535935020982
2013-12-05,41.8029,0.0026036847125950123
2013-12-06,42.1417,0.008072034165820452
2013-12-09,42.3462,0.004840939338439721
2013-12-10,42.2375,-0.0025702365784518854
2013-12-11,41.2468,-0.02373491802644871
2013-12-12,40.9847,-0.006374707686883571
2013-12-13,41.1062,0.0029601353796658253
2013-12-16,41.2787,0.004187666722612146
2013-12-17,41.4705,0.004635702664860561
2013-12-18,42.2184,0.017873813876453717
2013-12-19,41.6239,-0.014181623445671105
2013-12-20,41.8796,0.006124313333350491
2013-12-23,41.9627,0.0019822935967095563
2013-12-24,42.0601,0.002318419372542611
2013-12-26,42.0341,-0.0006183541987068946
2013-12-27,42.0665,0.0007705058371267988
2013-12-30,42.138,0.0016982469389185924
2013-12-31,41.9043,-0.005561499444132657
2014-01-02,41.9172,0.00030779692803984895
2014-01-03,42.1509,0.005559792644228846
2014-01-06,42.3652,0.005071233984293039
2014-01-07,42.5534,0.0044324873026513525
2014-01-08,42.3132,-0.005660663709774704
2014-01-09,42.3197,0.0001536045677927437
2014-01-10,42.9235,0.01416676282398522
2014-01-13,42.6378,-0.006678277722204575
2014-01-14,42.9494,0.00728149482062225
2014-01-15,43.274,0.007529314164798017
2014-01-16,43.3519,0.0017985387972617975
2014-01-17,43.0987,-0.005857697320685412
2014-01-21,43.4882,0.008996802686174461
2014-01-22,43.6765,0.004320563093096521
2014-01-23,43.5726,-0.0023816875844869293
2014-01-24,42.9754,-0.013800653473945556
2014-01-27,42.6898,-0.006667843141680942
2014-01-28,43.1117,0.009834406166602536
2014-01-29,42.7677,-0.008011277205961518
2014-01-30,43.4688,0.01626029459305947
2014-01-31,43.7025,0.005361869328529557
2014-02-03,43.0079,-0.016021488954030223
2014-02-04,43.5272,0.012002210291103831
2014-02-05,43.4363,-0.0020905329961474393
2014-02-06,43.7544,0.007296682131099421
2014-02-07,44.0855,0.007538751025656464
2014-02-10,44.501,0.00938073062893305
2014-02-11,44.6632,0.0036382355007236237
2014-02-12,44.7022,0.0008728210801024977
2014-02-13,44.871,0.003768988934655963
2014-02-14,45.0463,0.0038991433705214376
2014-02-18,45.267,0.004887440483803306
2014-02-19,45.241,-0.0005745348635523369
2014-02-20,45.1436,-0.0021552352436638713
2014-02-21,45.254,0.002442543936728079
2014-02-24,45.3644,0.002436592449662438
2014-02-25,45.5137,0.0032857230580284513
2014-02-26,45.6175,0.0022780352917264515
2014-02-27,45.4942,-0.0027065695244341314
2014-02-28,45.9616,0.010221419951247366
2014-03-03,45.9421,-0.0004243572411692745
2014-03-04,46.5978,0.014171421702532515
2014-03-05,46.5523,-0.0009769179768705867
2014-03-06,46.1564,-0.008540782182748625
2014-03-07,45.6565,-0.010889644919554927
2014-03-10,45.4163,-0.005274913189397361
2014-03-11,45.7019,0.006268801080105268
2014-03-12,45.8383,0.0029801136757016573
2014-03-13,45.624,-0.004686092349727321
2014-03-14,45.7409,0.0025589709788259906
2014-03-17,45.8383,0.0021271213709015404
2014-03-18,45.9746,0.0029690838679294913
2014-03-19,45.1047,-0.019102616132734455
2014-03-20,45.2215,0.0025861835237147293
2014-03-21,45.5981,0.008293411522719086
2014-03-24,45.3059,-0.006428782151859175
2014-03-25,45.7131,0.008947642068341097
2014-03-26,45.1969,-0.011356408486681983
2014-03-27,45.4844,0.006340909609705467
2014-03-28,45.7588,0.006014712926369942
2014-03-31,46.1443,0.008389320076842979
2014-04-01,46.3207,0.003815502384759739
2014-04-02,46.3926,0.0015510183417891182
2014-04-03,46.2685,-0.002678579775100257
2014-04-04,46.4514,0.00394522076130211
2014-04-07,46.6017,0.00323041641182825
2014-04-08,46.8892,0.006150350595979177
2014-04-09,46.7716,-0.0025111906325712007
2014-04-10,46.3077,-0.009967927156072082
2014-04-11,46.0463,-0.005660841935366153
2014-04-14,46.3207,0.005941533388211219
2014-04-15,46.8696,0.011780332241472864
2014-04-16,47.1702,0.006393059615676541
2014-04-17,46.9807,-0.004025458193029537
2014-04-21,47.1636,0.003885529556405849
2014-04-22,47.2682,0.002215356326569654
2014-04-23,47.0591,-0.004433506365714162
2014-04-24,47.2747,0.004571010081175434
2014-04-25,47.0918,-0.003876380474558021
2014-04-28,47.4577,0.007739899769611428
2014-04-29,47.4903,0.0006866916897886049
2014-04-30,47.6602,0.0035711883924238997
2014-05-01,47.9085,0.005196273648188461
2014-05-02,47.8367,-0.0014998143710423944
2014-05-05,47.9477,0.0023177062170623344
2014-05-06,47.7909,-0.0032755887426498963
2014-05-07,48.3594,0.011825373917280967
2014-05-08,48.4639,0.002158572173761885
2014-05-09,48.4966,0.0006745014978212169
2014-05-12,48.6469,0.003094393756252738
2014-05-13,48.3333,-0.00646732205251568
2014-05-14,48.3529,0.00040543532103812387
2014-05-15,48.2875,-0.0013534714256929863
2014-05-16,48.771,0.009963145927796837
2014-05-19,48.575,-0.004026878656692729
2014-05-20,48.4247,-0.003098981136768993
2014-05-21,48.1072,-0.006578160067484475
2014-05-22,48.0196,-0.001822593163394044
2014-05-23,48.4117,0.00813225915059269
2014-05-27,48.7906,0.007796151307649558
2014-05-28,48.4835,-0.0063141374794809
2014-05-29,48.5946,0.0022888797474226235
2014-05-30,48.8037,0.004293716035026326
2014-06-02,48.954,0.003074952017651667
2014-06-03,48.9279,-0.0005332957496448101
2014-06-04,49.0259,0.002000943969453153
2014-06-05,49.908,0.01783258065424853
2014-06-06,49.7185,-0.003804213307454603
2014-06-09,49.1174,-0.012163746399450838
2014-06-10,48.7514,-0.0074794358616478126
2014-06-11,48.6208,-0.002682492093510955
2014-06-12,48.4509,-0.003500508871071399
2014-06-13,48.6208,0.0035005088710713546
2014-06-16,48.3725,-0.005119952458763971
2014-06-17,48.4966,0.0025622219653705204
2014-06-18,48.8364,0.0069822440587553845
2014-06-19,49.2088,0.007596532840944812
2014-06-20,49.4114,0.004108697508505255
2014-06-23,49.2088,-0.004108697508505293
2014-06-24,49.2451,0.0007374009895977562
2014-06-25,49.1462,-0.0020103410221930917
2014-06-26,49.0868,-0.0012093697075269722
2014-06-27,49.4759,0.007895522775838212
2014-06-30,49.3572,-0.002402030434590089
2014-07-01,49.6078,0.005064427537501231
2014-07-02,49.5023,-0.002128946289983691
2014-07-03,49.2979,-0.004137649349151236
2014-07-07,49.3572,0.0012021681016335585
2014-07-08,49.5089,0.0030687994985795575
2014-07-09,49.588,0.001596417583177569
2014-07-10,49.8123,0.00451307251001137
2014-07-11,49.8189,0.0001324886182171059
2014-07-14,50.0629,0.004885784705013536
2014-07-15,50.0959,0.0006589536055565543
2014-07-16,50.2541,0.0031529672358377825
2014-07-17,49.9969,-0.005131132144470219
2014-07-18,50.3531,0.007099182780092433
2014-07-21,50.3069,-0.0009179416499914793
2014-07-22,50.3267,0.00039350674636502204
2014-07-23,50.5575,0.00457555103103403
2014-07-24,50.4916,-0.001304316601387862
2014-07-25,50.1288,-0.007211292585098741
2014-07-28,50.4784,0.006949828782480138
2014-07-29,50.2476,-0.004582737405007013
2014-07-30,50.142,-0.002103804357198905
2014-07-31,49.3968,-0.014973335479554343
2014-08-01,49.2781,-0.002405881480611251
2014-08-04,49.6804,0.008130725835411976
2014-08-05,49.1066,-0.011617043803689256
2014-08-06,49.0934,-0.00026883910548873444
2014-08-07,49.1198,0.0005376059559373824
2014-08-08,49.41,0.005890620688298663
2014-08-11,49.7397,0.006650574136323179
2014-08-12,49.6408,-0.001990330751982032
2014-08-13,50.3597,0.014378175807586342
2014-08-14,50.3267,-0.0006555006670536827
2014-08-15,50.2739,-0.0010496956250398812
2014-08-18,50.7752,0.009921990647529888
2014-08-19,50.8741,0.001945906783568693
2014-08-20,51.1049,0.004526429834834725
2014-08-21,51.0258,-0.0015489958614984252
2014-08-22,50.6433,-0.007524445572433025
2014-08-25,50.5311,-0.0022179532766313887
2014-08-26,50.6037,0.0014357078368792792
2014-08-27,50.6367,0.0006519136860131648
2014-08-28,50.6301,-0.0001303487423191747
2014-08-29,50.9005,0.005326485597504925
2014-09-02,50.9071,0.00012965633232176559
2014-09-03,50.9928,0.0016820432641385605
2014-09-04,50.8477,-0.0028495558875680895
2014-09-05,51.3885,0.010579521620225314
2014-09-08,51.283,-0.002055098778745657
2014-09-09,51.0258,-0.005027926079385393
2014-09-10,50.2146,-0.016025566095638807
2014-09-11,50.2541,0.0007863145842477821
2014-09-12,48.7109,-0.031189311303947715
2014-09-15,48.4735,-0.004885567482098781
2014-09-16,48.9549,0.009882209247189704
2014-09-17,48.9351,-0.00040453570885739984
2014-09-18,48.5065,-0.008797120820789074
2014-09-19,48.5658,0.001221769905040505
2014-09-22,48.1833,-0.007907091495212524
2014-09-23,47.814,-0.007694004348195472
2014-09-24,47.706,-0.0022613074962645864
2014-09-25,47.4996,-0.004335886194894726
2014-09-26,48.132,0.013225946623409354
2014-09-29,48.1053,-0.0005548784241672365
2014-09-30,47.8258,-0.005827115312436754
2014-10-01,47.8657,0.0008339299167080349
2014-10-02,47.7858,-0.0016706485226859458
2014-10-03,48.112,0.006803102012839125
2014-10-06,48.2052,0.0019352728087681957
2014-10-07,47.8324,-0.007763664908862679
2014-10-08,48.8708,0.021476846963119606
2014-10-09,48.8708,0.0
2014-10-10,48.964,0.001905253104067411
2014-10-13,48.964,0.0
2014-10-14,49.7561,0.01604773494029498
2014-10-15,49.5631,-0.00388646390491037
2014-10-16,49.643,0.0016107883945840173
2014-10-17,49.7029,0.001205887857651051
2014-10-20,50.4484,0.014887750226934462
2014-10-21,50.921,0.009324380417410655
2014-10-22,50.921,0.0
2014-10-23,51.327,0.007941517365390156
2014-10-24,51.2871,-0.0007776709440683544
2014-10-27,51.5467,0.0050489343284216255
2014-10-28,51.8928,0.006691859329505008
2014-10-29,51.4868,-0.007854588087596872
2014-10-30,51.9261,0.008496089801484832
2014-10-31,52.5784,0.012483835079146494
2014-11-03,53.0377,0.00869759242062357
2014-11-04,53.1176,0.0015053419864696738
2014-11-05,53.0111,-0.0020069978384519922
2014-11-06,52.625,-0.007310033583609866
2014-11-07,52.625,0.0
2014-11-10,52.9711,0.006555189809857322
2014-11-11,52.7581,-0.004029166742143166
2014-11-12,52.3587,-0.00759920244984662
2014-11-13,52.6516,0.00557851486154679
2014-11-14,52.2389,-0.007869199397040874
2014-11-17,52.4519,0.0040691310774464565
2014-11-18,52.6516,0.003800068319594416
2014-11-19,52.2323,-0.007995550008669338
2014-11-20,52.4253,0.00368822175897796
2014-11-21,52.7182,0.005571447738746028
2014-11-24,52.8913,0.003278117120368291
2014-11-25,52.9844,0.0017586665116889589
2014-11-26,53.497,0.009628046960285658
2014-11-28,53.7166,0.004096500949470386
2014-12-01,53.4837,-0.00434514393027951
2014-12-02,53.8431,0.00669732710528952
2014-12-03,53.7965,-0.000865852398398578
2014-12-04,53.9363,0.0025953113345278103
2014-12-05,53.6434,-0.005445278686083028
2014-12-08,53.9829,0.006308887810247525
2014-12-09,54.2425,0.004797404267258277
2014-12-10,54.1759,-0.0012285739021630395
2014-12-11,54.2758,0.0018422952937663186
2014-12-12,53.8032,-0.008745510454189637
2014-12-15,53.0976,-0.013201215466471933
2014-12-16,53.0377,-0.0011287480481939835
2014-12-17,54.2358,0.022338225567545722
2014-12-18,54.582,0.006362951062296432
2014-12-19,54.6019,0.0003645226122231907
2014-12-22,55.5128,0.016544944111660978
2014-12-23,55.3576,-0.0027996670233571335
2014-12-24,55.0877,-0.004887497019290662
2014-12-26,55.3238,0.004276734939109264
2014-12-29,55.6274,0.005472689934729968
2014-12-30,55.5667,-0.0010917846545726024
2014-12-31,54.6492,-0.016649525062412678
2015-01-02,55.4723,0.014949221155807055
2015-01-05,55.7759,0.0054580793882971134
2015-01-06,56.3291,0.0098693990520484
2015-01-07,57.1927,0.015214992361478665
2015-01-08,57.3637,0.0029854312287637855
2015-01-09,57.4356,0.00125262104213667
2015-01-12,57.9146,0.00830519155228306
2015-01-13,57.7864,-0.0022160578122039786
2015-01-14,58.2857,0.008603326376098194
2015-01-15,58.4341,0.002542843287317118
2015-01-16,58.9334,0.00850836921841673
2015-01-20,58.4611,-0.008046416965798088
2015-01-21,58.4206,-0.0006930084285372289
2015-01-22,59.4326,0.017174330007776795
2015-01-23,59.291,-0.002385373542279407
2015-01-26,59.7902,0.008384244100519887
2015-01-27,59.7821,-0.0001354828837847646
2015-01-28,59.4124,-0.0062033262531848285
2015-01-29,59.6216,0.0035149657306066083
2015-01-30,58.3936,-0.020811629734064314
2015-02-02,58.2385,-0.0026596467255211253
2015-02-03,58.7445,0.008650883558398378
2015-02-04,58.5016,-0.004143427329499782
2015-02-05,59.2033,0.011923179288461186
2015-02-06,57.4828,-0.029491510959516798
2015-02-09,57.078,-0.007067019167714621
2015-02-10,57.2602,0.0031870390511725432
2015-02-11,57.0915,-0.00295054856881227
2015-02-12,57.7729,0.011864563663766635
2015-02-13,57.3884,-0.006677615288371177
2015-02-17,57.2467,-0.002472193458538599
2015-02-18,57.7797,0.009267504065022008
2015-02-19,56.5383,-0.02171921831225312
2015-02-20,57.051,0.0090273200338875
2015-02-23,57.584,0.009299146698426249
2015-02-24,56.4371,-0.02011800767074433
2015-02-25,56.4236,-0.00023923296708925124
2015-02-26,55.8096,-0.010941613098524936
2015-02-27,56.2482,0.007828142972202117
2015-03-02,56.572,0.005740122585734915
2015-03-03,56.4641,-0.0019091251869528063
2015-03-04,55.9243,-0.009606047436965187
2015-03-05,56.0862,0.002890802429170641
2015-03-06,54.2241,-0.033764333898681706
2015-03-09,54.5795,0.0065328953086214985
2015-03-10,54.6154,0.0006575398904796482
2015-03-11,54.6627,0.0008656812838785419
2015-03-12,55.614,0.017253392573946424
2015-03-13,55.5802,-0.0006079453971706063
2015-03-16,56.1739,0.010625213490648069
2015-03-17,56.1335,-0.0007194539583792552
2015-03-18,57.3074,0.02069697797702453
2015-03-19,57.2804,-0.0004712543656424374
2015-03-20,58.7242,0.024893401765733698
2015-03-23,58.6433,-0.0013785760591705563
2015-03-24,58.144,-0.008550639361033474
2015-03-25,57.1409,-0.017402544747636556
2015-03-26,56.8015,-0.005957413637011236
2015-03-27,56.9101,0.0019100959448046582
2015-03-30,57.7314,0.014328389827674029
2015-03-31,57.2223,-0.008857537051697652
2015-04-01,57.0798,-0.0024933938016364473
2015-04-02,57.5956,0.008995887146919361
2015-04-06,58.1793,0.010083445473509856
2015-04-07,57.1477,-0.0178904769070963
2015-04-08,57.2359,0.0015421794292299904
2015-04-09,56.1024,-0.020002731528576602
2015-04-10,56.0481,-0.0009683417237200439
2015-04-13,55.8581,-0.0033957043054108527
2015-04-14,56.0549,0.003517021308673065
2015-04-15,55.6341,-0.0075352450300489975
2015-04-16,55.7767,0.0025598968479237072
2015-04-17,55.5187,-0.0046363185208371915
2015-04-20,55.5595,0.0007346176267683056
2015-04-21,55.7088,0.0026836051166701496
2015-04-22,55.8106,0.0018256918218037459
2015-04-23,55.9463,0.002428486593515497
2015-04-24,56.0753,0.0023031282720885173
2015-04-27,56.0006,-0.0013330254062033982
2015-04-28,55.9056,-0.0016978509291058785
2015-04-29,54.7654,-0.020605946350328797
2015-04-30,53.8559,-0.016746646480687036
2015-05-01,54.3038,0.008282244871742443
2015-05-04,54.3446,0.000751046530235877
2015-05-05,53.1636,-0.021971300962886284
2015-05-06,53.055,-0.002044840316882651
2015-05-07,53.8695,0.015235343719953309
2015-05-08,54.6025,0.01351521420292219
2015-05-11,53.8016,-0.014776462745957144
2015-05-12,53.9645,0.003023216467391492
2015-05-13,53.4962,-0.008715799627896308
2015-05-14,54.4939,0.018478145457476683
2015-05-15,55.0369,0.00991510056504451
2015-05-18,54.8943,-0.002594351375817893
2015-05-19,54.7043,-0.003467201047095659
2015-05-20,54.6636,-0.0007442769199885092
2015-05-21,54.3581,-0.005604403520198309
2015-05-22,54.331,-0.000498670070164966
2015-05-26,53.917,-0.007649139357217071
2015-05-27,54.4124,0.009146241989718739
2015-05-28,54.3378,-0.0013719517150557231
2015-05-29,53.6251,-0.013202875300361737
2015-06-01,54.3717,0.013826555863676924
2015-06-02,53.9238,-0.008271859013714815
2015-06-03,53.1365,-0.01470786449183013
2015-06-04,53.0211,-0.002174126872806524
2015-06-05,52.4035,-0.011716564544119006
2015-06-08,52.2949,-0.002074531013812912
2015-06-09,51.9148,-0.007294938678826122
2015-06-10,52.2949,0.007294938678825987
2015-06-11,52.6139,0.0060814914129546345
2015-06-12,52.5731,-0.000775761302178846
2015-06-15,52.2881,-0.005435770366067471
2015-06-16,52.6682,0.007243046138696727
2015-06-17,53.0754,0.0077016862067607215
2015-06-18,53.883,0.015101485213568074
2015-06-19,53.469,-0.0077129825696105915
2015-06-22,52.9193,-0.010333935063780745
2015-06-23,52.4849,-0.008242602466375029
2015-06-24,52.1998,-0.0054468457160393256
2015-06-25,51.6637,-0.010323256215884783
2015-06-26,52.0352,0.007165005401522471
2015-06-29,51.2605,-0.014999937566609525
2015-06-30,51.2057,-0.0010696211087104267
2015-07-01,52.0489,0.016332807338259307
2015-07-02,52.1724,0.0023699581142283756
2015-07-06,52.5014,0.006286216482261521
2015-07-07,53.2761,0.014647989446121154
2015-07-08,53.0842,-0.0036084931733177113
2015-07-09,52.8854,-0.0037520238487308006
2015-07-10,53.3104,0.008004125756438111
2015-07-13,53.3858,0.0014133589115917326
2015-07-14,53.4955,0.0020527452140049764
2015-07-15,53.5778,0.0015372649616198014
2015-07-16,53.9686,0.007267592780448064
2015-07-17,53.8246,-0.0026717842250005316
2015-07-20,53.9343,0.002036027425965382
2015-07-21,53.7355,-0.003692775985705558
2015-07-22,53.9686,0.004328532784740797
2015-07-23,53.2624,-0.01317175462614888
2015-07-24,53.5229,0.004878958372548636
2015-07-27,53.6052,0.001536478593215464
2015-07-28,53.5846,-0.0003843649349773546
2015-07-29,53.9137,0.006122906653634849
2015-07-30,53.7492,-0.0030558368390651482
2015-07-31,54.1742,0.007875997178382308
2015-08-03,54.4759,0.005553621679811288
2015-08-04,54.0988,-0.006946397573867398
2015-08-05,53.7423,-0.006611603528680207
2015-08-06,53.8177,0.0014020084111321886
2015-08-07,54.0166,0.0036889973888489173
2015-08-10,53.8452,-0.003178143592451896
2015-08-11,54.2017,0.006599010128118675
2015-08-12,54.3319,0.0023992581552138934
2015-08-13,54.4348,0.0018921237970746742
2015-08-14,54.7296,0.005401041303574241
2015-08-17,55.1889,0.00835714958259972
2015-08-18,55.3466,0.002853383881138784
2015-08-19,55.0175,-0.005963913545420782
2015-08-20,54.613,-0.007379366792771288
2015-08-21,53.5984,-0.018752732763836558
2015-08-24,51.0754,-0.048216244591759994
2015-08-25,49.7317,-0.026660415553995346
2015-08-26,51.1234,0.02759976129052996
2015-08-27,52.0147,0.017284052909458163
2015-08-28,51.9461,-0.0013197283967921888
2015-08-31,50.7532,-0.02323197242112874
2015-09-01,49.7797,-0.019367399716644085
2015-09-02,50.4036,0.012455330693239529
2015-09-03,50.4378,0.0006782928700163757
2015-09-04,49.4643,-0.01948969671301145
2015-09-08,50.2459,0.015677754315715095
2015-09-09,49.67,-0.011527822451313369
2015-09-10,49.7797,0.002206141285353792
2015-09-11,50.7326,0.01896143158547842
2015-09-14,50.7601,0.0005419109093165016
2015-09-15,51.2605,0.009809862183248811
2015-09-16,51.809,0.010643404264581149
2015-09-17,52.3986,0.011315994065586489
2015-09-18,52.3095,-0.0017018744778216066
2015-09-21,52.8031,0.009391902174936148
2015-09-22,52.0969,-0.013464455080562814
2015-09-23,51.857,-0.004615515644569684
2015-09-24,51.4114,-0.008629992632158457
2015-09-25,51.6513,0.004655426905742449
2015-09-28,50.8081,-0.01645957396566808
2015-09-29,51.4182,0.011936404697997036
2015-09-30,51.7884,0.00717399057287202
2015-10-01,52.0421,0.0048868204407035865
2015-10-02,52.4192,0.007219930023880487
2015-10-05,53.3036,0.016730934676634866
2015-10-06,53.1801,-0.0023196048855364166
2015-10-07,53.7903,0.011408887295165862
2015-10-08,54.2017,0.007619119752933094
2015-10-09,54.1879,-0.00025463697761721166
2015-10-12,54.5376,0.006432735759024908
2015-10-13,54.0851,-0.008331640026755745
2015-10-14,53.708,-0.006996765811562914
2015-10-15,54.4416,0.01356660129521985
2015-10-16,54.8118,0.006776931735594683
2015-10-19,55.6071,0.014405391704311942
2015-10-20,55.6002,-0.00012409257321880013
2015-10-21,55.3946,-0.003704682294113117
2015-10-22,55.8813,0.008747682177336596
2015-10-23,55.3397,-0.009739244945117053
2015-10-26,55.3123,-0.0004952463680733838
2015-10-27,55.3054,-0.00012475399522774596
2015-10-28,55.3534,0.0008675316018328247
2015-10-29,55.278,-0.0013630851941571728
2015-10-30,54.7638,-0.009345607624192087
2015-11-02,55.9362,0.021182363810894295
2015-11-03,55.374,-0.010101586030057555
2015-11-04,55.1272,-0.004466927243787319
2015-11-05,55.3534,0.004094842281299687
2015-11-06,53.6258,-0.03170778899718619
2015-11-09,52.7071,-0.017280124221398026
2015-11-10,53.3173,0.01151068503854062
2015-11-11,53.3858,0.0012839366318344399
2015-11-12,53.0088,-0.0070868554955663505
2015-11-13,52.4054,-0.011448298052761163
2015-11-16,53.0019,0.011318122513692975
2015-11-17,53.0088,0.00013017553906823396
2015-11-18,53.4749,0.008754447428763504
2015-11-19,53.6395,0.003073352034099224
2015-11-20,54.3113,0.01244657145209762
2015-11-23,54.421,0.0020178003632859926
2015-11-24,54.14,-0.005176824597322787
2015-11-25,54.3593,0.004042427898350903
2015-11-27,54.8435,0.008867962600785553
2015-11-30,54.4279,-0.007606784647997777
2015-12-01,55.182,0.013759923111321655
2015-12-02,54.0577,-0.02058481852540665
2015-12-03,53.2419,-0.015206314280037214
2015-12-04,54.2222,0.018244738337606564
2015-12-07,54.0577,-0.003038424057569369
2015-12-08,53.9206,-0.002539400484629369
2015-12-09,53.7218,-0.0036937159711766007
2015-12-10,53.3378,-0.00717360510852116
2015-12-11,53.2281,-0.0020588206686974497
2015-12-14,53.4887,0.004883964249485822
2015-12-15,54.0645,0.010707361587811765
2015-12-16,55.1272,0.019465464040225443
2015-12-17,54.8735,-0.00461270609791207
2015-12-18,54.2085,-0.012192813451929827
2015-12-21,54.4279,0.004039167319428281
2015-12-22,54.6473,0.004022918058275431
2015-12-23,55.2104,0.010251533238438509
2015-12-24,55.2104,0.0
2015-12-28,55.5162,0.005523528718122672
2015-12-29,56.0932,0.01033972300852541
2015-12-30,55.9125,-0.003226624301689146
2015-12-31,55.4259,-0.008740975228753665
2016-01-04,54.7585,-0.012114385742261475
2016-01-05,55.8082,0.01898820420773789
2016-01-06,55.6622,-0.002619530987364536
2016-01-07,54.5639,-0.019928789089342244
2016-01-08,53.8478,-0.013210943375839683
2016-01-11,54.1537,0.005664751286084719
2016-01-12,53.7922,-0.006697824584948969
2016-01-13,53.0345,-0.014185830067686742
2016-01-14,52.8955,-0.002624376093240125
2016-01-15,52.5687,-0.0061973834906113925
2016-01-19,52.812,0.00461755202421459
2016-01-20,51.3939,-0.02721894924131419
2016-01-21,51.6789,0.005530086042459403
2016-01-22,53.1179,0.027464396836093478
2016-01-25,52.7842,-0.006302067748168312
2016-01-26,53.8965,0.020853637235618852
2016-01-27,52.8537,-0.019537821415207123
2016-01-28,52.4436,-0.007789412901649611
2016-01-29,53.5072,0.02007791786142571
2016-02-01,53.6115,0.0019473730163095092
2016-02-02,53.1249,-0.009117852412654268
2016-02-03,53.5211,0.007430223783168555
2016-02-04,53.5072,-0.0002597443868238723
2016-02-05,52.4992,-0.01901829289997379
2016-02-08,50.9559,-0.02983737861805582
2016-02-09,50.0522,-0.017894091929036206
2016-02-10,50.3998,0.006920745976334034
2016-02-11,49.6977,-0.014028552449738316
2016-02-12,50.2538,0.011127511604798647
2016-02-16,51.1297,0.017279375707321583
2016-02-17,51.6233,0.009607579279054385
2016-02-18,52.1377,0.009915174569337964
2016-02-19,52.4297,0.005584929126881708
2016-02-22,52.9372,0.009633080682865823
2016-02-23,52.7981,-0.002631100119742023
2016-02-24,52.7356,-0.0011844559094764762
2016-02-25,53.827,0.020484450708035673
2016-02-26,53.535,-0.005439554404586648
2016-02-29,53.3265,-0.003902252253224975
2016-03-01,54.828,0.027767619012126606
2016-03-02,55.2243,0.007202061437970766
2016-03-03,55.5232,0.005397877618109983
2016-03-04,55.4884,-0.0006269615272626887
2016-03-07,55.6275,0.0025036933987328705
2016-03-08,55.0991,-0.009544301209511188
2016-03-09,55.405,0.0055364603011141674
2016-03-10,55.1478,-0.0046529886902550634
2016-03-11,56.4339,0.023053188069254105
2016-03-14,56.4478,0.00024627552686149487
2016-03-15,56.4756,0.0004923691734683228
2016-03-16,57.129,0.011503182177171644
2016-03-17,57.9632,0.01449645777364236
2016-03-18,57.8173,-0.0025202875653135078
2016-03-21,57.1921,-0.010872261893802877
2016-03-22,57.1921,0.0
2016-03-23,56.8617,-0.005793773188322092
2016-03-24,56.9039,0.0007418763129715765
2016-03-28,57.417,0.00897654664008099
2016-03-29,58.6753,0.0216784279100686
2016-03-30,58.5418,-0.002277825636736325
2016-03-31,58.8511,0.0052694961230070995
2016-04-01,58.837,-0.00023961641096194032
2016-04-04,58.7175,-0.002033100241381372
2016-04-05,58.352,-0.006244174401717534
2016-04-06,58.5066,0.0026459343205516334
2016-04-07,58.1551,-0.006025989054750498
2016-04-08,58.4574,0.0051847045073375
2016-04-11,58.3379,-0.0020463159339392904
2016-04-12,58.7597,0.00720427787316499
2016-04-13,58.4996,-0.00443632917109163
2016-04-14,58.1692,-0.0056639115730333185
2016-04-15,58.6121,0.007585154875022215
2016-04-18,58.8581,0.0041883023883226254
2016-04-19,58.9214,0.001074890046139909
2016-04-20,57.9232,-0.01708635717395159
2016-04-21,56.9109,-0.017631108236252573
2016-04-22,57.5084,0.01044413715632194
2016-04-25,57.9794,0.00815675095379956
2016-04-26,58.2114,0.003993436800830557
2016-04-27,58.1833,-0.0004828398637724496
2016-04-28,58.0427,-0.0024194254054153213
2016-04-29,57.5295,-0.008881086855852306
2016-05-02,58.4152,0.01527827022163341
2016-05-03,58.5066,0.0015634384454860455
2016-05-04,59.3431,0.014196286432469339
2016-05-05,59.5118,0.0028387573972915845
2016-05-06,60.1656,0.010926148199180665
2016-05-09,60.8264,0.01092314484050849
2016-05-10,60.8193,-0.00011673244525804638
2016-05-11,59.5189,-0.021613263639806483
2016-05-12,59.8985,0.006357553900365582
2016-05-13,59.3291,-0.009551552307670465
2016-05-16,59.8563,0.008846778858142852
2016-05-17,58.7878,-0.018012339238289477
2016-05-18,57.8599,-0.015909779147027375
2016-05-19,57.2132,-0.011239930243384188
2016-05-20,57.6701,0.007954200636234405
2016-05-23,57.6771,0.00012137269060012966
2016-05-24,58.3941,0.01235464301307699
2016-05-25,58.3871,-0.00011988230996748212
2016-05-26,58.5066,0.0020445933635334797
2016-05-27,58.8229,0.005391666481799595
2016-05-31,58.83,0.00012069400768909675
2016-06-01,58.8651,0.000596456454696914
2016-06-02,59.1674,0.005122329205686983
2016-06-03,59.4134,0.00414907561601683
2016-06-06,58.9495,-0.007838644969562707
2016-06-07,59.308,0.0060630589725770056
2016-06-08,59.6524,0.005790178281182463
2016-06-09,59.8211,0.0028240590946033957
2016-06-10,59.5399,-0.004711765488509797
2016-06-13,59.5329,-0.0001175751306439305
2016-06-14,59.3994,-0.0022449756049290515
2016-06-15,59.9617,0.009421899759820482
2016-06-16,60.2991,0.005611153181317761
2016-06-17,60.1937,-0.001749482572951318
2016-06-20,60.2851,0.0015172796796551283
2016-06-21,60.5149,0.0038046403510214807
2016-06-22,60.4227,-0.0015247535565907043
2016-06-23,60.7277,0.005035074491911373
2016-06-24,60.1886,-0.008916971030185208
2016-06-27,60.1744,-0.00023595291021138241
2016-06-28,61.4866,0.02157225219169815
2016-06-29,62.2526,0.012381036647902077
2016-06-30,62.8129,0.008960164851451779
2016-07-01,62.9122,0.001579637171069679
2016-07-05,63.5647,0.010318181249172474
2016-07-06,63.3307,-0.003688081131984614
2016-07-07,62.6923,-0.01013157060064766
2016-07-08,63.6569,0.015269091389761487
2016-07-11,64.118,0.007217411269285342
2016-07-12,64.1109,-0.00011073946680120535
2016-07-13,64.4655,0.0055158007072908
2016-07-14,63.891,-0.008951690586000354
2016-07-15,63.9123,0.0003333247294431479
2016-07-18,64.0825,0.002659484609010549
2016-07-19,64.3946,0.0048584629310231935
2016-07-20,64.4017,0.0001102516144826255
2016-07-21,64.5293,0.0019793539437330697
2016-07-22,65.118,0.009081624470772117
2016-07-25,64.9762,-0.0021799596931367576
2016-07-26,64.657,-0.004924674313587041
2016-07-27,64.1534,-0.007819284248632038
2016-07-28,64.7634,0.00946353853886258
2016-07-29,65.572,0.012408146588770227
2016-08-01,65.6855,0.0017294254162854793
2016-08-02,64.6641,-0.015672022094623893
2016-08-03,64.2882,-0.00583007925768897
2016-08-04,64.047,-0.0037589107898859985
2016-08-05,64.04,-0.0001093007097826013
2016-08-08,64.1818,0.0022117932801982362
2016-08-09,64.5364,0.005509724297740749
2016-08-10,64.43,-0.001650042555901969
2016-08-11,63.7279,-0.010956905881462073
2016-08-12,63.9974,0.004220000265365039
2016-08-15,63.9548,-0.0006658736867990857
2016-08-16,63.1675,-0.012386655468168294
2016-08-17,63.4229,0.0040350665853031
2016-08-18,63.1888,-0.0036979247063187674
2016-08-19,62.7916,-0.006305763692495549
2016-08-22,63.125,0.00529558102954827
2016-08-23,63.1605,0.0005622181633693785
2016-08-24,62.8767,-0.004503439931144225
2016-08-25,63.1675,0.0046142625517375975
2016-08-26,62.5718,-0.009475231002912948
2016-08-29,63.1605,0.009364408382319582
2016-08-30,63.0399,-0.0019112465049440312
2016-08-31,63.1675,0.0020220691255374732
2016-09-01,62.9477,-0.0034857054906953016
2016-09-02,63.4938,0.008638040447699107
2016-09-06,63.9903,0.0077892460364249756
2016-09-07,64.3733,0.005967441495303354
2016-09-08,63.5647,-0.012640666055654486
2016-09-09,61.061,-0.040184920306169464
2016-09-12,61.7845,0.011779159437908833
2016-09-13,60.269,-0.024834648589654493
2016-09-14,60.4261,0.002603255454801564
2016-09-15,60.6689,0.004010080108459367
2016-09-16,60.6832,0.00023567783443702374
2016-09-19,61.2331,0.009021004232666165
2016-09-20,61.1403,-0.0015166697630184566
2016-09-21,61.9259,0.012767285757948268
2016-09-22,63.0471,0.017943557131300386
2016-09-23,63.2257,0.0028287979532863826
2016-09-26,63.4114,0.0029327919401913737
2016-09-27,62.74,-0.01064445324218929
2016-09-28,63.2185,0.007597777074681886
2016-09-29,62.4044,-0.012961194127231268
2016-09-30,61.9473,-0.007351762119730149
2016-10-03,60.8189,-0.01838342766046028
2016-10-04,59.9548,-0.01430965093916946
2016-10-05,58.705,-0.02106604290844769
2016-10-06,58.7764,0.001215511711486999
2016-10-07,58.705,-0.001215511711487004
2016-10-10,59.0335,0.005580177298210374
2016-10-11,58.4621,-0.009726398344517898
2016-10-12,59.1263,0.0112971528495224
2016-10-13,59.5977,0.00794114883725062
2016-10-14,59.3334,-0.00444459750379102
2016-10-17,59.462,0.0021650678432763816
2016-10-18,59.8405,0.006345236184160997
2016-10-19,59.969,0.002145072790933133
2016-10-20,59.7905,-0.0029809765769315964
2016-10-21,59.612,-0.0029898893737422463
2016-10-24,59.7548,0.0023926262264458045
2016-10-25,59.6405,-0.001914648816452671
2016-10-26,58.8407,-0.01350108116513485
2016-10-27,57.3195,-0.026192912368306405
2016-10-28,57.598,0.004846964913694819
2016-10-31,58.3907,0.013668785700963672
2016-11-01,57.1195,-0.02201106608614042
2016-11-02,56.3268,-0.013975121293788256
2016-11-03,55.884,-0.007892329409587647
2016-11-04,56.2911,0.00725832715602347
2016-11-07,57.2766,0.017355722404498224
2016-11-08,57.5909,0.005472405760852081
2016-11-09,56.7267,-0.015119569743369664
2016-11-10,55.7483,-0.017398082764488277
2016-11-11,56.0911,0.006130238065109088
2016-11-14,57.4195,0.023406812220811393
2016-11-15,56.9552,-0.008118972997765142
2016-11-16,56.7767,-0.003138963590069692
2016-11-17,56.1982,-0.010241302382869572
2016-11-18,56.3125,0.0020318074515846747
2016-11-21,56.1911,-0.002158153998977302
2016-11-22,57.1766,0.017386342406567837
2016-11-23,56.9338,-0.004255534402068875
2016-11-25,57.3623,0.007498103742407894
2016-11-28,57.548,0.0032320890583005138
2016-11-29,58.0765,0.009141724817955462
2016-11-30,57.4337,-0.011129867933765806
2016-12-01,56.5624,-0.015286785556195406
2016-12-02,57.1338,0.01005143198743537
2016-12-05,57.5766,0.007720349669742254
2016-12-06,57.9265,0.006058730377793834
2016-12-07,59.0692,0.019534672435914273
2016-12-08,59.4906,0.007108678903981
2016-12-09,59.4191,-0.0012025933732424355
2016-12-12,59.8191,0.0067092844488114926
2016-12-13,59.7905,-0.0004782224929279414
2016-12-14,58.4836,-0.02210041240595031
2016-12-15,58.1408,-0.005878718128354012
2016-12-16,59.0121,0.014874852698496236
2016-12-19,59.6477,0.010713081919559726
2016-12-20,59.7691,0.0020332154574890576
2016-12-21,58.9549,-0.013716060183304138
2016-12-22,58.9099,-0.0007635867907380606
2016-12-23,59.0634,0.0026022852056139037
2016-12-27,59.1876,0.0021006172577033157
2016-12-28,58.8588,-0.005570705253139483
2016-12-29,59.5603,0.011847889503000093
2016-12-30,60.3131,0.01256008249558537
2017-01-03,60.3935,0.0013321560194735928
2017-01-04,61.3947,0.016442028953413748
2017-01-05,61.5993,0.0033269946294061576
2017-01-06,61.5993,0.0
2017-01-09,61.0731,-0.008578999470498037
2017-01-10,60.525,-0.009015004543923656
2017-01-11,60.1888,-0.005570214329773785
2017-01-12,60.4592,0.004482468880569243
2017-01-13,60.3715,-0.0014516180970579318
2017-01-17,60.8466,0.007838803491893266
2017-01-18,60.8977,0.0008394644020435041
2017-01-19,60.335,-0.009283040646232275
2017-01-20,60.7516,0.006881052796828972
2017-01-23,61.2704,0.008503435874355847
2017-01-24,61.307,0.0005971737218717357
2017-01-25,60.8831,-0.0069383968192487325
2017-01-26,60.7662,-0.0019219187612833305
2017-01-27,60.1742,-0.009790024314866964
2017-01-30,59.7723,-0.006701346084195178
2017-01-31,60.1961,0.007065223224015177
2017-02-01,59.5019,-0.01159932134818867
2017-02-02,60.1596,0.010992785868456648
2017-02-03,60.5104,0.0058142204066780724
2017-02-06,60.4081,-0.001692049180354281
2017-02-07,60.1961,-0.003515635746591846
2017-02-08,60.6639,0.0077412268101273345
2017-02-09,60.8173,0.002525494998957716
2017-02-10,61.2631,0.00730341613518703
2017-02-13,61.2704,0.00011915108943485016
2017-02-14,60.9416,-0.0053808266507366035
2017-02-15,60.7881,-0.0025219824144813883
2017-02-16,61.0804,0.004796982985931622
2017-02-17,61.2193,0.0022714701625938683
2017-02-21,62.0012,0.012691240416442134
2017-02-22,61.8039,-0.0031872704278872316
2017-02-23,62.1182,0.005072552416912523
2017-02-24,62.3885,0.004341941833676409
2017-02-27,62.7539,0.005839763955797307
2017-02-28,62.3082,-0.0071276891550978915
2017-03-01,62.1182,-0.003054016634375824
2017-03-02,61.7674,-0.005663304493834909
2017-03-03,61.5408,-0.0036753477072803105
2017-03-06,61.2631,-0.004522665377094735
2017-03-07,60.9562,-0.005022130629894971
2017-03-08,59.8454,-0.018391003240927777
2017-03-09,58.9465,-0.015134317365167729
2017-03-10,58.7565,-0.0032284676691478557
2017-03-13,58.9172,0.0027312831992294655
2017-03-14,58.8953,-0.00037177719261110784
2017-03-15,60.0865,0.02002389947629382
2017-03-16,59.9842,-0.0017039964746307448
2017-03-17,60.2473,0.00437656387815414
2017-03-20,60.1486,-0.0016395910842632825
2017-03-21,59.9331,-0.003589226857199168
2017-03-22,59.9317,-2.3359651875620308e-05
2017-03-23,60.3811,0.007470561570439452
2017-03-24,60.3369,-0.0007322851931801032
2017-03-27,59.7549,-0.009692661055213821
2017-03-28,60.0496,0.004919691570751769
2017-03-29,60.3074,0.004283928550278833
2017-03-30,60.5063,0.0032926759084670595
2017-03-31,60.9041,0.0065530040840276384
2017-04-03,61.0146,0.0018126838664937965
2017-04-04,61.0219,0.00011963633845122026
2017-04-05,61.1103,0.0014476119391517545
2017-04-06,61.4271,0.005170677782092323
2017-04-07,61.5155,0.001438069720903794
2017-04-10,61.9206,0.006563743579068185
2017-04-11,62.3257,0.0065209416375985145
2017-04-12,62.1858,-0.0022471829328633928
2017-04-13,62.09,-0.0015417324849389769
2017-04-17,62.8266,0.011793605297204373
2017-04-18,63.0034,0.002810142515261232
2017-04-19,62.8414,-0.0025746012467055056
2017-04-20,62.8708,0.0004677350414042678
2017-04-21,62.6793,-0.0030505773951369493
2017-04-24,61.9574,-0.011584197477101661
2017-04-25,62.2521,0.004745217603838569
2017-04-26,61.707,-0.008794893051429834
2017-04-27,61.626,-0.0013135172524136284
2017-04-28,60.9556,-0.010938129116013384
2017-05-01,61.346,0.006384239061618841
2017-05-02,61.2429,-0.0016820450188914033
2017-05-03,60.4179,-0.013562505687016942
2017-05-04,60.1306,-0.004766555269549465
2017-05-05,60.6315,0.008295696623345235
2017-05-08,60.2337,-0.006582563655928279
2017-05-09,59.9096,-0.005395236957431675
2017-05-10,60.3516,0.007350699813504095
2017-05-11,60.1159,-0.003913093585556842
2017-05-12,59.8728,-0.004052053778802846
2017-05-15,60.0496,0.002948575547070889
2017-05-16,59.615,-0.007263667129974963
2017-05-17,59.8802,0.004438679301114504
2017-05-18,60.219,0.005642017577689359
2017-05-19,60.5578,0.00561036372344773
2017-05-22,60.7494,0.0031589247683276736
2017-05-23,60.9041,0.00254329030216955
2017-05-24,61.2724,0.006029000922536972
2017-05-25,61.3313,0.0009608193640363123
2017-05-26,60.8893,-0.0072328548035971935
2017-05-30,60.5063,-0.006309969567003822
2017-05-31,60.5873,0.0013378083082951327
2017-06-01,60.8157,0.0037626791672232397
2017-06-02,61.486,0.010961527299278793
2017-06-05,61.2503,-0.0038407592495883847
2017-06-06,60.9262,-0.005305451706756858
2017-06-07,61.3534,0.006987293678937484
2017-06-08,61.184,-0.002764871915269723
2017-06-09,61.6333,0.007316591463004426
2017-06-12,62.1858,0.008924368969800065
2017-06-13,62.3257,0.0022471829328633485
2017-06-14,62.4141,0.0014173505937763724
2017-06-15,62.7309,0.005062937819647212
2017-06-16,62.5836,-0.0023508862556180427
2017-06-19,62.5688,-0.00023651164610481276
2017-06-20,62.4289,-0.002238442121983249
2017-06-21,62.3036,-0.002009100148679854
2017-06-22,62.3626,0.0009465276779899614
2017-06-23,62.5912,0.0036589564309467528
2017-06-26,63.0375,0.007105094258265694
2017-06-27,62.4499,-0.009365152113563901
2017-06-28,62.621,0.0027360498203407605
2017-06-29,61.9069,-0.011469041518315919
2017-06-30,61.8623,-0.0007206962948851994
2017-07-03,62.712,0.013641869590001654
2017-07-05,61.8102,-0.014484417498099
2017-07-06,60.6797,-0.018459188888570687
2017-07-07,60.9921,0.005135137089927818
2017-07-10,60.4342,-0.009189177728329249
2017-07-11,60.3673,-0.001107602253934162
2017-07-12,61.1111,0.012245951464682844
2017-07-13,61.2078,0.0015811133053875285
2017-07-14,61.7954,0.009554295658878775
2017-07-17,62.2937,0.008031369048201328
2017-07-18,62.1598,-0.0021518085335680607
2017-07-19,62.6284,0.0075103607974705364
2017-07-20,62.3383,-0.00464284519182142
2017-07-21,62.3235,-0.00023744242533842362
2017-07-24,62.1747,-0.0023903971439519327
2017-07-25,62.3012,0.002032522657786521
2017-07-26,62.6879,0.0061877593140808205
2017-07-27,62.7846,0.0015413739129333099
2017-07-28,62.5912,-0.0030851273275795572
2017-07-31,62.6731,0.001307635322596017
2017-08-01,62.9557,0.004498975977965703
2017-08-02,62.383,-0.00913850208459427
2017-08-03,62.2491,-0.002148724951569252
2017-08-04,62.4648,0.0034591206766865132
2017-08-07,62.3755,-0.0014306280140439942
2017-08-08,62.1003,-0.004421750225980104
2017-08-09,61.9664,-0.0021585171845282707
2017-08-10,61.4458,-0.008436817235524877
2017-08-11,61.0441,-0.006558931635662202
2017-08-14,62.0854,0.01691430283818713
2017-08-15,61.8995,-0.0029987545146099356
2017-08-16,62.145,0.003958262083974346
2017-08-17,61.7582,-0.00624360398340038
2017-08-18,61.1259,-0.010291088601053988
2017-08-21,61.7879,0.01077188080043736
2017-08-22,61.6094,-0.0028930961131857892
2017-08-23,62.2416,0.010209130180320306
2017-08-24,62.0483,-0.003110472465562047
2017-08-25,62.3458,0.004783194174112839
2017-08-28,61.8697,-0.007665747534678464
2017-08-29,61.8028,-0.0010818897738051642
2017-08-30,62.1524,0.005640762581477962
2017-08-31,62.5094,0.0057275119712722495
2017-09-01,62.7251,0.0034447410784670565
2017-09-05,62.554,-0.0027315028026692555
2017-09-06,62.7177,0.0026135207421829434
2017-09-07,63.1193,0.006382882037408254
2017-09-08,63.1714,0.0008250805950972134
2017-09-11,63.7516,0.009142614678904842
2017-09-12,63.0003,-0.011854793477843925
2017-09-13,62.8441,-0.0024824319590668535
2017-09-14,63.3202,0.007547337241629962
2017-09-15,63.4764,0.002463789707524334
2017-09-18,63.1342,-0.005405563724680082
2017-09-19,62.7177,-0.006618915098973628
2017-09-20,62.5466,-0.002731825530627466
2017-09-21,62.4276,-0.0019043936422865628
2017-09-22,62.0809,-0.005569112085919372
2017-09-25,62.5099,0.006886571005843459
2017-09-26,62.5475,0.000601323890197366
2017-09-27,61.9831,-0.009064500845523918
2017-09-28,62.4045,0.006775620916734096
2017-09-29,62.5324,0.0020474342596877772
2017-10-02,62.4421,-0.0014450950508216043
2017-10-03,62.3518,-0.0014471863730514858
2017-10-04,62.6679,0.005056813823615351
2017-10-05,62.8937,0.003596644888399157
2017-10-06,62.6905,-0.0032360786998573694
2017-10-09,62.841,0.002397805683959173
2017-10-10,63.0668,0.003586755420599402
2017-10-11,63.2399,0.002740948950010397
2017-10-12,63.6463,0.006405761850801146
2017-10-13,63.8118,0.002596933313957286
2017-10-16,63.4958,-0.004964364248205473
2017-10-17,63.571,0.0011836295362670035
2017-10-18,63.5033,-0.0010655184629016143
2017-10-19,63.3151,-0.0029680257463780687
2017-10-20,62.9539,-0.005721134802906587
2017-10-23,62.7131,-0.003832355267779095
2017-10-24,62.3368,-0.006018415621919663
2017-10-25,62.1561,-0.002902978834951351
2017-10-26,61.6444,-0.008266572654668547
2017-10-27,61.9228,0.004506057773673994
2017-10-30,61.8702,-0.0008498057752137272
2017-10-31,61.8626,-0.00012284535724650084
2017-11-01,62.1637,0.004855431332566799
2017-11-02,62.6905,0.00843869291033567
2017-11-03,62.5324,-0.002525098588283902
2017-11-06,62.9539,0.006717890083486549
2017-11-07,63.5785,0.009872650376740653
2017-11-08,63.7817,0.003190952470523396
2017-11-09,63.8495,0.0010624362440775194
2017-11-10,63.9172,0.0010597441482939564
2017-11-13,64.2408,0.005050027118470944
2017-11-14,64.1053,-0.0021114790452085907
2017-11-15,63.4581,-0.010147198228805662
2017-11-16,63.9849,0.008267272434966439
2017-11-17,63.7065,-0.0043605198334070085
2017-11-20,63.5183,-0.0029585448320767157
2017-11-21,63.9925,0.007437835636122833
2017-11-22,63.8495,-0.0022371373983563216
2017-11-24,63.9247,0.0011770765723052561
2017-11-27,63.6463,-0.004364635253479494
2017-11-28,63.3904,-0.004028762493427946
2017-11-29,63.413,0.00035645732274203093
2017-11-30,63.5259,0.0017788090139348592
2017-12-01,63.6613,0.0021291458755331354
2017-12-04,63.3452,-0.004977708269773112
2017-12-05,62.8184,-0.00835111017168416
2017-12-06,62.7582,-0.0009587774252780867
2017-12-07,62.9238,0.0026352237525303795
2017-12-08,63.2399,0.005010960544621697
2017-12-11,63.1721,-0.001072683075992251
2017-12-12,63.5409,0.005821045060649746
2017-12-13,63.6463,0.0016573998661436285
2017-12-14,63.6312,-0.00023727681751824838
2017-12-15,64.0301,0.006249369201781023
2017-12-18,64.4515,0.006559717672653738
2017-12-19,63.0818,-0.02148070608894453
2017-12-20,62.3518,-0.011639755885499283
2017-12-21,61.8148,-0.008649723002615172
2017-12-22,62.2484,0.00699001421024153
2017-12-26,62.5603,0.004998059418728071
2017-12-27,62.7656,0.003276261070359335
2017-12-28,63.1156,0.005560812923770654
2017-12-29,63.1232,0.00012040672137528747
2018-01-02,62.8874,-0.0037425466624349587
2018-01-03,62.7048,-0.0029078259424354853
2018-01-04,61.617,-0.01750019324099081
2018-01-05,61.655,0.000616522830872488
2018-01-08,61.9745,0.005168680796954002
2018-01-09,61.2214,-0.012226208519979348
2018-01-10,60.4911,-0.0120005548220496
2018-01-11,60.2781,-0.0035273930911915137
2018-01-12,59.7989,-0.007981587547654247
2018-01-16,59.913,0.0019062438162127597
2018-01-17,60.3314,0.00695918793060887
2018-01-18,59.5479,-0.013071667189519342
2018-01-19,59.8521,0.005095488411845363
2018-01-22,60.4227,0.009488343042034712
2018-01-23,61.2595,0.013754077288819406
2018-01-24,60.94,-0.005229165881011869
2018-01-25,60.8335,-0.0017491494808520615
2018-01-26,60.5976,-0.00388533574609571
2018-01-29,59.8293,-0.012759780813263876
2018-01-30,59.4033,-0.007145727136349294
2018-01-31,60.4379,0.0172666112180552
2018-02-01,59.1143,-0.022143533680318073
2018-02-02,58.635,-0.00814107000571135
2018-02-05,56.7637,-0.03243475099451658
2018-02-06,56.9006,0.0024088489736435936
2018-02-07,56.6572,-0.0042868102894115905
2018-02-08,55.0521,-0.028739066022673142
2018-02-09,56.4062,0.024299071960199106
2018-02-12,56.3986,-0.0001347460393794752
2018-02-13,56.8245,0.007523235254879737
2018-02-14,56.3825,-0.0078087440876427085
2018-02-15,56.9615,0.010216774358516006
2018-02-16,57.3038,0.00599133812166182
2018-02-20,56.5963,-0.012423327100680698
2018-02-21,55.4553,-0.020366321213828604
2018-02-22,56.0943,0.011456912254716232
2018-02-23,57.0071,0.016141618392420076
2018-02-26,57.1669,0.002799238081276541
2018-02-27,55.8356,-0.023563400774307863
2018-02-28,55.8128,-0.00040842502565081163
2018-03-01,55.8508,0.0006806157327351442
2018-03-02,55.828,-0.00040831384858656743
2018-03-05,56.4594,0.011246260129917418
2018-03-06,56.7257,0.004705575051440384
2018-03-07,57.0832,0.006282481877318079
2018-03-08,57.0984,0.0002662425485329887
2018-03-09,57.4559,0.006241601766338991
2018-03-12,57.7526,0.005150673013535135
2018-03-13,57.7906,0.0006577626614125664
2018-03-14,57.8439,0.0009218702683841425
2018-03-15,57.8135,-0.0005256905429326347
2018-03-16,58.2395,0.00734150626639787
2018-03-19,57.7374,-0.008658674908136967
2018-03-20,57.5244,-0.003695938159289878
2018-03-21,57.1136,-0.0071669386834036005
2018-03-22,56.8245,-0.0050746961801429015
2018-03-23,55.7672,-0.018781687818732944
2018-03-26,56.4018,0.011315189951324543
2018-03-27,56.7321,0.005839115216070141
2018-03-28,58.0378,0.02275433429997039
2018-03-29,57.9687,-0.0011913126966570944
2018-04-02,57.1776,-0.01374099641219115
2018-04-03,57.6691,0.008559288175659535
2018-04-04,58.299,0.010863439079463412
2018-04-05,58.2068,-0.0015827541503959028
2018-04-06,57.8151,-0.006752199165917081
2018-04-09,57.6,-0.0037274195325175206
2018-04-10,57.5693,-0.0005331281986978908
2018-04-11,57.6691,0.0017320619680647612
2018-04-12,57.0163,-0.01138430960455386
2018-04-13,57.3312,0.0055077862840758945
2018-04-16,57.6999,0.006410462259564571
2018-04-17,58.3451,0.011119938789228524
2018-04-18,58.2529,-0.0015815025852446637
2018-04-19,57.408,-0.014610210177951988
2018-04-20,56.8857,-0.009139674991665242
2018-04-23,56.855,-0.0005398243679795422
2018-04-24,57.047,0.0033713223973766723
2018-04-25,56.9395,-0.0018861888358907854
2018-04-26,57.6768,0.012865712297452033
2018-04-27,58.66,0.01690305061368063
2018-04-30,58.4449,-0.003673633501386781
2018-05-01,58.9903,0.009288593561864187
2018-05-02,58.7368,-0.004306576681101558
2018-05-03,58.7214,-0.0002622209447827826
2018-05-04,59.3206,0.010152405867182558
2018-05-07,59.72,0.006710340819909117
2018-05-08,59.4435,-0.004640691087882979
2018-05-09,59.8352,0.00656783496206453
2018-05-10,60.3268,0.008182332896234904
2018-05-11,60.104,-0.003700054374546724
2018-05-14,59.6124,-0.008212788944447923
2018-05-15,58.6139,-0.01689173630205285
2018-05-16,58.4757,-0.0023605864940200597
2018-05-17,58.13,-0.005929401613079431
2018-05-18,58.2222,0.0015848435921015005
2018-05-21,58.9135,0.011803541126757864
2018-05-22,59.0364,0.002083936391254428
2018-05-23,59.6201,0.009838562714645938
2018-05-24,59.4972,-0.002063512917265393
2018-05-25,59.6816,0.0030945125668542742
2018-05-29,59.9811,0.005005747411571761
2018-05-30,60.803,0.013609617260923133
2018-05-31,60.5956,-0.003416846681594905
2018-06-01,60.8645,0.00442779874747726
2018-06-04,61.356,0.008042883959877341
2018-06-05,61.2331,-0.002005072900849207
2018-06-06,61.3791,0.002381493342479426
2018-06-07,61.4252,0.0007507880777053888
2018-06-08,61.6018,0.0028709164865781006
2018-06-11,61.5097,-0.0014962049391238962
2018-06-12,61.863,0.005727376733586602
2018-06-13,60.6724,-0.019433363248410582
2018-06-14,61.2485,0.009450459891209698
2018-06-15,61.2178,-0.0005013624261217328
2018-06-18,61.2115,-0.00010291654049405709
2018-06-19,61.1495,-0.0010133948775508893
2018-06-20,61.8549,0.011469634144435966
2018-06-21,62.1418,0.004627550765113564
2018-06-22,62.6302,0.007828719495617571
2018-06-25,62.4519,-0.0028509294417910416
2018-06-26,62.6689,0.0034686513764353804
2018-06-27,62.4286,-0.0038418081186067836
2018-06-28,62.9868,0.008901676922752927
2018-06-29,63.2271,0.0038078260849747875
2018-07-02,62.7697,-0.007260533748978857
2018-07-03,63.2271,0.0072605337489789435
2018-07-05,63.9945,0.012064135453029572
2018-07-06,64.3589,0.005678088450196339
2018-07-09,63.8162,-0.008468154002832714
2018-07-10,63.979,0.002547827900688086
2018-07-11,63.7697,-0.0032767486052314152
2018-07-12,63.9635,0.003034452259985325
2018-07-13,63.7852,-0.002791419650868813
2018-07-16,63.4131,-0.005850723813835536
2018-07-17,63.0023,-0.006499231043292602
2018-07-18,62.7309,-0.00431708445361479
2018-07-19,63.4674,0.01167223903622261
2018-07-20,62.8472,-0.009820004717501352
2018-07-23,62.7232,-0.001974988377929576
2018-07-24,62.4053,-0.0050811874828501895
2018-07-25,62.855,0.007180278700825614
2018-07-26,63.072,0.0034464446035154138
2018-07-27,62.4519,-0.009880270522062307
2018-07-30,62.4751,0.000371416911743548
2018-07-31,63.5217,0.016613502444941947
2018-08-01,63.979,0.007173324709952226
2018-08-02,63.6845,-0.0046136996463239975
2018-08-03,64.3589,0.010534025748468399
2018-08-06,64.3201,-0.0006030510211592739
2018-08-07,64.1651,-0.0024127304186220646
2018-08-08,63.8317,-0.00520951701938509
2018-08-09,63.8783,0.0007297784365856582
2018-08-10,63.3744,-0.007919716183539526
2018-08-13,63.2503,-0.001960123731524099
2018-08-14,63.5682,0.005013474625008998
2018-08-15,64.0178,0.007047824385689751
2018-08-16,64.5372,0.008080632044682087
2018-08-17,65.1496,0.009444362139573625
2018-08-20,65.2116,0.0009512033438589177
2018-08-21,64.7775,-0.006679046377785054
2018-08-22,64.4519,-0.005039111672527387
2018-08-23,64.2814,-0.0026488888219962023
2018-08-24,64.669,0.006011631872598751
2018-08-27,64.4364,-0.00360326139206114
2018-08-28,65.2659,0.012791003852594367
2018-08-29,65.2426,-0.0003570648693006465
2018-08-30,64.9016,-0.005240353090775638
2018-08-31,65.1186,0.003337945972738826
2018-09-04,64.3822,-0.011373025301737515
2018-09-05,64.7698,0.006002247950798584
2018-09-06,64.9403,0.0026289409721905375
2018-09-07,64.2349,-0.01092170961425974
2018-09-10,64.5605,0.00505609196660817
2018-09-11,64.5139,-0.0007220642052130374
2018-09-12,64.5449,0.00048040119071595045
2018-09-13,64.8783,0.005152101593604011
2018-09-14,64.4364,-0.006834516417963899
2018-09-17,64.6612,0.003482639912940796
2018-09-18,64.3511,-0.00480730282623943
2018-09-19,63.5914,-0.011875786835903774
2018-09-20,64.2039,0.009585715437177483
2018-09-21,64.1806,-0.00036297216962828926
2018-09-24,63.0331,-0.018040999100431977
2018-09-25,63.0174,-0.00024910651018735164
2018-09-26,62.3099,-0.011290557058143736
2018-09-27,62.53,0.003526119903195332
2018-09-28,63.4182,0.01410444491439929
2018-10-01,62.8287,-0.009338911045631913
2018-10-02,62.6794,-0.002379130437367467
2018-10-03,62.0427,-0.01020998733977184
2018-10-04,61.5081,-0.008653984213936539
2018-10-05,61.4924,-0.00025528351649396807
2018-10-08,62.3492,0.013837251309420607
2018-10-09,62.4828,0.002140477618062164
2018-10-10,61.5632,-0.014827029441847864
2018-10-11,59.7946,-0.02914893355017851
2018-10-12,59.5981,-0.003291661507339625
2018-10-15,59.9911,0.00657252351776963
2018-10-16,61.2094,0.0201045546087626
2018-10-17,60.9501,-0.004245275880029051
2018-10-18,60.8636,-0.0014202017431375164
2018-10-19,61.4217,0.009127898038443718
2018-10-22,60.5177,-0.014827308677975177
2018-10-23,60.8714,0.005827557844701386
2018-10-24,61.3981,0.008615447971838427
2018-10-25,62.1763,0.012595008147361132
2018-10-26,60.6592,-0.02470258428523326
2018-10-29,61.4688,0.013258415099433011
2018-10-30,62.2942,0.01333859453574943
2018-10-31,61.6103,-0.011039259192187952
2018-11-01,61.854,0.003947704988285559
2018-11-02,61.2959,-0.0090638128131659
2018-11-05,62.2706,0.015776447767290373
2018-11-06,62.5693,0.00478533818123109
2018-11-07,63.3161,0.011864898724205965
2018-11-08,63.3632,0.000743610079473848
2018-11-09,63.3554,-0.00012310742084975076
2018-11-12,63.4811,0.0019820799399621817
2018-11-13,63.4104,-0.0011143379551186178
2018-11-14,63.2768,-0.002109132564709979
2018-11-15,62.8366,-0.006981047022147422
2018-11-16,63.5047,0.01057621264917245
2018-11-19,63.5912,0.0013611770852657832
2018-11-20,62.9702,-0.009813497381694928
2018-11-21,62.9938,0.00037471023905465074
2018-11-23,62.8175,-0.0028026117748982753
2018-11-26,62.9702,0.002427901535843597
2018-11-27,63.2139,0.003862615067922261
2018-11-28,63.7798,0.008912312118613633
2018-11-29,63.8348,0.0008619703921869534
2018-11-30,64.4087,0.008950220963808781
2018-12-03,64.786,0.005840813479733485
2018-12-04,63.827,-0.014913232313378162
2018-12-06,65.3912,0.024211394514576472
2018-12-07,64.503,-0.013675958486679783
2018-12-10,64.1335,-0.005744886035283179
2018-12-11,64.165,0.0004910423837059749
2018-12-12,63.151,-0.01592920671255403
2018-12-13,63.54,0.006140944857499658
2018-12-14,63.365,-0.0027579703073425874
2018-12-17,61.0264,-0.037605101100702115
2018-12-18,61.5832,0.009082548636575606
2018-12-19,60.8673,-0.011693021373883665
2018-12-20,60.048,-0.013551842303352222
2018-12-21,59.2526,-0.01333458148366485
2018-12-24,57.1485,-0.03615651773179178
2018-12-26,58.9741,0.03144522129639655
2018-12-27,58.998,0.0004051805524691504
2018-12-28,59.1651,0.0028282959974756123
2018-12-31,59.356,0.0032213701203302036
2019-01-02,58.0196,-0.022772326648809706
2019-01-03,58.4094,0.006695951290726001
2019-01-04,59.1571,0.012719781247459186
2019-01-07,59.698,0.009101901966614156
2019-01-08,60.9707,0.021094901910205296
2019-01-09,60.8355,-0.002219920751532681
2019-01-10,61.6787,0.013765152350423629
2019-01-11,61.9014,0.0036041440502152474
2019-01-14,61.6071,-0.004765672921340972
2019-01-15,62.2275,0.010019900586572612
2019-01-16,62.665,0.0070060538390725735
2019-01-17,62.9673,0.004812465957153573
2019-01-18,63.182,0.0034039064394835628
2019-01-22,62.9911,-0.0030260038893837704
2019-01-23,63.023,0.0005062925606168016
2019-01-24,63.2139,0.0030244745477842967
2019-01-25,64.0013,0.01237918197423563
2019-01-28,64.6297,0.009770661803444844
2019-01-29,65.1388,0.007846320360974506
2019-01-30,65.6877,0.008391315534054696
2019-01-31,66.3479,0.01000041658637341
2019-02-01,65.8945,-0.006857131700280402
2019-02-04,66.3797,0.007336308610108873
2019-02-05,66.8331,0.006807179952547761
2019-02-06,66.3161,-0.007765763492796441
2019-02-07,66.8888,0.008598835760261448
2019-02-08,66.9047,0.0002376797090270025
2019-02-11,67.1433,0.0035599225946286762
2019-02-12,66.7218,-0.006297405267873375
2019-02-13,67.0161,0.00440115292752002
2019-02-14,67.2308,0.003198586828431114
2019-02-15,67.6842,0.006721294250318976
2019-02-19,67.6683,-0.00023494209671984546
2019-02-20,67.2308,-0.0064863521535990475
2019-02-21,67.3581,0.0018916870256268257
2019-02-22,67.7081,0.005182655370683322
2019-02-25,67.2149,-0.007310869114146931
2019-02-26,66.9684,-0.003674082800013373
2019-02-27,66.6343,-0.0050014063553055705
2019-02-28,66.7774,0.002145239958407008
2019-03-01,66.5945,-0.002742708391417613
2019-03-04,66.9047,0.004647227223459743
2019-03-05,67.0558,0.002255889819453803
2019-03-06,66.7854,-0.004040614816542427
2019-03-07,66.6263,-0.002385099289232561
2019-03-08,66.7059,0.0011940102909407586
2019-03-11,67.6922,0.014677554318648077
2019-03-12,67.9945,0.004455860451652726
2019-03-13,68.3604,0.0053668900533324305
2019-03-14,68.432,0.0010468418792088793
2019-03-15,68.2172,-0.003143819018572661
2019-03-18,67.8195,-0.005846968252166745
2019-03-19,67.6683,-0.002231936200416398
2019-03-20,67.8672,0.002935026510151794
2019-03-21,69.0842,0.01777319598027823
2019-03-22,68.5751,-0.007396555423840807
2019-03-25,68.6706,0.0013916649543576822
2019-03-26,69.2195,0.00796145480091197
2019-03-27,69.0126,-0.00299351821328264
2019-03-28,69.6983,0.009886830603155608
2019-03-29,69.6822,-0.00023102227458817755
2019-04-01,69.538,-0.0020715392100688567
2019-04-02,70.0748,0.00768987722139795
2019-04-03,69.9947,-0.0011437180646965916
2019-04-04,69.8825,-0.0016042646559091584
2019-04-05,70.3712,0.006968828313127464
2019-04-08,69.9787,-0.005593178523609753
2019-04-09,69.6101,-0.0052812382760340235
2019-04-10,70.251,0.009164871233237297
2019-04-11,70.203,-0.0006834978266005613
2019-04-12,70.5395,0.004781791444479296
2019-04-15,70.1789,-0.005125140554824203
2019-04-16,68.5927,-0.022861580975740134
2019-04-17,67.9198,-0.009858517717297094
2019-04-18,68.5366,0.009040311788590192
2019-04-22,67.7275,-0.011875607866335977
2019-04-23,68.5767,0.0124605256116352
2019-04-24,69.1375,0.008144448428904454
2019-04-25,68.9933,-0.0020878768874632286
2019-04-26,69.5701,0.008325478902362416
2019-04-29,68.8571,-0.010301534747241197
2019-04-30,69.538,0.009840023152017782
2019-05-01,69.5701,0.0004615115952234875
2019-05-02,69.6422,0.0010358281049388889
2019-05-03,70.235,0.008476056842238762
2019-05-06,70.1068,-0.0018269686673389907
2019-05-07,68.7369,-0.019733620679490405
2019-05-08,68.6728,-0.0009329764150513242
2019-05-09,68.8491,0.002563956672808725
2019-05-10,69.5861,0.010647681557669023
2019-05-13,69.482,-0.0014971085309078175
2019-05-14,69.7704,0.004142124837267367
2019-05-15,70.243,0.006750808063105702
2019-05-16,70.5795,0.0047790749412773195
2019-05-17,70.3872,-0.0027283056109633354
2019-05-20,69.3698,-0.014559814148868607
2019-05-21,70.0428,0.009654869472116292
2019-05-22,70.1709,0.0018272114014628363
2019-05-23,70.3312,0.0022818174184257266
2019-05-24,70.5475,0.0030707292154813553
2019-05-28,69.8505,-0.009928997936381013
2019-05-29,68.9212,-0.013393420873750504
2019-05-30,69.2096,0.004175758325704099
2019-05-31,69.6182,0.0058864460841453765
2019-06-03,69.7784,0.002298478880089153
2019-06-04,69.482,-0.004256780069111244
2019-06-05,70.9721,0.02121911584614674
2019-06-06,71.0762,0.001465698901518359
2019-06-07,71.3166,0.0033765784282018246
2019-06-10,71.0842,-0.003264029504472884
2019-06-11,71.2845,0.002813822591031325
2019-06-12,71.5168,0.0032534746519788022
2019-06-13,71.8213,0.0042487023067269685
2019-06-14,71.8613,0.0005567828120227497
2019-06-17,72.6224,0.010535541933277486
2019-06-18,72.5583,-0.0008830375410118715
2019-06-19,72.9509,0.0053962354639822485
2019-06-20,73.3194,0.005038627522001334
2019-06-21,72.2859,-0.014196150233152882
2019-06-24,71.9735,-0.004331093687382694
2019-06-25,70.9801,-0.013898439646509032
2019-06-26,69.5541,-0.02029468903757582
2019-06-27,70.4498,0.012795532420482906
2019-06-28,70.6358,0.0026366986816341808
2019-07-01,70.6601,0.00034395902838744996
2019-07-02,71.8895,0.017249160743497804
2019-07-03,72.7954,0.012522548491735414
2019-07-05,72.488,-0.0042317354733232065
2019-07-08,72.7469,0.003565262540089921
2019-07-09,72.9895,0.003329301726769144
2019-07-10,73.3939,0.005525230713304282
2019-07-11,72.4557,-0.012865485279702776
2019-07-12,72.391,-0.0008933583478673345
2019-07-15,72.302,-0.0012301909729449344
2019-07-16,72.1322,-0.002351244763721893
2019-07-17,71.8895,-0.0033703286343386082
2019-07-18,71.9057,0.00022532045671249786
2019-07-19,70.6924,-0.017017467697623793
2019-07-22,70.652,-0.0005716533672390591
2019-07-23,71.4527,0.011269275032106783
2019-07-24,71.5093,0.0007918188463682408
2019-07-25,71.1211,-0.005443453268984869
2019-07-26,71.4123,0.004086065513830288
2019-07-29,71.6064,0.002714332030299198
2019-07-30,72.1807,0.007988241698079906
2019-07-31,71.9704,-0.002917773769293298
2019-08-01,72.027,0.0007861253455252496
2019-08-02,72.3182,0.004034777672515832
2019-08-05,70.8057,-0.021136320460027322
2019-08-06,71.9057,0.015416032424442734
2019-08-07,72.302,0.00549625294134797
2019-08-08,73.5719,0.017411368055475787
2019-08-09,73.4829,-0.001210433265238725
2019-08-12,73.2888,-0.0026449255974323495
2019-08-13,73.3939,0.0014330254077105074
2019-08-14,72.2777,-0.015325181379472601
2019-08-15,72.9814,0.009688969641754114
2019-08-16,73.7013,0.00981582395486036
2019-08-19,74.3726,0.009067156320513598
2019-08-20,73.7579,-0.008299486310373643
2019-08-21,74.0653,0.004159028394793204
2019-08-22,74.405,0.0045760073600157655
2019-08-23,73.3616,-0.014122505920826386
2019-08-26,73.9278,0.007688303285972409
2019-08-27,73.6609,-0.003616812004584455
2019-08-28,73.9278,0.0036168120045845073
2019-08-29,74.5344,0.00817182253339507
2019-08-30,74.591,0.000759092719521191
2019-09-03,75.3352,0.009927632558174174
2019-09-04,75.966,0.008338382707921322
2019-09-05,75.416,-0.0072664176723218985
2019-09-06,75.5859,0.002250303760362032
2019-09-09,75.2462,-0.0045043538391806425
2019-09-10,74.077,-0.015660311257381807
2019-09-11,74.5263,0.006046990465146768
2019-09-12,74.9226,0.005303497434862852
2019-09-13,74.1219,-0.010744545462193786
2019-09-16,74.769,0.008692325378921789
2019-09-17,75.5778,0.010759228693613438
2019-09-18,75.319,-0.0034301622533231243
2019-09-19,75.5859,0.0035373308395347243
2019-09-20,75.5859,0.0
2019-09-23,75.6344,0.0006414482931587847
2019-09-24,75.5393,-0.00125815551970907
2019-09-25,75.6371,0.00129385292470982
2019-09-26,76.322,0.009014328695037285
2019-09-27,75.898,-0.0055708986541364745
2019-09-30,76.0121,0.001502204546724599
2019-10-01,75.311,-0.009266331665816314
2019-10-02,74.993,-0.004231430627029266
2019-10-03,75.7186,0.009629061152416123
2019-10-04,76.1752,0.006012113402070985
2019-10-07,76.0121,-0.0021434122616413756
2019-10-08,75.7105,-0.00397568189918361
2019-10-09,75.7594,0.0006456728590808241
2019-10-10,75.9306,0.002257236109042112
2019-10-11,75.8491,-0.0010739250088506373
2019-10-14,75.8817,0.00042970841123381187
2019-10-15,75.9795,0.0012880184473820788
2019-10-16,75.9877,0.00010791802452056557
2019-10-17,76.485,0.006523158092007407
2019-10-18,77.0231,0.0070107336874530085
2019-10-21,77.6591,0.00822335839609203
2019-10-22,77.4308,-0.0029441010008200586
2019-10-23,77.602,0.0022085657949725583
2019-10-24,77.4063,-0.0025250274208293445
2019-10-25,76.7052,-0.009098669946803202
2019-10-28,76.3546,-0.004581223981579551
2019-10-29,76.4769,0.0016004557451249457
2019-10-30,77.0231,0.007116642413842705
2019-10-31,76.803,-0.0028616749719749496
2019-11-01,76.8682,0.0008485650390229311
2019-11-04,76.3301,-0.007024911019331107
2019-11-05,75.0827,-0.016477183197778498
2019-11-06,75.1724,0.0011939695977850392
2019-11-07,74.3734,-0.01068579128105278
2019-11-08,74.2674,-0.0014262573663336772
2019-11-11,74.4304,0.002192366871439
2019-11-12,73.8679,-0.007586097717925224
2019-11-13,74.5446,0.00911924116305615
2019-11-14,75.1234,0.007734490812042483
2019-11-15,75.5311,0.005412397177178515
2019-11-18,75.9143,0.005060580483732773
2019-11-19,76.0285,0.0015031975388616922
2019-11-20,75.9388,-0.0011805172615070032
2019-11-21,74.9196,-0.013512214196558833
2019-11-22,74.6424,-0.0037068281703536523
2019-11-25,74.8952,0.0033810926593661967
2019-11-26,75.8735,0.012977676804399527
2019-11-27,76.2323,0.004717777566624792
2019-11-29,75.9632,-0.0035362449011329296
2019-12-02,74.7321,-0.01633929378068248
2019-12-03,75.2131,0.006415699200465458
2019-12-04,75.523,0.004111827712491363
2019-12-05,75.7594,0.0031252834753770797
2019-12-06,75.7105,-0.0006456728590808372
2019-12-09,75.8654,0.0020438612460538597
2019-12-10,75.4251,-0.005820606622269057
2019-12-11,74.6587,-0.010213049798707446
2019-12-12,73.6477,-0.01363414742967215
2019-12-13,73.7211,0.0009961403780114275
2019-12-16,74.1858,0.006283703181565244
2019-12-17,73.4928,-0.00938531495899109
2019-12-18,74.3885,0.012113917762612612
2019-12-19,75.056,0.008933141586686079
2019-12-20,75.7317,0.008962329458807093
2019-12-23,75.0807,-0.008633295981678082
2019-12-24,75.281,0.002664243866366454
2019-12-26,75.6081,0.0043356413736465585
2019-12-27,75.8471,0.0031560514050771303
2019-12-30,75.9213,0.0009778057344205842
2019-12-31,76.4651,0.007137150144366575
2020-01-02,75.5669,-0.011816070965293319
2020-01-03,76.119,0.007279548567974963
2020-01-06,76.1108,-0.00010773186337937831
2020-01-07,75.2785,-0.010995603858856302
2020-01-08,75.4763,0.0026241302234516206
2020-01-09,75.468,-0.00010997434163936455
2020-01-10,76.0531,0.007723055181308064
2020-01-13,76.9596,0.01184882830807181
2020-01-14,76.6712,-0.003754459897013331
2020-01-15,77.3634,0.008987651599461077
2020-01-16,77.9814,0.007956536173462515
2020-01-17,78.0061,0.00031669204527865266
2020-01-21,78.7972,0.010090434477662408
2020-01-22,78.2698,-0.006715630681557877
2020-01-23,78.8797,0.007762074485671555
2020-01-24,78.6572,-0.002824736908578258
2020-01-27,78.2369,-0.0053577668684222785
2020-01-28,78.6901,0.005775950090879108
2020-01-29,78.3028,-0.004933991100373756
2020-01-30,78.3605,0.0007366116073003851
2020-01-31,77.4046,-0.012273763508270544
2020-02-03,77.66,0.0032941139492751177
2020-02-04,78.4594,0.010240969239876493
2020-02-05,78.5747,0.001468471124672678
2020-02-06,78.7396,0.002096440824457681
2020-02-07,78.6984,-0.0005233806443230906
2020-02-10,79.6378,0.011866029656840058
2020-02-11,80.2394,0.0075258115533799585
2020-02-12,80.7173,0.005938260468133955
2020-02-13,81.1788,0.005701202808936902
2020-02-14,82.0441,0.01060277824159218
2020-02-18,81.9534,-0.0011061145352525051
2020-02-19,80.7997,-0.014177540392965702
2020-02-20,81.7062,0.011156633730685645
2020-02-21,82.0523,0.004226962451659125
2020-02-24,80.9233,-0.013855056344903444
2020-02-25,78.7396,-0.02735558699378319
2020-02-26,77.8001,-0.012003488961964542
2020-02-27,73.7952,-0.05284902768977819
2020-02-28,71.9657,-0.025104072222856818
2020-03-02,74.8912,0.03984677701610726
2020-03-03,74.8664,-0.00033120189194677955
2020-03-04,77.7424,0.03769560534334909
2020-03-05,76.0284,-0.022293842391136364
2020-03-06,74.7181,-0.017384589362542953
2020-03-09,68.9579,-0.080226191876201
2020-03-10,71.8712,0.04137945469909455
2020-03-11,67.4363,-0.06369217954855735
2020-03-12,60.6263,-0.10645465627938287
2020-03-13,66.0079,0.08504563950629987
2020-03-16,54.5886,-0.18994936209086266
2020-03-17,57.4455,0.05101160250301746
2020-03-18,52.0223,-0.09916419943812377
2020-03-19,52.1967,0.003346801692378846
2020-03-20,49.4395,-0.05426957466973424
2020-03-23,47.2636,-0.04500925661741065
2020-03-24,51.5157,0.08614617236769442
2020-03-25,54.2896,0.05244606447086476
2020-03-26,58.1182,0.06814618776559696
2020-03-27,58.1763,0.000999187490961229
2020-03-30,58.1205,-0.0009596137517453776
2020-03-31,58.0102,-0.0018995844021847863
2020-04-01,54.1982,-0.06797115959144201
2020-04-02,54.3809,0.003365291707629872
2020-04-03,53.592,-0.014613186063685342
2020-04-06,57.5617,0.07145761277595707
2020-04-07,58.0932,0.009191201439356068
2020-04-08,62.0547,0.06596763672744106
2020-04-09,65.5345,0.05456046738273511
2020-04-13,63.0513,-0.03862804077638554
2020-04-14,64.5628,0.023689712774204428
2020-04-15,61.98,-0.040826641169672384
2020-04-16,61.2741,-0.011454510935790897
2020-04-17,63.2091,0.03109103670559035
2020-04-20,61.0083,-0.03543835763840034
2020-04-21,59.7542,-0.020770439262781056
2020-04-22,60.6097,0.014215465044452884
2020-04-23,60.2775,-0.005496046499826799
2020-04-24,60.4186,0.002338104781839259
2020-04-27,62.4866,0.03365512920070479
2020-04-28,62.9849,0.007942881368009472
2020-04-29,63.9483,0.015179929279932525
2020-04-30,63.2091,-0.01162666627393059
2020-05-01,61.0747,-0.0343505729911119
2020-05-04,60.7591,-0.005180839896985463
2020-05-05,61.0747,0.005180839896985337
2020-05-06,59.9785,-0.018111540466252372
2020-05-07,60.9419,0.015934786607568974
2020-05-08,62.279,0.021703339038337523
2020-05-11,61.3737,-0.01464288569031427
2020-05-12,58.6082,-0.046106786093580925
2020-05-13,57.1631,-0.024966033213096282
2020-05-14,57.4122,0.00434823897439429
2020-05-15,57.1382,-0.0047839295639833515
2020-05-18,60.5598,0.05815841188246932
2020-05-19,59.7044,-0.01422558708857742
2020-05-20,60.2359,0.008862800561144715
2020-05-21,60.2858,0.0008280666942358678
2020-05-22,61.0747,0.013001118357653923
2020-05-26,63.3835,0.03710587006743618
2020-05-27,64.6459,0.019721109594302583
2020-05-28,65.0694,0.006529707825255897
2020-05-29,64.3801,-0.010649813478413116
2020-06-01,65.792,0.021693671245774076
2020-06-02,66.3235,0.008046033468893758
2020-06-03,68.3167,0.02960996234446279
2020-06-04,67.7685,-0.008056760990406019
2020-06-05,70.3348,0.03716921245550746
2020-06-08,72.0788,0.0244932673216956
2020-06-09,70.7583,-0.018490120862625515
2020-06-10,69.0392,-0.024595384907651834
2020-06-11,64.6459,-0.06574977442249297
2020-06-12,67.0045,0.03583509651462965
2020-06-15,67.9097,0.013419100189739774
2020-06-16,69.2468,0.01949805310908184
2020-06-17,68.2918,-0.01388723380949542
2020-06-18,67.5111,-0.011497672000561118
2020-06-19,66.5145,-0.014872059797213252
2020-06-22,66.448,-0.0010002821178121157
2020-06-23,66.1491,-0.00450840186216461
2020-06-24,64.3303,-0.027880536160133005
2020-06-25,65.1263,0.012297712620484768
2020-06-26,63.8598,-0.019638406055776964
2020-06-29,65.0927,0.019122352319445347
2020-06-30,65.8644,0.011785675347799798
2020-07-01,67.3992,0.023035065313564185
2020-07-02,67.1644,-0.0034898031606915908
2020-07-06,67.1141,-0.0007491892202061435
2020-07-07,65.8224,-0.019433950099157184
2020-07-08,65.7302,-0.0014017209100600418
2020-07-09,65.336,-0.006015298965527629
2020-07-10,65.5205,0.0028198847173528645
2020-07-13,64.7237,-0.012235630312325716
2020-07-14,65.2857,0.008645582559485053
2020-07-15,65.9315,0.009843301248915326
2020-07-16,65.1011,-0.012674878116219493
2020-07-17,65.9147,0.012420035730304185
2020-07-20,65.1934,-0.01100324506854281
2020-07-21,65.3528,0.0024420485501148474
2020-07-22,66.3508,0.015155532612511374
2020-07-23,66.0657,-0.004306116542003079
2020-07-24,65.6463,-0.006368461757119634
2020-07-27,66.2082,0.0085230826631091
2020-07-28,67.525,0.01969357733712233
2020-07-29,68.8334,0.019191192576831793
2020-07-30,68.3302,-0.0073372564950602735
2020-07-31,68.2463,-0.0012286156191423409
2020-08-03,67.3573,-0.013111934145979536
2020-08-04,68.3637,0.014830696006770927
2020-08-05,68.1624,-0.0029488888333359113
2020-08-06,68.2128,0.0007391373548058033
2020-08-07,69.0012,0.011491665226810449
2020-08-10,69.2528,0.0036396817126635905
2020-08-11,68.2463,-0.01464035732173533
2020-08-12,68.9005,0.009540214746022593
2020-08-13,68.0954,-0.011753771737249947
2020-08-14,68.0618,-0.0004935471746193804
2020-08-17,68.6741,0.008956010714322862
2020-08-18,68.2883,-0.005633677861758204
2020-08-19,67.0889,-0.01771984327376693
2020-08-20,67.6928,0.008961217157282628
2020-08-21,67.827,0.0019805230507468903
2020-08-24,68.2715,0.006532057009947196
2020-08-25,68.456,0.0026988003435177354
2020-08-26,67.8186,-0.00935470950953528
2020-08-27,68.7747,0.013999451144742447
2020-08-28,69.2108,0.006320975059268724
2020-08-31,68.565,-0.009374719358412296
2020-09-01,68.5566,-0.00012251899059674388
2020-09-02,69.8902,0.019265757663441886
2020-09-03,69.0515,-0.012072836116462204
2020-09-04,68.6405,-0.005969863472740131
2020-09-08,67.8521,-0.011552403107161317
2020-09-09,68.3973,0.008003013736888775
2020-09-10,67.6844,-0.0104776251600659
2020-09-11,67.307,-0.005591481876228283
2020-09-14,68.9508,0.024128963653694664
2020-09-15,69.7979,0.012210716573261393
2020-09-16,70.1921,0.005631845730772746
2020-09-17,68.7412,-0.02088704073264093
2020-09-18,67.2231,-0.02233178989337287
2020-09-21,65.2102,-0.030401040045939586
2020-09-22,65.9902,0.011890347738304902
2020-09-23,63.994,-0.030716917188108286
2020-09-24,64.3715,0.005881659608951409
2020-09-25,65.1431,0.011915399948481745
2020-09-28,66.5857,0.021903451254825165
2020-09-29,66.0237,-0.008476071299317869
2020-09-30,65.9231,-0.0015248572832814152
2020-10-01,67.5502,0.02438211397710002
2020-10-02,68.716,0.01711104359257397
2020-10-05,69.1102,0.005720263272118082
2020-10-06,68.6573,-0.006574868986221628
2020-10-07,68.6489,-0.00012235427111798099
2020-10-08,69.907,0.018160678508321572
2020-10-09,69.6302,-0.003967406011821797
2020-10-12,69.9573,0.004686674648186503
2020-10-13,68.7496,-0.017414137575727268
2020-10-14,67.9108,-0.012275838994171511
2020-10-15,68.2631,0.0051742776848528625
2020-10-16,67.785,-0.007028425507265573
2020-10-19,66.7282,-0.01571327935399684
2020-10-20,67.1812,0.006765794306324181
2020-10-21,67.005,-0.0026262030114885333
2020-10-22,66.9966,-0.00012537163751776478
2020-10-23,67.3992,0.00599127657694336
2020-10-26,66.4347,-0.01441363807057145
2020-10-27,65.4031,-0.01564985238964545
2020-10-28,63.7927,-0.024930894209826703
2020-10-29,64.665,0.013581333125634134
2020-10-30,64.2373,-0.006636057999902248
2020-11-02,65.7637,0.02348397550460414
2020-11-03,67.0637,0.01957489961474096
2020-11-04,67.156,0.0013753571875010548
2020-11-05,67.4328,0.0041132752541903315
2020-11-06,66.9128,-0.007741267251678416
2020-11-09,69.387,0.03630925090480798
2020-11-10,70.4018,0.0145193009374827
2020-11-11,70.6702,0.003805153734989918
2020-11-12,69.7057,-0.013741891278106018
2020-11-13,71.5676,0.0263603641089388
2020-11-16,72.4231,0.011882851691309874
2020-11-17,72.5489,0.0017355079818954157
2020-11-18,71.1651,-0.019258287551248005
2020-11-19,71.3076,0.00200038389836408
2020-11-20,70.9302,-0.005306618713702494
2020-11-23,71.0141,0.0011821539825237007
2020-11-24,71.4754,0.006474885681160483
2020-11-25,71.5005,0.00035110812742377833
2020-11-27,71.2825,-0.00305358718325214
2020-11-30,70.5276,-0.010646732931292287
2020-12-01,71.3663,0.011821646560288048
2020-12-02,70.796,-0.008023267199740199
2020-12-03,71.3915,0.008376312711253326
2020-12-04,72.4818,0.01515668122367979
2020-12-07,71.8528,-0.008715914021171904
2020-12-08,71.576,-0.0038597595969738292
2020-12-09,71.1567,-0.005875334890606885
2020-12-10,70.838,-0.0044889074755319405
2020-12-11,70.7625,-0.001066380516377646
2020-12-14,70.4689,-0.004157721624887319
2020-12-15,71.9283,0.020498311773386887
2020-12-16,71.987,0.0008157576471050661
2020-12-17,72.8089,0.011352653319251806
2020-12-18,71.2154,-0.022129113312644732
2020-12-21,70.8463,-0.005196345398320808
2020-12-22,71.4334,0.008252805315432111
2020-12-23,70.8799,-0.007778651621485565
2020-12-24,71.4597,0.008146758973022706
2020-12-28,71.9369,0.006655691440265383
2020-12-29,71.2466,-0.00964224716199173
2020-12-30,71.6898,0.006201379359606148
2020-12-31,72.3971,0.009817765269300392
2021-01-04,70.0279,-0.03327250927138106
2021-01-05,70.1302,0.0014597803218854358
2021-01-06,70.2325,0.0014576524691175192
2021-01-07,70.1132,-0.0017000881214656186
2021-01-08,70.8461,0.010398840011075279
2021-01-11,69.8404,-0.014297279858243509
2021-01-12,70.0279,0.0026810951776309586
2021-01-13,70.8716,0.011976055046490368
2021-01-14,71.2722,0.005636560449560242
2021-01-15,72.1329,0.01200390132696851
2021-01-19,71.9028,-0.0031950439473580486
2021-01-20,73.2749,0.01890291492898801
2021-01-21,72.9512,-0.004427397417556479
2021-01-22,73.096,0.0019829212397889408
2021-01-25,73.6329,0.007318291028481311
2021-01-26,74.1613,0.007150514044743999
2021-01-27,72.8573,-0.01773971724606769
2021-01-28,73.2494,0.005367323213872225
2021-01-29,72.2352,-0.013942595018922428
2021-02-01,74.059,0.024934611110391778
2021-02-02,74.5788,0.006994211687823194
2021-02-03,74.3317,-0.0033187750602152754
2021-02-04,74.826,0.00662790871023842
2021-02-05,75.0902,0.0035246394120825113
2021-02-08,75.4396,0.004642278505462336
2021-02-09,75.7635,0.004284310248141394
2021-02-10,76.1725,0.005383858834467776
2021-02-11,76.3515,0.00234717267025755
2021-02-12,76.4111,0.0007802957402403482
2021-02-16,75.789,-0.008174810193242297
2021-02-17,75.7038,-0.001124806049962028
2021-02-18,75.3032,-0.005305726751276037
2021-02-19,75.8146,0.006768255655356614
2021-02-22,76.4197,0.00794963009894805
2021-02-23,76.8884,0.006114503542591592
2021-02-24,77.2975,0.005306593664125084
2021-02-25,75.8316,-0.019146521225047997
2021-02-26,74.7493,-0.014375244640356456
2021-03-01,75.218,0.006250716337026861
2021-03-02,74.4851,-0.009791458632633365
2021-03-03,74.0675,-0.005622265783607877
2021-03-04,73.2494,-0.011106782861889666
2021-03-05,74.0249,0.010531466354425284
2021-03-08,74.6641,0.008597864504321649
2021-03-09,75.1584,0.0065984988034714235
2021-03-10,75.9083,0.00992814643696076
2021-03-11,76.7861,0.011497601353173632
2021-03-12,78.0815,0.016729518796178712
2021-03-15,79.2406,0.014735640749169495
2021-03-16,78.9338,-0.0038792672486238247
2021-03-17,78.9849,0.0006471684706561417
2021-03-18,78.1838,-0.010194229991966595
2021-03-19,77.1185,-0.013719265059452354
2021-03-22,77.6725,0.007158069467652917
2021-03-23,77.5531,-0.0015384063395291298
2021-03-24,77.1185,-0.005619663128123887
2021-03-25,77.8783,0.009804151906059422
2021-03-26,79.5671,0.02145333901685789
2021-03-29,79.1213,-0.005618572910987853
2021-03-30,79.2413,0.001515509633810956
2021-03-31,78.8384,-0.005097439739685658
2021-04-01,79.97,0.014251376532080242
2021-04-05,80.4929,0.006517417433216063
2021-04-06,80.69,0.0024456700834005994
2021-04-07,80.75,0.0007433102423507184
2021-04-08,80.4329,-0.003934665638861291
2021-04-09,80.3557,-0.0009602671574012398
2021-04-12,80.8443,0.006062053303661401
2021-04-13,81.2815,0.005393355774129995
2021-04-14,80.75,-0.006560476281528858
2021-04-15,82.2159,0.017990751911005198
2021-04-16,82.3959,0.0021869643821668338
2021-04-19,82.5588,0.001975088347961293
2021-04-20,83.236,0.008169179806633953
2021-04-21,83.6989,0.005545888684104849
2021-04-22,83.3474,-0.004208420285618281
2021-04-23,83.7589,0.004925018766758868
2021-04-26,84.0675,0.0036776138654444454
2021-04-27,84.0589,-0.00010230398090372137
2021-04-28,83.9303,-0.0015310511047271812
2021-04-29,84.5989,0.007934571667987849
2021-04-30,85.0018,0.004751168573106462
2021-05-03,84.7361,-0.0031307117269428375
2021-05-04,84.2218,-0.006087925908769438
2021-05-05,82.9016,-0.015799432784092515
2021-05-06,83.296,0.004746166495273444
2021-05-07,84.3846,0.012984391686116467
2021-05-10,84.3589,-0.00030460432785510254
2021-05-11,83.3731,-0.011754600799989851
2021-05-12,81.2644,-0.025617679094866147
2021-05-13,82.2416,0.011953220494962127
2021-05-14,83.2274,0.011915363763509271
2021-05-17,83.2617,0.00041203899216569367
2021-05-18,83.3474,0.0010287554228225239
2021-05-19,82.9359,-0.004949394677946891
2021-05-20,84.0503,0.013347408881167564
2021-05-21,83.896,-0.0018374926201362811
2021-05-24,84.9761,0.012792103950108906
2021-05-25,85.0533,0.000908078312397155
2021-05-26,85.3019,0.002918609780862856
2021-05-27,85.1218,-0.0021135565891839533
2021-05-28,85.619,0.005824049148172845
2021-06-01,87.1449,0.017665029325758714
2021-06-02,88.1821,0.01183174411001926
2021-06-03,87.8564,-0.0037003311393343356
2021-06-04,87.8992,0.0004870399673869978
2021-06-07,88.9365,0.011731928537547055
2021-06-08,89.6737,0.008254894583448857
2021-06-09,89.8794,0.002291245208135073
2021-06-10,90.428,0.00608518222614986
2021-06-11,90.0937,-0.0037037140925056983
2021-06-14,90.428,0.003703714092505745
2021-06-15,89.5022,-0.010290747969284973
2021-06-16,88.7564,-0.008367667552700821
2021-06-17,88.765,9.68897271735942e-05
2021-06-18,87.3763,-0.015768349317757842
2021-06-21,89.0565,0.019046920931559963
2021-06-22,88.6964,-0.004051697526445451
2021-06-23,88.4393,-0.0029028612587971053
2021-06-24,87.6592,-0.008859872207591591
2021-06-25,88.2164,0.0063363179912074
2021-06-28,87.9507,-0.0030164565513902818
2021-06-29,87.7706,-0.002049837590121673
2021-06-30,87.3163,-0.005189434726793129
2021-07-01,87.6249,0.0035280462246528527
2021-07-02,87.7278,0.001173634757963417
2021-07-06,88.5421,0.009239306230995024
2021-07-07,88.8507,0.0034792879002034844
2021-07-08,88.6021,-0.0028018736546968283
2021-07-09,90.0508,0.016218396174112915
2021-07-12,90.8395,0.00872025750316817
2021-07-13,89.4508,-0.0154054595804163
2021-07-14,90.188,0.008207627065651627
2021-07-15,90.3337,0.001614210719677829
2021-07-16,90.2737,-0.0006644246272000775
2021-07-19,88.6279,-0.018399460155945097
2021-07-20,90.7023,0.02313600866292102
2021-07-21,90.7109,9.481118249870407e-05
2021-07-22,89.948,-0.008445800731631791
2021-07-23,90.7881,0.009296494175184444
2021-07-26,90.7795,-9.473055772546754e-05
2021-07-27,91.3195,0.0059308572026985605
2021-07-28,90.9766,-0.0037620158019299756
2021-07-29,90.9938,0.00018904173482291972
2021-07-30,91.1138,0.0013179023540881723
2021-08-02,90.9166,-0.002166671909150737
2021-08-03,91.0281,0.0012256472868739017
2021-08-04,90.7452,-0.0031126708753324997
2021-08-05,91.8253,0.011832279600405816
2021-08-06,91.6196,-0.002242636194438466
2021-08-09,91.1567,-0.00506521895559625
2021-08-10,90.2909,-0.009543323483506594
2021-08-11,90.8223,0.005868170016479051
2021-08-12,91.0195,0.0021689191077720977
2021-08-13,91.4481,0.00469782896527559
2021-08-16,91.4053,-0.00046813459067897707
2021-08-17,91.371,-0.0003753221878618854
2021-08-18,90.3937,-0.010753566757801345
2021-08-19,90.8309,0.004824961381367211
2021-08-20,91.311,0.005271726185737202
2021-08-23,91.0967,-0.0023496825912065096
2021-08-24,90.7195,-0.004149251179653808
2021-08-25,90.7281,9.479320758665034e-05
2021-08-26,90.7281,0.0
2021-08-27,91.8081,0.01183340732006233
2021-08-30,92.6396,0.009016166998013764
2021-08-31,93.094,0.004893039348799377
2021-09-01,94.5855,0.01589445197924602
2021-09-02,95.0742,0.005153452015128511
2021-09-03,95.0827,8.939985880779539e-05
2021-09-07,94.0283,-0.011151238438882828
2021-09-08,94.4827,0.004820948168322717
2021-09-09,92.5625,-0.020532656929475566
2021-09-10,91.2081,-0.014740383102146822
2021-09-13,91.8596,0.007117615509868459
2021-09-14,91.6624,-0.0021490619750962167
2021-09-15,91.9539,0.003175102045851835
2021-09-16,91.8682,-0.0009324233180783354
2021-09-17,91.2081,-0.007211232262545786
2021-09-20,90.6509,-0.006127843478653379
2021-09-21,90.668,0.0001886179548927547
2021-09-22,91.5681,0.009878474348610966
2021-09-23,91.3967,-0.0018735849752420592
2021-09-24,90.4108,-0.010845643486655506
2021-09-27,89.1084,-0.014510123161495494
2021-09-28,88.8237,-0.0032000998466170075
2021-09-29,89.2636,0.004940283722620265
2021-09-30,87.806,-0.016463954567295186
2021-10-01,89.2119,0.015884603323610892
2021-10-04,89.2291,0.00019278080769854355
2021-10-05,88.4356,-0.008932616059515546
2021-10-06,89.2809,0.009512975719522658
2021-10-07,89.5224,0.002701294068419299
2021-10-08,88.6771,-0.009487190931724506
2021-10-11,88.9014,0.002526208063308376
2021-10-12,90.1003,0.013395603815133432
2021-10-13,90.7041,0.006679065826061802
2021-10-14,91.8254,0.012286387739861728
2021-10-15,91.7564,-0.0007517085380918319
2021-10-18,92.0065,0.002721987456884874
2021-10-19,92.1445,0.0014987703116745006
2021-10-20,93.4814,0.014404488985184477
2021-10-21,93.6108,0.0013832754185730612
2021-10-22,94.0507,0.004688237126251398
2021-10-25,94.3526,0.0032048298347166953
2021-10-26,94.6113,0.002738090837729872
2021-10-27,93.8092,-0.008513987015332136
2021-10-28,95.1202,0.013878422761544685
2021-10-29,94.0507,-0.011307356418659147
2021-11-01,94.3612,0.0032959731427943807
2021-11-02,94.965,0.006378430952515536
2021-11-03,95.2841,0.0033545525233660465
2021-11-04,94.3267,-0.010098666706067086
2021-11-05,94.7235,0.004197832985038596
2021-11-08,94.8097,0.0009096032351412814
2021-11-09,94.9477,0.0014544889878200108
2021-11-10,94.5078,-0.0046438429134738335
2021-11-11,94.6631,0.001641901950973325
2021-11-12,94.7925,0.0013660194802561758
2021-11-15,95.2582,0.004900807332935591
2021-11-16,94.6286,-0.006631343592131352
2021-11-17,94.9219,0.0030946922754699507
2021-11-18,94.9564,0.0003633906600140019
2021-11-19,94.3785,-0.006104545909310238
2021-11-22,93.9127,-0.004947665639266578
2021-11-23,94.6717,0.008049489758793705
2021-11-24,95.8189,0.012044834437255736
2021-11-26,93.0243,-0.029599202185549393
2021-11-29,93.8437,0.008769883037463528
2021-11-30,92.0324,-0.019489943419521958
2021-12-01,90.6178,-0.015490027220611593
2021-12-02,93.283,0.028987221577216907
2021-12-03,92.9553,-0.00351915087495845
2021-12-06,94.5855,0.01738545490906305
2021-12-07,95.8103,0.012866007500923754
2021-12-08,96.6038,0.008247883063853406
2021-12-09,95.241,-0.01420755656535052
2021-12-10,95.5343,0.00307482395346496
2021-12-13,96.4313,0.0093454924061712
2021-12-14,95.1979,-0.012872954982689281
2021-12-15,96.4572,0.013141503912829382
2021-12-16,96.5003,0.0004467305050777755
2021-12-17,96.2157,-0.0029535711294781833
2021-12-20,95.5774,-0.006656155582484657
2021-12-21,96.7677,0.012376870477359685
2021-12-22,97.7768,0.010374069172237443
2021-12-23,97.5957,-0.0018538950145895342
2021-12-27,99.2499,0.016807476938674366
2021-12-28,99.6155,0.0036768629624716297
2021-12-29,100.2859,0.006707331848046166
2021-12-30,100.7212,0.004331197062116103
2021-12-31,100.965,0.002417618248035061
2022-01-03,100.2076,-0.00752988805296563
2022-01-04,100.0857,-0.0012172151045562569
2022-01-05,97.2213,-0.029036995711144587
2022-01-06,97.3084,0.0008954931387909174
2022-01-07,96.6555,-0.006732206002510203
2022-01-10,96.107,-0.005690956284072277
2022-01-11,96.194,0.0009048315498695367
2022-01-12,96.3681,0.0018082483254887151
2022-01-13,96.2027,-0.0017178101838166073
2022-01-14,95.306,-0.009364656050952472
2022-01-18,94.3309,-0.01028395416549085
2022-01-19,93.0337,-0.013847020483327173
2022-01-20,91.841,-0.01290297209238001
2022-01-21,91.5972,-0.0026581174864252484
2022-01-24,91.3273,-0.002950946383445797
2022-01-25,91.4231,0.0010484246138475525
2022-01-26,89.9953,-0.015740735013280514
2022-01-27,88.5326,-0.016386600977081462
2022-01-28,91.2664,0.03041185657387692
2022-01-31,92.4939,0.013359994056693502
2022-02-01,92.1631,-0.003582862863261529
2022-02-02,93.3645,0.012951353796189507
2022-02-03,92.3459,-0.010969877989482775
2022-02-04,91.3882,-0.010424942060373425
2022-02-07,91.3012,-0.000952436283404814
2022-02-08,90.8746,-0.004683396804193741
2022-02-09,92.9292,0.022357378708664534
2022-02-10,90.7266,-0.023987324246097518
2022-02-11,89.9082,-0.009061438879685958
2022-02-14,89.0898,-0.00914429996709215
2022-02-15,89.8908,0.008950750502920315
2022-02-16,90.3087,0.004638200984872616
2022-02-17,89.351,-0.010661367812349306
2022-02-18,88.8112,-0.006059665313590291
2022-02-22,88.4456,-0.004125094421573264
2022-02-23,87.0787,-0.0155753662956376
2022-02-24,88.4891,0.01606707313297854
2022-02-25,90.7005,0.024683489198271152
2022-02-28,89.2727,-0.015867139727991243
2022-03-01,88.8461,-0.0047900706234994955
2022-03-02,90.4654,0.01806179772723056
2022-03-03,91.2054,0.008146648692929153
2022-03-04,91.6233,0.004571500292831643
2022-03-07,89.8124,-0.019962555738693818
2022-03-08,89.3075,-0.005637579489935692
2022-03-09,90.7527,0.016052753850562363
2022-03-10,90.9791,0.002491585040418677
2022-03-11,90.2564,-0.007975300982784367
2022-03-14,89.5512,-0.007843980074180862
2022-03-15,90.152,0.006686605898102893
2022-03-16,91.3795,0.013524029813289859
2022-03-17,92.5375,0.012592803305878668
2022-03-18,92.6332,0.001033640943417061
2022-03-21,92.0673,-0.0061277773560770386
2022-03-22,92.3024,0.0025503119810464186
2022-03-23,91.2666,-0.011285249611821204
2022-03-24,91.748,0.005260794606187152
2022-03-25,92.991,0.01345702594481385
2022-03-28,93.9364,0.010115243254342363
2022-03-29,96.7376,0.029384200790205192
2022-03-30,96.0373,-0.007265500649594869
2022-03-31,94.8643,-0.012289208289730796
2022-04-01,96.7114,0.019283836511345274
2022-04-04,96.1774,-0.005536883056342134
2022-04-05,95.766,-0.0042866869085316645
2022-04-06,96.904,0.011813081786024726
2022-04-07,95.9848,-0.009530952116043576
2022-04-08,96.0986,0.0011849021135040992
2022-04-11,95.0919,-0.010530955289663002
2022-04-12,94.9256,-0.0017503655448457662
2022-04-13,95.5997,0.0070762550996650835
2022-04-14,95.1882,-0.00431369744201439
2022-04-18,94.7593,-0.00451599235496111
2022-04-19,96.9652,0.023012159065841566
2022-04-20,98.5147,0.015853624375770453
2022-04-21,97.7968,-0.00731391895268923
2022-04-22,96.0811,-0.017699230170201356
2022-04-25,95.836,-0.0025542292297504967
2022-04-26,94.1903,-0.01732119338796849
2022-04-27,93.6388,-0.005872376376857598
2022-04-28,95.3633,0.018248980918686555
2022-04-29,90.9864,-0.046983763624420624
2022-05-02,88.7892,-0.024445023818559813
2022-05-03,89.8922,0.01234615366337035
2022-05-04,90.9252,0.011426015842337068
2022-05-05,88.5004,-0.02703011870802
2022-05-06,87.4499,-0.011941013824301204
2022-05-09,83.4232,-0.04713960981482045
2022-05-10,82.2502,-0.014160626885092096
2022-05-11,81.9526,-0.0036247899043092818
2022-05-12,82.6266,0.008190631234293286
2022-05-13,84.7188,0.02500587430343621
2022-05-16,84.1848,-0.006323154500086544
2022-05-17,85.3315,0.013529288818859474
2022-05-18,82.8805,-0.029143859894151997
2022-05-19,82.4865,-0.0047651677243998256
2022-05-20,83.0118,0.006348122779179831
2022-05-23,83.9747,0.01153279663387376
2022-05-24,84.6837,0.00840757621842301
2022-05-25,85.5854,0.010591568634309564
2022-05-26,85.5066,-0.000921141906948749
2022-05-27,87.8001,0.026469073646640542
2022-05-31,86.7234,-0.012338896027744172
2022-06-01,86.0056,-0.008311333152237484
2022-06-02,87.1873,0.0136462676936391
2022-06-03,86.0231,-0.013442813269343951
2022-06-06,85.7517,-0.003159953914478225
2022-06-07,86.9335,0.013687547638043035
2022-06-08,84.9288,-0.02333020015130472
2022-06-09,82.9155,-0.023991241489314433
2022-06-10,81.0772,-0.022420229726135076
2022-06-13,77.0242,-0.05128212900315045
2022-06-14,76.4377,-0.007643628229829683
2022-06-15,78.2497,0.0234289655863684
2022-06-16,76.1926,-0.026640650431149684
2022-06-17,76.7704,0.007554804078917819
2022-06-21,77.8383,0.013814448773273643
2022-06-22,78.8275,0.012628322786245243
2022-06-23,80.3423,0.01903433609656678
2022-06-24,82.0337,0.020833881595711812
2022-06-27,81.9104,-0.0015041715224581077
2022-06-28,80.9149,-0.012227981820917283
2022-06-29,80.4127,-0.006225861193761631
2022-06-30,80.263,-0.0018633812495052007
2022-07-01,81.7077,0.01783950201096475
2022-07-05,81.4787,-0.002806608275203748
2022-07-06,81.3289,-0.001840209453037691
2022-07-07,81.5492,0.0027050921436032696
2022-07-08,81.1175,-0.005307798258810276
2022-07-11,80.9413,-0.002174520228839255
2022-07-12,80.6242,-0.00392534801261072
2022-07-13,80.2366,-0.0048190827115200474
2022-07-14,79.5142,-0.00904414781208209
2022-07-15,80.862,0.01680837595259104
2022-07-18,80.2277,-0.007875156241140978
2022-07-19,82.3684,0.02633302644278998
2022-07-20,82.1746,-0.002355616338770809
2022-07-21,82.8265,0.007901806617902348
2022-07-22,83.2582,0.005198564012535542
2022-07-25,83.3992,0.0016920944841620207
2022-07-26,83.4872,0.0010546097004448787
2022-07-27,83.9894,0.005997273711435187
2022-07-28,86.7115,0.031895915877793536
2022-07-29,87.3282,0.007086918457273042
2022-08-01,86.4737,-0.00983311327587285
2022-08-02,85.3637,-0.012919369580106067
2022-08-03,85.6191,0.0029874372153114526
2022-08-04,85.5046,-0.0013382134337600684
2022-08-05,85.7425,0.0027784429989639176
2022-08-08,86.5089,0.00889868015437509
2022-08-09,86.9846,0.005483792673534065
2022-08-10,88.306,0.015076963979334146
2022-08-11,88.0946,-0.0023968183918096127
2022-08-12,89.6715,0.017741755747249364
2022-08-15,89.9974,0.003627788197363077
2022-08-16,89.7332,-0.002939957806826094
2022-08-17,89.1958,-0.006006869941630969
2022-08-18,88.6055,-0.006640020841837759
2022-08-19,87.6717,-0.010594776123611675
2022-08-22,85.7601,-0.022045292943589655
2022-08-23,84.6589,-0.01292362150728896
2022-08-24,85.1434,0.005706651969337917
2022-08-25,86.5529,0.016418893875804787
2022-08-26,84.236,-0.027133404386909848
2022-08-29,83.4784,-0.009034467559576766
2022-08-30,82.3244,-0.013920375709149765
2022-08-31,81.9368,-0.0047193216582518726
2022-09-01,82.0865,0.0018253509295998959
2022-09-02,80.9413,-0.014049368721454496
2022-09-06,81.6725,0.008993147298447924
2022-09-07,83.267,0.019334964320769827
2022-09-08,83.4961,0.0027476119612800096
2022-09-09,84.4034,0.010807760971511262
2022-09-12,85.2227,0.009660145122762396
2022-09-13,81.972,-0.03889010473575792
2022-09-14,81.0294,-0.011565673757432202
2022-09-15,79.5318,-0.018655110098667108
2022-09-16,79.5406,0.0001106414438830388
2022-09-19,79.4261,-0.0014405535222257529
2022-09-20,77.6818,-0.022206033901025813
2022-09-21,76.2106,-0.019120435072662076
2022-09-22,75.3033,-0.011976602082813672
2022-09-23,74.3116,-0.0132568951867692
2022-09-26,72.2189,-0.02856527886456867
2022-09-27,71.2216,-0.013905641298596507
2022-09-28,72.7354,0.021032055429156073
2022-09-29,70.5983,-0.02982213373681906
2022-09-30,71.3908,0.011162944613678043
2022-10-03,72.6642,0.017679819087858345
2022-10-04,74.2047,0.020978661894646394
2022-10-05,72.682,-0.020733729449367463
2022-10-06,70.5893,-0.029215186096530132
2022-10-07,68.9597,-0.023356298941509514
2022-10-10,68.3097,-0.00947049900735484
2022-10-11,69.0043,0.010117044505508677
2022-10-12,68.283,-0.010507987803943679
2022-10-13,69.5297,0.018093165725152106
2022-10-14,67.8021,-0.025160831499299485
2022-10-17,70.3578,0.0370004836967247
2022-10-18,71.1236,0.010825556982498551
2022-10-19,69.3516,-0.025229990725459867
2022-10-20,69.0488,-0.004375716878562659
2022-10-21,69.592,0.007836117212028905
2022-10-24,69.5831,-0.00012789644141988026
2022-10-25,72.3169,0.03853612835712135
2022-10-26,72.2724,-0.0006155365771192362
2022-10-27,72.3792,0.001476651753681912
2022-10-28,73.9732,0.021783900147949866
2022-10-31,73.8931,-0.0010834112686255869
2022-11-01,73.8664,-0.0003613980866287197
2022-11-02,71.836,-0.027872312933709318
2022-11-03,71.7381,-0.0013637559305349324
2022-11-04,72.7176,0.013561458798317612
2022-11-07,72.7176,0.0
2022-11-08,72.9402,0.0030564813322117874
2022-11-09,72.1922,-0.010307920534711995
2022-11-10,77.4729,0.07059619096676922
2022-11-11,77.4639,-0.00011617640237984992
2022-11-14,75.5761,-0.024671925748826956
2022-11-15,76.3954,0.010782389298395907
2022-11-16,75.7008,-0.009133756516464888
2022-11-17,75.1843,-0.006846295856083835
2022-11-18,76.1371,0.012593229932690055
2022-11-21,76.5378,0.005249073947750836
2022-11-22,76.8673,0.004295822064824695
2022-11-23,77.0187,0.001967691003071085
2022-11-25,77.3215,0.003923804536969869
2022-11-28,75.4336,-0.024719254952997125
2022-11-29,76.5824,0.015114486237974987
2022-11-30,78.4435,0.024011335091022473
2022-12-01,78.2654,-0.0022730052559905983
2022-12-02,78.0339,-0.0029622675122012872
2022-12-05,76.6091,-0.01842747901017485
2022-12-06,75.8878,-0.00945993497715629
2022-12-07,76.0392,0.0019930631173811475
2022-12-08,76.5735,0.007002067102042527
2022-12-09,76.431,-0.00186269085159854
2022-12-12,77.0187,0.007659876474727731
2022-12-13,78.4435,0.018330370912970063
2022-12-14,77.9092,-0.006834574392687614
2022-12-15,76.8673,-0.01346348752335355
2022-12-16,74.8815,-0.026173694488467687
2022-12-19,73.9287,-0.012805748806846378
2022-12-20,73.7417,-0.002532668699453674
2022-12-21,74.3739,0.008536627326775926
2022-12-22,74.0579,-0.004257854144534188
2022-12-23,74.7171,0.00886176190830835
2022-12-27,74.69,-0.00036276723525458134
2022-12-28,73.4167,-0.017194784191387133
2022-12-29,75.0241,0.021657965075557294
2022-12-30,74.4823,-0.007247881987773136
2023-01-03,74.5545,0.0009688882966907163
2023-01-04,76.1529,0.021212759785430028
2023-01-05,74.1933,-0.026069311747089353
2023-01-06,76.189,0.02654324571634792
2023-01-09,76.2161,0.00035563114732532633
2023-01-10,76.3877,0.0022489619829513976
2023-01-11,79.0878,0.03473693928573075
2023-01-12,80.1263,0.013045512025442458
2023-01-13,79.6296,-0.006218256733915043
2023-01-17,79.8554,0.0028316161503960696
2023-01-18,78.6904,-0.014696333402688068
2023-01-19,78.257,-0.005522883483749809
2023-01-20,79.1961,0.011928772895444618
2023-01-23,79.5483,0.004437329164343159
2023-01-24,79.747,0.0024947390545040147
2023-01-25,79.7831,0.00045257917617041294
2023-01-26,80.6771,0.01114306538929729
2023-01-27,81.5802,0.011131817499672347
2023-01-30,80.5417,-0.012811522742918175
2023-01-31,82.2303,0.020748784554928866
2023-02-01,82.736,0.0061309683741777084
2023-02-02,84.6144,0.02244964923972021
2023-02-03,83.025,-0.01896269763077548
2023-02-06,82.5103,-0.006218633230249999
2023-02-07,82.2755,-0.002849762041434401
2023-02-08,81.8511,-0.005171629046205601
2023-02-09,80.9571,-0.010982358205424897
2023-02-10,81.237,0.0034514236689858753
2023-02-13,81.9594,0.008853194291204921
2023-02-14,81.3002,-0.008075526124346921
2023-02-15,81.6343,0.00410104021254918
2023-02-16,80.8397,-0.009781335293495673
2023-02-17,80.5236,-0.003917872333265263
2023-02-21,78.9072,-0.020277830719908903
2023-02-22,78.1938,-0.009082117920554907
2023-02-23,78.7807,0.007477682486555159
2023-02-24,77.3991,-0.017692890386118806
2023-02-27,77.5255,0.001631761877023132
2023-02-28,77.4081,-0.0015154882152021009
2023-03-01,76.4329,-0.012678194531939507
2023-03-02,77.2727,0.010927491993771077
2023-03-03,78.5008,0.015768092074483774
2023-03-06,78.1938,-0.003918455298572751
2023-03-07,76.3696,-0.023605649292854115
2023-03-08,77.2456,0.011405244999077987
2023-03-09,75.4756,-0.02318053101338088
2023-03-10,72.9742,-0.03370347119186351
2023-03-13,73.9315,0.013033034804542423
2023-03-14,74.6449,0.009603214004011228
2023-03-15,74.5907,-0.0007263682711505176
2023-03-16,74.4281,-0.0021822758541812878
2023-03-17,72.7394,-0.022950367736544443
2023-03-20,73.5702,0.011356861471545498
2023-03-21,73.2451,-0.0044287009781585
2023-03-22,70.509,-0.03807099021680673
2023-03-23,70.0936,-0.005908869517792449
2023-03-24,71.9818,0.026581817557481666
2023-03-27,71.7812,-0.002790705956192539
2023-03-28,71.6079,-0.0024172002527469657
2023-03-29,73.1949,0.02192034333325195
2023-03-30,74.1526,0.012999385619647873
2023-03-31,75.7396,0.021176009205908217
2023-04-03,75.1377,-0.00797871108599654
2023-04-04,74.9735,-0.0021877123824150034
2023-04-05,74.636,-0.0045117532310445605
2023-04-06,75.1194,0.006455883112659626
2023-04-10,75.4934,0.00496638756766597
2023-04-11,75.84,0.004580622731438313
2023-04-12,75.4478,-0.005184831541057493
2023-04-13,75.2198,-0.003026532234375791
2023-04-14,74.0523,-0.015642893845349316
2023-04-17,75.5937,0.020601346053755062
2023-04-18,75.4204,-0.002295150930603373
2023-04-19,75.8856,0.0061491476325448635
2023-04-20,75.1194,-0.010148095434018133
2023-04-21,75.1285,0.0001211331407777071
2023-04-24,74.8458,-0.003769983721601281
2023-04-25,74.107,-0.009920002289945303
2023-04-26,73.3956,-0.009646006457314098
2023-04-27,75.0556,0.02236518389823957
2023-04-28,75.9768,0.012198858308335477
2023-05-01,75.466,-0.0067458068265170345
2023-05-02,74.1344,-0.01780256160562442
2023-05-03,73.8425,-0.003945215484468737
2023-05-04,74.5266,0.00922166202973081
2023-05-05,75.694,0.0155427884250887
2023-05-08,75.2562,-0.005800604802837054
2023-05-09,74.937,-0.004250531722908843
2023-05-10,75.6576,0.009570137306685286
2023-05-11,74.8276,-0.011031096965491625
2023-05-12,74.8184,-0.00012295684497540984
2023-05-15,74.6907,-0.0017082576385504809
2023-05-16,72.821,-0.025351211252214075
2023-05-17,73.806,0.013435653970631583
2023-05-18,73.4503,-0.004831042091993718
2023-05-19,73.3317,-0.001616002313770945
2023-05-22,73.7787,0.006077087353152022
2023-05-23,73.0855,-0.00944008339512205
2023-05-24,71.6261,-0.02017045598385077
2023-05-25,71.5076,-0.001655794925637479
2023-05-26,72.3284,0.011413122023978654
2023-05-30,72.6021,0.0037769872507887967
2023-05-31,72.9669,0.0050120666305650974
2023-06-01,72.976,0.00012470630653208583
2023-06-02,74.7546,0.024080128869576126
2023-06-05,74.2347,-0.0069790529955759935
2023-06-06,75.0465,0.010876225572371341
2023-06-07,76.2869,0.016393311439534257
2023-06-08,75.8491,-0.005755392655165581
2023-06-09,75.4113,-0.005788709041162159
2023-06-12,75.4295,0.000241314022311214
2023-06-13,75.9129,0.006388185253013469
2023-06-14,76.296,0.005033881842363961
2023-06-15,76.597,0.003937399212123966
2023-06-16,76.5423,-0.0007143822954173782
2023-06-20,75.6393,-0.01186753980865391
2023-06-21,75.1833,-0.0060468575591408
2023-06-22,74.107,-0.014419137048629753
2023-06-23,73.0763,-0.014005893995982246
2023-06-26,74.7546,0.022706648058009597
2023-06-27,75.694,0.01248814822544293
2023-06-28,75.7944,0.0013255142268334714
2023-06-29,76.6592,0.011345212916699378
2023-06-30,77.0743,0.005400267460149163
2023-07-03,78.1258,0.013550456336090934
2023-07-05,77.9874,-0.0017730728248264444
2023-07-06,77.3786,-0.007837018600985115
2023-07-07,77.2403,-0.0017889150276259686
2023-07-10,77.5908,0.0045275219090412724
2023-07-11,78.67,0.01381302488141019
2023-07-12,79.0482,0.0047959046565984546
2023-07-13,79.6016,0.00697640015308806
2023-07-14,79.4448,-0.001971752278588927
2023-07-17,78.9282,-0.006523862429079717
2023-07-18,78.4947,-0.00550747185767571
2023-07-19,79.3618,0.010986037585516707
2023-07-20,79.1219,-0.0030274429891758515
2023-07-21,79.454,0.004188536663208034
2023-07-24,80.1181,0.00832355824302611
2023-07-25,79.5831,-0.006700037336809463
2023-07-26,79.9336,0.004394531281908155
2023-07-27,78.2088,-0.021814116843839524
2023-07-28,78.1719,-0.000471925252730599
2023-07-31,78.7807,0.007757795070621912
2023-08-01,78.5132,-0.003401279488722664
2023-08-02,78.0612,-0.005773629094025998
2023-08-03,77.3602,-0.00902069796736464
2023-08-04,76.5854,-0.010065978399340989
2023-08-07,77.5447,0.01244808622478069
2023-08-08,77.0466,-0.006444110680189821
2023-08-09,77.0374,-0.00011941538395845521
2023-08-10,76.7422,-0.003839265580128217
2023-08-11,76.8621,0.0015611545295506823
2023-08-14,76.3917,-0.006138855640415801
2023-08-15,75.497,-0.011781131161222268
2023-08-16,74.5654,-0.012416327718697613
2023-08-17,73.9658,-0.008073768435324548
2023-08-18,74.1964,0.0031128072639469155
2023-08-21,73.5139,-0.00924112749116618
2023-08-22,73.726,0.0028810145443836873
2023-08-23,74.8882,0.01564081619139826
2023-08-24,74.6023,-0.0038249968870796036
2023-08-25,74.6576,0.0007409894088133893
2023-08-28,75.4232,0.010202592751576678
2023-08-29,76.2718,0.011188356270747171
2023-08-30,76.5485,0.003621250611003547
2023-08-31,75.9858,-0.007378046151876123
2023-09-01,76.115,0.001698873787310086
2023-09-05,75.1834,-0.012314892603967327
2023-09-06,75.0727,-0.0014734845377848682
2023-09-07,75.5431,0.006246376933551771
2023-09-08,75.2479,-0.003915358040182806
2023-09-11,75.0727,-0.0023310188933688843
2023-09-12,75.3217,0.003311296531216237
2023-09-13,74.3993,-0.01232174070804693
2023-09-14,75.746,0.017939104522068035
2023-09-15,75.4601,-0.0037815979740093908
2023-09-18,74.7867,-0.008963978056517847
2023-09-19,74.4455,-0.004572747631427949
2023-09-20,74.51,0.0008660305128888764
2023-09-21,71.9735,-0.03463534885420651
2023-09-22,71.4293,-0.0075898463965708655
2023-09-25,71.2909,-0.0019394597734964654
2023-09-26,70.0641,-0.017358152216839187
2023-09-27,69.5937,-0.006736491322461255
2023-09-28,70.28,0.009813217316834493
2023-09-29,70.4662,0.0026458989106458324
2023-10-02,69.2834,-0.01692782296708934
2023-10-03,67.8212,-0.021330508825889372
2023-10-04,68.6501,0.012147758440594347
2023-10-05,69.1064,0.006624756999740242
2023-10-06,69.1437,0.0005396017927663037
2023-10-09,69.9726,0.011916789180105582
2023-10-10,70.3079,0.004780431186620054
2023-10-11,71.5559,0.017594794384754576
2023-10-12,70.4849,-0.015080459940838781
2023-10-13,70.3079,-0.00251433444391585
2023-10-16,71.1461,0.011851341223424057
2023-10-17,71.0437,-0.0014403285988558866
2023-10-18,69.5349,-0.021466395856103652
2023-10-19,67.8864,-0.023993064852646597
2023-10-20,67.3834,-0.0074370231696938086
2023-10-23,66.7688,-0.009162791217415709
2023-10-24,67.5045,0.010958356757928714
2023-10-25,66.1727,-0.01992627114179577
2023-10-26,67.5231,0.020201770374806655
2023-10-27,66.359,-0.01739036566620463
2023-10-30,66.7781,0.00629578658869425
2023-10-31,67.9143,0.016871433741409904
2023-11-01,68.2962,0.005607511912970181
2023-11-02,70.578,0.03286435307345127
2023-11-03,72.2637,0.023603447187863114
2023-11-06,71.2206,-0.014539825980245882
2023-11-07,70.6339,-0.008271903187819759
2023-11-08,70.8667,0.003290448380356521
2023-11-09,69.7491,-0.015896130214092162
2023-11-10,70.3638,0.008774408977626528
2023-11-13,69.8143,-0.007840066524758823
2023-11-14,73.6887,0.054010603306979064
2023-11-15,73.9774,0.0039101780007681506
2023-11-16,73.7446,-0.003151868952829782
2023-11-17,73.6887,-0.0007583090479382974
2023-11-20,74.2289,0.00730409906097539
2023-11-21,73.7073,-0.007051717719572128
2023-11-22,74.2103,0.00680111006206192
2023-11-24,74.3034,0.0012537565516899584
2023-11-27,74.5549,0.003379055642884123
2023-11-28,75.0485,0.006598804453877734
2023-11-29,75.57,0.0069248078284432305
2023-11-30,76.1568,0.007734993761027964
2023-12-01,77.9916,0.02380675578901012
2023-12-04,78.5597,0.007257716718981627
2023-12-05,77.9916,-0.007257716718981697
2023-12-06,77.8053,-0.002391576325297378
2023-12-07,78.0288,0.0028684370525475403
2023-12-08,77.9543,-0.0009552317611959763
2023-12-11,78.0474,0.0011935768783636184
2023-12-12,78.0661,0.000239569288875687
2023-12-13,81.1116,0.03827008046935297
2023-12-14,83.4027,0.027854698756077528
2023-12-15,82.2199,-0.014283317721485706
2023-12-18,82.0336,-0.002268445785194796
2023-12-19,82.6576,0.007577854627799567
2023-12-20,81.6518,-0.012242909573659604
2023-12-21,82.3778,0.008852118651439622
2023-12-22,82.6984,0.0038842716647147267
2023-12-26,83.3112,0.007382739111205663
2023-12-27,83.7544,0.005305712722362334
2023-12-28,84.3107,0.00662007795398933
2023-12-29,83.3112,-0.01192579067635161
2024-01-02,84.0278,0.008564702555396759
2024-01-03,82.0195,-0.02419067260040307
2024-01-04,81.8686,-0.0018415009099916094
2024-01-05,81.6612,-0.0025365421006049516
2024-01-08,82.8304,0.014216162906080907
2024-01-09,82.2741,-0.006738787921454003
2024-01-10,82.3778,0.0012596272950555387
2024-01-11,81.6046,-0.009430350210081142
2024-01-12,82.0949,0.005990262232060157
2024-01-16,81.4915,-0.007377174833026511
2024-01-17,80.0018,-0.01844958590848167
2024-01-18,79.5681,-0.00543587566251956
2024-01-19,80.5204,0.011897309710896501
2024-01-22,81.0012,0.0059534009083778115
2024-01-23,80.4449,-0.006891491360627449
2024-01-24,79.4266,-0.012739153273528614
2024-01-25,80.3129,0.011096930878523942
2024-01-26,80.0866,-0.0028217064286427487
2024-01-29,80.6146,0.006571225354418596
2024-01-30,79.9735,-0.007984444749177286
2024-01-31,78.9835,-0.012456359905399705
2024-02-01,80.5015,0.019036847898206116
2024-02-02,79.4172,-0.013560848312798676
2024-02-05,77.9558,-0.018572970071799977
2024-02-06,78.9081,0.012141884772756269
2024-02-07,78.7949,-0.0014356102222771437
2024-02-08,79.4361,0.008104650919026502
2024-02-09,79.5586,0.0015409321724484542
2024-02-12,79.5775,0.00023753252830589734
2024-02-13,77.9369,-0.02083186464267089
2024-02-14,78.5498,0.007833293615160646
2024-02-15,80.3789,0.023018885381707793
2024-02-16,79.5021,-0.010968267525393609
2024-02-20,79.4078,-0.0011868362017608022
2024-02-21,79.8509,0.0055645455268850934
2024-02-22,80.0018,0.0018879886898826297
2024-02-23,79.9641,-0.00047135046529277755
2024-02-26,79.0872,-0.011026742756610702
2024-02-27,79.1815,0.0011916444775115582
2024-02-28,79.9829,0.010070176149725855
2024-02-29,80.5864,0.007517038957906991
2024-03-01,81.6235,0.012787309920921822
2024-03-04,82.3872,0.009312874338200222
2024-03-05,81.3878,-0.01220470041720851
2024-03-06,81.7932,0.004968725942978872
2024-03-07,81.7744,-0.00022987437711117565
2024-03-08,82.7172,0.011463324865847814
2024-03-11,82.5286,-0.0022826611253338744
2024-03-12,82.1421,-0.004694225624044241
2024-03-13,81.7272,-0.005063802513040436
2024-03-14,80.3789,-0.016635167864064954
2024-03-15,80.3223,-0.0007044129395474528
2024-03-18,80.3601,0.0004704933545589791
2024-03-19,80.3318,-0.0003522268427044153
2024-03-20,80.8598,0.006551233295278427
2024-03-21,81.4444,0.007203788048958769
2024-03-22,80.6574,-0.009710023990929254
2024-03-25,79.9252,-0.009119357568038272
2024-03-26,79.6018,-0.004054491628731276
2024-03-27,81.6558,0.02547614613870498
2024-03-28,82.2359,0.007079094579798306
2024-04-01,80.8571,-0.016908547266102157
2024-04-02,79.8396,-0.01266377714177514
2024-04-03,79.9252,0.0010715753181054326
2024-04-04,79.5733,-0.00441258784232935
2024-04-05,79.8206,0.0031030070589960113
2024-04-08,80.6479,0.010311149289127792
2024-04-09,81.6749,0.012653967327005359
2024-04-10,78.3656,-0.0413616775655071
2024-04-11,78.6319,0.0033924139606317048
2024-04-12,77.7,-0.011922212143046316
2024-04-15,76.3782,-0.017157942232556216
2024-04-16,75.3037,-0.014168044756181393
2024-04-17,74.7521,-0.007351964863202591
2024-04-18,74.7616,0.0001270786558393145
2024-04-19,75.123,0.004822386027318036
2024-04-22,75.7886,0.008821115354563678
2024-04-23,76.4828,0.009117993392262195
2024-04-24,76.5969,0.0014907270020787075
2024-04-25,76.188,-0.005352635977410658
2024-04-26,76.3021,0.0014964908711288451
2024-04-29,77.0058,0.009180282844805524
2024-04-30,75.684,-0.017313966222733117
2024-05-01,75.8647,0.0023847131072002757
2024-05-02,76.7966,0.012208877763596295
2024-05-03,77.3101,0.006664238484962642
2024-05-06,77.3767,0.0008610948589696728
2024-05-07,78.1089,0.009418305134921498
2024-05-08,77.4528,-0.008435288253408757
2024-05-09,79.0408,0.020295456280124878
2024-05-10,78.8221,-0.002770760449926777
2024-05-13,79.1929,0.004693233941295194
2024-05-14,79.6874,0.006224832112747848
2024-05-15,80.6764,0.012334610916632469
2024-05-16,80.7334,0.0007062768477432939
2024-05-17,80.7239,-0.00011767817263100597
2024-05-20,80.2485,-0.005906619795091514
2024-05-21,80.2199,-0.00035645647744780666
2024-05-22,79.4972,-0.009049812854945676
2024-05-23,77.7856,-0.021765476835467205
2024-05-24,77.8426,0.0007325150910791431
2024-05-28,77.3126,-0.006831895566098938
2024-05-29,76.5779,-0.009548420234093257
2024-05-30,77.7,0.014546734003924979
2024-05-31,79.1929,0.01903139096364745
2024-06-03,79.1074,-0.001080225474166093
2024-06-04,79.5828,0.005991566236510718
2024-06-05,79.4877,-0.0011956963903463913
2024-06-06,79.6494,0.0020322106617517103
2024-06-07,78.8887,-0.009596505040921135
2024-06-10,79.1549,0.0033686938507930093
2024-06-11,78.8696,-0.0036108364207030124
2024-06-12,79.5733,0.008882753686226251
2024-06-13,79.8966,0.004054689228932716
2024-06-14,79.8776,-0.00023783564667595816
2024-06-17,79.5638,-0.003936247488659236
2024-06-18,79.7825,0.002744966620780891
2024-06-20,79.6494,-0.0016696787897735909
2024-06-21,79.8491,0.0025041000931276063
2024-06-24,80.4672,0.007711044512543611
2024-06-25,79.4782,-0.012366877756350633
2024-06-26,79.231,-0.0031151338410575794
2024-06-27,80.0012,0.009673998182120483
2024-06-28,80.6366,0.007911006174391574
2024-07-01,79.8761,-0.009475956614905086
2024-07-02,80.3093,0.005408745816885605
2024-07-03,80.189,-0.0014990815794140783
2024-07-05,80.3959,0.002576831501413886
2024-07-08,80.6559,0.0032287776463856355
2024-07-09,80.6366,-0.00023931677036578228
2024-07-10,81.2335,0.007375082928085334
2024-07-11,83.5633,0.02827670482487592
2024-07-12,84.1986,0.007573865542929375
2024-07-15,84.7666,0.006723303255320156
2024-07-16,85.9412,0.013761744192539758
2024-07-17,86.3936,0.005250257512791704
2024-07-18,85.6331,-0.008841708343940661
2024-07-19,85.4791,-0.0017999890315183774
2024-07-22,86.3647,0.01030712589299361
2024-07-23,86.2974,-0.0007795573366505498
2024-07-24,85.0266,-0.014835321462290017
2024-07-25,84.7474,-0.003289081387021255
2024-07-26,86.23,0.01734307764034406
2024-07-29,86.6728,0.005121964109930249
2024-07-30,87.3852,0.008185822863862813
2024-07-31,87.0386,-0.003974233518575026
2024-08-01,87.9147,0.010015327784264224
2024-08-02,87.8762,-0.00043802040510120183
2024-08-05,85.3539,-0.029122863401761182
2024-08-06,86.9809,0.0188824119253619
2024-08-07,86.4899,-0.005660910207491803
2024-08-08,87.3178,0.009526692563417212
2024-08-09,87.6933,0.004291162974314748
2024-08-12,87.0483,-0.007382362635268684
2024-08-13,87.8088,0.008698586391848109
2024-08-14,87.8473,0.00043835654573337693
2024-08-15,87.9725,0.001424185685138665
2024-08-16,87.9243,-0.0005480486422314864
2024-08-19,88.656,0.008287495127318877
2024-08-20,88.5501,-0.001195218591311935
2024-08-21,89.0218,0.005312790024842707
2024-08-22,89.2818,0.002916376161562658
2024-08-23,91.3227,0.02260172786448375
2024-08-26,91.2072,-0.0012655462520437836
2024-08-27,91.342,0.0014768623965623188
2024-08-28,90.9858,-0.003907253344408363
2024-08-29,90.7066,-0.003073328546067298
2024-08-30,91.5345,0.00908582855801012
2024-09-03,91.5345,0.0
2024-09-04,91.7944,0.002835343190462823
2024-09-05,91.496,-0.0032560381081714247
2024-09-06,91.4094,-0.0009469376680088431
2024-09-09,92.3913,0.010684500559636153
2024-09-10,93.0958,0.0075962521129113725
2024-09-11,93.5851,0.00524211229414398
2024-09-12,93.9798,0.004208682782442494
2024-09-13,94.9618,0.010394839911342326
2024-09-16,95.1832,0.0023287501649349603
2024-09-17,94.6152,-0.0059853159528073735
2024-09-18,94.4997,-0.0012214797920271404
2024-09-19,94.5189,0.00020315461087980024
2024-09-20,94.0761,-0.004695785292923454
2024-09-23,95.0773,0.010586215740095625
2024-09-24,95.2121,0.001416789611492831
2024-09-25,94.5767,-0.00669588905149072
2024-09-26,93.7487,-0.008793347421827255
2024-09-27,93.8391,0.0009638154186787729
2024-09-30,94.5769,0.007831646686664777
2024-10-01,93.9653,-0.006487695011461612
2024-10-02,93.6352,-0.0035191840179656145
2024-10-03,92.7809,-0.009165581520619066
2024-10-04,92.3343,-0.004825112864502331
2024-10-07,91.5188,-0.008871271121090984
2024-10-08,91.7033,0.0020139498713410086
2024-10-09,91.713,0.00010577031604101745
2024-10-10,90.9849,-0.007970577162460545
2024-10-11,92.0139,0.01124609391074172
2024-10-14,92.5673,0.005996294943897354
2024-10-15,93.6837,0.01198826712966518
2024-10-16,94.7128,0.010924940066368634
2024-10-17,93.9653,-0.007923589551416121
2024-10-18,94.6643,0.007411383998998748
2024-10-21,92.81,-0.019782556573289603
2024-10-22,92.9459,0.001463210850870994
2024-10-23,93.6255,0.007285178818889391
2024-10-24,93.8294,0.0021754574611281517
2024-10-25,92.9459,-0.009460636280017642
2024-10-28,93.2372,0.0031291802284435007
2024-10-29,92.5673,-0.007210836149641205
2024-10-30,92.975,0.004394692274158966
2024-10-31,91.4023,-0.017059997553854806
2024-11-01,90.3927,-0.011107130332172798
2024-11-04,91.3829,0.010894859315998127
2024-11-05,92.5964,0.013191892765454872
2024-11-06,90.6257,-0.02151242672362024
2024-11-07,91.713,0.011926298561857375
2024-11-08,93.0818,0.014814540606009884
2024-11-11,92.8294,-0.0027152764876240093
2024-11-12,91.3344,-0.016235903479301757
2024-11-13,91.8392,0.005511725248043055
2024-11-14,91.014,-0.009025880894333085
2024-11-15,91.0625,0.0005327431178333747
2024-11-18,91.7227,0.00722381101923725
2024-11-19,92.1693,0.0048572083400349915
2024-11-20,92.0528,-0.0012647778472839773
2024-11-21,92.7323,0.007354522229191639
2024-11-22,93.4313,0.007509559171793565
2024-11-25,94.7322,0.013827556648879446
2024-11-26,95.1108,0.0039885642548590046
2024-11-27,95.7225,0.00641085277068295
2024-11-29,95.6739,-0.0005078465534829927
2024-12-02,93.907,-0.018640603162795585
2024-12-03,93.4313,-0.005078523958142739
2024-12-04,93.1789,-0.0027051056578196644
2024-12-05,92.9556,-0.0023993414130660177
2024-12-06,92.8197,-0.0014630580517604398
2024-12-09,93.0818,0.002819774705055159
2024-12-10,91.6936,-0.015026092426635102
2024-12-11,91.5183,-0.001913631740029114
2024-12-12,91.3247,-0.0021176645794476617
2024-12-13,91.2664,-0.0006385853634836342
2024-12-16,90.7907,-0.005225844887036105
2024-12-17,90.2956,-0.005468124685738803
2024-12-18,86.6259,-0.04148988570195039
2024-12-19,85.3056,-0.01535874407897799
2024-12-20,86.7521,0.016814523039260038
2024-12-23,87.0617,0.003562436669891185
2024-12-24,87.836,0.008854376687086352
2024-12-26,87.8752,0.00044618670466479364
2024-12-27,86.993,-0.01008997044100194
2024-12-30,86.5617,-0.004970201185712859
2024-12-31,87.3165,0.008681993961388473
2025-01-02,86.5421,-0.008908447685498
2025-01-03,87.6792,0.013053698332903983
2025-01-06,86.5127,-0.013393475100527324
2025-01-07,85.7286,-0.009104731752076673
2025-01-08,85.954,0.0026257772133640336
2025-01-10,83.8564,-0.024706457300770382
2025-01-13,84.8856,0.012198655493777598
2025-01-14,85.66,0.009081504562968282
2025-01-15,86.1501,0.005705151552145678
2025-01-16,87.934,0.020495409348131842
2025-01-17,87.8752,-0.0006689069990925245
2025-01-21,89.522,0.018566779041924057
2025-01-22,87.9634,-0.01756358625721129
2025-01-23,88.6104,0.007328413339086805
2025-01-24,88.9142,0.003422627585911826
2025-01-27,90.1003,0.013251634444368306
2025-01-28,89.0123,-0.012148931812209295
2025-01-29,87.787,-0.013861136533053925
2025-01-30,88.9534,0.013199211205302054
2025-01-31,88.7574,-0.002205831941255179
2025-02-03,88.5712,-0.0021000568259401152
2025-02-04,88.6398,0.0007742183434056733
2025-02-05,89.8846,0.013945658679016492
2025-02-06,90.1101,0.002505630643319378
2025-02-07,89.816,-0.003269122844595999
2025-02-10,89.7768,-0.00043654312001970783
2025-02-11,90.1689,0.00435798822161796
2025-02-12,89.3357,-0.009283394228937387
2025-02-13,90.2277,0.009935291238995711
2025-02-14,89.816,-0.004573342111656792
2025-02-18,90.2179,0.004464722117490913
2025-02-19,90.2865,0.0007600923113537613
2025-02-20,90.7178,0.004765641659155154
2025-02-21,89.8258,-0.009881350078042996
2025-02-24,90.1787,0.0039210181093790744
2025-02-25,91.2667,0.01199273214045276
2025-02-26,90.904,-0.003981984800559142
2025-02-27,91.2667,0.003981984800559081
2025-02-28,92.0411,0.008449227004992212
2025-03-03,92.4724,0.004675005195056658
2025-03-04,91.4236,-0.011406570796285615
2025-03-05,92.4234,0.010876542519308871
2025-03-06,90.0513,-0.026000685397369442
2025-03-07,90.5904,0.00596873922787796
2025-03-10,89.718,-0.009676829340085917
2025-03-11,88.6692,-0.01175882669575627
2025-03-12,88.3947,-0.0031005780388967587
2025-03-13,86.699,-0.019369663400504677
2025-03-14,88.4339,0.019813030600631068
2025-03-17,89.8944,0.016380267807219982
2025-03-18,89.4239,-0.0052476638437643055
2025-03-19,89.5318,0.0012058851780113067
2025-03-20,89.473,-0.0006569656468973007
2025-03-21,88.4829,-0.0111275907843584
2025-03-24,89.8454,0.015281102475030851
2025-03-25,88.8372,-0.011284934285465934
2025-03-26,89.1838,0.003893927547293923
2025-03-27,88.9165,-0.0030016816445540776
2025-03-28,88.8372,-0.0008922459027397241
2025-03-31,89.6592,0.009210334896000148
2025-04-01,89.6988,0.00044157495783263864
2025-04-02,90.2434,0.006053073296097627
2025-04-03,87.1637,-0.03472250450408334
2025-04-04,83.3808,-0.04436989280722661
2025-04-07,81.1923,-0.026597651948625865
2025-04-08,79.0137,-0.02719915993157996
2025-04-09,83.7274,0.05794502838921749
2025-04-10,81.8162,-0.023091015532287953
2025-04-11,82.8164,0.012150841400905337
2025-04-14,84.5296,0.020475659470586067
2025-04-15,84.787,0.0030404602772832906
2025-04-16,84.7276,-0.0007008246184249828
2025-04-17,85.9952,0.014850076201657835
2025-04-21,84.2028,-0.021063305890219267
2025-04-22,85.8367,0.019218479115294958
2025-04-23,85.9952,0.0018448267749242892
2025-04-24,86.312,0.0036771575066763744
2025-04-25,86.1635,-0.0017219841275394
2025-04-28,86.8765,0.008240915801448076
2025-04-29,87.1637,0.003300389917910521
2025-04-30,87.4707,0.003515920302681393
2025-05-01,87.7578,0.0032768671409412666
2025-05-02,88.8372,0.01222473391053016
2025-05-05,88.6392,-0.0022312835075234167
2025-05-06,87.9559,-0.007738645183712102
2025-05-07,88.0549,0.001124931088775483
2025-05-08,87.7083,-0.0039439478715931325
2025-05-09,88.2926,0.006639763167590591
2025-05-12,88.7283,0.0049225925280030535
2025-05-13,87.5994,-0.012804742812730823
2025-05-14,86.7379,-0.009883220773280323
2025-05-15,88.3223,0.01810169602583312
2025-05-16,89.4215,0.012368521579510981
2025-05-19,89.4413,0.00022139874899516486
2025-05-20,88.9165,-0.005884817087128769
2025-05-21,86.5497,-0.026978911686045833
2025-05-22,86.1536,-0.004587065731040274
2025-05-23,86.2427,0.001033664967674409
2025-05-27,87.7479,0.017302515787338678
2025-05-28,87.6588,-0.0010159247926489002
2025-05-29,88.5501,0.010116487890653354
2025-05-30,88.5104,-0.0004484342997481284
2025-06-02,88.5699,0.0006720115364518217
2025-06-03,88.3916,-0.0020151282661580636
2025-06-04,88.6392,0.002797255183259818
2025-06-05,88.5699,-0.0007821269171018365
2025-06-06,88.9957,0.004795983187824249
2025-06-09,89.1145,0.0013340057741529172
2025-06-10,89.877,0.008520009190596825
2025-06-11,89.3918,-0.005413113545344041
2025-06-12,89.8275,0.004862209130018768
2025-06-13,88.9561,-0.00974817489441749
2025-06-16,89.0254,0.0007787326604405975
2025-06-17,88.7085,-0.003566008913542987
2025-06-18,89.0155,0.0034547985117735335
2025-06-20,88.9561,-0.0006675222586709966
2025-06-23,90.3325,0.015354317463571882
2025-06-24,90.5306,0.0021906080258449227
2025-06-25,88.352,-0.02435907935488978
2025-06-26,88.27,-0.0009285367156024848
2025-06-27,88.5,0.0026022529817423283
2025-06-30,89.06,0.006307747879672534
2025-07-01,89.71,0.007271945677635687
2025-07-02,89.92,0.0023381405741889506
2025-07-03,89.99,0.0007781669004762278
2025-07-07,89.25,-0.008257132386108638
