Date,Close,log_ret
2000-01-04,93.6165,-0.03766590813272423
2000-01-05,93.7628,0.0015615388650529265
2000-01-06,93.8046,0.0004457064574332012
2000-01-07,96.5205,0.02854152569547232
2000-01-10,97.4189,0.009264815981765734
2000-01-11,96.2698,-0.011865570701372003
2000-01-12,95.7684,-0.005221889596474985
2000-01-13,97.001,0.012788511027742462
2000-01-14,98.1083,0.011350682807031151
2000-01-18,97.398,-0.007266293978861307
2000-01-19,97.5024,0.0010713165287004525
2000-01-20,96.5623,-0.009688597192954642
2000-01-21,96.4578,-0.0010827888930729213
2000-01-24,93.6792,-0.02922942745608718
2000-01-25,94.3686,0.007332211156792089
2000-01-26,94.0135,-0.003770001720797125
2000-01-27,93.7001,-0.003339132499677074
2000-01-28,91.0468,-0.028725596448104688
2000-01-31,93.2614,0.0240326430309191
2000-02-01,94.2642,0.01069517504706345
2000-02-02,94.2642,0.0
2000-02-03,95.4968,0.012991260962336496
2000-02-04,95.3923,-0.0010948766633521706
2000-02-07,95.267,-0.0013143866366776998
2000-02-08,96.4996,0.012855387486778275
2000-02-09,94.5567,-0.020339208686964386
2000-02-10,94.8701,0.0033089329065610663
2000-02-11,93.0525,-0.01934473747522671
2000-02-14,93.136,0.0008969405263804781
2000-02-15,94.0971,0.010266437308634259
2000-02-16,92.948,-0.01228703084664751
2000-02-17,92.8018,-0.0015741608355980007
2000-02-18,90.2947,-0.027387270700084152
2000-02-22,90.6081,0.0034648475704623987
2000-02-23,91.214,0.006664781044803257
2000-02-24,90.629,-0.006434143939126131
2000-02-25,89.3337,-0.014395453819888058
2000-02-28,90.3365,0.011162790635784878
2000-02-29,91.5065,0.012868421062024358
2000-03-01,92.4048,0.009768917340588525
2000-03-02,92.6137,0.002258153522696981
2000-03-03,94.4313,0.019435507118580518
2000-03-06,93.2614,-0.012466282929130098
2000-03-07,90.7543,-0.027250448119945387
2000-03-08,91.59,0.009166240472360837
2000-03-09,93.9926,0.025893960352002483
2000-03-10,93.5539,-0.004678314979362042
2000-03-13,92.8018,-0.008071704631768326
2000-03-14,91.2558,-0.016799484069287655
2000-03-15,93.3658,0.022858559069247525
2000-03-16,97.9412,0.04784218744281125
2000-03-17,98.0038,0.000638954830485792
2000-03-20,97.7113,-0.002989040884174228
2000-03-21,99.9886,0.023038966944746532
2000-03-22,100.1975,0.0020870587501075435
2000-03-23,102.1195,0.019000457921043046
2000-03-24,102.4329,0.0030642539048808455
2000-03-27,101.9524,-0.004701912370802058
2000-03-28,100.6989,-0.01237116156522597
2000-03-29,101.0958,0.003933706007183009
2000-03-30,99.2782,-0.01814257194467966
2000-03-31,100.281,0.01005023512644853
2000-04-03,100.866,0.005816657960423568
2000-04-04,100.1975,-0.0066496650392714315
2000-04-05,99.4663,-0.0073243449120812395
2000-04-06,100.5318,0.010655202032364823
2000-04-07,101.2003,0.006627625915860155
2000-04-10,100.6571,-0.005382030197603857
2000-04-11,100.6153,-0.00041535750158436333
2000-04-12,97.9412,-0.026937034978121027
2000-04-13,96.3325,-0.016561549710664116
2000-04-14,90.7335,-0.05987911045566262
2000-04-17,93.7628,0.03284155043181352
2000-04-18,96.4578,0.02833741813540943
2000-04-19,95.5177,-0.009794036372009051
2000-04-20,95.9355,0.0043645200312525945
2000-04-24,95.7684,-0.0017433139578284878
2000-04-25,98.9022,0.0321987063720139
2000-04-26,97.8158,-0.011045364888337092
2000-04-27,97.7949,-0.00021368974273416495
2000-04-28,97.0846,-0.0072896651048063674
2000-05-01,98.359,0.013041287224878371
2000-05-02,96.6459,-0.017570266914413445
2000-05-03,94.7029,-0.02030916090423106
2000-05-04,94.4731,-0.002429484850413156
2000-05-05,95.8938,0.014926191228850354
2000-05-08,95.267,-0.006557853349807101
2000-05-09,94.682,-0.006159567563789372
2000-05-10,92.76,-0.020508395820730614
2000-05-11,94.306,0.016529301951210502
2000-05-12,95.1834,0.009260742506707055
2000-05-15,97.1264,0.020207666153090602
2000-05-16,98.2545,0.01154782822889101
2000-05-17,97.1055,-0.011763034897627226
2000-05-18,96.3116,-0.008209247874370046
2000-05-19,94.2642,-0.021487290345688876
2000-05-22,93.7628,-0.005333289245517858
2000-05-23,92.0914,-0.01798662672703321
2000-05-24,93.7837,0.018209504787530348
2000-05-25,92.76,-0.010975554537192445
2000-05-26,92.5719,-0.002029872510744242
2000-05-30,95.4341,0.03045031705836522
2000-05-31,95.1834,-0.0026304000897034055
2000-06-01,96.9592,0.018484714616635013
2000-06-02,98.944,0.02026376206301847
2000-06-05,98.4008,-0.005505099418442434
2000-06-06,97.774,-0.00639024108046681
2000-06-07,98.7142,0.009570113379185096
2000-06-08,98.1083,-0.006156835869553668
2000-06-09,97.8367,-0.0027722082619131396
2000-06-12,97.0637,-0.007932298273166737
2000-06-13,98.5888,0.015590200892491267
2000-06-14,98.6515,0.0006357727311504173
2000-06-15,98.9858,0.003382967879280283
2000-06-16,98.2336,-0.007628089806569236
2000-06-19,99.3618,0.011419418266208762
2000-06-20,98.7768,-0.005904974597068591
2000-06-21,98.9022,0.0012687237068271478
2000-06-22,97.2308,-0.017043949371952437
2000-06-23,96.4787,-0.007765275108006673
2000-06-26,97.4398,0.009912492821418976
2000-06-27,97.2726,-0.0017174051688140725
2000-06-28,97.4189,0.001502890753187301
2000-06-29,96.4369,-0.010131328540816435
2000-06-30,97.3353,0.009272810417615027
2000-07-03,98.4635,0.011524202253191855
2000-07-05,96.813,-0.016904638342600423
2000-07-06,97.586,0.007952757721131251
2000-07-07,99.0066,0.014452474071914103
2000-07-10,98.8186,-0.0019006684345216785
2000-07-11,99.1111,0.0029555969915487975
2000-07-12,99.9886,0.008814736353437175
2000-07-13,100.2393,0.0025041478336088694
2000-07-14,100.9078,0.006646901310181517
2000-07-17,100.9914,0.0008281360676795137
2000-07-18,99.9886,-0.009979185211469874
2000-07-19,99.3409,-0.006498810056788067
2000-07-20,100.2602,0.009211437214043078
2000-07-21,99.0484,-0.012160187090610725
2000-07-24,98.1083,-0.009536649020617629
2000-07-25,98.5679,0.004673680258186727
2000-07-26,97.6069,-0.009797463152348133
2000-07-27,97.0219,-0.0060114614251362075
2000-07-28,95.0999,-0.020008808190245666
2000-07-31,95.7266,0.006568293744469939
2000-08-01,96.228,0.0052241638423409405
2000-08-02,96.3952,0.0017360322327985263
2000-08-03,97.2935,0.009275775414905055
2000-08-04,97.8576,0.0057811774682515644
2000-08-07,99.0693,0.012306244520016182
2000-08-08,99.3618,0.002948128714242741
2000-08-09,98.7142,-0.006538927557927966
2000-08-10,97.8994,-0.008288385590251687
2000-08-11,98.5679,0.006805229978884647
2000-08-14,99.905,0.013474083658285072
2000-08-15,99.6543,-0.0025125376956708517
2000-08-16,99.1947,-0.004622611312248239
2000-08-17,100.3019,0.01110005251478189
2000-08-18,100.0095,-0.0029194564830817026
2000-08-21,100.5109,0.005000997853583785
2000-08-22,100.4482,-0.0006240075919382925
2000-08-23,100.9496,0.0049792106558710705
2000-08-24,101.1167,0.001653912978966032
2000-08-25,101.0332,-0.0008261196740525785
2000-08-28,101.5137,0.004744589044637503
2000-08-29,101.2003,-0.003092043467095831
2000-08-30,100.6989,-0.0049668451462476304
2000-08-31,101.7435,0.01032006408867527
2000-09-01,102.0151,0.0026659013249576173
2000-09-05,101.1167,-0.008845546170874347
2000-09-06,100.0303,-0.010802155279497789
2000-09-07,100.7825,0.007491589361141685
2000-09-08,100.093,-0.006864975647980178
2000-09-11,99.8632,-0.0022985043841779215
2000-09-12,99.32,-0.005454288781879803
2000-09-13,99.5498,0.0023110608275384243
2000-09-14,99.32,-0.002311060827538327
2000-09-15,98.0247,-0.013127472910018036
2000-09-18,96.7503,-0.013086055049670182
2000-09-19,97.6905,0.009670885202614873
2000-09-20,97.0846,-0.006221554545905537
2000-09-21,96.9592,-0.0012924918751034235
2000-09-22,97.0637,0.001077192538660692
2000-09-25,96.35,-0.007380069140168893
2000-09-26,95.5177,-0.00867582423294866
2000-09-27,95.4341,-0.0008756136924747243
2000-09-28,97.6696,0.02315439709268305
2000-09-29,96.228,-0.014869978414743126
2000-10-02,96.0818,-0.001520463628640246
2000-10-03,95.2252,-0.00895529933299978
2000-10-04,96.0818,0.008955299332999772
2000-10-05,96.2071,0.0013032475377901462
2000-10-06,94.3269,-0.01973675075235368
2000-10-09,93.8046,-0.0055525134482286645
2000-10-10,92.8435,-0.01029861535826555
2000-10-11,91.3393,-0.01633413590989149
2000-10-12,88.9994,-0.025951515916920822
2000-10-13,91.8407,0.0314259263570473
2000-10-16,91.9034,0.0006824709194323551
2000-10-17,90.5245,-0.015117493112504984
2000-10-18,89.856,-0.007412143337065068
2000-10-19,92.9271,0.0336069258347305
2000-10-20,93.5121,0.006275524888345592
2000-10-23,93.6165,0.0011158103126062647
2000-10-24,93.7001,0.0008926064806927703
2000-10-25,91.402,-0.0248318964208914
2000-10-26,91.402,0.0
2000-10-27,92.6555,0.01362095410548846
2000-10-30,93.721,0.011433969499499253
2000-10-31,95.5595,0.019426806465381558
2000-11-01,95.267,-0.0030656143572932765
2000-11-02,95.6639,0.004157531040846127
2000-11-03,95.6431,-0.000217451531642421
2000-11-06,96.0191,0.003923574730530452
2000-11-07,95.8729,-0.001523774084259033
2000-11-08,94.2642,-0.01692187781778194
2000-11-09,93.7628,-0.005333289245517858
2000-11-10,91.4229,-0.025272194739639646
2000-11-13,90.4201,-0.011029406308528063
2000-11-14,92.7391,0.025323586550010845
2000-11-15,93.0942,0.0038217093728613546
2000-11-16,91.9452,-0.012419136334837272
2000-11-17,91.7572,-0.0020467894337047863
2000-11-20,89.9605,-0.019775272868730476
2000-11-21,90.2738,0.0034765892570150997
2000-11-22,88.4145,-0.0208112910165364
2000-11-24,90.1485,0.01942232723385244
2000-11-27,90.8379,0.007618288825000506
2000-11-28,89.5844,-0.013895401721170346
2000-11-29,90.044,0.005117242072297305
2000-11-30,87.9548,-0.023475393593690823
2000-12-01,88.2891,0.0037936110233906437
2000-12-04,89.0621,0.008717222043197042
2000-12-05,92.3421,0.03616627963571861
2000-12-06,90.7335,-0.01757352042831985
2000-12-07,90.2529,-0.005310908771486145
2000-12-08,92.175,0.02107321445948157
2000-12-11,92.6764,0.005424911357650793
2000-12-12,92.2168,-0.004971528932662056
2000-12-13,91.3811,-0.009103652837524463
2000-12-14,89.8142,-0.017295581724672323
2000-12-15,87.6624,-0.024250018859250218
2000-12-18,88.4562,0.009014441124918803
2000-12-19,87.3699,-0.012356684496948976
2000-12-20,84.8211,-0.029606497149895373
2000-12-21,85.3225,0.005893862025398275
2000-12-22,87.4952,0.02514574008878071
2000-12-26,88.2891,0.00903272246561337
2000-12-27,89.083,0.008951862233647438
2000-12-28,89.271,0.0021081676848118567
2000-12-29,87.9966,-0.014378509731909472
2001-01-02,85.7403,-0.025975217254141893
2001-01-03,90.5872,0.05498996260069883
2001-01-04,89.1875,-0.01557202747766834
2001-01-05,87.0147,-0.024663825338295337
2001-01-08,86.7849,-0.0026444264994371094
2001-01-09,86.9311,0.0016832074710179219
2001-01-10,88.0175,0.012419807473477526
2001-01-11,88.6652,0.00733182027957805
2001-01-12,88.1638,-0.005671030699442938
2001-01-16,88.6652,0.005671030699443002
2001-01-17,88.895,0.0025884193451386605
2001-01-18,90.2529,0.015159831692191669
2001-01-19,89.7515,-0.005570989340078572
2001-01-22,90.0022,0.0027893741553010215
2001-01-23,90.9215,0.010162382392540135
2001-01-24,91.3393,0.004584647184813252
2001-01-25,90.9424,-0.004354804977624047
2001-01-26,90.7961,-0.0016100059327248558
2001-01-29,91.3226,0.0057819594230215056
2001-01-30,92.0981,0.008456020732218496
2001-01-31,91.7371,-0.003927435703584672
2001-02-01,91.7237,-0.00014608025282600336
2001-02-02,90.1527,-0.017275898057756672
2001-02-05,90.8078,0.007240285717463387
2001-02-06,90.5605,-0.002727049360444984
2001-02-07,89.7515,-0.008973395320396529
2001-02-08,89.2167,-0.005976498527169253
2001-02-09,88.147,-0.012062366427200164
2001-02-12,89.0563,0.010262878638434024
2001-02-13,88.2807,-0.008747243331800426
2001-02-14,88.381,0.001135503742769086
2001-02-15,89.0228,0.007235502283304088
2001-02-16,87.2178,-0.02048407817505965
2001-02-20,85.8406,-0.015916350477541717
2001-02-21,84.0088,-0.021570532785453535
2001-02-22,83.9018,-0.001274487905867968
2001-02-23,83.6344,-0.00319214864683519
2001-02-26,85.1052,0.017433219587135874
2001-02-27,84.4701,-0.007490512704403398
2001-02-28,82.899,-0.018774626248641856
2001-03-01,83.1932,0.0035426143754729994
2001-03-02,82.665,-0.006369317714482487
2001-03-05,83.26,0.007171945763520971
2001-03-06,84.1358,0.010463918344335837
2001-03-07,84.6706,0.0063362738530962645
2001-03-08,84.8378,0.0019727642314568724
2001-03-09,82.6984,-0.025540943390713767
2001-03-12,79.1552,-0.043789772594312285
2001-03-13,80.4388,0.01608616463121733
2001-03-14,78.2593,-0.02746897464347408
2001-03-15,78.7407,0.00613250329542008
2001-03-16,76.949,-0.023017310745000883
2001-03-19,78.3997,0.01867723606957399
2001-03-20,76.3607,-0.026351934899704096
2001-03-21,75.1439,-0.016063224005634896
2001-03-22,74.6425,-0.0066948918298788416
2001-03-23,76.461,0.024070756833508476
2001-03-26,77.5507,0.014151109099648904
2001-03-27,79.0014,0.01853365781261644
2001-03-28,77.0225,-0.025367986867475066
2001-03-29,77.0426,0.0002609286608588045
2001-03-30,77.8582,0.01053070787503377
2001-04-02,76.3473,-0.019596555915822787
2001-04-03,73.9406,-0.032030599418432795
2001-04-04,73.9071,-0.00045316904589393374
2001-04-05,77.0158,0.041201696492051486
2001-04-06,75.5116,-0.019724308772001285
2001-04-09,76.3139,0.010568810483687638
2001-04-10,78.2861,0.025514967566873492
2001-04-11,78.0855,-0.0025656846900771317
2001-04-12,79.3892,0.016557958652590108
2001-04-16,78.988,-0.005066396655313725
2001-04-17,79.8237,0.010524510648366018
2001-04-18,82.9057,0.03788336447333264
2001-04-19,84.1024,0.014331286710365265
2001-04-20,83.1664,-0.011191683921629772
2001-04-23,81.8628,-0.015798744886409696
2001-04-24,81.0939,-0.009436932709553252
2001-04-25,82.3709,0.01562447669205312
2001-04-26,82.7987,0.005180141583280591
2001-04-27,83.9687,0.014031749571098711
2001-04-30,83.7213,-0.0029506849484148175
2001-05-01,84.8311,0.013168795438710924
2001-05-02,84.8712,0.0004725923071913217
2001-05-03,83.6678,-0.014280616964790988
2001-05-04,84.8311,0.013808024657599748
2001-05-07,84.5837,-0.0029206441924023324
2001-05-08,84.5369,-0.0005534512199530115
2001-05-09,84.1157,-0.004994893357210203
2001-05-10,84.2962,0.0021435548095337384
2001-05-11,83.5408,-0.009001651612156079
2001-05-14,83.6478,0.0012799917531324233
2001-05-15,83.7614,0.0013571538175480562
2001-05-16,86.2283,0.029026149208684092
2001-05-17,86.4289,0.0023236805677548564
2001-05-18,86.6763,0.0028583793952464695
2001-05-21,88.1069,0.01637035994964061
2001-05-22,87.8863,-0.0025069163528184464
2001-05-23,86.5225,-0.015639437892692225
2001-05-24,86.6763,0.0017759942958700476
2001-05-25,85.6601,-0.011793350423873467
2001-05-29,85.1252,-0.006264025639600929
2001-05-30,83.8082,-0.015592259223486863
2001-05-31,84.3029,0.005885410635622725
2001-06-01,84.5704,0.003168058227468386
2001-06-04,84.9648,0.004652729480293968
2001-06-05,86.1949,0.014373958113302374
2001-06-06,85.2121,-0.011467568655266273
2001-06-07,85.8005,0.006881391451863439
2001-06-08,84.9715,-0.009708927833735434
2001-06-11,84.1826,-0.009327657087326937
2001-06-12,84.2495,0.0007943854350578176
2001-06-13,83.387,-0.010290212581635877
2001-06-14,81.7424,-0.019919582820257204
2001-06-15,81.3212,-0.005166093926135035
2001-06-18,80.8934,-0.005274506632541394
2001-06-19,81.2945,0.004946125052657755
2001-06-20,81.963,0.008189562333052826
2001-06-21,82.8188,0.010387162836746597
2001-06-22,82.0433,-0.009407932082603631
2001-06-25,81.6823,-0.0044098245481089746
2001-06-26,81.3747,-0.0037729182419417554
2001-06-27,81.1341,-0.0029610725794220606
2001-06-28,82.0901,0.011714083228035408
2001-06-29,82.2037,0.001382888679960727
2001-07-02,82.8188,0.007454775544080157
2001-07-03,82.9659,0.0017745912451948538
2001-07-05,81.5619,-0.017067438835726853
2001-07-06,79.7903,-0.021960297985336337
2001-07-09,80.1112,0.004013726335376566
2001-07-10,79.2153,-0.011246207536798418
2001-07-11,79.0883,-0.0016045121809782985
2001-07-12,81.0538,0.024548181921367335
2001-07-13,81.5285,0.005839520648169526
2001-07-16,80.7196,-0.009971231738228059
2001-07-17,81.3212,0.007425324537043617
2001-07-18,80.9469,-0.004613361022346678
2001-07-19,81.475,0.006502840577240309
2001-07-20,81.2076,-0.0032873858767174355
2001-07-23,79.7167,-0.01852973924119279
2001-07-24,78.607,-0.014018345611855979
2001-07-25,79.6298,0.012927640656115385
2001-07-26,80.6126,0.012266570188155544
2001-07-27,80.9001,0.0035600953194953266
2001-07-30,80.7463,-0.001902919538083745
2001-07-31,81.114,0.004543431990781946
2001-08-01,81.602,0.005998198863299311
2001-08-02,81.7357,0.0016370994554314765
2001-08-03,81.4884,-0.003030192100639637
2001-08-06,80.5257,-0.011884290696436105
2001-08-07,80.6928,0.002072963832788751
2001-08-08,79.329,-0.01704559030196899
2001-08-09,79.4025,0.0009260922407096486
2001-08-10,79.9106,0.006378655901678645
2001-08-13,79.8571,-0.0006697223781738932
2001-08-14,79.6432,-0.002682128224582551
2001-08-15,79.0549,-0.007414111383250063
2001-08-16,79.2488,0.0024497228677338874
2001-08-17,78.0187,-0.01564372914148026
2001-08-20,78.5869,0.007256477332628626
2001-08-21,77.6175,-0.01241210164976111
2001-08-22,78.2192,0.007722224483482309
2001-08-23,77.9184,-0.003853016469229921
2001-08-24,79.5362,0.02055013869119264
2001-08-27,79.1217,-0.005225090500269067
2001-08-28,77.9518,-0.014896486470835843
2001-08-29,77.1496,-0.0103442928720314
2001-08-30,75.8058,-0.017571587219175438
2001-08-31,76.3139,0.006680290449556325
2001-09-04,76.0665,-0.0032471396239982945
2001-09-05,75.9796,-0.0011430744946709871
2001-09-06,74.1745,-0.024044457863793604
2001-09-07,72.911,-0.01718090607453908
2001-09-10,73.4325,0.0071270976502108814
2001-09-17,69.7956,-0.05079564638208702
2001-09-18,69.448,-0.004992699442605344
2001-09-19,68.0641,-0.020128362867305755
2001-09-20,66.0852,-0.029505089611623576
2001-09-21,64.7481,-0.020440462090806744
2001-09-24,67.2217,0.03749175554963435
2001-09-25,67.8435,0.00920747006455427
2001-09-26,67.5894,-0.0037524161139163015
2001-09-27,68.2245,0.009352571855675843
2001-09-28,69.7822,0.02257522504427798
2001-10-01,69.595,-0.0026862372406329126
2001-10-02,70.4842,0.012695845546504233
2001-10-03,71.828,0.018885800953783484
2001-10-04,71.6742,-0.002143521965357523
2001-10-05,71.6675,-9.348291536765513e-05
2001-10-08,71.2463,-0.005894479323127747
2001-10-09,70.8318,-0.00583483557256117
2001-10-10,72.4363,0.022399502554338445
2001-10-11,73.5394,0.015113762057137489
2001-10-12,73.2386,-0.004098712628676971
2001-10-15,73.0781,-0.00219387211951704
2001-10-16,73.6063,0.007201887631113275
2001-10-17,72.1154,-0.020463006181293104
2001-10-18,71.6675,-0.006230246417413373
2001-10-19,71.9216,0.003539269558024535
2001-10-22,73.0715,0.015861776996045858
2001-10-23,72.7439,-0.004493360114152588
2001-10-24,72.6369,-0.0014719965679154464
2001-10-25,73.5528,0.012530458492483576
2001-10-26,73.994,0.0059804931724279625
2001-10-29,72.3361,-0.022660695847032453
2001-10-30,71.0124,-0.01846880330933509
2001-10-31,71.0658,0.0007516987477948792
2001-11-01,72.5767,0.021037725253180005
2001-11-02,72.8709,0.00404544868710378
2001-11-05,73.8804,0.013758187133996421
2001-11-06,75.0771,0.016068016004608537
2001-11-07,74.8899,-0.0024965505375331666
2001-11-08,75.2308,0.004541686602529009
2001-11-09,75.2108,-0.00026588390601825463
2001-11-12,74.9434,-0.0035616756997263626
2001-11-13,76.4142,0.01943538081086294
2001-11-14,76.6615,0.0032310839035715093
2001-11-15,76.6348,-0.0003483450059785487
2001-11-16,76.4008,-0.003058114352022708
2001-11-19,77.2833,0.01148472353407721
2001-11-20,76.7217,-0.0072933020277952286
2001-11-21,76.2805,-0.0057672533192747255
2001-11-23,77.3367,0.013751281024512722
2001-11-26,77.6844,0.00448584848203239
2001-11-27,77.203,-0.0062161486360699835
2001-11-28,75.779,-0.018617106969893868
2001-11-29,76.5412,0.010007948542049738
2001-11-30,76.374,-0.002186833835126681
2001-12-03,75.7991,-0.007555904889438842
2001-12-04,76.8888,0.014273802984504104
2001-12-05,78.7206,0.02354465245475272
2001-12-06,78.3997,-0.0040847738477419624
2001-12-07,77.8181,-0.007446048877479014
2001-12-10,76.5479,-0.016457363263843915
2001-12-11,76.2938,-0.003325011879670028
2001-12-12,76.4409,0.001926216445669678
2001-12-13,75.0437,-0.018447282724440715
2001-12-14,75.5317,0.006481825166268502
2001-12-17,76.2136,0.008987488772708005
2001-12-18,76.8487,0.008298629313618562
2001-12-19,77.1964,0.00451427004780711
2001-12-20,76.7484,-0.005820284474597458
2001-12-21,76.6415,-0.0013938338483417867
2001-12-24,76.7016,0.0007838631549425631
2001-12-26,77.0426,0.004435946971298271
2001-12-27,77.4638,0.005452214839059077
2001-12-28,77.5774,0.0014654171965795392
2001-12-31,76.7217,-0.011091558829884227
2002-01-02,77.2498,0.00685973794961678
2002-01-03,78.0588,0.010418062066405415
2002-01-04,78.5468,0.006232236644459288
2002-01-07,78.0922,-0.005804445589527075
2002-01-08,77.8382,-0.0032578666463565107
2002-01-09,77.3033,-0.0068956677555650275
2002-01-10,77.5507,0.003195270519212539
2002-01-11,76.7284,-0.01066000238357935
2002-01-14,76.2337,-0.006468291489239591
2002-01-15,76.8019,0.007425757287392173
2002-01-16,75.6453,-0.015174069348689652
2002-01-17,76.2738,0.008274187850017628
2002-01-18,75.5985,-0.008893056213464007
2002-01-22,75.0303,-0.007544409768522023
2002-01-23,75.6253,0.007898851335002366
2002-01-24,75.9261,0.003969615523137546
2002-01-25,75.9128,-0.0001751856742114735
2002-01-28,76.013,0.0013190651558647778
2002-01-29,73.6598,-0.031447182454687736
2002-01-30,75.7576,0.028081573554371672
2002-01-31,75.7248,-0.00043305361563574293
2002-02-01,75.291,-0.00574511002394062
2002-02-04,73.2988,-0.026816368069348673
2002-02-05,72.9578,-0.004663045878157761
2002-02-06,72.6369,-0.00440813463174926
2002-02-07,72.5099,-0.0017499529084996721
2002-02-08,73.5595,0.014371498278214134
2002-02-11,74.6091,0.014167881143848468
2002-02-12,74.2681,-0.004580964665244599
2002-02-13,75.0637,0.010655567370938295
2002-02-14,74.8966,-0.0022285907558217293
2002-02-15,74.0408,-0.01149220301715361
2002-02-19,72.6971,-0.0183147988320962
2002-02-20,73.8202,0.015330913105943271
2002-02-21,72.5767,-0.01698847321060963
2002-02-22,73.1985,0.008530995273579886
2002-02-25,74.5757,0.018639787926365656
2002-02-26,74.4219,-0.002064463516523136
2002-02-27,74.6091,0.002512230320621719
2002-02-28,74.4353,-0.002332192001532027
2002-03-01,76.0063,0.020885939904634714
2002-03-04,77.4838,0.019252650663355166
2002-03-05,77.0426,-0.005710366628580944
2002-03-06,78.0989,0.013617456617042
2002-03-07,77.7847,-0.004031218492490129
2002-03-08,78.0989,0.0040312184924901255
2002-03-11,78.4465,0.004440891540300007
2002-03-12,78.2928,-0.0019612190339719088
2002-03-13,77.417,-0.011249250024110683
2002-03-14,77.4705,0.0006908240126244051
2002-03-15,78.1323,0.008506324957068257
2002-03-18,78.0855,-0.0005991634935338929
2002-03-19,78.4064,0.004101176479872972
2002-03-20,77.1429,-0.016246010619251752
2002-03-21,77.2298,0.001125846852183573
2002-03-22,77.0025,-0.0029475040514990326
2002-03-25,75.7924,-0.01583986508976522
2002-03-26,76.2738,0.006331474162942194
2002-03-27,76.6281,0.0046343522757366215
2002-03-28,76.7351,0.00139538060449335
2002-04-01,76.6883,-0.0006100764479415984
2002-04-02,76.1668,-0.006823482152894622
2002-04-03,75.4113,-0.009968541052740778
2002-04-04,75.4581,0.0006204041575178493
2002-04-05,75.2776,-0.002394921525208861
2002-04-08,75.4247,0.0019521937849289722
2002-04-09,74.93,-0.006580463199941227
2002-04-10,75.7857,0.011355276121073692
2002-04-11,73.9539,-0.0244676943943874
2002-04-12,74.4019,0.006039553044469278
2002-04-15,73.974,-0.005767799032904209
2002-04-16,75.6119,0.021899998091178048
2002-04-17,75.5985,-0.0001772364868433062
2002-04-18,75.3646,-0.0030987729738809083
2002-04-19,75.4113,0.0006194624139981008
2002-04-22,74.3216,-0.014555508359778913
2002-04-23,73.8002,-0.007040181169288735
2002-04-24,73.252,-0.00745589035115287
2002-04-25,73.1851,-0.0009137029435067923
2002-04-26,72.0686,-0.015373405146009052
2002-04-29,71.4937,-0.008009109259416622
2002-04-30,72.1689,0.009399871248037197
2002-05-01,72.8442,0.009313708645319859
2002-05-02,72.7104,-0.0018384858697331173
2002-05-03,71.9817,-0.010072507909826394
2002-05-06,70.5711,-0.01979120779224199
2002-05-07,70.277,-0.004176136240787098
2002-05-08,73.038,0.0385352776449761
2002-05-09,71.9684,-0.014752719868265542
2002-05-10,70.7249,-0.017429430527800036
2002-05-13,72.0887,0.019099601980154285
2002-05-14,73.6464,0.021377956637311072
2002-05-15,73.272,-0.005096717776227372
2002-05-16,73.7667,0.006728866163388209
2002-05-17,74.2815,0.006954519877603333
2002-05-20,73.3054,-0.013227654112630341
2002-05-21,72.4698,-0.01146435267432598
2002-05-22,72.9177,0.006161484543050077
2002-05-23,73.6531,0.010034825095875272
2002-05-24,72.7773,-0.011962139601659682
2002-05-28,72.189,-0.008116413670980515
2002-05-29,71.7143,-0.00659750988142352
2002-05-30,71.5338,-0.002520104567229979
2002-05-31,71.7344,0.0028003441250864674
2002-06-03,69.7087,-0.028645278760440734
2002-06-04,69.936,0.0032554074839598983
2002-06-05,70.5444,0.00866176069855194
2002-06-06,69.1672,-0.019715537003222348
2002-06-07,69.0067,-0.0023231604837941986
2002-06-10,69.2006,0.002805931773772255
2002-06-11,68.0574,-0.01665806635004092
2002-06-12,68.5922,0.007827358887074155
2002-06-13,67.8502,-0.010876491688062762
2002-06-14,67.7365,-0.0016771560433548006
2002-06-17,69.6686,0.02812453619593417
2002-06-18,69.7288,0.0008637177413996334
2002-06-19,68.5521,-0.017019391736817165
2002-06-20,67.683,-0.012758999555674612
2002-06-21,66.3727,-0.019549213195755005
2002-06-24,66.6668,0.004421250516957959
2002-06-25,65.3498,-0.019952698256143493
2002-06-26,65.3298,-0.00030609215449312727
2002-06-27,66.4395,0.016843471662490644
2002-06-28,66.2724,-0.0025182382032914925
2002-07-01,64.8484,-0.0217212827891435
2002-07-02,63.5982,-0.019467070078567898
2002-07-03,63.9459,0.005452245322814474
2002-07-05,66.3927,0.037549697297941276
2002-07-08,65.4635,-0.014094375269274487
2002-07-09,63.9191,-0.02387451415149077
2002-07-10,61.6996,-0.03534077335061291
2002-07-11,62.2612,0.009060990931771935
2002-07-12,61.84,-0.006788034560761082
2002-07-15,61.5792,-0.004226253098118115
2002-07-16,60.5831,-0.016308174887237775
2002-07-17,60.7035,0.001985380735361553
2002-07-18,58.9719,-0.028940297763039358
2002-07-19,56.6855,-0.03954261315980903
2002-07-22,55.0209,-0.029805333055567457
2002-07-23,53.3495,-0.030848507418139815
2002-07-24,56.6922,0.060772029500434865
2002-07-25,56.2242,-0.00828936593491896
2002-07-26,57.1936,0.017094734815790262
2002-07-29,60.3023,0.0529282416120384
2002-07-30,60.7569,0.007510410391862835
2002-07-31,61.0377,0.004611050038762502
2002-08-01,59.1257,-0.03182601999110597
2002-08-02,57.8555,-0.021717163479130067
2002-08-05,55.9501,-0.03348830051991479
2002-08-06,57.7819,0.032215355781648636
2002-08-07,58.9318,0.01970526524932522
2002-08-08,60.8238,0.031600316647600074
2002-08-09,61.0712,0.0040592368794298995
2002-08-12,60.6366,-0.007141725463808912
2002-08-13,59.3062,-0.02218481750251692
2002-08-14,61.7932,0.04107947238906755
2002-08-15,62.4484,0.01054728969979792
2002-08-16,62.308,-0.0022507872826195794
2002-08-19,63.859,0.02458769944504964
2002-08-20,63.0367,-0.012960431445710905
2002-08-21,63.7988,0.012017284932729327
2002-08-22,64.7481,0.014769975123343233
2002-08-23,63.1771,-0.024562462800752468
2002-08-26,63.6384,0.00727516801402673
2002-08-27,62.7492,-0.014071232806405069
2002-08-28,61.606,-0.018386560533088254
2002-08-29,61.6127,0.00010874972721829812
2002-08-30,61.479,-0.00217236503483841
2002-09-03,58.9653,-0.041746517793013145
2002-09-04,59.9079,0.015859247609690697
2002-09-05,59.2059,-0.01178718381643034
2002-09-06,60.0282,0.01379325272051723
2002-09-09,60.5965,0.009422683825065928
2002-09-10,61.2116,0.010099578409271358
2002-09-11,61.0578,-0.0025157575176966832
2002-09-12,59.6539,-0.02326142872523157
2002-09-13,59.7876,0.002238753797335759
2002-09-16,59.9614,0.0029027402656409238
2002-09-17,58.7981,-0.01959148040374446
2002-09-18,58.5374,-0.004443675255777401
2002-09-19,56.7323,-0.03132215276231021
2002-09-20,56.5451,-0.003305163614561002
2002-09-23,55.8565,-0.012252647912271479
2002-09-24,54.954,-0.016289430263511824
2002-09-25,56.2644,0.023565536673215336
2002-09-26,57.4076,0.020114690419924572
2002-09-27,55.4086,-0.035441882379420274
2002-09-30,54.5261,-0.016055330246425952
2002-10-01,56.8393,0.041548501765931056
2002-10-02,55.5223,-0.023443246028667295
2002-10-03,54.847,-0.012237251249724723
2002-10-04,53.7841,-0.019569606149723417
2002-10-07,52.7612,-0.01920181236014173
2002-10-08,53.5434,0.014716467904345575
2002-10-09,52.1662,-0.026057764413034323
2002-10-10,53.891,0.03252871250648098
2002-10-11,56.0571,0.03940732601794321
2002-10-14,56.4248,0.006537964059574212
2002-10-15,59.1391,0.046983518012871865
2002-10-16,57.7753,-0.023330947477757106
2002-10-17,58.9586,0.020274153983064022
2002-10-18,59.1992,0.0040725255977764946
2002-10-21,60.3358,0.019017597454751373
2002-10-22,59.6806,-0.01091861627561853
2002-10-23,60.1553,0.007922542125396627
2002-10-24,59.2059,-0.0159083525034888
2002-10-25,60.2021,0.016686036341103973
2002-10-28,59.7541,-0.007469427722993547
2002-10-29,59.2327,-0.008764053446782756
2002-10-30,59.7474,0.008651920962972551
2002-10-31,59.333,-0.006960031589812564
2002-11-01,60.5096,0.01963638650410739
2002-11-04,60.9174,0.0067168180582382045
2002-11-05,61.3987,0.007869814097504847
2002-11-06,62.0071,0.009860232327135605
2002-11-07,60.5898,-0.023122332540934536
2002-11-08,60.0683,-0.008644313931407048
2002-11-11,58.8917,-0.01978208422562557
2002-11-12,59.3196,0.00723961023897684
2002-11-13,59.3463,0.0004500029149161119
2002-11-14,60.7636,0.023601148405065362
2002-11-15,61.0912,0.005376904139559488
2002-11-18,60.5096,-0.009565799483429357
2002-11-19,60.2957,-0.003541239060407476
2002-11-20,61.5926,0.021280942378807087
2002-11-21,62.8361,0.01998801562764854
2002-11-22,62.5486,-0.004585894512709174
2002-11-25,62.6757,0.002029958141437236
2002-11-26,61.372,-0.02102010762659082
2002-11-27,63.0902,0.027611743369231032
2002-11-29,62.8294,-0.004142331661159087
2002-12-02,62.7091,-0.0019165441171153463
2002-12-03,61.8734,-0.013416210705259082
2002-12-04,61.7397,-0.0021632019929406464
2002-12-05,60.9709,-0.012530458806894228
2002-12-06,61.3987,0.006991961121694958
2002-12-09,59.948,-0.02391114250776711
2002-12-10,60.8505,0.014942516543897121
2002-12-11,60.8439,-0.00010846842593367472
2002-12-12,60.7235,-0.001980794840825135
2002-12-13,59.8477,-0.01452777120118481
2002-12-16,61.2316,0.022860394271296706
2002-12-17,60.7569,-0.007782740112176388
2002-12-18,59.8812,-0.014518056587035423
2002-12-19,59.5669,-0.005262548761557005
2002-12-20,60.0282,0.007714401137464996
2002-12-23,60.1954,0.002781485628403689
2002-12-24,59.7341,-0.007692890823316564
2002-12-26,59.5001,-0.003925053389342584
2002-12-27,58.5976,-0.01528425310957786
2002-12-30,58.8315,0.003983685633762246
2002-12-31,58.9452,0.0019307729851779415
2003-01-02,60.9842,0.03400661549752608
2003-01-03,60.904,-0.0013159602254175138
2003-01-06,62.201,0.021072222782403897
2003-01-07,61.8333,-0.005929022490638589
2003-01-08,60.9776,-0.013935470676365807
2003-01-09,62.1743,0.019435147462348364
2003-01-10,62.1943,0.0003216245929019934
2003-01-13,62.1074,-0.0013982111935302117
2003-01-14,62.4016,0.004725771591266299
2003-01-15,61.626,-0.012507056660575286
2003-01-16,61.3787,-0.004020989981730202
2003-01-17,60.543,-0.013709013050303951
2003-01-21,59.5001,-0.017375863157247352
2003-01-22,58.9185,-0.009822860200550364
2003-01-23,59.5068,0.009935458713864675
2003-01-24,57.7886,-0.029299067344089224
2003-01-27,56.8259,-0.016799316679052264
2003-01-28,57.5212,0.012161367791324951
2003-01-29,57.9558,0.007527075554801643
2003-01-30,56.6387,-0.022988153914077502
2003-01-31,57.3808,0.013017255451484095
2003-02-03,57.6683,0.004997876531836312
2003-02-04,56.9128,-0.01318735723125
2003-02-05,56.6855,-0.004001825790409079
2003-02-06,56.2978,-0.006862988100734697
2003-02-07,55.676,-0.01110628364043496
2003-02-10,56.124,0.008014354166595405
2003-02-11,55.656,-0.008373639910409333
2003-02-12,55.0209,-0.011476775570583884
2003-02-13,54.9406,-0.001460511438529786
2003-02-14,56.0838,0.020594399160847713
2003-02-18,57.1468,0.018776394899203852
2003-02-19,56.7992,-0.0061011545514023865
2003-02-20,56.2443,-0.009817538504248697
2003-02-21,57.0265,0.013811369460394553
2003-02-24,55.9234,-0.0195331748552895
2003-02-25,56.378,0.008096114262843332
2003-02-26,55.6292,-0.01337076823059968
2003-02-27,56.2844,0.01170916646221589
2003-02-28,56.5853,0.005331824446075079
2003-03-03,56.1507,-0.007710086448220573
2003-03-04,55.3217,-0.014873911093198041
2003-03-05,55.8231,0.009022525595584854
2003-03-06,55.2682,-0.009990064298008607
2003-03-07,55.7028,0.007832717051175088
2003-03-10,54.3122,-0.025281535549578026
2003-03-11,53.8442,-0.008654188210782216
2003-03-12,54.1183,0.0050776999222372065
2003-03-13,55.9903,0.03400607031463085
2003-03-14,56.1641,0.0030993013046670052
2003-03-17,58.056,0.033130299225060646
2003-03-18,58.2633,0.0035643305877764778
2003-03-19,58.738,0.008114484278548563
2003-03-20,58.8984,0.0027270487605051395
2003-03-21,60.0015,0.01855563630693988
2003-03-24,57.9424,-0.03492014826541956
2003-03-25,58.5976,0.011244326468676506
2003-03-26,58.2967,-0.005148252132055108
2003-03-27,58.1964,-0.0017219908266596418
2003-03-28,57.9558,-0.004142846095408028
2003-03-31,56.7591,-0.02086465512939612
2003-04-01,57.5613,0.014034470963344559
2003-04-02,59.0789,0.026023371775221727
2003-04-03,58.7179,-0.006129217943938648
2003-04-04,58.9653,0.004204514568946931
2003-04-07,58.9251,-0.0006819893996137561
2003-04-08,58.9385,0.00022738148262453612
2003-04-09,58.1095,-0.01416536569695335
2003-04-10,58.5441,0.0074511547133882345
2003-04-11,58.2499,-0.0050379406862251465
2003-04-14,59.4132,0.019774048196982086
2003-04-15,59.7675,0.005945611054754985
2003-04-16,59.0254,-0.0124941752197656
2003-04-17,59.9146,0.014952355249574646
2003-04-21,59.8611,-0.0008933365208130329
2003-04-22,61.1581,0.021435436055183964
2003-04-23,61.6862,0.00859792848808622
2003-04-24,61.1046,-0.009473093250760173
2003-04-25,60.2823,-0.01354862145359935
2003-04-28,61.3854,0.01813349355568842
2003-04-29,61.6461,0.00423794540723012
2003-04-30,61.3987,-0.00402130497818411
2003-05-01,61.4322,0.0005454653646698519
2003-05-02,62.3882,0.015442027273948455
2003-05-05,62.1542,-0.0037577608164749777
2003-05-06,62.7425,0.009420654843569527
2003-05-07,62.4082,-0.005342371958008828
2003-05-08,61.7397,-0.010769517022504727
2003-05-09,62.6556,0.01472590284657813
2003-05-12,63.4378,0.012406835466669855
2003-05-13,63.3175,-0.0018981460517968056
2003-05-14,63.0902,-0.0035963037849769323
2003-05-15,63.5916,0.007915937699454909
2003-05-16,63.3977,-0.0030538029690366925
2003-05-19,61.86,-0.024553815925684903
2003-05-20,61.7932,-0.0010804412097425386
2003-05-21,61.9536,0.002592391719714869
2003-05-22,62.6422,0.011053454627137246
2003-05-23,62.6422,0.0
2003-05-27,63.9191,0.020179048864735507
2003-05-28,64.0061,0.0013601700589556598
2003-05-29,63.7386,-0.004188046799434192
2003-05-30,64.7816,0.016231267901045444
2003-06-02,64.9821,0.0030902349356110082
2003-06-03,65.3097,0.005028723071807083
2003-06-04,66.2925,0.014936198194322254
2003-06-05,66.5866,0.004426587480389438
2003-06-06,66.3994,-0.002815335804481511
2003-06-09,65.6105,-0.011952276179721744
2003-06-10,66.2256,0.009331351022479681
2003-06-11,67.0412,0.012240260635223722
2003-06-12,67.1616,0.0017942998551810422
2003-06-13,66.493,-0.010004976666787643
2003-06-16,67.9304,0.021386972637059666
2003-06-17,67.9571,0.0003929721327361388
2003-06-18,67.9103,-0.0006889070056672847
2003-06-19,66.8875,-0.015175613090064132
2003-06-20,66.6067,-0.00420693055038
2003-06-23,65.8111,-0.012016655973718711
2003-06-24,65.9716,0.002435829275882186
2003-06-25,65.41,-0.008549194416085154
2003-06-26,66.0919,0.010371045772052558
2003-06-27,65.3632,-0.011086788783585782
2003-06-30,65.2629,-0.0015356811496569597
2003-07-01,65.8579,0.009075662809520782
2003-07-02,66.6067,0.011305782465590887
2003-07-03,65.9314,-0.010190365544483626
2003-07-07,67.322,0.02087227019198503
2003-07-08,67.5868,0.0039256199752440496
2003-07-09,67.2351,-0.005217265114469111
2003-07-10,66.3192,-0.013715984567211147
2003-07-11,66.9142,0.008931753682872997
2003-07-14,67.3086,0.005876812808450877
2003-07-15,67.1281,-0.0026852802614371982
2003-07-16,66.6869,-0.006594202424876252
2003-07-17,65.8913,-0.012002117249236005
2003-07-18,66.5666,0.010196535667022468
2003-07-21,65.664,-0.013652120142655185
2003-07-22,66.2711,0.009203074616765625
2003-07-23,66.3393,0.0010285770348750424
2003-07-24,65.8512,-0.007384830502017151
2003-07-25,66.9811,0.017012838786112445
2003-07-28,66.8507,-0.0019487153466674766
2003-07-29,66.4262,-0.006370217727228042
2003-07-30,66.2617,-0.0024795039227840203
2003-07-31,66.4061,0.002176866685404206
2003-08-01,65.8245,-0.008796810277400823
2003-08-04,65.9716,0.002232236933897417
2003-08-05,64.7414,-0.018823473163540324
2003-08-06,64.8818,0.002166279723157324
2003-08-07,65.4367,0.008516110201279766
2003-08-08,65.7041,0.0040780652639828986
2003-08-11,65.8846,0.002743398380060027
2003-08-12,66.5465,0.009996224627901711
2003-08-13,66.1186,-0.006450852317103187
2003-08-14,66.5331,0.0062494690841317715
2003-08-15,66.5264,-0.0001007068267304668
2003-08-18,67.195,0.009999978636681436
2003-08-19,67.4022,0.003078818336084567
2003-08-20,67.195,-0.003078818336084593
2003-08-21,67.4423,0.0036735775021179
2003-08-22,66.719,-0.010782647572567671
2003-08-25,66.7136,-8.093974040736219e-05
2003-08-26,66.9944,0.00420020362006622
2003-08-27,67.0011,0.00010000335840502134
2003-08-28,67.3688,0.005472965564760657
2003-08-29,67.81,0.006527673964348839
2003-09-02,68.7259,0.01341645294096416
2003-09-03,69.0268,0.004368705347639936
2003-09-04,69.1471,0.0017412844306561091
2003-09-05,68.6524,-0.007180027870382063
2003-09-08,69.3544,0.010173499490531347
2003-09-09,68.8195,-0.007742456022064502
2003-09-10,68.0173,-0.011725050429468224
2003-09-11,68.4251,0.00597763179619425
2003-09-12,68.5655,0.002049776395731073
2003-09-15,68.2914,-0.004005649207304828
2003-09-16,69.2274,0.01361289444359876
2003-09-17,69.0335,-0.0028048439887200763
2003-09-18,69.9226,0.012797021987486355
2003-09-19,69.6542,-0.0038459160953233924
2003-09-22,68.7751,-0.012701239088987315
2003-09-23,69.1576,0.005546197246689131
2003-09-24,67.8859,-0.018559603393375628
2003-09-25,67.4933,-0.0058000209869169435
2003-09-26,67.1107,-0.005684838940680726
2003-09-29,67.6812,0.008464950885220403
2003-09-30,67.0302,-0.009665181533199006
2003-10-01,68.4462,0.020904771114971486
2003-10-02,68.6878,0.0035235645422067078
2003-10-03,69.3053,0.008949782586743792
2003-10-06,69.6207,0.004540554566801406
2003-10-07,69.9428,0.004615828234242735
2003-10-08,69.6341,-0.004423375262548299
2003-10-09,69.9025,0.0038470240928546074
2003-10-10,69.9965,0.0013438268200055951
2003-10-13,70.3857,0.005544876732002631
2003-10-14,70.6743,0.00409188150688968
2003-10-15,70.4998,-0.0024721261034431614
2003-10-16,70.7481,0.0035158081043003423
2003-10-17,69.9495,-0.01135212791595391
2003-10-20,70.2985,0.0049769083392665146
2003-10-21,70.426,0.0018120517022624176
2003-10-22,69.4462,-0.014010161083993307
2003-10-23,69.6005,0.0022193991419674616
2003-10-24,69.3254,-0.003960389813150172
2003-10-27,69.4126,0.0012570458199270892
2003-10-28,70.52,0.015827950300276887
2003-10-29,70.634,0.0016152574462792255
2003-10-30,70.5334,-0.0014252584807764497
2003-10-31,70.7414,0.0029446178694771718
2003-11-03,71.3723,0.008878864524735856
2003-11-04,71.0233,-0.004901846669657931
2003-11-05,70.8824,-0.001985826450992995
2003-11-06,71.3119,0.006041048145947961
2003-11-07,71.0233,-0.004055221694954911
2003-11-10,70.5871,-0.006160583962522736
2003-11-11,70.5535,-0.00047612098339874136
2003-11-12,71.3924,0.011820133829289156
2003-11-13,71.3991,9.384312098315007e-05
2003-11-14,70.8756,-0.0073590366035290004
2003-11-17,70.3589,-0.007316941756289734
2003-11-18,69.7146,-0.009199520879865742
2003-11-19,70.4394,0.01034300071977085
2003-11-20,69.6744,-0.010919803783349018
2003-11-21,69.8153,0.0020202215349404504
2003-11-24,70.9629,0.016304021805191988
2003-11-25,71.1441,0.002550192435313473
2003-11-26,71.426,0.003954551022601839
2003-11-28,71.4394,0.0001875891578967733
2003-12-01,72.1977,0.010558651558930383
2003-12-02,71.9897,-0.002885136208612281
2003-12-03,71.8957,-0.0013065955736022597
2003-12-04,72.2581,0.00502797378177173
2003-12-05,71.7347,-0.007269839952605755
2003-12-08,72.1508,0.0057837816868548456
2003-12-09,71.5669,-0.008125696594888022
2003-12-10,71.4662,-0.0014080659181369313
2003-12-11,72.3991,0.012969257718708042
2003-12-12,72.54,0.0019442654795768692
2003-12-15,72.1776,-0.005008385400728154
2003-12-16,72.6138,0.006025237957933288
2003-12-17,72.748,0.0018464278528100748
2003-12-18,73.5601,0.011101344904900204
2003-12-19,73.4961,-0.0008704155831670686
2003-12-22,73.8197,0.004393290067778156
2003-12-23,74.0288,0.0028285730246078093
2003-12-24,73.9141,-0.0015505985482457787
2003-12-26,73.9681,0.0007303110502831936
2003-12-29,74.966,0.013400758235427704
2003-12-30,74.9525,-0.0001800978536535697
2003-12-31,74.9727,0.0002694677095276239
2004-01-02,74.8649,-0.0014388914211007713
2004-01-05,75.7954,0.01235244893989497
2004-01-06,75.937,0.0018664443600264818
2004-01-07,76.1123,0.0023058320909137187
2004-01-08,76.3887,0.003624898232212576
2004-01-09,75.8358,-0.007264302807760812
2004-01-12,76.2943,0.006027753722026976
2004-01-13,75.8426,-0.005938090328893171
2004-01-14,76.4022,0.0073513515098515714
2004-01-15,76.5775,0.0022918083474944024
2004-01-16,77.0158,0.005707295692407907
2004-01-20,77.063,0.0006126735342754198
2004-01-21,77.5889,0.006801106577106736
2004-01-22,77.3664,-0.002871797904521354
2004-01-23,77.1237,-0.00314195148631938
2004-01-26,78.0946,0.012510285999887887
2004-01-27,77.3799,-0.009193855381799053
2004-01-28,76.3752,-0.013069020801665507
2004-01-29,76.6989,0.004229330533487446
2004-01-30,76.4561,-0.0031706467749100554
2004-02-02,76.7731,0.004137598476606682
2004-02-03,76.8472,0.0009647163265133325
2004-02-04,76.2404,-0.007927528786066033
2004-02-05,76.3887,0.001943273552277061
2004-02-06,77.3057,0.011932912081102202
2004-02-09,77.1169,-0.0024452391563495436
2004-02-10,77.4878,0.004798052213805813
2004-02-11,78.3441,0.010990158226877388
2004-02-12,77.9935,-0.00448517295576949
2004-02-13,77.6159,-0.004853186775958057
2004-02-17,78.2969,0.008735707789661887
2004-02-18,77.9935,-0.0038825210137039155
2004-02-19,77.7036,-0.003723901537205603
2004-02-20,77.5417,-0.002085732176014225
2004-02-23,77.1844,-0.00461849209815937
2004-02-24,77.1574,-0.0003498728183218021
2004-02-25,77.4743,0.0040987772062158236
2004-02-26,77.6024,0.0016520860856108809
2004-02-27,77.5822,-0.0002603351120418749
2004-03-01,78.2902,0.00908441608730772
2004-03-02,77.8789,-0.00526737941076983
2004-03-03,78.007,0.0016435101421555288
2004-03-04,78.243,0.003020802297128142
2004-03-05,78.4183,0.0022379499361319033
2004-03-08,77.7103,-0.009069508765168112
2004-03-09,77.3057,-0.005220118165433233
2004-03-10,76.1932,-0.014495471689845508
2004-03-11,75.0065,-0.015697443417795064
2004-03-12,75.9774,0.012861151194883763
2004-03-15,74.8986,-0.014300728882823478
2004-03-16,75.3234,0.005655644743313762
2004-03-17,76.1999,0.011569306852768956
2004-03-18,76.146,-0.0007076002996990937
2004-03-19,75.2828,-0.011400860996691657
2004-03-22,74.234,-0.01402942281299142
2004-03-23,74.1663,-0.0009123971406593411
2004-03-24,74.0446,-0.00164225475119694
2004-03-25,75.1881,0.015325359398389533
2004-03-26,75.073,-0.0015320002650305792
2004-03-29,76.1421,0.014140357858368431
2004-03-30,76.4331,0.003814517075520957
2004-03-31,76.3722,-0.0007970928131998674
2004-04-01,76.8188,0.005830646255110227
2004-04-02,77.4616,0.008332927831935929
2004-04-05,78.0367,0.007396899158018722
2004-04-06,77.8676,-0.0021692803381592163
2004-04-07,77.4751,-0.005053354103570044
2004-04-08,77.3195,-0.0020104067248834434
2004-04-12,77.7322,0.005323398255035746
2004-04-13,76.6706,-0.013751262655190557
2004-04-14,76.5752,-0.0012450587529819783
2004-04-15,76.5616,-0.00017761896599321242
2004-04-16,76.9947,0.0056409427479653905
2004-04-19,77.0556,0.0007906508870483375
2004-04-20,75.8376,-0.01593302732651295
2004-04-21,76.2707,0.005694642178161437
2004-04-22,77.3804,0.014444664498821624
2004-04-23,77.421,0.0005245430717152943
2004-04-26,77.1368,-0.0036775927233648996
2004-04-27,77.3127,0.002277768151412217
2004-04-28,76.1624,-0.014990334461519955
2004-04-29,75.7226,-0.005791239808853099
2004-04-30,75.1881,-0.007083689029854619
2004-05-03,75.8782,0.0091364493667296
2004-05-04,76.0271,0.001960432554873193
2004-05-05,76.2098,0.002400207672530981
2004-05-06,75.6888,-0.006859866293563182
2004-05-07,74.6671,-0.013590630311985086
2004-05-10,73.8145,-0.011484377469392803
2004-05-11,74.3829,0.007670887440279323
2004-05-12,74.6332,0.003359371710763285
2004-05-13,74.5994,-0.0004529841412394631
2004-05-14,74.4844,-0.0015427567959668631
2004-05-17,73.6589,-0.011144730058690709
2004-05-18,74.2272,0.007685682392604065
2004-05-19,74.0243,-0.0027372421417062418
2004-05-20,74.1393,0.0015523384028667206
2004-05-21,74.4032,0.003553195585762975
2004-05-24,74.5182,0.0015444391854903907
2004-05-25,75.7023,0.015765152220706728
2004-05-26,75.8376,0.0017856688034190156
2004-05-27,76.2775,0.005783794328163912
2004-05-28,76.2436,-0.00044452866597789335
2004-06-01,76.291,0.0006214983554645138
2004-06-02,76.5616,0.0035406696738484625
2004-06-03,75.9324,-0.008252174782239989
2004-06-04,76.3993,0.006130063041162214
2004-06-07,77.6307,0.015989433682651117
2004-06-08,77.7119,0.0010454312905212972
2004-06-09,76.9676,-0.009623844719521248
2004-06-10,77.3127,0.004473682972673452
2004-06-14,76.5481,-0.009938935636335444
2004-06-15,77.1165,0.007397964038161552
2004-06-16,77.1233,8.817438824997395e-05
2004-06-17,77.0353,-0.0011416814833363903
2004-06-18,77.2077,0.0022354346296771356
2004-06-21,76.9428,-0.0034369043338389727
2004-06-22,77.2756,0.0043159638098138825
2004-06-23,77.8926,0.007952702317459913
2004-06-24,77.7782,-0.0014697685191325828
2004-06-25,77.4726,-0.003936860804640297
2004-06-28,77.1805,-0.003777491008480648
2004-06-29,77.3707,0.002461321504083289
2004-06-30,77.7034,0.004290858505163208
2004-07-01,76.8681,-0.010808048459203162
2004-07-02,76.5761,-0.003805948383505777
2004-07-06,76.0193,-0.00729776220171857
2004-07-07,76.1822,0.002140584188749819
2004-07-08,75.5982,-0.007695366226100305
2004-07-09,75.8155,0.0028702838539181913
2004-07-12,75.9514,0.0017909048194714873
2004-07-13,75.9717,0.00026724046732598696
2004-07-14,75.7408,-0.0030439176505875297
2004-07-15,75.3809,-0.004763057594140468
2004-07-16,75.0685,-0.0041528972396726
2004-07-19,75.0278,-0.0005423185114825993
2004-07-20,75.5575,0.007035244273844412
2004-07-21,74.4709,-0.014485510743859278
2004-07-22,74.7086,0.0031867676344707837
2004-07-23,73.9276,-0.010508976786254495
2004-07-26,73.8733,-0.0007347722841064976
2004-07-27,74.5931,0.009696546017205107
2004-07-28,74.7561,0.0021828046580717004
2004-07-29,75.1093,0.004713571697569083
2004-07-30,75.2111,0.0013544404560224895
2004-08-02,75.4896,0.0036960719764108775
2004-08-03,74.9259,-0.0074952732798382994
2004-08-04,74.8648,-0.0008158050318036659
2004-08-05,73.6152,-0.016832293959509286
2004-08-06,72.5287,-0.014869180554404584
2004-08-09,72.6781,0.0020577555970898525
2004-08-10,73.5881,0.012443226685860585
2004-08-11,73.4115,-0.0024027287824028892
2004-08-12,72.5626,-0.011630961517956373
2004-08-13,72.712,0.002056795237000236
2004-08-16,73.6967,0.013451589256938313
2004-08-17,73.8393,0.001933088119590747
2004-08-18,74.7697,0.012521612506376255
2004-08-19,74.4369,-0.004460936069742024
2004-08-20,74.9802,0.007272292052543224
2004-08-23,74.858,-0.0016310931003227767
2004-08-24,74.824,-0.0004542964496033686
2004-08-25,75.4828,0.00876612659951189
2004-08-26,75.4556,-0.00036041193353618015
2004-08-27,75.7001,0.0032350776482680437
2004-08-30,75.0481,-0.008650240143185729
2004-08-31,75.4352,0.0051447682744043995
2004-09-01,75.5982,0.002158463800514196
2004-09-02,76.4607,0.011344409961917325
2004-09-03,76.1279,-0.00436206279759285
2004-09-07,76.6305,0.006580349278190409
2004-09-08,76.3249,-0.003995941387360031
2004-09-09,76.3656,0.0005331045607149023
2004-09-10,76.8206,0.005940500359185226
2004-09-13,76.9632,0.001854552181323393
2004-09-14,77.1466,0.002380122309934987
2004-09-15,76.5761,-0.007422490227244529
2004-09-16,76.8206,0.003187815735986132
2004-09-17,77.1266,0.003975394200034029
2004-09-20,76.7038,-0.005496976730690359
2004-09-21,77.1334,0.005585139572702676
2004-09-22,76.1037,-0.013439506473082358
2004-09-23,75.7696,-0.004399727127120331
2004-09-24,75.9605,0.0025163115390914445
2004-09-27,75.5309,-0.005671624284804342
2004-09-28,75.9537,0.005582100066468755
2004-09-29,76.1651,0.0027794084109353467
2004-09-30,76.1514,-0.00017988858773601321
2004-10-01,77.3994,0.016255564688570118
2004-10-04,77.6653,0.0034295395485954465
2004-10-05,77.6312,-0.0004391599366121231
2004-10-06,78.129,0.006391898506256622
2004-10-07,77.3585,-0.009910845654400875
2004-10-08,76.7515,-0.007877530841222611
2004-10-11,76.9766,0.0029285493137425622
2004-10-12,76.7379,-0.0031057602486422053
2004-10-13,76.131,-0.007940178657270362
2004-10-14,75.5036,-0.008275203420668568
2004-10-15,75.8173,0.004146161559867211
2004-10-18,76.206,0.005113700952941834
2004-10-19,75.4695,-0.009711598624472777
2004-10-20,75.4968,0.00036167012502230715
2004-10-21,75.7764,0.0036966272729824392
2004-10-22,75.0058,-0.010221454644193995
2004-10-25,74.9376,-0.0009096766473618084
2004-10-26,76.0287,0.014455133348205655
2004-10-27,77.0993,0.013983300829620434
2004-10-28,77.1675,0.0008841825258981056
2004-10-29,77.2698,0.001324809679557964
2004-11-01,77.4062,0.0017636871312558377
2004-11-02,77.3994,-8.78521191013158e-05
2004-11-03,78.2586,0.011039698906947823
2004-11-04,79.4656,0.015305496079607937
2004-11-05,79.8134,0.004367186544104305
2004-11-08,79.8134,0.0
2004-11-09,79.8134,0.0
2004-11-10,79.752,-0.0007695904379076079
2004-11-11,80.4749,0.00902351484176477
2004-11-12,81.0886,0.007597049477718239
2004-11-15,81.158,0.000855487932968603
2004-11-16,80.5698,-0.0072739825003470164
2004-11-17,80.9801,0.005079556003553097
2004-11-18,81.1648,0.0022782101674054
2004-11-19,80.2415,-0.011440818246269769
2004-11-22,80.7134,0.0058637711823951374
2004-11-23,80.7065,-8.549131803685851e-05
2004-11-24,81.0348,0.004059574776130075
2004-11-26,80.9459,-0.0010976617452082382
2004-11-29,80.7681,-0.0021989447004448987
2004-11-30,80.474,-0.003647934703688389
2004-12-01,81.7051,0.015182272529960546
2004-12-02,81.6778,-0.00033418430269103555
2004-12-03,81.6709,-8.448184777851344e-05
2004-12-06,81.582,-0.0010891078662302752
2004-12-07,80.7749,-0.009942375698617265
2004-12-08,81.1306,0.004393928214665635
2004-12-09,81.5957,0.005716362585490467
2004-12-10,81.4931,-0.0012582104170911104
2004-12-13,82.2796,0.009604849238176236
2004-12-14,82.6353,0.004313746684916003
2004-12-15,82.7379,0.0012408299913660471
2004-12-16,82.5806,-0.001902993887197401
2004-12-17,82.1254,-0.005527438696350616
2004-12-20,82.0154,-0.0013403129077883828
2004-12-21,82.7232,0.008593060222246946
2004-12-22,83.0874,0.004392971085081695
2004-12-23,83.1149,0.000330922017937901
2004-12-27,82.8194,-0.0035616543701629537
2004-12-28,83.3417,0.006286690690117026
2004-12-29,83.3554,0.00016436998641070045
2004-12-30,83.3898,0.0004126055861041775
2004-12-31,83.1561,-0.0028064353837185564
2005-01-03,82.5171,-0.007714019753306085
2005-01-04,81.6512,-0.010549028404494364
2005-01-05,81.2664,-0.004723869189890847
2005-01-06,81.6031,0.004134604449031617
2005-01-07,81.4451,-0.001938077813259068
2005-01-10,81.7199,0.003368372626750149
2005-01-11,81.2664,-0.005564899262522634
2005-01-12,81.6237,0.004387013981159494
2005-01-13,80.8678,-0.009303938393783793
2005-01-14,81.2939,0.0052552604056351196
2005-01-18,82.1529,0.010511162149841602
2005-01-19,81.3282,-0.010089325259177578
2005-01-20,80.7647,-0.006952831000633446
2005-01-21,80.2425,-0.0064866891798060775
2005-01-24,79.9882,-0.003174175904047457
2005-01-25,80.3387,0.004372323775758368
2005-01-26,80.6617,0.004012417774672048
2005-01-27,80.7166,0.0006803889013319397
2005-01-28,80.4624,-0.0031542596834631255
2005-01-31,81.1221,0.008165432518774135
2005-02-01,81.7131,0.007258904647935872
2005-02-02,82.0498,0.004112048265346734
2005-02-03,81.8299,-0.0026836775022034943
2005-02-04,82.6339,0.009777305460555372
2005-02-07,82.627,-8.35043256330669e-05
2005-02-08,82.7026,0.0009145368436043361
2005-02-09,82.0017,-0.008511061714694294
2005-02-10,82.3659,0.004431537553983065
2005-02-11,82.95,0.00706650032579918
2005-02-14,83.0393,0.0010759730731480861
2005-02-15,83.273,0.0028103772699652942
2005-02-16,83.2386,-0.0004131844326688907
2005-02-17,82.6408,-0.00720767724026068
2005-02-18,82.7095,0.0008309631606731133
2005-02-22,81.5138,-0.01456213740100476
2005-02-23,82.0292,0.006302950371234409
2005-02-24,82.6476,0.0075105042953563135
2005-02-25,83.4173,0.009269936173094228
2005-02-28,82.8607,-0.006694837307866589
2005-03-01,83.3692,0.006118052000500717
2005-03-02,83.3554,-0.00016554245781988904
2005-03-03,83.376,0.000247104026054189
2005-03-04,84.2488,0.010413827640733049
2005-03-07,84.4137,0.001955384896366161
2005-03-08,83.9945,-0.004978390194779925
2005-03-09,83.1768,-0.009782857720678852
2005-03-10,83.2798,0.0012375599783468224
2005-03-11,82.7507,-0.006373549330951214
2005-03-14,83.1905,0.005300685179620613
2005-03-15,82.627,-0.006796654987754096
2005-03-16,81.8711,-0.009190444394646871
2005-03-17,82.0635,0.002347278589621957
2005-03-18,81.8409,-0.002716219172383853
2005-03-21,81.5788,-0.0032076943567451483
2005-03-22,80.7371,-0.010371227274584201
2005-03-23,80.7233,-0.00017093974787138908
2005-03-24,80.7992,0.0009398072167838923
2005-03-28,80.9993,0.0024734481718526515
2005-03-29,80.3163,-0.0084679235144795
2005-03-30,81.4753,0.014327317682614837
2005-03-31,81.3511,-0.001525551434996127
2005-04-01,80.9027,-0.005527157348933871
2005-04-04,81.1096,0.0025541284516948054
2005-04-05,81.4753,0.004498580332235307
2005-04-06,81.7305,0.0031273423860392778
2005-04-07,82.1997,0.005724403206475357
2005-04-08,81.4615,-0.009021136424211209
2005-04-11,81.5098,0.000592742420464907
2005-04-12,81.8892,0.004643855615097582
2005-04-13,80.9855,-0.011096987729651734
2005-04-14,80.1507,-0.010361513660259098
2005-04-15,78.8261,-0.01666445234459658
2005-04-18,79.0745,0.0031462857634692617
2005-04-19,79.5436,0.005914852940996353
2005-04-20,78.4536,-0.013797931774240078
2005-04-21,80.0955,0.020712305493382627
2005-04-22,79.5298,-0.007087878529307198
2005-04-25,80.3025,0.009668959526814975
2005-04-26,79.5022,-0.010016059485025822
2005-04-27,79.8127,0.0038979454293867656
2005-04-28,78.9158,-0.011301178373558193
2005-04-29,79.8196,0.01138762704346132
2005-05-02,80.268,0.005601947591609509
2005-05-03,80.2611,-8.596572215570932e-05
2005-05-04,81.1441,0.010941516247828215
2005-05-05,81.0338,-0.0013602348656231423
2005-05-06,80.8751,-0.0019603622879771966
2005-05-09,81.4063,0.006546676294663627
2005-05-10,80.5163,-0.010993017191653536
2005-05-11,80.8958,0.004702258371801083
2005-05-12,80.1093,-0.009769954567575907
2005-05-13,79.8196,-0.0036228638709170967
2005-05-16,80.5784,0.009461535189722462
2005-05-17,81.1165,0.006655769433067912
2005-05-18,81.9513,0.010238775439865096
2005-05-19,82.3376,0.004702700084192309
2005-05-20,82.1997,-0.0016762160590714002
2005-05-23,82.5653,0.004437842988790641
2005-05-24,82.5032,-0.0007524149420356348
2005-05-25,82.3376,-0.0020092119876836856
2005-05-26,82.7792,0.005348953624289357
2005-05-27,82.9102,0.0015812722756708513
2005-05-31,82.4066,-0.00609256358426525
2005-06-01,83.1586,0.009084097036062597
2005-06-02,83.3173,0.001906582851615564
2005-06-03,82.8206,-0.0059793879648016805
2005-06-06,82.8206,0.0
2005-06-07,82.8344,0.00016661133116322927
2005-06-08,82.7171,-0.001417081930751212
2005-06-09,83.1172,0.004825307868318979
2005-06-10,82.9378,-0.002160730719314835
2005-06-13,83.1172,0.0021607307193148052
2005-06-14,83.3656,0.0029840942647494997
2005-06-15,83.5104,0.0017354207476330944
2005-06-16,83.7726,0.003134810049086381
2005-06-17,84.2143,0.005258755509101396
2005-06-20,84.1589,-0.0006580619956052748
2005-06-21,84.0342,-0.0014828197214835153
2005-06-22,84.1035,0.0008243243951140014
2005-06-23,83.0853,-0.012180392328684037
2005-06-24,82.4896,-0.007195566118454503
2005-06-27,82.4411,-0.0005881258176672471
2005-06-28,83.2169,0.009366353229471889
2005-06-29,83.0437,-0.0020834769350441327
2005-06-30,82.5034,-0.0065274706523777894
2005-07-01,82.7874,0.0034363712858947013
2005-07-05,83.4524,0.00800053353211389
2005-07-06,82.7459,-0.0085019432287667
2005-07-07,82.8913,0.0017556447144367602
2005-07-08,83.965,0.012869934430641198
2005-07-11,84.5122,0.006495857292780797
2005-07-12,84.668,0.0018418236181721645
2005-07-13,84.7546,0.0010222958158125541
2005-07-14,85.004,0.0029382921328774485
2005-07-15,85.0802,0.0008960268513851992
2005-07-18,84.6091,-0.005552515218702614
2005-07-19,85.2048,0.0070159444372151405
2005-07-20,85.5235,0.0037334217019859253
2005-07-21,85.0455,-0.005604784589323368
2005-07-22,85.4888,0.0051989658210098615
2005-07-25,85.1771,-0.0036527548452787526
2005-07-26,85.3503,0.0020313458078552262
2005-07-27,85.7936,0.005180447464436392
2005-07-28,86.2369,0.005153748680749283
2005-07-29,85.6966,-0.006285008780097579
2005-08-01,85.5512,-0.0016981244131597292
2005-08-02,86.2023,0.007581832323567052
2005-08-03,86.3408,0.0016053963299177839
2005-08-04,85.662,-0.007892935743035881
2005-08-05,85.0386,-0.007304048977975741
2005-08-08,84.81,-0.0026918106835538
2005-08-09,85.475,0.007810475151756191
2005-08-10,85.3295,-0.0017037025979297856
2005-08-11,85.8629,0.006231605212865152
2005-08-12,85.281,-0.006800151712716451
2005-08-15,85.6966,0.004861465110265153
2005-08-16,84.6091,-0.012771325698552168
2005-08-17,84.7061,0.0011457921156769395
2005-08-18,84.5329,-0.0020468102561168053
2005-08-19,84.6715,0.0016382556363644597
2005-08-22,84.7962,0.001471667137824094
2005-08-23,84.5814,-0.002536346189243606
2005-08-24,83.958,-0.00739771048217053
2005-08-25,84.1797,0.0026371257425683403
2005-08-26,83.7018,-0.005693316903663203
2005-08-29,84.2836,0.0069268201435251356
2005-08-30,83.9234,-0.004282824740744204
2005-08-31,84.8031,0.010427620690137052
2005-09-01,84.8377,0.00040792074170583107
2005-09-02,84.5607,-0.0032703998017465066
2005-09-06,85.7382,0.013828847574156993
2005-09-07,85.9183,0.002098377469941443
2005-09-08,85.6135,-0.0035538637244009073
2005-09-09,86.2369,0.0072551793248351384
2005-09-12,86.1884,-0.0005625624694183052
2005-09-13,85.5927,-0.006935598711241522
2005-09-14,85.3295,-0.0030797662098516814
2005-09-15,85.3364,8.085973828121941e-05
2005-09-16,85.9847,0.007568280783723802
2005-09-19,85.5465,-0.005109285695662193
2005-09-20,84.9204,-0.007345740614225012
2005-09-21,84.0996,-0.009712536414530022
2005-09-22,84.4335,0.0039624315564885755
2005-09-23,84.5726,0.0016460948026030292
2005-09-26,84.503,-0.0008233003926216393
2005-09-27,84.5656,0.0007405278432627616
2005-09-28,84.6561,0.0010696028775037155
2005-09-29,85.3726,0.008428038809773376
2005-09-30,85.463,0.0010583275199988296
2005-10-03,85.3169,-0.0017109746011268734
2005-10-04,84.4404,-0.010326599080578978
2005-10-05,83.2231,-0.01452100653842024
2005-10-06,82.917,-0.003684846058891029
2005-10-07,83.2301,0.0037689537841147933
2005-10-10,82.604,-0.007550955742583985
2005-10-11,82.4579,-0.001770245443117222
2005-10-12,81.971,-0.005922333885688976
2005-10-13,81.9084,-0.0007639764734892341
2005-10-14,82.6179,0.008624814368899359
2005-10-17,82.8266,0.0025229017670399547
2005-10-18,81.971,-0.010383739662450174
2005-10-19,83.2162,0.015076514236054125
2005-10-20,81.811,-0.017030331516325277
2005-10-21,82.1101,0.0036493207029437264
2005-10-24,83.5083,0.01688499851603133
2005-10-25,83.2857,-0.0026691623458651556
2005-10-26,82.9727,-0.0037652277392512734
2005-10-27,82.1101,-0.010450608430915035
2005-10-28,83.3066,0.014466748128397853
2005-10-31,83.8352,0.006325189298572744
2005-11-01,83.6961,-0.0016605855976111296
2005-11-02,84.6282,0.011075162974527252
2005-11-03,85.0108,0.00451076284025911
2005-11-04,84.9274,-0.0009815333656079536
2005-11-07,85.1291,0.002372153896879966
2005-11-08,84.9343,-0.0022909113330321215
2005-11-09,85.0943,0.0018820368717675218
2005-11-10,85.7969,0.008222821992497707
2005-11-11,86.0543,0.0029956170511035982
2005-11-14,86.0473,-8.134729722269671e-05
2005-11-15,85.7134,-0.0038879722848328985
2005-11-16,85.9082,0.00227011149711877
2005-11-17,86.6316,0.008385360812681852
2005-11-18,87.0003,0.004246921840589429
2005-11-21,87.4663,0.005342009395366343
2005-11-22,87.8698,0.004602597095616618
2005-11-23,88.2385,0.004187202291895661
2005-11-25,88.4332,0.0022040890399672203
2005-11-28,87.7863,-0.007342012727697388
2005-11-29,87.7307,-0.0006335568846298931
2005-11-30,87.1672,-0.006443781770024268
2005-12-01,88.2454,0.012293456443982467
2005-12-02,88.2524,7.932110206098729e-05
2005-12-05,88.1202,-0.0014990993471519192
2005-12-06,88.2385,0.0013415841434929242
2005-12-07,87.7515,-0.005534419490411041
2005-12-08,87.6472,-0.0011892905967215513
2005-12-09,87.8976,0.0028528349438642197
2005-12-12,87.9602,0.0007119388806650622
2005-12-13,88.4541,0.005599333958955092
2005-12-14,88.8924,0.004942876147872586
2005-12-15,88.6906,-0.002272741049131754
2005-12-16,88.5592,-0.0014826535665593327
2005-12-19,87.9857,-0.0064969536622614095
2005-12-20,87.9718,-0.0001579926974287359
2005-12-21,88.1815,0.0023808818689033022
2005-12-22,88.5732,0.00443213833870117
2005-12-23,88.6501,0.0008678317673388217
2005-12-27,87.755,-0.010148319771512121
2005-12-28,87.8389,0.000955614134486301
2005-12-29,87.4962,-0.00390909106504719
2005-12-30,87.0836,-0.004726787041912979
2006-01-03,88.6641,0.01798649551900576
2006-01-04,89.0277,0.004092484937148199
2006-01-05,88.9438,-0.000942847660612211
2006-01-06,89.8249,0.009857510120427548
2006-01-09,90.1046,0.0031089979719307334
2006-01-10,90.1536,0.0005436646011877317
2006-01-11,90.4473,0.003252478353225949
2006-01-12,89.9787,-0.005194384995869611
2006-01-13,89.9857,7.77931635760071e-05
2006-01-17,89.706,-0.0031131123573536115
2006-01-18,89.3424,-0.004061477229804527
2006-01-19,89.755,0.004607556892992145
2006-01-20,88.2305,-0.017131027898390373
2006-01-23,88.3424,0.001267465335624111
2006-01-24,88.5102,0.0018976260496453839
2006-01-25,88.4892,-0.00023728894107596728
2006-01-26,89.0487,0.0063029004201281815
2006-01-27,89.727,0.007588316027848951
2006-01-30,89.8669,0.0015579596890268224
2006-01-31,89.4613,-0.00452355727247192
2006-02-01,89.6641,0.0022643364553549816
2006-02-02,88.9088,-0.00845934074126992
2006-02-03,88.3354,-0.006470191976613525
2006-02-06,88.4683,0.00150336248653836
2006-02-07,87.8179,-0.007378943458111161
2006-02-08,88.5801,0.00864187511815512
2006-02-09,88.4543,-0.0014211929565567211
2006-02-10,88.678,0.0025257970333734015
2006-02-13,88.4123,-0.003000731258257756
2006-02-14,89.2934,0.009916476740436367
2006-02-15,89.5941,0.0033618926220926174
2006-02-16,90.2724,0.007542296264076797
2006-02-17,90.1396,-0.0014721861515325295
2006-02-21,89.8948,-0.002719481953114026
2006-02-22,90.4822,0.006513048520019614
2006-02-23,90.2445,-0.0026304927502532305
2006-02-24,90.3424,0.001084242650943009
2006-02-27,90.6641,0.0035545722250060773
2006-02-28,89.692,-0.010779889492371767
2006-03-01,90.4473,0.008385781738208982
2006-03-02,90.3424,-0.0011604644708433222
2006-03-03,90.1955,-0.0016273594898311707
2006-03-06,89.6361,-0.006221396065349631
2006-03-07,89.4053,-0.0025781760849032747
2006-03-08,89.6291,0.00250007949946944
2006-03-09,89.1885,-0.004927936530270663
2006-03-10,89.8599,0.007499683291431193
2006-03-13,90.0906,0.0025640398486351623
2006-03-14,90.9927,0.009963452871020712
2006-03-15,91.4613,0.005136648474025815
2006-03-16,91.6011,0.001527348348727536
2006-03-17,91.6779,0.0008380666033212632
2006-03-20,91.5515,-0.001379691469280633
2006-03-21,90.9618,-0.0064620173109572855
2006-03-22,91.5515,0.0064620173109572404
2006-03-23,91.3268,-0.0024573731609964337
2006-03-24,91.3971,0.0007694669768824929
2006-03-27,91.3339,-0.000691727211256136
2006-03-28,90.7231,-0.006710011608813735
2006-03-29,91.4111,0.007554904816205392
2006-03-30,91.2496,-0.0017683063963180208
2006-03-31,90.9407,-0.0033909631412195693
2006-04-03,91.053,0.0012341088098429466
2006-04-04,91.6849,0.006915943749607698
2006-04-05,92.0008,0.0034395743538267972
2006-04-06,91.8534,-0.0016034448120400395
2006-04-07,90.9618,-0.009754189686678903
2006-04-10,91.0109,0.0005396413988641977
2006-04-11,90.3229,-0.007588252177368413
2006-04-12,90.4633,0.001553216210374751
2006-04-13,90.4703,7.737645195240767e-05
2006-04-17,90.2316,-0.002641921737832841
2006-04-18,91.7972,0.017202097761274106
2006-04-19,91.9377,0.0015293776782282539
2006-04-20,92.0289,0.0009914844050071718
2006-04-21,92.0921,0.0006865050969975382
2006-04-24,91.8885,-0.0022132777381189384
2006-04-25,91.4743,-0.004517827002109275
2006-04-26,91.6287,0.0016864828713421443
2006-04-27,91.9728,0.003748339778107826
2006-04-28,92.071,0.0010671373805477152
2006-05-01,91.6428,-0.004661607080352906
2006-05-02,92.2185,0.006262349732494158
2006-05-03,91.9096,-0.0033552759171083272
2006-05-04,92.1693,0.0028216180377080564
2006-05-05,93.1452,0.010532462614536275
2006-05-08,93.0469,-0.001055898817759479
2006-05-09,93.0399,-7.523370817584261e-05
2006-05-10,93.0259,-0.0001504843988140709
2006-05-11,91.8674,-0.012531715981495073
2006-05-12,90.7371,-0.012379918742450473
2006-05-15,91.0109,0.003012965283015596
2006-05-16,90.7862,-0.0024719878856518038
2006-05-17,89.3189,-0.01629418005271325
2006-05-18,88.7081,-0.006861907425997006
2006-05-19,89.1363,0.004815454717116568
2006-05-22,88.7502,-0.004340977042194203
2006-05-23,88.3219,-0.004837586895562678
2006-05-24,88.5185,0.002223474737634308
2006-05-25,89.5787,0.011905998789772264
2006-05-26,90.0491,0.005237508618534306
2006-05-30,88.6028,-0.016191617304007234
2006-05-31,89.4242,0.009227879240410354
2006-06-01,90.4282,0.011164826594572772
2006-06-02,90.6528,0.002480659099255731
2006-06-05,89.0942,-0.01734258779518522
2006-06-06,88.9538,-0.0015771031306263115
2006-06-07,88.3851,-0.006413730428003445
2006-06-08,88.3921,7.919573342792992e-05
2006-06-09,88.0411,-0.003978848233364815
2006-06-12,87.0652,-0.011146487637938192
2006-06-13,86.1806,-0.01021216892737878
2006-06-14,86.6299,0.005199927231202673
2006-06-15,88.5326,0.021725824200477098
2006-06-16,88.0992,-0.004907393456667093
2006-06-19,87.2741,-0.009409711604190548
2006-06-20,87.3517,0.0008887576189536315
2006-06-21,88.2543,0.010279921513406431
2006-06-22,87.7466,-0.005769304682269972
2006-06-23,87.7254,-0.0002416339940635413
2006-06-26,88.1485,0.004811411087361024
2006-06-27,87.3376,-0.009241823388409112
2006-06-28,87.9299,0.006758837260528026
2006-06-29,89.7352,0.0203232051415288
2006-06-30,89.573,-0.0018091759801464413
2006-07-03,90.123,0.006121468674683543
2006-07-05,89.6294,-0.005492012798398123
2006-07-06,89.7987,0.0018871074290173235
2006-07-07,89.2486,-0.006144764326459579
2006-07-10,89.3614,0.0012630873410969467
2006-07-11,89.7352,0.004174289660206436
2006-07-12,88.889,-0.009474710932584573
2006-07-13,87.5703,-0.014946500971897701
2006-07-14,87.1613,-0.004681474295169745
2006-07-17,87.0061,-0.0017821939246843803
2006-07-18,87.2106,0.0023476520210132116
2006-07-19,88.7973,0.018030360970277298
2006-07-20,88.1274,-0.007572749326319289
2006-07-21,87.4363,-0.007872966561257029
2006-07-24,88.9369,0.01701660127381411
2006-07-25,89.5236,0.006575148155597882
2006-07-26,89.5025,-0.00023571982071554607
2006-07-27,89.171,-0.003710683233643738
2006-07-28,90.1654,0.01108988684266003
2006-07-31,90.0525,-0.0012529278697563557
2006-08-01,89.6858,-0.004080382520380771
2006-08-02,90.25,0.006271146142525363
2006-08-03,90.3487,0.001093031232523096
2006-08-04,90.2711,-0.0008592635444679503
2006-08-07,90.0737,-0.0021891407884668005
2006-08-08,89.8269,-0.002743739096234261
2006-08-09,89.439,-0.004327656351845135
2006-08-10,89.7429,0.003392086939538429
2006-08-11,89.4602,-0.0031550819657962634
2006-08-14,89.6435,0.0020468596014114756
2006-08-15,90.7648,0.012430852007778102
2006-08-16,91.4982,0.008047754709398022
2006-08-17,91.6956,0.0021550956025911104
2006-08-18,91.9918,0.0032250470824839875
2006-08-21,91.7873,-0.002225498812484311
2006-08-22,91.8014,0.00015360422539860335
2006-08-23,91.4065,-0.004310956149593656
2006-08-24,91.5828,0.0019268892175523975
2006-08-25,91.6251,0.00046177048862672233
2006-08-28,92.0129,0.004223532999400873
2006-08-29,92.1822,0.0018382687452090114
2006-08-30,92.1822,0.0
2006-08-31,92.1751,-7.70243435275691e-05
2006-09-01,92.697,0.0056460805761002365
2006-09-05,92.8662,0.001823637950754585
2006-09-06,91.9777,-0.009613591176169244
2006-09-07,91.5898,-0.004226244595162982
2006-09-08,91.886,0.0032287664893358922
2006-09-11,91.9636,0.0008441683268093934
2006-09-12,92.8169,0.00923588869657592
2006-09-13,93.24,0.004548078886825653
2006-09-14,93.1201,-0.0012867563018438184
2006-09-15,93.4024,0.0030269829704272387
2006-09-18,93.5228,0.001288215999237356
2006-09-19,93.3174,-0.0021986711932936486
2006-09-20,93.8132,0.005298985415964182
2006-09-21,93.3103,-0.005375072727798705
2006-09-22,93.0553,-0.002736558239674399
2006-09-25,93.8911,0.008941659948934205
2006-09-26,94.564,0.007141253908042824
2006-09-27,94.6985,0.001421306625899001
2006-09-28,94.741,0.0004486920701651367
2006-09-29,94.5767,-0.0017357071340777812
2006-10-02,94.2877,-0.0030603991600905507
2006-10-03,94.4931,0.0021760696114454664
2006-10-04,95.5343,0.010958529346116188
2006-10-05,95.8035,0.002813873449203445
2006-10-06,95.6335,-0.0017760416710067303
2006-10-09,95.6618,0.0002958776321891887
2006-10-10,95.853,0.001996713188996486
2006-10-11,95.6051,-0.0025896019916166234
2006-10-12,96.4905,0.009218391988224854
2006-10-13,96.7384,0.002565870177888026
2006-10-16,96.9296,0.0019745137257507245
2006-10-17,96.6605,-0.002780102632543041
2006-10-18,96.7455,0.0008789800261898131
2006-10-19,96.8305,0.000878208098762352
2006-10-20,96.9367,0.0010961608634886967
2006-10-23,97.4609,0.005393083767953162
2006-10-24,97.5884,0.0013073619660280485
2006-10-25,97.8858,0.0030428591544936893
2006-10-26,98.2896,0.004116729929257514
2006-10-27,97.6804,-0.006217298182108469
2006-10-30,97.6379,-0.0004351870835528341
2006-10-31,97.5459,-0.00094270125710487
2006-11-01,97.0146,-0.0054615538165176366
2006-11-02,96.8871,-0.0013150995414253528
2006-11-03,96.7526,-0.0013891781657379607
2006-11-06,97.8008,0.01077555203259503
2006-11-07,98.0629,0.0026763525497461227
2006-11-08,98.2612,0.002020129647223715
2006-11-09,97.815,-0.004551299650110736
2006-11-10,97.9354,0.0012301381267456036
2006-11-13,98.2117,0.0028172752260962534
2006-11-14,98.8208,0.006182756045939649
2006-11-15,99.2245,0.004076850691718238
2006-11-16,99.3378,0.0011412036655127212
2006-11-17,99.4441,0.0010695139761990615
2006-11-20,99.4228,-0.000214213628124723
2006-11-21,99.5645,0.001424211735641197
2006-11-22,99.8266,0.002629005516920127
2006-11-24,99.4087,-0.004195045886591935
2006-11-27,98.0842,-0.013413341526303016
2006-11-28,98.4596,0.0038200183012964675
2006-11-29,99.4157,0.009663737117897904
2006-11-30,99.5291,0.0011400148411170358
2006-12-01,99.1962,-0.0033503566118363395
2006-12-04,100.0815,0.008885146950425525
2006-12-05,100.5136,0.004308187670902911
2006-12-06,100.3719,-0.0014107541211413452
2006-12-07,100.0249,-0.003463132612954139
2006-12-08,100.1099,0.0008494275369482169
2006-12-11,100.4074,0.00296732719113372
2006-12-12,100.3507,-0.0005648589173495786
2006-12-13,100.5065,0.0015513512211348885
2006-12-14,101.2856,0.007721847101785449
2006-12-15,101.4295,0.0014197267413299105
2006-12-18,101.1233,-0.003023411507994488
2006-12-19,101.2871,0.001618494264686837
2006-12-20,101.1803,-0.0010549847521687597
2006-12-21,100.8954,-0.0028197372446862887
2006-12-22,100.3113,-0.005805985991596571
2006-12-26,100.8384,0.005240884838325705
2006-12-27,101.5364,0.0068981194081820275
2006-12-28,101.2586,-0.002739714231264726
2006-12-29,100.8811,-0.003735045009577991
2007-01-03,100.7387,-0.001412559914034916
2007-01-04,100.8597,0.0012004064965777839
2007-01-05,100.2686,-0.005877857087592543
2007-01-08,100.4965,0.0022703158854739756
2007-01-09,100.468,-0.00028363218569508786
2007-01-10,100.7173,0.0024783135507496557
2007-01-11,101.3369,0.006133027100016681
2007-01-12,101.8498,0.0050485695116999465
2007-01-16,101.8569,6.970806559506363e-05
2007-01-17,101.864,6.970320671940224e-05
2007-01-18,101.4865,-0.003712805561340326
2007-01-19,101.807,0.0031530793215894834
2007-01-22,101.3013,-0.004979619690284878
2007-01-23,101.6931,0.003860209804060686
2007-01-24,102.4765,0.007674049854627793
2007-01-25,101.3512,-0.011041791014003443
2007-01-26,101.2515,-0.0009841922940587778
2007-01-29,101.1304,-0.0011967474804152512
2007-01-30,101.6859,0.005477877163519446
2007-01-31,102.4124,0.007119148649322065
2007-02-01,102.9252,0.004994711792426339
2007-02-02,103.1175,0.0018666039207840602
2007-02-05,103.1674,0.0004837969330114867
2007-02-06,103.1175,-0.0004837969330115321
2007-02-07,103.317,0.0019328170640794864
2007-02-08,103.1888,-0.001241611775256861
2007-02-09,102.5406,-0.006301502312675718
2007-02-12,102.1489,-0.00382726498558664
2007-02-13,102.9466,0.007778854459864142
2007-02-14,103.7372,0.007650370817910347
2007-02-15,103.8583,0.0011666920885710762
2007-02-16,103.7657,-0.0008919971307732789
2007-02-20,104.0648,0.0028783090691231715
2007-02-21,103.9366,-0.0012326841668703742
2007-02-22,103.8725,-0.000616912368447068
2007-02-23,103.5449,-0.003158850437895096
2007-02-26,103.4167,-0.0012388773221405217
2007-02-27,99.8555,-0.03504231676849591
2007-02-28,100.3968,0.005406193270961289
2007-03-01,100.1475,-0.0024862349956377558
2007-03-02,98.9581,-0.011947571020812335
2007-03-05,98.0037,-0.009691295163372558
2007-03-06,99.5777,0.01593301087995866
2007-03-07,99.3712,-0.002075910690209066
2007-03-08,100.1119,0.007426227124599548
2007-03-09,100.2116,0.0009953900389310856
2007-03-12,100.3968,0.0018463838265424248
2007-03-13,98.431,-0.019774539146000674
2007-03-14,99.1005,0.006778691638163668
2007-03-15,99.421,0.003228872222411915
2007-03-16,99.029,-0.003950622422193876
2007-03-19,100.1427,0.011183432259059238
2007-03-20,100.7809,0.006352684764729155
2007-03-21,102.4613,0.016536312752863186
2007-03-22,102.4828,0.00020981331083812907
2007-03-23,102.59,0.0010454824800211501
2007-03-26,102.6115,0.0002095501258877472
2007-03-27,102.0609,-0.0053803182864134
2007-03-28,101.2672,-0.007807125836623439
2007-03-29,101.6461,0.003734604290452453
2007-03-30,101.5675,-0.000773570311431928
2007-04-02,101.7463,0.0017588579436749621
2007-04-03,102.7473,0.009790115633657353
2007-04-04,102.8117,0.0006265841155775456
2007-04-05,103.205,0.0038181417118184507
2007-04-09,103.2479,0.0004155911650305899
2007-04-10,103.5268,0.0026976237337896104
2007-04-11,102.8474,-0.006584180138908652
2007-04-12,103.4982,0.006307885003713129
2007-04-13,103.87,0.003585895989874742
2007-04-16,104.914,0.010000849695992225
2007-04-17,105.1643,0.0023829221622627323
2007-04-18,105.2286,0.0006112373754241343
2007-04-19,105.1714,-0.0005437262491369001
2007-04-20,106.1796,0.00954059973637292
2007-04-23,105.9651,-0.002022205344714968
2007-04-24,105.9222,-0.00040493225017447585
2007-04-25,106.8375,0.008604126126390726
2007-04-26,106.8303,-6.739433833955036e-05
2007-04-27,106.8303,0.0
2007-04-30,106.0295,-0.007524236873723798
2007-05-01,106.2726,0.0022901337881173676
2007-05-02,107.0163,0.006973668240295584
2007-05-03,107.4668,0.0042008033498973285
2007-05-04,107.7885,0.0029890110906502115
2007-05-07,107.9601,0.0015907406693301408
2007-05-08,107.8886,-0.000662501118748096
2007-05-09,108.1818,0.0027139319403481814
2007-05-10,106.8518,-0.012370317570841224
2007-05-11,107.8386,0.009192837214759482
2007-05-14,107.6241,-0.001991064540289686
2007-05-15,107.5311,-0.0008644922901416313
2007-05-16,108.3892,0.007948344992288178
2007-05-17,108.2676,-0.0011225127738280446
2007-05-18,109.047,0.007173041680943336
2007-05-21,109.1614,0.0010485390157416355
2007-05-22,109.1185,-0.00039307330223591286
2007-05-23,109.0399,-0.0007205773731469238
2007-05-24,108.0102,-0.009488203184144147
2007-05-25,108.5179,0.004689469222769246
2007-05-29,108.7682,0.0023038759562878154
2007-05-30,109.6477,0.008053486523582476
2007-05-31,109.6548,6.47507438582224e-05
2007-06-01,110.1625,0.004619298870212667
2007-06-04,110.2626,0.000908245085347574
2007-06-05,109.7405,-0.004746305666874968
2007-06-06,108.7539,-0.00903095644952112
2007-06-07,106.816,-0.01797980335536046
2007-06-08,107.9674,0.010721601666557893
2007-06-11,108.1961,0.002115991694547603
2007-06-12,107.0592,-0.01056336890851681
2007-06-13,108.6895,0.015113240833343276
2007-06-14,109.2473,0.005118926386192585
2007-06-15,109.9476,0.0063897689473556936
2007-06-18,109.8327,-0.0010455897136179596
2007-06-19,110.0051,0.001568429408787434
2007-06-20,108.4826,-0.013936936897528911
2007-06-21,109.1361,0.006005935743387257
2007-06-22,108.1595,-0.008988737696974312
2007-06-25,107.4126,-0.006929495873654783
2007-06-26,106.9673,-0.00415431335145961
2007-06-27,108.0661,0.01021989666518591
2007-06-28,107.9943,-0.0006646289893292266
2007-06-29,107.7358,-0.0023965141973216935
2007-07-02,108.9781,0.011465010855015712
2007-07-03,109.4018,0.0038803986232694475
2007-07-05,109.3803,-0.00019654258798319102
2007-07-06,109.8471,0.004258598199649384
2007-07-09,109.9548,0.000979973408957146
2007-07-10,108.339,-0.014804172269296943
2007-07-11,109.0212,0.006277158744271203
2007-07-12,111.0608,0.01853544037083472
2007-07-13,111.2618,0.0018081837362875642
2007-07-16,111.2116,-0.0004512899146772777
2007-07-17,111.1685,-0.00038762461694794297
2007-07-18,110.9889,-0.001616871993703336
2007-07-19,111.4773,0.004390786417489539
2007-07-20,110.1128,-0.012315687810966973
2007-07-23,110.6873,0.005203813734132971
2007-07-24,108.5544,-0.019457678833865302
2007-07-25,108.9997,0.004093700112987136
2007-07-26,106.5221,-0.02299265457279166
2007-07-27,104.7914,-0.01638076790794079
2007-07-30,105.7824,0.009412446528384648
2007-07-31,104.3102,-0.01401500193167861
2007-08-01,105.2438,0.008910411416211513
2007-08-02,105.7393,0.004697067310079685
2007-08-03,102.9601,-0.026635096235672392
2007-08-06,105.1361,0.02091416676567682
2007-08-07,106.1271,0.009381731117549861
2007-08-08,107.5921,0.01370979253635143
2007-08-09,104.7914,-0.026375517506903312
2007-08-10,104.4179,-0.003570590760699646
2007-08-13,104.5185,0.0009629725387630426
2007-08-14,102.5436,-0.019076015239395946
2007-08-15,101.2509,-0.012686479153681634
2007-08-16,101.6818,0.004246734484858729
2007-08-17,103.9368,0.02193469279298066
2007-08-20,103.9152,-0.00020784019473243126
2007-08-21,104.0804,0.001588495475266555
2007-08-22,105.1935,0.01063783392806124
2007-08-23,105.2582,0.000614867943935835
2007-08-24,106.4575,0.011329465204170115
2007-08-27,105.5741,-0.008332768432342385
2007-08-28,103.2545,-0.022216261611713452
2007-08-29,105.2941,0.019560572754288838
2007-08-30,104.9135,-0.0036211860646351676
2007-08-31,105.9476,0.009808431147141822
2007-09-04,107.1325,0.01112175387254088
2007-09-05,105.8973,-0.011596629604222386
2007-09-06,106.4144,0.0048711495643705026
2007-09-07,104.8129,-0.01516405018115552
2007-09-10,104.5687,-0.00233258424544753
2007-09-11,105.9476,0.013100360593914033
2007-09-12,106.0409,0.0008802364847545729
2007-09-13,106.8309,0.0074223417740743765
2007-09-14,106.9099,0.0007392131366343646
2007-09-17,106.4359,-0.004443497644802522
2007-09-18,109.3875,0.027353697847976782
2007-09-19,110.12,0.006674056412457129
2007-09-20,109.3372,-0.007133995330071116
2007-09-21,109.8268,0.0044678944941016745
2007-09-24,109.4372,-0.003553710686814925
2007-09-25,109.365,-0.0006599568251189965
2007-09-26,109.8845,0.004738902229733948
2007-09-27,110.3824,0.004520886688137698
2007-09-28,110.0577,-0.00294592712328982
2007-10-01,111.4359,0.012444763975307367
2007-10-02,111.4359,0.0
2007-10-03,110.9885,-0.004022945354885828
2007-10-04,111.205,0.0019487524929007796
2007-10-05,112.3378,0.01013505867060911
2007-10-08,111.9554,-0.0034098258040000137
2007-10-09,112.8573,0.008023611108831392
2007-10-10,112.5831,-0.0024325731786569516
2007-10-11,112.1574,-0.0037883737833558384
2007-10-12,112.7274,0.005069272984497839
2007-10-15,111.7389,-0.008807615131152764
2007-10-16,110.9597,-0.006997827375259512
2007-10-17,111.2194,0.0023377547057649023
2007-10-18,110.9741,-0.002207986279141911
2007-10-19,108.2106,-0.02521751241030781
2007-10-22,108.593,0.0035276203582605583
2007-10-23,109.5815,0.009061615945397066
2007-10-24,109.3073,-0.002505383038585495
2007-10-25,109.2207,-0.0007925758212526432
2007-10-26,110.7432,0.013843401705627725
2007-10-29,111.1545,0.00370711792895308
2007-10-30,110.4329,-0.006513028726603756
2007-10-31,111.5874,0.010400043653322888
2007-11-01,108.8383,-0.024944845811917374
2007-11-02,109.1269,0.002648130698413487
2007-11-05,108.3332,-0.0072997623422117065
2007-11-06,109.6825,0.012378165683977002
2007-11-07,106.7386,-0.02720697373859503
2007-11-08,106.2696,-0.004403593456867005
2007-11-09,104.8554,-0.013397003212492918
2007-11-12,103.8019,-0.010097983171798256
2007-11-13,106.9262,0.029654601873866843
2007-11-14,106.2047,-0.006770512920637772
2007-11-15,104.9275,-0.012098728470517002
2007-11-16,105.3099,0.0036377963360414113
2007-11-19,103.5999,-0.016371067240665272
2007-11-20,104.0508,0.004342876847379193
2007-11-21,102.3732,-0.016254281820252178
2007-11-23,103.8524,0.014345700709180674
2007-11-26,101.5435,-0.022483382210349876
2007-11-27,103.0226,0.014461103536960836
2007-11-28,106.1614,0.030012195941421748
2007-11-29,106.1974,0.0003390488206268863
2007-11-30,107.0777,0.008255112754713006
2007-12-03,106.3923,-0.006421533285860879
2007-12-04,105.714,-0.006395871431223816
2007-12-05,107.3158,0.01503855505876052
2007-12-06,108.9826,0.015412346963605343
2007-12-07,108.694,-0.0026516416472916354
2007-12-10,109.6464,0.008724047775956548
2007-12-11,106.9334,-0.02505443182212582
2007-12-12,107.756,0.007663201122839852
2007-12-13,107.6261,-0.0012062285189924193
2007-12-14,106.2191,-0.01315924139154848
2007-12-17,104.6245,-0.015126192152051715
2007-12-18,105.1079,0.0046096917404333864
2007-12-19,105.144,0.0003433976135744388
2007-12-20,105.7212,0.0054746012297601935
2007-12-21,107.4214,0.015953976937674964
2007-12-24,108.2266,0.007467759886403707
2007-12-26,108.5675,0.003144922126326826
2007-12-27,107.1748,-0.012910952984407729
2007-12-28,107.0297,-0.001354780335552311
2007-12-31,106.1375,-0.008370942714430956
2008-01-02,104.9261,-0.011479130481962429
2008-01-03,104.8609,-0.0006215828635640652
2008-01-04,102.3438,-0.02429697616083061
2008-01-07,102.5904,0.002406627288394056
2008-01-08,100.7117,-0.01848238143900541
2008-01-09,102.0536,0.01323618579021353
2008-01-10,102.6775,0.0060948427604683025
2008-01-11,101.5459,-0.011082095207763187
2008-01-14,102.5904,0.01023344809608653
2008-01-15,100.0734,-0.024840444365684274
2008-01-16,99.4785,-0.00596237632803113
2008-01-17,96.7148,-0.02817509899343197
2008-01-18,96.1345,-0.006018188828996656
2008-01-22,95.032,-0.011534575604136227
2008-01-23,97.0486,0.020998206969893272
2008-01-24,97.9625,0.009372868421851333
2008-01-25,96.4392,-0.015671994413567092
2008-01-28,98.1366,0.017447627710639277
2008-01-29,98.6516,0.00523406561694816
2008-01-30,97.7231,-0.009456482115600821
2008-01-31,99.5656,0.018678754229109577
2008-02-01,101.1252,0.01554262972049706
2008-02-04,100.1604,-0.009586452172971577
2008-02-05,97.1863,-0.03014314592359339
2008-02-06,96.4102,-0.008017749882704475
2008-02-07,97.0268,0.006375223854753955
2008-02-08,96.5117,-0.005322984483639157
2008-02-11,97.0993,0.006069921689617556
2008-02-12,97.9117,0.00833188589105639
2008-02-13,99.0941,0.01200385164168505
2008-02-14,97.9698,-0.011410635828003595
2008-02-15,97.977,7.348933489339362e-05
2008-02-19,98.0278,0.0005183546641455961
2008-02-20,98.6806,0.006637259989847145
2008-02-21,97.491,-0.012128305851219014
2008-02-22,98.2744,0.008003499921696529
2008-02-25,99.5873,0.013271080447722407
2008-02-26,100.32,0.007330430464314869
2008-02-27,100.1967,-0.0012298229079230028
2008-02-28,99.435,-0.007631089615222923
2008-02-29,96.8382,-0.026462619824948817
2008-03-03,96.7148,-0.0012751031161443716
2008-03-04,96.4319,-0.0029293816803867344
2008-03-05,96.9687,0.00555118627850062
2008-03-06,94.8796,-0.021779526629558763
2008-03-07,93.9802,-0.009524597604157034
2008-03-10,92.776,-0.012896136130367428
2008-03-11,95.9895,0.03405082483155276
2008-03-12,95.2858,-0.007358014075824158
2008-03-13,95.5542,0.0028128293540688955
2008-03-14,93.632,-0.0203214203665403
2008-03-17,92.9646,-0.007153429869452183
2008-03-18,96.6858,0.03924777023292286
2008-03-19,94.5967,-0.021843954032678744
2008-03-20,96.4574,0.019478868371206735
2008-03-24,98.3163,0.019088372228693556
2008-03-25,98.4183,0.001036930048292644
2008-03-26,97.5071,-0.009301566511306857
2008-03-27,96.6688,-0.008634492830925884
2008-03-28,95.8451,-0.008557356393587671
2008-03-31,96.1294,0.0029618538695189147
2008-04-01,99.6722,0.03619160106579421
2008-04-02,99.643,-0.0002930032452006061
2008-04-03,99.7086,0.0006581336931115236
2008-04-04,99.7815,0.0007308633686085623
2008-04-07,99.9346,0.0015331766441476922
2008-04-08,99.592,-0.0034341319573187156
2008-04-09,98.7391,-0.008600822137381678
2008-04-10,99.0598,0.003242690237553333
2008-04-11,97.2155,-0.018793544405881817
2008-04-14,96.8219,-0.004056955410156582
2008-04-15,97.3249,0.005181657647143422
2008-04-16,99.3295,0.020387740477869773
2008-04-17,99.3806,0.0005143170993967489
2008-04-18,101.2759,0.018891552155882847
2008-04-21,101.1593,-0.0011519736972071377
2008-04-22,100.4157,-0.007377932512301081
2008-04-23,100.6125,0.001957934885449323
2008-04-24,101.0936,0.004770315943069322
2008-04-25,101.8445,0.00740031986995157
2008-04-28,101.7643,-0.0007877852445248959
2008-04-29,101.3634,-0.003947275733783622
2008-04-30,101.0426,-0.0031698691601867906
2008-05-01,102.7338,0.016598966618077356
2008-05-02,103.1056,0.003612529033253531
2008-05-05,102.6026,-0.0048904321995166975
2008-05-06,103.3899,0.007644004840412481
2008-05-07,101.6112,-0.01735351309731653
2008-05-08,101.9028,0.0028656524814087347
2008-05-09,101.3561,-0.005379359214714676
2008-05-12,102.4204,0.010445852958005111
2008-05-13,102.3766,-0.0004277406472537433
2008-05-14,102.7849,0.003980284205822645
2008-05-15,103.9293,0.011072405202484209
2008-05-16,104.0314,0.000981916373655189
2008-05-19,104.1553,0.0011902779056304183
2008-05-20,103.3462,-0.007798537365701429
2008-05-21,101.5164,-0.01786415540415617
2008-05-22,101.7206,0.0020094772970795207
2008-05-23,100.4594,-0.012476173303863747
2008-05-27,101.152,0.006870670255522928
2008-05-28,101.5893,0.004313878604534417
2008-05-29,102.0486,0.004510955758697914
2008-05-30,102.1798,0.0012848361740953134
2008-06-02,101.1738,-0.009894176516452611
2008-06-03,100.6636,-0.005055565387505263
2008-06-04,100.6198,-0.00043520728178614055
2008-06-05,102.5589,0.019088210301034095
2008-06-06,99.3733,-0.031553801775892884
2008-06-09,99.5409,0.0016851490709212961
2008-06-10,99.1254,-0.0041828997250296365
2008-06-11,97.7477,-0.013996046078934057
2008-06-12,98.0101,0.0026808654077290083
2008-06-13,99.3879,0.013959841285871775
2008-06-16,99.4535,0.000659822374817327
2008-06-17,98.7464,-0.007135250824804018
2008-06-18,97.8862,-0.008749367983288516
2008-06-19,98.134,0.0025283122045817313
2008-06-20,96.4272,-0.01754557214793925
2008-06-23,96.4272,0.0
2008-06-24,96.0535,-0.003882991588686142
2008-06-25,96.6982,0.006689460109888545
2008-06-26,94.0022,-0.02827660176361211
2008-06-27,93.6725,-0.0035135299449084996
2008-06-30,93.6286,-0.00046876394002891736
2008-07-01,94.0755,0.004761759007184347
2008-07-02,92.3978,-0.017994482533317
2008-07-03,92.5883,0.002059614936927193
2008-07-07,91.6505,-0.01018035396910209
2008-07-08,93.2549,0.017354174252071107
2008-07-09,91.2036,-0.02224223407484345
2008-07-10,91.8556,0.007123408788320197
2008-07-11,90.8886,-0.010583197996382403
2008-07-14,89.9288,-0.01061633465174858
2008-07-15,88.9325,-0.011140591111005356
2008-07-16,91.1377,0.024493894601879045
2008-07-17,92.2732,0.012382192200609356
2008-07-18,92.2,-0.0007936112545550523
2008-07-21,92.3392,0.0015086228443706561
2008-07-22,93.504,0.012535462721315498
2008-07-23,94.0242,0.005547979816537139
2008-07-24,91.7824,-0.02413163783207019
2008-07-25,92.0901,0.003346887514218774
2008-07-28,90.5369,-0.017009943215657932
2008-07-29,92.5077,0.021534381885834064
2008-07-30,94.1121,0.017194740637677605
2008-07-31,92.8447,-0.013558420079206355
2008-08-01,92.4197,-0.004588045469353829
2008-08-04,91.6212,-0.008677473436441702
2008-08-05,94.0901,0.026590147880538862
2008-08-06,94.515,0.004505718231817792
2008-08-07,92.9399,-0.016805504368861995
2008-08-08,94.94,0.02129206542990541
2008-08-11,95.7539,0.008536245178592056
2008-08-12,94.6762,-0.011318709653645627
2008-08-13,94.3978,-0.0029448808529767227
2008-08-14,94.918,0.005495593175385141
2008-08-15,95.3136,0.004159146748213949
2008-08-18,93.9949,-0.013931982239758748
2008-08-19,93.0571,-0.010027242238783318
2008-08-20,93.5333,0.005104239380801258
2008-08-21,93.7385,0.002191468038682705
2008-08-22,94.8667,0.01196375769824222
2008-08-25,93.0938,-0.018865161351529134
2008-08-26,93.3502,0.002750425453598979
2008-08-27,94.0901,0.007894821370316014
2008-08-28,95.4308,0.014148543671751132
2008-08-29,94.244,-0.012514213677809395
2008-09-02,93.8484,-0.004206449418681158
2008-09-03,93.7018,-0.001563315100244777
2008-09-04,90.9399,-0.029918550535193697
2008-09-05,91.3062,0.004019844520765379
2008-09-08,93.2623,0.021197260019781623
2008-09-09,90.0094,-0.03550184398991144
2008-09-10,90.5442,0.005924019947785452
2008-09-11,91.9509,0.01541660966209671
2008-09-12,92.1487,0.002148837652138821
2008-09-15,88.1925,-0.0438816511992459
2008-09-16,89.1303,0.010577418623495571
2008-09-17,85.4232,-0.04248161734269569
2008-09-18,88.2145,0.03215362192932283
2008-09-19,92.0041,0.042061792679765626
2008-09-22,88.9756,-0.033470966432646417
2008-09-23,87.4282,-0.017544289758810002
2008-09-24,87.5461,0.001347626683954818
2008-09-25,89.1672,0.018347747192544596
2008-09-26,89.3219,0.0017334396188568694
2008-09-29,82.8965,-0.07465385686896861
2008-09-30,85.7703,0.034079951014328064
2008-10-01,85.4903,-0.0032698735083452704
2008-10-02,82.0639,-0.04090470712929854
2008-10-03,81.1354,-0.011378848050853048
2008-10-06,78.1733,-0.03719120700924589
2008-10-07,73.8405,-0.05702079545566076
2008-10-08,72.3889,-0.019854388848677004
2008-10-09,67.8867,-0.06421283363088537
2008-10-10,66.6783,-0.01796057643315224
2008-10-13,74.0837,0.1053159724384106
2008-10-14,73.5163,-0.007688384755754127
2008-10-15,66.8625,-0.09486887848186083
2008-10-16,69.4415,0.03784639964390843
2008-10-17,69.4268,-0.00021171138488641845
2008-10-20,72.5437,0.043916178778915765
2008-10-21,70.4068,-0.029899289486819868
2008-10-22,66.5677,-0.05607037449038385
2008-10-23,67.0172,0.006729827944752988
2008-10-24,64.2761,-0.041761435893905956
2008-10-27,62.3971,-0.02966906703250817
2008-10-28,69.051,0.10132656207322555
2008-10-29,68.5204,-0.007713850859169925
2008-10-30,70.5689,0.029458026380689895
2008-10-31,71.4678,0.01265746108056559
2008-11-03,71.3278,-0.00196084536018389
2008-11-04,74.0174,0.03701404744780302
2008-11-05,70.3847,-0.050324290700317395
2008-11-06,66.8404,-0.051668221849313065
2008-11-07,68.6825,0.027186747915937823
2008-11-10,68.0046,-0.009919086118707815
2008-11-11,66.2804,-0.025681122403801975
2008-11-12,63.3403,-0.045372450100349064
2008-11-13,67.2235,0.05950111133561009
2008-11-14,64.3056,-0.044376169569736154
2008-11-17,63.0308,-0.020023223395509337
2008-11-18,63.4877,0.007222690535639392
2008-11-19,60.0097,-0.05633997052670377
2008-11-20,55.7286,-0.07401273567589993
2008-11-21,59.1771,0.06004116258358701
2008-11-24,62.6698,0.05734503018207385
2008-11-25,63.274,0.009594829364393792
2008-11-26,65.6393,0.03670009965962324
2008-11-28,66.2435,0.009162744909470538
2008-12-01,60.496,-0.09076009969679177
2008-12-02,62.8613,0.03835346488513999
2008-12-03,64.4087,0.02431800512003245
2008-12-04,62.5592,-0.029135408722242698
2008-12-05,64.814,0.03540832097413119
2008-12-08,67.2972,0.03759700162471307
2008-12-09,65.8825,-0.02124577865706123
2008-12-10,66.5088,0.009461417360634447
2008-12-11,64.7845,-0.02626789251885189
2008-12-12,65.3446,0.008608427459310744
2008-12-15,64.5635,-0.012025569047100684
2008-12-16,67.7246,0.04780024608796985
2008-12-17,67.0467,-0.010060090200998392
2008-12-18,65.8898,-0.017405741955099214
2008-12-19,65.5484,-0.005194848495554147
2008-12-22,64.553,-0.01530220925059651
2008-12-23,64.0107,-0.008436334927604781
2008-12-24,64.3004,0.004515595178638428
2008-12-26,64.7164,0.006448794911672371
2008-12-29,64.6273,-0.001377724838450896
2008-12-30,66.0609,0.021940121710780434
2008-12-31,66.8484,0.01185032523248314
2009-01-02,69.1066,0.03322287088014476
2009-01-05,69.0323,-0.0010757289534656285
2009-01-06,69.4409,0.005901520090395042
2009-01-07,67.3609,-0.030411300207652953
2009-01-08,67.5466,0.0027529991629090356
2009-01-09,66.0238,-0.022802446968560507
2009-01-12,64.6273,-0.0213783609470333
2009-01-13,64.7387,0.00172224583794138
2009-01-14,62.5399,-0.034554414923438734
2009-01-15,62.7776,0.003793568896042738
2009-01-16,63.2381,0.007308645666353341
2009-01-20,59.8508,-0.055052168949301365
2009-01-21,62.5176,0.043593318435660916
2009-01-22,61.4553,-0.01713803582479061
2009-01-23,61.6039,0.002415098947958411
2009-01-26,62.1462,0.008764493466336388
2009-01-27,62.7553,0.009753362906539033
2009-01-28,64.9764,0.03478109044761469
2009-01-29,62.8519,-0.03324296175682284
2009-01-30,61.4479,-0.022591503984562895
2009-02-02,61.3068,-0.002298894659704242
2009-02-03,62.2205,0.01479376079540258
2009-02-04,61.9679,-0.004068018403515792
2009-02-05,62.8444,0.014045320997342682
2009-02-06,64.6347,0.028089588244692473
2009-02-09,64.7313,0.0014934375021932842
2009-02-10,61.7227,-0.04759308329161782
2009-02-11,62.0719,0.005641618070417783
2009-02-12,62.1165,0.0007182635724019009
2009-02-13,61.485,-0.010218411505992234
2009-02-17,58.8554,-0.04370965441911648
2009-02-18,58.6994,-0.0026540828885596047
2009-02-19,58.068,-0.0108147677175528
2009-02-20,57.4068,-0.011451974391355289
2009-02-23,55.4457,-0.03475859975834673
2009-02-24,57.496,0.036311216716661855
2009-02-25,57.0874,-0.007131953353514824
2009-02-26,56.1886,-0.01586953746430061
2009-02-27,54.948,-0.0223266058853675
2009-03-02,52.5338,-0.044930511498014566
2009-03-03,51.9321,-0.011519675873782309
2009-03-04,53.2098,0.024305493818076906
2009-03-05,51.1224,-0.04001983258519162
2009-03-06,51.0704,-0.0010176843082478244
2009-03-09,50.5207,-0.010821919730847201
2009-03-10,53.7372,0.06172234582821481
2009-03-11,53.9675,0.004276514413728256
2009-03-12,56.0994,0.03874310375739586
2009-03-13,56.5377,0.007782554988540799
2009-03-16,56.56,0.0003943493154854086
2009-03-17,58.1868,0.028356503301418527
2009-03-18,59.4051,0.020721556379084446
2009-03-19,58.6771,-0.012330549801507204
2009-03-20,57.3916,-0.02215158031416394
2009-03-23,61.4691,0.06863665837015066
2009-03-24,60.2795,-0.019542530424488738
2009-03-25,60.8556,0.009511765681199618
2009-03-26,62.2621,0.02284904918598581
2009-03-27,61.2072,-0.017088064308765142
2009-03-30,58.9103,-0.0382488816225979
2009-03-31,59.5986,0.011616135827891843
2009-04-01,60.6236,0.01705217234497436
2009-04-02,62.509,0.030626290167851386
2009-04-03,63.0552,0.00869998686156961
2009-04-06,62.4342,-0.009897331077762498
2009-04-07,61.1025,-0.021560420288388626
2009-04-08,61.7309,0.010231834049683303
2009-04-09,64.1475,0.03840050322045648
2009-04-13,64.1924,0.0006997044852283722
2009-04-14,63.0327,-0.018231184274178636
2009-04-15,63.7884,0.011917716286037695
2009-04-16,64.7161,0.014438655716830033
2009-04-17,65.1425,0.006567166633076939
2009-04-20,62.5015,-0.04138662153354325
2009-04-21,63.7135,0.019205914595787712
2009-04-22,63.2048,-0.008016223414254923
2009-04-23,63.8033,0.00942466551513487
2009-04-24,64.933,0.017551055905894775
2009-04-27,64.14,-0.01228777479191406
2009-04-28,63.9978,-0.002219486496170849
2009-04-29,65.3445,0.02082456655603648
2009-04-30,65.4343,0.001373311486470986
2009-05-01,65.8009,0.005586930237935787
2009-05-04,67.9781,0.03255207843121566
2009-05-05,67.821,-0.0023137129787044546
2009-05-06,68.8684,0.015325555608378677
2009-05-07,68.0454,-0.012022307652386233
2009-05-08,69.5492,0.021859286329337223
2009-05-11,68.3073,-0.018017773516224477
2009-05-12,67.993,-0.004611883570068109
2009-05-13,66.4294,-0.023265029128295586
2009-05-14,66.8858,0.006846957931773104
2009-05-15,66.2872,-0.008989870791446853
2009-05-18,68.2773,0.02958053737353601
2009-05-19,68.2549,-0.00032812772666038377
2009-05-20,67.791,-0.006819783587397557
2009-05-21,66.7511,-0.015458666227014039
2009-05-22,66.5715,-0.0026942185141936577
2009-05-26,68.2549,0.024972668328605296
2009-05-27,67.1027,-0.017024944741569778
2009-05-28,68.023,0.013621601663396389
2009-05-29,69.1751,0.016795087999345246
2009-06-01,70.8211,0.023516007617723184
2009-06-02,70.8884,0.0009498305344344785
2009-06-03,69.9906,-0.012745862115125564
2009-06-04,70.7313,0.010527243315047553
2009-06-05,70.6864,-0.000634998327772623
2009-06-08,70.5069,-0.00254261493575094
2009-06-09,70.7837,0.003918170835438628
2009-06-10,70.6191,-0.0023281020509513446
2009-06-11,70.9857,0.005177802151254465
2009-06-12,71.0156,0.0004211229114367305
2009-06-15,69.4445,-0.02237169881677975
2009-06-16,68.5691,-0.012685876463169416
2009-06-17,68.4719,-0.00141855380943793
2009-06-18,69.018,0.007943898014673371
2009-06-19,69.1447,0.001834070056770041
2009-06-22,67.2035,-0.028476080692550816
2009-06-23,67.2111,0.00011308295390675656
2009-06-24,67.8355,0.009247244276322801
2009-06-25,69.2726,0.020963788879869646
2009-06-26,69.1071,-0.0023919704827994816
2009-06-29,69.7316,0.008996111483722301
2009-06-30,69.092,-0.009214636786131495
2009-07-01,69.4908,0.005755419876764365
2009-07-02,67.6173,-0.02733050224033104
2009-07-06,67.5948,-0.00033281045420747524
2009-07-07,66.3007,-0.019330601807801325
2009-07-08,66.1577,-0.0021591693022962573
2009-07-09,66.3383,0.002726121722129955
2009-07-10,66.1803,-0.0023845720505360716
2009-07-13,67.8355,0.024702821161616824
2009-07-14,68.2117,0.0055304476514907875
2009-07-15,70.1604,0.028167944914083677
2009-07-16,70.815,0.009286793364408245
2009-07-17,70.8301,0.00021320892931981172
2009-07-20,71.6201,0.011091709231660618
2009-07-21,71.906,0.003983949653015672
2009-07-22,71.8909,-0.00021001843649630703
2009-07-23,73.501,0.022149319524555004
2009-07-24,73.802,0.0040868199418092705
2009-07-27,73.9901,0.0025454689603133596
2009-07-28,73.802,-0.002545468960313443
2009-07-29,73.4409,-0.004904830371118751
2009-07-30,74.2835,0.011407853244488913
2009-07-31,74.3136,0.0004051223127727516
2009-08-03,75.6002,0.017164951988266636
2009-08-04,75.8485,0.0032790010409281685
2009-08-05,75.5325,-0.0041749025172893505
2009-08-06,75.0961,-0.005794400545619697
2009-08-07,76.0968,0.013237587386567358
2009-08-10,76.0216,-0.0009887036167338158
2009-08-11,74.9532,-0.014153591665203885
2009-08-12,75.841,0.01177512474656261
2009-08-13,76.488,0.008494822269300218
2009-08-14,75.8259,-0.008693942842739501
2009-08-17,73.8622,-0.026238727877808524
2009-08-18,74.6898,0.011142341568156841
2009-08-19,75.2315,0.007226489596780724
2009-08-20,76.0216,0.010447484204951823
2009-08-21,77.4962,0.019211392466630138
2009-08-24,77.5188,0.0002915846874189808
2009-08-25,77.5865,0.0008729553960985152
2009-08-26,77.594,9.666162959690303e-05
2009-08-27,77.8348,0.0030985273341551226
2009-08-28,77.7596,-0.0009666158403545093
2009-08-31,77.0373,-0.009332295959284047
2009-09-01,75.2616,-0.0233196755741675
2009-09-02,75.1036,-0.0021015508661683634
2009-09-03,75.7356,0.008379833602059211
2009-09-04,76.0321,0.0039072922264796785
2009-09-08,77.1802,0.014987327916072737
2009-09-09,78.1282,0.012208119766704521
2009-09-10,78.7527,0.007961495614558818
2009-09-11,78.7678,0.00019172107816121722
2009-09-14,79.2192,0.005714409772348262
2009-09-15,79.5277,0.0038866949636208615
2009-09-16,80.6788,0.014370450754365766
2009-09-17,80.6788,0.0
2009-09-18,80.64,-0.0004810350777240032
2009-09-21,80.4283,-0.002628700022351263
2009-09-22,80.9651,0.0066520933255512825
2009-09-23,80.2771,-0.008533797918106541
2009-09-24,79.4153,-0.010793354804294253
2009-09-25,79.0298,-0.0048660483747262695
2009-09-28,80.3301,0.016319398520746924
2009-09-29,80.1713,-0.0019787995845154276
2009-09-30,79.8311,-0.004252442621616882
2009-10-01,77.8807,-0.024734984193186507
2009-10-02,77.5556,-0.004183070158668277
2009-10-05,78.6669,0.014227383962904887
2009-10-06,79.7631,0.013838509043299165
2009-10-07,79.9294,0.0020827535434104452
2009-10-08,80.6627,0.009132517684292829
2009-10-09,81.0407,0.004675234887097114
2009-10-12,81.4111,0.00456012973528669
2009-10-13,81.207,-0.0025101769995998654
2009-10-14,82.6358,0.01744155032519628
2009-10-15,82.9155,0.0033790162460660815
2009-10-16,82.3032,-0.007412027854194252
2009-10-19,82.9155,0.007412027854194311
2009-10-20,82.6358,-0.0033790162460660975
2009-10-21,81.7286,-0.011038998865437877
2009-10-22,82.6282,0.010947024811737566
2009-10-23,81.7135,-0.01113179972643795
2009-10-26,80.7988,-0.01125711296202424
2009-10-27,80.4057,-0.004877044737276847
2009-10-28,78.9164,-0.01869600489384026
2009-10-29,80.5795,0.02085521042979918
2009-10-30,78.3796,-0.027680585314525104
2009-11-02,78.8635,0.006154820498746689
2009-11-03,79.1205,0.003253496894629435
2009-11-04,79.3019,0.0022900811915350407
2009-11-05,80.7912,0.018605960704053758
2009-11-06,80.9651,0.002150148921519598
2009-11-09,82.8323,0.02279988431540896
2009-11-10,82.8323,0.0
2009-11-11,83.2633,0.00518979391841407
2009-11-12,82.4392,-0.009946823912079
2009-11-13,82.8701,0.00521326962152417
2009-11-16,84.0948,0.014670412344362428
2009-11-17,84.1024,9.037011323804855e-05
2009-11-18,84.1024,0.0
2009-11-19,83.0289,-0.0128463640644802
2009-11-20,82.7568,-0.003282553855087599
2009-11-23,83.7849,0.012346614213354049
2009-11-24,83.8454,0.0007218265746334714
2009-11-25,84.2158,0.00440792520502195
2009-11-27,82.7946,-0.01701971022740552
2009-11-30,83.0138,0.0026440171631725287
2009-12-01,84.0797,0.012758299495547453
2009-12-02,84.1402,0.0007192966183964262
2009-12-03,83.4522,-0.008210442298263794
2009-12-04,83.9663,0.006141515016677669
2009-12-07,83.7698,-0.0023429671953798512
2009-12-08,82.8248,-0.011345027220121453
2009-12-09,83.1499,0.003917469539200808
2009-12-10,83.6715,0.006253414727024079
2009-12-11,84.057,0.004596722426974963
2009-12-14,84.5711,0.006097460539618463
2009-12-15,84.1402,-0.005108145535730638
2009-12-16,84.2914,0.0017953880461276533
2009-12-17,83.2557,-0.012363248211243912
2009-12-18,83.7269,0.005643716778911028
2009-12-21,84.5781,0.010115056088484621
2009-12-22,84.9277,0.00412493844702585
2009-12-23,85.0874,0.0018786572130335324
2009-12-24,85.5738,0.005700198018281651
2009-12-28,85.6422,0.0007989907910335629
2009-12-29,85.5434,-0.0011543028265252437
2009-12-30,85.5282,-0.00017770337145384598
2009-12-31,84.7757,-0.008837200995059235
2010-01-04,86.0982,0.015479560162913419
2010-01-05,86.3718,0.003172728352866399
2010-01-06,86.4402,0.000791611734971168
2010-01-07,86.8127,0.0043000789479578855
2010-01-08,87.0939,0.003233922635158805
2010-01-11,87.1851,0.001046597792330541
2010-01-12,86.4022,-0.009020306306295769
2010-01-13,87.0863,0.007886442567493317
2010-01-14,87.3219,0.0027017094759108516
2010-01-15,86.4326,-0.010236371032710741
2010-01-19,87.4435,0.011627951055108264
2010-01-20,86.5619,-0.010133105564905735
2010-01-21,84.9049,-0.01932795833906053
2010-01-22,83.02,-0.02245026398573979
2010-01-25,83.4533,0.005205651338590426
2010-01-26,83.0504,-0.004839541540100519
2010-01-27,83.4913,0.005294782388337318
2010-01-28,82.5336,-0.011536951656837395
2010-01-29,81.6215,-0.011112775497526806
2010-02-01,82.8908,0.015431371244661537
2010-02-02,83.8789,0.011850013073371779
2010-02-03,83.5293,-0.004176623465362666
2010-02-04,80.9071,-0.031895885626535156
2010-02-05,81.0515,0.0017831722213261481
2010-02-08,80.5347,-0.006396607657583669
2010-02-09,81.4467,0.011260671126264228
2010-02-10,81.3023,-0.0017745121369923495
2010-02-11,82.1536,0.010416359362927612
2010-02-12,82.146,-9.251391975895361e-05
2010-02-16,83.3849,0.014969085936688427
2010-02-17,83.8409,0.005453717431577385
2010-02-18,84.2893,0.00533397406449249
2010-02-19,84.4413,0.0018016890963115267
2010-02-22,84.5097,0.0008097022655919849
2010-02-23,83.5369,-0.011577870266053067
2010-02-24,84.2209,0.008154658566192624
2010-02-25,84.0993,-0.0014448654547073545
2010-02-26,84.1753,0.0009032855245831975
2010-03-01,85.0798,0.010688110556196515
2010-03-02,85.2774,0.002319832547346236
2010-03-03,85.3838,0.0012469151018023323
2010-03-04,85.627,0.0028442667241407138
2010-03-05,86.8127,0.013752270353766654
2010-03-08,86.8507,0.00043762820037461807
2010-03-09,86.9799,0.001486504951269352
2010-03-10,87.4055,0.004881152264076834
2010-03-11,87.7703,0.004164964879242387
2010-03-12,87.7855,0.00017316431627975722
2010-03-15,87.7779,-8.657840990486034e-05
2010-03-16,88.4772,0.007935131174731103
2010-03-17,88.9712,0.005567830154525768
2010-03-18,88.9484,-0.0002562955416355867
2010-03-19,88.4984,-0.005071953562152996
2010-03-22,88.9563,0.005160765156283765
2010-03-23,89.6203,0.007436618908783687
2010-03-24,89.1929,-0.004780416814032423
2010-03-25,89.0021,-0.0021414750460568128
2010-03-26,89.0632,0.0006862651218173249
2010-03-29,89.5363,0.005297899563773919
2010-03-30,89.5745,0.0004265516158622411
2010-03-31,89.315,-0.0029012343599940475
2010-04-01,89.9027,0.006558527496145765
2010-04-05,90.6124,0.007863094628896969
2010-04-06,90.8185,0.002271940321658656
2010-04-07,90.3377,-0.0053081388208784065
2010-04-08,90.6582,0.0035415203878720494
2010-04-09,91.2916,0.006962388072556162
2010-04-12,91.4138,0.001337672758678527
2010-04-13,91.4367,0.0002504778507002401
2010-04-14,92.4593,0.011121618093497602
2010-04-15,92.5356,0.0008248876517834475
2010-04-16,91.139,-0.01520762169700457
2010-04-19,91.4519,0.0034273373568300845
2010-04-20,92.238,0.008559042156932923
2010-04-21,92.093,-0.001573257128837972
2010-04-22,92.2762,0.0019873174076215218
2010-04-23,92.9096,0.00684072396502089
2010-04-26,92.6043,-0.003291400543221848
2010-04-27,90.4445,-0.023599173942353325
2010-04-28,91.139,0.007649410728007864
2010-04-29,92.2456,0.012068771661404347
2010-04-30,90.8643,-0.015087400538920067
2010-05-03,91.8793,0.011108574391637429
2010-05-04,89.7882,-0.023022195602908278
2010-05-05,89.1242,-0.007422661018876472
2010-05-06,86.1097,-0.03440883775100783
2010-05-07,84.7817,-0.015542347163596267
2010-05-10,88.6968,0.045144094379359345
2010-05-11,88.3992,-0.0033608921729540208
2010-05-12,89.6203,0.013718936990584912
2010-05-13,88.5595,-0.011907214324826365
2010-05-14,86.9873,-0.017912511507242535
2010-05-17,87.0026,0.00017587227809701597
2010-05-18,85.7815,-0.014134637736048415
2010-05-19,85.2015,-0.006784326215361771
2010-05-20,82.1487,-0.03648801966692505
2010-05-21,83.1867,0.012556459632466564
2010-05-24,82.0801,-0.013391879534332875
2010-05-25,82.3319,0.003063039156144103
2010-05-26,81.7137,-0.007536964434820392
2010-05-27,84.4612,0.03307058284730784
2010-05-28,83.2172,-0.01483820008340268
2010-06-01,82.103,-0.013479500635851618
2010-06-02,84.0949,0.023971366452668265
2010-06-03,84.4307,0.003985156491552864
2010-06-04,81.6145,-0.033924137276487715
2010-06-07,80.5537,-0.01308289949201558
2010-06-08,81.2635,0.008772918483580111
2010-06-09,80.8895,-0.004612935476996095
2010-06-10,83.2935,0.029286489138735494
2010-06-11,83.5835,0.003475617274174858
2010-06-14,83.6217,0.0004569235964505852
2010-06-15,85.4304,0.021398953562171898
2010-06-16,85.377,-0.0006252656704541689
2010-06-17,85.5602,0.0021434780743182125
2010-06-18,85.5917,0.00036809407731594625
2010-06-21,85.492,-0.001165511516131305
2010-06-22,84.0811,-0.016640995052140947
2010-06-23,83.667,-0.004937174741940411
2010-06-24,82.3711,-0.015609987278901007
2010-06-25,82.6548,0.0034382515651380217
2010-06-28,82.5245,-0.0015776798548871695
2010-06-29,79.8636,-0.03277503944372576
2010-06-30,78.9895,-0.011005247265992252
2010-07-01,78.7978,-0.0024298545487435835
2010-07-02,78.2687,-0.006737299186932363
2010-07-06,78.8974,0.008000495698228041
2010-07-07,81.4126,0.03138177798070445
2010-07-08,82.1947,0.009560770913394636
2010-07-09,82.7315,0.006509601210354048
2010-07-12,82.8159,0.0010196476333959954
2010-07-13,84.0888,0.015253311376922535
2010-07-14,84.0658,-0.0002735577872201301
2010-07-15,84.2191,0.0018219108476734134
2010-07-16,81.8037,-0.029099261519299667
2010-07-19,82.2944,0.005980586765946252
2010-07-20,83.1763,0.010659389853283352
2010-07-21,82.1257,-0.012711451118287021
2010-07-22,83.9124,0.02152239718606269
2010-07-23,84.6639,0.008915903104565304
2010-07-26,85.5304,0.010182567652210256
2010-07-27,85.5534,0.0002688740855481796
2010-07-28,84.9553,-0.007015506576167354
2010-07-29,84.4338,-0.0061574404454757346
2010-07-30,84.6869,0.0029931308107956295
2010-08-02,86.4582,0.020700133968915832
2010-08-03,86.0441,-0.004801104628027316
2010-08-04,86.6576,0.007104765971269647
2010-08-05,86.5349,-0.0014169207157165868
2010-08-06,86.1592,-0.00435105302055605
2010-08-09,86.6806,0.006033350902240463
2010-08-10,86.2589,-0.004876859662490502
2010-08-11,83.7974,-0.028951258239979002
2010-08-12,83.2529,-0.006519017665060645
2010-08-13,83.0076,-0.0029507932189456287
2010-08-16,83.0459,0.0004612971202556204
2010-08-17,84.0428,0.011932725899678552
2010-08-18,84.1731,0.0015491998801566628
2010-08-19,82.7162,-0.01745992116933109
2010-08-20,82.4401,-0.003343502575564241
2010-08-23,82.1487,-0.003540949377748669
2010-08-24,80.9295,-0.014952614337317816
2010-08-25,81.1749,0.0030276807719230477
2010-08-26,80.6534,-0.006445124928607129
2010-08-27,81.957,0.01603375832653263
2010-08-30,80.7455,-0.014892486483952588
2010-08-31,81.0599,0.0038861545495695758
2010-09-01,83.1839,0.025865431941058642
2010-09-02,83.9661,0.009359326471499793
2010-09-03,85.0396,0.01270388439589171
2010-09-07,84.1041,-0.01106171307685526
2010-09-08,84.6562,0.0065430313844346165
2010-09-09,85.1393,0.005690389952452011
2010-09-10,85.5227,0.004493099166826493
2010-09-13,86.4812,0.011145211494758365
2010-09-14,86.4199,-0.0007090759118179169
2010-09-15,86.7496,0.0038078345017629033
2010-09-16,86.7649,0.0001763541380075103
2010-09-17,86.6822,-0.0009536049466036457
2010-09-20,88.0544,0.01570624824398416
2010-09-21,87.8077,-0.0028056091883780464
2010-09-22,87.4608,-0.003958503130752399
2010-09-23,86.7439,-0.008230593629856654
2010-09-24,88.4476,0.019450186911934397
2010-09-27,88.1161,-0.003755023139160424
2010-09-28,88.3859,0.00305719153481143
2010-09-29,88.1932,-0.0021825921244045072
2010-09-30,88.0467,-0.0016625070003214682
2010-10-01,88.3319,0.003233955236778757
2010-10-04,87.6998,-0.007181691897541922
2010-10-05,89.4652,0.01993010397859352
2010-10-06,89.4806,0.00017211915605758885
2010-10-07,89.3958,-0.0009481407983695078
2010-10-08,89.8815,0.005418434886319949
2010-10-11,89.8969,0.00017132202798193858
2010-10-12,90.213,0.003510082727792152
2010-10-13,90.8914,0.007491846394527594
2010-10-14,90.6293,-0.002887826921662699
2010-10-15,90.7758,0.0016151699356719473
2010-10-18,91.4079,0.0069391777246200345
2010-10-19,89.9971,-0.015554460396463271
2010-10-20,90.8606,0.009549016286483636
2010-10-21,91.0456,0.0020340160344412524
2010-10-22,91.3385,0.0032119055532205004
2010-10-25,91.5004,0.0017709583935784342
2010-10-26,91.5236,0.00025351866557671066
2010-10-27,91.246,-0.0030377066368427086
2010-10-28,91.3308,0.0009289242236454761
2010-10-29,91.2383,-0.001013315045262071
2010-11-01,91.4156,0.0019413771694572696
2010-11-02,92.1788,0.008314026966187951
2010-11-03,92.5335,0.003840571916273102
2010-11-04,94.2603,0.018489363061051648
2010-11-05,94.6766,0.004406769389130816
2010-11-08,94.453,-0.0023645172852674794
2010-11-09,93.7361,-0.007618969089305817
2010-11-10,94.1138,0.004021301144986215
2010-11-11,93.6821,-0.004597552560209368
2010-11-12,92.6491,-0.011087897069187728
2010-11-15,92.5797,-0.0007493435496794955
2010-11-16,91.0302,-0.016878575564504127
2010-11-17,91.1535,0.0013535790394597856
2010-11-18,92.5489,0.015192254849428957
2010-11-19,92.7339,0.001996948032721811
2010-11-22,92.6337,-0.0010810951833999647
2010-11-23,91.2691,-0.014840720703129345
2010-11-24,92.6183,0.01467446068935921
2010-11-26,91.5236,-0.0118898837949142
2010-11-29,91.855,0.0036143842387038653
2010-11-30,91.1535,-0.007666348128770578
2010-12-01,93.2658,0.022908582536287175
2010-12-02,94.5378,0.013546273352606815
2010-12-03,94.746,0.0021998721915370343
2010-12-06,94.6535,-0.0009767713996540349
2010-12-07,94.7383,0.000895498175389729
2010-12-08,95.0235,0.0030058759427734655
2010-12-09,95.409,0.004048684196109742
2010-12-10,95.9949,0.006122151429473428
2010-12-13,96.0951,0.0010432610660428652
2010-12-14,96.1028,8.01257454334548e-05
2010-12-15,95.7713,-0.003455394238571204
2010-12-16,96.2262,0.004738612234120964
2010-12-17,96.2671,0.0004249498617923154
2010-12-20,96.5151,0.0025728530622069054
2010-12-21,97.1505,0.0065618497029173405
2010-12-22,97.4528,0.003106835733625455
2010-12-23,97.352,-0.0010348821897226202
2010-12-27,97.4063,0.0005576142470638509
2010-12-28,97.507,0.0010332800169050044
2010-12-29,97.569,0.0006356497169061544
2010-12-30,97.476,-0.0009536261585569749
2010-12-31,97.5768,0.001033566387904994
2011-01-03,98.437,0.008776989397250627
2011-01-04,98.4138,-0.00023571151458276585
2011-01-05,98.8632,0.004556038234234498
2011-01-06,98.7547,-0.0010980787762873963
2011-01-07,98.592,-0.0016488751710796474
2011-01-10,98.375,-0.0022034156766901395
2011-01-11,98.7392,0.0036953239740401982
2011-01-12,99.7157,0.009841106275957303
2011-01-13,99.5762,-0.0013999567747971053
2011-01-14,100.2039,0.006283929836237866
2011-01-18,100.4752,0.0027038208291897156
2011-01-19,99.429,-0.010467109263550899
2011-01-20,99.2507,-0.0017948491754908676
2011-01-21,99.5142,0.00265137511062035
2011-01-24,100.0644,0.0055136311593045806
2011-01-25,100.0644,0.0
2011-01-26,100.5294,0.004636243322787958
2011-01-27,100.7697,0.002387493179502312
2011-01-28,98.9485,-0.018238202448994024
2011-01-31,99.6925,0.007490935698793617
2011-02-01,101.3431,0.016421341211485113
2011-02-02,101.1029,-0.0023729795867983286
2011-02-03,101.3741,0.002678824381829444
2011-02-04,101.6299,0.0025201487200776545
2011-02-07,102.3119,0.006688207540323598
2011-02-08,102.7613,0.004382832270477258
2011-02-09,102.5676,-0.0018867296075738053
2011-02-10,102.5134,-0.0005285716498543735
2011-02-11,103.1566,0.006254700217814488
2011-02-14,103.3891,0.002251318698001779
2011-02-15,103.0713,-0.0030785589003645393
2011-02-16,103.7301,0.006371351727946051
2011-02-17,104.0401,0.002984068264237212
2011-02-18,104.288,0.0023799009063809897
2011-02-22,102.1646,-0.020571064536583104
2011-02-23,101.5524,-0.006010316693454001
2011-02-24,101.4129,-0.0013746194247623404
2011-02-25,102.5134,0.010793219740783582
2011-02-28,103.2186,0.006855547624530619
2011-03-01,101.4361,-0.017420025788070313
2011-03-02,101.6686,0.0022894605743399472
2011-03-03,103.4123,0.01700540636032019
2011-03-04,102.6838,-0.007069547013345703
2011-03-07,101.8546,-0.00810805738844262
2011-03-08,102.7536,0.008787583148463651
2011-03-09,102.5754,-0.001735751352615236
2011-03-10,100.6689,-0.018761224015185075
2011-03-11,101.3896,0.007133607903331016
2011-03-14,100.7309,-0.006517917103652339
2011-03-15,99.6382,-0.01090697949412701
2011-03-16,97.7395,-0.01923984898060853
2011-03-17,99.0182,0.01299789540614961
2011-03-18,99.5109,0.004963514281101963
2011-03-21,101.0286,0.015136459170185055
2011-03-22,100.694,-0.0033174300436893183
2011-03-23,100.9275,0.0023162222718482455
2011-03-24,101.8848,0.009440325951806931
2011-03-25,102.2117,0.003203389372633581
2011-03-28,101.9315,-0.0027451335725111182
2011-03-29,102.6476,0.007000743719118827
2011-03-30,103.3325,0.006650181489717696
2011-03-31,103.2469,-0.0008287370851034874
2011-04-01,103.6283,0.0036872513681724364
2011-04-04,103.7295,0.0009760906803109823
2011-04-05,103.6594,-0.0006760246345845044
2011-04-06,103.9786,0.003074584145980448
2011-04-07,103.7918,-0.001798139199152288
2011-04-08,103.4182,-0.0036060074787478066
2011-04-11,103.099,-0.0030912704044825366
2011-04-12,102.2506,-0.00826302877847319
2011-04-13,102.2973,0.0004566167710487848
2011-04-14,102.4297,0.0012934299673059732
2011-04-15,102.8266,0.003867364798902382
2011-04-18,101.6358,-0.011648239129488461
2011-04-19,102.1884,0.005422333108114221
2011-04-20,103.7451,0.015118760687586963
2011-04-21,104.0953,0.003369896626563457
2011-04-25,103.9708,-0.0011967352188444985
2011-04-26,104.8737,0.008646678513821615
2011-04-27,105.5897,0.006804059634879618
2011-04-28,105.9166,0.003091163339361655
2011-04-29,106.3447,0.004033712979823116
2011-05-02,106.0645,-0.002638305332643601
2011-05-03,105.6364,-0.004044390775280242
2011-05-04,104.9359,-0.006653321296920673
2011-05-05,104.0953,-0.00804286184419712
2011-05-06,104.3288,0.0022406247424228273
2011-05-09,104.9281,0.005727903247434364
2011-05-10,105.7687,0.007979280748480203
2011-05-11,104.609,-0.011025044450299665
2011-05-12,105.1772,0.005416956781812093
2011-05-13,104.2588,-0.008770277189835283
2011-05-16,103.6517,-0.0058400294884153
2011-05-17,103.5738,-0.0007518380090238457
2011-05-18,104.5857,0.009722428914949208
2011-05-19,104.8036,0.002081291438080149
2011-05-20,104.0175,-0.0075289682255300595
2011-05-23,102.7643,-0.012121137774355735
2011-05-24,102.6242,-0.0013642440713970447
2011-05-25,103.0212,0.003861019922534915
2011-05-26,103.5816,0.0054249155806867025
2011-05-27,103.8618,0.0027014614145912967
2011-05-31,104.9826,0.010733452851157099
2011-06-01,102.632,-0.022644847192640705
2011-06-02,102.4997,-0.0012899032021277052
2011-06-03,101.4412,-0.010380551472968671
2011-06-06,100.4293,-0.010025322919861811
2011-06-07,100.3204,-0.0010849332345900474
2011-06-08,99.8534,-0.004665953758776604
2011-06-09,100.6862,0.008305639259870407
2011-06-10,99.1762,-0.015110683467849042
2011-06-13,99.3319,0.0015687020522509934
2011-06-14,100.6784,0.013464510003007036
2011-06-15,98.8649,-0.01817700651401387
2011-06-16,99.0984,0.00235902420585555
2011-06-17,99.4173,0.0032128468863404243
2011-06-20,99.8709,0.004552209145492024
2011-06-21,101.2554,0.013767685968142325
2011-06-22,100.614,-0.006354624904782553
2011-06-23,100.2542,-0.0035824524220856254
2011-06-24,99.1826,-0.010746364890866231
2011-06-27,100.0352,0.00855952837054984
2011-06-28,101.4666,0.014207556238356263
2011-06-29,102.4444,0.009590532091819181
2011-06-30,103.2657,0.007985066012058395
2011-07-01,104.7753,0.014512778692630552
2011-07-05,104.6189,-0.0014938334403186673
2011-07-06,104.8066,0.0017925233580330133
2011-07-07,105.9643,0.010985497928717265
2011-07-08,105.2681,-0.006591815658396301
2011-07-11,103.2813,-0.019054095672604927
2011-07-12,102.7964,-0.0047060006483038395
2011-07-13,103.1327,0.0032661755814784223
2011-07-14,102.5304,-0.005857168562523817
2011-07-15,103.2109,0.006615127653514068
2011-07-18,102.108,-0.010743390969664543
2011-07-19,103.868,0.017089785561144672
2011-07-20,103.8367,-0.00030138942678645665
2011-07-21,105.2525,0.013542752459735897
2011-07-22,105.3463,0.000890793358771517
2011-07-25,104.7597,-0.00558386266130614
2011-07-26,104.2434,-0.004940606624708948
2011-07-27,102.0767,-0.021004057834545946
2011-07-28,101.7951,-0.002762522125046344
2011-07-29,101.099,-0.006861734582006183
2011-08-01,100.6844,-0.004109362647679635
2011-08-02,98.1266,-0.02573239043087358
2011-08-03,98.5803,0.004612962784115114
2011-08-04,93.895,-0.04869430782606511
2011-08-05,93.7854,-0.001167943082588242
2011-08-08,87.8016,-0.06592946986792737
2011-08-09,91.7517,0.044006291663727465
2011-08-10,87.9815,-0.04195945026875276
2011-08-11,91.7439,0.04187443460620066
2011-08-12,92.4635,0.007812972340022555
2011-08-15,94.2704,0.019353276479636104
2011-08-16,93.4569,-0.008666881078596146
2011-08-17,93.6525,0.0020907562233811977
2011-08-18,89.6163,-0.04405390059690261
2011-08-19,88.1927,-0.016013029930864633
2011-08-22,88.2866,0.001064147567007654
2011-08-23,91.126,0.03165482349099559
2011-08-24,92.2054,0.011775532971699594
2011-08-25,91.0008,-0.013150399490209732
2011-08-26,92.3775,0.015015144814613078
2011-08-29,94.9509,0.027476473384746493
2011-08-30,95.0448,0.00098844350314436
2011-08-31,95.5923,0.005743913490961665
2011-09-01,94.6537,-0.009867304599851856
2011-09-02,92.1037,-0.02730985210208099
2011-09-06,91.5718,-0.005791752159154573
2011-09-07,94.1218,0.02746632417880031
2011-09-08,93.0032,-0.011955787034733061
2011-09-09,90.7975,-0.024002148974885215
2011-09-12,91.2902,0.00541169120649297
2011-09-13,92.0724,0.00853178068780247
2011-09-14,93.4022,0.014339675478391547
2011-09-15,95.0839,0.017844760179557943
2011-09-16,95.5365,0.004748713679345324
2011-09-19,94.5852,-0.010007357804573024
2011-09-20,94.4358,-0.0015807770682702404
2011-09-21,91.4874,-0.03171898066605574
2011-09-22,88.7669,-0.030187425118583196
2011-09-23,89.0185,0.002830380537041562
2011-09-26,91.4402,0.026840993411051672
2011-09-27,92.4466,0.01094597381007744
2011-09-28,90.5517,-0.020710222209723475
2011-09-29,91.2829,0.008042517114900963
2011-09-30,88.822,-0.027329108364548084
2011-10-03,86.3296,-0.028461838208297993
2011-10-04,88.3738,0.02340301677067222
2011-10-05,89.9935,0.018161899876051484
2011-10-06,91.5817,0.01749402456178926
2011-10-07,90.9448,-0.006978741003639392
2011-10-10,93.9955,0.03299417972561881
2011-10-11,94.0977,0.0010866954260695175
2011-10-12,94.9547,0.009066331560196029
2011-10-13,94.7031,-0.002653201161189598
2011-10-14,96.3935,0.017692037348542182
2011-10-17,94.6874,-0.01785783235975949
2011-10-18,96.3385,0.017287091626585954
2011-10-19,95.2377,-0.011492159414057816
2011-10-20,95.5837,0.0036264316181231285
2011-10-21,97.3685,0.018500446288240914
2011-10-24,98.6815,0.013394742477776184
2011-10-25,96.7945,-0.019307317707689148
2011-10-26,97.7852,0.010183061859493641
2011-10-27,101.1267,0.03360094976898869
2011-10-28,101.1503,0.0002333433866142574
2011-10-31,98.4928,-0.02662408044192823
2011-11-01,96.1026,-0.02456707829851995
2011-11-02,97.5178,0.014618554682420586
2011-11-03,99.2476,0.017582812471156853
2011-11-04,98.8309,-0.004207429021501209
2011-11-07,99.3183,0.004919535208793351
2011-11-08,100.5842,0.012665343574701494
2011-11-09,96.8574,-0.037755393927903655
2011-11-10,97.7223,0.008889988999027326
2011-11-11,99.6171,0.019204053853215525
2011-11-14,98.6815,-0.009436344406869314
2011-11-15,99.1768,0.005006623776817463
2011-11-16,97.6043,-0.0159825661454075
2011-11-17,95.9532,-0.017060977224520324
2011-11-18,95.8431,-0.001148093181085582
2011-11-21,93.9797,-0.0196336779189643
2011-11-22,93.4923,-0.005199721538752905
2011-11-23,91.621,-0.02021857691578662
2011-11-25,91.1414,-0.00524835634562777
2011-11-28,94.1134,0.03208829145263228
2011-11-29,94.3886,0.0029198649936941663
2011-11-30,98.2019,0.03960526029489682
2011-12-01,98.2333,0.00031969830526755346
2011-12-02,98.2333,0.0
2011-12-05,99.224,0.010034658765677043
2011-12-06,99.3262,0.0010294626651184467
2011-12-07,99.5385,0.0021351208198510697
2011-12-08,97.5572,-0.020105631349142474
2011-12-09,99.2397,0.017099263195568495
2011-12-12,97.6043,-0.01661658601882583
2011-12-13,96.7395,-0.00889975093698515
2011-12-14,95.7331,-0.010457687711529216
2011-12-15,96.1498,0.004343280772338298
2011-12-16,96.2137,0.0006643672250750667
2011-12-19,95.2088,-0.010499384674421621
2011-12-20,98.1522,0.03044696064261079
2011-12-21,98.2788,0.00128900242353929
2011-12-22,99.2678,0.010012911008827636
2011-12-23,99.972,0.007068898205719135
2011-12-27,100.1065,0.0013444724971474987
2011-12-28,98.8801,-0.01232661424218977
2011-12-29,99.7584,0.008843257715051202
2011-12-30,99.4577,-0.0030188346058940686
2012-01-03,100.9294,0.014688834374052833
2012-01-04,101.056,0.0012535561142370426
2012-01-05,101.2776,0.002190442799453941
2012-01-06,101.1984,-0.0007823149809292538
2012-01-09,101.2855,0.0008603153670211078
2012-01-10,102.1716,0.00871049083620957
2012-01-11,102.2587,0.0008521242229785751
2012-01-12,102.5198,0.0025500737771957612
2012-01-13,102.1637,-0.0034795218889388177
2012-01-17,102.3141,0.0014710646057665068
2012-01-18,103.4772,0.011303805211042676
2012-01-19,103.9677,0.004728975396317796
2012-01-20,104.1181,0.0014455578053873307
2012-01-23,104.0152,-0.0009887894765884845
2012-01-24,104.039,0.00022878653835218274
2012-01-25,104.9172,0.008405638796504
2012-01-26,104.3475,-0.005444792240945376
2012-01-27,104.2763,-0.0006825683624239169
2012-01-30,103.8886,-0.0037249358396423226
2012-01-31,103.857,-0.00030421823849654855
2012-02-01,104.8381,0.009402302475670598
2012-02-02,105.0755,0.002261883948575773
2012-02-03,106.4522,0.013016918720044297
2012-02-06,106.3731,-0.0007433327113100719
2012-02-07,106.6817,0.0028969093004842534
2012-02-08,106.9349,0.002370603394838532
2012-02-09,107.1327,0.001848014891494219
2012-02-10,106.4126,-0.006744262032282628
2012-02-13,107.0852,0.006300788347044563
2012-02-14,106.9586,-0.0011829355932103504
2012-02-15,106.6263,-0.003111645702669605
2012-02-16,107.5441,0.008570798003366147
2012-02-17,107.9239,0.0035253531229671145
2012-02-21,107.9714,0.0004400281133163375
2012-02-22,107.6391,-0.0030824126200337575
2012-02-23,108.1138,0.004400411452103944
2012-02-24,108.28,0.0015360886742599182
2012-02-27,108.5094,0.002116340426437601
2012-02-28,108.8417,0.00305772787815404
2012-02-29,108.0347,-0.007442061234777835
2012-03-01,109.0237,0.009112817971154244
2012-03-02,108.6835,-0.003125301110011838
2012-03-05,108.2246,-0.004231291359538527
2012-03-06,106.5788,-0.015324079660324223
2012-03-07,107.3542,0.0072490302618301635
2012-03-08,108.3986,0.009681525873969865
2012-03-09,108.8575,0.00422451367285254
2012-03-12,108.8496,-7.257457385147132e-05
2012-03-13,110.804,0.01779576185259299
2012-03-14,110.7011,-0.000929098313331391
2012-03-15,111.2708,0.005133093431209183
2012-03-16,111.4882,0.001951885840948634
2012-03-19,111.9332,0.003983509085977971
2012-03-20,111.5915,-0.003057382617424809
2012-03-21,111.4166,-0.0015685532127283713
2012-03-22,110.6378,-0.007014526109903694
2012-03-23,111.0352,0.0035854653091108536
2012-03-26,112.5213,0.013295268898068615
2012-03-27,112.1478,-0.003324892867635908
2012-03-28,111.6392,-0.004545401436794266
2012-03-29,111.4643,-0.0015678824924672645
2012-03-30,111.814,0.003132416235155047
2012-04-02,112.6643,0.0075758241823497266
2012-04-03,112.3146,-0.0031087384784302197
2012-04-04,111.1862,-0.010097588802765648
2012-04-05,111.0511,-0.0012158176565518048
2012-04-09,109.8511,-0.010864643303907297
2012-04-10,108.0153,-0.016852928678355254
2012-04-11,108.818,0.007403878157318845
2012-04-12,110.2802,0.013347637804990544
2012-04-13,109.0008,-0.011669178067669745
2012-04-16,108.8339,-0.001532354878798562
2012-04-17,110.5186,0.015360965811513515
2012-04-18,110.2007,-0.0028805837987121775
2012-04-19,109.5094,-0.006292858464789628
2012-04-20,109.6365,0.0011599579481168121
2012-04-23,108.6988,-0.008589593761271396
2012-04-24,109.1438,0.0040855243095392615
2012-04-25,110.5822,0.013092856993104286
2012-04-26,111.3928,0.007303557637083377
2012-04-27,111.4643,0.0006416668120805631
2012-04-30,111.1305,-0.0029991738370536746
2012-05-01,111.8458,0.006415950517977409
2012-05-02,111.4961,-0.003131524230572748
2012-05-03,110.6776,-0.007368142160789063
2012-05-04,108.9133,-0.016069317672716264
2012-05-07,108.8815,-0.00029201799332197745
2012-05-08,108.4763,-0.0037284189423519754
2012-05-09,107.8087,-0.00617335571308993
2012-05-10,108.0869,0.0025771729852718194
2012-05-11,107.7054,-0.0035358110317935576
2012-05-14,106.6008,-0.010308705787161669
2012-05-15,106.1081,-0.0046326306154893465
2012-05-16,105.5756,-0.005031101811040557
2012-05-17,103.9306,-0.01570391526729927
2012-05-18,103.0246,-0.008755574035621121
2012-05-21,104.924,0.018268483892564975
2012-05-22,104.9796,0.0005297670101928601
2012-05-23,105.0908,0.001058692803806351
2012-05-24,105.4167,0.003096329207974309
2012-05-25,104.8604,-0.005291125832036773
2012-05-29,106.2908,0.013548792348327931
2012-05-30,104.8048,-0.014079161730593776
2012-05-31,104.4074,-0.0037990182021649193
2012-06-01,101.8882,-0.024424420443001478
2012-06-04,101.6895,-0.0019520808329940198
2012-06-05,102.4683,0.007629429565838033
2012-06-06,104.8842,0.02330340196774546
2012-06-07,105.0352,0.0014386476528021048
2012-06-08,105.7345,0.006635703006601254
2012-06-11,104.5743,-0.011033411534228038
2012-06-12,105.7345,0.011033411534228179
2012-06-13,104.9875,-0.007089939627882301
2012-06-14,106.1637,0.01114094701685017
2012-06-15,107.0735,0.00853327206242808
2012-06-18,107.5128,0.0040943957158936515
2012-06-19,108.4474,0.008655352556930397
2012-06-20,108.2957,-0.0013998141096172741
2012-06-21,105.9152,-0.022226674752932288
2012-06-22,106.5622,0.006090078283308185
2012-06-25,104.8448,-0.0162476907655697
2012-06-26,105.4279,0.005546145502157572
2012-06-27,106.3785,0.008976181858754945
2012-06-28,106.2028,-0.0016530150112709593
2012-06-29,108.9826,0.025837762650235022
2012-07-02,109.0625,0.0007328759378332602
2012-07-03,109.7255,0.006060680013831088
2012-07-05,109.2303,-0.0045232950606824565
2012-07-06,108.3676,-0.00792934601069121
2012-07-09,108.1439,-0.0020664036746349205
2012-07-10,107.1454,-0.009275957137823875
2012-07-11,107.2173,0.0006708256865237417
2012-07-12,106.714,-0.0047052575155203105
2012-07-13,108.4315,0.015966278500487104
2012-07-16,108.1918,-0.0022130592399818255
2012-07-17,108.9427,0.006916477975076761
2012-07-18,109.7096,0.007014818913668131
2012-07-19,110.0131,0.0027625747637490096
2012-07-20,109.0306,-0.008970872835050317
2012-07-23,107.9042,-0.010384780338672711
2012-07-24,107.0096,-0.008325246373515187
2012-07-25,107.0415,0.00029805967113601714
2012-07-26,108.8788,0.017018727239968168
2012-07-27,110.8359,0.017815392079782336
2012-07-30,110.8119,-0.00021655978623565485
2012-07-31,110.1489,-0.006001082451878656
2012-08-01,109.9412,-0.001887409398766374
2012-08-02,109.1264,-0.007438834015874572
2012-08-03,111.2593,0.01935666965641716
2012-08-06,111.5788,0.0028675546859705655
2012-08-07,112.114,0.004785143028584799
2012-08-08,112.2258,0.0009967024063970843
2012-08-09,112.3776,0.0013517161638094252
2012-08-10,112.4974,0.0010654809234781145
2012-08-13,112.5054,7.111022621373934e-05
2012-08-14,112.4735,-0.0002835821511597494
2012-08-15,112.6412,0.0014899074207240714
2012-08-16,113.4161,0.006855810762677448
2012-08-17,113.6397,0.001969560542226496
2012-08-20,113.6318,-6.952037543812686e-05
2012-08-21,113.2244,-0.003591706446347593
2012-08-22,113.3122,0.0007751507208662188
2012-08-23,112.3537,-0.008494910077706964
2012-08-24,113.0726,0.006378159399540337
2012-08-27,113.0007,-0.0006360769044746802
2012-08-28,112.9448,-0.0004948095991336736
2012-08-29,113.0646,0.001060132996415941
2012-08-30,112.2179,-0.007516819874816661
2012-08-31,112.801,0.005182687367004826
2012-09-04,112.6412,-0.0014176585108134625
2012-09-05,112.5534,-0.0007797700695206153
2012-09-06,114.8699,0.02037240791506189
2012-09-07,115.3173,0.0038872757771505643
2012-09-10,114.6143,-0.0061148810388234895
2012-09-11,114.9418,0.002853334955556656
2012-09-12,115.469,0.004576182366687202
2012-09-13,117.1146,0.014150846924495976
2012-09-14,117.6019,0.00415224920391293
2012-09-17,117.2185,-0.003265477281307015
2012-09-18,117.0747,-0.001227521908929582
2012-09-19,117.2344,0.001363156827707407
2012-09-20,117.1945,-0.00034040171996936483
2012-09-21,117.1941,-3.4131352804711727e-06
2012-09-24,116.9371,-0.0021953511810391675
2012-09-25,115.869,-0.009175940787662231
2012-09-26,115.082,-0.006815324863327165
2012-09-27,116.1902,0.009583585765029167
2012-09-28,115.7244,-0.004017001313045405
2012-10-01,115.8851,0.00138768077982772
2012-10-02,116.1019,0.0018690707937475566
2012-10-03,116.5034,0.0034522033569016866
2012-10-04,117.427,0.007896406786942298
2012-10-05,117.3386,-0.0007530916299320269
2012-10-08,116.9773,-0.0030838734062732594
2012-10-09,115.7646,-0.010421079958569768
2012-10-10,115.0579,-0.006123338999951706
2012-10-11,115.1462,0.0007671453664853663
2012-10-12,114.6885,-0.003982867731026325
2012-10-15,115.7566,0.009269953222316872
2012-10-16,116.9612,0.010352545087514415
2012-10-17,117.4511,0.00417982088183419
2012-10-18,117.0817,-0.0031500950439853712
2012-10-19,114.9535,-0.0183442829380676
2012-10-22,115.1944,0.0020934372025837155
2012-10-23,113.4276,-0.015456388045710312
2012-10-24,113.2188,-0.0018425182051935044
2012-10-25,113.6284,0.0036112453240408344
2012-10-26,113.4919,-0.0012020063062158361
2012-10-31,113.267,-0.001983605263058242
2012-11-01,114.7366,0.012891203049740514
2012-11-02,113.6364,-0.009635189024799835
2012-11-05,113.9496,0.0027523678760669884
2012-11-06,114.817,0.007583311171869978
2012-11-07,112.1828,-0.02320987289126614
2012-11-08,110.8176,-0.012244077190563288
2012-11-09,110.93,0.001013765286535957
2012-11-12,111.0987,0.0015196236564397037
2012-11-13,110.5686,-0.0047828525951525026
2012-11-14,109.1472,-0.012938712916356118
2012-11-15,108.9223,-0.0020626458971708885
2012-11-16,109.5086,0.005368300987001317
2012-11-19,111.6849,0.019678428424403357
2012-11-20,111.8696,0.0016523938639168778
2012-11-21,112.0463,0.0015782714553016393
2012-11-23,113.3634,0.011686409146531036
2012-11-26,113.2991,-0.0005673633858698268
2012-11-27,112.745,-0.004902592988137925
2012-11-28,113.5802,0.0073805638196545245
2012-11-29,114.2227,0.0056408562283909395
2012-11-30,114.0058,-0.001900727256242877
2012-12-03,113.5882,-0.003669696640861551
2012-12-04,113.3875,-0.0017684717113532885
2012-12-05,113.5963,0.0018397793930255448
2012-12-06,113.9978,0.0035282146285798384
2012-12-07,114.3351,0.0029544603108268255
2012-12-10,114.4315,0.0008427804207948912
2012-12-11,115.2024,0.00671419068382384
2012-12-12,115.2426,0.0003488901942569944
2012-12-13,114.5873,-0.005702493677076177
2012-12-14,114.1986,-0.003397939942924557
2012-12-17,115.5156,0.011466547824096548
2012-12-18,116.7765,0.010856265744363816
2012-12-19,115.9011,-0.007524610279696731
2012-12-20,116.5356,0.005459564483888474
2012-12-21,115.565,-0.008363663496369347
2012-12-24,115.0393,-0.004559333114484152
2012-12-26,114.5702,-0.0040860735524808275
2012-12-27,114.4651,-0.0009177625228690043
2012-12-28,112.8313,-0.014376190196440992
2012-12-31,115.387,0.022397913239501438
2013-01-02,118.0883,0.023140953627877287
2013-01-03,117.781,-0.002605681823533239
2013-01-04,118.4038,0.0052738486432565125
2013-01-07,118.0802,-0.0027367619118137836
2013-01-08,117.7487,-0.0028113621217862963
2013-01-09,117.9832,0.001989548952448698
2013-01-10,118.9537,0.008192100323387798
2013-01-11,118.9375,-0.00013619671534755733
2013-01-14,118.8081,-0.001088558633916477
2013-01-15,118.9375,0.0010885586339164346
2013-01-16,118.8648,-0.0006114322886272033
2013-01-17,119.6573,0.006645111008437159
2013-01-18,119.9889,0.00276741472747898
2013-01-22,120.5874,0.004975562719321812
2013-01-23,120.8381,0.0020768319014401095
2013-01-24,120.8462,6.702959193483151e-05
2013-01-25,121.5256,0.0056062774586858365
2013-01-28,121.3881,-0.0011320894184667367
2013-01-29,121.8491,0.00379054315687646
2013-01-30,121.4043,-0.0036570958164815802
2013-01-31,121.1131,-0.00240147832648904
2013-02-01,122.3101,0.009834803323095366
2013-02-04,121.008,-0.010702963979900507
2013-02-05,122.1241,0.009181081723653471
2013-02-06,122.2292,0.0008602298923823819
2013-02-07,122.0756,-0.0012574457828007147
2013-02-08,122.7388,0.005417995202358034
2013-02-11,122.7468,6.517693911853252e-05
2013-02-12,123.0137,0.0021720341953262758
2013-02-13,123.0623,0.00039499992386007204
2013-02-14,123.1674,0.0008536744867310757
2013-02-15,123.0704,-0.000787856332516491
2013-02-19,123.8953,0.006680304736210327
2013-02-20,122.3991,-0.012149836987980205
2013-02-21,121.7197,-0.005566156757303252
2013-02-22,122.852,0.009259518498237135
2013-02-25,120.5227,-0.019142261919114303
2013-02-26,121.2749,0.006221752626851219
2013-02-27,122.9733,0.013907389079207744
2013-02-28,122.5932,-0.0030957016006104023
2013-03-01,123.0704,0.0038849923245017825
2013-03-04,123.685,0.004981461568330164
2013-03-05,124.793,0.00891835368853263
2013-03-06,124.8577,0.000518324214180074
2013-03-07,125.1489,0.002329539553669559
2013-03-08,125.6988,0.004384340624754921
2013-03-11,126.1437,0.0035331642817744797
2013-03-12,125.8444,-0.0023755101193034377
2013-03-13,126.1275,0.002247076909152828
2013-03-14,126.7745,0.005116617595160457
2013-03-15,126.542,-0.001835648805238714
2013-03-18,125.949,-0.004697205764294015
2013-03-19,125.559,-0.0031012954863148742
2013-03-20,126.2658,0.005613441217708172
2013-03-21,125.4047,-0.00684310127964237
2013-03-22,126.3227,0.007293636446227452
2013-03-25,126.014,-0.0024467321162767544
2013-03-26,126.8426,0.00655393583538471
2013-03-27,126.8263,-0.0001285139804085715
2013-03-28,127.2488,0.0033257913855813293
2013-04-01,126.7857,-0.003645965512569295
2013-04-02,127.4031,0.004857816033877083
2013-04-03,126.1683,-0.00973934568763736
2013-04-04,126.6395,0.0037277374009069496
2013-04-05,126.0302,-0.0048229065934520835
2013-04-08,126.8832,0.006745417477570754
2013-04-09,127.395,0.004025517650622012
2013-04-10,128.9222,0.011916625747968503
2013-04-11,129.3284,0.003145784249702728
2013-04-12,128.906,-0.0032714493245185124
2013-04-15,126.2089,-0.021144985973352716
2013-04-16,127.8174,0.012664212310692076
2013-04-17,126.0465,-0.013951796421371544
2013-04-18,125.2097,-0.006660954785979094
2013-04-19,126.2902,0.008592501610264387
2013-04-22,126.8751,0.004620704659593085
2013-04-23,128.1505,0.010002216507108886
2013-04-24,128.3292,0.0013934828285944959
2013-04-25,128.8166,0.00379085004447645
2013-04-26,128.5079,-0.0023993063084963157
2013-04-29,129.4178,0.0070555495216215085
2013-04-30,129.7508,0.002569757163879554
2013-05-01,128.5404,-0.00937243592017649
2013-05-02,129.7346,0.009247573403664677
2013-05-03,131.0669,0.010217054654059787
2013-05-06,131.4324,0.0027847711304588
2013-05-07,132.0661,0.004809903826621748
2013-05-08,132.6997,0.004786125772204136
2013-05-09,132.3098,-0.0029425381454631673
2013-05-10,132.781,0.003555012065725219
2013-05-13,132.8866,0.0007949784283932114
2013-05-14,134.2107,0.009914820157087298
2013-05-15,134.8281,0.004589680624523593
2013-05-16,134.3732,-0.003379630283993039
2013-05-17,135.5836,0.008967420795811677
2013-05-20,135.5836,0.0
2013-05-21,135.803,0.0016168819521543251
2013-05-22,134.8362,-0.007144597771086744
2013-05-23,134.3813,-0.003379426916400434
2013-05-24,134.292,-0.0006647478799598402
2013-05-28,135.0718,0.005789955283322271
2013-05-29,134.2107,-0.0063955358043717245
2013-05-30,134.7469,0.0039872508557707576
2013-05-31,132.8378,-0.014269368863929401
2013-06-03,133.4877,0.004880503669486701
2013-06-04,132.9516,-0.004024186548081973
2013-06-05,131.01,-0.01471149605050802
2013-06-06,132.2448,0.009381094329099443
2013-06-07,133.8045,0.011725028920892265
2013-06-10,133.8533,0.00036464471082642107
2013-06-11,132.5697,-0.009635879273619188
2013-06-12,131.4243,-0.008677524393141935
2013-06-13,133.4309,0.015152720381740528
2013-06-14,132.586,-0.006352249357464187
2013-06-17,133.6339,0.007872479946415809
2013-06-18,134.5438,0.006785825156552354
2013-06-19,132.9109,-0.01221081767705478
2013-06-20,129.5721,-0.025441495945016213
2013-06-21,129.825,0.0019499067655728765
2013-06-24,128.2815,-0.011960321802604952
2013-06-25,129.5392,0.009756470109297772
2013-06-26,130.7723,0.009474104858500688
2013-06-27,131.5971,0.006287339278670045
2013-06-28,131.0091,-0.004478195736866149
2013-07-01,131.7441,0.005594618197676645
2013-07-02,131.638,-0.0008056736258023507
2013-07-03,131.8666,0.0017350745098925367
2013-07-05,133.0916,0.009246807447095768
2013-07-08,133.8675,0.005812891823393035
2013-07-09,134.8352,0.00720278719713336
2013-07-10,134.8883,0.00039373655381161907
2013-07-11,136.7748,0.013888749152710763
2013-07-12,136.8646,0.0006563382555558086
2013-07-15,137.3546,0.0035737871128015894
2013-07-16,136.8401,-0.0037528121720381566
2013-07-17,137.1668,0.0023846126123948084
2013-07-18,137.8691,0.005106980771634908
2013-07-19,138.2121,0.00248477749645301
2013-07-22,138.4489,0.0017118427087784798
2013-07-23,138.1876,-0.0018891222070134552
2013-07-24,137.7058,-0.0034926568723700185
2013-07-25,137.9998,0.0021327104813039593
2013-07-26,138.1223,0.0008872886888577227
2013-07-29,137.6486,-0.0034354637556036588
2013-07-30,137.7466,0.000711704518718014
2013-07-31,137.91,0.0011855331534819677
2013-08-01,139.3636,0.010485046660874848
2013-08-02,139.5841,0.00158094184627496
2013-08-05,139.4698,-0.0008191966239645883
2013-08-06,138.6776,-0.005696275730626178
2013-08-07,138.204,-0.003420960164034492
2013-08-08,138.7593,0.004009922932589323
2013-08-09,138.1958,-0.004069257273659222
2013-08-12,138.0978,-0.0007093903305015172
2013-08-13,138.5959,0.0036003749854800282
2013-08-14,137.7793,-0.005909375199752276
2013-08-15,135.8193,-0.01432780379669845
2013-08-16,135.4191,-0.002950911747066554
2013-08-19,134.6515,-0.0056844548570300244
2013-08-20,135.215,0.0041761450121589536
2013-08-21,134.3411,-0.006484016215848614
2013-08-22,135.6396,0.00961928028604635
2013-08-23,136.1541,0.003785964240891161
2013-08-26,135.6315,-0.00384568309780155
2013-08-27,133.3938,-0.01663599377375218
2013-08-28,133.9246,0.003971299376424415
2013-08-29,134.0798,0.0011581900696319295
2013-08-30,133.6878,-0.0029279142065050563
2013-09-03,134.2186,0.003962583160047692
2013-09-04,135.4273,0.008965150930560259
2013-09-05,135.4763,0.00036175230254873337
2013-09-06,135.5171,0.00030111434675720195
2013-09-09,136.9381,0.010431167287725977
2013-09-10,137.8773,0.006835160304481825
2013-09-11,138.302,0.003075540670629377
2013-09-12,138.008,-0.0021280453906851746
2013-09-13,138.2285,0.0015964584465265892
2013-09-16,139.0941,0.006242569563466532
2013-09-17,139.6494,0.003984313425095477
2013-09-18,141.2991,0.011743924316913594
2013-09-19,141.1276,-0.0012144745598024515
2013-09-20,140.0101,-0.00794988281936653
2013-09-23,139.4603,-0.0039345899192725735
2013-09-24,139.1238,-0.002415788723420588
2013-09-25,138.7955,-0.002362557423722446
2013-09-26,139.2633,0.0033647591182424125
2013-09-27,138.7135,-0.0039557309597791504
2013-09-30,137.9831,-0.005279441066534699
2013-10-01,139.0581,0.007760617520762267
2013-10-02,138.7053,-0.0025402928515475274
2013-10-03,137.4497,-0.009093506561990053
2013-10-04,138.3852,0.006783069052263877
2013-10-07,137.3676,-0.007380556928335971
2013-10-08,135.7838,-0.011596629190387342
2013-10-09,135.8002,0.00012077294700647285
2013-10-10,138.7463,0.021462397726753922
2013-10-11,139.7064,0.006895992064503635
2013-10-14,140.3219,0.004395991342287789
2013-10-15,139.3618,-0.006865639802038116
2013-10-16,141.1344,0.01263919865992907
2013-10-17,142.1356,0.007068903654534905
2013-10-18,143.0136,0.006158199109295739
2013-10-21,143.0957,0.0005739065612576277
2013-10-22,143.8835,0.0054903071645471145
2013-10-23,143.3173,-0.003942891061099545
2013-10-24,143.8179,0.0034868626848952133
2013-10-25,144.3349,0.003588377796505763
2013-10-28,144.6713,0.002327978790255799
2013-10-29,145.3525,0.00469755415017947
2013-10-30,144.696,-0.004526836864155897
2013-10-31,144.3513,-0.0023850778983571666
2013-11-01,144.4334,0.0005685896947578501
2013-11-04,145.1719,0.005100055839676167
2013-11-05,144.7616,-0.0028303060798207146
2013-11-06,145.3689,0.004186398099874376
2013-11-07,143.6045,-0.012211656340862184
2013-11-08,145.3853,0.012324466405290451
2013-11-11,145.5002,0.0007900016052763249
2013-11-12,145.1966,-0.0020887750424733683
2013-11-13,146.2962,0.007544647524197814
2013-11-14,147.1497,0.005817102278646019
2013-11-15,147.7406,0.0040075973394998
2013-11-18,147.2318,-0.0034498177091319172
2013-11-19,146.9199,-0.0021206752630792375
2013-11-20,146.5342,-0.0026286919971443405
2013-11-21,147.5846,0.007142722368063872
2013-11-22,148.3725,0.005324432908591607
2013-11-25,148.3068,-0.0004429024948756645
2013-11-26,148.3068,0.0
2013-11-27,148.6269,0.00215603768786555
2013-11-29,148.4955,-0.0008844840279044928
2013-12-02,148.1263,-0.0024893665311137405
2013-12-03,147.5764,-0.0037192804387596494
2013-12-04,147.4697,-0.0007232768347150528
2013-12-05,146.8871,-0.003958466464861055
2013-12-06,148.4955,0.010890390269449568
2013-12-09,148.8156,0.002153300860170239
2013-12-10,148.3807,-0.00292668724629399
2013-12-11,146.6819,-0.011514971880074547
2013-12-12,146.1075,-0.00392364434577518
2013-12-13,146.1075,0.0
2013-12-16,147.0676,0.00654969287796388
2013-12-17,146.5014,-0.003857360293841824
2013-12-18,149.0372,0.017160954488558228
2013-12-19,148.9141,-0.0008263095814938706
2013-12-20,149.8135,0.006021557550236832
2013-12-23,150.5479,0.004890118793500347
2013-12-24,151.2492,0.0046475016645089375
2013-12-26,151.6535,0.002669505686780406
2013-12-27,151.703,0.0003263487048361804
2013-12-30,151.6618,-0.00027162017645627156
2013-12-31,152.4044,0.004884472370926648
2014-01-02,151.0017,-0.009246419197155378
2014-01-03,150.9027,-0.0006558367718290743
2014-01-06,150.4901,-0.002737956963480731
2014-01-07,151.34,0.0056316599719891695
2014-01-08,151.4225,0.0005449816410018468
2014-01-09,151.5298,0.0007083623691697651
2014-01-10,151.9258,0.0026099384871373647
2014-01-13,149.9786,-0.012899626511952396
2014-01-14,151.5133,0.010180792623360243
2014-01-15,152.3714,0.005647551724359075
2014-01-16,152.1238,-0.001626298572667199
2014-01-17,151.4803,-0.004239079535684568
2014-01-21,151.9753,0.003262424150621411
2014-01-22,152.0661,0.000597287097740065
2014-01-23,150.8119,-0.008281929812186718
2014-01-24,147.7425,-0.02056247135079106
2014-01-27,146.9339,-0.0054880677890055875
2014-01-28,147.8251,0.006046992394749354
2014-01-29,146.4389,-0.009421541567253998
2014-01-30,147.759,0.00897429152165367
2014-01-31,147.099,-0.00447673864887514
2014-02-03,143.7656,-0.022921633959219232
2014-02-04,144.6814,0.0063498880360564145
2014-02-05,144.4421,-0.0016553483521311845
2014-02-06,146.2821,0.012658213995208391
2014-02-07,148.2789,0.013558010649722743
2014-02-10,148.5099,0.0015566628299084398
2014-02-11,150.1683,0.011105042437384959
2014-02-12,150.2509,0.0005498982893333562
2014-02-13,150.8944,0.004273691001851987
2014-02-14,151.7608,0.005725342678282882
2014-02-18,152.0166,0.001684128315406057
2014-02-19,151.0264,-0.0065350694393054585
2014-02-20,151.8681,0.005557724993727154
2014-02-21,151.7855,-0.0005440409864221601
2014-02-24,152.5199,0.004826739359874004
2014-02-25,152.5941,0.0004863755937958535
2014-02-26,152.4704,-0.0008109760839402799
2014-02-27,153.2872,0.005342807132199424
2014-02-28,153.8978,0.00397545976642247
2014-03-03,152.5364,-0.008885489655425302
2014-03-04,154.7889,0.014658997067830585
2014-03-05,154.8879,0.0006393763005340659
2014-03-06,155.2097,0.0020754763372274826
2014-03-07,155.2592,0.00031887252101203684
2014-03-10,155.2922,0.00021252520596732116
2014-03-11,154.4506,-0.005434199413661949
2014-03-12,154.4589,5.373742149075752e-05
2014-03-13,152.9159,-0.010039944466759062
2014-03-14,152.2724,-0.004217074859368495
2014-03-17,153.6998,0.00933032710277403
2014-03-18,154.8714,0.007593745819560214
2014-03-19,153.9803,-0.005770422974109403
2014-03-20,154.9127,0.006037060288579081
2014-03-21,154.2535,-0.004264379475884758
2014-03-24,153.6734,-0.0037677818096882327
2014-03-25,154.4441,0.005002647414217559
2014-03-26,153.1761,-0.008243978655725325
2014-03-27,153.0353,-0.00091962617931931
2014-03-28,153.6568,0.004052930288992211
2014-03-31,154.8916,0.008003973393713275
2014-04-01,156.0519,0.007463126809550523
2014-04-02,156.5491,0.003181054566481454
2014-04-03,156.3834,-0.001059014423150167
2014-04-04,154.585,-0.011566577504173812
2014-04-07,152.7535,-0.011918595820416598
2014-04-08,153.4248,0.004385033659636369
2014-04-09,155.0159,0.0103171475975809
2014-04-10,151.8584,-0.02057918459380833
2014-04-11,150.4993,-0.008990074694241887
2014-04-14,151.6181,0.007406426205996187
2014-04-15,152.7618,0.0075149862558915774
2014-04-16,154.3032,0.01003965249733769
2014-04-17,154.3612,0.00037581269937595136
2014-04-21,155.0408,0.0043929974139393846
2014-04-22,155.7535,0.004586321237321405
2014-04-23,155.4718,-0.0018102646341986996
2014-04-24,155.6872,0.0013845013925828974
2014-04-25,154.4193,-0.00817723630474276
2014-04-28,154.9248,0.0032682081212786806
2014-04-29,155.5463,0.004003598596829892
2014-04-30,156.1596,0.003935124689156571
2014-05-01,156.0933,-0.0004246557902030177
2014-05-02,155.8861,-0.001328293024889855
2014-05-05,156.1099,0.0014346340234168205
2014-05-06,154.8916,-0.007834728976551417
2014-05-07,155.7701,0.0056556848925824925
2014-05-08,155.5546,-0.001384406919326679
2014-05-09,155.795,0.0015442451043672677
2014-05-12,157.2784,0.009476442911644543
2014-05-13,157.4442,0.0010536263702591192
2014-05-14,156.69,-0.004801778661074187
2014-05-15,155.2977,-0.008925411116419575
2014-05-16,155.8613,0.0036225891994164567
2014-05-19,156.4497,0.0037680433681971993
2014-05-20,155.364,-0.0069638017030004004
2014-05-21,156.7314,0.008762761320749412
2014-05-22,157.1292,0.0025348846781656172
2014-05-23,157.7342,0.0038429410630961823
2014-05-27,158.7287,0.006285117615900102
2014-05-28,158.6375,-0.0005747304061390793
2014-05-29,159.3917,0.004742969600640606
2014-05-30,159.6569,0.0016624430326799336
2014-06-02,159.8226,0.0010373123462256665
2014-06-03,159.7646,-0.0003629682330003924
2014-06-04,160.1458,0.0023831684147718143
2014-06-05,161.1486,0.006242270367933789
2014-06-06,161.9525,0.004976161695886314
2014-06-09,162.11,0.0009720347920613911
2014-06-10,162.1017,-5.120111335789715e-05
2014-06-11,161.5464,-0.0034315081404741325
2014-06-12,160.4028,-0.007104256260493889
2014-06-13,160.8337,0.0026827602619222536
2014-06-16,161.0326,0.0012359170582205462
2014-06-17,161.4304,0.0024672610612473953
2014-06-18,162.6735,0.007671034478892866
2014-06-19,162.8144,0.0008657772457976783
2014-06-20,163.1613,0.0021283803115067284
2014-06-23,163.1113,-0.0003064921810254747
2014-06-24,162.1787,-0.005733976176363788
2014-06-25,162.8449,0.004099400369462217
2014-06-26,162.7116,-0.0008189055199284987
2014-06-27,163.0281,0.0019432700380079178
2014-06-30,163.0614,0.00020423840765030092
2014-07-01,164.1272,0.006514919955940469
2014-07-02,164.2272,0.0006090979934589175
2014-07-03,164.9433,0.004350943536493755
2014-07-07,164.5186,-0.0025781447581184665
2014-07-08,163.4611,-0.006448592181879058
2014-07-09,164.1689,0.004320734371971479
2014-07-10,163.4444,-0.004422904571093411
2014-07-11,163.4719,0.00016823878200537105
2014-07-14,164.5436,0.006534470556428577
2014-07-15,164.2272,-0.0019247457358083345
2014-07-16,164.8933,0.004047763110895401
2014-07-17,163.0031,-0.011529379024018115
2014-07-18,164.5852,0.009659150224233715
2014-07-21,164.2771,-0.0018737331104339678
2014-07-22,164.8933,0.00374396191021849
2014-07-23,165.393,0.0030258619946659585
2014-07-24,165.4596,0.0004025962068882469
2014-07-25,164.6519,-0.004893507871085494
2014-07-28,164.7101,0.00035341053676958377
2014-07-29,163.9274,-0.0047633120377237135
2014-07-30,164.0523,0.0007616325402925461
2014-07-31,160.7215,-0.020512225960028073
2014-08-01,160.3967,-0.0020229318099293588
2014-08-04,161.4542,0.006571389457125429
2014-08-05,159.8804,-0.009795475395415573
2014-08-06,159.9554,0.0004689906594238325
2014-08-07,159.0061,-0.005952460111627916
2014-08-08,160.8464,0.011507306069974157
2014-08-11,161.3793,0.0033076224884815834
2014-08-12,161.1878,-0.0011873499963142864
2014-08-13,162.2953,0.006847370556472971
2014-08-14,163.0114,0.004402621628664801
2014-08-15,163.0364,0.000153351748111649
2014-08-18,164.3104,0.007783833123926506
2014-08-19,165.1931,0.0053577707765957204
2014-08-20,165.6428,0.002718570003820955
2014-08-21,166.1424,0.0030115892909060274
2014-08-22,165.8843,-0.0015546945591259703
2014-08-25,166.6837,0.004807447136307067
2014-08-26,166.8336,0.0008989039554687163
2014-08-27,166.7753,-0.00034951106276534186
2014-08-28,166.667,-0.0006495876726390682
2014-08-29,167.0417,0.0022456720934694915
2014-09-02,167.0334,-4.9689426130179366e-05
2014-09-03,167.0084,-0.00014968186644119527
2014-09-04,166.742,-0.0015964029201268849
2014-09-05,167.4498,0.004235897220263084
2014-09-08,167.0417,-0.0024401230075647676
2014-09-09,166.0008,-0.006250874223512605
2014-09-10,166.6337,0.0038053825670431763
2014-09-11,166.7669,0.0007990387964925208
2014-09-12,165.8177,-0.005708036855644244
2014-09-15,165.7344,-0.0005024851403608775
2014-09-16,166.9918,0.007558202425245922
2014-09-17,167.1583,0.0009965582160809245
2014-09-18,168.066,0.005415491767057256
2014-09-19,167.9148,-0.0009000514922707732
2014-09-22,166.5762,-0.008003845520851156
2014-09-23,165.5472,-0.006196511853847009
2014-09-24,166.9527,0.008454188234643773
2014-09-25,164.3257,-0.01586010477415642
2014-09-26,165.6978,0.008315213346266493
2014-09-29,165.246,-0.0027303746477720372
2014-09-30,164.7691,-0.0028901727949177405
2014-10-01,162.6943,-0.012672120088303051
2014-10-02,162.5521,-0.0008744140384675071
2014-10-03,164.4094,0.011361092834795632
2014-10-06,164.2504,-0.0009675659292948619
2014-10-07,161.6319,-0.016070565077696757
2014-10-08,164.5767,0.018055195341451453
2014-10-09,161.2721,-0.020283722389163435
2014-10-10,159.1806,-0.01305359386001735
2014-10-13,156.8548,-0.01471887003346019
2014-10-14,157.223,0.00234464307045601
2014-10-15,155.8258,-0.008926463079230259
2014-10-16,155.3741,-0.0029029592696704328
2014-10-17,157.6245,0.014379864817958131
2014-10-20,159.2392,0.010191852061739655
2014-10-21,162.4434,0.01992215914812529
2014-10-22,161.3892,-0.006510794305439012
2014-10-23,163.2047,0.01118640203609847
2014-10-24,164.3425,0.0069474236170143245
2014-10-27,164.0747,-0.0016308528259494444
2014-10-28,166.0073,0.011709951367250433
2014-10-29,165.6308,-0.0022705482979809523
2014-10-30,166.8523,0.00734777494378782
2014-10-31,168.7012,0.011020112806302525
2014-11-03,168.8016,0.000594958044564871
2014-11-04,168.149,-0.003873569692392974
2014-11-05,169.3872,0.007336727462731964
2014-11-06,170.0063,0.0036482766268707504
2014-11-07,170.1067,0.0005903920339197196
2014-11-10,170.6253,0.0030440369583868867
2014-11-11,170.8261,0.0011761558051769712
2014-11-12,170.6839,-0.0008327721485056384
2014-11-13,170.7508,0.00039187581611443636
2014-11-14,170.8512,0.0005878185894166335
2014-11-17,171.0018,0.0008810805214088416
2014-11-18,171.9723,0.005659334569395164
2014-11-19,171.6878,-0.0016557061177199558
2014-11-20,172.0141,0.0018987389830062405
2014-11-21,172.9176,0.005238730254863265
2014-11-24,173.4112,0.00285047235006872
2014-11-25,173.361,-0.0002895272478629915
2014-11-26,173.612,0.0014467987064314567
2014-11-28,173.1017,-0.0029436412145241245
2014-12-01,172.1563,-0.005476497939922622
2014-12-02,173.2105,0.006104832740600008
2014-12-03,173.9048,0.004000405202079182
2014-12-04,173.7124,-0.001106964900740135
2014-12-05,174.0973,0.00221328017661869
2014-12-08,172.8256,-0.007331344780090844
2014-12-09,172.7001,-0.0007264293539893969
2014-12-10,170.023,-0.015622842174775697
2014-12-11,170.617,0.0034875563766486816
2014-12-12,167.7725,-0.016812383368805875
2014-12-15,166.9192,-0.005099032027534332
2014-12-16,165.7563,-0.006991225603373535
2014-12-17,169.0191,0.01949308889510791
2014-12-18,173.0431,0.023528970128768548
2014-12-19,173.6407,0.003447525335157635
2014-12-22,174.5828,0.005410905918516211
2014-12-23,174.8183,0.0013480211462516727
2014-12-24,174.8856,0.000384897056228912
2014-12-26,175.3231,0.0024985114738343295
2014-12-29,175.6259,0.001725607282755052
2014-12-30,174.6838,-0.005378682184720759
2014-12-31,172.9172,-0.010164615235927935
2015-01-02,172.4209,-0.00287428662914877
2015-01-05,169.7207,-0.015784435814369384
2015-01-06,168.0214,-0.010062792522497883
2015-01-07,170.116,0.01238920505114315
2015-01-08,173.2116,0.01803341118696126
2015-01-09,171.6638,-0.008976055654409731
2015-01-12,170.4525,-0.007081247292929964
2015-01-13,169.9226,-0.0031136262793626515
2015-01-14,168.9972,-0.005460892516292836
2015-01-15,167.6429,-0.008046024857247407
2015-01-16,169.5777,0.011475106982486934
2015-01-20,169.8721,0.0017345720858542937
2015-01-21,170.8226,0.005579790152741321
2015-01-22,173.2874,0.014325896686339244
2015-01-23,172.4041,-0.005110347939298849
2015-01-26,172.8499,0.0025824479818031074
2015-01-27,170.6712,-0.012684689312541885
2015-01-28,168.299,-0.01399673911016078
2015-01-29,169.8468,0.009154694867578481
2015-01-30,167.7018,-0.01270945205188478
2015-02-02,169.8805,0.012907846470646831
2015-02-03,172.2611,0.013916100341879066
2015-02-04,171.3526,-0.005287927209937301
2015-02-05,173.3631,0.01166481710581091
2015-02-06,172.8331,-0.003061849980208527
2015-02-09,172.076,-0.004390149265364195
2015-02-10,173.9351,0.01074600144428675
2015-02-11,174.0865,0.0008700609936331217
2015-02-12,175.7184,0.00933041154627729
2015-02-13,176.5007,0.0044421286999745836
2015-02-17,176.7699,0.0015240444696284251
2015-02-18,176.6942,-0.0004283320493220332
2015-02-19,176.6942,0.0
2015-02-20,177.6616,0.005460062475995139
2015-02-23,177.6784,9.455732544906513e-05
2015-02-24,178.1916,0.0028842012856348767
2015-02-25,178.0233,-0.0009449352765589032
2015-02-26,177.8298,-0.0010875275166707555
2015-02-27,177.3083,-0.002936887790082409
2015-03-02,178.3514,0.00586573621253531
2015-03-03,177.5522,-0.004491111319621087
2015-03-04,176.8204,-0.0041301220255052645
2015-03-05,177.0559,0.001330973759845054
2015-03-06,174.5155,-0.014451939009824178
2015-03-09,175.281,0.0043768375157432465
2015-03-10,172.4293,-0.01640310304299495
2015-03-11,171.9667,-0.002686443966913702
2015-03-12,174.2211,0.013024328808367366
2015-03-13,173.0939,-0.006490960411440406
2015-03-16,175.4745,0.01365951138826051
2015-03-17,174.8604,-0.003505791909228284
2015-03-18,177.0139,0.012240319269422482
2015-03-19,176.2063,-0.004572792876917997
2015-03-20,177.7701,0.008835674772092201
2015-03-23,177.3983,-0.0020936554930682996
2015-03-24,176.435,-0.005444950376070594
2015-03-25,173.934,-0.014276619676571324
2015-03-26,173.427,-0.002919155345775563
2015-03-27,173.7819,0.002044303147754136
2015-03-30,175.9365,0.012322069765951987
2015-03-31,174.348,-0.009069832604064526
2015-04-01,173.9002,-0.00257173043136959
2015-04-02,174.3564,0.0026199087738374162
2015-04-06,175.5563,0.006858308962461313
2015-04-07,175.2014,-0.0020236198441870986
2015-04-08,175.7422,0.0030819791446258485
2015-04-09,176.4857,0.004221704778469478
2015-04-10,177.4574,0.005490726849822289
2015-04-13,176.6378,-0.004629271809836673
2015-04-14,177.0096,0.0021026600901511965
2015-04-15,177.8799,0.004904635074413096
2015-04-16,177.8208,-0.00033230185121276864
2015-04-17,175.7675,-0.011614202623221824
2015-04-20,177.28,0.008568304567764433
2015-04-21,177.0772,-0.0011446078823353848
2015-04-22,177.8883,0.004570029547451562
2015-04-23,178.4038,0.002893695143453068
2015-04-24,178.8431,0.002459364777830501
2015-04-27,178.1925,-0.003644458536402748
2015-04-28,178.6911,0.002794190175180634
2015-04-29,177.939,-0.004217821855133761
2015-04-30,176.3252,-0.009110777566257845
2015-05-01,177.9306,0.009063569262982895
2015-05-04,178.5728,0.0036027745858544435
2015-05-05,176.5787,-0.01122969186736983
2015-05-06,175.7844,-0.0045084252318395735
2015-05-07,176.4942,0.004029770531275905
2015-05-08,178.6742,0.012276021049303662
2015-05-11,177.9982,-0.003790597811508532
2015-05-12,177.3898,-0.0034238668404621246
2015-05-13,177.4574,0.00038100906991953313
2015-05-14,179.3839,0.01079762189689358
2015-05-15,179.4938,0.0006124649340730997
2015-05-18,180.0599,0.003148906367916152
2015-05-19,179.95,-0.0006105387847047862
2015-05-20,179.8486,-0.0005636486783692455
2015-05-21,180.3725,0.002908771137453564
2015-05-22,179.9331,-0.0024390418457541896
2015-05-26,178.1165,-0.010147284552302403
2015-05-27,179.6374,0.00850254413750244
2015-05-28,179.4769,-0.0008938658844083134
2015-05-29,178.2939,-0.006613196557554179
2015-06-01,178.7755,0.002697516460575872
2015-06-02,178.5305,-0.0013713737714840255
2015-06-03,179.2234,0.003873617402400877
2015-06-04,177.7109,-0.008474999757715204
2015-06-05,177.2039,-0.002857025657254217
2015-06-08,176.1308,-0.006074146124656422
2015-06-09,176.1477,9.594681488065467e-05
2015-06-10,178.4291,0.012868475787417366
2015-06-11,178.7924,0.0020340328074118165
2015-06-12,177.356,-0.008066344188999831
2015-06-15,176.5787,-0.004392342710011659
2015-06-16,177.6771,0.006201188631990279
2015-06-17,177.8799,0.0011407454894263383
2015-06-18,179.7895,0.010678118646443505
2015-06-19,178.7621,-0.005730850521244225
2015-06-22,179.8744,0.006202957961423296
2015-06-23,180.0187,0.0008019048308105788
2015-06-24,178.7282,-0.00719451828835013
2015-06-25,178.0744,-0.0036647756027708214
2015-06-26,178.1763,0.000572069066974426
2015-06-29,174.5593,-0.02050899756464866
2015-06-30,174.8564,0.0017005536476934805
2015-07-01,176.2659,0.008028584747487763
2015-07-02,176.1215,-0.0008195526178426332
2015-07-06,175.4508,-0.0038154360491180223
2015-07-07,176.7074,0.007136595617081916
2015-07-08,173.6083,-0.01769364519628442
2015-07-09,173.9734,0.00210080182171092
2015-07-10,176.2319,0.012898327418464368
2015-07-13,178.1678,0.01092506147846397
2015-07-14,179.0084,0.004706929252116889
2015-07-15,178.7876,-0.0012342230099208777
2015-07-16,180.2395,0.008088012937054393
2015-07-17,180.4178,0.0009887503429205531
2015-07-20,180.5197,0.0005646407076421865
2015-07-21,179.8999,-0.0034393279997344144
2015-07-22,179.3395,-0.0031199275723949897
2015-07-23,178.5074,-0.004650600576542484
2015-07-24,176.7753,-0.009750622381612097
2015-07-27,175.5866,-0.0067470660671270655
2015-07-28,177.7602,0.012303082508911059
2015-07-29,178.8725,0.006237810535356985
2015-07-30,179.0763,0.0011387104637402344
2015-07-31,178.7876,-0.001613462898214422
2015-08-03,178.0574,-0.004092538884774774
2015-08-04,177.6753,-0.0021482430316225854
2015-08-05,178.448,0.004339515064497475
2015-08-06,176.8857,-0.00879348098476294
2015-08-07,176.597,-0.0016334607843173565
2015-08-10,178.8131,0.012470825791713802
2015-08-11,177.1489,-0.009350504409651541
2015-08-12,177.3866,0.0013409096444003798
2015-08-13,177.2508,-0.0007658527083581752
2015-08-14,177.8282,0.0032522368764814217
2015-08-17,178.8301,0.005618277412394251
2015-08-18,178.2782,-0.003090941540146767
2015-08-19,176.7583,-0.008561988894178035
2015-08-20,172.9291,-0.02190157874944088
2015-08-21,168.2422,-0.027477076040069288
2015-08-24,160.9827,-0.044107702071464
2015-08-25,159.2421,-0.010871220108325575
2015-08-26,165.3809,0.03782561260509179
2015-08-27,169.2696,0.0232414118181088
2015-08-28,169.1932,-0.00045145287043418114
2015-08-31,167.563,-0.00968185728628833
2015-09-01,162.961,-0.02784849157800347
2015-09-02,165.9243,0.018020751874616162
2015-09-03,165.9497,0.0001530701413765505
2015-09-04,163.6997,-0.013651078636161476
2015-09-08,167.6394,0.023781592197635995
2015-09-09,165.4148,-0.013358985317540619
2015-09-10,166.196,0.004711556108177421
2015-09-11,167.0875,0.005349812554556262
2015-09-14,166.4252,-0.003971668069019657
2015-09-15,168.7177,0.013680944795924271
2015-09-16,169.9828,0.007470351436492969
2015-09-17,169.4903,-0.00290155741666255
2015-09-18,166.9721,-0.014968965452891605
2015-09-21,167.9365,0.005759199170342303
2015-09-22,165.7943,-0.012838068421148123
2015-09-23,165.2652,-0.0031964069932157667
2015-09-24,164.7104,-0.003362676045062099
2015-09-25,164.5568,-0.0009329809415683697
2015-09-28,160.4602,-0.025209862619497547
2015-09-29,160.6223,0.0010097094283988617
2015-09-30,163.4132,0.017226316347152007
2015-10-01,164.0106,0.0036490973650072905
2015-10-02,166.204,0.013284889638577654
2015-10-05,169.4557,0.01937558620825537
2015-10-06,168.6449,-0.004796214820566174
2015-10-07,170.2921,0.009719876958764041
2015-10-08,171.6918,0.00818581117917128
2015-10-09,171.871,0.0010431863767033044
2015-10-12,172.0161,0.0008438816612248015
2015-10-13,170.992,-0.0059713053014329625
2015-10-14,170.1214,-0.0051044719459007945
2015-10-15,172.5794,0.014345120588966824
2015-10-16,173.4158,0.0048347585702299455
2015-10-19,173.578,0.0009348870891281201
2015-10-20,173.2878,-0.0016732699949622047
2015-10-21,172.2978,-0.005729421064798162
2015-10-22,175.1227,0.01626249606963289
2015-10-23,177.0857,0.011146925092254702
2015-10-26,176.659,-0.0024124754770931123
2015-10-27,176.292,-0.0020796095337089
2015-10-28,178.3232,0.011455923007244656
2015-10-29,178.1525,-0.0009577091119942955
2015-10-30,177.4527,-0.003935830541113506
2015-11-02,179.5437,0.011714537806778008
2015-11-03,179.9363,0.0021842670306662128
2015-11-04,179.5437,-0.002184267030666104
2015-11-05,179.2364,-0.0017130274234646759
2015-11-06,179.2108,-0.0001428383318018745
2015-11-09,177.6661,-0.008656820582723693
2015-11-10,177.905,0.001343753954964243
2015-11-11,177.2223,-0.003844823200076628
2015-11-12,174.9179,-0.013088155769672285
2015-11-13,172.7842,-0.012273303980111517
2015-11-16,175.5921,0.016120274574201225
2015-11-17,175.43,-0.0009235886374265758
2015-11-18,178.1781,0.015543508920434138
2015-11-19,177.9818,-0.0011023139880539509
2015-11-20,178.7244,0.0041636566609240065
2015-11-23,178.4171,-0.0017208869640624328
2015-11-24,178.6475,0.001290522958459727
2015-11-25,178.6732,0.00014384836951401145
2015-11-27,178.767,0.0005248430487289855
2015-11-30,178.144,-0.0034910699459407475
2015-12-01,179.7827,0.009156687387149857
2015-12-02,178.1355,-0.009204402734238865
2015-12-03,175.686,-0.013846185910578544
2015-12-04,178.8097,0.01762380108375965
2015-12-07,178.0245,-0.004400930557243715
2015-12-08,176.659,-0.007699860559946472
2015-12-09,175.2081,-0.008246910399702267
2015-12-10,175.7116,0.0028696043311974783
2015-12-11,172.3319,-0.01942174605046346
2015-12-14,173.2707,0.005432842861233335
2015-12-15,174.8326,0.00897383323625634
2015-12-16,177.6063,0.015740358213371
2015-12-17,174.6704,-0.016668533431579282
2015-12-18,171.9049,-0.015959352543031727
2015-12-21,173.0553,0.006669779671495996
2015-12-22,174.6436,0.009136129264622655
2015-12-23,176.9016,0.012846319919436305
2015-12-24,176.4208,-0.0027215953292347213
2015-12-28,176.2062,-0.0012171502834063285
2015-12-29,178.198,0.011240391458975312
2015-12-30,176.747,-0.00817596012241708
2015-12-31,174.884,-0.0105964345130224
2016-01-04,172.6346,-0.012945674935104864
2016-01-05,173.0725,0.0025333597961989082
2016-01-06,170.8317,-0.013031720531687253
2016-01-07,166.5905,-0.025140156025381076
2016-01-08,164.5472,-0.012341246157710532
2016-01-11,164.822,0.0016686445712723681
2016-01-12,166.2729,0.008764310699663862
2016-01-13,162.0832,-0.025520630768882318
2016-01-14,164.9507,0.0175368577337012
2016-01-15,161.5595,-0.020773145510829854
2016-01-19,161.302,-0.0015951115546337536
2016-01-20,159.5505,-0.010917897777144069
2016-01-21,160.1944,0.004027591185460118
2016-01-22,163.4826,0.02031848493708084
2016-01-25,160.9929,-0.015346298022559896
2016-01-26,163.165,0.013401694112515685
2016-01-27,161.4222,-0.010738665900088576
2016-01-28,162.3665,0.005832832814990284
2016-01-29,166.1699,0.023154633259004943
2016-02-01,166.4103,0.00144566659030621
2016-02-02,163.4998,-0.017644658414933734
2016-02-03,164.1609,0.004035277328546859
2016-02-04,164.3583,0.0012017563890173008
2016-02-05,161.405,-0.01813206652219783
2016-02-08,159.2329,-0.013548823939479081
2016-02-09,159.2586,0.00016138578301635716
2016-02-10,158.9238,-0.002104454071384664
2016-02-11,157.1123,-0.011464005785530735
2016-02-12,160.1515,0.01915940595351634
2016-02-16,162.9589,0.017377779542564795
2016-02-17,165.5345,0.015681610533977538
2016-02-18,164.9164,-0.003740953472029831
2016-02-19,164.8391,-0.0004688322191193912
2016-02-22,167.1143,0.013708162822439716
2016-02-23,165.1997,-0.011522964333707345
2016-02-24,166.0497,0.005132096031790643
2016-02-25,167.9213,0.011208276127821068
2016-02-26,167.5092,-0.0024571421342986823
2016-02-29,166.2214,-0.007717640468007483
2016-03-01,170.1792,0.023531364843533027
2016-03-02,170.8661,0.004028209324860536
2016-03-03,171.467,0.0035106194355537593
2016-03-04,172.0079,0.0031495777253981987
2016-03-07,172.2741,0.0015464070328897617
2016-03-08,170.5656,-0.009966839565014266
2016-03-09,171.2782,0.004169161659186963
2016-03-10,171.3297,0.0003006352182066418
2016-03-11,173.931,0.015068898506444276
2016-03-14,173.9568,0.00014832368394227096
2016-03-15,173.5104,-0.0025694525733512617
2016-03-16,174.5148,0.005772011846025859
2016-03-17,175.8026,0.007352222875692983
2016-03-18,176.3728,0.003238161996806673
2016-03-21,176.6231,0.0014181470206821888
2016-03-22,176.5454,-0.00044001659974569164
2016-03-23,175.4753,-0.006079774832744407
2016-03-24,175.3545,-0.0006886530435787084
2016-03-28,175.4063,0.00029535797829493724
2016-03-29,177.0459,0.009304023794592052
2016-03-30,177.8226,0.004377403123906081
2016-03-31,177.3739,-0.0025264902028972365
2016-04-01,178.5043,0.0063527566548081445
2016-04-04,177.9521,-0.0030982776111122034
2016-04-05,176.2779,-0.00945268591735302
2016-04-06,178.0383,0.009936968649048623
2016-04-07,176.0967,-0.010965419712044852
2016-04-08,176.4419,0.001958367738035174
2016-04-11,176.0104,-0.002448559510527487
2016-04-12,177.6673,0.009369616017892535
2016-04-13,179.4709,0.010100377574973937
2016-04-14,179.5054,0.0001922132469815666
2016-04-15,179.3846,-0.0006731867957425734
2016-04-18,180.4805,0.006090634450378255
2016-04-19,181.1278,0.003580120762628949
2016-04-20,181.3435,0.001190163334097888
2016-04-21,180.5409,-0.004435677890205272
2016-04-22,180.2734,-0.0014827574683695963
2016-04-25,180.0059,-0.001484959303270903
2016-04-26,180.5151,0.0028248026528115973
2016-04-27,180.5409,0.00014291411882865352
2016-04-28,178.9962,-0.008592768337312772
2016-04-29,178.2886,-0.00396099092463073
2016-05-02,179.4018,0.006224397378671743
2016-05-03,177.9089,-0.008356361493074404
2016-05-04,177.0028,-0.005106069868356452
2016-05-05,176.7698,-0.0013172305242960185
2016-05-06,177.6328,0.00487017705718713
2016-05-09,177.7622,0.0007282038617210916
2016-05-10,179.7902,0.01134391349414759
2016-05-11,178.1937,-0.008919454670101854
2016-05-12,178.1764,-9.709007581500193e-05
2016-05-13,176.7612,-0.007974401694835206
2016-05-16,178.4785,0.009668476680203191
2016-05-17,176.7612,-0.00966847668020321
2016-05-18,176.7094,-0.00029309368513718925
2016-05-19,176.2434,-0.0026405812378989166
2016-05-20,177.3652,0.006344889594960899
2016-05-23,177.0459,-0.0018018627880984823
2016-05-24,179.4018,0.013218962029596649
2016-05-25,180.6272,0.006807255704140413
2016-05-26,180.6963,0.00038248273827986163
2016-05-27,181.4557,0.004193825316650083
2016-05-31,181.0846,-0.0020472213964089127
2016-06-01,181.4643,0.00209461476134658
2016-06-02,182.008,0.0029917020115274
2016-06-03,181.473,-0.0029437598463012836
2016-06-06,182.4136,0.005169753955764908
2016-06-07,182.6811,0.0014653734927805174
2016-06-08,183.2248,0.0029718045002609323
2016-06-09,183.0263,-0.0010839558949354044
2016-06-10,181.3867,-0.008998642002044123
2016-06-13,179.98,-0.007785482754435819
2016-06-14,179.5744,-0.0022561268728495763
2016-06-15,179.2638,-0.0017311427689058248
2016-06-16,179.7815,0.0028837606773812973
2016-06-17,179.2696,-0.002851406648437371
2016-06-20,180.2758,0.0055970824646647144
2016-06-21,180.831,0.003074992979795334
2016-06-22,180.5014,-0.0018243594619079446
2016-06-23,182.8782,0.013081823502834359
2016-06-24,176.3809,-0.03617449641201659
2016-06-27,172.9024,-0.019918587617468234
2016-06-28,176.2421,0.019131344543882725
2016-06-29,179.3563,0.017515712215530083
2016-06-30,181.4382,0.011540769646951105
2016-07-01,182.1062,0.0036749335255104117
2016-07-05,180.831,-0.007027139943315992
2016-07-06,181.8112,0.00540589256896198
2016-07-07,181.7158,-0.000524857863047513
2016-07-08,184.4049,0.01468995529419363
2016-07-11,185.1336,0.003943843169305908
2016-07-12,186.4782,0.007236615564398275
2016-07-13,186.4782,0.0
2016-07-14,187.4497,0.005196200582596534
2016-07-15,187.2936,-0.0008331036687171633
2016-07-18,187.71,0.0022207795932390356
2016-07-19,187.5538,-0.0008324810920791058
2016-07-20,188.3172,0.00406203750586863
2016-07-21,187.5798,-0.0039234202236969815
2016-07-22,188.4039,0.004383707696475697
2016-07-25,187.8574,-0.0029048981880424223
2016-07-26,187.9875,0.0006923068808238355
2016-07-27,187.8054,-0.0009691509033469656
2016-07-28,188.083,0.0014770344095130937
2016-07-29,188.456,0.0019812031264076642
2016-08-01,188.161,-0.0015665785683154471
2016-08-02,187.0941,-0.005686280478221117
2016-08-03,187.3977,0.0016213976728564653
2016-08-04,187.6926,0.0015724216849220731
2016-08-05,189.2714,0.008376445662416477
2016-08-08,189.0632,-0.001100613166318487
2016-08-09,189.2887,0.0011920121278681283
2016-08-10,188.7856,-0.0026613832093485743
2016-08-11,189.6617,0.004629979207449583
2016-08-12,189.5403,-0.0006402920034576474
2016-08-15,190.0608,0.0027423541512493856
2016-08-16,189.1673,-0.0047122122719415165
2016-08-17,189.4883,0.001695472492133994
2016-08-18,189.8439,0.001874874340568518
2016-08-19,189.5837,-0.0013715398710530255
2016-08-22,189.5576,-0.00013767954080028287
2016-08-23,189.9567,0.0021032153313786618
2016-08-24,189.0979,-0.00453128108426955
2016-08-25,188.8637,-0.0012392794928054905
2016-08-26,188.4907,-0.0019769220736820096
2016-08-29,189.3842,0.004729087140772161
2016-08-30,189.0892,-0.0015588945471001663
2016-08-31,188.6208,-0.0024802109560850636
2016-09-01,188.4993,-0.0006443570852036745
2016-09-02,189.4189,0.004866671226845548
2016-09-06,190.0261,0.0032004665671968562
2016-09-07,190.0001,-0.00013683267122413287
2016-09-08,189.6184,-0.002010966950412072
2016-09-09,185.0642,-0.024310839620324945
2016-09-12,187.7186,0.014241241076961422
2016-09-13,185.0729,-0.014194231468891205
2016-09-14,184.8734,-0.0010785350162379503
2016-09-15,186.6864,0.00975893726220581
2016-09-16,186.1368,-0.002948316510987795
2016-09-19,186.1542,9.347526538473419e-05
2016-09-20,186.1629,4.673435628716599e-05
2016-09-21,188.1856,0.010806613007345074
2016-09-22,189.2754,0.005774387436839281
2016-09-23,188.4559,-0.004339070051980851
2016-09-26,186.8604,-0.008502213259756069
2016-09-27,187.9676,0.005907793549529924
2016-09-28,188.8569,0.004719977872983302
2016-09-29,187.3486,-0.008018532858089405
2016-09-30,188.6302,0.006817432066809827
2016-10-03,188.1769,-0.002406006779991703
2016-10-04,187.0958,-0.005761692714554922
2016-10-05,187.9851,0.004741919230674735
2016-10-06,188.2466,0.0013901010579907668
2016-10-07,187.4881,-0.004037428698217314
2016-10-10,188.3948,0.004824384182390682
2016-10-11,186.2501,-0.011449366739818853
2016-10-12,186.2676,9.395526716102909e-05
2016-10-13,185.727,-0.0029064958500453013
2016-10-14,185.7881,0.0003289233764702069
2016-10-17,185.3173,-0.0025372859170311353
2016-10-18,186.2937,0.005254969561802538
2016-10-19,186.7645,0.0025240042971297577
2016-10-20,186.5727,-0.0010274894485422946
2016-10-21,186.5117,-0.0003270037586324797
2016-10-24,187.3399,0.004430642291420023
2016-10-25,186.6948,-0.0034494160014664054
2016-10-26,186.3547,-0.0018233510256678207
2016-10-27,185.7881,-0.003045069999012194
2016-10-28,185.5439,-0.0013152652354437883
2016-10-31,185.1778,-0.0019750671137387732
2016-11-01,184.1577,-0.005523988860975693
2016-11-02,182.6843,-0.0080329292880784
2016-11-03,182.0392,-0.0035374779673821104
2016-11-04,181.952,-0.00047913247170917856
2016-11-07,185.8927,0.021426709503955192
2016-11-08,186.7471,0.00458566957807035
2016-11-09,188.639,0.010079840561820647
2016-11-10,189.04,0.002123497206271763
2016-11-11,188.8656,-0.0009229818895558873
2016-11-14,188.7349,-0.0006922660601330048
2016-11-15,190.3042,0.008280459544726337
2016-11-16,189.9554,-0.0018345367103136318
2016-11-17,190.8621,0.004761869994499932
2016-11-18,190.4698,-0.002057525942085217
2016-11-21,191.8822,0.0073879902516144035
2016-11-22,192.3966,0.0026772244903863394
2016-11-23,192.3791,-9.09620852464093e-05
2016-11-25,193.2597,0.0045669757844662645
2016-11-28,192.2658,-0.005156090592835107
2016-11-29,192.5709,0.0015856079418740177
2016-11-30,192.2222,-0.0018124030573882248
2016-12-01,191.394,-0.004317863983548291
2016-12-02,191.577,0.0009556860124048638
2016-12-05,192.6232,0.0054461324376595685
2016-12-06,193.2771,0.003388961479635668
2016-12-07,195.7357,0.01264036934493715
2016-12-08,196.3721,0.0032460489630825582
2016-12-09,197.4445,0.005446203388659281
2016-12-12,197.2091,-0.001192945043029292
2016-12-13,198.5604,0.006828748810235938
2016-12-14,197.0609,-0.007580517937887961
2016-12-15,197.8107,0.003797694750216212
2016-12-16,197.4866,-0.0016397788329037854
2016-12-19,197.7585,0.0013758553509795146
2016-12-20,198.4337,0.003408450008251687
2016-12-21,198.0391,-0.001990553350916893
2016-12-22,197.6971,-0.001728424567387774
2016-12-23,197.9602,0.0013299390092363793
2016-12-27,198.3548,0.001991345926333838
2016-12-28,196.7938,-0.007900866257772058
2016-12-29,196.7236,-0.0003567821943561667
2016-12-30,195.8642,-0.004378135911269457
2017-01-03,197.4954,0.008293730979469808
2017-01-04,198.688,0.0060204622517889385
2017-01-05,198.4688,-0.001103846250435615
2017-01-06,199.337,0.0043649508301253645
2017-01-09,198.6267,-0.003569676099879529
2017-01-10,198.6354,4.3799798679035375e-05
2017-01-11,199.1528,0.002601385821798811
2017-01-12,198.6354,-0.002601385821798832
2017-01-13,199.109,0.002381430002904945
2017-01-17,198.4425,-0.003353027843907087
2017-01-18,198.8459,0.0020307672644640454
2017-01-19,198.2934,-0.0027824008172609815
2017-01-20,198.8196,0.002650128844769871
2017-01-23,198.4074,-0.0020753883696404316
2017-01-24,199.565,0.005817505257927429
2017-01-25,201.2751,0.008532631218383662
2017-01-26,201.1348,-0.0006972989764157865
2017-01-27,200.8191,-0.0015708272262853597
2017-01-30,199.6001,-0.00608863793666944
2017-01-31,199.6703,0.0003516413975258073
2017-02-01,199.6176,-0.00026396993400505024
2017-02-02,199.7755,0.0007906997302991197
2017-02-03,201.0997,0.006606568909304772
2017-02-06,200.7928,-0.0015272743813602397
2017-02-07,200.8279,0.00017479178782048443
2017-02-08,201.0559,0.0011346564577198069
2017-02-09,202.1872,0.005611022076320158
2017-02-10,202.9589,0.003809494566322132
2017-02-13,204.1253,0.0057305254880513894
2017-02-14,204.9584,0.004073010739464397
2017-02-15,206.081,0.005462263671982461
2017-02-16,205.9143,-0.000809232576667964
2017-02-17,206.1248,0.0010217477822515152
2017-02-21,207.3263,0.0058120700718246755
2017-02-22,207.2035,-0.0005924785315420953
2017-02-23,207.3438,0.0006768829774396009
2017-02-24,207.5894,0.0011838051458977724
2017-02-27,207.8612,0.001308459002241098
2017-02-28,207.4227,-0.0021118091164441374
2017-03-01,210.194,0.01327217364819064
2017-03-02,208.8873,-0.0062360417160103095
2017-03-03,209.0715,0.0008814266474379989
2017-03-06,208.5102,-0.002688337817727056
2017-03-07,207.8525,-0.003159267374528377
2017-03-08,207.5017,-0.0016891611227739668
2017-03-09,207.7034,0.000971568103889594
2017-03-10,208.2208,0.002487954617156787
2017-03-13,208.4927,0.00130497350619147
2017-03-14,207.7648,-0.0034973579668499807
2017-03-15,209.4047,0.00786207259706923
2017-03-16,209.1855,-0.001047325140610143
2017-03-17,209.0447,-0.0006733134303515084
2017-03-20,208.5339,-0.002446486744168124
2017-03-21,205.8827,-0.012795028816449902
2017-03-22,206.3143,0.002094145070098943
2017-03-23,205.962,-0.0017090484500380016
2017-03-24,206.1646,0.0009831931077518236
2017-03-27,205.8387,-0.001582026493341683
2017-03-28,207.1422,0.006312661571856578
2017-03-29,207.4681,0.0015720789720852805
2017-03-30,208.1199,0.0031367630173966357
2017-03-31,207.6795,-0.002118329967213539
2017-04-03,207.4681,-0.0010184330501831682
2017-04-04,207.4769,4.241525986007474e-05
2017-04-05,206.7283,-0.003614637455424267
2017-04-06,207.1687,0.0021280664812842456
2017-04-07,207.1863,8.495130991807573e-05
2017-04-10,207.2215,0.00016988097272620416
2017-04-11,206.9397,-0.0013608230007415934
2017-04-12,206.3407,-0.002898760354666101
2017-04-13,204.8346,-0.007325861917323099
2017-04-17,206.5609,0.008392459968168864
2017-04-18,205.962,-0.0029035984221545724
2017-04-19,205.5833,-0.0018403811531227674
2017-04-20,207.3008,0.008319573974536497
2017-04-21,206.6754,-0.0030214320329317586
2017-04-24,208.7981,0.010218309807526953
2017-04-25,210.0048,0.005762631248881658
2017-04-26,209.9784,-0.00012571931465242325
2017-04-27,210.1281,0.000712676458641512
2017-04-28,209.8286,-0.0014263377666136469
2017-05-01,210.1545,0.0015519675216152757
2017-05-02,210.2866,0.0006283876830634802
2017-05-03,210.1281,-0.0007540174380652688
2017-05-04,210.1721,0.000209374157617608
2017-05-05,211.1322,0.0045577586652958005
2017-05-08,211.0793,-0.00025058531222784243
2017-05-09,210.9032,-0.0008346318163561404
2017-05-10,211.2291,0.0015440659942357207
2017-05-11,210.9384,-0.001377178707245993
2017-05-12,210.5597,-0.0017969243605125693
2017-05-15,211.5638,0.00475738448009193
2017-05-16,211.4669,-0.0004581227872810266
2017-05-17,208.023,-0.016419834545494175
2017-05-18,208.5779,0.002663942051771759
2017-05-19,209.9167,0.006398192794779688
2017-05-22,211.0265,0.005272932649291545
2017-05-23,211.4405,0.001959917023218173
2017-05-24,211.8544,0.0019556112389280773
2017-05-25,212.9026,0.004935537861904365
2017-05-26,212.9026,0.0
2017-05-30,212.7264,-0.0008279511502527886
2017-05-31,212.7,-0.00012411077466708995
2017-06-01,214.2325,0.007179151655635185
2017-06-02,215.0429,0.0037756692451198872
2017-06-05,214.8403,-0.0009425816826531252
2017-06-06,214.2942,-0.002545124173364666
2017-06-07,214.6025,0.0014376424584284463
2017-06-08,214.6289,0.00012301057207506026
2017-06-09,214.3999,-0.0010675275028046909
2017-06-12,214.3294,-0.000328878854957883
2017-06-13,215.3776,0.004878682819056838
2017-06-14,215.1662,-0.0009820139878389325
2017-06-15,214.7874,-0.0017620510585744775
2017-06-16,214.7524,-0.00016296510859975253
2017-06-19,216.5402,0.008290474911495788
2017-06-20,215.2038,-0.006190725374915517
2017-06-21,215.0091,-0.0009051333109379165
2017-06-22,214.9117,-0.0004531067194999158
2017-06-23,215.2569,0.0016049524493384531
2017-06-26,215.2481,-4.088221972444601e-05
2017-06-27,213.6903,-0.007263545763233467
2017-06-28,215.5047,0.008454948490516563
2017-06-29,213.8231,-0.007833681394460815
2017-06-30,214.0886,0.0012409103750580517
2017-07-03,214.0355,-0.000248058916899511
2017-07-05,214.8498,0.003797290224109241
2017-07-06,213.0177,-0.008563918490082359
2017-07-07,214.2391,0.005717420189369715
2017-07-10,214.5223,0.001321014630439474
2017-07-11,214.3718,-0.0007018049731957316
2017-07-12,215.8676,0.006953366087510235
2017-07-13,216.2836,0.0019252526823730232
2017-07-14,217.266,0.004531899839771678
2017-07-17,217.3014,0.00016292064282010302
2017-07-18,217.3899,0.00040718551865554084
2017-07-19,218.5759,0.005440807172033705
2017-07-20,218.6644,0.0004048117303393911
2017-07-21,218.4874,-0.0008097873995824288
2017-07-24,218.4077,-0.00036484730949881916
2017-07-25,218.8945,0.002226378925508829
2017-07-26,219.0361,0.0006466778294764896
2017-07-27,218.7087,-0.0014958490017389953
2017-07-28,218.5671,-0.0006476461992611412
2017-07-31,218.4608,-0.0004864678071872947
2017-08-01,218.9122,0.0020641427809799983
2017-08-02,219.0007,0.0004041899711328268
2017-08-03,218.6202,-0.001738948463769177
2017-08-04,218.9388,0.0014562610130495193
2017-08-07,219.3548,0.0018982715007433823
2017-08-08,218.8503,-0.00230257577056416
2017-08-09,218.8591,4.0209326101824344e-05
2017-08-10,215.903,-0.013598911017854853
2017-08-11,216.0535,0.0006968294543080993
2017-08-14,218.1245,0.009539938490015352
2017-08-15,218.1865,0.00028420095031881195
2017-08-16,218.5316,0.0015804248636863882
2017-08-17,215.2481,-0.015139310180989215
2017-08-18,214.8498,-0.001852136984910072
2017-08-21,215.0533,0.0009467250419900521
2017-08-22,217.1598,0.009747583676353514
2017-08-23,216.3986,-0.0035114106064286876
2017-08-24,216.1066,-0.0013502729880030995
2017-08-25,216.4694,0.0016773934987886494
2017-08-28,216.558,0.00040921198629166
2017-08-29,216.7084,0.0006942611106749466
2017-08-30,217.7793,0.0049294936016064375
2017-08-31,218.8503,0.004905769778050469
2017-09-01,219.3725,0.0023832637059153674
2017-09-05,217.9121,-0.006679427675301279
2017-09-06,218.4608,0.0025148229378138417
2017-09-07,218.5848,0.0005674465242405122
2017-09-08,218.2219,-0.0016616049318617793
2017-09-11,220.5584,0.010650077428659817
2017-09-12,221.3285,0.0034855107931378877
2017-09-13,221.3993,0.0003198353507664974
2017-09-14,221.3462,-0.00023986692244004485
2017-09-15,221.6397,0.0013250988031270282
2017-09-18,222.1022,0.0020845458473779817
2017-09-19,222.289,0.0008407007654613074
2017-09-20,222.4135,0.0005599249082374317
2017-09-21,221.8887,-0.002362357170700358
2017-09-22,221.8976,4.0109395000223995e-05
2017-09-25,221.5329,-0.0016449030106449828
2017-09-26,221.4885,-0.00020044178519904477
2017-09-27,222.3601,0.00392747040486605
2017-09-28,222.6625,0.0013590323122628205
2017-09-29,223.4897,0.0037081558618878283
2017-10-02,224.3614,0.0038928166116508965
2017-10-03,224.8772,0.0022963308435957697
2017-10-04,225.1708,0.0013047499006833955
2017-10-05,226.4693,0.0057501695613256035
2017-10-06,226.2203,-0.0011000916526983642
2017-10-09,225.9357,-0.001258857728679292
2017-10-10,226.4515,0.0022803484427184485
2017-10-11,226.8251,0.0016484419650185215
2017-10-12,226.4693,-0.001569841026359286
2017-10-13,226.7273,0.001138578832549872
2017-10-16,227.1008,0.0016459980522459665
2017-10-17,227.1898,0.00039181969047402356
2017-10-18,227.4388,0.0010953997390306185
2017-10-19,227.5545,0.0005085789284978932
2017-10-20,228.6929,0.004990285369116357
2017-10-23,227.8747,-0.003584139022946461
2017-10-24,228.1593,0.0012481527120689906
2017-10-25,227.1898,-0.004258277725767454
2017-10-26,227.252,0.0002737424259319565
2017-10-27,229.1554,0.008340842128733044
2017-10-30,228.4528,-0.003070751582240065
2017-10-31,228.7107,0.0011282616716266156
2017-11-01,229.0309,0.0013990428321474244
2017-11-02,229.1999,0.0007376195910991013
2017-11-03,229.8403,0.002790171385697586
2017-11-06,230.1516,0.0013535023009069397
2017-11-07,230.0627,-0.00038634175907081473
2017-11-08,230.374,0.001352194763938264
2017-11-09,229.7869,-0.002551717534294941
2017-11-10,229.4756,-0.001355651931849004
2017-11-13,229.7247,0.0010849297112136246
2017-11-14,229.3155,-0.001782850863121882
2017-11-15,228.0881,-0.0053668267851324355
2017-11-16,229.9026,0.007923783141482081
2017-11-17,229.4401,-0.002013747715130224
2017-11-20,229.6535,0.0009296579842084387
2017-11-21,231.1567,0.006524184282246578
2017-11-22,231.0055,-0.0006543157592482469
2017-11-24,231.3613,0.0015390381412771425
2017-11-27,231.5836,0.0009603735437452838
2017-11-28,233.7361,0.009251769712843826
2017-11-29,233.5938,-0.0006089916540666717
2017-11-30,235.3993,0.007699511653942421
2017-12-01,235.3193,-0.0003399058408579966
2017-12-04,234.9635,-0.0015131323870902025
2017-12-05,234.2075,-0.003222708369905158
2017-12-06,234.1452,-0.0002660388223126046
2017-12-07,234.9012,0.0032235644689142446
2017-12-08,236.102,0.005098914833807464
2017-12-11,236.8936,0.003347180138948445
2017-12-12,237.3116,0.0017629503356850194
2017-12-13,237.2938,-7.500968176234925e-05
2017-12-14,236.4311,-0.003642202272621055
2017-12-15,238.327,0.007986846683536256
2017-12-18,239.7664,0.006021435765928217
2017-12-19,239.069,-0.0029129028184634105
2017-12-20,238.7472,-0.0013469616503317143
2017-12-21,239.2478,0.0020945833451090482
2017-12-22,239.0869,-0.0006727507164690988
2017-12-26,238.8724,-0.0008975660245571192
2017-12-27,239.0512,0.0007482367823722856
2017-12-28,239.3909,0.0014200257756706496
2017-12-29,238.5952,-0.0033293885952597017
2018-01-02,240.1061,0.0063125168750345784
2018-01-03,241.751,0.006827361844223885
2018-01-04,242.7523,0.004133311065326988
2018-01-05,244.3793,0.00667994459792332
2018-01-08,244.8889,0.0020831118158831626
2018-01-09,245.3806,0.002005836238468585
2018-01-10,245.0587,-0.0013127008631828858
2018-01-11,246.8378,0.0072336670732553
2018-01-12,248.4738,0.006605966625526552
2018-01-16,247.8658,-0.002449936713133255
2018-01-17,249.9041,0.008189773599375592
2018-01-18,249.6717,-0.0009303894094320069
2018-01-19,250.7266,0.004216247588065201
2018-01-22,252.7649,0.008096705248564286
2018-01-23,253.2119,0.0017668798897082524
2018-01-24,253.194,-7.069427906540087e-05
2018-01-25,253.2834,0.0003530266145280558
2018-01-26,256.162,0.011301036916848617
2018-01-29,254.6601,-0.005880342012513401
2018-01-30,252.1659,-0.0098425105872204
2018-01-31,252.1301,-0.00014198010715980853
2018-02-01,251.7279,-0.0015964818874593207
2018-02-02,246.3908,-0.021429848943850208
2018-02-05,235.9401,-0.04334093404978398
2018-02-06,240.7497,0.020179845321364177
2018-02-07,239.2657,-0.006183154656900379
2018-02-08,231.5864,-0.032621627874368835
2018-02-09,233.8214,0.009604554032238814
2018-02-12,236.6642,0.012084682705216027
2018-02-13,237.6834,0.004297277222141338
2018-02-14,240.9375,0.013598027757782075
2018-02-15,244.0575,0.012866289510806275
2018-02-16,244.2988,0.0009882129897252126
2018-02-20,242.5556,-0.0071611038103910115
2018-02-21,241.0001,-0.006433614019460948
2018-02-22,241.8404,0.0034806560276129726
2018-02-23,245.4342,0.014750882413745971
2018-02-26,248.4827,0.012344338537333799
2018-02-27,245.47,-0.01219848523209223
2018-02-28,242.6182,-0.011685725868826413
2018-03-01,239.4088,-0.013316463294734425
2018-03-02,240.5262,0.004656472309888559
2018-03-05,243.1546,0.010868431712738822
2018-03-06,243.8787,0.0029735155010079542
2018-03-07,243.7625,-0.00047657992064401754
2018-03-08,244.9604,0.0049021742133416625
2018-03-09,249.0548,0.016576387744170785
2018-03-12,249.0906,0.00014373313519155936
2018-03-13,247.5708,-0.006120083999791438
2018-03-14,245.9617,-0.006520768952930016
2018-03-15,245.9885,0.0001089541178211997
2018-03-16,246.3212,0.0013515884438101212
2018-03-19,242.9194,-0.013906674238603046
2018-03-20,243.1707,0.0010339647830243826
2018-03-21,242.7129,-0.0018844025008031382
2018-03-22,236.762,-0.0248238461998786
2018-03-23,231.7805,-0.021264614037742744
2018-03-26,237.7763,0.025539512585124182
2018-03-27,234.2308,-0.015023361661751828
2018-03-28,233.2615,-0.00414681221064236
2018-03-29,236.3042,0.012959816216287813
2018-04-02,230.9547,-0.022898370656181107
2018-04-03,233.8808,0.012589996464364024
2018-04-04,236.6902,0.011940529184306235
2018-04-05,238.5123,0.0076687682821563715
2018-04-06,233.3243,-0.021991549985469875
2018-04-09,233.9616,0.002727667987136459
2018-04-10,237.7942,0.016248594388032174
2018-04-11,236.6094,-0.004994913458973484
2018-04-12,238.611,0.008423930607982426
2018-04-13,237.9827,-0.002636628910475544
2018-04-16,240.1369,0.009011195429045563
2018-04-17,242.4975,0.00978222366313524
2018-04-18,242.677,0.0007399399935068548
2018-04-19,241.2768,-0.005786518907380537
2018-04-20,239.4637,-0.007542982530457887
2018-04-23,239.2662,-0.0008250999622320062
2018-04-24,236.2145,-0.01283644910674399
2018-04-25,236.7889,0.002428736378444614
2018-04-26,239.1136,0.009769725902032683
2018-04-27,239.4457,0.0013879159941544267
2018-04-30,237.4262,-0.008469830463476121
2018-05-01,237.8032,0.0015866025085375533
2018-05-02,236.0978,-0.007197314889935448
2018-05-03,235.8465,-0.0010649562829792272
2018-05-04,238.6289,0.011728455868249648
2018-05-07,239.6342,0.004203968403936964
2018-05-08,239.5355,-0.00041196261531504516
2018-05-09,241.932,0.009955063599185344
2018-05-10,244.0593,0.00875453361682894
2018-05-11,244.8043,0.0030478872909755323
2018-05-14,245.0376,0.0009525523138812175
2018-05-15,243.3502,-0.006910110016618371
2018-05-16,244.3106,0.003938808457246511
2018-05-17,244.1131,-0.0008087241088600944
2018-05-18,243.5925,-0.002134895304591862
2018-05-21,245.3069,0.007013332506250107
2018-05-22,244.6786,-0.0025645670917240127
2018-05-23,245.2441,0.0023085284725259956
2018-05-24,244.9479,-0.0012085062018543306
2018-05-25,244.1849,-0.003119809666699939
2018-05-29,241.6448,-0.010456845868801778
2018-05-30,244.6247,0.012256320014467545
2018-05-31,243.1258,-0.006146194492871265
2018-06-01,245.5223,0.009808773284144708
2018-06-04,246.6712,0.004668497599730302
2018-06-05,247.0751,0.0016360632579660473
2018-06-06,249.0229,0.007852521109838181
2018-06-07,249.1485,0.0005042441322857116
2018-06-08,249.6871,0.0021594297171135335
2018-06-11,250.0461,0.0014367669058487037
2018-06-12,250.3333,0.0011479290775677556
2018-06-13,249.5883,-0.0029804695436184223
2018-06-14,250.2436,0.0026220830461187346
2018-06-15,249.7479,-0.0019828343578206747
2018-06-18,249.4234,-0.0013001550598414433
2018-06-19,248.3144,-0.0044561688308898395
2018-06-20,248.9004,0.0023571312491956304
2018-06-21,247.3316,-0.006322870054907116
2018-06-22,247.9718,0.0025850836336666645
2018-06-25,244.1038,-0.015721485353969684
2018-06-26,244.9333,0.003392383913240637
2018-06-27,242.9407,-0.008168547943539052
2018-06-28,244.1579,0.004997766503813681
2018-06-29,244.8972,0.0030233835130327137
2018-07-02,245.1407,0.0009938007653729915
2018-07-03,243.7071,-0.005865237031939573
2018-07-05,246.1595,0.01001260542436457
2018-07-06,248.2242,0.00835267021949536
2018-07-09,250.5233,0.009219560139445445
2018-07-10,251.3438,0.003269792863625612
2018-07-11,249.5947,-0.006983320739600286
2018-07-12,251.7766,0.008703784098896057
2018-07-13,251.984,0.0008234070378592596
2018-07-16,251.8848,-0.000393753299595786
2018-07-17,252.8946,0.004000961002159055
2018-07-18,253.3995,0.0019944935853471076
2018-07-19,252.3807,-0.004028632903845195
2018-07-20,252.2003,-0.000715048754061142
2018-07-23,252.6602,0.0018218899169632078
2018-07-24,253.7692,0.004379689538981678
2018-07-25,256.0773,0.009054159507718311
2018-07-26,255.4281,-0.0025383909870333042
2018-07-27,253.706,-0.006764844732987626
2018-07-30,252.3536,-0.005344837720822073
2018-07-31,254.0757,0.006800975526985856
2018-08-01,253.1831,-0.00351931172521282
2018-08-02,254.6708,0.0058587883463695
2018-08-03,255.6986,0.004027676382749752
2018-08-06,256.7174,0.003976461868714331
2018-08-07,257.5019,0.0030512297326893145
2018-08-08,257.2764,-0.0008761053619537068
2018-08-09,257.042,-0.0009114976879259618
2018-08-10,255.4371,-0.006263300284983726
2018-08-13,254.4724,-0.003783813209939058
2018-08-14,255.7798,0.0051245359103610335
2018-08-15,254.1749,-0.006294305351480266
2018-08-16,256.1855,0.007879178720517422
2018-08-17,256.8888,0.0027415149832864067
2018-08-20,257.6281,0.0028737656966920547
2018-08-21,258.0609,0.0016785314467310348
2018-08-22,258.0068,-0.00020966241521483368
2018-08-23,257.6912,-0.0012239723225619546
2018-08-24,259.2149,0.0058954785529724985
2018-08-27,261.0903,0.00720887710409593
2018-08-28,261.4059,0.0012080472102251507
2018-08-29,262.8034,0.005331852413727532
2018-08-30,261.7936,-0.0038498170870002956
2018-08-31,261.7395,-0.00020667270204150084
2018-09-04,261.3968,-0.0013101749927202332
2018-09-05,260.6485,-0.0028668029862372857
2018-09-06,259.8461,-0.0030832236709176122
2018-09-07,259.0887,-0.002919058570791057
2018-09-10,259.7559,0.002571869757406869
2018-09-11,260.7206,0.0037069919764873586
2018-09-12,260.7026,-6.904180714291716e-05
2018-09-13,262.1993,0.005724607569324844
2018-09-14,262.4157,0.0008249859888625517
2018-09-17,261.0542,-0.005201838998125112
2018-09-18,262.2985,0.004755119614700615
2018-09-19,262.5599,0.000996078262681219
2018-09-20,264.6607,0.007969381767917602
2018-09-21,264.4884,-0.0006512342403661107
2018-09-24,263.7186,-0.0029147684336267537
2018-09-25,263.3111,-0.0015464027215416059
2018-09-26,262.2152,-0.004170682184927767
2018-09-27,263.2114,0.003791970919249309
2018-09-28,263.3745,0.0006194621056719446
2018-10-01,264.0356,0.002506968851166051
2018-10-02,264.1352,0.0003771507291983745
2018-10-03,264.2167,0.0003085065110825306
2018-10-04,262.342,-0.007120603727824057
2018-10-05,260.8385,-0.0057475541956557435
2018-10-08,260.8838,0.00017365560227666
2018-10-09,260.2498,-0.002433158456054481
2018-10-10,251.8813,-0.03268399420785789
2018-10-11,246.7551,-0.020561598002084788
2018-10-12,249.8706,0.012546837068119529
2018-10-15,248.5664,-0.005233170797548147
2018-10-16,253.593,0.020020606594877942
2018-10-17,254.0187,0.0016772666973559043
2018-10-18,250.7401,-0.01299094184851689
2018-10-19,249.925,-0.0032560716540494293
2018-10-22,249.1098,-0.003267109729103837
2018-10-23,247.7694,-0.005395288237015451
2018-10-24,240.7141,-0.028888552669627126
2018-10-25,244.5723,0.015901048506640557
2018-10-26,240.6779,-0.016051445688430904
2018-10-29,238.7035,-0.008237329041822103
2018-10-30,242.4349,0.015511024735284847
2018-10-31,245.0252,0.010627841668980592
2018-11-01,247.5792,0.010369468421514033
2018-11-02,246.2841,-0.005244783197182887
2018-11-05,247.8419,0.006305295252972387
2018-11-06,249.2638,0.005720730532142145
2018-11-07,254.5078,0.020819710443389178
2018-11-08,254.073,-0.0017098565495674027
2018-11-09,251.4828,-0.010247029762332105
2018-11-12,247.0177,-0.017914603559530298
2018-11-13,246.0033,-0.004115043503022469
2018-11-14,244.6448,-0.005537587821161686
2018-11-15,247.1354,0.010129001915508204
2018-11-16,248.0321,0.003621808701923404
2018-11-19,243.8297,-0.017088142480338856
2018-11-20,238.9208,-0.02033791453282706
2018-11-21,239.8899,0.0040479518243796446
2018-11-23,238.1419,-0.0073133535927745455
2018-11-26,242.3896,0.017679634493072065
2018-11-27,242.9602,0.0023512949336100836
2018-11-28,248.331,0.021864889776227987
2018-11-29,248.1498,-0.0007299376251625352
2018-11-30,249.8253,0.006729277518729923
2018-12-03,252.7417,0.011606145000164509
2018-12-04,244.835,-0.03178350431329236
2018-12-06,244.5452,-0.0011843553698133202
2018-12-07,238.6672,-0.024330045977868493
2018-12-10,239.5005,0.0034853916045521427
2018-12-11,239.3193,-0.0007568609679460348
2018-12-12,240.5149,0.004983398325167282
2018-12-13,240.1073,-0.0016961351253346958
2018-12-14,236.0407,-0.017081658979727778
2018-12-17,231.4036,-0.019840875668829923
2018-12-18,230.833,-0.0024688667657716597
2018-12-19,227.5092,-0.014503828215232231
2018-12-20,224.3664,-0.013910247316615235
2018-12-21,219.1949,-0.02331914143733712
2018-12-24,212.4809,-0.031109186407965728
2018-12-26,224.3512,0.0543605792211981
2018-12-27,226.3098,0.008692175855659125
2018-12-28,225.4444,-0.003831291700599919
2018-12-31,227.5488,0.009291155534369587
2019-01-02,228.0498,0.0021993052741707164
2019-01-03,222.8025,-0.023278297340638302
2019-01-04,229.808,0.030958448873438026
2019-01-07,231.6665,0.008054659782496348
2019-01-08,233.8802,0.009510180974528631
2019-01-09,234.8276,0.004042609447741701
2019-01-10,236.0848,0.005339434624573076
2019-01-11,235.8297,-0.001081128148626728
2019-01-14,234.3357,-0.0063552317053674435
2019-01-15,237.096,0.01171041974547012
2019-01-16,237.6973,0.0025328930356530686
2019-01-17,239.5466,0.007749954503405086
2019-01-18,242.8171,0.013560515092122753
2019-01-22,239.4828,-0.01382688705333125
2019-01-23,239.8563,0.0015583960314946542
2019-01-24,240.0203,0.0006835090787291193
2019-01-25,242.0701,0.008503850533731011
2019-01-28,240.3118,-0.007290106810228709
2019-01-29,239.9019,-0.001707157040919651
2019-01-30,243.473,0.014775963636857218
2019-01-31,246.0511,0.01053318452024742
2019-02-01,246.0147,-0.00014794769344420093
2019-02-04,247.7456,0.0070111229692433165
2019-02-05,248.8114,0.004292766537171812
2019-02-06,248.5017,-0.0012454931914532986
2019-02-07,246.1149,-0.009651186501186858
2019-02-08,246.3335,0.000887808811475275
2019-02-11,246.3335,0.0
2019-02-12,249.6222,0.013262265977982704
2019-02-13,250.3419,0.0028790087012816527
2019-02-14,249.9593,-0.0015294789402258758
2019-02-15,252.7196,0.01098246910432869
2019-02-19,253.0202,0.0011887537243422065
2019-02-20,253.5668,0.002157971728919867
2019-02-21,252.8198,-0.002950317176035323
2019-02-22,254.1954,0.0054262806137645395
2019-02-25,254.6418,0.0017545891476616856
2019-02-26,254.3503,-0.001145401006692572
2019-02-27,254.5325,0.0007160784675194966
2019-02-28,253.831,-0.0027598379712936764
2019-03-01,255.5073,0.006582289422772247
2019-03-04,254.4778,-0.004037378340818717
2019-03-05,254.2319,-0.0009667597026438335
2019-03-06,252.7652,-0.005785848051621708
2019-03-07,250.6334,-0.008469680860436467
2019-03-08,250.105,-0.0021104840217197047
2019-03-11,253.6124,0.013926287579824469
2019-03-12,254.5416,0.0036571631263685642
2019-03-13,256.2907,0.006848066715750311
2019-03-14,257.1782,0.003456882719887029
2019-03-15,257.3155,0.0005337286083748249
2019-03-18,258.4958,0.004576487797145516
2019-03-19,258.2945,-0.000779039429264572
2019-03-20,257.4893,-0.003122240962654402
2019-03-21,260.3075,0.010885458651252495
2019-03-22,255.7874,-0.017516993794266408
2019-03-25,255.2933,-0.001933550431223769
2019-03-26,256.9769,0.00657311731886569
2019-03-27,255.9613,-0.003959936410051409
2019-03-28,256.8397,0.0034258937058615807
2019-03-29,258.5324,0.006568869702762953
2019-04-01,261.3598,0.010876977478916668
2019-04-02,261.5428,0.0006999391759428623
2019-04-03,262.1558,0.0023410422711121676
2019-04-04,262.8878,0.0027883416701614573
2019-04-05,264.0315,0.004341089028585898
2019-04-08,264.2328,0.0007621185446124734
2019-04-09,262.778,-0.005520963499480236
2019-04-10,263.8211,0.003961652666177041
2019-04-11,263.693,-0.0004856742313354023
2019-04-12,265.4498,0.00664019790157774
2019-04-15,265.34,-0.00041372310306712104
2019-04-16,265.5504,0.0007926306861665244
2019-04-17,264.7452,-0.0030367991693920652
2019-04-18,265.3857,0.0024163855064936687
2019-04-22,265.6053,0.0008271327104223649
2019-04-23,268.0484,0.009156188997643228
2019-04-24,267.4445,-0.0022554930458117423
2019-04-25,267.2157,-0.0008558707529252597
2019-04-26,268.4418,0.004577933255220066
2019-04-29,268.7987,0.0013286416511882775
2019-04-30,269.064,0.0009864971916264701
2019-05-01,266.9412,-0.00792086009127818
2019-05-02,266.4288,-0.0019213684970422443
2019-05-03,269.0183,0.009672366096616319
2019-05-06,268.0575,-0.003577897291075553
2019-05-07,263.7753,-0.016103905376159276
2019-05-08,263.3452,-0.0016318852916863203
2019-05-09,262.412,-0.0035499313371887583
2019-05-10,263.5466,0.004314414708570833
2019-05-13,257.0867,-0.024816820350431142
2019-05-14,259.3102,0.008611646356889203
2019-05-15,260.7559,0.005559692215669225
2019-05-16,263.1806,0.009255767865605459
2019-05-17,261.5794,-0.006102618222861246
2019-05-20,259.8866,-0.006492488278411217
2019-05-21,262.1009,0.008484162100737389
2019-05-22,261.4421,-0.002516700052238194
2019-05-23,258.0566,-0.013033903368779305
2019-05-24,258.7795,0.0027974070364676163
2019-05-28,256.5743,-0.00855805646185178
2019-05-29,254.6162,-0.007660977959592634
2019-05-30,255.3208,0.0027634803844741574
2019-05-31,252.1091,-0.012658863376446438
2019-06-03,251.3222,-0.0031261490529165543
2019-06-04,256.8031,0.02157386211756107
2019-06-05,258.9259,0.008232276984879532
2019-06-06,260.5454,0.006235205859798489
2019-06-07,262.961,0.009228605969771063
2019-06-10,264.3701,0.005344283141337
2019-06-11,264.2877,-0.00031173284747635635
2019-06-12,263.8028,-0.0018364281738671249
2019-06-13,264.9648,0.004395132646355225
2019-06-14,264.7178,-0.0009326340638847349
2019-06-17,264.8733,0.0005872455351637695
2019-06-18,267.5268,0.00996814978746384
2019-06-19,268.1765,0.0024255975968180284
2019-06-20,270.8391,0.009879571786403906
2019-06-21,270.6283,-0.0007786249390077647
2019-06-24,270.0398,-0.0021769371354113665
2019-06-25,267.493,-0.009475957773009643
2019-06-26,267.0976,-0.0014792630925489752
2019-06-27,268.2285,0.004225094507244906
2019-06-28,269.7732,0.005742376816618092
2019-07-01,271.6948,0.0070977714924908035
2019-07-02,272.4947,0.0029397868796968507
2019-07-03,274.6554,0.007898056609697291
2019-07-05,274.2417,-0.001507386642540429
2019-07-08,273.0464,-0.004368090227240499
2019-07-09,273.2487,0.000740625384511845
2019-07-10,274.6186,0.005000856429777612
2019-07-11,275.2439,0.00227438775893256
2019-07-12,276.4299,0.004299648912561496
2019-07-15,276.4943,0.00023294332312178296
2019-07-16,275.6116,-0.003197577682460061
2019-07-17,273.9291,-0.006123314459166919
2019-07-18,274.8209,0.003250298989026197
2019-07-19,273.2027,-0.005905602251598145
2019-07-22,273.8371,0.002319393522741229
2019-07-23,275.7404,0.006926439344106445
2019-07-24,277.0368,0.0046905059645148284
2019-07-25,275.7771,-0.004557418618948525
2019-07-26,277.616,0.0066459331294097335
2019-07-29,277.1747,-0.0015908705501830986
2019-07-30,276.5035,-0.002424514199009984
2019-07-31,273.4326,-0.011168322718754484
2019-08-01,271.1064,-0.008543792640503155
2019-08-02,268.9549,-0.007967656197763445
2019-08-05,261.204,-0.029241996332401404
2019-08-06,264.6703,0.013183189223795763
2019-08-07,265.0932,0.0015965618236491077
2019-08-08,269.9847,0.01828382845794648
2019-08-09,268.1642,-0.006765811263856584
2019-08-12,264.8266,-0.012524207272258723
2019-08-13,268.9089,0.01529738834299817
2019-08-14,261.1856,-0.02914139481887532
2019-08-15,261.8936,0.002707048693041372
2019-08-16,265.4426,0.013460307044285953
2019-08-19,268.7158,0.01225569407878438
2019-08-20,266.6655,-0.007659251539963664
2019-08-21,268.9457,0.008514436499315497
2019-08-22,268.7526,-0.0007182466758825452
2019-08-23,262.1602,-0.024835486530522293
2019-08-26,264.9829,0.010709528319136971
2019-08-27,263.3739,-0.006090600041006276
2019-08-28,265.5713,0.008308658973471654
2019-08-29,269.0284,0.01293359570248157
2019-08-30,268.8997,-0.0004785026194230871
2019-09-03,267.2355,-0.006208155498903658
2019-09-04,270.2881,0.011358135037118461
2019-09-05,273.6165,0.0122390637915106
2019-09-06,274.0486,0.001577971974700079
2019-09-09,274.021,-0.00010071713528111927
2019-09-10,273.9658,-0.00020146470749556332
2019-09-11,276.053,0.007589595187984345
2019-09-12,277.0736,0.003690298597957505
2019-09-13,276.8529,-0.0007968566648404346
2019-09-16,276.0254,-0.0029934277323186978
2019-09-17,276.6874,0.002395458605476801
2019-09-18,276.8713,0.0006644282052308117
2019-09-19,276.8805,3.322788296419041e-05
2019-09-20,275.5045,-0.0049820427640558
2019-09-23,275.5783,0.00026783634125837803
2019-09-24,273.3061,-0.0082793862590877
2019-09-25,274.941,0.005964116713820904
2019-09-26,274.4145,-0.0019167921726487638
2019-09-27,272.9643,-0.005298719618059455
2019-09-30,274.3591,0.005096814861022456
2019-10-01,270.8584,-0.012841657165077718
2019-10-02,266.1014,-0.01771873594928267
2019-10-03,268.2906,0.008193282259887769
2019-10-04,271.819,0.013065682205577456
2019-10-07,270.6829,-0.004188378550700371
2019-10-08,266.7203,-0.01474748128767959
2019-10-09,268.7339,0.007521126893737433
2019-10-10,270.9415,0.008181259747726856
2019-10-11,273.3615,0.008892164643155318
2019-10-14,273.3246,-0.0001349952012902578
2019-10-15,276.1326,0.010221085267693792
2019-10-16,275.7169,-0.0015065704639692695
2019-10-17,276.3635,0.0023424135167720195
2019-10-18,275.2458,-0.004052511549936498
2019-10-21,277.0839,0.0066558317818591105
2019-10-22,276.188,-0.003238555158989242
2019-10-23,276.9731,0.0028385963046580367
2019-10-24,277.6474,0.0024315737778754106
2019-10-25,278.608,0.0034538126008375955
2019-10-28,280.1044,0.0053566148811290916
2019-10-29,280.0305,-0.0002638650097636981
2019-10-30,280.8802,0.0030297180993807114
2019-10-31,280.2891,-0.0021066734000311123
2019-11-01,282.6629,0.00843345105556848
2019-11-04,283.9284,0.004467072136096285
2019-11-05,283.5127,-0.001465174356832842
2019-11-06,283.6697,0.0005536138075155133
2019-11-07,284.695,0.0036078986333535857
2019-11-08,285.3416,0.0022686272331275325
2019-11-11,284.852,-0.0017173118755656588
2019-11-12,285.3139,0.0016202305365730085
2019-11-13,285.591,0.000970739686277389
2019-11-14,285.9327,0.0011957510798384933
2019-11-15,287.9833,0.007146023899881997
2019-11-18,288.2142,0.0008014613474016823
2019-11-19,288.0387,-0.0006091075825425385
2019-11-20,287.0134,-0.0035659415432821653
2019-11-21,286.5885,-0.001481515586741703
2019-11-22,287.3367,0.002607309885884995
2019-11-25,289.4058,0.00717515659736059
2019-11-26,290.0985,0.002390665021517418
2019-11-27,291.3824,0.00441597337565064
2019-11-29,290.4957,-0.0030477197418143516
2019-12-02,287.9094,-0.008942926806113808
2019-12-03,285.8404,-0.007212234212449881
2019-12-04,287.6045,0.00615265935760825
2019-12-05,288.1496,0.001893517259771685
2019-12-06,290.7636,0.00903077616939999
2019-12-09,289.8768,-0.0030545607557176655
2019-12-10,289.6644,-0.0007329936491481583
2019-12-11,290.4126,0.002579658958782308
2019-12-12,292.7217,0.007919657852649326
2019-12-13,293.1097,0.0013246133844382248
2019-12-16,295.2157,0.0071593339176969145
2019-12-17,295.1602,-0.00018801580539978328
2019-12-18,295.2157,0.00018801580539968288
2019-12-19,297.9448,0.00920195885404622
2019-12-20,298.149,0.0006851270990828354
2019-12-23,298.1861,0.00012442668576073944
2019-12-24,298.1119,-0.0002488688554480659
2019-12-26,299.6991,0.005310051937737368
2019-12-27,299.662,-0.00012379849158508744
2019-12-30,298.2418,-0.004750605936781672
2019-12-31,298.9658,0.002424618691008212
2020-01-02,301.4164,0.008163511874872678
2020-01-03,299.3835,-0.006767337206156623
2020-01-06,300.5067,0.0037446896532881955
2020-01-07,299.5228,-0.0032795083636207477
2020-01-08,301.3235,0.005993896912114014
2020-01-09,303.1429,0.006019873046420955
2020-01-10,302.2518,-0.002943866682508748
2020-01-13,304.3496,0.0069165958505864825
2020-01-14,304.1082,-0.000793481528762475
2020-01-15,304.693,0.0019211531773143638
2020-01-16,307.0879,0.007829313512617965
2020-01-17,308.0904,0.0032592205785632517
2020-01-21,307.6077,-0.001567976574542447
2020-01-22,307.5427,-0.00021133043314907683
2020-01-23,307.9047,0.0011763801154956064
2020-01-24,305.1293,-0.009054698311449593
2020-01-27,300.2932,-0.01597629048856986
2020-01-28,303.542,0.010760655717372843
2020-01-29,303.3007,-0.0007952637898334335
2020-01-30,304.396,0.0036047626589242087
2020-01-31,298.7709,-0.018652426338966258
2020-02-03,300.7295,0.0065341306478137046
2020-02-04,305.4449,0.015558212673779102
2020-02-05,309.0279,0.011662161804519703
2020-02-06,309.9654,0.003029114262911841
2020-02-07,308.2296,-0.005615718540986603
2020-02-10,310.5688,0.007560495122775086
2020-02-11,311.2278,0.0021196650053713433
2020-02-12,313.2699,0.006539999358365623
2020-02-13,313.0286,-0.0007705591245694338
2020-02-14,313.3627,0.0010667454406929663
2020-02-18,312.6109,-0.0024020193869885072
2020-02-19,314.2817,0.00533043126080636
2020-02-20,312.8522,-0.0045588429385809105
2020-02-21,309.7705,-0.009899173819209645
2020-02-24,299.1886,-0.03475755695429903
2020-02-25,290.5467,-0.029309823083292077
2020-02-26,288.9038,-0.005670559960926271
2020-02-27,277.1152,-0.041660456518047645
2020-02-28,274.8503,-0.00820671839736289
2020-03-02,286.7317,0.04232034950508512
2020-03-03,278.9809,-0.02740361461902144
2020-03-04,289.7949,0.03803011069144961
2020-03-05,280.2155,-0.03361448138483691
2020-03-06,275.565,-0.016735414574197027
2020-03-09,253.6216,-0.08298014299141866
2020-03-10,268.0556,0.05535102924242531
2020-03-11,254.457,-0.05206255870720834
2020-03-12,230.36,-0.09948856033433676
2020-03-13,250.7069,0.08464122508280668
2020-03-16,224.178,-0.11184414857056961
2020-03-17,233.5438,0.0409292606670443
2020-03-18,221.7831,-0.05166976257451865
2020-03-19,223.1105,0.005967287184590005
2020-03-20,215.0424,-0.03683194644103447
2020-03-23,206.6577,-0.03977141665378403
2020-03-24,226.499,0.09167672856929888
2020-03-25,231.1956,0.02052357557295459
2020-03-26,243.6793,0.052588911047637056
2020-03-27,236.6111,-0.029435151455228972
2020-03-30,243.7913,0.029894666355084427
2020-03-31,239.9164,-0.016022002096241744
2020-04-01,229.4682,-0.04452607151802722
2020-04-02,235.0051,0.023842758227847656
2020-04-03,231.7651,-0.01388285729439899
2020-04-06,246.8259,0.06295887105704691
2020-04-07,247.6102,0.003172505639527129
2020-04-08,255.7615,0.03238963416920075
2020-04-09,259.627,0.015000615977290676
2020-04-13,257.5542,-0.008015802193264738
2020-04-14,264.9678,0.028378125777658397
2020-04-15,259.4123,-0.021189621294780553
2020-04-16,260.6354,0.004703807959047865
2020-04-17,267.5915,0.026339068089327476
2020-04-20,263.1471,-0.01674837251453158
2020-04-21,255.4907,-0.029527181644383466
2020-04-22,260.4954,0.019399192924112525
2020-04-23,260.3273,-0.0006455172012940225
2020-04-24,264.4169,0.015587338753552
2020-04-27,268.1051,0.013852043573246643
2020-04-28,267.0126,-0.0040832195156627355
2020-04-29,274.0902,0.026161400996867343
2020-04-30,270.6634,-0.012581266839671576
2020-05-01,264.1088,-0.024514842995405118
2020-05-04,264.6877,0.002189500994301083
2020-05-05,267.2181,0.009514538435114527
2020-05-06,265.1266,-0.00785773113339116
2020-05-07,268.7213,0.013467335285825796
2020-05-08,273.4366,0.017395002076279864
2020-05-11,273.2592,-0.0006489898266148246
2020-05-12,267.4235,-0.021587251164132976
2020-05-13,262.7363,-0.01768267654778502
2020-05-14,266.2283,0.013203343775307536
2020-05-15,267.022,0.002976840654827863
2020-05-18,275.5001,0.03125693955976166
2020-05-19,272.5962,-0.010596412242629262
2020-05-20,277.4235,0.017553640178608998
2020-05-21,275.3507,-0.007499661581036278
2020-05-22,275.9016,0.0019987224847815882
2020-05-26,279.543,0.013111846506859553
2020-05-27,283.2405,0.013140233153509727
2020-05-28,283.3245,0.00029652379026406245
2020-05-29,284.5477,0.004308018218825723
2020-06-01,285.0892,0.001901211677505736
2020-06-02,287.5916,0.008739304432085843
2020-06-03,291.4105,0.013191507868254675
2020-06-04,290.6728,-0.002534690120659936
2020-06-05,298.1892,0.025529948435272877
2020-06-08,301.6999,0.0117046303389198
2020-06-09,299.6271,-0.006894113218934316
2020-06-10,298.0398,-0.005311666856502292
2020-06-11,281.5318,-0.05698162718267727
2020-06-12,284.2582,0.009637572608002298
2020-06-15,286.8446,0.009057625640973895
2020-06-16,291.952,0.017648799493444514
2020-06-17,291.0463,-0.003107044149578703
2020-06-18,291.0276,-6.425300982020193e-05
2020-06-19,288.964,-0.00711599515556884
2020-06-22,291.4962,0.008724856805782725
2020-06-23,292.9217,0.004878368123424881
2020-06-24,285.7285,-0.024863278559140178
2020-06-25,288.2607,0.008823219766012394
2020-06-26,282.0616,-0.021739792215346776
2020-06-29,285.691,0.012785320365518818
2020-06-30,289.2735,0.012461800206257508
2020-07-01,291.0179,0.006012169935475851
2020-07-02,292.856,0.006296243323304808
2020-07-06,297.1044,0.014402571556736446
2020-07-07,294.3003,-0.00948291758033876
2020-07-08,296.3072,0.0067960793736412915
2020-07-09,294.7598,-0.005235966600088743
2020-07-10,297.9578,0.010791078358950308
2020-07-13,295.3319,-0.008852057087345743
2020-07-14,298.9144,0.01205743612508655
2020-07-15,301.8592,0.00980343871541889
2020-07-16,300.9214,-0.003111582412054678
2020-07-17,301.8029,0.0029250542196661324
2020-07-20,304.3069,0.008262576337462598
2020-07-21,304.8321,0.001724401590254136
2020-07-22,306.4264,0.0052164628067200465
2020-07-23,302.7689,-0.012007787804274599
2020-07-24,300.8276,-0.006432465044763735
2020-07-27,303.0877,0.007484859388321197
2020-07-28,301.2121,-0.006207534812291299
2020-07-29,304.6352,0.011300327414745851
2020-07-30,303.6598,-0.0032069993538869105
2020-07-31,306.0888,0.007967260109613785
2020-08-03,308.1895,0.006839597587084212
2020-08-04,309.4837,0.004190571628950288
2020-08-05,311.4532,0.00634366102165797
2020-08-06,313.507,0.006572602202574275
2020-08-07,313.6758,0.0005382800806263985
2020-08-10,314.7168,0.003313218367914202
2020-08-11,311.8752,-0.00907007903273923
2020-08-12,316.0954,0.013440958970693737
2020-08-13,315.8235,-0.0008605535196989873
2020-08-14,315.5984,-0.0007129939887609381
2020-08-17,316.8082,0.003826024193297279
2020-08-18,317.4365,0.0019812548864055557
2020-08-19,316.0767,-0.004292892676282081
2020-08-20,317.3052,0.003879181077145764
2020-08-21,318.3931,0.0034226961501971653
2020-08-24,321.3942,0.009381624210902472
2020-08-25,322.7447,0.0041932011211007845
2020-08-26,325.877,0.009658401344282004
2020-08-27,326.7117,0.0025581210805169026
2020-08-28,328.7374,0.006181125123336021
2020-08-31,328.0059,-0.002227659734035279
2020-09-01,330.6599,0.008058758670458025
2020-09-02,335.5179,0.014584953494976575
2020-09-03,324.7516,-0.03261472578728525
2020-09-04,321.2723,-0.010771532262753486
2020-09-08,313.1131,-0.025724583017695955
2020-09-09,318.0368,0.015602632230252784
2020-09-10,313.1319,-0.015542591830710722
2020-09-11,313.4039,0.0008682664808240054
2020-09-14,317.4084,0.012696498765161974
2020-09-15,319.3216,0.006009472642199822
2020-09-16,317.8023,-0.0047692540801083285
2020-09-17,315.4859,-0.007315501316685313
2020-09-18,310.0933,-0.017240770076455473
2020-09-21,306.9141,-0.010305316065084813
2020-09-22,309.7088,0.009064597295902239
2020-09-23,302.7783,-0.022631646639959403
2020-09-24,303.566,0.002598195260091616
2020-09-25,307.9738,0.014415664629911307
2020-09-28,313.2351,0.01693931238262512
2020-09-29,311.9784,-0.004020072159216509
2020-09-30,312.7286,0.0024017671024220643
2020-10-01,316.0017,0.010411871573163537
2020-10-02,313.1507,-0.009063048999882412
2020-10-05,318.3931,0.016602238561745874
2020-10-06,314.398,-0.012627083669477204
2020-10-07,319.3778,0.015715028831162464
2020-10-08,322.3133,0.009149325828486937
2020-10-09,325.3143,0.009267738063878076
2020-10-12,330.463,0.015702909501001394
2020-10-13,328.5123,-0.005920421290121048
2020-10-14,326.299,-0.006760141215911296
2020-10-15,325.9145,-0.0011790619008772629
2020-10-16,325.5675,-0.0010652636076337154
2020-10-19,321.141,-0.013689534398250644
2020-10-20,321.6005,0.0014298130065731555
2020-10-21,321.835,0.0007288998209839764
2020-10-22,323.2417,0.004361348750554994
2020-10-23,323.8325,0.0018260662043685669
2020-10-26,318.4494,-0.016762814116515
2020-10-27,317.2771,-0.0036880681512782383
2020-10-28,306.4921,-0.034583544371647915
2020-10-29,309.4462,0.009592268092185996
2020-10-30,306.8016,-0.008582963655261682
2020-11-02,309.7651,0.009612983708818605
2020-11-03,314.6793,0.015739756664373904
2020-11-04,322.2101,0.023649792264460862
2020-11-05,328.4654,0.019227687891293047
2020-11-06,328.4842,5.723422315836318e-05
2020-11-09,332.6575,0.01262469279801833
2020-11-10,332.4887,-0.0005075575974839954
2020-11-11,334.6082,0.006354420570313396
2020-11-12,331.6353,-0.008924423972448317
2020-11-13,335.8649,0.012673124618826328
2020-11-16,340.0289,0.012321618225219445
2020-11-17,338.322,-0.005032509288134678
2020-11-18,334.5613,-0.011177983336381297
2020-11-19,335.7055,0.0034141661542835193
2020-11-20,332.9576,-0.008219132981375091
2020-11-23,335.2272,0.006793356354224319
2020-11-24,340.676,0.016123368079987325
2020-11-25,340.0945,-0.001708358812331428
2020-11-27,341.0886,0.002918747413831104
2020-11-30,340.0757,-0.0029740276951630003
2020-12-01,343.1518,0.009004674973485541
2020-12-02,344.024,0.002538507521285997
2020-12-03,343.6114,-0.001200054707819026
2020-12-04,346.8844,0.009480215558819192
2020-12-07,346.0591,-0.0023820135125837963
2020-12-08,347.2689,0.003489838079070481
2020-12-09,343.752,-0.010178940653437121
2020-12-10,343.9584,0.0006002526825163767
2020-12-11,343.1612,-0.0023204122184778482
2020-12-14,342.1952,-0.0028189731348594953
2020-12-15,346.256,0.01179705139641394
2020-12-16,347.297,0.0030019357763799554
2020-12-17,349.1914,0.005439874294029146
2020-12-18,347.9298,-0.0036194606541830494
2020-12-21,346.065,-0.005374116601811192
2020-12-22,345.8484,-0.000626089932859735
2020-12-23,346.2816,0.0012517881223693531
2020-12-24,347.4683,0.003421120947000144
2020-12-28,350.3315,0.008206411261634907
2020-12-29,349.87,-0.0013181921684725314
2020-12-30,349.9641,0.00026892087872563107
2020-12-31,352.752,0.007934682660545938
2021-01-04,347.4589,-0.015118875825921087
2021-01-05,349.6816,0.006376641527875135
2021-01-06,351.2168,0.004380670451166266
2021-01-07,357.0279,0.016410233378747287
2021-01-08,359.3165,0.006389685705899942
2021-01-11,357.1974,-0.005915045551925642
2021-01-12,356.7924,-0.0011344701099007762
2021-01-13,357.6965,0.002530761450723203
2021-01-14,356.4722,-0.0034286050322216315
2021-01-15,353.3736,-0.008730402240118874
2021-01-19,356.4251,0.008598265394970113
2021-01-20,361.2943,0.013568742062094588
2021-01-21,361.8312,0.0014849430663359856
2021-01-22,360.5126,-0.0036508971618227277
2021-01-25,362.2173,0.004717400404621393
2021-01-26,361.5675,-0.0017955618150088842
2021-01-27,353.27,-0.02321610907151066
2021-01-28,355.2855,0.005689054522972038
2021-01-29,349.2295,-0.017192392405581604
2021-02-01,354.0046,0.013580608193611956
2021-02-02,358.9115,0.013765932592215296
2021-02-03,359.9381,0.002856232229724174
2021-02-04,363.6395,0.010230920044891465
2021-02-05,365.2029,0.004290097277149387
2021-02-08,367.7458,0.006938849070542158
2021-02-09,367.7458,0.0
2021-02-10,367.5198,-0.0006147438615850415
2021-02-11,367.9436,0.0011524708011498425
2021-02-12,370.0816,0.005793856309602056
2021-02-16,369.5636,-0.001400671794227454
2021-02-17,369.5636,0.0
2021-02-18,368.2073,-0.003676755285228728
2021-02-19,367.1525,-0.0028688017033810112
2021-02-22,364.7414,-0.006588683748557883
2021-02-23,365.2312,0.0013419683793771723
2021-02-24,368.9985,0.01026200128031166
2021-02-25,360.5597,-0.023135032648618045
2021-02-26,358.3464,-0.006157429997900007
2021-03-01,366.6533,0.022916598563318097
2021-03-02,364.1575,-0.006830248548303594
2021-03-03,359.1564,-0.013828518145642602
2021-03-04,355.1819,-0.011127895602023182
2021-03-05,361.4921,0.01761013535892695
2021-03-08,359.5237,-0.005460088087532788
2021-03-09,364.5719,0.013943688628140037
2021-03-10,366.9453,0.006489002112558101
2021-03-11,370.4583,0.009528097170021645
2021-03-12,371.2494,0.0021331861594278342
2021-03-15,373.4345,0.0058685471008711396
2021-03-16,372.86,-0.001539606987542892
2021-03-17,374.1879,0.0035550636004799373
2021-03-18,368.8289,-0.014425226799552724
2021-03-19,368.3474,-0.0013063362684716303
2021-03-22,371.1916,0.007691856745882761
2021-03-23,368.1585,-0.008204819382413244
2021-03-24,366.0513,-0.005740064449494657
2021-03-25,368.1868,0.005816930561124382
2021-03-26,374.0736,0.01586215142261547
2021-03-29,373.8469,-0.0006062141817014307
2021-03-30,372.798,-0.0028096373256061135
2021-03-31,374.7729,0.005283524530483782
2021-04-01,378.7415,0.010533671806861164
2021-04-05,383.7874,0.013234839108423616
2021-04-06,383.7023,-0.00022176193465208926
2021-04-07,384.2409,0.0014027081386019185
2021-04-08,386.2064,0.0051022419417025315
2021-04-09,388.871,0.006875727501653634
2021-04-12,389.2018,0.0008503060894334961
2021-04-13,390.1278,0.0023764025793000265
2021-04-14,389.1545,-0.0024979407490514313
2021-04-15,392.8964,0.009569526882698357
2021-04-16,394.1248,0.003121646526243311
2021-04-19,392.3578,-0.004493431827006461
2021-04-20,389.2018,-0.008076203412183952
2021-04-21,392.8491,0.00932759349577524
2021-04-22,389.6931,-0.008066062408186693
2021-04-23,393.6523,0.010108526106847423
2021-04-26,394.7201,0.0027088737580344183
2021-04-27,394.6823,-9.576864734362727e-05
2021-04-28,394.3609,-0.0008146575948571333
2021-04-29,396.6666,0.005829649487268032
2021-04-30,394.5783,-0.005278529691211089
2021-05-03,395.1453,0.0014359456838485812
2021-05-04,392.3956,-0.006983030782430724
2021-05-05,392.594,0.0005054844146329618
2021-05-06,396.0618,0.008794260689287446
2021-05-07,398.9344,0.007226732660968327
2021-05-10,394.7862,-0.010452639804207735
2021-05-11,391.7814,-0.007640321358172314
2021-05-12,383.5889,-0.02113262498439718
2021-05-13,387.5009,0.010146765172807104
2021-05-14,393.8696,0.016301718678752568
2021-05-17,392.5373,-0.003388325495745154
2021-05-18,389.249,-0.008412322886580646
2021-05-19,388.3513,-0.002308899311907221
2021-05-20,392.2066,0.009878399413688607
2021-05-21,392.4995,0.0007465215667437223
2021-05-24,396.128,0.009202128013098238
2021-05-25,395.1642,-0.0024360166234754766
2021-05-26,395.8729,0.0017918254140418593
2021-05-27,396.4682,0.0015026359531554174
2021-05-28,397.0257,0.0014051780151884945
2021-06-01,396.4682,-0.001405178015188497
2021-06-02,397.1391,0.0016907610598430175
2021-06-03,395.7028,-0.0036231727188930514
2021-06-04,399.095,0.008536059353714424
2021-06-07,398.9911,-0.00026037291111070135
2021-06-08,399.0289,9.473446787866947e-05
2021-06-09,398.443,-0.0014693937314129088
2021-06-10,400.3801,0.004849894293123503
2021-06-11,400.8904,0.001273727334256668
2021-06-14,401.9392,0.00261276015891139
2021-06-15,401.1077,-0.0020708636000105235
2021-06-16,399.0572,-0.005125204788401427
2021-06-17,398.821,-0.0005920703357980112
2021-06-18,391.7058,-0.018001646862616447
2021-06-21,397.6871,0.01515446736503159
2021-06-22,399.662,0.004953674716599457
2021-06-23,399.5486,-0.00028378002183902725
2021-06-24,401.618,0.005165978217834263
2021-06-25,403.2999,0.004179065834682769
2021-06-28,403.8196,0.001287789656482487
2021-06-29,404.2259,0.0010056365247776812
2021-06-30,404.9535,0.0017983655938235373
2021-07-01,406.73,0.004377328938254331
2021-07-02,409.6875,0.007245099319765706
2021-07-06,408.7899,-0.002193341831659487
2021-07-07,410.3679,0.0038527422968712326
2021-07-08,406.9284,-0.008416825832537412
2021-07-09,411.4545,0.011061194331589055
2021-07-12,413.0609,0.00389659679506182
2021-07-13,411.6908,-0.0033224575598839387
2021-07-14,412.3711,0.0016510899352270131
2021-07-15,410.8403,-0.003719097584075668
2021-07-16,407.8355,-0.007340667680399314
2021-07-19,401.429,-0.01583322594064565
2021-07-20,407.2497,0.014395829946066144
2021-07-21,410.727,0.008502249385100571
2021-07-22,411.6152,0.0021601721166376402
2021-07-23,415.5082,0.009413417024118605
2021-07-26,416.7933,0.003088066094419568
2021-07-27,414.5728,-0.005341823007156485
2021-07-28,414.5066,-0.00015969519961696245
2021-07-29,416.4532,0.004685193100369802
2021-07-30,414.724,-0.004160851608435212
2021-08-02,413.7129,-0.0024409837418997707
2021-08-03,416.472,0.006646977459141855
2021-08-04,414.8846,-0.0038188231840384935
2021-08-05,417.2847,0.0057683133827731116
2021-08-06,418.1918,0.002171456304112697
2021-08-09,417.9272,-0.0006329242819097743
2021-08-10,418.0501,0.0002940271246250063
2021-08-11,419.2596,0.0028890166714877624
2021-08-12,420.5352,0.0030378873053677623
2021-08-13,421.2911,0.0017958578940923413
2021-08-16,422.5668,0.003023497135764661
2021-08-17,419.2596,-0.00785724233522489
2021-08-18,415.0736,-0.010034444569619274
2021-08-19,415.7539,0.0016376447626979438
2021-08-20,418.806,0.007314306874879364
2021-08-23,422.7557,0.009386665292539594
2021-08-24,423.3132,0.0013178597645811954
2021-08-25,424.2771,0.002274448906578305
2021-08-26,421.8486,-0.0057402976140740695
2021-08-27,425.4488,0.008498129857688573
2021-08-30,427.1969,0.004100419316714964
2021-08-31,427.0268,-0.00039825634022640043
2021-09-01,427.074,0.0001105255961545459
2021-09-02,428.3213,0.0029163145600924725
2021-09-03,427.9906,-0.0007723821575774253
2021-09-07,426.5921,-0.0032729453765306766
2021-09-08,425.9968,-0.001396452843193786
2021-09-09,424.296,-0.004000509632236452
2021-09-10,421.0643,-0.007645771260283237
2021-09-13,422.2266,0.0027565831340104247
2021-09-14,419.6564,-0.0061058555287728244
2021-09-15,423.0959,0.008162586081759038
2021-09-16,422.3116,-0.0018554371117020423
2021-09-17,417.9219,-0.01044885722451044
2021-09-20,411.3431,-0.01586691352478728
2021-09-21,411.0114,-0.000806708099702951
2021-09-22,414.898,0.00941175555070183
2021-09-23,420.0548,0.012352472068068334
2021-09-24,420.9364,0.0020965744301055106
2021-09-27,419.486,-0.003451601099520435
2021-09-28,411.6275,-0.01891133811989298
2021-09-29,411.9498,0.000782683098364238
2021-09-30,407.5419,-0.010757747784689884
2021-10-01,411.656,0.010044299646121297
2021-10-04,406.6413,-0.012256579062616601
2021-10-05,410.471,0.009373810778282884
2021-10-06,412.2627,0.0043554866718541595
2021-10-07,415.7701,0.008471695751765618
2021-10-08,415.0686,-0.0016886554916070006
2021-10-11,411.8266,-0.007841420803890614
2021-10-12,410.6037,-0.0029738712235383327
2021-10-13,412.4996,0.0046067203299457685
2021-10-14,419.3912,0.016568899814644742
2021-10-15,422.6143,0.007655806862336496
2021-10-18,423.9035,0.0030458922345359663
2021-10-19,427.2971,0.0079737208372932
2021-10-20,428.7664,0.0034326926513657953
2021-10-21,430.0367,0.0029583054053404037
2021-10-22,429.212,-0.0019195845236383566
2021-10-25,431.7809,0.005967314301797029
2021-10-26,432.3212,0.0012505468286979637
2021-10-27,430.4633,-0.004306759965486828
2021-10-28,434.5774,0.009511994105231
2021-10-29,435.2788,0.0016126806982881849
2021-11-01,436.0467,0.0017626023771993374
2021-11-02,437.734,0.0038620722505255446
2021-11-03,440.3409,0.005937779702698415
2021-11-04,442.4643,0.004810583569115356
2021-11-05,443.7725,0.0029522605023214956
2021-11-08,444.3697,0.0013448298932454235
2021-11-09,442.9762,-0.003140829625856109
2021-11-10,439.4782,-0.007927929922180766
2021-11-11,439.7911,0.0007117273700068899
2021-11-12,442.9288,0.0071091933355079805
2021-11-15,443.1752,0.0005561424084550781
2021-11-16,444.6351,0.0032887685935973385
2021-11-17,443.6492,-0.002219785725878384
2021-11-18,445.4882,0.004136599410461506
2021-11-19,444.5119,-0.0021939332177727394
2021-11-22,442.9383,-0.0035463435564156666
2021-11-23,443.6777,0.0016679152449627969
2021-11-24,445.0048,0.002986670687224775
2021-11-26,433.1365,-0.02703214780667869
2021-11-29,440.5589,0.016991227310641392
2021-11-30,433.2028,-0.016838169495696453
2021-12-01,427.4298,-0.013415914266711767
2021-12-02,433.4683,0.014028603459429502
2021-12-03,429.8566,-0.008367003130002146
2021-12-06,434.6437,0.01107495030332803
2021-12-07,444.0474,0.02140469849165451
2021-12-08,445.1754,0.0025370483191426603
2021-12-09,442.1041,-0.006922987100904598
2021-12-10,446.076,0.008943966381343324
2021-12-13,442.2557,-0.00860111949598068
2021-12-14,438.919,-0.007573335793993787
2021-12-15,445.9717,0.01594061129155295
2021-12-16,442.2747,-0.008324314848602587
2021-12-17,437.3949,-0.011094733876706578
2021-12-20,432.667,-0.010868069355081895
2021-12-21,440.1917,0.01724193483706979
2021-12-22,444.8626,0.01055515659514113
2021-12-23,447.9733,0.0069681619807910105
2021-12-27,454.0616,0.013499239231994743
2021-12-28,453.8142,-0.0005450084827105752
2021-12-29,454.2804,0.001026765363338622
2021-12-30,453.1483,-0.002495183560682153
2021-12-31,452.3397,-0.0017859987430839722
2022-01-03,454.4326,0.004616161557772918
2022-01-04,454.1662,-0.0005863974454593952
2022-01-05,445.6617,-0.018903066327120285
2022-01-06,445.0528,-0.0013672172056265876
2022-01-07,443.4832,-0.0035330062769830506
2022-01-10,442.7888,-0.0015670136077715804
2022-01-11,446.8698,0.009174370088608403
2022-01-12,448.3824,0.003379162741699012
2022-01-13,442.1704,-0.013951111612823506
2022-01-14,442.1799,2.1484698993905833e-05
2022-01-18,433.8656,-0.01898200412370591
2022-01-19,430.2032,-0.008477153514387605
2022-01-20,424.933,-0.012326145768719184
2022-01-21,416.6853,-0.01960024880966189
2022-01-24,418.0837,0.0033503910856787326
2022-01-25,413.4319,-0.011188842470010693
2022-01-26,412.2998,-0.002742054614936089
2022-01-27,410.3687,-0.00469473073751006
2022-01-28,419.8816,0.022916742881342815
2022-01-31,427.4254,0.017807003452539025
2022-02-01,431.1544,0.008686492385817524
2022-02-02,435.0167,0.008918158545124625
2022-02-03,424.933,-0.023452911718384192
2022-02-04,426.9402,0.0047124471447534495
2022-02-07,425.6655,-0.002990130020816336
2022-02-08,428.8523,0.007458744040721439
2022-02-09,434.9025,0.014009297432341443
2022-02-10,427.1495,-0.017987798987034426
2022-02-11,419.0255,-0.019202291789118354
2022-02-14,417.6366,-0.0033201008527296142
2022-02-15,423.9151,0.014921522926919884
2022-02-16,424.7237,0.001905640526217528
2022-02-17,415.7911,-0.021255869185816574
2022-02-18,413.3082,-0.0059894090428551415
2022-02-22,409.5316,-0.009179494037522424
2022-02-23,401.6358,-0.01946835976227506
2022-02-24,407.2389,0.01385428329466111
2022-02-25,416.5616,0.022634358705122412
2022-02-28,415.2679,-0.0031104957039038866
2022-03-01,409.2842,-0.014514073865452656
2022-03-02,416.4475,0.017350622980505055
2022-03-03,414.288,-0.005199019096295942
2022-03-04,411.0156,-0.007930214165115808
2022-03-07,399.153,-0.0292863679452932
2022-03-08,395.3858,-0.009482804942867329
2022-03-09,406.7062,0.028229060356922922
2022-03-10,404.6134,-0.005159014133834254
2022-03-11,399.7808,-0.012015646414119861
2022-03-14,397.336,-0.006134126557043953
2022-03-15,405.2507,0.019723617599043064
2022-03-16,414.2024,0.02184885530386322
2022-03-17,419.406,0.012484681270166368
2022-03-18,424.2721,0.011535570167395473
2022-03-21,423.9381,-0.0007875406762682613
2022-03-22,429.1198,0.01214868001484807
2022-03-23,423.4515,-0.013297148330920489
2022-03-24,429.8259,0.01494125728694541
2022-03-25,431.6867,0.0043198506759278285
2022-03-28,435.0552,0.007772825934660901
2022-03-29,440.3227,0.012034947600471944
2022-03-30,437.8226,-0.005694061688698635
2022-03-31,431.7249,-0.014025225659718825
2022-04-01,431.8394,0.00026518002347022295
2022-04-04,435.8186,0.009172341863001475
2022-04-05,430.7038,-0.01180548686057535
2022-04-06,425.9612,-0.011072352558526746
2022-04-07,428.2418,0.005339727017659983
2022-04-08,427.2494,-0.002320071662109332
2022-04-11,419.8158,-0.017551874016431244
2022-04-12,417.8977,-0.004579377918562435
2022-04-13,422.7262,0.011488022415700157
2022-04-14,417.745,-0.011853489622437206
2022-04-18,418.1363,0.0009362574054085621
2022-04-19,423.8141,0.013487459762947544
2022-04-20,424.6443,0.0019569616258176795
2022-04-21,417.6687,-0.016563342784989547
2022-04-22,406.0745,-0.02815189422708525
2022-04-25,409.1472,0.007538353188964336
2022-04-26,396.8659,-0.030476553243807727
2022-04-27,398.0492,0.002977175484582277
2022-04-28,407.7444,0.024064891766429446
2022-04-29,393.6214,-0.03525097388242583
2022-05-02,395.6826,0.005222841099147753
2022-05-03,397.3335,0.004163603702229867
2022-05-04,409.0231,0.028995655245330015
2022-05-05,395.3009,-0.03412438661363253
2022-05-06,392.2568,-0.007730519706276953
2022-05-09,380.7008,-0.029902962567189086
2022-05-10,380.6149,-0.00022566197009880735
2022-05-11,374.8798,-0.015182661553028791
2022-05-12,374.3072,-0.0015285906228864098
2022-05-13,383.0387,0.02305917783002681
2022-05-16,381.8554,-0.003094025549358702
2022-05-17,389.3559,0.019451832456008962
2022-05-18,373.8301,-0.04069241924495813
2022-05-19,371.2632,-0.006890171083739691
2022-05-20,372.0552,0.002130985321263359
2022-05-23,378.8686,0.01814721275883575
2022-05-24,376.1871,-0.007102817112607433
2022-05-25,379.2885,0.008210503218649747
2022-05-26,386.6362,0.019187069997990035
2022-05-27,396.2074,0.02445361230115542
2022-05-31,394.2035,-0.005070538104708451
2022-06-01,391.1308,-0.007825242523006249
2022-06-02,397.9633,0.017317759079507368
2022-06-03,391.6079,-0.01609870587801254
2022-06-06,392.8198,0.0030898984424314654
2022-06-07,396.1311,0.008394234530191067
2022-06-08,392.419,-0.009415070573459298
2022-06-09,383.1246,-0.023969883854357422
2022-06-10,371.9407,-0.02962582968015939
2022-06-13,357.1879,-0.04047245911557413
2022-06-14,356.5772,-0.0017112076480695782
2022-06-15,361.8924,0.01479616387241775
2022-06-16,350.3077,-0.03253501895200292
2022-06-17,351.0092,0.0020005228277134913
2022-06-21,359.2609,0.023236431538446678
2022-06-22,359.1171,-0.00040034634112030067
2022-06-23,361.8294,0.007524310878687437
2022-06-24,373.4546,0.03162361428195023
2022-06-27,372.4195,-0.0027755372240440717
2022-06-28,364.9633,-0.020224106500496254
2022-06-29,364.7524,-0.0005780333515427852
2022-06-30,361.2735,-0.0095834780164869
2022-07-01,365.4329,0.011447388990904061
2022-07-05,365.6916,0.0007076770394003505
2022-07-06,367.3113,0.004419362150309935
2022-07-07,372.5154,0.014068661852337403
2022-07-08,372.6112,0.00025713751335103735
2022-07-11,368.4231,-0.011303510761849744
2022-07-12,364.8003,-0.009881925430166898
2022-07-13,363.0657,-0.004766270944899377
2022-07-14,362.414,-0.0017966048541285314
2022-07-15,368.9693,0.0179262379781858
2022-07-18,366.3242,-0.0071947090788488
2022-07-19,376.1093,0.026361058968103025
2022-07-20,378.5244,0.006400743156448578
2022-07-21,382.3101,0.009951523602906768
2022-07-22,378.1315,-0.010990040676024177
2022-07-25,379.4733,0.003542219909375937
2022-07-26,374.8442,-0.012273765655822527
2022-07-27,384.0543,0.024273475867249362
2022-07-28,389.0475,0.012917495292221227
2022-07-29,395.0375,0.015279252970751693
2022-08-01,393.5136,-0.003865068217130394
2022-08-02,391.1847,-0.005935801920266475
2022-08-03,396.983,0.01471363164526659
2022-08-04,397.1363,0.0003860880900497177
2022-08-05,396.0342,-0.0027789755399779273
2022-08-08,395.9767,-0.00014520002212355137
2022-08-09,394.4912,-0.0037585378198299493
2022-08-10,402.4266,0.019915886660752405
2022-08-11,402.9441,0.0012851226676676496
2022-08-12,409.0491,0.015037355089078263
2022-08-15,410.8988,0.004511757729241441
2022-08-16,411.5696,0.0016311876510687953
2022-08-17,408.9724,-0.006330471014355024
2022-08-18,410.0266,0.002574363539424222
2022-08-19,404.5063,-0.0135547244817
2022-08-22,396.2546,-0.02061037720402842
2022-08-23,395.325,-0.00234872254753564
2022-08-24,396.2929,0.002445372906106711
2022-08-25,401.7557,0.01369060812930315
2022-08-26,388.2233,-0.03426350290311077
2022-08-29,386.067,-0.005569760009734649
2022-08-30,381.8021,-0.011108517993506673
2022-08-31,378.6586,-0.008267403969260841
2022-09-01,379.8758,0.003209349621468914
2022-09-02,375.9368,-0.010423313035019297
2022-09-06,374.1159,-0.0048554016998994835
2022-09-07,381.0929,0.018477534969774986
2022-09-08,383.9489,0.007466293390571604
2022-09-09,389.4692,0.014275315629952245
2022-09-12,394.0311,0.011645053746934895
2022-09-13,377.1827,-0.04370015474844645
2022-09-14,378.2561,0.002841793994112105
2022-09-15,374.2788,-0.010570505191873312
2022-09-16,371.1432,-0.008413002284419555
2022-09-19,374.1842,0.008160217576281137
2022-09-20,369.9114,-0.011484672034798112
2022-09-21,362.9056,-0.019120772155574724
2022-09-22,359.9128,-0.008280965460848987
2022-09-23,354.2927,-0.015738372236134935
2022-09-26,350.4242,-0.010978987046884171
2022-09-27,349.2309,-0.003411112581247675
2022-09-28,356.6216,0.020941967641045854
2022-09-29,349.5966,-0.01989535733054124
2022-09-30,344.3903,-0.015004311101200344
2022-10-03,352.9551,0.024565246143414658
2022-10-04,363.5119,0.029471180338354594
2022-10-05,363.3194,-0.0005296965183007657
2022-10-06,359.1525,-0.011535247819460179
2022-10-07,349.1154,-0.028344562803871536
2022-10-10,346.6614,-0.007054015528355353
2022-10-11,344.2556,-0.006964106320118304
2022-10-12,343.351,-0.0026311571816729712
2022-10-13,352.2718,0.025649789185126958
2022-10-14,344.2075,-0.023158363530323953
2022-10-17,353.1091,0.025532401141083433
2022-10-18,357.0258,0.01103097373762302
2022-10-19,354.7354,-0.006435888626180467
2022-10-20,351.8195,-0.008253899461286286
2022-10-21,360.4324,0.024186161815934085
2022-10-24,364.4839,0.011177958572765835
2022-10-25,370.1231,0.015353272630537922
2022-10-26,367.8232,-0.0062332650671469165
2022-10-27,365.8407,-0.005404395187818042
2022-10-28,374.521,0.023449883398762004
2022-10-31,371.5955,-0.007841979080618075
2022-11-01,370.2867,-0.0035283266205344884
2022-11-02,360.4902,-0.026812798560865672
2022-11-03,357.0546,-0.009576060627679885
2022-11-04,362.1646,0.014210093353606143
2022-11-07,365.5328,0.009257210630105749
2022-11-08,367.1591,0.0044392538549611164
2022-11-09,360.1534,-0.01926521729876467
2022-11-10,379.6117,0.052618836376886705
2022-11-11,383.1628,0.009311075961550532
2022-11-14,380.5356,-0.006880230111161817
2022-11-15,383.769,0.008461075047425331
2022-11-16,380.6992,-0.00803124708233802
2022-11-17,379.4578,-0.0032661702874295165
2022-11-18,381.0552,0.004200854815455528
2022-11-21,379.7561,-0.0034150419757536196
2022-11-22,384.741,0.013041176086186632
2022-11-23,387.2623,0.006531860587404947
2022-11-25,387.2142,-0.00012421293625265614
2022-11-28,381.2766,-0.015452932304105603
2022-11-29,380.449,-0.0021729618267896135
2022-11-30,391.9777,0.029852816264403347
2022-12-01,391.7468,-0.0005892376892153742
2022-12-02,391.2079,-0.001376580497186205
2022-12-05,384.7217,-0.01671891647305797
2022-12-06,379.0055,-0.014969498907250196
2022-12-07,378.5339,-0.0012450839149070185
2022-12-08,381.19,0.0069923055517997455
2022-12-09,378.2933,-0.00762811781675374
2022-12-12,383.5092,0.013693789418697967
2022-12-13,386.6945,0.008271365510968789
2022-12-14,384.5485,-0.0055650567679444785
2022-12-15,375.0022,-0.02513802621247377
2022-12-16,370.6133,-0.011772691662963995
2022-12-19,367.4617,-0.008540105422128626
2022-12-20,367.9741,0.0013934597225532372
2022-12-21,373.3299,0.01444992389284233
2022-12-22,368.4865,-0.013058403198643043
2022-12-23,370.0526,0.0042410817448210415
2022-12-27,369.0182,-0.0027991923789117963
2022-12-28,364.1361,-0.013318266465392905
2022-12-29,370.536,0.01742290715569009
2022-12-30,369.6853,-0.002298502824841262
2023-01-03,367.8001,-0.005112519125815181
2023-01-04,370.6423,0.007697862514469042
2023-01-05,366.959,-0.009987321378997422
2023-01-06,375.2247,0.022274921329220702
2023-01-09,374.7994,-0.001134097012573947
2023-01-10,377.6223,0.007503540221730356
2023-01-11,382.224,0.012112334452271325
2023-01-12,383.7611,0.004013399381319238
2023-01-13,385.2499,0.003871991063966868
2023-01-17,384.6409,-0.0015820428741846518
2023-01-18,378.5901,-0.01585608229085701
2023-01-19,376.3172,-0.006021684697106634
2023-01-20,382.3594,0.01592859922619467
2023-01-23,386.9321,0.011888221447330942
2023-01-24,387.1931,0.0006743095558435434
2023-01-25,386.9514,-0.000624431247276391
2023-01-26,391.1278,0.01073525705168163
2023-01-27,392.2492,0.002862991295336141
2023-01-30,387.5895,-0.011950562229052414
2023-01-31,392.7036,0.013108338978834864
2023-02-01,396.7059,0.010140071264230699
2023-02-02,402.7868,0.01521218959221947
2023-02-03,398.5911,-0.010471310320781975
2023-02-06,396.4546,-0.005374546753388051
2023-02-07,401.008,0.011419844604746574
2023-02-08,397.0443,-0.00993351586865783
2023-02-09,393.6123,-0.008681446673771138
2023-02-10,394.4051,0.002012138989530615
2023-02-13,399.1228,0.01189058528277047
2023-02-14,398.8618,-0.000654147985580199
2023-02-15,400.0799,0.0030492861840586936
2023-02-16,394.5307,-0.013967319877150542
2023-02-17,393.5737,-0.0024286134435450636
2023-02-21,386.12,-0.019120141859496963
2023-02-22,385.3079,-0.0021054470547330725
2023-02-23,387.3575,0.005305284298589435
2023-02-24,383.0071,-0.011294512356440894
2023-02-27,384.6602,0.0043068202989430295
2023-02-28,382.7364,-0.005013845592077063
2023-03-01,381.5666,-0.0030610920366567524
2023-03-02,384.5829,0.007873960849715235
2023-03-03,390.4994,0.015267062399128803
2023-03-06,391.0601,0.001434823826448782
2023-03-07,385.2789,-0.014893769003450847
2023-03-08,385.6076,0.0008527844758478119
2023-03-09,378.792,-0.01783303032100305
2023-03-10,373.1366,-0.015042669323885538
2023-03-13,372.6628,-0.0012705831185735362
2023-03-14,378.5987,0.015802815743944196
2023-03-15,376.5008,-0.005556632994522349
2023-03-16,382.6397,0.01617364327328435
2023-03-17,379.0479,-0.009431233024211451
2023-03-20,381.9204,0.007549627608967191
2023-03-21,387.1609,0.01362815896876949
2023-03-22,381.1926,-0.015535609688825313
2023-03-23,381.3867,0.0005090618226632638
2023-03-24,383.9778,0.006770917384183919
2023-03-27,384.725,0.0019440549333955826
2023-03-28,384.1234,-0.0015649382187129376
2023-03-29,389.2958,0.013375610832096244
2023-03-30,391.7802,0.006361502282406568
2023-03-31,397.0886,0.013458461345442596
2023-04-03,398.6898,0.004024241323684954
2023-04-04,396.6033,-0.005247134137582135
2023-04-05,395.6135,-0.002498812231780604
2023-04-06,397.04,0.0035993067337149608
2023-04-10,397.4573,0.0010504756614632092
2023-04-11,397.7679,0.0007811624073141654
2023-04-12,395.9337,-0.004621896352909551
2023-04-13,401.048,0.012834347896082711
2023-04-14,400.3687,-0.0016952483338189188
2023-04-17,401.7273,0.003387627663712685
2023-04-18,401.6788,-0.00012073595174073114
2023-04-19,401.6885,2.4148356549702916e-05
2023-04-20,399.8446,-0.004600941003533194
2023-04-21,400.029,0.00046107285767847293
2023-04-24,400.4754,0.0011152969209729002
2023-04-25,394.2451,-0.01567954429706197
2023-04-26,392.5663,-0.004267356948882846
2023-04-27,400.0193,0.018807355788976136
2023-04-28,403.8526,0.009537163957516548
2023-05-01,403.5032,-0.0008655416157612116
2023-05-02,398.7577,-0.011830454028303872
2023-05-03,395.9822,-0.006984703508167484
2023-05-04,393.003,-0.007552015321360438
2023-05-05,400.2328,0.018229132383753986
2023-05-08,400.4948,0.0006544048421710885
2023-05-09,398.9227,-0.003933118868733561
2023-05-10,400.7763,0.00463575250067479
2023-05-11,399.9708,-0.002011871842425715
2023-05-12,399.3788,-0.001481204489839417
2023-05-15,400.6113,0.0030812905688430213
2023-05-16,398.1172,-0.006245196224585302
2023-05-17,402.7269,0.011512230434711307
2023-05-18,406.8513,0.010189097685895456
2023-05-19,406.2981,-0.0013606357831569586
2023-05-22,406.434,0.0003344275469535077
2023-05-23,401.8923,-0.011237411905329222
2023-05-24,398.7965,-0.007732880556660578
2023-05-25,402.4357,0.009084070824000562
2023-05-26,407.7635,0.013152016931242716
2023-05-30,407.715,-0.00011894856837363306
2023-05-31,405.6964,-0.004963304285907907
2023-06-01,409.1804,0.00855103797094273
2023-06-02,415.1971,0.014597212649456218
2023-06-05,414.4984,-0.0016842327460214513
2023-06-06,415.4301,0.002245254600618365
2023-06-07,413.9841,-0.00348680180545014
2023-06-08,416.2743,0.005516850678389319
2023-06-09,417.3321,0.0025378897469212815
2023-06-12,420.884,0.008474953557985799
2023-06-13,423.5915,0.0064122861518423144
2023-06-14,424.4164,0.0019455013572054797
2023-06-15,429.4628,0.011820076550279071
2023-06-16,428.2839,-0.002748831892495727
2023-06-20,425.6345,-0.0062052966686579215
2023-06-21,423.7253,-0.0044956288619214385
2023-06-22,425.2059,0.0034881542844269085
2023-06-23,421.9038,-0.007796196231268489
2023-06-26,420.5012,-0.003329992808926255
2023-06-27,424.5922,0.009681845715143727
2023-06-28,425.2741,0.0016047233460889671
2023-06-29,426.8423,0.003680721954089941
2023-06-30,431.4301,0.010690880183888484
2023-07-03,432.5113,0.002502948844572588
2023-07-05,431.5957,-0.002119182792543886
2023-07-06,428.3326,-0.007589273808223617
2023-07-07,427.3878,-0.0022081988086643223
2023-07-10,428.1768,0.001844396609369347
2023-07-11,430.7385,0.005964983033028538
2023-07-12,434.5471,0.008803161859619
2023-07-13,437.9661,0.00783717083000907
2023-07-14,437.3719,-0.0013576471974697949
2023-07-17,438.9401,0.0035790943728768922
2023-07-18,442.213,0.0074287091571972
2023-07-19,443.1578,0.0021342478397330137
2023-07-20,440.6447,-0.005687032506223186
2023-07-21,440.5181,-0.00028734758405844475
2023-07-24,442.3396,0.00412637865548696
2023-07-25,443.4695,0.0025511153877289766
2023-07-26,443.6156,0.0003293934287048927
2023-07-27,440.8395,-0.00627755805047679
2023-07-28,444.9014,0.009171820957251695
2023-07-31,445.9631,0.0023835285896898722
2023-08-01,444.5312,-0.0032159694545237406
2023-08-02,438.5115,-0.01363420647874961
2023-08-03,437.2258,-0.002936270782897309
2023-08-04,435.2095,-0.004622242107519831
2023-08-07,438.8914,0.008424477713967279
2023-08-08,437.1576,-0.003958231248949905
2023-08-09,434.4887,-0.0061238333498442495
2023-08-10,434.2257,-0.0006054924565198699
2023-08-11,434.1672,-0.00013473164068597557
2023-08-14,436.466,0.005280766555009633
2023-08-15,431.4594,-0.011537064206259209
2023-08-16,428.2644,-0.007432653856489462
2023-08-17,424.9526,-0.007763128565043691
2023-08-18,425.5371,0.0013745024590481013
2023-08-21,427.6313,0.00490923997175975
2023-08-22,426.7352,-0.0020976953768535875
2023-08-23,431.3327,0.010716037729617704
2023-08-24,425.4202,-0.013802331717320298
2023-08-25,428.6736,0.007618403823132534
2023-08-28,431.1574,0.005777430469083567
2023-08-29,437.479,0.014555483994379599
2023-08-30,439.2616,0.004066430723981897
2023-08-31,438.9401,-0.0007321780733574473
2023-09-01,439.3785,0.000998271097542691
2023-09-05,437.742,-0.003731532666106487
2023-09-06,434.5471,-0.007325356436852365
2023-09-07,433.164,-0.0031879301102833353
2023-09-08,433.914,0.0017299486021906153
2023-09-11,436.8654,0.006778780714962494
2023-09-12,434.5179,-0.005387997862921933
2023-09-13,435.151,0.0014559566562346584
2023-09-14,438.7161,0.008159409546696925
2023-09-15,433.6333,-0.01165326076817862
2023-09-18,433.6724,9.016428700149775e-05
2023-09-19,432.9588,-0.0016468369965860097
2023-09-20,428.6286,-0.010051763662012311
2023-09-21,421.5809,-0.016579117102344547
2023-09-22,421.0042,-0.0013688827159502126
2023-09-25,422.5877,0.003754189341580964
2023-09-26,416.3415,-0.014891162263594094
2023-09-27,416.5077,0.00039911187332876185
2023-09-28,418.6875,0.0052198694375207065
2023-09-29,417.6611,-0.0024544801421159273
2023-10-02,417.886,0.000538329928812866
2023-10-03,412.3632,-0.013304153647583833
2023-10-04,414.8851,0.0060971000183455614
2023-10-05,414.8948,2.3379693820918352e-05
2023-10-06,419.8312,0.01182773161037858
2023-10-09,422.4899,0.006312815455903492
2023-10-10,424.66,0.005123307567599856
2023-10-11,426.5954,0.004547174290632586
2023-10-12,424.0148,-0.006067662761133665
2023-10-13,421.6102,-0.005687169800266181
2023-10-16,426.0382,0.010447823127756143
2023-10-17,426.0871,0.00011477185351431378
2023-10-18,421.1214,-0.011722632304694097
2023-10-19,416.7423,-0.010453108003981403
2023-10-20,411.5127,-0.012628162817145754
2023-10-23,411.3563,-0.0003801334158496097
2023-10-24,414.7678,0.00825909664728033
2023-10-25,408.375,-0.015532975648526223
2023-10-26,403.3605,-0.01235516689492751
2023-10-27,401.6401,-0.004274289035916724
2023-10-30,406.293,0.011518160206094651
2023-10-31,408.5412,0.0055181918110142085
2023-11-01,413.1354,0.011182618260412513
2023-11-02,420.9357,0.018704706158363768
2023-11-03,425.0998,0.009843874460823758
2023-11-06,425.7938,0.0016312266395909249
2023-11-07,426.9668,0.002751066922669729
2023-11-08,427.2405,0.0006408280738563872
2023-11-09,425.0915,-0.005042646653604838
2023-11-10,430.8963,0.01356301803627145
2023-11-13,430.3783,-0.0012028685449623584
2023-11-14,438.9899,0.0198118166158767
2023-11-15,439.293,0.0006902104368257932
2023-11-16,440.0652,0.0017562813390246143
2023-11-17,440.5441,0.0010876561199418822
2023-11-20,443.8871,0.007559696945898625
2023-11-21,442.8412,-0.0023590100485792725
2023-11-22,444.8549,0.004536920809062636
2023-11-24,445.1481,0.0006588742074057041
2023-11-27,444.2586,-0.00200021046965885
2023-11-28,444.7082,0.0010115114272754436
2023-11-29,444.5714,-0.00030766476837906586
2023-11-30,446.106,0.003445919967281155
2023-12-01,448.6866,0.005768056541397271
2023-12-04,446.2429,-0.005461225881161054
2023-12-05,446.4579,0.0004816843541687997
2023-12-06,444.5225,-0.004344434611757504
2023-12-07,447.8167,0.007383324558297272
2023-12-08,449.7619,0.004334334720733868
2023-12-11,451.5502,0.003968219990970338
2023-12-12,453.6816,0.004709078798874057
2023-12-13,459.9668,0.013758682551016234
2023-12-14,461.4428,0.003203789633849633
2023-12-15,460.9327,-0.001106057244588713
2023-12-18,462.9545,0.004376731764286441
2023-12-19,466.0461,0.006655779152333501
2023-12-20,459.2053,-0.014787169520718488
2023-12-21,463.8378,0.01003753539666734
2023-12-22,464.9469,0.00238828337112512
2023-12-26,466.8901,0.004170692549828105
2023-12-27,467.6753,0.0016803536376518997
2023-12-28,467.8913,0.0004617522768297157
2023-12-29,466.3406,-0.003319735547763826
2024-01-02,463.7986,-0.005465862160535079
2024-01-03,460.0396,-0.00813783354000729
2024-01-04,458.5772,-0.003183920075061755
2024-01-05,459.3231,0.001625231333258189
2024-01-08,465.6437,0.013666865408625623
2024-01-09,465.2021,-0.00094881457944852
2024-01-10,467.7833,0.00553321967441304
2024-01-11,467.4103,-0.0007976958349135673
2024-01-12,467.8127,0.0008605434742999852
2024-01-16,466.213,-0.00342539089480453
2024-01-17,463.5041,-0.005827380535032382
2024-01-18,467.3122,0.008182326085494915
2024-01-19,473.466,0.013082547554538245
2024-01-22,474.5652,0.0023189120623150748
2024-01-23,475.9883,0.002994257689320628
2024-01-24,476.3613,0.0007833258271389171
2024-01-25,478.9523,0.005424410064249794
2024-01-26,478.2947,-0.0013739402754913204
2024-01-29,481.985,0.00768592352110692
2024-01-30,481.8182,-0.0003461287567115183
2024-01-31,473.8095,-0.01676152229973301
2024-02-01,479.9534,0.012883673677753461
2024-02-02,484.6153,0.00966636445918609
2024-02-05,483.045,-0.00324556330030217
2024-02-06,484.7822,0.003589900894837081
2024-02-07,488.6786,0.008005295761882573
2024-02-08,489.0123,0.0006826288614492297
2024-02-09,491.7505,0.005583831512704592
2024-02-12,491.6426,-0.0002194442902496925
2024-02-13,484.9,-0.01380934564391271
2024-02-14,489.6699,0.009788806504042326
2024-02-15,492.7124,0.006194146062566236
2024-02-16,490.0624,-0.005392906742400292
2024-02-20,487.3045,-0.0056435455709252695
2024-02-21,487.8738,0.0011675814867386897
2024-02-22,497.973,0.020489092836067282
2024-02-23,498.2871,0.0006305582455973598
2024-02-26,496.5401,-0.0035121713516089227
2024-02-27,497.5313,0.0019942236110891414
2024-02-28,496.6578,-0.0017572114294262871
2024-02-29,498.9643,0.004633292342970748
2024-03-01,503.2434,0.008539399573785788
2024-03-04,502.6349,-0.0012098880634533052
2024-03-05,497.9337,-0.009397125984739588
2024-03-06,500.5052,0.005151052680082794
2024-03-07,505.2652,0.009465451636293065
2024-03-08,502.7429,-0.005004533722146216
2024-03-11,501.8988,-0.001680400482335155
2024-03-12,507.2282,0.010562495203008775
2024-03-13,506.5019,-0.0014329260308529952
2024-03-14,505.3045,-0.0023668570568191162
2024-03-15,502.0947,-0.006372470540095217
2024-03-18,504.7037,0.0051827770883728875
2024-03-19,507.8147,0.006145092849345515
2024-03-20,512.1662,0.008532564483818448
2024-03-21,514.1253,0.0038178283258165423
2024-03-22,513.2196,-0.0017631863157906089
2024-03-25,511.9791,-0.002420019856473167
2024-03-26,511.0832,-0.0017514089396305221
2024-03-27,515.0409,0.007713920031857773
2024-03-28,514.9031,-0.00026758736556974544
2024-04-01,514.0564,-0.0016457405585049401
2024-04-02,510.8272,-0.006301614517096315
2024-04-03,511.6739,0.0016561355161893666
2024-04-04,505.4125,-0.012312580527996905
2024-04-05,510.3055,0.009634638452499936
2024-04-08,510.7386,0.0008483473455749833
2024-04-09,511.5558,0.0015987570196319546
2024-04-10,505.9047,-0.011108358722464762
2024-04-11,509.892,0.007850626958851083
2024-04-12,503.0694,-0.013470805837724628
2024-04-15,496.3453,-0.013456278883164306
2024-04-16,495.3608,-0.0019854679192051992
2024-04-17,492.299,-0.006200130466730584
2024-04-18,491.9445,-0.0007203502290424834
2024-04-19,487.2485,-0.009591645370174758
2024-04-22,491.4523,0.008590625149038479
2024-04-23,497.5857,0.01240291803973076
2024-04-24,497.7137,0.0002572090382163693
2024-04-25,496.4929,-0.002455828825846416
2024-04-26,500.4014,0.007841393068357926
2024-04-29,502.3999,0.003985839758750222
2024-04-30,494.3566,-0.01613929699059124
2024-05-01,492.5549,-0.0036511926379808345
2024-05-02,497.6645,0.010320228730424052
2024-05-03,503.5813,0.01181901362456707
2024-05-06,508.5137,0.009746988276117858
2024-05-07,509.1437,0.0012381378654186422
2024-05-08,509.1831,7.738183856040664e-05
2024-05-09,512.0185,0.005553080383334648
2024-05-10,512.5895,0.0011145727129038287
2024-05-13,512.8159,0.00044158145388910813
2024-05-14,515.159,0.004558679512060264
2024-05-15,521.1153,0.011495731573242287
2024-05-16,520.3572,-0.0014558236226007472
2024-05-17,520.9282,0.0010967215275140727
2024-05-20,521.9422,0.0019446334262533892
2024-05-21,522.8086,0.0016585777175064798
2024-05-22,521.9324,-0.001677353919169371
2024-05-23,517.6498,-0.008239125730226485
2024-05-24,521.3614,0.007144515454553445
2024-05-28,521.9422,0.001113386477335987
2024-05-29,517.8369,-0.00789652596822681
2024-05-30,514.3419,-0.006772108392727524
2024-05-31,519.3136,0.009619720186515761
2024-06-03,519.482,0.00032422163027116184
2024-06-04,520.0028,0.0010020349380323583
2024-06-05,526.1756,0.011800801153256522
2024-06-06,526.0378,-0.0002619240560667669
2024-06-07,525.5849,-0.0008613355873746734
2024-06-10,527.1207,0.0029178168893676873
2024-06-11,528.3218,0.0022760131764608424
2024-06-12,532.8603,0.008553720745967358
2024-06-13,534.1107,0.0023438323486350927
2024-06-14,534.2091,0.0001842145025830434
2024-06-17,538.4523,0.00791157793668134
2024-06-18,539.7814,0.0024653294979971475
2024-06-20,538.216,-0.0029042762075718108
2024-06-21,537.8002,-0.0007728508561421124
2024-06-24,535.8644,-0.0036059717301013955
2024-06-25,537.8891,0.003771261094237338
2024-06-26,538.4817,0.0011011076477999938
2024-06-27,539.5484,0.0019789806390973995
2024-06-28,537.6817,-0.003465743982590403
2024-07-01,538.6792,0.0018534680803863578
2024-07-02,541.8003,0.005777265891713735
2024-07-03,544.1016,0.004238510762770994
2024-07-05,547.519,0.006261170161392497
2024-07-08,548.3387,0.0014959974326495163
2024-07-09,549.0696,0.0013320477129119804
2024-07-10,554.245,0.009381617825487626
2024-07-11,549.3659,-0.008842123231245903
2024-07-12,553.0499,0.006683528508104886
2024-07-15,554.6302,0.002853352826657415
2024-07-16,557.613,0.005363588018846109
2024-07-17,549.6918,-0.014307415850499777
2024-07-18,546.0769,-0.006597949209397782
2024-07-19,542.4523,-0.006659653036782359
2024-07-22,547.9437,0.01007238916231527
2024-07-23,547.2819,-0.001208518282530177
2024-07-24,534.6791,-0.023297272309316445
2024-07-25,531.5482,-0.005872873446198302
2024-07-26,537.4545,0.011050224850052514
2024-07-29,538.0965,0.0011938068510871714
2024-07-30,534.1754,-0.007313662659959784
2024-07-31,544.5757,0.019282709892601883
2024-08-01,536.3088,-0.01529684475892766
2024-08-02,526.195,-0.019038248110129576
2024-08-05,511.9823,-0.027381812341146606
2024-08-06,515.4194,0.006690884047874485
2024-08-07,512.0811,-0.006497927244015408
2024-08-08,525.2172,0.025328880387879574
2024-08-09,526.3234,0.0021039613840181494
2024-08-12,526.8864,0.0010691128275218443
2024-08-13,535.0643,0.01540196105730633
2024-08-14,537.2274,0.0040345419705466335
2024-08-15,546.2053,0.016573443837300528
2024-08-16,547.4498,0.002275855591327212
2024-08-19,552.3487,0.008908781746156906
2024-08-20,551.8944,-0.0008228261070984935
2024-08-21,553.9191,0.003661923574903707
2024-08-22,549.3264,-0.008325846840728067
2024-08-23,555.0451,0.010356571343744424
2024-08-26,553.7018,-0.002423097024675558
2024-08-27,554.6599,0.0017288584378959105
2024-08-28,550.8573,-0.0068793411746068565
2024-08-29,551.8055,0.0017198371682053037
2024-08-30,556.3093,0.008128805426930943
2024-09-03,545.4448,-0.01972282595438417
2024-09-04,544.0226,-0.002610818474887275
2024-09-05,542.8769,-0.0021081993769232173
2024-09-06,533.2174,-0.017953369803340287
2024-09-09,539.8447,0.012352284672653997
2024-09-10,541.8102,0.0036342500058433257
2024-09-11,547.3906,0.01024686876402035
2024-09-12,551.8252,0.008068705088041422
2024-09-13,554.966,0.005675521147673292
2024-09-16,555.7167,0.001351781412123498
2024-09-17,556.092,0.0006751161674748832
2024-09-18,554.3734,-0.0030952812615777443
2024-09-19,563.6823,0.016652327987221716
2024-09-20,562.7948,-0.0015757092330206826
2024-09-23,564.4493,0.0029354798806655383
2024-09-24,565.7868,0.0023667632352946575
2024-09-25,564.6573,-0.001998330347996215
2024-09-26,567.0549,0.004237125988490093
2024-09-27,566.0146,-0.0018362515138014939
2024-09-30,568.0555,0.0035992522918223153
2024-10-01,563.8658,-0.0074028452926639425
2024-10-02,563.5378,-0.00058186794729833
2024-10-03,562.5174,-0.0018123450418772154
2024-10-04,567.4908,0.00880247083692341
2024-10-07,562.666,-0.008538336117438544
2024-10-08,567.5899,0.008712949253318242
2024-10-09,571.5626,0.006974862637877498
2024-10-10,570.7205,-0.00147441584761874
2024-10-11,574.2276,0.006126235710896854
2024-10-14,578.8543,0.00802497173877429
2024-10-15,574.4852,-0.007576469721006035
2024-10-16,576.7242,0.003889827208058238
2024-10-17,577.1205,0.0006869208925312477
2024-10-18,579.1119,0.0034446396227719943
2024-10-21,578.2202,-0.0015409581682717314
2024-10-22,577.6654,-0.0009599566645778674
2024-10-23,572.4245,-0.009113959313216576
2024-10-24,574.1187,0.0029553203631289926
2024-10-25,573.6629,-0.0007942277937889461
2024-10-28,575.3273,0.002897154674041663
2024-10-29,576.6252,0.002253392477908409
2024-10-30,573.6629,-0.005150547151949942
2024-10-31,563.9341,-0.017104540872205854
2024-11-01,566.0939,0.003822564803555512
2024-11-04,564.4394,-0.0029269393146956497
2024-11-05,571.414,0.012280964533084927
2024-11-06,585.7496,0.024778403780898153
2024-11-07,589.9997,0.007229633922577583
2024-11-08,592.7441,0.004640742864844519
2024-11-11,592.8035,0.00010020685807923804
2024-11-12,591.5156,-0.0021749214509462146
2024-11-13,591.6642,0.0002511875215946739
2024-11-14,587.7509,-0.006636025536332946
2024-11-15,580.8654,-0.011784158205203586
2024-11-18,582.6883,0.0031333345274965597
2024-11-19,585.1948,0.004292388250907136
2024-11-20,585.2047,1.691730046058262e-05
2024-11-21,588.167,0.005049220623880567
2024-11-22,590.3066,0.0036311417598475218
2024-11-25,591.8227,0.0025650338440170823
2024-11-26,595.3794,0.005991752610242756
2024-11-27,593.2593,-0.0035672778419079745
2024-11-29,597.1825,0.006591190267701449
2024-12-02,598.193,0.001690682535657888
2024-12-03,598.3119,0.00019874553023788966
2024-12-04,601.7299,0.005696483643845709
2024-12-05,600.7788,-0.0015818599870863772
2024-12-06,602.2946,0.002519880835342747
2024-12-09,598.936,-0.005591946711830774
2024-12-10,597.3212,-0.0026997555054436256
2024-12-11,601.6011,0.007139608930940776
2024-12-12,598.7082,-0.004820266911818303
2024-12-13,598.4704,-0.0003972673803682817
2024-12-16,601.2047,0.0045584087469803
2024-12-17,598.2723,-0.0048894740658820095
2024-12-18,580.8258,-0.029595117468732304
2024-12-19,580.9348,0.00018764623334587143
2024-12-20,588.4508,0.012854790581597692
2024-12-23,591.5721,0.0052902486546295155
2024-12-24,597.4867,0.009948454662537775
2024-12-26,597.6657,0.00029954339101583054
2024-12-27,591.582,-0.01023126312443449
2024-12-30,584.5044,-0.01203599572494764
2024-12-31,582.6952,-0.003100072085245503
2025-01-02,581.4824,-0.002083531651426571
2025-01-03,588.3017,0.011659206599712868
2025-01-06,592.1089,0.006450659121114304
2025-01-07,585.2996,-0.011566717782759736
2025-01-08,586.4229,0.0019173487649598233
2025-01-10,577.2577,-0.01575241439820619
2025-01-13,578.043,0.0013594731154359869
2025-01-14,579.1365,0.0018899407144477786
2025-01-15,589.2858,0.017373094084640852
2025-01-16,588.1227,-0.001975695569268212
2025-01-17,593.9578,0.009872673469138381
2025-01-21,599.5842,0.009428141912778285
2025-01-22,602.7701,0.005299448683480263
2025-01-23,605.797,0.005009082787328065
2025-01-24,604.2065,-0.00262891952961164
2025-01-27,595.767,-0.014066375890619863
2025-01-28,600.5981,0.008076341009834679
2025-01-29,597.3674,-0.005393657550516422
2025-01-30,601.7214,0.007262212999934666
2025-01-31,598.4708,-0.005416812320919521
2025-02-03,594.0175,-0.007468954961429936
2025-02-04,598.2223,0.007053643795063436
2025-02-05,600.5584,0.0038974650779045514
2025-02-06,602.0296,0.0024467244541604566
2025-02-07,597.5662,-0.007441540887825048
2025-02-10,600.9361,0.005623533439762611
2025-02-11,601.5524,0.001025041077669588
2025-02-12,599.9023,-0.002746838540840713
2025-02-13,605.807,0.009794644870988991
2025-02-14,605.8666,9.83763284897282e-05
2025-02-18,607.6559,0.0029489379829067894
2025-02-19,608.7593,0.0018141836810846913
2025-02-20,606.5923,-0.003566050016186074
2025-02-21,596.6815,-0.01647343127843686
2025-02-24,593.6994,-0.005010339528174403
2025-02-25,591.0651,-0.00444696704065433
2025-02-26,591.3335,0.0004539924262594102
2025-02-27,581.4526,-0.016850700741578066
2025-02-28,590.3991,0.015269293586130633
2025-03-03,580.886,-0.0162442247204473
2025-03-04,574.0767,-0.01179151308831397
2025-03-05,579.5838,0.009547248659255492
2025-03-06,569.7128,-0.017177885545806255
2025-03-07,572.1681,0.004300455124536741
2025-03-10,557.0784,-0.02672684526222065
2025-03-11,553.5396,-0.006372689756923337
2025-03-12,555.299,0.0031734131126213766
2025-03-13,548.619,-0.012102495900953063
2025-03-14,558.9373,0.018633090767970137
2025-03-17,563.4503,0.008041828547751807
2025-03-18,558.2613,-0.009251998489785215
2025-03-19,563.9771,0.010186515494319225
2025-03-20,562.5059,-0.0026120249244057773
2025-03-21,562.5868,0.00014381037249544328
2025-03-24,572.5873,0.017619779601134304
2025-03-25,573.9034,0.002295876587751228
2025-03-26,567.0636,-0.011989622724422642
2025-03-27,565.7375,-0.0023412770445932576
2025-03-28,553.8626,-0.02121354815863794
2025-03-31,556.3154,0.004418758056807208
2025-04-01,559.3464,0.005433559627403631
2025-04-02,562.8062,0.00616638229599788
2025-04-03,535.9356,-0.04892133692782078
2025-04-04,504.1097,-0.06122010148126837
2025-04-07,503.6112,-0.0009893613214977874
2025-04-08,495.0664,-0.017112646809128152
2025-04-09,542.6956,0.09185667843971788
2025-04-10,523.0038,-0.03695984361348886
2025-04-11,532.765,0.018491696564854956
2025-04-14,537.83,0.009462098720091823
2025-04-15,536.2347,-0.00297058673118741
2025-04-16,524.0208,-0.02304056017694641
2025-04-17,524.978,0.0018249787619712386
2025-04-21,512.465,-0.024123940954104764
2025-04-22,526.4537,0.02693097248829271
2025-04-23,533.7122,0.01369335387699428
2025-04-24,545.0985,0.021109769914914457
2025-04-25,548.9671,0.007072000295786474
2025-04-28,549.0768,0.00019980986254745052
2025-04-29,552.7659,0.006696262152309377
2025-04-30,553.3043,0.0009735368379393842
2025-05-01,557.5417,0.007629177316936488
2025-05-02,565.1193,0.013499560556495989
2025-05-05,561.7387,-0.00600006414652199
2025-05-06,557.123,-0.008250753751652486
2025-05-07,560.5333,0.006102610585774087
2025-05-08,563.873,0.0059403968494774
2025-05-09,562.6167,-0.0022304696098693977
2025-05-12,581.5308,0.033065357795072296
2025-05-13,584.7712,0.005556722594765083
2025-05-14,585.4891,0.0012269066805984728
2025-05-15,588.7395,0.005536244479243434
2025-05-16,592.289,0.006010880664013575
2025-05-19,592.7277,0.0007404115402620731
2025-05-20,590.7037,-0.0034205649325245347
2025-05-21,581.3015,-0.01604498292127436
2025-05-22,581.5009,0.00034296455176638585
2025-05-23,577.2834,-0.007279212572492781
2025-05-27,589.1084,0.020276900358755994
2025-05-28,585.2199,-0.006622533429182316
2025-05-29,587.9917,0.0047251581167292635
2025-05-30,588.6498,0.0011186076109374818
2025-06-02,591.1025,0.004157997460508892
2025-06-03,594.1336,0.005114772673600517
2025-06-04,594.0737,-0.00010082415762079198
2025-06-05,591.8104,-0.003817072423908413
2025-06-06,597.1845,0.00903979755783404
2025-06-09,597.673,0.0008176707719825047
2025-06-10,600.9135,0.005407215741992019
2025-06-11,599.3083,-0.002674840528758643
2025-06-12,601.7411,0.004051129499232197
2025-06-13,595.4397,-0.010527162136114218
2025-06-16,601.1229,0.009499281919515675
2025-06-17,596.1576,-0.008294344501718008
2025-06-18,596.3071,0.0002507411762934962
2025-06-20,595.2301,-0.0018077493397591169
2025-06-23,599.72,0.007514826149943023
2025-06-24,606.73,0.011621001931582641
2025-06-25,606.85,0.000197761994085543
2025-06-26,611.4996,0.007632657445451953
2025-06-27,614.4,0.004731880835639787
2025-06-30,617.93,0.0057290006004407324
2025-07-01,617.29,-0.0010362527440785606
2025-07-02,620.24,0.004767570220878931
2025-07-03,625.13,0.007853128196697045
2025-07-07,620.29,-0.0077725174899394315
