Date,Close,log_ret
2007-12-27,14.1765,-0.12348123490048192
2007-12-31,14.3075,0.009198211180036817
2008-01-04,14.7212,0.028504756416024034
2008-01-07,14.7454,0.0016425380220879762
2008-01-08,14.7729,0.0018632514715272671
2008-01-09,14.7591,-0.0009345795072771038
2008-01-10,15.128,0.024687489652674012
2008-01-11,15.2384,0.00727122651419554
2008-01-14,15.3418,0.006762571471757046
2008-01-15,15.3245,-0.0011282744794934112
2008-01-16,15.2935,-0.0020249533341689823
2008-01-17,15.0108,-0.018657959501887575
2008-01-18,15.0694,0.003896255618840788
2008-01-22,15.0384,-0.002059267761499711
2008-01-23,15.1487,0.007307789808853219
2008-01-24,15.3073,0.010415119101092477
2008-01-25,15.4314,0.008074555804892167
2008-01-28,15.4452,0.0008938808624574594
2008-01-29,15.6038,0.010216198874721097
2008-01-30,15.6452,0.0026496863401636846
2008-01-31,15.7003,0.0035156597758761697
2008-02-01,15.8495,0.00945813363243115
2008-02-04,15.7492,-0.006348383753580087
2008-02-05,15.6419,-0.006836359216190911
2008-02-06,15.6523,0.0006646599294994202
2008-02-07,15.6696,0.0011046585142806882
2008-02-08,15.6696,0.0
2008-02-11,15.6557,-0.0008874616308409156
2008-02-12,15.6973,0.0026536551151002522
2008-02-13,15.7007,0.00021657430494226862
2008-02-14,15.6627,-0.002423207853387301
2008-02-15,15.6661,0.00021705268081439793
2008-02-19,15.7457,0.0050681699479829066
2008-02-20,15.7319,-0.0008768140445346785
2008-02-21,15.7422,0.0006545064270427424
2008-02-22,15.7803,0.0024173221383419095
2008-02-25,15.9048,0.00785862381613196
2008-02-26,15.7838,-0.007636852879254634
2008-02-27,15.8495,0.0041538565036523135
2008-02-28,15.8391,-0.0006563874941398505
2008-02-29,15.6834,-0.009878738438978784
2008-03-03,15.7567,0.004662843490192759
2008-03-04,15.388,-0.023677686751412776
2008-03-05,15.0507,-0.0221634831488891
2008-03-06,15.0229,-0.001848798143121788
2008-03-07,15.0125,-0.0006925161919358612
2008-03-10,14.543,-0.03177340921052878
2008-03-11,14.8247,0.01918493039577407
2008-03-12,14.7969,-0.001877009220433367
2008-03-14,14.8108,0.0009389450056036426
2008-03-17,14.084,-0.05031724308371136
2008-03-18,14.2926,0.014702519515285182
2008-03-19,14.4908,0.013772044490449872
2008-03-20,14.4665,-0.0016783336639830636
2008-03-24,14.9673,0.03403218980858506
2008-03-25,14.9568,-0.0007017755207961954
2008-03-26,15.0229,0.004409657675690623
2008-03-27,14.9568,-0.004409657675690696
2008-03-28,14.8455,-0.007469256899628653
2008-04-01,15.0789,0.015599626599444721
2008-04-02,15.1489,0.0046315064364541554
2008-04-03,15.1908,0.002762059390028471
2008-04-04,15.2608,0.004597467673122308
2008-04-07,15.2153,-0.002985948583058488
2008-04-08,15.2328,0.0011494971395231855
2008-04-09,15.2643,0.002065770922609098
2008-04-10,15.2433,-0.0013767063496840466
2008-04-11,15.2153,-0.0018385617124481962
2008-04-14,15.0789,-0.009005084916546469
2008-04-15,15.0894,0.0006960949356761764
2008-04-16,15.3658,0.01815175005384187
2008-04-17,15.3623,-0.0002278045186742753
2008-04-18,15.5407,0.01154593287704183
2008-04-21,15.5022,-0.0024804396328646913
2008-04-22,15.5057,0.0002257489230076116
2008-04-23,15.4427,-0.004071298485298113
2008-04-24,15.5407,0.006325989195155271
2008-04-25,15.6457,0.00673372987917711
2008-04-28,15.7086,0.004012214234067377
2008-04-29,15.6596,-0.0031241856310222564
2008-04-30,15.7261,0.004237604992931193
2008-05-01,15.7279,0.00011445285190849517
2008-05-02,15.742,0.0008960944231478412
2008-05-05,15.749,0.0004445714721851564
2008-05-06,15.7033,-0.002905989842429375
2008-05-07,15.7631,0.0038008842443247224
2008-05-08,15.8475,0.005339993581845453
2008-05-09,15.7772,-0.0044458992999710945
2008-05-12,15.7561,-0.0013382679991695567
2008-05-13,15.7631,0.00044417371729531057
2008-05-14,15.8158,0.0033376747716658065
2008-05-15,15.9002,0.0053222473974231825
2008-05-16,16.0233,0.007712225172604758
2008-05-19,15.8545,-0.010590541236110702
2008-05-20,15.8545,0.0
2008-05-21,15.6787,-0.011150268377997166
2008-05-22,15.5872,-0.005853038691838287
2008-05-23,15.5345,-0.003386707690870396
2008-05-27,15.5028,-0.0020427041670972243
2008-05-28,15.5908,0.005660343926477334
2008-05-29,15.5802,-0.0006801193679122622
2008-05-30,15.6681,0.005625920888070735
2008-06-02,15.6315,-0.0023386891002997712
2008-06-03,15.4758,-0.01001059559967238
2008-06-04,15.2141,-0.01705488407188679
2008-06-05,15.4193,0.013397342067733986
2008-06-06,15.3662,-0.0034496794048344305
2008-06-09,15.2778,-0.005769497794992085
2008-06-10,15.2,-0.005105366462572605
2008-06-11,15.009,-0.012645406678052952
2008-06-12,15.0302,0.001411489222065431
2008-06-13,15.0974,0.0044610331685588775
2008-06-16,15.1965,0.006542594614902657
2008-06-17,15.1788,-0.0011654207203452682
2008-06-18,15.0833,-0.006311545928727365
2008-06-19,14.9383,-0.009659786787644334
2008-06-20,14.8322,-0.007127891652256926
2008-06-23,14.4361,-0.02706847920755316
2008-06-24,14.3406,-0.006637338582829492
2008-06-25,14.574,0.016144443947742462
2008-06-26,14.3689,-0.014172970451781057
2008-06-27,14.1956,-0.01213409136029089
2008-06-30,14.185,-0.0007469891752037142
2008-07-01,13.8238,-0.0257933238963641
2008-07-02,13.671,-0.011114943414595435
2008-07-03,13.6852,0.0010381559774647288
2008-07-07,13.543,-0.010445148254085535
2008-07-08,13.447,-0.007113775831501419
2008-07-09,13.5394,0.0068479205143063175
2008-07-10,13.2621,-0.020693610096968094
2008-07-11,12.871,-0.029933624591830355
2008-07-14,11.9536,-0.07394423042784096
2008-07-15,11.3421,-0.052511021899268345
2008-07-16,12.3305,0.08355440151433727
2008-07-17,12.871,0.042900850812772014
2008-07-18,13.0487,0.013711793281135332
2008-07-21,13.4114,0.02741657959765667
2008-07-22,13.4505,0.0029111885320421316
2008-07-23,13.6318,0.013389018539757169
2008-07-24,13.4647,-0.012333852587619027
2008-07-25,13.4576,-0.0005274438041772455
2008-07-28,13.1305,-0.024606233905233525
2008-07-29,13.3474,0.01638384100362885
2008-07-30,13.4683,0.009017166748587505
2008-07-31,13.5287,0.004474578714422879
2008-08-01,13.4852,-0.0032205670116999853
2008-08-04,13.3422,-0.01066084334443695
2008-08-05,13.3958,0.00400928055940282
2008-08-06,13.4924,0.007185338967566874
2008-08-07,13.4245,-0.005045168204777189
2008-08-08,13.5174,0.006896348675518148
2008-08-11,13.4674,-0.003705794167119823
2008-08-12,13.3172,-0.011215517457125469
2008-08-13,13.2528,-0.004847581942907186
2008-08-14,13.26,0.0005431338958538254
2008-08-15,13.3029,0.0032300718143929174
2008-08-18,13.1706,-0.009994983768097392
2008-08-19,12.9382,-0.01780289696192286
2008-08-20,12.9454,0.0005563368453928091
2008-08-21,12.9347,-0.0008268902059632834
2008-08-22,13.0526,0.009073725159257633
2008-08-25,12.9919,-0.00466126129541163
2008-08-26,13.0634,0.005488340527733193
2008-08-27,13.2564,0.01466602781099489
2008-08-28,13.4245,0.012600941069404242
2008-08-29,13.546,0.009009905039215024
2008-09-02,13.5314,-0.0010783902010453328
2008-09-03,13.4954,-0.002664023953340231
2008-09-04,13.5026,0.0005333728550774017
2008-09-05,13.4559,-0.003464587919439386
2008-09-08,13.0965,-0.027072652637129394
2008-09-09,12.4783,-0.0483538832227787
2008-09-10,12.0614,-0.033980864917013236
2008-09-11,11.835,-0.018949027831095748
2008-09-12,11.9967,0.013570369002619332
2008-09-15,10.9365,-0.0925257930361089
2008-09-16,10.3723,-0.05296702764810698
2008-09-17,9.4809,-0.08985954281476363
2008-09-18,10.4657,0.09882399482347139
2008-09-19,11.5187,0.09586855838473789
2008-09-22,11.0767,-0.039127998655011306
2008-09-23,10.8431,-0.02131487003537992
2008-09-24,10.8323,-0.0009965214846092217
2008-09-25,11.1629,0.03006336832430705
2008-09-26,10.8539,-0.0280713174216243
2008-09-29,9.7038,-0.11200690103382788
2008-09-30,10.153,0.04525166694743517
2008-10-01,10.4315,0.02706084626870603
2008-10-02,10.0295,-0.03929932430517642
2008-10-03,10.417,0.03790833671969653
2008-10-06,9.9606,-0.04480177625636351
2008-10-07,8.9465,-0.10737491639616878
2008-10-08,9.0841,0.015263238199299228
2008-10-09,8.4321,-0.07447978123785383
2008-10-10,7.8671,-0.06935634471911643
2008-10-13,9.4137,0.17947656844757962
2008-10-14,10.2142,0.08161283396135904
2008-10-15,10.3156,0.00987840354740891
2008-10-16,10.1671,-0.014500295560712445
2008-10-17,10.2432,0.0074570538056631585
2008-10-20,10.6597,0.039856204959163345
2008-10-21,10.743,0.007784103931835006
2008-10-22,10.5872,-0.014608655408747466
2008-10-23,10.3228,-0.025290683192809905
2008-10-24,10.3953,0.006998739839545801
2008-10-27,10.1236,-0.02648444909512883
2008-10-28,10.2468,0.012096129892158903
2008-10-29,10.312,0.006342803917462555
2008-10-30,10.6271,0.030099076702811155
2008-10-31,10.6561,0.002725155798687197
2008-11-03,10.7636,0.010037573129064989
2008-11-04,10.9677,0.018784518320889766
2008-11-05,10.6069,-0.03344985684584817
2008-11-06,10.7345,0.011958120884991357
2008-11-07,10.7855,0.004739785825151964
2008-11-10,10.6944,-0.008482399473751684
2008-11-11,10.8146,0.011176833074098943
2008-11-12,10.3847,-0.04056350396113691
2008-11-13,10.2571,-0.012363420374689306
2008-11-14,10.3008,0.004251413405196377
2008-11-17,10.166,-0.01317274309764122
2008-11-18,9.6195,-0.05525653074982054
2008-11-19,8.5409,-0.11892589961030815
2008-11-20,7.6591,-0.10897190528756587
2008-11-21,7.9106,0.032309148876016
2008-11-24,8.96,0.12456659473380702
2008-11-25,9.4883,0.05728923365567926
2008-11-26,9.7069,0.022777512190476294
2008-11-28,9.8162,0.011197109266175818
2008-12-01,9.4566,-0.03732117167175719
2008-12-02,9.6181,0.0169338295459766
2008-12-03,9.6107,-0.0007696788531075138
2008-12-04,9.5997,-0.0011452131347832227
2008-12-05,9.6474,0.004956601010784491
2008-12-08,9.8382,0.01958431850545688
2008-12-09,9.8419,0.00037601435395096406
2008-12-10,9.7942,-0.004858408118351205
2008-12-11,9.7318,-0.006391499787612093
2008-12-12,9.6217,-0.011377909707685489
2008-12-15,9.6548,0.0034342367682646526
2008-12-16,9.8639,0.021426426925245677
2008-12-17,10.1171,0.02534543359241946
2008-12-18,10.2125,0.009385398658148754
2008-12-19,10.2309,0.0018000924472945084
2008-12-22,10.2933,0.006080645507837651
2008-12-23,10.2639,-0.0028603136657145895
2008-12-24,10.2052,-0.0057354901696148744
2008-12-26,10.319,0.011089461827653524
2008-12-29,10.4139,0.009154596102796758
2008-12-30,10.6673,0.024041535132617167
2008-12-31,10.8834,0.020055705240850374
2009-01-02,11.3007,0.03762597809247804
2009-01-05,11.7142,0.03593711040667937
2009-01-06,12.0272,0.02636897033206828
2009-01-07,11.6472,-0.03210494366408832
2009-01-08,11.5727,-0.006416931652628982
2009-01-09,11.6397,0.005772792650930887
2009-01-12,11.4758,-0.014181198483174475
2009-01-13,11.3156,-0.014058165657116161
2009-01-14,10.8796,-0.03929282858891449
2009-01-15,10.4288,-0.04231826638497045
2009-01-16,10.3208,-0.010409933232315665
2009-01-20,9.203,-0.11463175857207007
2009-01-21,9.4042,0.021626880140677505
2009-01-22,8.7633,-0.07058385165860445
2009-01-23,8.8304,0.007627767364306956
2009-01-26,9.2589,0.04738493740207825
2009-01-27,9.3446,0.009213385247937095
2009-01-28,10.0599,0.0737585879112196
2009-01-29,9.7395,-0.03236744262982057
2009-01-30,9.6128,-0.013094237926944901
2009-02-02,9.3386,-0.028939195635505264
2009-02-03,9.1022,-0.025640205526315848
2009-02-04,8.6295,-0.05332957655642723
2009-02-05,8.8846,0.029132874907759974
2009-02-06,9.0797,0.021721711522722918
2009-02-09,9.3873,0.03331655951673182
2009-02-10,9.1622,-0.02427138741532705
2009-02-11,9.1247,-0.004101302305433004
2009-02-12,8.9296,-0.021613421163743405
2009-02-13,8.817,-0.012689924947142137
2009-02-17,8.1004,-0.08476823292973368
2009-02-18,7.4288,-0.08654910489163611
2009-02-19,6.6222,-0.11493669725876385
2009-02-20,6.866,0.036154054010743945
2009-02-23,6.6034,-0.03899702713295778
2009-02-24,7.2187,0.0890902133886105
2009-02-25,7.4101,0.0261690532024354
2009-02-26,7.684,0.03629631041272195
2009-02-27,7.1699,-0.06924853739343628
2009-03-02,6.3531,-0.12094882475736513
2009-03-03,6.2848,-0.010808863017553955
2009-03-04,6.596,0.04832938495939758
2009-03-05,5.8825,-0.11448156307797192
2009-03-06,5.7117,-0.029465138969776997
2009-03-09,5.78,0.011886980034682647
2009-03-10,6.7288,0.1519931389818044
2009-03-11,6.9641,0.03437155970022394
2009-03-12,7.4764,0.0709830113435714
2009-03-13,7.856,0.04952617834227909
2009-03-16,8.0495,0.02433240664804712
2009-03-17,8.2582,0.02559666840962324
2009-03-18,8.4556,0.02362229764955862
2009-03-19,8.615,0.018675926220499035
2009-03-20,8.3341,-0.03314933801154242
2009-03-23,8.9566,0.07203515871798366
2009-03-24,9.0704,0.012625673901567953
2009-03-25,8.596,-0.05371938580763809
2009-03-26,8.6871,0.010542187885159609
2009-03-27,8.744,0.006528584208813597
2009-03-30,8.262,-0.05670106189966458
2009-03-31,8.6491,0.04578858031325482
2009-04-01,8.795,0.01672810890169383
2009-04-02,9.0636,0.03008301393574403
2009-04-03,9.0943,0.0033814515172490346
2009-04-06,9.1135,0.002108987040336792
2009-04-07,9.0712,-0.00465227100735818
2009-04-08,9.0866,0.0016962411407166662
2009-04-09,9.5931,0.054243289232963926
2009-04-13,9.8233,0.023713024745260103
2009-04-14,9.8349,0.0011801692267218722
2009-04-15,9.8732,0.00388673167027637
2009-04-16,10.0996,0.022671803411128726
2009-04-17,10.1495,0.004928624088125212
2009-04-20,9.3782,-0.07903659624184717
2009-04-21,9.4703,0.009772738733652619
2009-04-22,9.4895,0.002025338512346482
2009-04-23,9.7543,0.027522289232720442
2009-04-24,9.9385,0.018707890420958904
2009-04-27,9.9269,-0.0011678598284890682
2009-04-28,9.8617,-0.006589676473929852
2009-04-29,10.1649,0.030282041807513954
2009-04-30,10.2454,0.007888215010898595
2009-05-01,10.2319,-0.0013185333960871323
2009-05-04,10.6622,0.041194485462928594
2009-05-05,10.6661,0.00036571128908225673
2009-05-06,11.05,0.0353599402433278
2009-05-07,10.9375,-0.010233176280029082
2009-05-08,11.4726,0.04776433206109893
2009-05-11,11.3873,-0.007462884430441682
2009-05-12,11.395,0.0006759633832575686
2009-05-13,10.9414,-0.04062090314182734
2009-05-14,11.1391,0.017907681733494038
2009-05-15,11.1546,0.0013905275927750455
2009-05-18,11.5346,0.03349924507257638
2009-05-19,11.7323,0.01699450792122765
2009-05-20,11.8603,0.010850966483382081
2009-05-21,11.8642,0.00032877405510177096
2009-05-22,11.7478,-0.009859473397244209
2009-05-26,11.9146,0.014098549841220038
2009-05-27,11.8758,-0.0032618227857459563
2009-05-28,12.0774,0.016833221480296735
2009-05-29,12.2054,0.010542539208484034
2009-06-01,12.4762,0.021944352634773037
2009-06-02,12.527,0.0040634854658936825
2009-06-03,12.4566,-0.005635711933633369
2009-06-04,12.5857,0.010310645883975015
2009-06-05,12.6835,0.00774068734531952
2009-06-08,12.7187,0.002771415273494115
2009-06-09,12.8165,0.007660051866611441
2009-06-10,13.0042,0.014538978908681178
2009-06-11,13.0276,0.001797801635121243
2009-06-12,13.0198,-0.0005989081622847841
2009-06-15,12.7891,-0.017878030039084326
2009-06-16,12.6248,-0.012930112188468965
2009-06-17,12.2611,-0.02923148429319197
2009-06-18,12.3471,0.006989568527607492
2009-06-19,12.5114,0.0132190110027313
2009-06-22,12.1242,-0.03143677342356435
2009-06-23,12.1359,0.0009645467996497444
2009-06-24,12.3276,0.015672648963063193
2009-06-25,12.4371,0.008843290135440069
2009-06-26,12.4801,0.003451434566170828
2009-06-29,12.5544,0.005935826012682002
2009-06-30,12.5701,0.0012497762776206916
2009-07-01,12.6389,0.00545838159533848
2009-07-02,12.5638,-0.005959696562927384
2009-07-06,12.4848,-0.006307758672045909
2009-07-07,12.3624,-0.009852296443011707
2009-07-08,12.2952,-0.0054506656263829355
2009-07-09,12.4651,0.013723797095272348
2009-07-10,12.5204,0.004426574637149535
2009-07-13,12.6705,0.011917142810137006
2009-07-14,12.8245,0.012080947088545778
2009-07-15,13.0931,0.020727969943362998
2009-07-16,13.1484,0.004214704331778191
2009-07-17,13.1721,0.0018008781296134102
2009-07-20,13.2195,0.0035920558788635807
2009-07-21,13.2827,0.004769424410273712
2009-07-22,13.2234,-0.004474449197397669
2009-07-23,13.334,0.00832917675730447
2009-07-24,13.3853,0.0038399256743242337
2009-07-27,13.5433,0.011734870222764197
2009-07-28,13.6144,0.005236096020199287
2009-07-29,13.6579,0.0031900526827276037
2009-07-30,13.8435,0.013497699595720744
2009-07-31,14.0607,0.015567863380335773
2009-08-03,14.3443,0.0199689789803373
2009-08-04,14.3323,-0.000836919348907122
2009-08-05,14.3164,-0.0011099981243496077
2009-08-06,14.3284,0.0008378484543086907
2009-08-07,14.3602,0.002216909366363041
2009-08-10,14.2926,-0.004718570291600753
2009-08-11,14.1495,-0.010062633032210768
2009-08-12,14.2409,0.00643881845796236
2009-08-13,14.3721,0.009170720967060841
2009-08-14,14.3721,0.0
2009-08-17,13.9785,-0.0277683922892209
2009-08-18,14.1216,0.010185105181408251
2009-08-19,14.1415,0.0014081967858093683
2009-08-20,13.8751,-0.019017870065166833
2009-08-21,14.0541,0.012818301342940342
2009-08-24,14.0501,-0.0002846549645255676
2009-08-25,14.0978,0.003389243649487542
2009-08-26,14.1137,0.0011272000200995818
2009-08-27,13.9547,-0.01132958777561377
2009-08-28,13.9666,0.0008523958927788224
2009-08-31,13.7956,-0.012319064235916265
2009-09-01,13.4496,-0.025400334914323815
2009-09-02,13.4296,-0.0014881398025932795
2009-09-03,13.6376,0.015369457828510947
2009-09-04,13.7456,0.007888089047076868
2009-09-08,13.8416,0.006959777542317845
2009-09-09,13.9817,0.010070781257716696
2009-09-10,14.1217,0.009963289716884252
2009-09-11,14.1777,0.003957686247432043
2009-09-14,14.2617,0.005907314800905443
2009-09-15,14.3857,0.008657035153139809
2009-09-16,14.5097,0.008582733666028264
2009-09-17,14.4457,-0.004420598867384784
2009-09-18,14.3937,-0.0036061815677870084
2009-09-21,14.3657,-0.001947190055908569
2009-09-22,14.4417,0.005276434272077566
2009-09-23,14.4737,0.0022133543415502293
2009-09-24,14.3817,-0.006376644353477646
2009-09-25,14.6697,0.019827576992888757
2009-09-28,14.5897,-0.00546834175353177
2009-09-29,14.4897,-0.006877748109991894
2009-09-30,14.5097,0.0013793391015648952
2009-10-01,14.3641,-0.010085353097409098
2009-10-02,14.2716,-0.006460489649607114
2009-10-05,14.3823,0.007726735331278008
2009-10-06,14.4044,0.001535431594578252
2009-10-07,14.4165,0.0008396684843927699
2009-10-08,14.4285,0.0008320333293312914
2009-10-09,14.4004,-0.0019494333047055169
2009-10-12,14.4366,0.002510664702664566
2009-10-13,14.4044,-0.0022329332116829055
2009-10-14,14.4808,0.005289918585287158
2009-10-15,14.4285,-0.0036182167715632175
2009-10-16,14.3963,-0.0022341881570117684
2009-10-19,14.4366,0.0027954195549708336
2009-10-20,14.4245,-0.000838498928241775
2009-10-21,14.3875,-0.002568375700359013
2009-10-22,14.3883,5.5602276927567216e-05
2009-10-23,14.3521,-0.0025191033627512105
2009-10-26,14.3279,-0.0016875875692726936
2009-10-27,14.2676,-0.004217453052347206
2009-10-28,13.9417,-0.02310688322411291
2009-10-29,14.0302,0.006327800063819381
2009-10-30,14.0141,-0.0011481835359595772
2009-11-02,13.8138,-0.014395873148061844
2009-11-03,13.6276,-0.01357094446376715
2009-11-04,13.6154,-0.0008956429773186546
2009-11-05,13.7693,0.011239971244382354
2009-11-06,13.8867,0.008490071246357611
2009-11-09,14.0933,0.014767959600749052
2009-11-10,14.0487,-0.003169642338140676
2009-11-11,14.1338,0.0060392270841110336
2009-11-12,14.1216,-0.0008635517995250598
2009-11-13,14.1702,0.003435627835932733
2009-11-16,14.2067,0.0025725163868683463
2009-11-17,14.235,0.0019900364141086915
2009-11-18,14.2472,0.000856675449657906
2009-11-19,14.2107,-0.0025651942001930924
2009-11-20,14.231,0.0014274817220571012
2009-11-23,14.2472,0.0011377124781359353
2009-11-24,14.2836,0.002551629800038462
2009-11-25,14.3241,0.0028314074222622007
2009-11-27,14.1824,-0.009941674151296105
2009-11-30,14.2148,0.0022819161085798497
2009-12-01,14.267,0.003665502773434101
2009-12-02,14.3282,0.004280445210612239
2009-12-03,14.4261,0.006809442642628099
2009-12-04,14.5037,0.005364723303461006
2009-12-07,14.6057,0.007008074193287613
2009-12-08,14.6098,0.0002806729323076092
2009-12-09,14.6424,0.002228893108641535
2009-12-10,14.7036,0.004170932237648643
2009-12-11,14.7444,0.0027709879181246843
2009-12-14,14.724,-0.0013845341626142083
2009-12-15,14.7648,0.002767154040468137
2009-12-16,14.7975,0.002212278025500291
2009-12-17,14.8138,0.0011009311746778359
2009-12-18,14.8873,0.004949321744758619
2009-12-21,14.9607,0.004918262393316437
2009-12-22,14.9444,-0.0010901151719389876
2009-12-23,15.0015,0.003813548378986455
2009-12-24,15.0383,0.002450084115668402
2009-12-28,15.0505,0.0008109330161769337
2009-12-29,15.0751,0.0016331628560297172
2009-12-30,15.0948,0.0013059375602715356
2009-12-31,15.071,-0.0015779462131505803
2010-01-04,15.1532,0.005439363335910631
2010-01-05,15.2271,0.004865004345383044
2010-01-06,15.3174,0.005912701997032875
2010-01-07,15.3626,0.0029465471123026324
2010-01-08,15.3585,-0.0002669175273243719
2010-01-11,15.4454,0.0056421576833247545
2010-01-12,15.4529,0.00048546361109169325
2010-01-13,15.5515,0.0063604090002326065
2010-01-14,15.6172,0.0042157739851696905
2010-01-15,15.6131,-0.00026256552281317804
2010-01-19,15.6008,-0.0007881104659556268
2010-01-20,15.572,-0.0018477652436847199
2010-01-21,15.4858,-0.005550954757944579
2010-01-22,15.3297,-0.010131351769650791
2010-01-25,15.3339,0.00027394043923510263
2010-01-26,15.3462,0.0008018227228067084
2010-01-27,15.5802,0.015132990948028242
2010-01-28,15.2681,-0.020235192822830383
2010-01-29,15.2189,-0.0032276080107292936
2010-02-01,15.347,0.008381938695833627
2010-02-02,15.4667,0.007769310541233344
2010-02-03,15.4584,-0.000536780815537662
2010-02-04,15.2892,-0.011005848125455159
2010-02-05,15.219,-0.004602049540535808
2010-02-08,15.1984,-0.0013544880988816585
2010-02-09,15.2644,0.00433316065952672
2010-02-10,15.3222,0.003779437322353891
2010-02-11,15.3717,0.0032253993733737593
2010-02-12,15.3552,-0.0010739776278090951
2010-02-16,15.4584,0.006698366037427274
2010-02-17,15.5698,0.007180595629595672
2010-02-18,15.5987,0.0018544369014937168
2010-02-19,15.6318,0.002119723500668787
2010-02-22,15.6483,0.0010549839374148036
2010-02-23,15.6524,0.00026197497330391446
2010-02-24,15.6896,0.0023738126136466395
2010-02-25,15.7391,0.0031499897183171763
2010-02-26,15.7804,0.0026206014458237635
2010-03-01,15.8383,0.003662393755488311
2010-03-02,15.9503,0.007046580436993806
2010-03-03,15.9212,-0.0018260833714357446
2010-03-04,15.9752,0.0033859652870802002
2010-03-05,16.0332,0.0036240526536669084
2010-03-08,16.0042,-0.0018103846080272502
2010-03-09,16.054,0.003106851916700693
2010-03-10,16.0955,0.0025816901071693053
2010-03-11,16.1162,0.0012852474628447937
2010-03-12,16.2116,0.005902058100609637
2010-03-15,16.1909,-0.0012776793652343164
2010-03-16,16.2531,0.0038343037976054637
2010-03-17,16.3361,0.005093723040753059
2010-03-18,16.2938,-0.0025927154968698046
2010-03-19,16.2573,-0.0022426286852184354
2010-03-22,16.2821,0.0015243062135085444
2010-03-23,16.3029,0.0012766612137546293
2010-03-24,16.2656,-0.0022905578278614633
2010-03-25,16.1826,-0.005115857337103085
2010-03-26,16.1784,-0.00025957170814151336
2010-03-29,16.1867,0.0005128981638833992
2010-03-30,16.137,-0.0030751454298699197
2010-03-31,16.0623,-0.004639860743163175
2010-04-01,16.1077,0.0028225073136526274
2010-04-05,16.0534,-0.003376753381951353
2010-04-06,16.0754,0.0013694880255976218
2010-04-07,16.066,-0.0005849154217300591
2010-04-08,16.0785,0.0007777380659260286
2010-04-09,16.0785,0.0
2010-04-12,16.1118,0.0020689469733740492
2010-04-13,16.1577,0.002844793439944494
2010-04-14,16.1911,0.002064992325444568
2010-04-15,16.2185,0.001690857432862344
2010-04-16,16.1035,-0.007115926320472726
2010-04-19,16.066,-0.0023314019170788307
2010-04-20,16.1452,0.004917554118031658
2010-04-21,16.1952,0.0030921101679695375
2010-04-22,16.237,0.0025776865673555476
2010-04-23,16.2244,-0.0007763066677828909
2010-04-26,16.1869,-0.002314008801451153
2010-04-27,16.0743,-0.0069805498389030945
2010-04-28,16.066,-0.0005164855452195225
2010-04-29,16.1243,0.0036222131352240073
2010-04-30,16.0785,-0.0028444750692981097
2010-05-03,17.5681,0.08860178166095056
2010-05-04,15.9813,-0.09466546875962602
2010-05-05,15.6749,-0.019358581805563536
2010-05-06,14.6838,-0.06531586163843382
2010-05-07,15.0955,0.02765184088620009
2010-05-10,15.5447,0.02932305835351199
2010-05-11,15.5615,0.0010801706176566846
2010-05-12,15.6287,0.004309052457527798
2010-05-13,15.6749,0.0029517393235371347
2010-05-14,15.4943,-0.011588492557237824
2010-05-17,15.3516,-0.009252511227217363
2010-05-18,15.2383,-0.007407707648785616
2010-05-19,15.0704,-0.011079440393651246
2010-05-20,14.68,-0.02624653190004612
2010-05-21,14.9402,0.017569543309555045
2010-05-24,15.0872,0.009791135720093814
2010-05-25,14.9927,-0.006283286241132631
2010-05-26,15.1375,0.00961169290432498
2010-05-27,15.381,0.015957872590462593
2010-05-28,15.3726,-0.0005462775225595835
2010-06-01,15.3741,9.757144676923638e-05
2010-06-02,15.5178,0.009303476736024023
2010-06-03,15.5389,0.001358805233427992
2010-06-04,15.3614,-0.011488687964004577
2010-06-07,15.3572,-0.00027344996361624603
2010-06-08,15.3403,-0.0011010669733621523
2010-06-09,15.3995,0.003851688897682219
2010-06-10,15.484,0.005472191355367475
2010-06-11,15.615,0.008424758019640254
2010-06-14,15.6277,0.0008129899592230777
2010-06-15,15.7587,0.008347613023558105
2010-06-16,15.6847,-0.004706878812129025
2010-06-17,15.6995,0.0009431498076796369
2010-06-18,15.7249,0.0016165785524330162
2010-06-21,15.6742,-0.0032293947318538696
2010-06-22,15.653,-0.001353456627867123
2010-06-23,15.6361,-0.00108024849825888
2010-06-24,15.6446,0.00054346611228066
2010-06-25,15.7122,0.004311671135223969
2010-06-28,15.7545,0.0026885580934709703
2010-06-29,15.5643,-0.012146208561682654
2010-06-30,15.6615,0.006225641229017644
2010-07-01,15.6818,0.0012953328359443896
2010-07-02,15.7243,0.0027064822402570656
2010-07-06,15.7477,0.001487036369597839
2010-07-07,15.8605,0.007137418699033919
2010-07-08,15.9711,0.006949097442294079
2010-07-09,16.0434,0.0045167110474344085
2010-07-12,16.0307,-0.000791916260391572
2010-07-13,16.1583,0.007928215749140087
2010-07-14,16.2136,0.003416546683518868
2010-07-15,16.2349,0.0013128497809973625
2010-07-16,16.1881,-0.0028868415940553746
2010-07-19,16.2476,0.0036688011505628766
2010-07-20,16.3114,0.003919044298545708
2010-07-21,16.337,0.0015682241853545555
2010-07-22,16.4646,0.007780147531974982
2010-07-23,16.5071,0.0025779698066924787
2010-07-26,16.6688,0.009748117185696382
2010-07-27,16.6901,0.0012770206988023409
2010-07-28,16.639,-0.0030663918341675405
2010-07-29,16.6943,0.003318006362040198
2010-07-30,16.7411,0.0027994299792165325
2010-08-02,16.7877,0.002779701629972463
2010-08-03,16.7963,0.0005121486534049784
2010-08-04,16.8906,0.0055986301094283295
2010-08-05,16.9292,0.002282687464796531
2010-08-06,16.9721,0.002530877747997542
2010-08-09,17.015,0.002524488572642144
2010-08-10,17.0235,0.0004994344742971038
2010-08-11,16.9549,-0.004037864832159354
2010-08-12,17.0021,0.0027799882438443273
2010-08-13,17.1179,0.006787833799554215
2010-08-16,17.0407,-0.004520099268781458
2010-08-17,17.1153,0.0043681999426888165
2010-08-18,17.1608,0.002654912707442675
2010-08-19,17.0964,-0.003759797990706511
2010-08-20,17.0922,-0.0002456959349683504
2010-08-23,17.105,0.0007485993354873767
2010-08-24,16.9978,-0.006286894512482658
2010-08-25,17.0364,0.0022683075583062556
2010-08-26,17.0493,0.0007569156928499579
2010-08-27,17.1308,0.004768865770233213
2010-08-30,17.1393,0.0004960592571543484
2010-08-31,17.1265,-0.0007471006423529027
2010-09-01,17.1856,0.0034448523083693084
2010-09-02,17.1596,-0.0015140400968221511
2010-09-03,17.2115,0.0030199812892363906
2010-09-07,17.1985,-0.0007555943399303775
2010-09-08,17.2331,0.0020097823886449915
2010-09-09,17.2201,-0.0007546469191222277
2010-09-10,17.2461,0.0015087247756859945
2010-09-13,17.2677,0.0012516734071611948
2010-09-14,17.1985,-0.004015533652369823
2010-09-15,17.2115,0.0007555943399302449
2010-09-16,17.1942,-0.0010056474048194888
2010-09-17,17.1899,-0.0002501156070633981
2010-09-20,17.2634,0.004266651467429339
2010-09-21,17.2374,-0.00150721171230746
2010-09-22,17.2374,0.0
2010-09-23,17.2201,-0.0010041356136467902
2010-09-24,17.2461,0.0015087247756859945
2010-09-27,17.1985,-0.0027638602452087304
2010-09-28,17.1769,-0.001256712814558501
2010-09-29,17.1985,0.0012567128145586361
2010-09-30,17.1899,-0.0005001686719525103
2010-10-01,17.2022,0.000715280574574755
2010-10-04,17.137,-0.0037974139380396147
2010-10-05,17.163,0.001516035275789294
2010-10-06,17.1543,-0.0005070329068070846
2010-10-07,17.1848,0.0017764011299356182
2010-10-08,17.2195,0.0020171903957562085
2010-10-11,17.2348,0.000888133034523673
2010-10-12,17.25,0.0008815478694590188
2010-10-13,17.2978,0.00276718230981796
2010-10-14,17.2587,-0.002262961624348865
2010-10-15,17.1283,-0.007584297849022736
2010-10-18,17.1152,-0.0007651087440857726
2010-10-19,17.0805,-0.0020294956330970952
2010-10-20,17.1196,0.0022865440180284548
2010-10-21,17.1152,-0.0002570483849313672
2010-10-22,17.1717,0.0032957223394882093
2010-10-25,17.1587,-0.0007573462949090991
2010-10-26,17.1761,0.0010135490225404908
2010-10-27,17.1478,-0.0016489971368499198
2010-10-28,17.1956,0.002783651639949212
2010-10-29,17.2152,0.0011391773582489675
2010-11-01,17.2401,0.0014453511845644634
2010-11-02,17.192,-0.002793906342552261
2010-11-03,17.2226,0.0017783154861095824
2010-11-04,17.3187,0.00556436775427657
2010-11-05,17.3318,0.0007561218813079104
2010-11-08,17.3056,-0.0015128159155598435
2010-11-09,17.3275,0.0012646862636590279
2010-11-10,17.3406,0.0007557380198795217
2010-11-11,17.3231,-0.0010097018775702138
2010-11-12,17.2882,-0.0020166830964582294
2010-11-15,17.2882,0.0
2010-11-16,17.1746,-0.006592639683860204
2010-11-17,17.1615,-0.0007630453450223607
2010-11-18,17.227,0.003809417637260889
2010-11-19,17.2576,0.0017747056965387391
2010-11-22,17.1571,-0.005840544051667394
2010-11-23,17.1134,-0.0025502997438323917
2010-11-24,17.1746,0.003569765806722534
2010-11-26,17.1789,0.0002503383947750832
2010-11-29,17.1265,-0.0030549150134925648
2010-11-30,17.1047,-0.0012736920088784866
2010-12-01,17.1602,0.0032394694591544875
2010-12-02,17.1646,0.00025637440125500673
2010-12-03,17.1865,0.001275068511173251
2010-12-06,17.1514,-0.002044388982734185
2010-12-07,17.1733,0.0012760491990695822
2010-12-08,17.1426,-0.0017892585180843514
2010-12-09,17.1953,0.0030694970500495943
2010-12-10,17.2041,0.0005116368420360248
2010-12-13,17.2041,0.0
2010-12-14,17.0766,-0.007438622193458585
2010-12-15,17.0195,-0.003349359802439329
2010-12-16,17.0019,-0.0010346429935304004
2010-12-17,17.0371,0.00206821660726753
2010-12-20,16.9052,-0.007772052215006526
2010-12-21,16.9447,0.0023338336555784422
2010-12-22,16.9535,0.0005192016211881868
2010-12-23,16.9755,0.001296825906052365
2010-12-27,17.0019,0.0015539744249199329
2010-12-28,17.0099,0.00047042497883274673
2010-12-29,17.0939,0.004926147225143317
2010-12-30,17.0895,-0.00025743489672182577
2010-12-31,17.1558,0.0038720690334645086
2011-01-03,17.1823,0.0015434753385278194
2011-01-04,17.2,0.0010295996232717907
2011-01-05,17.189,-0.0006397394733874777
2011-01-06,17.2089,0.0011570475069761453
2011-01-07,17.1956,-0.0007731547130478161
2011-01-10,17.2177,0.001284387317584195
2011-01-11,17.2177,0.0
2011-01-12,17.2442,0.0015379305971648326
2011-01-13,17.2708,0.0015413591346563596
2011-01-14,17.2354,-0.002051805902662626
2011-01-18,17.2177,-0.001027483829158399
2011-01-19,17.2221,0.0002555183261191014
2011-01-20,17.2133,-0.0005111019585406345
2011-01-21,17.3106,0.005636689807352954
2011-01-24,17.2442,-0.0038431755777666955
2011-01-25,17.2708,0.0015413591346563596
2011-01-26,17.2796,0.0005094007704852875
2011-01-27,17.3194,0.0023006455420687536
2011-01-28,17.2398,-0.004606596261726179
2011-01-31,17.2796,0.0023059507196573005
2011-02-01,17.3286,0.002831700738109852
2011-02-02,17.3198,-0.0005079599744413796
2011-02-03,17.3642,0.002560259730898287
2011-02-04,17.3909,0.001536465454141355
2011-02-07,17.3865,-0.00025303789377439115
2011-02-08,17.4087,0.0012760382473618942
2011-02-09,17.422,0.0007636941345660034
2011-02-10,17.4443,0.001279172326329778
2011-02-11,17.4976,0.003050780944353876
2011-02-14,17.5021,0.0002571450626602845
2011-02-15,17.4932,-0.0005086397425869482
2011-02-16,17.5643,0.0040561989578558185
2011-02-17,17.5421,-0.0012647268281074534
2011-02-18,17.5999,0.003289514092577151
2011-02-22,17.4887,-0.0063382621292843565
2011-02-23,17.4798,-0.0005090295661623945
2011-02-24,17.4665,-0.0007611678857071599
2011-02-25,17.5021,0.00203611310141527
2011-02-28,17.5643,0.003547559215268891
2011-03-01,17.5148,-0.0028221951449572086
2011-03-02,17.573,0.003317395412353218
2011-03-03,17.6311,0.003300754897859302
2011-03-04,17.6579,0.0015188871972763361
2011-03-07,17.5864,-0.004057399244074531
2011-03-08,17.6356,0.002793710294687818
2011-03-09,17.6535,0.0010144776452315866
2011-03-10,17.6177,-0.002029985500569487
2011-03-11,17.6445,0.0015200415833486526
2011-03-14,17.6177,-0.0015200415833485782
2011-03-15,17.5864,-0.0017782024393498536
2011-03-16,17.5416,-0.0025506732116158124
2011-03-17,17.5282,-0.0007641903091617087
2011-03-18,17.5953,0.0038208083835812893
2011-03-21,17.6266,0.0017773037933344893
2011-03-22,17.6445,0.0010149953665600203
2011-03-23,17.6624,0.0010139661954815353
2011-03-24,17.6535,-0.000504022278260655
2011-03-25,17.6803,0.0015169613876392294
2011-03-28,17.6848,0.00025448818322511345
2011-03-29,17.6803,-0.00025448818322511215
2011-03-30,17.7161,0.0020228052687294136
2011-03-31,17.734,0.0010098702977570633
2011-04-01,17.7947,0.0034169591940664285
2011-04-04,17.7947,0.0
2011-04-05,17.8352,0.002273372501340322
2011-04-06,17.8352,0.0
2011-04-07,17.7767,-0.003285421593383992
2011-04-08,17.7992,0.001264901407972895
2011-04-11,17.7542,-0.0025314048181064993
2011-04-12,17.7138,-0.002278110830736972
2011-04-13,17.7093,-0.00025407149708569333
2011-04-14,17.7048,-0.00025413606581669673
2011-04-15,17.7093,0.00025413606581663623
2011-04-18,17.6823,-0.001525786075681722
2011-04-19,17.7498,0.0038101090061111098
2011-04-20,17.7992,0.002779264215499842
2011-04-21,17.8392,0.002244770629245425
2011-04-25,17.8712,0.00179219547052055
2011-04-26,17.9071,0.002006803679784637
2011-04-27,17.9431,0.0020083576716728654
2011-04-28,17.9701,0.0015036256912221884
2011-04-29,18.0151,0.002501029504174186
2011-05-02,17.982,-0.001839037551849811
2011-05-03,18.0046,0.0012560232403804061
2011-05-04,18.0227,0.0010047936716229516
2011-05-05,17.9775,-0.0025110984800724217
2011-05-06,18.0001,0.0012563374417762076
2011-05-09,18.0363,0.0020090803840831528
2011-05-10,18.0815,0.002502922304056856
2011-05-11,18.0905,0.0004976224806878923
2011-05-12,18.1086,0.0010000249458361834
2011-05-13,18.1267,0.0009990258949364528
2011-05-16,18.1041,-0.0012475574887234493
2011-05-17,18.0815,-0.0012491158327372226
2011-05-18,18.1267,0.0024966733214605522
2011-05-19,18.1357,0.0004963819374776712
2011-05-20,18.1176,-0.0009985298719786997
2011-05-23,18.095,-0.001248184495681992
2011-05-24,18.095,0.0
2011-05-25,18.0996,0.00025418156436409904
2011-05-26,18.086,-0.0007516802617814963
2011-05-27,18.1131,0.001497275073844775
2011-05-31,18.1222,0.0005022726562944192
2011-06-01,18.0818,-0.0022317985177942048
2011-06-02,18.0136,-0.003778879367319873
2011-06-03,18.0,-0.0007552702671486312
2011-06-06,17.95,-0.0027816429618768026
2011-06-07,17.9546,0.00025623457858711495
2011-06-08,17.9,-0.0030456366661656196
2011-06-09,17.8864,-0.0007600653127850953
2011-06-10,17.8591,-0.0015274652925773874
2011-06-13,17.8455,-0.0007618066387932642
2011-06-14,17.8955,0.002797908990676724
2011-06-15,17.8273,-0.0038182943587516415
2011-06-16,17.6592,-0.009474096197995982
2011-06-17,17.7705,0.006282885044303827
2011-06-20,17.791,0.0011529323718520543
2011-06-21,17.8364,0.0025486016141593568
2011-06-22,17.8637,0.0015294077787695792
2011-06-23,17.8455,-0.0010193452430139014
2011-06-24,17.8228,-0.001272839079223017
2011-06-27,17.8092,-0.0007633588156945006
2011-06-28,17.9228,0.00635846763338855
2011-06-29,17.9546,0.0017727041718504622
2011-06-30,18.0182,0.003536008665868657
2011-07-01,18.0207,0.0001387389739427241
2011-07-05,18.0572,0.0020234000567124493
2011-07-06,18.0435,-0.0007589880892986463
2011-07-07,18.0801,0.0020263768020860025
2011-07-08,18.0709,-0.000508976249542719
2011-07-11,17.9841,-0.004814875478601592
2011-07-12,17.9247,-0.0033083842500863706
2011-07-13,17.9796,0.003058131911006516
2011-07-14,17.9384,-0.002294115377777849
2011-07-15,17.9567,0.0010196378661981582
2011-07-18,17.8363,-0.006727597804825869
2011-07-19,17.8562,0.0011150803144626942
2011-07-20,17.8882,0.001790490736951824
2011-07-21,17.9613,0.0040781657380513795
2011-07-22,17.9887,0.001524339655386798
2011-07-25,17.9064,-0.004585592140131544
2011-07-26,17.911,0.0002568583998442695
2011-07-27,17.8059,-0.005885186191878259
2011-07-28,17.7466,-0.0033359147735025295
2011-07-29,17.6506,-0.005424171141951666
2011-08-01,17.7939,0.008085924799128083
2011-08-02,17.7617,-0.0018112482311082366
2011-08-03,17.8077,0.0025864943262926938
2011-08-04,17.3436,-0.02640738576944206
2011-08-05,16.9715,-0.021688095642076258
2011-08-08,15.3727,-0.09894225761215958
2011-08-09,16.4707,0.06898983579787293
2011-08-10,16.4431,-0.0016771084754232605
2011-08-11,16.852,0.024563407787896906
2011-08-12,17.0174,0.009767005902128817
2011-08-15,17.2334,0.012613011291845997
2011-08-16,17.2012,-0.0018702124831117945
2011-08-17,17.215,0.0008019479628540176
2011-08-18,16.9393,-0.016144730734418702
2011-08-19,16.8796,-0.0035305738514925474
2011-08-22,16.7556,-0.007373261450563443
2011-08-23,16.7096,-0.0027491261950422083
2011-08-24,16.8429,0.007945798455066462
2011-08-25,17.0404,0.011657792290022584
2011-08-26,17.1461,0.006183747199582171
2011-08-29,17.3528,0.01198313415364767
2011-08-30,17.3896,0.0021184497192293407
2011-08-31,17.3528,-0.0021184497192293862
2011-09-01,17.3654,0.0007258441136462263
2011-09-02,17.273,-0.005335132059788008
2011-09-06,17.158,-0.006680051560373799
2011-09-07,17.3331,0.010153431133475343
2011-09-08,17.213,-0.006953055994880079
2011-09-09,17.1114,-0.005920004237594202
2011-09-12,16.8203,-0.01715841775639927
2011-09-13,16.8702,0.002962261556779793
2011-09-14,16.9266,0.003337597190023833
2011-09-15,17.1114,0.010858559009595694
2011-09-16,17.0652,-0.002703605867260739
2011-09-19,16.9312,-0.007883228456838323
2011-09-20,16.9404,0.0005432279683415885
2011-09-21,16.7233,-0.012898345092993495
2011-09-22,16.4877,-0.014188308231343835
2011-09-23,16.4907,0.00018193726853181968
2011-09-26,16.4646,-0.0015839640638651952
2011-09-27,16.6448,0.01088523375814717
2011-09-28,16.5478,-0.005844692861060803
2011-09-29,16.6401,0.005562282516956563
2011-09-30,16.4461,-0.011727077954273827
2011-10-03,16.1074,-0.02080957331279147
2011-10-04,15.9671,-0.008748438468105128
2011-10-05,16.1307,0.010193933336414843
2011-10-06,16.4327,0.018548963492480607
2011-10-07,16.4931,0.0036688595418376464
2011-10-10,16.651,0.009528163057027542
2011-10-11,16.7161,0.0039020521772100184
2011-10-12,16.8647,0.008850353176206043
2011-10-13,16.7858,-0.004689389137554164
2011-10-14,16.7765,-0.0005541932607732634
2011-10-17,16.7532,-0.0013898128376025982
2011-10-18,16.8601,0.006360598953756404
2011-10-19,16.874,0.0008240919892130179
2011-10-20,16.9391,0.0038505833796021803
2011-10-21,17.0413,0.0060152504479281796
2011-10-24,17.1528,0.006521616020776232
2011-10-25,17.0924,-0.0035275053222775395
2011-10-26,17.176,0.004879140307015635
2011-10-27,17.478,0.01742988662887291
2011-10-28,17.5012,0.0013265028017742718
2011-10-31,17.334,-0.009599559294973723
2011-11-01,17.0562,-0.01615611671866974
2011-11-02,17.1917,0.007912935217739971
2011-11-03,17.2384,0.00271274429285408
2011-11-04,17.2991,0.003515023525019024
2011-11-07,17.2549,-0.00255831591754014
2011-11-08,17.3085,0.003101549209138808
2011-11-09,17.0609,-0.014408414666241992
2011-11-10,17.0982,0.0021838991557113227
2011-11-11,17.2337,0.007893574405510424
2011-11-14,17.145,-0.005160183300791231
2011-11-15,17.187,0.002446698179666839
2011-11-16,17.0609,-0.007363988440097572
2011-11-17,17.0048,-0.0032936385111503293
2011-11-18,17.0328,0.0016452397534433985
2011-11-21,16.9207,-0.006603172416038963
2011-11-22,16.8226,-0.005814503998362728
2011-11-23,16.6404,-0.010889746916662373
2011-11-25,16.6965,0.003365643053571264
2011-11-28,16.7759,0.004744216066080702
2011-11-29,16.6859,-0.005379281271473598
2011-11-30,16.7899,0.006213463731706185
2011-12-01,16.7428,-0.002809200033074896
2011-12-02,16.8132,0.004195977070557426
2011-12-05,16.9494,0.008068142786789743
2011-12-06,16.9822,0.001933301713815779
2011-12-07,16.955,-0.0016029611060525983
2011-12-08,16.8555,-0.005885762543672177
2011-12-09,16.9588,0.0061098601096130755
2011-12-12,16.9024,-0.0033312494629214756
2011-12-13,16.9259,0.0013893694794157917
2011-12-14,16.7944,-0.007799495652061704
2011-12-15,16.8038,0.0005595538002192333
2011-12-16,16.7193,-0.005041310556753904
2011-12-19,16.6817,-0.00225143054894628
2011-12-20,16.7052,0.0014077379978903995
2011-12-21,16.7381,0.001967509821892468
2011-12-22,16.8883,0.008933516458809514
2011-12-23,16.893,0.00027826045950437797
2011-12-27,16.7055,-0.011161328421463645
2011-12-28,16.7102,0.0002813048974580462
2011-12-29,16.7432,0.0019728942770456505
2011-12-30,16.8187,0.004499156922490685
2012-01-03,16.9603,0.00838395627043763
2012-01-04,17.1113,0.008863745090960292
2012-01-05,17.3473,0.013697810708820687
2012-01-06,17.3709,0.0013595176959039664
2012-01-09,17.4605,0.005144794503490887
2012-01-10,17.5832,0.007002713835191605
2012-01-11,17.5549,-0.001610787499552852
2012-01-12,17.6351,0.004558120992100508
2012-01-13,17.5832,-0.002947333492547668
2012-01-17,17.5879,0.00026726488668118255
2012-01-18,17.687,0.005618740845048538
2012-01-19,17.7437,0.0032006168888928915
2012-01-20,17.8145,0.003982209086067912
2012-01-23,17.8286,0.0007911770152152224
2012-01-24,17.8239,-0.000263656126623977
2012-01-25,17.8758,0.002907589507132085
2012-01-26,17.9324,0.0031612897122553748
2012-01-27,18.0032,0.003940387337749891
2012-01-30,17.9608,-0.002357914561477489
2012-01-31,17.9985,0.0020968157785476757
2012-02-01,18.0723,0.004091958203107311
2012-02-02,18.1149,0.0023544247512253804
2012-02-03,18.2003,0.004703273418632622
2012-02-06,18.2145,0.0007799027164648907
2012-02-07,18.2287,0.0007792949421915567
2012-02-08,18.2667,0.0020824549796755257
2012-02-09,18.2761,0.0005144652411597722
2012-02-10,18.2003,-0.0041561178794918404
2012-02-13,18.2809,0.004418721486329531
2012-02-14,18.2856,0.00025706589506135447
2012-02-15,18.3141,0.0015573901294533177
2012-02-16,18.3425,0.0015495166317863612
2012-02-17,18.3852,0.0023252215215588093
2012-02-21,18.3804,-0.000261113651199603
2012-02-22,18.4041,0.0012885864034795878
2012-02-23,18.4421,0.0020626286277760754
2012-02-24,18.4515,0.0005095734871849103
2012-02-27,18.4847,0.0017976948869160628
2012-02-28,18.5416,0.0030734934244842603
2012-02-29,18.5464,0.0002588438323337919
2012-03-01,18.5648,0.0009916144725973595
2012-03-02,18.6029,0.0020501679331851306
2012-03-05,18.541,-0.0033329864286128245
2012-03-06,18.3649,-0.009543261999122905
2012-03-07,18.4173,0.0028492061621376874
2012-03-08,18.522,0.005668774469346026
2012-03-09,18.5505,0.0015375281200072732
2012-03-12,18.5981,0.002562682095715224
2012-03-13,18.66,0.0033227704553981247
2012-03-14,18.5933,-0.00358089464683228
2012-03-15,18.541,-0.0028168046566492207
2012-03-16,18.5791,0.002052796914845054
2012-03-19,18.5818,0.00014531402655756288
2012-03-20,18.5515,-0.0016319587391804861
2012-03-21,18.5886,0.0019978412734475504
2012-03-22,18.5457,-0.0023105333390081926
2012-03-23,18.5695,0.0012824936016601993
2012-03-26,18.6029,0.00179703269029128
2012-03-27,18.5886,-0.0007689929529432143
2012-03-28,18.6029,0.0007689929529432117
2012-03-29,18.5505,-0.0028207396762447664
2012-03-30,18.5791,0.0015405501624770103
2012-04-02,18.5922,0.0007048448960539038
2012-04-03,18.5969,0.00025276223544134157
2012-04-04,18.5204,-0.004122072905124567
2012-04-05,18.5491,0.0015484430992834465
2012-04-09,18.5157,-0.0018022495219482835
2012-04-10,18.4057,-0.005958621583356893
2012-04-11,18.3674,-0.0020830451525101967
2012-04-12,18.5252,0.008554613246794216
2012-04-13,18.5109,-0.0007722195755287505
2012-04-16,18.5491,0.0020615225865497576
2012-04-17,18.573,0.0012876428489893654
2012-04-18,18.5252,-0.002576945860010358
2012-04-19,18.5013,-0.001290967459484816
2012-04-20,18.4583,-0.002326866059224611
2012-04-23,18.4726,0.0007744192919571231
2012-04-24,18.5013,0.0015524467672674354
2012-04-25,18.5539,0.0028390096574599597
2012-04-26,18.5587,0.0002586722583040089
2012-04-27,18.5874,0.0015452500106774667
2012-04-30,18.6161,0.0015428658966607613
2012-05-01,18.6528,0.001969471160281788
2012-05-02,18.6192,-0.0018029624974181696
2012-05-03,18.6432,0.0012881619712483117
2012-05-04,18.6432,0.0
2012-05-07,18.6625,0.0010346945223850264
2012-05-08,18.6625,0.0
2012-05-09,18.6144,-0.0025806881310035507
2012-05-10,18.624,0.0005155968147220496
2012-05-11,18.5472,-0.004132237284910383
2012-05-14,18.4175,-0.007017534689285192
2012-05-15,18.3694,-0.002615062830040075
2012-05-16,18.3502,-0.0010457631210465232
2012-05-17,18.0572,-0.01609597641434627
2012-05-18,17.8843,-0.009621264207614584
2012-05-21,18.1581,0.015193509147067635
2012-05-22,18.3502,0.010523731474893116
2012-05-23,18.355,0.00026154332505272187
2012-05-24,18.4175,0.0033992826260340805
2012-05-25,18.4655,0.002602826619245703
2012-05-29,18.5621,0.005217741315113113
2012-05-30,18.4511,-0.005997878203685329
2012-05-31,18.4031,-0.002604860620563947
2012-06-01,18.2835,-0.00652011490307736
2012-06-04,18.3221,0.0021089677156997653
2012-06-05,18.409,0.004731693966861375
2012-06-06,18.4766,0.0036653911382402244
2012-06-07,18.467,-0.0005197111389296869
2012-06-08,18.496,0.0015691370262313682
2012-06-11,18.4218,-0.004019746567374665
2012-06-12,18.4911,0.003754789323975454
2012-06-13,18.5091,0.0009729677904443206
2012-06-14,18.5565,0.0025576289518469157
2012-06-15,18.5781,0.0011633356727165818
2012-06-18,18.6264,0.002596461564326216
2012-06-19,18.665,0.0020701831406454057
2012-06-20,18.7181,0.0028408578053634205
2012-06-21,18.6408,-0.00413824338050028
2012-06-22,18.6843,0.002330872238493634
2012-06-25,18.7036,0.0010324196713005288
2012-06-26,18.7374,0.0018055078220097613
2012-06-27,18.7761,0.0020632579593441776
2012-06-28,18.834,0.0030789626053131635
2012-06-29,18.8485,0.0007695880430256907
2012-07-02,18.9191,0.003738658651048659
2012-07-03,19.0307,0.005881470874819925
2012-07-05,19.0065,-0.0012724387318302146
2012-07-06,19.0307,0.001272438731830243
2012-07-09,18.9871,-0.0022936634478886134
2012-07-10,18.9579,-0.0015390700099579605
2012-07-11,18.9919,0.001791841279636395
2012-07-12,18.9725,-0.0010220101826246034
2012-07-13,19.0307,0.00306290236083486
2012-07-16,19.089,0.0030587882619989176
2012-07-17,19.089,0.0
2012-07-18,19.1133,0.001272174883570839
2012-07-19,19.1278,0.0007583464228226308
2012-07-20,19.1327,0.00025613883910494215
2012-07-23,19.089,-0.002286660145498457
2012-07-24,19.0016,-0.004589066771515768
2012-07-25,19.0113,0.0005103530754315578
2012-07-26,19.0696,0.0030619048157022053
2012-07-27,19.123,0.0027963550424543013
2012-07-30,19.1424,0.0010139709325997749
2012-07-31,19.1327,-0.0005068569491738398
2012-08-01,19.0886,-0.002307614841446497
2012-08-02,19.1423,0.0028092477716259398
2012-08-03,19.2008,0.0030513988379287033
2012-08-06,19.2204,0.0010202701477425062
2012-08-07,19.2474,0.0014037716965248994
2012-08-08,19.2643,0.0008776554182137453
2012-08-09,19.3033,0.0020224236557703375
2012-08-10,19.2936,-0.0005026310508986041
2012-08-13,19.2692,-0.001265468444003134
2012-08-14,19.2692,0.0
2012-08-15,19.274,0.0002490711733749539
2012-08-16,19.2789,0.00025419618375715174
2012-08-17,19.3131,0.001772388523677328
2012-08-20,19.2936,-0.0010101874368062891
2012-08-21,19.2984,0.00024875622018828323
2012-08-22,19.2984,0.0
2012-08-23,19.3033,0.0002538748307104095
2012-08-24,19.3131,0.0005075563859077878
2012-08-27,19.3375,0.001262593762654351
2012-08-28,19.3424,0.000253361566406058
2012-08-29,19.3961,0.0027724374664313965
2012-08-30,19.3961,0.0
2012-08-31,19.4156,0.0010048517143442823
2012-09-04,19.4154,-1.0301048131765362e-05
2012-09-05,19.44,0.0012662334340585583
2012-09-06,19.4841,0.0022659493151740047
2012-09-07,19.5479,0.00326911543450608
2012-09-10,19.5332,-0.0007522818289792481
2012-09-11,19.52,-0.0006760009680475054
2012-09-12,19.5823,0.0031865160215934275
2012-09-13,19.5725,-0.000500577206607423
2012-09-14,19.597,0.0012509734969848281
2012-09-17,19.5774,-0.0010006535714890098
2012-09-18,19.6068,0.0015006051172129521
2012-09-19,19.6068,0.0
2012-09-20,19.6117,0.0002498820722615962
2012-09-21,19.597,-0.0007498336179855764
2012-09-24,19.5136,-0.004264834925173241
2012-09-25,19.5528,0.0020068403106608696
2012-09-26,19.5528,0.0
2012-09-27,19.5921,0.0020079250785680616
2012-09-28,19.5577,-0.0017573529802499086
2012-10-01,19.5987,0.0020941667254347645
2012-10-02,19.6233,0.0012543982063998027
2012-10-03,19.6381,0.0007539211898211502
2012-10-04,19.6726,0.0017552477497255537
2012-10-05,19.7121,0.0020058557380851507
2012-10-08,19.7039,-0.000416074696483446
2012-10-09,19.6578,-0.0023423795759955116
2012-10-10,19.6973,0.002007364395659207
2012-10-11,19.7614,0.0032489694990239606
2012-10-12,19.7466,-0.0007492153838360352
2012-10-15,19.7515,0.00024811320165452283
2012-10-16,19.7762,0.001249756662537465
2012-10-17,19.7959,0.0009956510585698928
2012-10-18,19.8354,0.0019933745842088068
2012-10-19,19.7811,-0.0027412837582183425
2012-10-22,19.7466,-0.001745611748752526
2012-10-23,19.7269,-0.0009981380741793408
2012-10-24,19.6973,-0.0015016160410086285
2012-10-25,19.6874,-0.0005027333054972576
2012-10-26,19.6924,0.00025393729916699405
2012-10-31,19.7564,0.0032447149799364134
2012-11-01,19.8165,0.0030374345174055207
2012-11-02,19.8016,-0.000752181487880872
2012-11-05,19.8066,0.0002524729741093158
2012-11-06,19.8215,0.0007519916777312758
2012-11-07,19.7471,-0.003760562045627463
2012-11-08,19.6727,-0.003774757271345548
2012-11-09,19.6876,0.0007571080866629684
2012-11-12,19.7322,0.0022628232020811653
2012-11-13,19.7025,-0.0015062878944449515
2012-11-14,19.4794,-0.01138803432698887
2012-11-15,19.41,-0.0035690997377598
2012-11-16,19.5885,0.009154262165515605
2012-11-19,19.6727,0.004289228504933756
2012-11-20,19.6827,0.0005081894843003644
2012-11-21,19.6777,-0.00025406246008144375
2012-11-23,19.7124,0.0017618644774301036
2012-11-26,19.7074,-0.00025367962429094374
2012-11-27,19.7422,0.0017642769015022203
2012-11-28,19.762,0.0010024251425424678
2012-11-29,19.7868,0.0012541469400146259
2012-11-30,19.7917,0.0002476091830177833
2012-12-03,19.7338,-0.0029297563049296106
2012-12-04,19.7488,0.0007598284166532237
2012-12-05,19.7388,-0.0005064881235513157
2012-12-06,19.7436,0.00024314631449191647
2012-12-07,19.7538,0.0005164897044739764
2012-12-10,19.7388,-0.000759636018965808
2012-12-11,19.7438,0.0002532761280526453
2012-12-12,19.7737,0.0015132539105844954
2012-12-13,19.7289,-0.002268206103248922
2012-12-14,19.7189,-0.0005069991337516762
2012-12-17,19.694,-0.001263545860002217
2012-12-18,19.7388,0.002272221058365428
2012-12-19,19.7837,0.0022721244514660906
2012-12-20,19.7936,0.0005002867909882771
2012-12-21,19.7538,-0.002012775223488475
2012-12-24,19.7338,-0.0010129763120676916
2012-12-26,19.7736,0.0020148130964787506
2012-12-27,19.7636,-0.0005058527267099308
2012-12-28,19.8138,0.002536802666232987
2012-12-31,19.8689,0.002777030565483886
2013-01-02,19.9291,0.0030252799595016154
2013-01-03,19.9793,0.00251576241976961
2013-01-04,20.0695,0.004504512121104729
2013-01-07,20.0595,-0.0004983926939119992
2013-01-08,20.0745,0.0007474959235779426
2013-01-09,20.1297,0.002745983488588374
2013-01-10,20.1397,0.0004966550385928092
2013-01-11,20.1648,0.0012455186515070843
2013-01-14,20.1397,-0.0012455186515071776
2013-01-15,20.1548,0.0007494819743058883
2013-01-16,20.1347,-0.000997778660324409
2013-01-17,20.1648,0.0014938153375255898
2013-01-18,20.235,0.0034752682267385907
2013-01-22,20.235,0.0
2013-01-23,20.225,-0.0004943153832734398
2013-01-24,20.1899,-0.00173698357907857
2013-01-25,20.22,0.0014897342268484195
2013-01-28,20.1798,-0.001990109518749802
2013-01-29,20.1698,-0.0004956678730267955
2013-01-30,20.1347,-0.0017417414369841795
2013-01-31,20.1347,0.0
2013-02-01,20.1607,0.001290470059023034
2013-02-04,20.1355,-0.0012507384460631482
2013-02-05,20.1657,0.00149871495899897
2013-02-06,20.1707,0.0002479150358289996
2013-02-07,20.1808,0.0005006009794393554
2013-02-08,20.1808,0.0
2013-02-11,20.1808,0.0
2013-02-12,20.206,0.001247932654748833
2013-02-13,20.2111,0.00025236842955417787
2013-02-14,20.206,-0.0002523684295542261
2013-02-15,20.2161,0.0004997266450870097
2013-02-19,20.2211,0.0002472970445767796
2013-02-20,20.202,-0.0009450042882118936
2013-02-21,20.201,-4.950127466798734e-05
2013-02-22,20.2161,0.0007472085183030533
2013-02-25,20.2211,0.0002472970445767796
2013-02-26,20.2614,0.0019909844161054924
2013-02-27,20.2816,0.0009964729631000652
2013-02-28,20.2413,-0.001988999468743225
2013-03-01,20.2656,0.0011997957343072897
2013-03-04,20.2818,0.0007990648407533624
2013-03-05,20.3171,0.001738963809146682
2013-03-06,20.3222,0.0002509885764160012
2013-03-07,20.3272,0.0002460060923515057
2013-03-08,20.3272,0.0
2013-03-11,20.3474,0.0009932489396665203
2013-03-12,20.3424,-0.0002457618383557601
2013-03-13,20.3727,0.0014883915595763951
2013-03-14,20.3929,0.0009910317352511762
2013-03-15,20.408,0.0007401797847301789
2013-03-18,20.3979,-0.0004950264646167175
2013-03-19,20.3929,-0.0002451533201134146
2013-03-20,20.4333,0.001979121896574894
2013-03-21,20.4282,-0.00024962373023419384
2013-03-22,20.4383,0.000494292401142362
2013-03-25,20.4383,0.0
2013-03-26,20.4434,0.0002495003889983744
2013-03-27,20.403,-0.00197814314965021
2013-03-28,20.4687,0.0032149412228388934
2013-04-01,20.4506,-0.0008846681727436559
2013-04-02,20.476,0.0012412466836302799
2013-04-03,20.4506,-0.00124124668363029
2013-04-04,20.4354,-0.0007435308271907834
2013-04-05,20.4456,0.0004990093300875943
2013-04-08,20.4354,-0.0004990093300876873
2013-04-09,20.4456,0.0004990093300875943
2013-04-10,20.4557,0.0004938718429630665
2013-04-11,20.4862,0.0014899164739360228
2013-04-12,20.4963,0.0004928933180982348
2013-04-15,20.4659,-0.0014842955496175547
2013-04-16,20.5267,0.002966391230808017
2013-04-17,20.5318,0.0002484260275572077
2013-04-18,20.542,0.0004966669852643497
2013-04-19,20.5267,-0.0007450930128216106
2013-04-22,20.4608,-0.003215617287460594
2013-04-23,20.5267,0.0032156172874604626
2013-04-24,20.5521,0.0012366477714543958
2013-04-25,20.5724,0.0009872461257299206
2013-04-26,20.5978,0.0012339023479436915
2013-04-29,20.6637,0.0031942637099099756
2013-04-30,20.684,0.0009819168481457906
2013-05-01,20.6719,-0.0005851644067846018
2013-05-02,20.7619,0.004344286140596286
2013-05-03,20.7874,0.0012274576564050804
2013-05-06,20.7976,0.0004905615103787032
2013-05-07,20.8689,0.003422417030197511
2013-05-08,20.9199,0.0024408466058063317
2013-05-09,20.9097,-0.000487692935249931
2013-05-10,20.8944,-0.0007319856513188135
2013-05-13,20.874,-0.000976815086145857
2013-05-14,20.8129,-0.002931378622664983
2013-05-15,20.7721,-0.0019622466317855054
2013-05-16,20.767,-0.0002455517825674274
2013-05-17,20.8485,0.003916814849943454
2013-05-20,20.8587,0.0004891241897492175
2013-05-21,20.8587,0.0
2013-05-22,20.8333,-0.00121845932756846
2013-05-23,20.7619,-0.00343309180517931
2013-05-24,20.8027,0.001963209707503678
2013-05-28,20.7772,-0.001226554330189659
2013-05-29,20.6753,-0.004916480562505284
2013-05-30,20.7415,0.0031967731151021496
2013-05-31,20.5479,-0.00937777825820755
2013-06-03,20.3864,-0.007890734077023382
2013-06-04,20.3761,-0.0005053664627641869
2013-06-05,20.2534,-0.006039964706421455
2013-06-06,20.2743,0.0010313934347488973
2013-06-07,20.371,0.004758246707390248
2013-06-10,20.2943,-0.0037722623933998103
2013-06-11,20.018,-0.013708189645193538
2013-06-12,19.8032,-0.01078832799320626
2013-06-13,20.0487,0.01232077294165253
2013-06-14,20.2124,0.008131963712194198
2013-06-17,20.2636,0.002529895607681279
2013-06-18,20.3096,0.002267507601541345
2013-06-19,20.1255,-0.009106012950191306
2013-06-20,19.8646,-0.013048414570109737
2013-06-21,19.7878,-0.0038736669676422094
2013-06-24,19.5116,-0.014056425680261872
2013-06-25,19.6753,0.008354881465101653
2013-06-26,19.9208,0.012400370029018773
2013-06-27,20.0539,0.00665923656034339
2013-06-28,20.0948,0.002037426574128496
2013-07-01,20.094,-3.9812086954792885e-05
2013-07-02,20.022,-0.0035895940428307275
2013-07-03,19.945,-0.0038531836399219653
2013-07-05,19.7652,-0.009055669762876622
2013-07-08,19.7549,-0.0005212537535691764
2013-07-09,19.796,0.00207833524871543
2013-07-10,19.8834,0.004405315672424171
2013-07-11,20.022,0.006946456235228072
2013-07-12,20.0066,-0.0007694498813248965
2013-07-15,20.0785,0.0035873717220689747
2013-07-16,20.0272,-0.0025582412464139584
2013-07-17,20.0991,0.0035836883515247635
2013-07-18,20.0683,-0.0015335822600654663
2013-07-19,20.1556,0.0043407097309692095
2013-07-22,20.0837,-0.0035736246166468075
2013-07-23,20.135,0.0025510535060137927
2013-07-24,20.0631,-0.0035772873183186186
2013-07-25,19.9604,-0.0051319962224203606
2013-07-26,20.0015,0.002056959978953106
2013-07-29,19.8834,-0.00592205797956777
2013-07-30,19.8782,-0.00026155889248156007
2013-07-31,19.9861,0.005413378059949581
2013-08-01,19.858,-0.006430083318129471
2013-08-02,19.8734,0.0007752055437870755
2013-08-05,19.8425,-0.00155605217229581
2013-08-06,19.7703,-0.0036452904086713093
2013-08-07,19.7548,-0.0007843117813522149
2013-08-08,19.7393,-0.0007849274091982626
2013-08-09,19.7445,0.0002633991677630315
2013-08-12,19.7909,0.0023472645428644426
2013-08-13,19.7187,-0.00365481201371394
2013-08-14,19.5691,-0.007615632488419563
2013-08-15,19.4247,-0.00740633947315874
2013-08-16,19.3267,-0.005057892562428372
2013-08-19,19.1049,-0.011542712903290578
2013-08-20,19.2029,0.005116462641470233
2013-08-21,19.2081,0.0002707557747399034
2013-08-22,19.3576,0.007753042152247357
2013-08-23,19.533,0.009020235701088912
2013-08-26,19.4866,-0.002378293056358403
2013-08-27,19.4608,-0.001324863984441491
2013-08-28,19.5072,0.002381442307991284
2013-08-29,19.5175,0.0005278708222828201
2013-08-30,19.5485,0.0015870581327384408
2013-09-03,19.5001,-0.002478963383367266
2013-09-04,19.5519,0.002652874648140582
2013-09-05,19.4535,-0.005045465948051874
2013-09-06,19.4742,0.0010635101457867
2013-09-09,19.5052,0.0015905840795764612
2013-09-10,19.4949,-0.000528203786117011
2013-09-11,19.5622,0.0034462398185089605
2013-09-12,19.469,-0.004775675722750521
2013-09-13,19.5104,0.002124199734586555
2013-09-16,19.5156,0.00026648900890544796
2013-09-17,19.541,0.0013006766375410496
2013-09-18,19.7513,0.010704489587910225
2013-09-19,19.6606,-0.004602678892446909
2013-09-20,19.6295,-0.0015830963268211483
2013-09-23,19.6088,-0.0010550916793186044
2013-09-24,19.6244,0.0007952448855632144
2013-09-25,19.6554,0.001578419769761527
2013-09-26,19.6969,0.0021091532329489144
2013-09-27,19.6037,-0.004742939024582617
2013-09-30,19.6813,0.003950622422193754
2013-10-01,19.6083,-0.0037160003666443352
2013-10-02,19.6135,0.000265158663318138
2013-10-03,19.5823,-0.001592007643148851
2013-10-04,19.6135,0.0015920076431489235
2013-10-07,19.5511,-0.003186553816530201
2013-10-08,19.5147,-0.0018635231089040804
2013-10-09,19.4991,-0.0007997170658286902
2013-10-10,19.5615,0.0031950381245033532
2013-10-11,19.5771,0.0007971670333695783
2013-10-14,19.5667,-0.000531374074295908
2013-10-15,19.4991,-0.0034608310835771315
2013-10-16,19.5043,0.0002666434224098129
2013-10-17,19.6915,0.00955211647102638
2013-10-18,19.8007,0.0055302200590595756
2013-10-21,19.7487,-0.002629624215015358
2013-10-22,19.8527,0.005252351638524784
2013-10-23,19.9255,0.0036603004298819994
2013-10-24,19.8527,-0.003660300429881904
2013-10-25,19.8371,-0.0007860962163241098
2013-10-28,19.8267,-0.0005244076582847152
2013-10-29,19.8579,0.0015723986850484809
2013-10-30,19.8371,-0.0010479910267638117
2013-10-31,19.8631,0.0013098172662695925
2013-11-01,19.8749,0.0005938899968205859
2013-11-04,19.8645,-0.0005234100282053021
2013-11-05,19.8175,-0.0023688333238177967
2013-11-06,19.8175,0.0
2013-11-07,19.8436,0.0013161512801033106
2013-11-08,19.7601,-0.004216783973615769
2013-11-11,19.7862,0.0013199719715653647
2013-11-12,19.7287,-0.0029102966518746187
2013-11-13,19.7653,0.001853446623667123
2013-11-14,19.7966,0.0015823308046717698
2013-11-15,19.8227,0.0013175398745361505
2013-11-18,19.8018,-0.0010549029988094396
2013-11-19,19.781,-0.001050961625478893
2013-11-20,19.734,-0.002378844598963779
2013-11-21,19.7914,0.0029044634767390696
2013-11-22,19.9271,0.006833114442997762
2013-11-25,19.8697,-0.0028846560428606445
2013-11-26,19.901,0.001574023412324862
2013-11-27,19.8958,-0.00026132754541024475
2013-11-29,19.9062,0.0005225868165761547
2013-12-02,19.9146,0.0004218900737602857
2013-12-03,19.8673,-0.002377966979407572
2013-12-04,19.799,-0.0034437327151331043
2013-12-05,19.6939,-0.005322488250478813
2013-12-06,19.7044,0.000533017934712753
2013-12-09,19.7307,0.0013338373124064885
2013-12-10,19.7465,0.0008004620815885773
2013-12-11,19.6362,-0.0056014589350517245
2013-12-12,19.5941,-0.0021463010051675597
2013-12-13,19.6729,0.004013553659809159
2013-12-16,19.7044,0.0015999068864152094
2013-12-17,19.6729,-0.001599906886415194
2013-12-18,19.7044,0.0015999068864152094
2013-12-19,19.6834,-0.0010663201290663042
2013-12-20,19.6992,0.0008023848525846495
2013-12-23,19.6782,-0.0010666017558736405
2013-12-24,19.6887,0.0005334430828432112
2013-12-26,19.6108,-0.0039644322206490515
2013-12-27,19.5787,-0.001638194270345054
2013-12-30,19.6802,0.0051708135558053555
2013-12-31,19.6695,-0.0005438415166429164
2014-01-02,19.8137,0.007304404969235302
2014-01-03,19.9045,0.0045722191933437895
2014-01-06,20.022,0.00588583217726135
2014-01-07,19.9846,-0.0018696920455665235
2014-01-08,20.0167,0.0016049481837050472
2014-01-09,20.0861,0.0034611084153777774
2014-01-10,20.1876,0.005040520980169714
2014-01-13,20.1662,-0.001060618925905009
2014-01-14,20.1929,0.0013231218681883895
2014-01-15,20.1876,-0.0002625029422833488
2014-01-16,20.257,0.0034318583006914464
2014-01-17,20.3104,0.002632657298344655
2014-01-21,20.2623,-0.0023710535672720333
2014-01-22,20.2997,0.0018440910506759927
2014-01-23,20.257,-0.002105694781748599
2014-01-24,20.1876,-0.0034318583006914395
2014-01-27,20.1609,-0.0013234694671298048
2014-01-28,20.2516,0.0044887177130679586
2014-01-29,20.2089,-0.0021107013434132943
2014-01-30,20.2837,0.0036945064076449718
2014-01-31,20.2516,-0.001583805064231494
2014-02-03,20.2141,-0.001853422070292537
2014-02-04,20.257,0.0021200321250456904
2014-02-05,20.2624,0.0002665389927770997
2014-02-06,20.2678,0.00026646796867300476
2014-02-07,20.3107,0.0021144209856463086
2014-02-10,20.3429,0.001584115883150192
2014-02-11,20.3966,0.002636263631155666
2014-02-12,20.402,0.00026471496725550826
2014-02-13,20.4664,0.003151581823816714
2014-02-14,20.5147,0.002357185256823144
2014-02-18,20.5899,0.0036589619603709057
2014-02-19,20.6114,0.0010436564842136163
2014-02-20,20.6167,0.0002571061984034144
2014-02-21,20.6275,0.0005237100124062784
2014-02-24,20.6114,-0.0007808162108097388
2014-02-25,20.5953,-0.0007814263612109634
2014-02-26,20.6275,0.0015622425720206723
2014-02-27,20.6597,0.0015598057765376448
2014-02-28,20.7134,0.0025958910574965014
2014-03-03,20.6971,-0.0007872399918776559
2014-03-04,20.7403,0.002085073660563407
2014-03-05,20.7187,-0.0010419933888590374
2014-03-06,20.7511,0.0015625832095886925
2014-03-07,20.7079,-0.002083987343390443
2014-03-10,20.7133,0.0002607360496844325
2014-03-11,20.7241,0.0005212682380915505
2014-03-12,20.7619,0.0018223020035901018
2014-03-13,20.8105,0.0023380907592540677
2014-03-14,20.8699,0.0028502624837466214
2014-03-17,20.9347,0.0031001397883807665
2014-03-18,20.9617,0.0012888937349178607
2014-03-19,20.9185,-0.0020630281288963955
2014-03-20,20.9293,0.0005161561773748716
2014-03-21,20.9833,0.0025767921760689767
2014-03-24,21.0103,0.0012859104111351142
2014-03-25,21.0103,0.0
2014-03-26,21.0022,-0.0003855995287291119
2014-03-27,21.021,0.000894743915466823
2014-03-28,21.0426,0.001027016322833629
2014-03-31,21.075,0.001538549508578997
2014-04-01,21.153,0.0036942355170940665
2014-04-02,21.1258,-0.0012866970563339593
2014-04-03,21.1096,-0.0007671290336759583
2014-04-04,21.1313,0.0010274403201132143
2014-04-07,21.115,-0.0007716652492097555
2014-04-08,21.1258,0.0005113539627724579
2014-04-09,21.1638,0.0017971326391044852
2014-04-10,21.1475,-0.0007704797917509716
2014-04-11,21.1638,0.0007704797917509539
2014-04-14,21.1747,0.0005148977994411125
2014-04-15,21.2181,0.0020475182182946162
2014-04-16,21.2235,0.0002544673164602931
2014-04-17,21.191,-0.00153249508355094
2014-04-21,21.1855,-0.00025957783351055977
2014-04-22,21.2181,0.0015376056006010633
2014-04-23,21.2181,0.0
2014-04-24,21.2507,0.0015352449988283838
2014-04-25,21.2941,0.002040203035582015
2014-04-28,21.3429,0.002289092633586129
2014-04-29,21.3917,0.0022838646535540334
2014-04-30,21.4623,0.003294911274188889
2014-05-01,21.4794,0.0007964286883787071
2014-05-02,21.5121,0.0015212312343622905
2014-05-05,21.5284,0.000757426181353358
2014-05-06,21.5175,-0.0005064361638608782
2014-05-07,21.5393,0.0010126159799518925
2014-05-08,21.5502,0.000505923727706087
2014-05-09,21.5393,-0.000505923727706111
2014-05-12,21.5448,0.0002553146070070108
2014-05-13,21.5557,0.0005057946071334631
2014-05-14,21.5993,0.0020206240219955906
2014-05-15,21.5939,-0.0002500393593496633
2014-05-16,21.6211,0.0012588223344595045
2014-05-19,21.6429,0.001007766357479552
2014-05-20,21.632,-0.0005037562296161587
2014-05-21,21.6266,-0.00024966134031388003
2014-05-22,21.5721,-0.002523225417212799
2014-05-23,21.5666,-0.0002549914591676681
2014-05-27,21.632,0.0030278782166943624
2014-05-28,21.6757,0.0020181175556204848
2014-05-29,21.7302,0.0025111806754324678
2014-05-30,21.7302,0.0
2014-06-02,21.7154,-0.00068131182777991
2014-06-03,21.5729,-0.006583788910012988
2014-06-04,21.4907,-0.003817613939990344
2014-06-05,21.5291,0.0017852249521611364
2014-06-06,21.5784,0.002287305990551475
2014-06-09,21.5948,0.0007597306101389803
2014-06-10,21.5346,-0.0027916010468524133
2014-06-11,21.5455,0.0005060341193543487
2014-06-12,21.5729,0.0012709193146370633
2014-06-13,21.5674,-0.0002549820019703395
2014-06-16,21.6167,0.0022832487613573494
2014-06-17,21.666,0.002278047410175015
2014-06-18,21.7154,0.00227747474045103
2014-06-19,21.7318,0.0007549393645118302
2014-06-20,21.7482,0.0007543698609814202
2014-06-23,21.7592,0.0005056611167012311
2014-06-24,21.7647,0.00025273470572626227
2014-06-25,21.7975,0.0015058930080856694
2014-06-26,21.8304,0.0015082094823019741
2014-06-27,21.8633,0.0015059382115813025
2014-06-30,21.8633,0.0
2014-07-01,21.8925,0.001334680400526137
2014-07-02,21.909,0.0007533988918398795
2014-07-03,21.8264,-0.003777265016875305
2014-07-07,21.8209,-0.00025202017211184934
2014-07-08,21.854,0.0015157450314584426
2014-07-09,21.8925,0.0017601412656887026
2014-07-10,21.8595,-0.0015085027545183578
2014-07-11,21.9695,0.0050195181710386335
2014-07-14,21.964,-0.0002503784141365592
2014-07-15,21.964,0.0
2014-07-16,21.9475,-0.0007515115983993416
2014-07-17,21.8264,-0.0055329915290198385
2014-07-18,21.9365,0.005031669852309284
2014-07-21,21.9035,-0.0015054747368953134
2014-07-22,21.8925,-0.0005023289903784887
2014-07-23,21.9035,0.0005023289903785225
2014-07-24,21.9255,0.001003901610699101
2014-07-25,21.9475,0.001002894802906826
2014-07-28,21.942,-0.0002506294229276359
2014-07-29,21.953,0.0005011960464865299
2014-07-30,21.909,-0.002006293135703399
2014-07-31,21.7494,-0.007311340358792096
2014-08-01,21.7121,-0.0017164621174098724
2014-08-04,21.6237,-0.004079773425889297
2014-08-05,21.6181,-0.0002590086458615722
2014-08-06,21.6679,0.002300975926264007
2014-08-07,21.8172,0.006866746846696774
2014-08-08,21.7951,-0.0010134756429555193
2014-08-11,21.8172,0.0010134756429555295
2014-08-12,21.8559,0.001772258444186528
2014-08-13,21.9168,0.0027825580461721747
2014-08-14,21.9776,0.002770286819460935
2014-08-15,21.9942,0.0007550293955943004
2014-08-18,22.055,0.002760551320398803
2014-08-19,22.044,-0.0004988775359140897
2014-08-20,22.0384,-0.00025406965274688193
2014-08-21,22.0495,0.0005035395305531305
2014-08-22,22.0467,-0.00012699507004048887
2014-08-25,22.0827,0.0016315657129268625
2014-08-26,22.1159,0.0015023103104709495
2014-08-27,22.1325,0.0007503096509146881
2014-08-28,22.1435,0.000496883197502763
2014-08-29,22.1435,0.0
2014-09-02,22.0606,-0.0037507876956766827
2014-09-03,22.0494,-0.0005078213666148951
2014-09-04,21.8716,-0.008096399046300908
2014-09-05,21.9216,0.002283460524729846
2014-09-08,21.8772,-0.0020274535014248255
2014-09-09,21.8383,-0.0017796895960156827
2014-09-10,21.8383,0.0
2014-09-11,21.8327,-0.000256463100487524
2014-09-12,21.7827,-0.0022927691550824873
2014-09-15,21.8161,0.0015321525607975754
2014-09-16,21.7994,-0.0007657828439937646
2014-09-17,21.8605,0.0027989088333942647
2014-09-18,21.9161,0.002540171228302049
2014-09-19,21.9439,0.001267670028401808
2014-09-22,21.8994,-0.0020299573837291975
2014-09-23,21.8772,-0.001014240571586978
2014-09-24,21.8716,-0.000256007023305041
2014-09-25,21.8216,-0.002288686652630637
2014-09-26,21.905,0.0038146163265150674
2014-09-29,21.9327,0.0012637526004590912
2014-09-30,21.9605,0.001266711186116442
2014-10-01,21.905,-0.002530463786575482
2014-10-02,21.9329,0.0012728713632252115
2014-10-03,21.9329,0.0
2014-10-06,21.9608,0.0012712532211865363
2014-10-07,21.9217,-0.0017820320331468752
2014-10-08,22.0111,0.004069857755473894
2014-10-09,21.9217,-0.004069857755473916
2014-10-10,21.8938,-0.0012735220992946825
2014-10-13,21.8547,-0.0017874903327322047
2014-10-14,21.9273,0.003316434449881042
2014-10-15,21.9496,0.0010164802855302695
2014-10-16,21.9664,0.0007650970406923604
2014-10-17,21.9999,0.0015238947322364857
2014-10-20,22.0278,0.0012673841120276102
2014-10-21,22.0725,0.0020271977881330624
2014-10-22,22.0948,0.0010097969264555565
2014-10-23,22.1116,0.0007600709765460664
2014-10-24,22.1395,0.0012609857697074307
2014-10-27,22.1395,0.0
2014-10-28,22.1674,0.0012593976869354371
2014-10-29,22.1451,-0.0010064880962493996
2014-10-30,22.1786,0.0015116069452160519
2014-10-31,22.1953,0.0007526947502224917
2014-11-03,22.2226,0.001229234314884885
2014-11-04,22.2394,0.0007557015338725447
2014-11-05,22.217,-0.0010077290062008547
2014-11-06,22.2282,0.0005039914428138818
2014-11-07,22.2843,0.0025206416041893423
2014-11-10,22.2955,0.0005024697390137893
2014-11-11,22.3124,0.0007577133560901526
2014-11-12,22.3348,0.0010034224712622056
2014-11-13,22.3236,-0.0005015853785544583
2014-11-14,22.3629,0.001758920932818841
2014-11-17,22.3965,0.0015013608900671484
2014-11-18,22.4021,0.0002500078140463194
2014-11-19,22.3741,-0.0012506645784909217
2014-11-20,22.3797,0.00025025807994977277
2014-11-21,22.3909,0.0005003283509105315
2014-11-24,22.4077,0.0007500234733919298
2014-11-25,22.4246,0.0007539207580468852
2014-11-26,22.4807,0.0024985927801778125
2014-11-28,22.4919,0.0004980810640943998
2014-12-01,22.3514,-0.006266285476002935
2014-12-02,22.4022,0.0022702094051860336
2014-12-03,22.3176,-0.003783563474041142
2014-12-04,22.188,-0.005824002656972011
2014-12-05,22.2049,0.0007613830507317262
2014-12-08,22.2444,0.0017773062971868743
2014-12-09,22.2387,-0.0002562771043922453
2014-12-10,22.1767,-0.002791826270640993
2014-12-11,22.2105,0.0015229618688726635
2014-12-12,22.1542,-0.0025380552656694105
2014-12-15,22.0866,-0.0030560049823072292
2014-12-16,21.9851,-0.004606138608507358
2014-12-17,22.1316,0.006641500316361148
2014-12-18,22.1936,0.00279750753226514
2014-12-19,22.2782,0.003804662822371017
2014-12-22,22.2725,-0.00025588823659785666
2014-12-23,22.2613,-0.0005029887517405888
2014-12-24,22.2542,-0.00031899001741876154
2014-12-26,22.2997,0.0020424706172812042
2014-12-29,22.3452,0.0020383074327962347
2014-12-30,22.4135,0.0030519230010482073
2014-12-31,22.4419,0.0012662914072748912
2015-01-02,22.5387,0.004304084402435801
2015-01-05,22.4533,-0.0037962350000491463
2015-01-06,22.4761,0.001014925726011996
2015-01-07,22.5273,0.0022753846193903043
2015-01-08,22.5557,0.0012598985762579183
2015-01-09,22.5728,0.0007578359935915731
2015-01-12,22.5557,-0.0007578359935915775
2015-01-13,22.533,-0.0010069042539651053
2015-01-14,22.4874,-0.002025749020173246
2015-01-15,22.4931,0.00025344316005870685
2015-01-16,22.5728,0.003537046107671308
2015-01-20,22.5614,-0.0005051601775341251
2015-01-21,22.5956,0.0015147156161364201
2015-01-22,22.6411,0.002011641668987493
2015-01-23,22.6582,0.0007549785896134426
2015-01-26,22.7207,0.0027545859207469964
2015-01-27,22.7378,0.0007523345823798576
2015-01-28,22.7663,0.0012526345417927767
2015-01-29,22.7492,-0.00075139241816724
2015-01-30,22.7378,-0.0005012421236256263
2015-02-02,22.8108,0.003205370198099535
2015-02-03,22.8108,0.0
2015-02-04,22.7879,-0.0010044146839808688
2015-02-05,22.8222,0.0015040531139397279
2015-02-06,22.7422,-0.0035115169827756544
2015-02-09,22.765,0.001002039321591224
2015-02-10,22.7536,-0.0005008941504506528
2015-02-11,22.8108,0.00251073338167641
2015-02-12,22.8279,0.0007493640616496518
2015-02-13,22.8679,0.0017507083896811382
2015-02-17,22.7936,-0.0032543856674041656
2015-02-18,22.7136,-0.003515930771912126
2015-02-19,22.7364,0.0010033004141941373
2015-02-20,22.7765,0.0017621382235064778
2015-02-23,22.8279,0.0022541694119345523
2015-02-24,22.8622,0.001501419626721441
2015-02-25,22.8965,0.0014991687449216536
2015-02-26,22.9137,0.0007509245018899441
2015-02-27,22.9594,0.0019924537525737728
2015-03-02,22.9593,-4.355524002221391e-06
2015-03-03,22.9823,0.0010012712627136603
2015-03-04,22.9881,0.000252336287296898
2015-03-05,22.9995,0.0004957858306811385
2015-03-06,22.7928,-0.009027779947701212
2015-03-09,22.7412,-0.0022664392360877946
2015-03-10,22.7756,0.0015115300965596735
2015-03-11,22.8503,0.0032744588816853533
2015-03-12,22.8273,-0.0010070582492871546
2015-03-13,22.8158,-0.0005039096925206825
2015-03-16,22.8388,0.0010075655879486077
2015-03-17,22.8216,-0.000753388091806012
2015-03-18,22.9249,0.00451620017164413
2015-03-19,22.9134,-0.0005017638193946049
2015-03-20,22.9938,0.00350272210906784
2015-03-23,23.0225,0.0012473842408606678
2015-03-24,23.0168,-0.00024761453927949644
2015-03-25,23.0168,0.0
2015-03-26,23.0053,-0.0004997599083637569
2015-03-27,23.0053,0.0
2015-03-30,23.0282,0.0009949276891404882
2015-03-31,23.0282,0.0
2015-04-01,23.0258,-0.00010422547453735648
2015-04-02,23.0488,0.0009983809695781583
2015-04-06,23.0315,-0.0007508632024011932
2015-04-07,23.0488,0.0007508632024010991
2015-04-08,23.0892,0.0017512683829108405
2015-04-09,23.0834,-0.0002512312510236503
2015-04-10,23.0777,-0.0002469611871887763
2015-04-13,23.0604,-0.0007499225503766952
2015-04-14,23.0777,0.0007499225503767025
2015-04-15,23.1411,0.002743474074004399
2015-04-16,23.1065,-0.0014962941409060874
2015-04-17,23.02,-0.003750559933983213
2015-04-20,23.0027,-0.0007518029500590073
2015-04-21,23.0431,0.0017547750442715043
2015-04-22,23.0546,0.0004989403045517966
2015-04-23,23.0892,0.0014996600403330055
2015-04-24,23.095,0.0002511681497346213
2015-04-27,23.0719,-0.0010007170473980735
2015-04-28,23.0834,0.0004983176466396782
2015-04-29,23.0488,-0.0015000371318871749
2015-04-30,23.0259,-0.00099403802458387
2015-05-01,22.9874,-0.0016734295946827108
2015-05-04,22.9816,-0.00025234397227603104
2015-05-05,22.9121,-0.0030287404645303628
2015-05-06,22.6224,-0.012724589438411194
2015-05-07,22.7267,0.0045998788909115875
2015-05-08,22.9237,0.008630865136168547
2015-05-11,22.7788,-0.00634103103853932
2015-05-12,22.8541,0.003300253472614435
2015-05-13,22.97,0.005058484384412633
2015-05-14,23.0801,0.004781757685138214
2015-05-15,23.0743,-0.00025133031869252557
2015-05-18,23.0221,-0.002264819912745038
2015-05-19,22.9816,-0.0017607283963269028
2015-05-20,23.0395,0.002516238444942597
2015-05-21,23.0801,0.001760640182822074
2015-05-22,23.0917,0.0005024712159394792
2015-05-26,23.0859,-0.00025120404830482893
2015-05-27,23.1148,0.0012510634587538517
2015-05-28,23.1032,-0.0005019689403942886
2015-05-29,23.0279,-0.0032646118075223707
2015-06-01,23.0171,-0.00046910631764815973
2015-06-02,23.0462,0.0012634789027802513
2015-06-03,23.0112,-0.0015198429237114443
2015-06-04,23.0491,0.0016456692011768948
2015-06-05,22.9705,-0.0034159391402609394
2015-06-08,22.9589,-0.0005051230909458717
2015-06-09,22.9065,-0.0022849478167989387
2015-06-10,22.889,-0.0007642672686975952
2015-06-11,22.9123,0.001017438457422718
2015-06-12,22.8774,-0.0015243605770737711
2015-06-15,22.9123,0.0015243605770737993
2015-06-16,22.953,0.0017747626498905988
2015-06-17,22.9007,-0.0022811691392231204
2015-06-18,22.8366,-0.002802965718021059
2015-06-19,22.8366,0.0
2015-06-22,22.8657,0.001273459057098633
2015-06-23,22.8832,0.0007650457542610085
2015-06-24,22.8832,0.0
2015-06-25,22.9007,0.0007644609066615642
2015-06-26,22.8774,-0.0010179540877412704
2015-06-29,22.7668,-0.004846189284001356
2015-06-30,22.7959,0.0012773608217579008
2015-07-01,22.825,0.0012757312524156574
2015-07-02,22.8614,0.0015934723551035363
2015-07-06,22.8204,-0.0017950260720420738
2015-07-07,22.838,0.0007709425153626212
2015-07-08,22.7444,-0.004106854029481361
2015-07-09,22.8029,0.0025687596045347047
2015-07-10,22.8438,0.001792024875636708
2015-07-13,22.914,0.0030683317412878875
2015-07-14,22.9491,0.001530642579890313
2015-07-15,23.0017,0.002289406189868993
2015-07-16,23.1011,0.004312109200422423
2015-07-17,23.0952,-0.0002554317134523311
2015-07-20,23.1069,0.0005064704959341025
2015-07-21,23.0952,-0.0005064704959341581
2015-07-22,23.0309,-0.0027880111975802707
2015-07-23,23.0134,-0.0007601375563375968
2015-07-24,22.9958,-0.0007650644157462743
2015-07-27,22.9725,-0.0010137421655966531
2015-07-28,23.0485,0.0033028430103160668
2015-07-29,23.0309,-0.0007638988726356221
2015-07-30,23.0602,0.0012713952996054904
2015-07-31,23.1069,0.002023086393908995
2015-08-03,23.1186,0.00050621411341561
2015-08-04,23.0983,-0.000878466591461847
2015-08-05,23.1159,0.0007616706921627866
2015-08-06,23.1042,-0.0005062732555708866
2015-08-07,23.0866,-0.0007620565502972947
2015-08-10,23.1688,0.003554183361539858
2015-08-11,23.1688,0.0
2015-08-12,23.1688,0.0
2015-08-13,23.1512,-0.0007599309519427957
2015-08-14,23.1571,0.0002548139332225816
2015-08-17,23.1629,0.00025043178023804015
2015-08-18,23.1277,-0.0015208274156978867
2015-08-19,23.0748,-0.0022899203773012874
2015-08-20,23.0337,-0.0017827520255637107
2015-08-21,22.9338,-0.004346556035478188
2015-08-24,22.4756,-0.02018152857076479
2015-08-25,22.6166,0.006253873599122943
2015-08-26,22.7576,0.006215005613704355
2015-08-27,22.8986,0.006176617776746488
2015-08-28,22.9691,0.0030740610720778358
2015-08-31,22.9338,-0.0015380294908867744
2015-09-01,22.853,-0.003529405150615445
2015-09-02,22.8766,0.0010321543199665654
2015-09-03,22.9415,0.002832943461424561
2015-09-04,22.9297,-0.0005144840449032846
2015-09-08,22.9769,0.002056349920595041
2015-09-09,22.9356,-0.0017990748114147278
2015-09-10,22.9061,-0.0012870379620367547
2015-09-11,22.9238,0.0007724215361604341
2015-09-14,22.9061,-0.0007724215361603761
2015-09-15,22.8766,-0.00128869656366477
2015-09-16,22.9415,0.002832943461424561
2015-09-17,22.9828,0.001798612548642687
2015-09-18,22.9297,-0.0023130965935459695
2015-09-21,22.9297,0.0
2015-09-22,22.8943,-0.0015450422067958798
2015-09-23,22.8943,0.0
2015-09-24,22.9474,0.0023166690479965576
2015-09-25,22.9533,0.0002570766908781678
2015-09-28,22.794,-0.006964373585770392
2015-09-29,22.6937,-0.004409990505255243
2015-09-30,22.7763,0.003633168720448393
2015-10-01,22.7351,-0.0018105358769277624
2015-10-02,22.7826,0.0020871009406214142
2015-10-05,22.9367,0.006741161109932483
2015-10-06,22.9485,0.0005143270710435296
2015-10-07,22.9722,0.0010322143218330694
2015-10-08,22.9959,0.0010311499539879712
2015-10-09,22.9722,-0.0010311499539880041
2015-10-12,22.99,0.0007745495598508814
2015-10-13,22.9959,0.0002566003941370595
2015-10-14,23.0256,0.0012907012645450894
2015-10-15,23.0908,0.0028276293657851733
2015-10-16,23.1678,0.003329113769802436
2015-10-19,23.1263,-0.0017928855347268589
2015-10-20,23.1204,-0.00025515334205504666
2015-10-21,23.1619,0.0017933426438299742
2015-10-22,23.2034,0.0017901323223394677
2015-10-23,23.2034,0.0
2015-10-26,23.2093,0.00025424075874833546
2015-10-27,23.2093,0.0
2015-10-28,23.2448,0.001528390687177382
2015-10-29,23.2211,-0.0010201030026408865
2015-10-30,23.2686,0.0020434641018974666
2015-11-02,23.3522,0.003586385888118134
2015-11-03,23.3344,-0.0007625314699502814
2015-11-04,23.3701,0.001528760909672681
2015-11-05,23.382,0.0005090680528571507
2015-11-06,23.1975,-0.00792198133942981
2015-11-09,23.2035,0.00025861511749476936
2015-11-10,23.263,0.0025609861952148602
2015-11-11,23.3225,0.0025544442950722196
2015-11-12,23.263,-0.0025544442950721645
2015-11-13,23.263,0.0
2015-11-16,23.2273,-0.0015358045449102723
2015-11-17,23.2332,0.00025397918798620157
2015-11-18,23.2332,0.0
2015-11-19,23.2511,0.0007701525411702434
2015-11-20,23.2749,0.0010230839563235897
2015-11-23,23.2868,0.0005111497328961428
2015-11-24,23.3522,0.0028045216606748346
2015-11-25,23.4058,0.0022926568064513056
2015-11-27,23.4415,0.0015241009368983302
2015-11-30,23.4236,-0.0007638947050338553
2015-12-01,23.472,0.00206416027026219
2015-12-02,23.3704,-0.004337957035702506
2015-12-03,23.2748,-0.004099034149560547
2015-12-04,23.3107,0.0015412524114406067
2015-12-07,23.2151,-0.0041095536044285985
2015-12-08,23.1673,-0.0020611273639214987
2015-12-09,23.1494,-0.0007729393886513919
2015-12-10,23.1315,-0.0007735372861182605
2015-12-11,22.9881,-0.006218634251948199
2015-12-14,22.5819,-0.01782799028894022
2015-12-15,22.7432,0.007117499175426107
2015-12-16,22.8925,0.006543146381528502
2015-12-17,22.9881,0.004167344731985535
2015-12-18,22.9582,-0.001301519566135481
2015-12-21,23.0478,0.003895149036457223
2015-12-22,23.1076,0.00259124754463873
2015-12-23,23.2091,0.004382875398338834
2015-12-24,23.3102,0.0043465898744029985
2015-12-28,23.2921,-0.0007767857341855831
2015-12-29,23.3523,0.002581233049406183
2015-12-30,23.4186,0.0028350980805902084
2015-12-31,23.4186,0.0
2016-01-04,23.5089,0.00384849444151372
2016-01-05,23.533,0.001024618568061007
2016-01-06,23.4607,-0.003077010622473189
2016-01-07,23.3282,-0.00566375162465045
2016-01-08,23.3885,0.0025815193919013183
2016-01-11,23.268,-0.005165422521085501
2016-01-12,23.2379,-0.001294459593429207
2016-01-13,23.1054,-0.005718210012640488
2016-01-14,23.1114,0.00025964584452874557
2016-01-15,23.021,-0.003919159450214825
2016-01-19,22.9909,-0.00130835737249548
2016-01-20,22.8524,-0.006042340816853868
2016-01-21,22.8945,0.001840562393739206
2016-01-22,23.015,0.0052494702280555154
2016-01-25,22.9066,-0.0047210986264343445
2016-01-26,22.9367,0.0013131691795922043
2016-01-27,22.9969,0.0026211764140992955
2016-01-28,23.0331,0.0015728875717209883
2016-01-29,23.1716,0.0059950790641852495
2016-02-01,23.247,0.003248700577554465
2016-02-02,23.1864,-0.002610191560650409
2016-02-03,23.1501,-0.0015667997119315014
2016-02-04,23.0654,-0.0036654410244146745
2016-02-05,22.9202,-0.0063150413409684535
2016-02-08,22.4846,-0.019187987385060747
2016-02-09,22.2849,-0.00892131136175764
2016-02-10,22.4119,0.005682748732531077
2016-02-11,21.94,-0.021280612950586406
2016-02-12,22.1276,0.008514243266959032
2016-02-16,22.5148,0.017347172633127003
2016-02-17,22.7689,0.01122269898280805
2016-02-18,22.896,0.005566653084116897
2016-02-19,22.9021,0.0002663865983990902
2016-02-22,22.8658,-0.001586264941656304
2016-02-23,22.896,0.0013198783432571343
2016-02-24,22.9505,0.00237749994751168
2016-02-25,23.1138,0.007090118989649208
2016-02-26,23.1199,0.00026387678405131115
2016-02-29,23.1864,0.0028721813539650826
2016-03-01,23.288,0.0043723065540496
2016-03-02,23.2211,-0.002876858341289904
2016-03-03,23.2454,0.0010459148941807611
2016-03-04,23.2454,0.0
2016-03-07,23.294,0.0020885536842473237
2016-03-08,23.2636,-0.00130590942489926
2016-03-09,23.3062,0.001829512339853646
2016-03-10,23.3244,0.0007806033344699652
2016-03-11,23.4643,0.0059800942073428235
2016-03-14,23.4461,-0.0007759473768365838
2016-03-15,23.3609,-0.0036404851452653464
2016-03-16,23.4278,0.0028596667823914314
2016-03-17,23.4704,0.0018167013538443154
2016-03-18,23.513,0.001813406934107767
2016-03-21,23.4947,-0.0007785958863961653
2016-03-22,23.5495,0.0023297250154587076
2016-03-23,23.5373,-0.000518191946490186
2016-03-24,23.5738,0.0015495289773816497
2016-03-28,23.6468,0.0030918733838502617
2016-03-29,23.6894,0.0017998914784293542
2016-03-30,23.7137,0.0010252494933265567
2016-03-31,23.738,0.0010241994332845228
2016-04-01,23.2259,-0.021809104339692378
2016-04-04,23.5316,0.013076163432913132
2016-04-05,23.4704,-0.002604145976172657
2016-04-06,23.4704,0.0
2016-04-07,23.4154,-0.0023461271953596524
2016-04-08,23.5193,0.004427435126768398
2016-04-11,23.5682,0.0020769850843220723
2016-04-12,23.611,0.0018143593677345598
2016-04-13,23.666,0.0023267138275406426
2016-04-14,23.666,0.0
2016-04-15,23.6844,0.0007771846035579978
2016-04-18,23.6905,0.00025752033391999074
2016-04-19,23.8005,0.004632464960271938
2016-04-20,23.8249,0.00102466339956701
2016-04-21,23.8127,-0.0005122004579039041
2016-04-22,23.8555,0.001795746913097399
2016-04-25,23.7944,-0.002564539841099277
2016-04-26,23.8616,0.0028202133851003546
2016-04-27,23.9288,0.002812282144112838
2016-04-28,23.9105,-0.0007650613990009025
2016-04-29,23.9472,0.0015337137887549714
2016-05-02,23.973,0.0010767902676897742
2016-05-03,23.9116,-0.002564500221389782
2016-05-04,23.93,0.000769205081236283
2016-05-05,23.8747,-0.0023135810774599784
2016-05-06,23.9361,0.0025684587480043785
2016-05-09,24.0037,0.0028202055413265297
2016-05-10,24.0589,0.002297005333489066
2016-05-11,24.0712,0.0005111146774167468
2016-05-12,24.0405,-0.0012761970234559004
2016-05-13,24.0896,0.002040303969156544
2016-05-16,24.1633,0.0030547410543449957
2016-05-17,24.194,0.0012697153945519539
2016-05-18,24.0896,-0.004324456448897059
2016-05-19,24.0528,-0.0015287981973264822
2016-05-20,24.0528,0.0
2016-05-23,24.1817,0.0053447348619080105
2016-05-24,24.194,0.0005085197843155703
2016-05-25,24.2309,0.001524009637273844
2016-05-26,24.237,0.00025171299075096577
2016-05-27,24.2677,0.001265856879826481
2016-05-31,24.3168,0.0020212214478211835
2016-06-01,24.3209,0.0001685934988583962
2016-06-02,24.3518,0.001269705775569866
2016-06-03,24.4751,0.005050505442308698
2016-06-06,24.4628,-0.0005026778941884203
2016-06-07,24.4381,-0.00101020644203147
2016-06-08,24.4381,0.0
2016-06-09,24.4381,0.0
2016-06-10,24.3518,-0.0035376211060889015
2016-06-13,24.2962,-0.0022858092504856983
2016-06-14,24.2284,-0.0027944607115114243
2016-06-15,24.2469,0.0007632753545891518
2016-06-16,24.2531,0.0002556701044855324
2016-06-17,24.3518,0.004061324502922552
2016-06-20,24.4813,0.005303792041533719
2016-06-21,24.4689,-0.0005066373688048715
2016-06-22,24.4751,0.0002533507695799356
2016-06-23,24.5121,0.0015105989742579598
2016-06-24,24.3456,-0.006815738135553811
2016-06-27,24.1852,-0.0066102592194284965
2016-06-28,24.4689,0.011662047611144364
2016-06-29,24.5183,0.002016854065770778
2016-06-30,24.6046,0.003513639821178734
2016-07-01,24.5553,-0.002005700439876666
2016-07-05,24.4504,-0.004281141182299281
2016-07-06,24.4958,0.0018550985784362272
2016-07-07,24.5206,0.001011906305488561
2016-07-08,24.6011,0.0032775767965815186
2016-07-11,24.6507,0.002014140265653137
2016-07-12,24.7374,0.003510970823414917
2016-07-13,24.7498,0.0005011396991349001
2016-07-14,24.756,0.0002504757031465153
2016-07-15,24.8242,0.0027510999558126594
2016-07-18,24.8118,-0.0004996373703747072
2016-07-19,24.818,0.0002498498898746735
2016-07-20,24.7808,-0.0015000365724711416
2016-07-21,24.7808,0.0
2016-07-22,24.8242,0.0017498240529711748
2016-07-25,24.8118,-0.0004996373703747072
2016-07-26,24.8428,0.0012486256672124393
2016-07-27,24.8675,0.0009937579146662918
2016-07-28,24.8861,0.0007476846244893521
2016-07-29,24.9481,0.0024882523242630355
2016-08-01,24.8985,-0.0019901063009377983
2016-08-02,24.8979,-2.4098127576561022e-05
2016-08-03,24.8667,-0.0012539035413892962
2016-08-04,24.9414,0.002999514376450917
2016-08-05,24.9725,0.001246146024435862
2016-08-08,25.0285,0.0022399561374591187
2016-08-09,25.0659,0.0014931811519406743
2016-08-10,25.0285,-0.0014931811519405542
2016-08-11,25.0099,-0.000743429080732698
2016-08-12,24.9787,-0.0012482847709820212
2016-08-15,24.9165,-0.002493227092808071
2016-08-16,24.8792,-0.0014981216039233528
2016-08-17,24.9165,0.0014981216039232858
2016-08-18,24.929,0.0005015497993612523
2016-08-19,24.8854,-0.0017504982950077646
2016-08-22,24.9227,0.001497748638184234
2016-08-23,24.9539,0.0012510878475907822
2016-08-24,24.9165,-0.0014998879901286124
2016-08-25,24.9227,0.0002488001425376842
2016-08-26,24.9539,0.0012510878475907822
2016-08-29,24.9912,0.0014936402944261179
2016-08-30,24.9787,-0.0005003011917466706
2016-08-31,24.9539,-0.0009933391026794892
2016-09-01,24.9043,-0.0019896432828520488
2016-09-02,24.973,0.002754761923575492
2016-09-06,25.0105,0.0015004954449326286
2016-09-07,24.9855,-0.0010000800897539829
2016-09-08,25.0043,0.0007521534747616869
2016-09-09,24.7043,-0.012070492526882722
2016-09-12,24.7793,0.003031309663412909
2016-09-13,24.5793,-0.008104001919810798
2016-09-14,24.6293,0.00203216580870305
2016-09-15,24.6543,0.0010145363627795895
2016-09-16,24.5918,-0.00253827342901925
2016-09-19,24.5918,0.0
2016-09-20,24.6356,0.0017794972538922194
2016-09-21,24.7481,0.0045561671001710545
2016-09-22,24.8793,0.005287414035806639
2016-09-23,24.8918,0.0005022995377965992
2016-09-26,24.7668,-0.00503438534355291
2016-09-27,24.8043,0.001512978616712307
2016-09-28,24.8668,0.002516555219620059
2016-09-29,24.5668,-0.012137642536659943
2016-09-30,24.6856,0.0048241397534300855
2016-10-03,24.6842,-5.6714833780033175e-05
2016-10-04,24.6152,-0.0027992245364051385
2016-10-05,24.6027,-0.0005079452909921334
2016-10-06,24.5964,-0.0002561022471725027
2016-10-07,24.5838,-0.000512401343454558
2016-10-10,24.6215,0.0015323555542590937
2016-10-11,24.4332,-0.007677181793064608
2016-10-12,24.2951,-0.0056681792610241205
2016-10-13,24.3202,0.0010325968257010002
2016-10-14,24.3955,0.0030914083126770213
2016-10-17,24.3955,0.0
2016-10-18,24.5964,0.008201401704906104
2016-10-19,24.634,0.0015275117533468413
2016-10-20,24.6466,0.0005113574215638378
2016-10-21,24.7031,0.0022897818907212674
2016-10-24,24.7219,0.0007607486456931541
2016-10-25,24.7596,0.0015238021197764731
2016-10-26,24.6842,-0.003049929756531871
2016-10-27,24.5964,-0.0035632720745699337
2016-10-28,24.4897,-0.004347469774817511
2016-10-31,24.4458,-0.0017941989670780137
2016-11-01,24.3883,-0.0023549129224345925
2016-11-02,24.1739,-0.008829970348673688
2016-11-03,24.01,-0.0068031285197798315
2016-11-04,24.0478,0.0015731060429393718
2016-11-07,24.1109,0.0026205041294384674
2016-11-08,24.0478,-0.0026205041294384713
2016-11-09,23.9154,-0.0055209133794731045
2016-11-10,23.5686,-0.014607285251936821
2016-11-11,23.5434,-0.0010697912380435303
2016-11-14,23.1903,-0.015111438612276614
2016-11-15,23.6191,0.018321618946609632
2016-11-16,23.8145,0.008238932120330502
2016-11-17,23.6317,-0.00770560780418538
2016-11-18,23.4299,-0.008576046578966767
2016-11-21,23.5813,0.006441040578727357
2016-11-22,23.7578,0.007456872558006359
2016-11-23,23.7011,-0.002389437048770916
2016-11-25,23.7515,0.002124225814889337
2016-11-28,23.7137,-0.0015927461799823417
2016-11-29,23.7452,0.001327464590442551
2016-11-30,23.6285,-0.004926794236370045
2016-12-01,23.4811,-0.00625776831095544
2016-12-02,23.4557,-0.001082306526198498
2016-12-05,23.4969,0.0017549618370140826
2016-12-06,23.5381,0.0017518873408003653
2016-12-07,23.5888,0.0021516382176563573
2016-12-08,23.5825,-0.000267111571546994
2016-12-09,23.5254,-0.0024242230268825796
2016-12-12,23.4114,-0.004857605297550724
2016-12-13,23.4431,0.0013531253065023011
2016-12-14,23.3797,-0.002708084042239186
2016-12-15,23.4621,0.003518228803979623
2016-12-16,23.5191,0.002426503706487646
2016-12-19,23.6141,0.004031134259763359
2016-12-20,23.6522,0.001612142615429415
2016-12-21,23.7282,0.0032080803531106218
2016-12-22,23.7748,0.00196198197791291
2016-12-23,23.7939,0.0008030491069316193
2016-12-27,23.6729,-0.005098311328917814
2016-12-28,23.6474,-0.0010777616569773605
2016-12-29,23.6602,0.0005411392804686814
2016-12-30,23.7047,0.001879029116210416
2017-01-03,23.8959,0.008033555388148761
2017-01-04,24.1762,0.011661782059024423
2017-01-05,24.1571,-0.0007903454137925696
2017-01-06,24.1443,-0.0005300053538667731
2017-01-09,24.1125,-0.0013179491637665289
2017-01-10,24.2144,0.004217119286217883
2017-01-11,24.3291,0.0047256672244876475
2017-01-12,24.2717,-0.0023621021336575837
2017-01-13,24.2781,0.00026364681366650584
2017-01-17,24.1953,-0.003416309998105508
2017-01-18,24.208,0.0005247576215437349
2017-01-19,23.9914,-0.00898772424811777
2017-01-20,24.0488,0.002389666459142514
2017-01-23,24.1443,0.0039632281385892565
2017-01-24,24.1889,0.001845522856289207
2017-01-25,24.1061,-0.003428929749545115
2017-01-26,24.208,0.00421823654364204
2017-01-27,24.1889,-0.0007893067940969778
2017-01-30,24.1953,0.0002645491725532651
2017-01-31,24.2717,0.003152663184439052
2017-02-01,24.2662,-0.00022662702850919085
2017-02-02,24.3687,0.004215086358123198
2017-02-03,24.4327,0.002622877076910787
2017-02-06,24.4647,0.0013088632347867226
2017-02-07,24.4903,0.0010458585367575225
2017-02-08,24.644,0.0062563423653596165
2017-02-09,24.6056,-0.0015594038441557696
2017-02-10,24.6248,0.0007800058895908254
2017-02-13,24.6504,0.0010390623398081466
2017-02-14,24.6504,0.0
2017-02-15,24.6824,0.0012973115042343416
2017-02-16,24.644,-0.0015569758894773587
2017-02-17,24.6504,0.0002596643852430416
2017-02-21,24.6504,0.0
2017-02-22,24.6632,0.0005191265812050885
2017-02-23,24.7848,0.004918307924394468
2017-02-24,24.8233,0.0015521661877627502
2017-02-27,24.8297,0.0002577890574765325
2017-02-28,24.7784,-0.00206821137218729
2017-03-01,24.6762,-0.004133089560336775
2017-03-02,24.6633,-0.0005229076214369045
2017-03-03,24.689,0.0010414915747827646
2017-03-06,24.689,0.0
2017-03-07,24.6118,-0.0031317975813425825
2017-03-08,24.3994,-0.008667460895006874
2017-03-09,24.3029,-0.003962857043227845
2017-03-10,24.3866,0.003438116326886684
2017-03-13,24.3994,0.0005247407163411363
2017-03-14,24.4059,0.0002663645152649989
2017-03-15,24.6633,0.010491402386301765
2017-03-16,24.7083,0.0018229108419117951
2017-03-17,24.7405,0.0013023573696952456
2017-03-20,24.7276,-0.0005215482418938451
2017-03-21,24.644,-0.003386565551834493
2017-03-22,24.6504,0.0002596643852430416
2017-03-23,24.7405,0.0036484494084852398
2017-03-24,24.7469,0.0002586516986416483
2017-03-27,24.7726,0.00103797503235767
2017-03-28,24.7919,0.0007787832410478318
2017-03-29,24.8434,0.002075136786953803
2017-03-30,24.8756,0.0012952796517209989
2017-03-31,24.9335,0.0023248774251848968
2017-04-03,25.0634,0.005196333864510984
2017-04-04,25.0504,-0.0005188191792123869
2017-04-05,24.9599,-0.003619258384312957
2017-04-06,25.0634,0.004138077563525335
2017-04-07,25.031,-0.0012935579433186854
2017-04-10,25.1151,0.00335420217518203
2017-04-11,25.0698,-0.0018053244024982009
2017-04-12,25.0698,0.0
2017-04-13,25.0375,-0.0012892334838987413
2017-04-17,25.128,0.0036080612444087325
2017-04-18,25.128,0.0
2017-04-19,25.0892,-0.0015452875795910045
2017-04-20,25.1216,0.0012905591823657882
2017-04-21,25.1733,0.002055875176596292
2017-04-24,25.1992,0.001028338965999063
2017-04-25,25.1798,-0.0007701622088142467
2017-04-26,25.1992,0.0007701622088142731
2017-04-27,25.225,0.0010233182579569894
2017-04-28,25.225,0.0
2017-05-01,25.2638,0.001536974839492114
2017-05-02,25.2738,0.0003957449554593895
2017-05-03,25.2998,0.0010282045292647687
2017-05-04,25.2284,-0.002826146489416314
2017-05-05,25.2803,0.0020550922223782652
2017-05-08,25.2933,0.000514102230662783
2017-05-09,25.2479,-0.00179655458165274
2017-05-10,25.2608,0.0005108031004753467
2017-05-11,25.2154,-0.0017988680702029185
2017-05-12,25.2673,0.0020561506529976617
2017-05-15,25.2868,0.00077145082068908
2017-05-16,25.2998,0.0005139701140689559
2017-05-17,25.2219,-0.0030838258307072496
2017-05-18,25.1699,-0.0020638285775602836
2017-05-19,25.1764,0.0002582116277112294
2017-05-22,25.2673,0.0036040218457984332
2017-05-23,25.2998,0.0012854209347579726
2017-05-24,25.3063,0.0002568860289863842
2017-05-25,25.3258,0.0007702623815373323
2017-05-26,25.3908,0.002563264713693732
2017-05-30,25.3433,-0.001872508387023849
2017-05-31,25.3648,0.0008479908057436681
2017-06-01,25.372,0.0002838176648244428
2017-06-02,25.4438,0.0028258946147056334
2017-06-05,25.3916,-0.002053687719451533
2017-06-06,25.3655,-0.0010284276406815473
2017-06-07,25.3329,-0.0012860368174566806
2017-06-08,25.3786,0.0018023530114976178
2017-06-09,25.3198,-0.0023196008696400915
2017-06-12,25.3459,0.0010302829057420508
2017-06-13,25.4047,0.002317215020530719
2017-06-14,25.4177,0.000511585453797141
2017-06-15,25.4373,0.0007708190333483467
2017-06-16,25.4438,0.000255497622313993
2017-06-19,25.5091,0.0025631528627576743
2017-06-20,25.4765,-0.001278792617625117
2017-06-21,25.4634,-0.0005143316060214688
2017-06-22,25.5222,0.0023065346320726154
2017-06-23,25.5744,0.0020431894943932316
2017-06-26,25.6005,0.0010200313928511798
2017-06-27,25.5418,-0.0022955567417590546
2017-06-28,25.5874,0.0017837170184651912
2017-06-29,25.5026,-0.0033196350704438283
2017-06-30,25.5679,0.0025572506862453757
2017-07-03,25.5287,-0.0015343489660946225
2017-07-05,25.6397,0.004338622044802118
2017-07-06,25.56,-0.0031133020066655905
2017-07-07,25.5797,0.000770438660158607
2017-07-10,25.5928,0.0005119937578257345
2017-07-11,25.5616,-0.0012198365680686734
2017-07-12,25.619,0.00224303834132485
2017-07-13,25.5731,-0.0017932459227173359
2017-07-14,25.6125,0.0015394957871609982
2017-07-17,25.6059,-0.0002577198833440508
2017-07-18,25.6584,0.002048209703588538
2017-07-19,25.6911,0.0012736250370607577
2017-07-20,25.6977,0.0002568653105848289
2017-07-21,25.7698,0.0028017699388894544
2017-07-24,25.7567,-0.0005084762319291469
2017-07-25,25.6649,-0.0035704877920993577
2017-07-26,25.7305,0.0025527590260592094
2017-07-27,25.6911,-0.0015324302515048601
2017-07-28,25.7502,0.0022977656475498816
2017-07-31,25.7174,-0.001274588457223788
2017-08-01,25.8206,0.004004817336008027
2017-08-02,25.7876,-0.0012788667110118826
2017-08-03,25.7876,0.0
2017-08-04,25.7613,-0.0010203904363413762
2017-08-07,25.7679,0.0002561654376973277
2017-08-08,25.7086,-0.0023039649638815036
2017-08-09,25.6691,-0.0015376323884694226
2017-08-10,25.4385,-0.009024159417223065
2017-08-11,25.4517,0.0005187639386767855
2017-08-14,25.5768,0.004903152184614343
2017-08-15,25.6164,0.0015470807801978876
2017-08-16,25.6361,0.0007687430260054413
2017-08-17,25.5242,-0.004374492661101509
2017-08-18,25.5373,0.0005131067550859493
2017-08-21,25.5176,-0.0007717183258683744
2017-08-22,25.5439,0.0010301304241249621
2017-08-23,25.5505,0.0002583453386949781
2017-08-24,25.5834,0.0012868177291357902
2017-08-25,25.59,0.00025794651270370664
2017-08-28,25.6164,0.0010311212012194932
2017-08-29,25.5933,-0.0009021728917289809
2017-08-30,25.623,0.0011597871509319837
2017-08-31,25.7218,0.003848495736402061
2017-09-01,25.7001,-0.0008439984243343074
2017-09-05,25.6869,-0.0005137486247622474
2017-09-06,25.7398,0.0020572978105985133
2017-09-07,25.7001,-0.0015435491858363205
2017-09-08,25.6472,-0.0020604790793635253
2017-09-11,25.7266,0.003091072228273452
2017-09-12,25.7597,0.0012857791125076346
2017-09-13,25.7067,-0.0020595968917674224
2017-09-14,25.72,0.0005172410555808274
2017-09-15,25.7464,0.0010259121413385272
2017-09-18,25.7332,-0.000512824508709815
2017-09-19,25.7134,-0.0007697302048182169
2017-09-20,25.7001,-0.0005173738530415187
2017-09-21,25.6935,-0.0002568413201753059
2017-09-22,25.667,-0.0010319215097815931
2017-09-25,25.72,0.0020627792551878555
2017-09-26,25.7134,-0.0002566425721894744
2017-09-27,25.6737,-0.0015451351758886984
2017-09-28,25.6737,0.0
2017-09-29,25.6803,0.00025703937517373884
2017-10-02,25.6238,-0.0022025539027590644
2017-10-03,25.6039,-0.0007769234613690189
2017-10-04,25.5973,-0.00025780645908896863
2017-10-05,25.584,-0.0005197210816987244
2017-10-06,25.4643,-0.004689684842846079
2017-10-09,25.471,0.00026307884860355654
2017-10-10,25.5175,0.0018239411981602037
2017-10-11,25.5308,0.000521075150433367
2017-10-12,25.5973,0.002601310727347299
2017-10-13,25.6238,0.0010347299204579669
2017-10-16,25.584,-0.0015544510021567458
2017-10-17,25.5773,-0.0002619167237071573
2017-10-18,25.5507,-0.0010405258332019645
2017-10-19,25.5906,0.001560383020990493
2017-10-20,25.6438,0.0020767304436128996
2017-10-23,25.6637,0.000775715090303512
2017-10-24,25.6504,-0.0005183760525010737
2017-10-25,25.5374,-0.00441512171110477
2017-10-26,25.5308,-0.00025847788004078955
2017-10-27,25.5973,0.002601310727347299
2017-10-30,25.5374,-0.0023428328473065886
2017-10-31,25.584,0.001823111765607966
2017-11-01,25.5712,-0.0005004378935917679
2017-11-02,25.5846,0.0005238897761925444
2017-11-03,25.5812,-0.00013290127409342896
2017-11-06,25.5445,-0.0014356774109203162
2017-11-07,25.5578,0.0005205245282618033
2017-11-08,25.6046,0.0018294690262042057
2017-11-09,25.5645,-0.0015673524923877308
2017-11-10,25.5111,-0.0020910187822364324
2017-11-13,25.5244,0.0005212058391153903
2017-11-14,25.491,-0.001309408718628843
2017-11-15,25.4977,0.00026280332852428247
2017-11-16,25.5578,0.0023543017994094163
2017-11-17,25.638,0.003133072072495462
2017-11-20,25.7315,0.0036402964114213687
2017-11-21,25.7449,0.0005206269398277407
2017-11-22,25.7916,0.001812308277901206
2017-11-24,25.7983,0.00025974076467166627
2017-11-27,25.8184,0.0007788177475886619
2017-11-28,25.7916,-0.0010385585122604983
2017-11-29,25.7516,-0.0015520964173745037
2017-11-30,25.7582,0.00025626191661069276
2017-12-01,25.8203,0.0024079812327453816
2017-12-04,25.8002,-0.0007787604155648532
2017-12-05,25.8002,0.0
2017-12-06,25.7868,-0.000519510741131663
2017-12-07,25.8673,0.0031168896630260146
2017-12-08,25.8741,0.00026284561450396924
2017-12-11,25.8539,-0.0007810083910760144
2017-12-12,25.7599,-0.0036424407397922442
2017-12-13,25.6861,-0.0028690296863771608
2017-12-14,25.6726,-0.0005257142533172555
2017-12-15,25.7666,0.0036548042984520823
2017-12-18,25.7331,-0.001300978635798704
2017-12-19,25.7129,-0.0007852894700492171
2017-12-20,25.6928,-0.0007820144857221858
2017-12-21,25.7057,0.0005019601844748315
2017-12-22,25.6519,-0.002095114245198648
2017-12-26,25.6249,-0.001053107935570567
2017-12-27,25.6653,0.0015753500027352989
2017-12-28,25.6317,-0.0013100183170639554
2017-12-29,25.6249,-0.0002653316856713856
2018-01-02,25.4836,-0.005529427003934682
2018-01-03,25.5307,0.0018465415925783195
2018-01-04,25.5509,0.0007908914776725837
2018-01-05,25.5576,0.0002621873088971657
2018-01-08,25.6047,0.001841199997100032
2018-01-09,25.6721,0.002628870710206515
2018-01-10,25.6249,-0.0018402640825200428
2018-01-11,25.7057,0.003148222180769217
2018-01-12,25.6586,-0.0018339591195195306
2018-01-16,25.5913,-0.002626348097639988
2018-01-17,25.5374,-0.002108405649552468
2018-01-18,25.4432,-0.003695527600963159
2018-01-19,25.5442,0.003961768284111839
2018-01-22,25.5374,-0.0002662406831487753
2018-01-23,25.6047,0.0026318840582562593
2018-01-24,25.5711,-0.0013131208433674756
2018-01-25,25.5576,-0.0005280791537326958
2018-01-26,25.5105,-0.0018445962687059566
2018-01-29,25.2951,-0.008479431031891258
2018-01-30,25.1874,-0.004266831610854228
2018-01-31,25.322,0.0053297136223660925
2018-02-01,25.1863,-0.005373387206008922
2018-02-02,25.0104,-0.00700845752786201
2018-02-05,24.963,-0.001897009777787792
2018-02-06,25.0104,0.001897009777787832
2018-02-07,25.0645,0.0021607640174603183
2018-02-08,24.8886,-0.007042635073050704
2018-02-09,24.9224,0.0013571301595126696
2018-02-12,24.9901,0.0027127489713823644
2018-02-13,24.9833,-0.0002721447827032076
2018-02-14,24.936,-0.00189505919175581
2018-02-15,24.9901,0.002167203974458928
2018-02-16,25.0848,0.0037823385727711314
2018-02-20,25.0983,0.0005380297480887662
2018-02-21,25.1051,0.0002708979886456216
2018-02-22,25.1524,0.0018823066792273268
2018-02-23,25.2336,0.00322312032292835
2018-02-26,25.3283,0.0037459079162162723
2018-02-27,25.3554,0.0010693774362392184
2018-02-28,25.3892,0.0013321616486722692
2018-03-01,25.3637,-0.0010048687718628992
2018-03-02,25.3297,-0.0013413977006140583
2018-03-05,25.4316,0.004014874988584475
2018-03-06,25.4928,0.002403564085715715
2018-03-07,25.5336,0.001599172534021528
2018-03-08,25.5472,0.0005324897151708791
2018-03-09,25.52,-0.001065263126710745
2018-03-12,25.5132,-0.0002664931864057677
2018-03-13,25.5608,0.0018639626338886664
2018-03-14,25.5676,0.0002659969817201538
2018-03-15,25.5947,0.0010593738957971092
2018-03-16,25.6015,0.0002656447173810215
2018-03-19,25.5743,-0.0010630025348417045
2018-03-20,25.4996,-0.002925175217288684
2018-03-21,25.5472,0.0018649558364600156
2018-03-22,25.4656,-0.003199199792882197
2018-03-23,25.4384,-0.0010686783981100614
2018-03-26,25.4384,0.0
2018-03-27,25.418,-0.0008022589524290477
2018-03-28,25.4792,0.0024048485769279856
2018-03-29,25.5268,0.00186644762649055
2018-04-02,25.4489,-0.003056360604792514
2018-04-03,25.3533,-0.0037636209788769674
2018-04-04,25.3601,0.00026817369928868254
2018-04-05,25.4352,0.0029569686455539973
2018-04-06,25.3943,-0.001609302032366198
2018-04-09,25.4216,0.001074466953313551
2018-04-10,25.4625,0.0016075752075067219
2018-04-11,25.4625,0.0
2018-04-12,25.4148,-0.0018751000535051608
2018-04-13,25.3738,-0.0016145358960992732
2018-04-16,25.4216,0.001882060742097835
2018-04-17,25.4625,0.0016075752075067219
2018-04-18,25.4898,0.001071590590116437
2018-04-19,25.4694,-0.000800640555179144
2018-04-20,25.4421,-0.0010724493529589768
2018-04-23,25.4421,0.0
2018-04-24,25.3738,-0.002688136631582928
2018-04-25,25.2714,-0.0040438240757823905
2018-04-26,25.2919,0.0008108648416235966
2018-04-27,25.326,0.0013473496592560006
2018-04-30,25.3465,0.000809117415497284
2018-05-01,25.3605,0.0005521920190796339
2018-05-02,25.333,-0.0010849518260750575
2018-05-03,25.3605,0.0010849518260751395
2018-05-04,25.3742,0.0005400643083723908
2018-05-07,25.4154,0.0016223797406136786
2018-05-08,25.3605,-0.0021624440489860066
2018-05-09,25.3605,0.0
2018-05-10,25.4016,0.0016193187035606661
2018-05-11,25.4291,0.001082023371034632
2018-05-14,25.4428,0.0005386077709381821
2018-05-15,25.3193,-0.004865844544255004
2018-05-16,25.3399,0.0008132777910207699
2018-05-17,25.333,-0.00027233491837438777
2018-05-18,25.3536,0.0008128381518672086
2018-05-21,25.3399,-0.000540503233492706
2018-05-22,25.3468,0.00027226077225885097
2018-05-23,25.4016,0.0021596748390026723
2018-05-24,25.484,0.003238640087687436
2018-05-25,25.4908,0.0002667984980944528
2018-05-29,25.532,0.0016149646414744686
2018-05-30,25.5526,0.0008065053310238418
2018-05-31,25.5526,0.0
2018-06-01,25.6449,0.0036056487132007497
2018-06-04,25.7345,0.0034877826844691546
2018-06-05,25.7897,0.0021426832874267498
2018-06-06,25.8173,0.0010696224400337073
2018-06-07,25.8518,0.0013354211754078456
2018-06-08,25.8655,0.0005298033857319158
2018-06-11,25.8724,0.0002667290338767967
2018-06-12,25.8518,-0.0007965324196086836
2018-06-13,25.8173,-0.0013354211754078016
2018-06-14,25.8793,0.002398611503486543
2018-06-15,25.9138,0.0013322239874657307
2018-06-18,25.8862,-0.0010656371664802392
2018-06-19,25.9138,0.0010656371664803062
2018-06-20,25.8793,-0.001332223987465743
2018-06-21,25.8655,-0.0005333869423469656
2018-06-22,25.9069,0.0015993080801493878
2018-06-25,25.8793,-0.0010659211378023779
2018-06-26,25.9138,0.0013322239874657307
2018-06-27,25.8931,-0.000799121395087283
2018-06-28,25.9414,0.0018636241877207883
2018-06-29,26.0035,0.00239099621270839
2018-07-02,26.1483,0.005553034491229776
2018-07-03,26.2204,0.0027535549118298075
2018-07-05,26.2828,0.002376999092651441
2018-07-06,26.3382,0.0021056240082359193
2018-07-09,26.3174,-0.0007900394670987864
2018-07-10,26.3313,0.0005280282446844083
2018-07-11,26.255,-0.0029018985379695647
2018-07-12,26.2481,-0.00026284162419823963
2018-07-13,26.1095,-0.005294372688998882
2018-07-16,26.061,-0.0018592888307322364
2018-07-17,26.0263,-0.001332378723158325
2018-07-18,25.9986,-0.0010648748048551393
2018-07-19,26.0748,0.0029266402573735815
2018-07-20,26.158,0.0031857403917072633
2018-07-23,26.1234,-0.0013236066766158234
2018-07-24,26.1234,0.0
2018-07-25,26.158,0.0013236066766158282
2018-07-26,26.1649,0.0002637468504229817
2018-07-27,26.061,-0.003978873971490386
2018-07-30,26.0402,-0.0007984461434680424
2018-07-31,26.054,0.000529809472947278
2018-08-01,26.0096,-0.0017056066335653292
2018-08-02,26.0235,0.0005342753105483279
2018-08-03,26.0932,0.00267476803232151
2018-08-06,26.1001,0.0002644017542556776
2018-08-07,26.1001,0.0
2018-08-08,26.0723,-0.0010656976727567798
2018-08-09,26.0235,-0.0018734721138203934
2018-08-10,26.0026,-0.0008034429305397941
2018-08-13,26.0096,0.0002691676199915802
2018-08-14,26.0444,0.00133707323873346
2018-08-15,26.0305,-0.0005338464530941493
2018-08-16,26.0932,0.002405816557230221
2018-08-17,26.1149,0.0008312886793287417
2018-08-20,26.2116,0.0036960282106328797
2018-08-21,26.2394,0.0010600370861638408
2018-08-22,26.2116,-0.0010600370861638178
2018-08-23,26.1907,-0.0007976749535114933
2018-08-24,26.2951,0.0039782241173227035
2018-08-27,26.2951,0.0
2018-08-28,26.3508,0.0021160250193593636
2018-08-29,26.3996,0.0018502234645246319
2018-08-30,26.3439,-0.002112109386237175
2018-08-31,26.3996,0.0021121093862371447
2018-09-04,26.2461,-0.005831451951100329
2018-09-05,26.0923,-0.005877154926386162
2018-09-06,26.0783,-0.0005367007600472119
2018-09-07,25.9454,-0.005109220955188159
2018-09-10,26.0293,0.0032284966676271727
2018-09-11,26.0573,0.0010751326712483923
2018-09-12,26.0853,0.0010739780022988575
2018-09-13,26.0643,-0.0008053753484246712
2018-09-14,26.1133,0.001878201159291533
2018-09-17,26.0573,-0.0021468038131658264
2018-09-18,26.0223,-0.0013440965471791637
2018-09-19,25.9314,-0.003499273112605815
2018-09-20,25.9454,0.0005397403209091926
2018-09-21,25.9804,0.001348077653131775
2018-09-24,25.9524,-0.0010783166982377271
2018-09-25,25.9104,-0.001619658374847799
2018-09-26,25.8895,-0.0008069514085594109
2018-09-27,25.9244,0.0013471290629700522
2018-09-28,25.9664,0.00161878441541173
2018-10-01,25.7622,-0.007895093263310131
2018-10-02,25.6919,-0.0027325341903818865
2018-10-03,25.5226,-0.006611432960960418
2018-10-04,25.3407,-0.007152535343986941
2018-10-05,25.3232,-0.0006908272239593425
2018-10-08,25.3759,0.0020789331163914185
2018-10-09,25.4391,0.002487455774364302
2018-10-10,25.2846,-0.006091845736745514
2018-10-11,25.2213,-0.002506639150835394
2018-10-12,25.1792,-0.0016706187355934954
2018-10-15,25.2213,0.0016706187355935668
2018-10-16,25.2705,0.0019488319121747763
2018-10-17,25.2846,0.0005578072386604818
2018-10-18,25.3407,0.0022162840699491374
2018-10-19,25.432,0.003596424787660623
2018-10-22,25.4531,0.0008293194357220845
2018-10-23,25.3759,-0.0030376383309504945
2018-10-24,25.2846,-0.0036043899623812437
2018-10-25,25.4391,0.006091845736745501
2018-10-26,25.3548,-0.003319299262299635
2018-10-29,25.3759,0.0008318434879353625
2018-10-30,25.3618,-0.000555799745080095
2018-10-31,25.3829,0.0008316139898759806
2018-11-01,25.4157,0.0012913743511922301
2018-11-02,25.3169,-0.0038949363881998628
2018-11-05,25.3169,0.0
2018-11-06,25.3875,0.0027847699854416604
2018-11-07,25.4439,0.002219101702677248
2018-11-08,25.4651,0.0008328586782475614
2018-11-09,25.4721,0.00027484824623521793
2018-11-12,25.3522,-0.004718224252210351
2018-11-13,25.331,-0.0008365691683397107
2018-11-14,25.2675,-0.0025099571464327936
2018-11-15,25.1688,-0.003913852760512463
2018-11-16,25.2252,0.002238362644293108
2018-11-19,25.0771,-0.0058884157554542176
2018-11-20,24.8796,-0.007906888523685408
2018-11-21,25.0136,0.005371486382520406
2018-11-23,24.9854,-0.0011280226800625631
2018-11-26,24.9572,-0.0011292965523212366
2018-11-27,24.9007,-0.002266442196144551
2018-11-28,24.929,0.0011358688911517817
2018-11-29,24.8655,-0.0025504838655721145
2018-11-30,24.8161,-0.0019886644665445064
2018-12-03,24.8134,-0.00010880625445187765
2018-12-04,24.7071,-0.004293178108914241
2018-12-06,24.5937,-0.004600339142221559
2018-12-07,24.6221,0.0011541010469108856
2018-12-10,24.6221,0.0
2018-12-11,24.6646,0.0017246036165467923
2018-12-12,24.6221,-0.001724603616546814
2018-12-13,24.5512,-0.002883680742655627
2018-12-14,24.4875,-0.002597949612357407
2018-12-17,24.3458,-0.005803433218828954
2018-12-18,24.2797,-0.0027187397853017767
2018-12-19,24.244,-0.001471446177489822
2018-12-20,24.1012,-0.005907532300915881
2018-12-21,24.0013,-0.004153636240471289
2018-12-24,23.8515,-0.006260887109227022
2018-12-26,24.0013,0.00626088710922694
2018-12-27,23.9656,-0.0014885267378857315
2018-12-28,24.2012,0.009782749900351013
2018-12-31,24.4368,0.009687974123927726
2019-01-02,24.6652,0.00930315047477252
2019-01-03,24.7081,0.0017377817887843751
2019-01-04,24.9722,0.010632081039871304
2019-01-07,25.0507,0.0031385651147483548
2019-01-08,25.115,0.0025635059497872295
2019-01-09,25.0507,-0.002563505949787192
2019-01-10,25.1435,0.003697642585575372
2019-01-11,25.2435,0.003969283001304453
2019-01-14,25.2292,-0.0005666429726417352
2019-01-15,25.2435,0.0005666429726416518
2019-01-16,25.2221,-0.0008481025206363022
2019-01-17,25.2935,0.0028268514101375906
2019-01-18,25.322,0.0011261373694593736
2019-01-22,25.2935,-0.0011261373694594617
2019-01-23,25.3292,0.001410434683185354
2019-01-24,25.4648,0.005339225976797235
2019-01-25,25.5718,0.004193075431033026
2019-01-28,25.5362,-0.001393128502689498
2019-01-29,25.579,0.0016746490281770135
2019-01-30,25.7718,0.007509168541098215
2019-01-31,25.8146,0.001659352458037059
2019-02-01,25.7066,-0.00419245507441857
2019-02-04,25.7209,0.0005561227113333888
2019-02-05,25.7209,0.0
2019-02-06,25.6443,-0.0029825662816155814
2019-02-07,25.5201,-0.004854947735330161
2019-02-08,25.5703,0.001965144769082699
2019-02-11,25.5775,0.0002815370376656335
2019-02-12,25.764,0.0072651099136861845
2019-02-13,25.8142,0.0019465594321259729
2019-02-14,25.7927,-0.0008332219623298896
2019-02-15,25.9289,0.005266670591168936
2019-02-19,25.9505,0.0008327005034022884
2019-02-20,25.9576,0.00027356039016162426
2019-02-21,25.9218,-0.0013801241218086547
2019-02-22,25.9791,0.0022080550927072
2019-02-25,25.9935,0.0005541381562010174
2019-02-26,25.9289,-0.002488330020663408
2019-02-27,25.9648,0.0013835978443271495
2019-02-28,25.9648,0.0
2019-03-01,26.1005,0.0052126966433393585
2019-03-04,26.1581,0.002204422748619429
2019-03-05,26.1653,0.00027521147499742505
2019-03-06,26.2374,0.002751768343862909
2019-03-07,26.1293,-0.004128583758336337
2019-03-08,26.1668,0.0014341416062527213
2019-03-11,26.2158,0.0018708507898427566
2019-03-12,26.2734,0.0021947380840628746
2019-03-13,26.3455,0.0027404618919577898
2019-03-14,26.3599,0.0005464335858681632
2019-03-15,26.4032,0.001641298927483512
2019-03-18,26.3816,-0.0008184174688793508
2019-03-19,26.2734,-0.004109776936429993
2019-03-20,26.2518,-0.0008224624072863524
2019-03-21,26.3167,0.0024691605418939765
2019-03-22,26.2302,-0.0032922999504379686
2019-03-25,26.187,-0.0016483142854247712
2019-03-26,26.259,0.0027456829970883235
2019-03-27,26.1942,-0.0024707752040120418
2019-03-28,26.2374,0.0016478615863569006
2019-03-29,26.3455,0.004111608613779943
2019-04-01,26.5269,0.006861830057395973
2019-04-02,26.5414,0.0005464656060524684
2019-04-03,26.5342,-0.0002713111126079349
2019-04-04,26.6211,0.0032696674618958093
2019-04-05,26.6645,0.0016289582775399847
2019-04-08,26.5849,-0.002989707275238494
2019-04-09,26.5124,-0.0027308373516378363
2019-04-10,26.5486,0.0013644675229018146
2019-04-11,26.5704,0.0008207986303923567
2019-04-12,26.5704,0.0
2019-04-15,26.5849,0.0005455711983437492
2019-04-16,26.5849,0.0
2019-04-17,26.5269,-0.002184072957641856
2019-04-18,26.4762,-0.0019130962326066529
2019-04-22,26.4835,0.0002756813216931428
2019-04-23,26.5486,0.002455118039819287
2019-04-24,26.5493,2.6366391139337822e-05
2019-04-25,26.4835,-0.0024814844309586793
2019-04-26,26.4979,0.0005435870080664229
2019-04-29,26.5197,0.0008223684673992896
2019-04-30,26.5197,0.0
2019-05-01,26.5849,0.0024555323930896783
2019-05-02,26.5281,-0.002138836881863862
2019-05-03,26.5572,0.0010963488165199708
2019-05-06,26.5645,0.0002748406035932054
2019-05-07,26.4553,-0.0041192216646851135
2019-05-08,26.4699,0.0005517220670057745
2019-05-09,26.4626,-0.0002758229838485675
2019-05-10,26.5208,0.0021969153889037914
2019-05-13,26.3971,-0.004675175141563456
2019-05-14,26.5499,0.005771825568876594
2019-05-15,26.63,0.0030124186233289104
2019-05-16,26.6518,0.0008182907190237547
2019-05-17,26.579,-0.0027352602398860297
2019-05-20,26.4844,-0.0035655498977429432
2019-05-21,26.5863,0.0038401651090132927
2019-05-22,26.6227,0.0013681898054173993
2019-05-23,26.579,-0.0016428050166876994
2019-05-24,26.6445,0.002461320020934499
2019-05-28,26.6154,-0.0010927546952105875
2019-05-29,26.6373,0.0008224935537392723
2019-05-30,26.6737,0.0013655720454136238
2019-05-31,26.5936,-0.003007475895146749
2019-06-03,26.5912,-9.025135007094409e-05
2019-06-04,26.7228,0.0049367996128366915
2019-06-05,26.752,0.0010921033048168723
2019-06-06,26.7155,-0.0013653155905898396
2019-06-07,26.8471,0.004913886361158321
2019-06-10,26.8544,0.0002718732268172474
2019-06-11,26.8032,-0.0019083975257602518
2019-06-12,26.8178,0.0005445627780458363
2019-06-13,26.8836,0.0024505891067845933
2019-06-14,26.9202,0.0013604989106873262
2019-06-17,26.9714,0.00190011116405778
2019-06-18,27.0226,0.0018965075877355698
2019-06-19,27.0737,0.0018892240393040356
2019-06-20,27.1176,0.001620186620477452
2019-06-21,27.0226,-0.0035094106597815884
2019-06-24,27.0006,-0.0008144649415862113
2019-06-25,26.9494,-0.0018980543233043505
2019-06-26,26.9129,-0.0013553080944228816
2019-06-27,26.9275,0.0005423436808740406
2019-06-28,26.9421,0.0005420497036355076
2019-07-01,27.0752,0.00492806080162107
2019-07-02,27.0899,0.0005427849431055772
2019-07-03,27.1413,0.0018955883473392152
2019-07-05,27.0605,-0.002981453009051672
2019-07-08,27.0018,-0.002171569580565552
2019-07-09,27.0091,0.000270315808270206
2019-07-10,27.0972,0.003256555257316704
2019-07-11,27.1046,0.00027305366412111947
2019-07-12,27.1707,0.002435731637771721
2019-07-15,27.1927,0.0008093681116696956
2019-07-16,27.1853,-0.00027216889351127884
2019-07-17,27.2735,0.003239148755272137
2019-07-18,27.3175,0.0016119876729808191
2019-07-19,27.3102,-0.00026726367917572787
2019-07-22,27.3175,0.00026726367917566694
2019-07-23,27.3542,0.0013425595147961435
2019-07-24,27.4497,0.003485156956509843
2019-07-25,27.3616,-0.003214668357417209
2019-07-26,27.4056,0.0016068014967585654
2019-07-29,27.4717,0.002409011812414895
2019-07-30,27.4277,-0.0016029322513943164
2019-07-31,27.4277,0.0
2019-08-01,27.4463,0.0006779167078154362
2019-08-02,27.4758,0.001074248902971262
2019-08-05,27.2029,-0.009982031979465211
2019-08-06,27.3062,0.0037901973675519337
2019-08-07,27.2177,-0.0032462856736392882
2019-08-08,27.3136,0.0035172496846857236
2019-08-09,27.3357,0.0008087935693492543
2019-08-12,27.3136,-0.0008087935693492252
2019-08-13,27.4463,0.004846621697895464
2019-08-14,27.4095,-0.0013416997116251893
2019-08-15,27.5127,0.003758047618525809
2019-08-16,27.4685,-0.0016078226565357733
2019-08-19,27.5127,0.0016078226565357835
2019-08-20,27.5422,0.0010716576661940619
2019-08-21,27.6234,0.0029438656931950803
2019-08-22,27.6455,0.0007997264710481566
2019-08-23,27.5275,-0.004277461073975696
2019-08-26,27.5422,0.0005338689097325274
2019-08-27,27.5644,0.0008057111562305018
2019-08-28,27.5939,0.0010696487314764698
2019-08-29,27.5791,-0.0005364943126162271
2019-08-30,27.5939,0.0005364943126162087
2019-09-03,27.5978,0.00014132559810578916
2019-09-04,27.6756,0.0028150991753359313
2019-09-05,27.6904,0.0005346241502913315
2019-09-06,27.7422,0.0018689368738897558
2019-09-09,27.6682,-0.002670980321161124
2019-09-10,27.5348,-0.004833080074284685
2019-09-11,27.52,-0.0005376461400827093
2019-09-12,27.5644,0.0016120720064289834
2019-09-13,27.3644,-0.007282186533715071
2019-09-16,27.4459,0.0029738957847656915
2019-09-17,27.5348,0.003233864882602764
2019-09-18,27.6089,0.002687525305728002
2019-09-19,27.6459,0.0013392503648639014
2019-09-20,27.7126,0.002409748540029621
2019-09-23,27.7719,0.0021375347197414235
2019-09-24,27.7348,-0.0013367757594925447
2019-09-25,27.72,-0.0005337680543934121
2019-09-26,27.7496,0.0010672513524380995
2019-09-27,27.7126,-0.001334242258293443
2019-09-30,27.8015,0.0032027926596591054
2019-10-01,27.7636,-0.0013641658478971558
2019-10-02,27.652,-0.004027752144590357
2019-10-03,27.6967,0.0016152144392991908
2019-10-04,27.7116,0.0005378255733946998
2019-10-07,27.719,0.00026700053919529197
2019-10-08,27.6446,-0.0026876881122879443
2019-10-09,27.7041,0.002150006158049772
2019-10-10,27.7264,0.000804611223174392
2019-10-11,27.8083,0.0029495093833151634
2019-10-14,27.8901,0.0029372498603317766
2019-10-15,27.8901,0.0
2019-10-16,27.9422,0.0018663037389615113
2019-10-17,27.9645,0.0007977577350364053
2019-10-18,27.9347,-0.0010662049840798012
2019-10-21,27.9199,-0.0005299474115426828
2019-10-22,27.9645,0.001596152395622611
2019-10-23,28.0314,0.0023894617938318287
2019-10-24,28.0203,-0.00039606292565985874
2019-10-25,28.0091,-0.00039979011551707124
2019-10-28,27.9273,-0.002924752336974199
2019-10-29,27.8975,-0.001067625959450388
2019-10-30,27.931,0.0012001040336279251
2019-10-31,27.9199,-0.0003974868854807785
2019-11-01,27.9093,-0.0003797296084260536
2019-11-04,27.9392,0.0010707540169110936
2019-11-05,27.8346,-0.0037508694991177645
2019-11-06,27.8794,0.0016082137220704007
2019-11-07,27.6702,-0.007532043039777755
2019-11-08,27.6777,0.00027101299402168723
2019-11-11,27.6179,-0.0021629215819406597
2019-11-12,27.7001,0.002971910065472356
2019-11-13,27.8346,0.00484382784015397
2019-11-14,27.857,0.0008044301549223426
2019-11-15,27.8869,0.0010727632213556933
2019-11-18,27.8421,-0.0016077808555874922
2019-11-19,27.8197,-0.0008048608276852972
2019-11-20,27.8346,0.0005354483069948259
2019-11-21,27.8197,-0.00053544830699476
2019-11-22,27.7898,-0.0010753559331171687
2019-11-25,27.8421,0.0018802167608024368
2019-11-26,27.8794,0.0013388012013799257
2019-11-27,27.8794,0.0
2019-11-29,27.7898,-0.003219017962182334
2019-12-02,27.6203,-0.006118037278539031
2019-12-03,27.5977,-0.0008185736992267881
2019-12-04,27.6353,0.0013615051077524817
2019-12-05,27.6353,0.0
2019-12-06,27.6653,0.0010849792929171174
2019-12-09,27.6803,0.0005420485229998996
2019-12-10,27.7328,0.0018948593638833566
2019-12-11,27.8304,0.0035131202084000774
2019-12-12,27.8454,0.0005388337612725078
2019-12-13,27.9505,0.003767306354175461
2019-12-16,28.0631,0.004020457591474272
2019-12-17,28.1306,0.002402405695477803
2019-12-18,28.1607,0.0010694371197241964
2019-12-19,28.187,0.0009334898109355429
2019-12-20,28.2172,0.0010708423445723808
2019-12-23,28.2624,0.0016005782494791269
2019-12-24,28.2775,0.00053413608297884
2019-12-26,28.3152,0.0013323275113844455
2019-12-27,28.2699,-0.0016011285542532464
2019-12-30,28.2172,-0.0018659132895889527
2019-12-31,28.3302,0.003996652380641614
2020-01-02,28.496,0.005835353075722768
2020-01-03,28.5563,0.0021138507107876002
2020-01-06,28.5337,-0.0007917323937834583
2020-01-07,28.496,-0.001322118317004069
2020-01-08,28.5262,0.0010592366770717098
2020-01-09,28.5413,0.0005291978920541004
2020-01-10,28.5789,0.0013165221911264344
2020-01-13,28.6166,0.0013182857203742047
2020-01-14,28.6242,0.0002655448576770289
2020-01-15,28.6242,0.0
2020-01-16,28.6468,0.0007892301923522377
2020-01-17,28.692,0.0015765941862267957
2020-01-21,28.692,0.0
2020-01-22,28.6769,-0.0005264176356423939
2020-01-23,28.6769,0.0
2020-01-24,28.6769,0.0
2020-01-27,28.6015,-0.002632756625615772
2020-01-28,28.6845,0.00289774318607184
2020-01-29,28.7447,0.0020964952341217843
2020-01-30,28.8126,0.0023593890435559747
2020-01-31,28.7598,-0.0018342127409341944
2020-02-03,28.6392,-0.004202169984326671
2020-02-04,28.6845,0.0015804984475831195
2020-02-05,28.7598,0.0026216715367437396
2020-02-06,28.7523,-0.0002608146822150644
2020-02-07,28.7221,-0.0010509027594685664
2020-02-10,28.79,0.0023612433400228144
2020-02-11,28.8578,0.0023522157397504687
2020-02-12,28.8126,-0.0015675288971553987
2020-02-13,28.79,-0.0007846868425950088
2020-02-14,28.8352,0.001568758434496668
2020-02-18,28.8201,-0.0005238026805947909
2020-02-19,28.692,-0.004454722113798406
2020-02-20,28.7749,0.0028851410987969024
2020-02-21,28.6769,-0.003411558734439367
2020-02-24,28.3302,-0.012163547156962579
2020-02-25,27.9986,-0.011773864546420728
2020-02-26,27.9986,0.0
2020-02-27,27.6293,-0.01327770509180315
2020-02-28,27.3731,-0.009316024498123373
2020-03-02,27.7973,0.015378114342521187
2020-03-03,27.7519,-0.0016345873607036174
2020-03-04,28.1909,0.01569492451430699
2020-03-05,27.8957,-0.010526675745834472
2020-03-06,27.5248,-0.013385138624888148
2020-03-09,26.4877,-0.03840694216324973
2020-03-10,26.7829,0.01108314987120873
2020-03-11,26.3363,-0.01681540848729839
2020-03-12,23.7246,-0.10443573117991208
2020-03-13,25.3446,0.06605320509282277
2020-03-16,22.8162,-0.10509487962234179
2020-03-17,22.8995,0.003644266288824817
2020-03-18,19.016,-0.18583434620279932
2020-03-19,20.5982,0.07992296327913001
2020-03-20,19.4702,-0.05631860179201137
2020-03-23,19.7957,0.016579650853114206
2020-03-24,21.5671,0.08570426297446641
2020-03-25,22.9903,0.0639033824691638
2020-03-26,24.5119,0.06408632607363846
2020-03-27,23.8457,-0.027554806336919296
2020-03-30,24.0728,0.009478664829480237
2020-03-31,24.1031,0.0012578905218285634
2020-04-01,22.9105,-0.050745142171758656
2020-04-02,23.0552,0.006296019770846109
2020-04-03,22.842,-0.00929039390045596
2020-04-06,23.5423,0.030197856463077464
2020-04-07,24.2045,0.027739763197735946
2020-04-08,24.9047,0.028517974389526003
2020-04-09,25.8562,0.03749387677852894
2020-04-13,25.4984,-0.013934712359498471
2020-04-14,25.7496,0.00980338791072379
2020-04-15,25.4984,-0.00980338791072393
2020-04-16,25.4604,-0.0014914011728512473
2020-04-17,25.7724,0.012179847951178257
2020-04-20,25.6507,-0.004733290183368244
2020-04-21,25.2549,-0.015550665392525604
2020-04-22,25.4756,0.00870093503366761
2020-04-23,25.6507,0.006849730358858163
2020-04-24,25.8866,0.009154598610996968
2020-04-27,25.9551,0.002642661790221371
2020-04-28,25.9627,0.00029277049698894954
2020-04-29,26.3738,0.015710200539898744
2020-04-30,26.3738,0.0
2020-05-01,25.9758,-0.015205757774790515
2020-05-04,25.9987,0.0008812014153806275
2020-05-05,25.9987,0.0
2020-05-06,25.8993,-0.0038305954582120248
2020-05-07,26.0446,0.005594511731819052
2020-05-08,26.2052,0.006147411311230228
2020-05-11,26.1976,-0.0002900608384775594
2020-05-12,26.0829,-0.004387876322182037
2020-05-13,25.7387,-0.013284231353565523
2020-05-14,25.6622,-0.0029766037747812964
2020-05-15,25.578,-0.0032864850561430243
2020-05-18,25.9452,0.014254014393240094
2020-05-19,25.9605,0.0005895306466581661
2020-05-20,26.0905,0.004995111344791614
2020-05-21,26.1288,0.0014668908571248726
2020-05-22,26.2588,0.004963016700193128
2020-05-26,26.4883,0.008701955111090733
2020-05-27,26.6336,0.0054704505054122615
2020-05-28,26.7254,0.00344084748858232
2020-05-29,26.8784,0.005708566015591422
2020-06-01,26.9007,0.0008293185002391497
2020-06-02,27.0083,0.003991917597708633
2020-06-03,27.1159,0.0039760455305922005
2020-06-04,27.1313,0.000567771255058401
2020-06-05,27.3849,0.009303723637500112
2020-06-08,27.5617,0.006435361247611081
2020-06-09,27.431,-0.004753367122969256
2020-06-10,27.3542,-0.0028036787419933548
2020-06-11,26.478,-0.032555882462094274
2020-06-12,26.478,0.0
2020-06-15,26.6163,0.005209610552878183
2020-06-16,26.9007,0.010628498505708345
2020-06-17,26.9315,0.00114429666113695
2020-06-18,26.87,-0.0022861826077889714
2020-06-19,26.9161,0.0017141979540675892
2020-06-22,26.8008,-0.004292882763912596
2020-06-23,26.8239,0.0008615433346516213
2020-06-24,26.6701,-0.00575019343400441
2020-06-25,26.6317,-0.0014408521529621749
2020-06-26,26.4934,-0.005206590196583486
2020-06-29,26.5241,0.0011581083012693555
2020-06-30,26.624,0.003759310968872268
2020-07-01,26.6762,0.001958717479075108
2020-07-02,26.8075,0.0049099169942905495
2020-07-06,26.8152,0.00028719180693703787
2020-07-07,26.8229,0.0002871093514831578
2020-07-08,26.877,0.002014902012967028
2020-07-09,26.8692,-0.0002902530803949072
2020-07-10,26.9465,0.0028727695881244865
2020-07-13,26.7843,-0.006037523830097279
2020-07-14,26.7997,0.0005747984631235526
2020-07-15,27.0083,0.0077535327474537955
2020-07-16,27.1627,0.005700482476179169
2020-07-17,27.2786,0.004257803362329814
2020-07-20,27.3172,0.0014140284209278433
2020-07-21,27.4408,0.004514416520452885
2020-07-22,27.5103,0.002529523050781429
2020-07-23,27.5643,0.001960977194729974
2020-07-24,27.5798,0.0005621635100836145
2020-07-27,27.6493,0.0025167904849353493
2020-07-28,27.6879,0.0013950834614133044
2020-07-29,27.8887,0.007226094210667539
2020-07-30,27.8501,-0.0013850318331421793
2020-07-31,27.9428,0.003323006522417989
2020-08-03,27.9298,-0.00046534438113097923
2020-08-04,27.8833,-0.0016662758656602618
2020-08-05,27.9996,0.004162281052130266
2020-08-06,27.9065,-0.0033305877556022434
2020-08-07,27.9609,0.0019474690854873401
2020-08-10,28.0617,0.00359855161225641
2020-08-11,28.0307,-0.0011053191931932169
2020-08-12,28.2402,0.0074461566451128934
2020-08-13,28.2324,-0.00027624016070104456
2020-08-14,28.2169,-0.0005491653710336291
2020-08-17,28.31,0.003294009902605297
2020-08-18,28.3643,0.0019162130494852574
2020-08-19,28.3953,0.0010923263406498037
2020-08-20,28.372,-0.0008208951741029827
2020-08-21,28.341,-0.0010932238847333382
2020-08-24,28.4651,0.004369256028013669
2020-08-25,28.4651,0.0
2020-08-26,28.4729,0.0002739822279952119
2020-08-27,28.4651,-0.0002739822279950655
2020-08-28,28.4651,0.0
2020-08-31,28.4729,0.0002739822279952119
2020-09-01,28.4575,-0.0005410114938810811
2020-09-02,28.551,0.0032802155410814045
2020-09-03,28.2549,-0.010425067879374663
2020-09-04,28.2393,-0.0005522690965267961
2020-09-08,28.0211,-0.007756826971025163
2020-09-09,28.2549,0.008309096067551947
2020-09-10,28.2627,0.0002760202149249768
2020-09-11,28.2315,-0.0011045382772748714
2020-09-14,28.4185,0.006601965726881396
2020-09-15,28.551,0.0046516202148430726
2020-09-16,28.5821,0.0010886860006455305
2020-09-17,28.4185,-0.0057403062154887515
2020-09-18,28.3951,-0.0008237464734918883
2020-09-21,28.1925,-0.007160609945675206
2020-09-22,28.2315,0.0013823906922856373
2020-09-23,27.8964,-0.011940727572713944
2020-09-24,27.8653,-0.0011154610861823678
2020-09-25,28.2237,0.012779863358494176
2020-09-28,28.4808,0.009068125520712608
2020-09-29,28.4497,-0.001092560335624674
2020-09-30,28.4029,-0.0016463630712050415
2020-10-01,28.4575,0.0019204935871625108
2020-10-02,28.4653,0.0002740553890117324
2020-10-05,28.6367,0.006003310383778226
2020-10-06,28.6601,0.0008167995874451682
2020-10-07,28.7847,0.004338084401151779
2020-10-08,28.8393,0.0018950442989006475
2020-10-09,28.8627,0.0008110637857529658
2020-10-12,28.9016,0.001346852844418428
2020-10-13,28.8237,-0.0026989915094039305
2020-10-14,28.7536,-0.0024349886026690825
2020-10-15,28.7692,0.0005423936380861526
2020-10-16,28.6601,-0.003799458856237052
2020-10-19,28.5276,-0.004633871867379419
2020-10-20,28.7068,0.006261988789015215
2020-10-21,28.4808,-0.00790385246220349
2020-10-22,28.7068,0.007903852462203445
2020-10-23,28.886,0.006223020179869614
2020-10-26,28.6367,-0.008667936688950464
2020-10-27,28.6523,0.000544607180630753
2020-10-28,28.1769,-0.01673122584857762
2020-10-29,28.2315,0.001935882494513826
2020-10-30,28.2237,-0.0002763253004020829
2020-11-02,28.3815,0.005575473941599015
2020-11-03,28.5458,0.005772290489695055
2020-11-04,28.7414,0.0068287771126610336
2020-11-05,28.8666,0.004346625368646421
2020-11-06,28.7101,-0.005436240194952701
2020-11-09,29.164,0.01568609471034585
2020-11-10,29.0935,-0.0024202904146112744
2020-11-11,29.1718,0.0026877076797034182
2020-11-12,29.0779,-0.003224053732023531
2020-11-13,29.1796,0.0034913995042401115
2020-11-16,29.5161,0.011466042201841376
2020-11-17,29.4848,-0.0010610008639279523
2020-11-18,29.3752,-0.00372409536762256
2020-11-19,29.4222,0.0015987104875558836
2020-11-20,29.3831,-0.0013298123047426188
2020-11-23,29.4848,0.0034551971848092444
2020-11-24,29.5317,0.0015893863537496085
2020-11-25,29.5396,0.0002674733769900555
2020-11-27,29.6569,0.003963077328082993
2020-11-30,29.5239,-0.004494708551081188
2020-12-01,29.5853,0.002077511523884768
2020-12-02,29.6167,0.0010607750732876114
2020-12-03,29.6952,0.0026470251614183773
2020-12-04,29.7267,0.0010602152725055014
2020-12-07,29.7974,0.00237550952461057
2020-12-08,29.8445,0.0015794268724256878
2020-12-09,29.8131,-0.0010526740230780275
2020-12-10,29.7502,-0.0021120395740853197
2020-12-11,29.7738,0.0007929575040858614
2020-12-14,29.8052,0.001054062770682211
2020-12-15,29.9545,0.004996688759471729
2020-12-16,29.9938,0.0013111299446333239
2020-12-17,30.0894,0.0031822566266939425
2020-12-18,30.05,-0.001310289282467647
2020-12-21,30.0422,-0.0002596010811321574
2020-12-22,29.9477,-0.0031505329452497376
2020-12-23,29.9635,0.0005274473008817761
2020-12-24,30.0658,0.0034083388956052626
2020-12-28,30.05,-0.0005256521701052814
2020-12-29,30.0343,-0.0005225990935175212
2020-12-30,30.1681,0.004445012833480986
2020-12-31,30.2861,0.003903786663475551
2021-01-04,30.0028,-0.009398150744451403
2021-01-05,30.1366,0.004449669293840159
2021-01-06,29.9556,-0.006024094553687179
2021-01-07,29.8769,-0.0026306788246104936
2021-01-08,29.8769,0.0
2021-01-11,29.6645,-0.007134561866672891
2021-01-12,29.5937,-0.00238954385008411
2021-01-13,30.0264,0.014515493850173004
2021-01-14,30.0343,0.00026306719853631913
2021-01-15,30.0107,-0.00078607714931261
2021-01-19,30.1366,0.004186395195657832
2021-01-20,30.2625,0.004168942330132418
2021-01-21,30.1445,-0.003906836958955613
2021-01-22,30.1995,0.0018228826471549755
2021-01-25,30.1208,-0.0026094049484385756
2021-01-26,30.05,-0.0023533020227211733
2021-01-27,29.6251,-0.014240686004192255
2021-01-28,29.9005,0.009253227687825223
2021-01-29,29.7746,-0.004219521602724849
2021-02-01,29.9482,0.005813541526301362
2021-02-02,30.0588,0.0036862407798909196
2021-02-03,29.9482,-0.003686240779890993
2021-02-04,30.0272,0.002634414966445148
2021-02-05,30.0983,0.0023650541996779752
2021-02-08,30.1299,0.0010493424309415778
2021-02-09,30.1536,0.0007862848448093353
2021-02-10,30.1378,-0.0005241211967774368
2021-02-11,30.0667,-0.0023619507862186998
2021-02-12,29.9798,-0.0028944255091801867
2021-02-16,29.8297,-0.005019280051646219
2021-02-17,29.8139,-0.0005298137727967197
2021-02-18,29.8139,0.0
2021-02-19,29.7744,-0.0013257638088550114
2021-02-22,29.648,-0.004254294361821712
2021-02-23,29.6243,-0.000799699058853698
2021-02-24,29.5848,-0.0013342545608678242
2021-02-25,29.3478,-0.008043129869186197
2021-02-26,29.5216,0.005904612751384787
2021-03-01,29.6486,0.004292707985527958
2021-03-02,29.7835,0.004539642101562293
2021-03-03,29.7914,0.0002652123644791602
2021-03-04,29.5535,-0.008017581102385858
2021-03-05,29.8469,0.009878801694577624
2021-03-08,29.7597,-0.002925852580322207
2021-03-09,29.958,0.00664127147760744
2021-03-10,30.0135,0.0018508796959929663
2021-03-11,30.2039,0.0063237746734193
2021-03-12,30.1087,-0.0031568885792738997
2021-03-15,30.2594,0.004992713470982304
2021-03-16,30.303,0.0014398375075088709
2021-03-17,30.2514,-0.0017042531175028442
2021-03-18,29.8866,-0.012132244990076915
2021-03-19,30.069,0.006084521303261896
2021-03-22,30.1404,0.0023717237995789895
2021-03-23,30.1245,-0.0005276703477124339
2021-03-24,30.2197,0.003155235432083559
2021-03-25,30.2118,-0.000261453051637051
2021-03-26,30.3387,0.0041915487334694855
2021-03-29,30.2514,-0.002881660878967596
2021-03-30,30.3149,0.0020968764235847837
2021-03-31,30.4577,0.00469949493075527
2021-04-01,30.5465,0.002911277017613434
2021-04-05,30.7216,0.005715877486907726
2021-04-06,30.7455,0.0007776518236404412
2021-04-07,30.7535,0.00026016683344850047
2021-04-08,30.7853,0.0010334944077719035
2021-04-09,30.7933,0.0002598305270014745
2021-04-12,30.7615,-0.0010332257705010298
2021-04-13,30.857,0.0030997209106291327
2021-04-14,30.8013,-0.0018067321074924263
2021-04-15,30.9446,0.004641612067453671
2021-04-16,30.9526,0.0002584931158289022
2021-04-19,30.8331,-0.0038682138102272725
2021-04-20,30.7455,-0.0028451461739126068
2021-04-21,30.8809,0.00439422772943057
2021-04-22,30.865,-0.000515013963726908
2021-04-23,30.9844,0.003860996172234926
2021-04-26,31.0561,0.002311394393072294
2021-04-27,30.9685,-0.0028246875673739852
2021-04-28,30.9685,0.0
2021-04-29,30.865,-0.00334770299793321
2021-04-30,30.8172,-0.0015498801783488808
2021-05-03,30.8942,0.0024954883525425387
2021-05-04,30.8382,-0.001814282787026006
2021-05-05,30.7903,-0.0015544759208952906
2021-05-06,30.7823,-0.00025985584643225585
2021-05-07,30.9901,0.006727949176121581
2021-05-10,30.8542,-0.004394914931382455
2021-05-11,30.6543,-0.0064999375306033745
2021-05-12,30.3505,-0.00995995434545027
2021-05-13,30.4385,0.002895262678181707
2021-05-14,30.6303,0.006281460603448077
2021-05-17,30.6064,-0.0007805776997625312
2021-05-18,30.6383,0.0010417228881775872
2021-05-19,30.5744,-0.002087802799459927
2021-05-20,30.7903,0.007036647807161632
2021-05-21,30.7903,0.0
2021-05-24,30.9022,0.003627673468156127
2021-05-25,30.8062,-0.0031114103573252026
2021-05-26,30.8062,0.0
2021-05-27,30.8822,0.002463997719229735
2021-05-28,31.0621,0.005808460368161062
2021-06-01,30.9901,-0.002320627868532598
2021-06-02,31.0301,0.0012899025009967342
2021-06-03,31.0141,-0.0005157613557651557
2021-06-04,31.0621,0.0015464867233008276
2021-06-07,31.0141,-0.001546486723300893
2021-06-08,30.9901,-0.0007741411452316164
2021-06-09,31.0461,0.0018053979841067137
2021-06-10,31.1181,0.002316446835817132
2021-06-11,31.166,0.0015381135616782363
2021-06-14,31.198,0.001026233173254158
2021-06-15,31.174,-0.0007695761298177261
2021-06-16,31.1021,-0.0023090730455656004
2021-06-17,31.19,0.002822189598418282
2021-06-18,31.1181,-0.002307887157967312
2021-06-21,31.214,0.0030770686586172797
2021-06-22,31.302,0.00281528114794882
2021-06-23,31.302,0.0
2021-06-24,31.3259,0.0007632381465835254
2021-06-25,31.302,-0.0007632381465836308
2021-06-28,31.3339,0.0010185852764329662
2021-06-29,31.3339,0.0
2021-06-30,31.4499,0.0036952249464123482
2021-07-01,31.3579,-0.0029295745368710193
2021-07-02,31.4219,0.0020388730824464083
2021-07-06,31.4459,0.0007635069515995221
2021-07-07,31.4779,0.0010171033141247816
2021-07-08,31.3579,-0.0038194833481708284
2021-07-09,31.4379,0.0025479424827796037
2021-07-12,31.4699,0.0010173620047138356
2021-07-13,31.302,-0.005349540173467709
2021-07-14,31.318,0.0005110188549406197
2021-07-15,31.294,-0.0007666262433856431
2021-07-16,31.23,-0.0020472145848783397
2021-07-19,31.0461,-0.005905974669059824
2021-07-20,31.222,0.005649777908547512
2021-07-21,31.254,0.0010243934566344978
2021-07-22,31.198,-0.0017933777944326296
2021-07-23,31.3259,0.004091241218217371
2021-07-26,31.294,-0.0010188455350287223
2021-07-27,31.246,-0.0015350178901542052
2021-07-28,31.286,0.0012793451498672459
2021-07-29,31.4139,0.004079756982122725
2021-07-30,31.5178,0.0033019954777417657
2021-08-02,31.5504,0.0010338015958413769
2021-08-03,31.5986,0.0015265486186714168
2021-08-04,31.5986,0.0
2021-08-05,31.6227,0.0007624013162446646
2021-08-06,31.6548,0.0010145787287287665
2021-08-09,31.4862,-0.005340441257192863
2021-08-10,31.3498,-0.004341467128483579
2021-08-11,31.4381,0.0028126456916567925
2021-08-12,31.5504,0.0035657340303745875
2021-08-13,31.6146,0.0020327720132056575
2021-08-16,31.5986,-0.0005062233945340561
2021-08-17,31.4621,-0.0043291689812139525
2021-08-18,31.43,-0.0010207960232657017
2021-08-19,31.3739,-0.0017865137330922564
2021-08-20,31.4461,0.0022986320213408606
2021-08-23,31.5023,0.0017855899413493344
2021-08-24,31.5504,0.0015257081562101225
2021-08-25,31.5424,-0.00025359470630156096
2021-08-26,31.422,-0.003824387963577102
2021-08-27,31.6227,0.006366932604795082
2021-08-30,31.6307,0.000252950830869516
2021-08-31,31.6227,-0.0002529508308694728
2021-09-01,31.7208,0.0030973999993689034
2021-09-02,31.8094,0.0027892264605094983
2021-09-03,31.7611,-0.0015195730502084194
2021-09-07,31.6241,-0.004322782395160934
2021-09-08,31.6725,0.0015293083493614426
2021-09-09,31.745,0.0022864361283419865
2021-09-10,31.6805,-0.0020338829724528534
2021-09-13,31.6322,-0.0015257605305089455
2021-09-14,31.5758,-0.0017845847034644547
2021-09-15,31.7289,0.0048369330710940775
2021-09-16,31.7933,0.0020276382765101984
2021-09-17,31.6725,-0.0038067792695200353
2021-09-20,31.4146,-0.008176043491192565
2021-09-21,31.5194,0.003330476272626711
2021-09-22,31.7369,0.006876812495847635
2021-09-23,31.6161,-0.0038135572554322504
2021-09-24,31.4871,-0.004088546371633115
2021-09-27,31.3824,-0.0033307119284234246
2021-09-28,31.0601,-0.01032318892548989
2021-09-29,31.3824,0.010323188925489817
2021-09-30,31.2696,-0.0036008466411696334
2021-10-01,31.2523,-0.0005534061006310133
2021-10-04,31.0339,-0.007012818090309214
2021-10-05,31.0258,-0.0002610389687992618
2021-10-06,31.1552,0.004162049075951883
2021-10-07,31.131,-0.0007770581996558989
2021-10-08,31.131,0.0
2021-10-11,31.0986,-0.0010413051964869508
2021-10-12,31.2118,0.0036334263473457497
2021-10-13,31.3898,0.005686770935576792
2021-10-14,31.6163,0.00718981100914838
2021-10-15,31.5111,-0.0033329456744530727
2021-10-18,31.5435,0.0010276808623494338
2021-10-19,31.5151,-0.0009007495225138234
2021-10-20,31.681,0.005250336052388339
2021-10-21,31.6567,-0.000767315554314896
2021-10-22,31.592,-0.002045892565942747
2021-10-25,31.7052,0.0035767813010386318
2021-10-26,31.7295,0.0007661422277909278
2021-10-27,31.7214,-0.000255315528826313
2021-10-28,31.7295,0.00025531552882628126
2021-10-29,31.8346,0.0033069010896895285
2021-11-01,31.8969,0.0019550777823921107
2021-11-02,31.9294,0.0010183890593331853
2021-11-03,31.8726,-0.0017805089183935024
2021-11-04,31.9781,0.003304586982055943
2021-11-05,31.9375,-0.00127042554433154
2021-11-08,31.9132,-0.0007611506584323574
2021-11-09,31.8645,-0.0015271798595798464
2021-11-10,31.556,-0.009728792213067737
2021-11-11,31.5642,0.00025982173840170244
2021-11-12,31.5479,-0.000516541213568359
2021-11-15,31.5317,-0.0005136367496356718
2021-11-16,31.4911,-0.0012884227808490339
2021-11-17,31.483,-0.0002572486163253752
2021-11-18,31.4992,0.000514431072819375
2021-11-19,31.4867,-0.0003969142352210417
2021-11-22,31.3207,-0.005286013639475422
2021-11-23,31.2801,-0.0012971082060427342
2021-11-24,31.4018,0.003883103509019707
2021-11-26,31.1421,-0.008304614600335696
2021-11-29,31.3126,0.005459970941128019
2021-11-30,31.1827,-0.004157118601675477
2021-12-01,31.2019,0.0006155365460776032
2021-12-02,31.3566,0.004945780840003702
2021-12-03,31.1774,-0.005731297870806589
2021-12-06,31.3647,0.005989583335075741
2021-12-07,31.5968,0.007372792940918921
2021-12-08,31.5764,-0.0006458435130433189
2021-12-09,31.4706,-0.003356229457812324
2021-12-10,31.5031,0.0010321770162917297
2021-12-13,31.5276,0.0007773989891871474
2021-12-14,31.3566,-0.005438581439811155
2021-12-15,31.5276,0.005438581439811109
2021-12-16,31.704,0.005579503211158666
2021-12-17,31.655,-0.0015467418920440722
2021-12-20,31.4753,-0.005693002736995775
2021-12-21,31.7203,0.0077537432181883775
2021-12-22,31.8837,0.0051380529361119654
2021-12-23,31.8592,-0.0007687131023678519
2021-12-27,31.8837,0.0007687131023678207
2021-12-28,31.9327,0.0015356557132484593
2021-12-29,31.9981,0.002045962910318833
2021-12-30,32.1288,0.00407629812069898
2021-12-31,32.2105,0.0025396621944272753
2022-01-03,31.9736,-0.00738192405214912
2022-01-04,31.8184,-0.004865823495502909
2022-01-05,31.5325,-0.009025978825224717
2022-01-06,31.6877,0.004909832989353342
2022-01-07,31.557,-0.004133158543317742
2022-01-10,31.5488,-0.00025988102666153225
2022-01-11,31.704,0.004907302489548791
2022-01-12,31.753,0.0015443531758154302
2022-01-13,31.7367,-0.0005134691251691412
2022-01-14,31.5488,-0.005938186540194964
2022-01-18,31.3282,-0.007016903005490531
2022-01-19,31.2874,-0.0013031898049122017
2022-01-20,31.173,-0.003663125049563164
2022-01-21,31.0913,-0.0026242982540101885
2022-01-24,31.0587,-0.0010490749152002516
2022-01-25,30.8054,-0.008188963082130105
2022-01-26,30.544,-0.008521732303886885
2022-01-27,30.1764,-0.0121081050528608
2022-01-28,30.2663,0.002974720397780469
2022-01-31,30.7564,0.016063220349455683
2022-02-01,30.7746,0.0005915717453240758
2022-02-02,30.5861,-0.006144017032812334
2022-02-03,30.3649,-0.0072583213114356115
2022-02-04,30.1191,-0.008127814071668465
2022-02-07,30.0782,-0.0013588651415773344
2022-02-08,29.9798,-0.003276835327473748
2022-02-09,30.1355,0.005180057261892801
2022-02-10,29.7258,-0.013688523212747198
2022-02-11,29.4227,-0.010248870321786445
2022-02-14,29.2178,-0.006988372674077357
2022-02-15,29.4227,0.006988372674077283
2022-02-16,29.6357,0.007213230414098703
2022-02-17,29.4554,-0.006102460760793459
2022-02-18,29.5538,0.003335076266290679
2022-02-22,29.3653,-0.006398626018953418
2022-02-23,29.2096,-0.005316282800669787
2022-02-24,29.3735,0.005595484965278712
2022-02-25,29.7176,0.011646555556857478
2022-02-28,29.8242,0.0035806816016877765
2022-03-01,29.6366,-0.006310060492623245
2022-03-02,29.7516,0.0038728280614140774
2022-03-03,29.7188,-0.001103069874284305
2022-03-04,29.4639,-0.008614057019086376
2022-03-07,29.1762,-0.009812476732541979
2022-03-08,29.0693,-0.0036706739586577727
2022-03-09,29.3899,0.010968443433674521
2022-03-10,29.2502,-0.004764666645847472
2022-03-11,29.0775,-0.005921732030269965
2022-03-14,28.6583,-0.014521574710329593
2022-03-15,28.946,0.00998892069468558
2022-03-16,29.3488,0.013819634362536474
2022-03-17,29.5543,0.0069775897621711025
2022-03-18,29.7352,0.0061022798761933015
2022-03-21,29.4968,-0.00804974633060299
2022-03-22,29.4392,-0.0019546633072960373
2022-03-23,29.3899,-0.00167604167124029
2022-03-24,29.4804,0.0030745578429413893
2022-03-25,29.283,-0.006718492889177728
2022-03-28,29.5215,0.008111668588526758
2022-03-29,29.8339,0.010526519396251485
2022-03-30,29.875,0.001376679405958505
2022-03-31,29.9407,0.002196748560017797
2022-04-01,29.8717,-0.002307214912246666
2022-04-04,29.9212,0.0016557153544398892
2022-04-05,29.4426,-0.016124654075378244
2022-04-06,29.2858,-0.005339848270427601
2022-04-07,29.4096,0.0042183947492827846
2022-04-08,29.2115,-0.006758684299578631
2022-04-11,28.9144,-0.01022272643842844
2022-04-12,28.9227,0.00028701300919212923
2022-04-13,28.9557,0.001140321901639253
2022-04-14,28.8237,-0.004569110431897664
2022-04-18,28.6916,-0.004593568399550549
2022-04-19,28.6916,0.0
2022-04-20,28.8814,0.00659339230523464
2022-04-21,28.5431,-0.011782563672522615
2022-04-22,28.3286,-0.00754333058865337
2022-04-25,28.3946,0.002327091200229951
2022-04-26,28.1388,-0.0090495793893036
2022-04-27,27.949,-0.006767986067983106
2022-04-28,28.246,0.010570433861131153
2022-04-29,28.015,-0.008211773629624133
2022-05-02,27.5864,-0.015417183360294387
2022-05-03,27.6775,0.0032969110945312895
2022-05-04,28.2904,0.021902715733860052
2022-05-05,27.7438,-0.01951013267905603
2022-05-06,27.4456,-0.010806528137774881
2022-05-09,27.0647,-0.013975567907386455
2022-05-10,27.2386,0.006404789192073451
2022-05-11,27.1558,-0.003044433395833341
2022-05-12,27.1806,0.0009128319771673165
2022-05-13,27.4373,0.00939991798043871
2022-05-16,27.5864,0.005419496141979903
2022-05-17,27.6361,0.0017999914317124485
2022-05-18,27.3048,-0.012060378177186385
2022-05-19,27.4125,0.00393660283252732
2022-05-20,27.2966,-0.004236961433649036
2022-05-23,27.4291,0.004842341309763843
2022-05-24,27.5781,0.005417485871612238
2022-05-25,28.0253,0.01608569413711642
2022-05-26,28.3649,0.012044791671934143
2022-05-27,28.9612,0.020804537822353412
2022-05-31,28.779,-0.006311048619217266
2022-06-01,28.6675,-0.0038818775735977853
2022-06-02,28.8006,0.004632143327900231
2022-06-03,28.7091,-0.0031820745789902043
2022-06-06,28.6343,-0.0026088457407317115
2022-06-07,28.8089,0.006079067241928505
2022-06-08,28.601,-0.007242684930919967
2022-06-09,28.2018,-0.014055876555241629
2022-06-10,27.6945,-0.018151968172497195
2022-06-13,26.788,-0.03327981147396675
2022-06-14,26.7048,-0.0031107015183404496
2022-06-15,27.2787,0.021262853351367822
2022-06-16,26.6133,-0.02469508705152675
2022-06-17,26.6549,0.0015619077970394717
2022-06-21,26.9044,0.009316843378770472
2022-06-22,27.0208,0.004317097786640674
2022-06-23,27.1456,0.004608030839523554
2022-06-24,27.4367,0.010666562603634074
2022-06-27,27.4367,0.0
2022-06-28,27.3036,-0.004862971605968411
2022-06-29,27.3701,0.0024326150523361393
2022-06-30,27.3452,-0.0009101659579290229
2022-07-01,27.5728,0.0082887688218241
2022-07-05,27.4977,-0.0027274147340020914
2022-07-06,27.3307,-0.006091752319581598
2022-07-07,27.7064,0.013652820945877142
2022-07-08,27.8066,0.003609969153753289
2022-07-11,27.7148,-0.003306836054349985
2022-07-12,27.6814,-0.0012058590317470831
2022-07-13,27.7064,0.000902725932343817
2022-07-14,27.5728,-0.0048336538922934096
2022-07-15,27.8066,0.008443623046046669
2022-07-18,27.7565,-0.0018033555930998004
2022-07-19,27.9402,0.0065964650012080095
2022-07-20,28.0905,0.005364928887205151
2022-07-21,28.1907,0.0035606954317210023
2022-07-22,28.3494,0.005613729610379238
2022-07-25,28.3244,-0.000882241939716823
2022-07-26,28.2993,-0.0008865546279740702
2022-07-27,28.4663,0.005883862120453528
2022-07-28,28.6834,0.007597626735438056
2022-07-29,29.0341,0.01215244305425878
2022-08-01,29.1466,0.003867266643754068
2022-08-02,29.3816,0.008030360163575018
2022-08-03,29.6584,0.009376762469617843
2022-08-04,29.6081,-0.0016974180043412574
2022-08-05,29.3472,-0.008850831161213006
2022-08-08,29.4235,0.0025965334041550326
2022-08-09,29.1131,-0.010605430084825231
2022-08-10,29.3983,0.009748604841744848
2022-08-11,29.3396,-0.001998710186827781
2022-08-12,29.4738,0.004563593769731272
2022-08-15,29.5577,0.002842552077903351
2022-08-16,29.5074,-0.0017032058579312523
2022-08-17,29.0544,-0.015471144523042844
2022-08-18,29.1466,0.0031683330914540103
2022-08-19,28.8614,-0.009833205697188954
2022-08-22,28.5342,-0.011401694367573614
2022-08-23,28.1063,-0.015109617351035068
2022-08-24,28.207,0.0035764235921586763
2022-08-25,28.551,0.012121787667105628
2022-08-26,28.2489,-0.010637442977069063
2022-08-29,28.165,-0.0029744464345696844
2022-08-30,28.0308,-0.004776166728172412
2022-08-31,27.9301,-0.0035989452883088313
2022-09-01,27.678,-0.009067086526457532
2022-09-02,27.796,0.0042542516483423855
2022-09-06,27.5179,-0.010055423438087066
2022-09-07,27.796,0.010055423438087109
2022-09-08,27.6696,-0.004557787847364416
2022-09-09,27.9393,0.009699962223779406
2022-09-12,28.1416,0.007214608805681433
2022-09-13,27.7707,-0.013267400575185447
2022-09-14,27.8213,0.001820406316503206
2022-09-15,27.6274,-0.006993880483183832
2022-09-16,27.5263,-0.0036661226077601707
2022-09-19,27.5516,0.0009186988530590068
2022-09-20,27.2735,-0.010145075347827718
2022-09-21,27.3325,0.0021609355367202434
2022-09-22,27.0038,-0.012098873484481965
2022-09-23,26.6414,-0.013511199998116853
2022-09-26,26.4644,-0.0066659632438166245
2022-09-27,26.5318,0.0025435799675713536
2022-09-28,26.9195,0.014506917485114923
2022-09-29,26.7172,-0.0075433782943898015
2022-09-30,26.6919,-0.000947404164922673
2022-10-03,27.0219,0.012287499749130586
2022-10-04,27.2676,0.009051535841023734
2022-10-05,26.9541,-0.01156376481904381
2022-10-06,26.7761,-0.006625720774739879
2022-10-07,26.5304,-0.009218453282830313
2022-10-10,26.344,-0.007050700232938161
2022-10-11,26.2508,-0.0035440803103438077
2022-10-12,26.0474,-0.007778509606919762
2022-10-13,26.0135,-0.0013023211197391116
2022-10-14,25.9288,-0.0032613139993266996
2022-10-17,26.0051,0.0029383525942518803
2022-10-18,26.0559,0.0019515574469555852
2022-10-19,25.8864,-0.006526495810005912
2022-10-20,25.5305,-0.013843918405128898
2022-10-21,25.4289,-0.003987493362199701
2022-10-24,25.5051,0.002992109665440214
2022-10-25,25.8271,0.01254589608637083
2022-10-26,25.9373,0.0042577588643973934
2022-10-27,25.9373,0.0
2022-10-28,26.0983,0.006188090989898327
2022-10-31,25.8525,-0.009462870030720194
2022-11-01,25.7759,-0.0029673612278020007
2022-11-02,25.7077,-0.002649388927456568
2022-11-03,25.5628,-0.005652388246259423
2022-11-04,25.5628,0.0
2022-11-07,25.6821,0.004656081503769372
2022-11-08,26.0485,0.014165933788352587
2022-11-09,25.8355,-0.008210669825636539
2022-11-10,26.9688,0.042931127137704736
2022-11-11,27.1392,0.006298534905578501
2022-11-14,26.7813,-0.013275294411103635
2022-11-15,27.1392,0.013275294411103587
2022-11-16,27.0966,-0.0015709184251227718
2022-11-17,26.9091,-0.006943739396650473
2022-11-18,26.9091,0.0
2022-11-21,26.8751,-0.0012643119923337887
2022-11-22,26.9858,0.00411059435971744
2022-11-23,27.1392,0.005668375454389534
2022-11-25,27.2159,0.0028221841522821085
2022-11-28,27.1136,-0.003765914315517875
2022-11-29,26.7558,-0.013284174752671667
2022-11-30,27.1392,0.01422790491590764
2022-12-01,27.5437,0.014794657127418006
2022-12-02,27.6551,0.004036325110085191
2022-12-05,27.2011,-0.016552745762047124
2022-12-06,27.124,-0.0028384688391042585
2022-12-07,27.1754,0.001893207488571542
2022-12-08,27.0554,-0.004425536626923546
2022-12-09,26.7556,-0.011142818456608635
2022-12-12,26.9012,0.005427098051604318
2022-12-13,27.1754,0.010141257031927897
2022-12-14,27.1668,-0.0003165127680438486
2022-12-15,26.7641,-0.014934202266255327
2022-12-16,26.7556,-0.00031764004923294823
2022-12-19,26.6699,-0.0032082085710502866
2022-12-20,26.5671,-0.0038619804936749135
2022-12-21,26.6271,0.00225588599678555
2022-12-22,26.3443,-0.01067756135718595
2022-12-23,26.3358,-0.0003227025033652459
2022-12-27,26.173,-0.006200885247854308
2022-12-28,26.0016,-0.006570270460682873
2022-12-29,26.0873,0.003290531277376368
2022-12-30,26.1559,0.0026261806101785666
2023-01-03,26.2844,0.004900820826468582
2023-01-04,26.8412,0.020962413189387033
2023-01-05,26.9526,0.0041417471621970235
2023-01-06,27.3467,0.014516095797713513
2023-01-09,27.3724,0.0009393430041697435
2023-01-10,27.4409,0.002499394696535644
2023-01-11,27.6723,0.00839731170607561
2023-01-12,27.7922,0.004323492928632952
2023-01-13,27.8693,0.002770318777241854
2023-01-17,28.1435,0.009790697495795886
2023-01-18,28.1606,0.0006074158196564629
2023-01-19,28.1606,0.0
2023-01-20,28.2291,0.0024295228984689853
2023-01-23,28.4519,0.007861581394176583
2023-01-24,28.3919,-0.0021110489545961516
2023-01-25,28.4262,0.0012073618852675612
2023-01-26,28.5718,0.005108962303870593
2023-01-27,28.5633,-0.00029754039330318413
2023-01-30,28.6147,0.001797894779305141
2023-01-31,28.786,0.005968586046253094
2023-02-01,28.9463,0.005553231447530765
2023-02-02,29.1272,0.006230056225805191
2023-02-03,28.8171,-0.010703484571703685
2023-02-06,28.5673,-0.0087062538905188
2023-02-07,28.5242,-0.0015098572707954807
2023-02-08,28.55,0.0009040863212222169
2023-02-09,28.3347,-0.007569734148979214
2023-02-10,28.3347,0.0
2023-02-13,28.5587,0.007874416275075619
2023-02-14,28.5759,0.0006020870197600982
2023-02-15,28.619,0.0015071276690136076
2023-02-16,28.395,-0.007857759587493669
2023-02-17,28.3347,-0.002125871376355779
2023-02-21,27.6713,-0.02369142696654868
2023-02-22,27.9814,0.011144228738911934
2023-02-23,28.2399,0.009195867816880874
2023-02-24,28.0331,-0.0073499166906262
2023-02-27,28.1021,0.002458351791748564
2023-02-28,28.171,0.0024487733723519037
2023-03-01,28.041,-0.004625355147202664
2023-03-02,27.924,-0.004181190760401158
2023-03-03,28.1623,0.008497669982736171
2023-03-06,28.1883,0.0009227941439851356
2023-03-07,27.9717,-0.00771371346149445
2023-03-08,27.9717,0.0
2023-03-09,27.4778,-0.017814878848227175
2023-03-10,27.0142,-0.01701575224546878
2023-03-13,25.996,-0.03841997364758365
2023-03-14,26.6285,0.024039390757043963
2023-03-15,26.1,-0.02004675646049852
2023-03-16,26.7845,0.025888047665584432
2023-03-17,26.152,-0.023897692572322736
2023-03-20,25.8747,-0.010660012106488209
2023-03-21,26.3166,0.01693426146601975
2023-03-22,26.2213,-0.003627861202036836
2023-03-23,25.9267,-0.011298731843187006
2023-03-24,26.0393,0.004333609522401422
2023-03-27,26.3253,0.010923518707882635
2023-03-28,26.3859,0.00229932259932476
2023-03-29,26.6026,0.008179178806060965
2023-03-30,26.8105,0.007784646459629762
2023-03-31,27.0532,0.00901169590961775
2023-04-03,27.1579,0.003862682372418843
2023-04-04,27.0141,-0.0053090281975723954
2023-04-05,26.9444,-0.002583468360558737
2023-04-06,27.0926,0.005485144311190202
2023-04-10,27.0664,-0.0009675216323718689
2023-04-11,27.2495,0.006742066082821305
2023-04-12,27.232,-0.0006424199260982956
2023-04-13,27.3497,0.004312807495478158
2023-04-14,27.3366,-0.00047909623618979925
2023-04-17,27.2582,-0.0028720703763756637
2023-04-18,27.3018,0.0015982408094168553
2023-04-19,27.3759,0.002710430225273401
2023-04-20,27.3453,-0.0011183966429671344
2023-04-21,27.4238,0.002866581841029856
2023-04-24,27.4151,-0.0003172930191156741
2023-04-25,27.0926,-0.011833328620901163
2023-04-26,26.9574,-0.00500278564220114
2023-04-27,27.1797,0.008212528910078653
2023-04-28,27.3453,0.006074296531109327
2023-05-01,27.1355,-0.0077018339334092405
2023-05-02,26.7148,-0.01562511478132283
2023-05-03,26.3116,-0.015207812368781002
2023-05-04,25.7069,-0.023250468225613708
2023-05-05,26.0838,0.014554993609433763
2023-05-08,26.11,0.001003950745131368
2023-05-09,26.0399,-0.0026884056238184752
2023-05-10,26.224,0.007045044914254865
2023-05-11,26.0487,-0.0067071590780557
2023-05-12,26.0925,0.0016800537886516149
2023-05-15,26.0399,-0.002017939624850794
2023-05-16,25.7945,-0.009468686179943403
2023-05-17,26.3073,0.019685176301901867
2023-05-18,26.3116,0.00016343937290865088
2023-05-19,26.2941,-0.0006653271658981556
2023-05-22,26.4606,0.006312254750492399
2023-05-23,26.3818,-0.002982455695077014
2023-05-24,26.408,0.0009926160792886008
2023-05-25,26.259,-0.0056582071324813065
2023-05-26,26.4168,0.00599138397674389
2023-05-30,26.5833,0.006283027682408217
2023-05-31,26.6973,0.004279237619799787
2023-06-01,26.8428,0.0054351918725672145
2023-06-02,27.2129,0.013693497009944126
2023-06-05,27.0983,-0.004220130289173234
2023-06-06,27.2658,0.006162174303666191
2023-06-07,27.1777,-0.003236385496817907
2023-06-08,27.1424,-0.0012997032394693672
2023-06-09,27.0631,-0.002925904440449154
2023-06-12,27.0455,-0.0006505435594601126
2023-06-13,27.0278,-0.0006546669292300924
2023-06-14,26.8824,-0.00539416854543798
2023-06-15,27.0014,0.004416919128417784
2023-06-16,26.9485,-0.001961079333000095
2023-06-20,26.8516,-0.003602227682905105
2023-06-21,26.9309,0.002948916746777665
2023-06-22,26.8428,-0.003276697672862671
2023-06-23,26.834,-0.00032788840164990824
2023-06-26,26.9485,0.0042578970106400445
2023-06-27,27.0014,0.0019610793329999936
2023-06-28,27.0411,0.0014692143087879572
2023-06-29,27.0102,-0.0011433583786593854
2023-06-30,27.2482,0.00877289143960212
2023-07-03,27.4946,0.009002157872647864
2023-07-05,27.3706,-0.004520177129787391
2023-07-06,27.0163,-0.013029057072251195
2023-07-07,27.0872,0.002620904029689479
2023-07-10,27.1403,0.0019584165588170067
2023-07-11,27.2909,0.005533605148909688
2023-07-12,27.3928,0.003726891850656452
2023-07-13,27.4858,0.003389302534215925
2023-07-14,27.282,-0.007442363603620364
2023-07-17,27.1182,-0.00602205488284707
2023-07-18,27.2732,0.005699445852861942
2023-07-19,27.3972,0.004536283350328059
2023-07-20,27.2997,-0.003565105271725769
2023-07-21,27.3263,0.0009738952917089842
2023-07-24,27.406,0.002912359112754814
2023-07-25,27.4238,0.000649281982619848
2023-07-26,27.6009,0.0064371313804753765
2023-07-27,27.3883,-0.007732465985927958
2023-07-28,27.4769,0.003229736773656475
2023-07-31,27.6718,0.007068192411510495
2023-08-01,27.4913,-0.006544253103713942
2023-08-02,27.3578,-0.004867910818010758
2023-08-03,27.1352,-0.008169902121779003
2023-08-04,27.3133,0.006541985001856155
2023-08-07,27.3756,0.002278342659996149
2023-08-08,27.34,-0.001301274408888877
2023-08-09,27.3133,-0.0009770682511073344
2023-08-10,27.2777,-0.0013042444742342456
2023-08-11,27.3311,0.001955729370383702
2023-08-14,27.3133,-0.0006514848961493458
2023-08-15,27.1263,-0.006870026065218324
2023-08-16,26.975,-0.005593225835279486
2023-08-17,26.8503,-0.004633517067386654
2023-08-18,26.8236,-0.0009948970431569325
2023-08-21,26.699,-0.004655985512359463
2023-08-22,26.7079,0.0003332902708220558
2023-08-23,26.9527,0.009124076073410795
2023-08-24,26.8281,-0.004633632186050424
2023-08-25,26.9037,0.0028139779380690617
2023-08-28,26.9839,0.002976568235143025
2023-08-29,27.1486,0.006085087820182674
2023-08-30,27.1753,0.0009829928318830074
2023-08-31,27.3756,0.0073436331999370795
2023-09-01,27.5224,0.0053481128602659534
2023-09-05,27.3204,-0.0073665426811184
2023-09-06,27.2441,-0.0027966919785431645
2023-09-07,27.2216,-0.0008262081008749569
2023-09-08,27.3339,0.004116914284139655
2023-09-11,27.2665,-0.0024688476360887755
2023-09-12,27.2396,-0.0009870455667884864
2023-09-13,27.3114,0.0026324005595387582
2023-09-14,27.4102,0.003611009449928861
2023-09-15,27.3922,-0.0006569055606063766
2023-09-18,27.491,0.003600377045300903
2023-09-19,27.5179,0.00097802363414741
2023-09-20,27.491,-0.0009780236341473108
2023-09-21,27.1229,-0.01348028887109449
2023-09-22,27.2216,0.0036323862956699226
2023-09-25,27.1453,-0.00280685674900618
2023-09-26,26.9702,-0.0064713662842578665
2023-09-27,26.9882,0.0006671806676140856
2023-09-28,27.069,0.002989428241701263
2023-09-29,27.069,0.0
2023-10-02,26.7312,-0.012557739159096502
2023-10-03,26.2213,-0.01925936494197264
2023-10-04,26.1761,-0.0017252768729663186
2023-10-05,26.1536,-0.0008599323667643245
2023-10-06,26.0633,-0.0034586538081036343
2023-10-09,26.2213,0.006043863047834378
2023-10-10,26.3296,0.004121724016987504
2023-10-11,26.4514,0.0046153053638815725
2023-10-12,26.1942,-0.009771074745874471
2023-10-13,26.1039,-0.003453283761240905
2023-10-16,26.122,0.0006931427021716816
2023-10-17,25.9505,-0.0065869939063178855
2023-10-18,25.8512,-0.003833855708582682
2023-10-19,25.5804,-0.010530588295416839
2023-10-20,25.7338,0.005978869668202611
2023-10-23,25.779,0.0017549040859809986
2023-10-24,26.0137,0.009063115323992054
2023-10-25,25.779,-0.009063115323992094
2023-10-26,25.797,0.0006979990976734683
2023-10-27,25.6797,-0.004557409586337323
2023-10-30,25.6707,-0.000350532813460331
2023-10-31,25.797,0.004907942399797642
2023-11-01,26.2674,0.018070420490858462
2023-11-02,26.8078,0.02036426335988805
2023-11-03,27.2346,0.015795333796506553
2023-11-06,27.0802,-0.005685390202948623
2023-11-07,27.0076,-0.002684525663842843
2023-11-08,27.0257,0.0006699572551372058
2023-11-09,26.7442,-0.01047063772974058
2023-11-10,26.8168,0.0027109293875126035
2023-11-13,26.9576,0.00523670451976858
2023-11-14,27.3163,0.013218332302841314
2023-11-15,27.4071,0.0033185103019177887
2023-11-16,27.3572,-0.0018223555787160693
2023-11-17,27.3799,0.0008294192166318417
2023-11-20,27.4207,0.0014890350667170974
2023-11-21,27.3254,-0.003481530054609647
2023-11-22,27.1892,-0.004996836935095787
2023-11-24,27.2255,0.0013341984935967394
2023-11-27,27.4117,0.006815895428330524
2023-11-28,27.5025,0.003306980079831453
2023-11-29,27.7159,0.007729346102926345
2023-11-30,27.843,0.004575332546985472
2023-12-01,28.1674,0.0115836925776938
2023-12-04,27.9574,-0.007483357802980368
2023-12-05,27.9939,0.001304706241953418
2023-12-06,28.0213,0.0009783059664284443
2023-12-07,28.0487,0.0009773498191926653
2023-12-08,28.003,-0.001630637790692489
2023-12-11,27.8843,-0.004247840868558152
2023-12-12,27.8934,0.0003262952786054658
2023-12-13,28.3136,0.014952152882651544
2023-12-14,28.4734,0.005628063528853857
2023-12-15,28.3592,-0.004018825593171949
2023-12-18,28.2679,-0.0032246072679736697
2023-12-19,28.4232,0.0054788278398898525
2023-12-20,28.4414,0.0006401170718322225
2023-12-21,28.4871,0.0016055230619726856
2023-12-22,28.5236,0.0012804615620246379
2023-12-26,28.5419,0.0006413682742571541
2023-12-27,28.6789,0.0047884776786961845
2023-12-28,28.5967,-0.002870334188935565
2023-12-29,28.4871,-0.0038399733260425168
2024-01-02,28.6058,0.004158141240968079
2024-01-03,28.4597,-0.005120442972212864
2024-01-04,28.4232,-0.0012833384025602147
2024-01-05,28.4232,0.0
2024-01-08,28.688,0.009273203769519026
2024-01-09,28.6972,0.00032064016780701104
2024-01-10,28.7154,0.0006340071903953178
2024-01-11,28.7794,0.0022262892099437943
2024-01-12,28.8433,0.002217876850392426
2024-01-16,28.7246,-0.004123831795758517
2024-01-17,28.615,-0.0038228426244915816
2024-01-18,28.5419,-0.002557872797720808
2024-01-19,28.7611,0.007650596624145747
2024-01-22,28.8707,0.0038034603162006
2024-01-23,28.8342,-0.0012650573822255253
2024-01-24,28.9346,0.0034759282203088936
2024-01-25,29.1904,0.00880177725341522
2024-01-26,29.2178,0.0009382244962159485
2024-01-29,29.3183,0.0034337818456786225
2024-01-30,29.3913,0.002486817747725341
2024-01-31,29.2726,-0.004046787274310401
2024-02-01,29.4897,0.007389124924961522
2024-02-02,29.3658,-0.0042103179151962815
2024-02-05,29.0489,-0.010850115087978696
2024-02-06,29.0948,0.001578847219382282
2024-02-07,29.1132,0.0006322155240815488
2024-02-08,29.205,0.0031482479165232894
2024-02-09,29.352,0.005020759560708311
2024-02-12,29.4714,0.004059614506493242
2024-02-13,29.0765,-0.013490013771829748
2024-02-14,29.1867,0.003782838272262108
2024-02-15,29.2877,0.0034545066025901696
2024-02-16,29.1775,-0.003769768358125176
2024-02-20,29.2418,0.0022013281900213197
2024-02-21,29.1591,-0.0028321500277756215
2024-02-22,29.3152,0.005339110372135204
2024-02-23,29.5448,0.007801602601060434
2024-02-26,29.4438,-0.0034243938217823327
2024-02-27,29.3703,-0.0024994019550730836
2024-02-28,29.4071,0.001252182124708174
2024-02-29,29.5448,0.004671613652147275
2024-03-01,29.4851,-0.0020227044380688734
2024-03-04,29.3789,-0.0036083213925939793
2024-03-05,29.5081,0.004388072318644819
2024-03-06,29.582,0.002501266321383191
2024-03-07,29.7251,0.00482573849358112
2024-03-08,29.7574,0.0010860338141381026
2024-03-11,29.702,-0.0018634569481442336
2024-03-12,29.7759,0.0024849578760447475
2024-03-13,29.8128,0.0012384900062129608
2024-03-14,29.6005,-0.00714657841177092
2024-03-15,29.6374,0.0012458242028376147
2024-03-18,29.6836,0.001557627462142691
2024-03-19,29.8128,0.004343126746790761
2024-03-20,29.9605,0.004942015937307259
2024-03-21,30.0436,0.0027698125004003878
2024-03-22,29.9328,-0.003694790819343283
2024-03-25,29.7944,-0.004634412720178541
2024-03-26,29.7759,-0.0006211149043986518
2024-03-27,29.9236,0.004948125239119799
2024-03-28,29.739,-0.006188151005047777
2024-04-01,29.8141,0.002522120252676086
2024-04-02,29.5961,-0.007338840078972237
2024-04-03,29.6889,0.0031306426851243577
2024-04-04,29.7631,0.002496132628888989
2024-04-05,29.7167,-0.0015601938611851747
2024-04-08,29.6889,-0.0009359387677039642
2024-04-09,29.6889,0.0
2024-04-10,29.225,-0.015748731219566103
2024-04-11,29.1971,-0.0009551180844572545
2024-04-12,28.993,-0.007014967734220267
2024-04-15,28.492,-0.017431075423347306
2024-04-16,28.4364,-0.0019533314717611254
2024-04-17,28.5662,0.004554186101833895
2024-04-18,28.5013,-0.0022745004767761434
2024-04-19,28.659,0.0055178296865767895
2024-04-22,28.8075,0.005168239950051531
2024-04-23,29.0858,0.009614312665492867
2024-04-24,29.058,-0.0009562499223783924
2024-04-25,28.8353,-0.007693501613003798
2024-04-26,28.8817,0.0016078455219771517
2024-04-29,29.058,0.006085656091026642
2024-04-30,28.7147,-0.011884645888768636
2024-05-01,29.0314,0.010968816086456503
2024-05-02,29.078,0.0016038716623989764
2024-05-03,29.409,0.011318875438464947
2024-05-06,29.5349,0.004271864992326296
2024-05-07,29.423,-0.003795933517473725
2024-05-08,29.1806,-0.00827257651052053
2024-05-09,29.2645,0.0028710724297742306
2024-05-10,29.3205,0.0019117527372441215
2024-05-13,29.3111,-0.00032064620718307333
2024-05-14,29.3298,0.0006377801375447568
2024-05-15,29.6189,0.009808607071096367
2024-05-16,29.5443,-0.0025218392357399624
2024-05-17,29.4976,-0.001581927740769782
2024-05-20,29.5256,0.0009487795341637059
2024-05-21,29.4603,-0.002214089356137399
2024-05-22,29.3857,-0.0025354328234149476
2024-05-23,29.1479,-0.008125292423577742
2024-05-24,29.3857,0.008125292423577795
2024-05-28,29.3484,-0.0012701311508804321
2024-05-29,29.0966,-0.008616701444401931
2024-05-30,29.3391,0.008299768534400577
2024-05-31,29.5536,0.007284466445191187
2024-06-03,29.6002,0.0015755542210263006
2024-06-04,29.5443,-0.001890286219177534
2024-06-05,29.5862,0.001417204556460854
2024-06-06,29.6282,0.0014185740983013913
2024-06-07,29.5256,-0.0034689268613683306
2024-06-10,29.4044,-0.0041133606274999105
2024-06-11,29.2645,-0.004769145668856231
2024-06-12,29.423,0.005401504080746276
2024-06-13,29.4324,0.00031942693720297195
2024-06-14,29.3391,-0.003175010962027235
2024-06-17,29.2925,-0.0015895868375535441
2024-06-18,29.4324,0.00476459779958058
2024-06-20,29.3951,-0.0012681145722173793
2024-06-21,29.4417,0.001584042971202685
2024-06-24,29.507,0.0022154865742509537
2024-06-25,29.5163,0.0003151297903356701
2024-06-26,29.507,-0.0003151297903357874
2024-06-27,29.479,-0.000949377889773112
2024-06-28,29.4044,-0.0025338224325561244
2024-07-01,29.319,-0.0029085529858528586
2024-07-02,29.4549,0.004624509933742919
2024-07-03,29.6799,0.00760976906271522
2024-07-05,29.6799,0.0
2024-07-08,29.6143,-0.002212696242294578
2024-07-09,29.4268,-0.006351529031203412
2024-07-10,29.5955,0.005716498997939523
2024-07-11,29.9236,0.011025143978209959
2024-07-12,29.9705,0.00156609781550517
2024-07-15,29.9377,-0.0010950088060529119
2024-07-16,29.9846,0.0015653607947893312
2024-07-17,29.9424,-0.0014083804287026963
2024-07-18,29.8674,-0.002507951516687092
2024-07-19,29.858,-0.000314773951371247
2024-07-22,29.9236,0.0021946560925194085
2024-07-23,29.858,-0.00219465609251952
2024-07-24,29.5674,-0.009780407585806594
2024-07-25,29.6518,0.002850428818539892
2024-07-26,29.8111,0.005357975514050303
2024-07-29,29.7361,-0.0025190114617937463
2024-07-30,29.7455,0.0003160641300251849
2024-07-31,29.7174,-0.0009451272000433701
2024-08-01,29.8216,0.0035002303157529373
2024-08-02,29.8027,-0.0006339697282154394
2024-08-05,29.4258,-0.012727152891642278
2024-08-06,29.52,0.0031961591900063644
2024-08-07,29.6614,0.0047785374818940934
2024-08-08,29.7462,0.0028548555267251395
2024-08-09,29.7462,0.0
2024-08-12,29.5577,-0.006357107536521624
2024-08-13,29.7839,0.007623693853023257
2024-08-14,29.9346,0.005047022945695683
2024-08-15,29.8969,-0.0012602059112454649
2024-08-16,30.076,0.005972715423937405
2024-08-19,30.1137,0.0012527061915954256
2024-08-20,30.189,0.002497401911930011
2024-08-21,30.3492,0.005292538395465314
2024-08-22,30.3021,-0.0015531409703689303
2024-08-23,30.5,0.006509666568963813
2024-08-26,30.4717,-0.000928299589228217
2024-08-27,30.5,0.00092829958922829
2024-08-28,30.5188,0.0006162035502131053
2024-08-29,30.6319,0.0036990624461483664
2024-08-30,30.4905,-0.004626789924738184
2024-09-03,30.4083,-0.002699562221925635
2024-09-04,30.5883,0.005901985438571177
2024-09-05,30.7114,0.004016338268437074
2024-09-06,30.6356,-0.0024711897427578777
2024-09-09,30.8724,0.007699849448605833
2024-09-10,30.9008,0.0009194926602779709
2024-09-11,31.0239,0.0039758016479181915
2024-09-12,31.0997,0.0024402976522955506
2024-09-13,31.2417,0.004555568068072058
2024-09-16,31.4122,0.005442611581380623
2024-09-17,31.45,0.0012026306605848725
2024-09-18,31.5163,0.00210588916617626
2024-09-19,31.6537,0.004350173078353475
2024-09-20,31.7057,0.0016414300537968783
2024-09-23,31.6773,-0.0008961394033286358
2024-09-24,31.7342,0.0017946276391958905
2024-09-25,31.6868,-0.0014947733030280204
2024-09-26,31.7152,0.0008958708526371064
2024-09-27,31.6679,-0.0014925116878291796
2024-09-30,31.469,-0.0063006152658687834
2024-10-01,31.617,0.004692016343354985
2024-10-02,31.7026,0.0027037458274021247
2024-10-03,31.6741,-0.000899384219156894
2024-10-04,31.5599,-0.0036119848233083893
2024-10-07,31.2982,-0.008326739499606755
2024-10-08,31.5123,0.0068173579008362385
2024-10-09,31.5218,0.0003014241520677285
2024-10-10,31.4457,-0.0024171211196576583
2024-10-11,31.617,0.005432701781423627
2024-10-14,31.7597,0.004503239870584525
2024-10-15,31.8169,0.0017994046688180462
2024-10-16,31.893,0.002388954815265886
2024-10-17,31.8359,-0.0017919661340361633
2024-10-18,31.8644,0.000894815311753605
2024-10-21,31.5218,-0.01081002919415194
2024-10-22,31.6551,0.004219903091557313
2024-10-23,31.3695,-0.009063189769164853
2024-10-24,31.4409,0.0022735098249538144
2024-10-25,31.3981,-0.0013622115761988678
2024-10-28,31.3029,-0.003036636517903475
2024-10-29,31.3124,0.0003034402158224262
2024-10-30,31.3029,-0.0003034402158224144
2024-10-31,31.2553,-0.0015217832094306767
2024-11-01,31.2896,0.0010968121601782346
2024-11-04,31.3704,0.0025789991951800308
2024-11-05,31.6191,0.007896595220829968
2024-11-06,31.3752,-0.0077435964445216965
2024-11-07,31.5665,0.00607865974531616
2024-11-08,31.8487,0.008900133179693761
2024-11-11,31.5904,-0.008143287889920057
2024-11-12,31.2795,-0.009890346074089998
2024-11-13,31.2508,-0.0009179550398867585
2024-11-14,31.1934,-0.001838441878254132
2024-11-15,31.1934,0.0
2024-11-18,31.1647,-0.0009204899452184962
2024-11-19,31.0978,-0.002148966898074303
2024-11-20,30.9447,-0.004935336608343712
2024-11-21,31.2221,0.00892443687427147
2024-11-22,31.2795,0.0018367534955059319
2024-11-25,31.3847,0.0033575821227989485
2024-11-26,31.2129,-0.005489042115192375
2024-11-27,31.3274,0.003661643066346285
2024-11-29,31.49,0.005176921144357486
2024-12-02,31.3215,-0.005365272416844016
2024-12-03,31.2734,-0.0015368667245261574
2024-12-04,31.3023,0.0009236813029582093
2024-12-05,31.3503,0.001532259136612883
2024-12-06,31.2926,-0.0018421885422878267
2024-12-09,31.2061,-0.002768059343037347
2024-12-10,31.2253,0.0006150751258280431
2024-12-11,31.2157,-0.000307490273238496
2024-12-12,31.0187,-0.00633092495435276
2024-12-13,30.8696,-0.004818367557905578
2024-12-16,30.8985,0.0009357581699563607
2024-12-17,30.8696,-0.0009357581699563431
2024-12-18,30.5668,-0.00985742823118059
2024-12-19,30.4314,-0.004439482554672311
2024-12-20,30.5958,0.005387774555771204
2024-12-23,30.4508,-0.004750478247273573
2024-12-24,30.4313,-0.0006405823934066598
2024-12-26,30.3638,-0.0022205746100129385
2024-12-27,30.1898,-0.005746990398729893
2024-12-30,30.3734,0.00606310638958698
2024-12-31,30.3928,0.0006385128791702352
2025-01-02,30.7698,0.012327951219930074
2025-01-03,30.9342,0.005328678497626591
2025-01-06,30.9051,-0.000941149144572207
2025-01-07,30.5474,-0.011641643215504842
2025-01-08,30.4411,-0.003485906610013788
2025-01-10,30.0448,-0.013104067920766831
2025-01-13,29.8998,-0.004837809671032396
2025-01-14,30.0931,0.006444118184812092
2025-01-15,30.6344,0.01782765094846115
2025-01-16,30.6248,-0.0003134223130104897
2025-01-17,30.6731,0.0015759107570102028
2025-01-21,31.0405,0.011906754444372471
2025-01-22,30.9245,-0.0037440534336056677
2025-01-23,30.9245,0.0
2025-01-24,31.0018,0.0024965173164978437
2025-01-27,31.1855,0.005907975883323336
2025-01-28,30.9728,-0.006843843226287541
2025-01-29,30.8471,-0.004066657281308179
2025-01-30,31.0308,0.005937516938399871
2025-01-31,30.7504,-0.009077257331720871
2025-02-03,30.5662,-0.006008178995810769
2025-02-04,30.6489,0.00270194936585308
2025-02-05,30.9113,0.008525040178125408
2025-02-06,30.8238,-0.0028346939939226947
2025-02-07,30.678,-0.004741333526331079
2025-02-10,30.7558,0.0025328090266714355
2025-02-11,30.7266,-0.0009498653987306631
2025-02-12,30.6294,-0.0031683969396236124
2025-02-13,30.8141,0.006012045418203233
2025-02-14,30.9113,0.003149435413733375
2025-02-18,30.853,-0.0018878224901597077
2025-02-19,30.8287,-0.0007879160677200253
2025-02-20,30.7558,-0.002367479935702582
2025-02-21,30.7461,-0.00031543741186634236
2025-02-24,30.8044,0.001894379978553623
2025-02-25,30.9453,0.004563592844542344
2025-02-26,30.9405,-0.00015512443919682843
2025-02-27,30.8433,-0.003146458462950289
2025-02-28,30.9599,0.0037732718804784366
2025-03-03,30.8261,-0.004331085008090903
2025-03-04,30.6111,-0.006999045453781609
2025-03-05,30.6307,0.0006400857149591885
2025-03-06,30.5134,-0.003836842603007319
2025-03-07,30.3668,-0.00481602502470231
2025-03-10,30.1664,-0.006621184147832794
2025-03-11,30.1664,0.0
2025-03-12,30.2983,0.004362883111089638
2025-03-13,30.2202,-0.002581030374403803
2025-03-14,30.4059,0.006126093572281889
2025-03-17,30.5329,0.004168122242865723
2025-03-18,30.4938,-0.0012814065105992323
2025-03-19,30.6502,0.005115803385483786
2025-03-20,30.6111,-0.0012764993661347603
2025-03-21,30.6013,-0.00032019656421672973
2025-03-24,30.66,0.0019163817276074526
2025-03-25,30.6013,-0.0019163817276074634
2025-03-26,30.3961,-0.0067281810073672585
2025-03-27,30.3179,-0.0025760135469114465
2025-03-28,30.1371,-0.005981326243609932
2025-03-31,30.0051,-0.004389603704379317
2025-04-01,29.9878,-0.0005767349296176744
2025-04-02,30.0467,0.0019622056950025645
2025-04-03,29.457,-0.019821265123914814
2025-04-04,29.0835,-0.012760569798230379
2025-04-07,28.5921,-0.017040547164263366
2025-04-08,28.5036,-0.0031000608058582234
2025-04-09,29.2998,0.02755029497424747
2025-04-10,28.7297,-0.019649259171119742
2025-04-11,28.5626,-0.005833261147652006
2025-04-14,28.8673,0.010611296871026505
2025-04-15,28.7985,-0.0023861641612300984
2025-04-16,28.8083,0.0003402376141197198
2025-04-17,28.9852,0.006121814822339701
2025-04-21,28.7887,-0.00680240585161447
2025-04-22,29.113,0.011201860779059871
2025-04-23,29.3931,0.00957514310607921
2025-04-24,29.6732,0.009484328615060454
2025-04-25,29.7126,0.0013269167302953587
2025-04-28,29.7814,0.0023128393003964886
2025-04-29,29.8207,0.0013187456715623967
2025-04-30,29.6044,-0.007279784307934174
2025-05-01,29.5983,-0.0002060716832707789
2025-05-02,29.796,0.0066572290657528465
2025-05-05,29.6477,-0.004989605548610216
2025-05-06,29.7367,0.0029974224421006044
2025-05-07,29.796,0.00199218310650972
2025-05-08,29.7861,-0.00033231457404502593
2025-05-09,29.8256,0.0013252433928593655
2025-05-12,29.9838,0.0052901506768019725
2025-05-13,30.0777,0.0031267975826091863
2025-05-14,29.9344,-0.004775712643238161
2025-05-15,30.1222,0.006254120683958029
2025-05-16,30.2013,0.00262252837899671
2025-05-19,30.2211,0.0006553861054419429
2025-05-20,30.1222,-0.0032779144844386245
2025-05-21,29.6576,-0.015544025057164665
2025-05-22,29.707,0.001664291897953494
2025-05-23,29.7367,0.0009992649337561522
2025-05-27,29.9937,0.008605386401547739
2025-05-28,29.8059,-0.00628099911728366
2025-05-29,29.8553,0.0016560180247641304
2025-05-30,29.885,0.0009943037596693864
2025-06-02,29.8696,-0.0005154415004354683
2025-06-03,29.9989,0.004319473547467962
2025-06-04,30.0983,0.0033079774312990973
2025-06-05,30.1381,0.00132146030611903
2025-06-06,30.0983,-0.0013214603061191593
2025-06-09,30.2176,0.003955844332063741
2025-06-10,30.2574,0.0013162465728365155
2025-06-11,30.2773,0.0006574741666135469
2025-06-12,30.1679,-0.0036198116461187793
2025-06-13,30.0287,-0.004624854165036355
2025-06-16,30.0486,0.0006624798627037822
2025-06-17,30.0039,-0.0014886976647240618
2025-06-18,30.1779,0.005782495200870153
2025-06-20,30.1331,-0.0014856330765487087
2025-06-23,30.1878,0.0018136339144005482
2025-06-24,30.3917,0.006731675566306689
2025-06-25,30.3071,-0.002787536319697354
2025-06-26,30.4961,0.006216798086769024
2025-06-27,30.4165,-0.0026135822575640323
2025-06-30,30.506,0.0029381612503173254
2025-07-01,30.67,0.005361592548418848
2025-07-02,30.9,0.007471205777539558
2025-07-03,31.0003,0.003240697953975481
2025-07-07,30.9,-0.003240697953975447
