Date,Close,Log_Return
2017-11-10,299.25299072265625,-0.06979035702377218
2017-11-11,314.6809997558594,0.0502700880627902
2017-11-12,307.9079895019531,-0.021758423551602856
2017-11-13,316.71600341796875,0.02820448109814335
2017-11-14,337.6310119628906,0.0639481345244302
2017-11-15,333.35699462890625,-0.012739646901066345
2017-11-16,330.92401123046875,-0.007325195982281953
2017-11-17,332.3940124511719,0.004432274036711217
2017-11-18,347.61199951171875,0.04476586409432523
2017-11-19,354.385986328125,0.01929976215532802
2017-11-20,366.7300109863281,0.03423923644738788
2017-11-21,360.4010009765625,-0.017408609298207502
2017-11-22,380.6520080566406,0.05466828993951428
2017-11-23,410.1659851074219,0.07467632642318547
2017-11-24,474.9110107421875,0.14656552117983035
2017-11-25,466.2760009765625,-0.01834970510458122
2017-11-26,471.3299865722656,0.010780721565864352
2017-11-27,480.3550109863281,0.01896697961097095
2017-11-28,472.9020080566406,-0.01563724084813564
2017-11-29,427.52301025390625,-0.1008800838177914
2017-11-30,447.114013671875,0.04480551414950813
2017-12-01,466.5400085449219,0.0425301536027903
2017-12-02,463.4490051269531,-0.006647422183877487
2017-12-03,465.8529968261719,0.005173769251859075
2017-12-04,470.2040100097656,0.00929653747229843
2017-12-05,463.281005859375,-0.014832870291597655
2017-12-06,428.5880126953125,-0.07783767994929666
2017-12-07,434.4079895019531,0.01348804635476734
2017-12-08,456.031005859375,0.048576642018375776
2017-12-09,473.50201416015625,0.03759536387875813
2017-12-10,441.72100830078125,-0.06947768654136824
2017-12-11,515.135986328125,0.15375243708510006
2017-12-12,651.4310302734375,0.23474061105760555
2017-12-13,702.7670288085938,0.07585391317806586
2017-12-14,695.8159790039062,-0.009940213774400849
2017-12-15,684.447998046875,-0.016472556262746414
2017-12-16,696.208984375,0.017037209041072567
2017-12-17,719.9749755859375,0.033566575104906744
2017-12-18,794.64501953125,0.09867904334789465
2017-12-19,826.822998046875,0.03969514452900347
2017-12-20,819.0859985351562,-0.0094015604954164
2017-12-21,821.06298828125,0.0024107452669923733
2017-12-22,674.8599853515625,-0.1960945876765842
2017-12-23,719.3870239257812,0.06389425349507394
2017-12-24,694.1480102539062,-0.03571428471546085
2017-12-25,765.833984375,0.09828020664323166
2017-12-26,773.8359985351562,0.010394547270593914
2017-12-27,762.8419799804688,-0.01430905666948768
2017-12-28,737.0230102539062,-0.03443179305792983
2017-12-29,753.5919799804688,0.0222319677157144
2017-12-30,717.2570190429688,-0.04941684006742787
2017-12-31,756.7329711914062,0.053576204231864905
2018-01-01,772.6409912109375,0.020804059919352975
2018-01-02,884.4439697265625,0.13514465974787557
2018-01-03,962.719970703125,0.08480341627994366
2018-01-04,980.9219970703125,0.018730361673503358
2018-01-05,997.719970703125,0.016979703746571463
2018-01-06,1041.6800537109375,0.043117478521551726
2018-01-07,1153.1700439453125,0.10167986398366087
2018-01-08,1148.530029296875,-0.004031820642391285
2018-01-09,1299.739990234375,0.12368134760985788
2018-01-10,1255.8199462890625,-0.034375534046981966
2018-01-11,1154.9300537109375,-0.083748920321997
2018-01-12,1273.199951171875,0.09749359549276614
2018-01-13,1396.4200439453125,0.09237847208475351
2018-01-14,1366.77001953125,-0.021461543929788246
2018-01-15,1291.9200439453125,-0.05632078827587458
2018-01-16,1053.68994140625,-0.2038312843512961
2018-01-17,1014.25,-0.038148810498464185
2018-01-18,1036.280029296875,0.021487982757907594
2018-01-19,1039.0999755859375,0.002717524518743902
2018-01-20,1155.1500244140625,0.10587529642513221
2018-01-21,1049.5799560546875,-0.09584018452753812
2018-01-22,1003.260009765625,-0.04513533482427692
2018-01-23,986.22900390625,-0.01712140331800685
2018-01-24,1058.780029296875,0.07098402541777943
2018-01-25,1056.030029296875,-0.002600707840248035
2018-01-26,1055.1700439453125,-0.0008146886787546303
2018-01-27,1107.0699462890625,0.0480149041415333
2018-01-28,1246.010009765625,0.11822961667606485
2018-01-29,1182.3599853515625,-0.05243402510166151
2018-01-30,1071.1300048828125,-0.09879825820701822
2018-01-31,1118.31005859375,0.04310449900718176
2018-02-01,1036.7900390625,-0.07568923036724218
2018-02-02,915.7849731445312,-0.1241031265244571
2018-02-03,964.0189819335938,0.05132939357747152
2018-02-04,834.6820068359375,-0.14406016303912625
2018-02-05,697.9509887695312,-0.17890193854553665
2018-02-06,793.1220092773438,0.12782818401833046
2018-02-07,757.0679931640625,-0.046523999009708265
2018-02-08,817.8070068359375,0.07717330715965875
2018-02-09,883.864990234375,0.07767794919184422
2018-02-10,860.4149780273438,-0.02688951953855484
2018-02-11,814.6599731445312,-0.054643990137486075
2018-02-12,868.7069702148438,0.0642350496457784
2018-02-13,845.2579956054688,-0.02736396396477533
2018-02-14,923.5609741210938,0.08859492149652262
2018-02-15,936.9760131835938,0.014420859824017617
2018-02-16,944.2100219726562,0.007690939983400131
2018-02-17,974.114990234375,0.031180734159380462
2018-02-18,923.9210205078125,-0.052902764115374874
2018-02-19,943.864990234375,0.021356544750278275
2018-02-20,895.3709716796875,-0.05274501120480264
2018-02-21,849.9710083007812,-0.05203588487177212
2018-02-22,812.844970703125,-0.044661837598723594
2018-02-23,864.1890258789062,0.061251121405131996
2018-02-24,840.5150146484375,-0.02777670819036704
2018-02-25,844.8099975585938,0.0050969304759804854
2018-02-26,869.3150024414062,0.028593800894165813
2018-02-27,878.2650146484375,0.0102428390907912
2018-02-28,855.198974609375,-0.02661422639491456
2018-03-01,872.2000122070312,0.01968460870103962
2018-03-02,856.85302734375,-0.01775236219554125
2018-03-03,857.2249755859375,0.00043399220734377297
2018-03-04,866.677978515625,0.010967087973551266
2018-03-05,853.6840209960938,-0.01510636090120013
2018-03-06,816.9509887695312,-0.04398202269410346
2018-03-07,752.8309936523438,-0.08173834520662224
2018-03-08,704.5960083007812,-0.06621615789568791
2018-03-09,728.916015625,0.03393391977600025
2018-03-10,686.8900146484375,-0.0593843361883294
2018-03-11,723.3389892578125,0.05170379280650143
2018-03-12,699.8309936523438,-0.03303910883312072
2018-03-13,690.8270263671875,-0.012949399458144831
2018-03-14,614.291015625,-0.11742068611868112
2018-03-15,611.3040161132812,-0.004874375872141853
2018-03-16,601.666015625,-0.015891906769594708
2018-03-17,552.7789916992188,-0.08474423174172407
2018-03-18,538.6439819335938,-0.025903431513727093
2018-03-19,556.7260131835938,0.03301838479052139
2018-03-20,557.1749877929688,0.0008061302275428419
2018-03-21,561.7319946289062,0.008145506469574817
2018-03-22,539.7020263671875,-0.04000767403148596
2018-03-23,539.6190185546875,-0.0001538148691795059
2018-03-24,526.4390258789062,-0.024727854795070878
2018-03-25,524.2869873046875,-0.004096294479087085
2018-03-26,489.95098876953125,-0.06773385690921604
2018-03-27,450.1159973144531,-0.08480004182590598
2018-03-28,446.27899169921875,-0.008561022980050079
2018-03-29,385.9679870605469,-0.14518986742754264
2018-03-30,394.6449890136719,0.022232167832474066
2018-03-31,396.4570007324219,0.004580989331491616
2018-04-01,379.60699462890625,-0.04343109523288464
2018-04-02,386.42498779296875,0.017801275568424854
2018-04-03,416.89300537109375,0.07589183858341875
2018-04-04,380.5429992675781,-0.09123042884171902
2018-04-05,383.23199462890625,0.007041357711370374
2018-04-06,370.2850036621094,-0.034367546609179206
2018-04-07,385.3139953613281,0.039785584963824394
2018-04-08,400.50799560546875,0.038675156111288404
2018-04-09,398.5260009765625,-0.004960987147865174
2018-04-10,414.2430114746094,0.03868004263577064
2018-04-11,430.5400085449219,0.038587468757648846
2018-04-12,492.9410095214844,0.1353492561270013
2018-04-13,492.7349853515625,-0.0004180362999480971
2018-04-14,501.4779968261719,0.017588257275639736
2018-04-15,531.7020263671875,0.05852349989705079
2018-04-16,511.1470031738281,-0.03942600533665809
2018-04-17,502.8940124511719,-0.016277789211940966
2018-04-18,524.7890014648438,0.042616842771222005
2018-04-19,567.8889770507812,0.0789296568413616
2018-04-20,615.718017578125,0.08086315837885374
2018-04-21,605.39501953125,-0.016907925242676057
2018-04-22,621.8599853515625,0.026833793649897072
2018-04-23,642.5479736328125,0.03272651765161438
2018-04-24,708.1580200195312,0.09722577979334102
2018-04-25,615.416015625,-0.14036877361873615
2018-04-26,662.8090209960938,0.07418840860513809
2018-04-27,647.031982421875,-0.024091170742194634
2018-04-28,683.677978515625,0.05509128996929252
2018-04-29,688.8809814453125,0.007581499962411188
2018-04-30,669.9240112304688,-0.027904225204962222
2018-05-01,673.6129760742188,0.005491436631717084
2018-05-02,687.1489868164062,0.019895408016830023
2018-05-03,779.5430297851562,0.12615675422370723
2018-05-04,785.6240234375,0.007770447553508005
2018-05-05,816.1199951171875,0.03808306068783099
2018-05-06,792.3109741210938,-0.029607438150392355
2018-05-07,753.7249755859375,-0.04992641123791619
2018-05-08,752.8569946289062,-0.0011522520118055913
2018-05-09,752.2750244140625,-0.000773314548468718
2018-05-10,727.2769775390625,-0.03379458908126917
2018-05-11,679.5859985351562,-0.06782360488579307
2018-05-12,686.0479736328125,0.009463770613132359
2018-05-13,733.4959716796875,0.06687454796198007
2018-05-14,730.5490112304688,-0.004025783993958969
2018-05-15,708.8709716796875,-0.030122798034902535
2018-05-16,707.0499877929688,-0.0025721561341447
2018-05-17,672.656982421875,-0.04986585214326335
2018-05-18,694.3670043945312,0.031765130158454634
2018-05-19,696.530029296875,0.0031102613545906537
2018-05-20,715.3690185546875,0.02668761256298216
2018-05-21,699.2219848632812,-0.022830252692537883
2018-05-22,647.7410278320312,-0.07647729866506857
2018-05-23,583.5850219726562,-0.10430081663070986
2018-05-24,601.7550048828125,0.030660242407912815
2018-05-25,586.7340087890625,-0.025278813356298172
2018-05-26,587.280029296875,0.0009301772031143205
2018-05-27,572.6680297851562,-0.025195563514928472
2018-05-28,516.0360107421875,-0.10412964286676944
2018-05-29,565.3880004882812,0.09133567067907782
2018-05-30,559.5900268554688,-0.010307801269696066
2018-05-31,577.64501953125,0.03175510622710341
2018-06-01,580.0430297851562,0.004142763130314408
2018-06-02,591.8079833984375,0.02007993982956687
2018-06-03,618.3289794921875,0.043838415193214
2018-06-04,592.9849853515625,-0.041851566230803175
2018-06-05,609.302978515625,0.027146566799359163
2018-06-06,607.1240234375,-0.003582553503241214
2018-06-07,605.18701171875,-0.0031955716163963974
2018-06-08,601.0770263671875,-0.006814430549556867
2018-06-09,597.56201171875,-0.00586502627177967
2018-06-10,526.47900390625,-0.12664661156544194
2018-06-11,533.2839965820312,0.012842656713840769
2018-06-12,496.8429870605469,-0.07078005409649209
2018-06-13,477.4939880371094,-0.03972248543227401
2018-06-14,519.7420043945312,0.08478097371616508
2018-06-15,491.0039978027344,-0.056880273133686855
2018-06-16,499.6419982910156,0.017439568625552602
2018-06-17,500.447998046875,0.0016118547996976673
2018-06-18,518.8909912109375,0.03619013155171177
2018-06-19,537.9569702148438,0.03608475104706731
2018-06-20,536.2680053710938,-0.003144529821688605
2018-06-21,527.3670043945312,-0.016737336937170093
2018-06-22,465.8169860839844,-0.12410388593076904
2018-06-23,474.5199890136719,0.018510920380190924
2018-06-24,457.6719970703125,-0.03615097969580304
2018-06-25,460.30999755859375,0.005747406300771606
2018-06-26,432.7720031738281,-0.061689132481427
2018-06-27,442.364990234375,0.02192427331452266
2018-06-28,422.364990234375,-0.046265465089251986
2018-06-29,436.0090026855469,0.031793045507999364
2018-06-30,455.17999267578125,0.04303003752774298
2018-07-01,453.9179992675781,-0.002776365650412225
2018-07-02,475.34698486328125,0.0461284684279126
2018-07-03,464.19500732421875,-0.02374029346110142
2018-07-04,467.3179931640625,0.006705215147746747
2018-07-05,474.4119873046875,0.015066162224017167
2018-07-06,474.0119934082031,-0.000843491789187592
2018-07-07,491.6600036621094,0.036554804216383095
2018-07-08,489.1189880371094,-0.0051816389459702974
2018-07-09,476.6820068359375,-0.025756172953033184
2018-07-10,434.42401123046875,-0.09282857467754221
2018-07-11,446.51800537109375,0.027458683518895265
2018-07-12,430.0740051269531,-0.03752242625700332
2018-07-13,434.0270080566406,0.009149463883766123
2018-07-14,436.08599853515625,0.004732705536194781
2018-07-15,449.8500061035156,0.0310747391854039
2018-07-16,480.6579895019531,0.06624176922904769
2018-07-17,501.00201416015625,0.04145414469647052
2018-07-18,480.51300048828125,-0.0417558371451222
2018-07-19,469.6189880371094,-0.02293258202369045
2018-07-20,450.697998046875,-0.04112421437612501
2018-07-21,462.4360046386719,0.02571069121828053
2018-07-22,459.6570129394531,-0.006027591707268803
2018-07-23,450.8529968261719,-0.01933925034062528
2018-07-24,479.37298583984375,0.061337633492833846
2018-07-25,472.4930114746094,-0.014456014180329648
2018-07-26,464.0369873046875,-0.01805869322650451
2018-07-27,469.6659851074219,0.012057509006291883
2018-07-28,466.89801025390625,-0.005910931717290106
2018-07-29,466.6650085449219,-0.0004991665460832445
2018-07-30,457.08099365234375,-0.02075106962133827
2018-07-31,433.86700439453125,-0.05212255853920245
2018-08-01,420.74700927734375,-0.030706320679947455
2018-08-02,412.6210021972656,-0.01950222355101457
2018-08-03,418.2619934082031,0.013578513250281333
2018-08-04,407.25201416015625,-0.026675821441240248
2018-08-05,410.5159912109375,0.00798269035216093
2018-08-06,406.6579895019531,-0.009442372039332597
2018-08-07,380.2149963378906,-0.06723563897735169
2018-08-08,356.6130065917969,-0.06408569390267954
2018-08-09,365.5880126953125,0.024855872348701825
2018-08-10,334.1759948730469,-0.0898392660548773
2018-08-11,322.11199951171875,-0.03676847531704271
2018-08-12,319.57000732421875,-0.007922944566902032
2018-08-13,286.4949951171875,-0.10925529811886639
2018-08-14,278.9320068359375,-0.02675301792831001
2018-08-15,282.364013671875,0.012229018134823305
2018-08-16,288.0459899902344,0.019923087694586
2018-08-17,315.72900390625,0.09176410822409498
2018-08-18,295.81201171875,-0.06516010605675336
2018-08-19,300.8340148925781,0.016834510086563774
2018-08-20,274.31500244140625,-0.09228157710699923
2018-08-21,281.9440002441406,0.027431380523562452
2018-08-22,271.34100341796875,-0.03833212546373336
2018-08-23,277.10400390625,0.02101655602329364
2018-08-24,282.9670104980469,0.020937419086688194
2018-08-25,279.64599609375,-0.011805816567099997
2018-08-26,275.1969909667969,-0.01603733159048628
2018-08-27,285.6029968261719,0.03711555148673223
2018-08-28,296.4989929199219,0.037441098372668784
2018-08-29,289.31201171875,-0.02453809081134932
2018-08-30,284.1050109863281,-0.018161804248485593
2018-08-31,283.0039978027344,-0.0038829027571599746
2018-09-01,295.34100341796875,0.04266960848604727
2018-09-02,294.3710021972656,-0.0032897485087026337
2018-09-03,289.2590026855469,-0.017518394205814566
2018-09-04,285.7229919433594,-0.0122997080021474
2018-09-05,232.33099365234375,-0.20685973014550266
2018-09-06,230.21499633789062,-0.009149412691399001
2018-09-07,217.2030029296875,-0.058181225380033896
2018-09-08,197.9510040283203,-0.0928128679371154
2018-09-09,196.9239959716797,-0.005201698625353381
2018-09-10,197.07899475097656,0.000786789902322382
2018-09-11,185.0659942626953,-0.06289214973606627
2018-09-12,183.33099365234375,-0.009419259630456542
2018-09-13,211.35400390625,0.14224124368727617
2018-09-14,211.74899291992188,0.0018671062667101883
2018-09-15,223.07400512695312,0.05210200042744342
2018-09-16,220.58900451660156,-0.011202315918008644
2018-09-17,197.875,-0.10866574384291117
2018-09-18,209.97500610351562,0.059352986878334804
2018-09-19,209.968994140625,-2.8632212330833976e-05
2018-09-20,224.59100341796875,0.06732111261516943
2018-09-21,246.58399963378906,0.09342171925715496
2018-09-22,240.47999572753906,-0.02506579650122799
2018-09-23,244.3300018310547,0.01588286981658939
2018-09-24,228.72999572753906,-0.06597752809465578
2018-09-25,218.5050048828125,-0.045733330044733
2018-09-26,215.8470001220703,-0.012239095985688522
2018-09-27,228.49400329589844,0.05694014227847071
2018-09-28,222.40199279785156,-0.02702344344998183
2018-09-29,231.63499450683594,0.04067631043316364
2018-09-30,232.84800720214844,0.0052230779102151615
2018-10-01,230.76800537109375,-0.008973010985638352
2018-10-02,227.18099975585938,-0.015665844601149913
2018-10-03,220.48899841308594,-0.029899255690909548
2018-10-04,222.21800231933594,0.007811092638612342
2018-10-05,227.6009979248047,0.023935194335373996
2018-10-06,225.1199951171875,-0.010960515121686927
2018-10-07,226.11900329589844,0.004427852266431879
2018-10-08,229.2550048828125,0.013773518505470778
2018-10-09,227.98199462890625,-0.00556828753793708
2018-10-10,225.7689971923828,-0.009754314692389073
2018-10-11,189.49899291992188,-0.17512863011621937
2018-10-12,196.7270050048828,0.0374332961845509
2018-10-13,199.84100341796875,0.015705061185225258
2018-10-14,195.71499633789062,-0.020862566787596723
2018-10-15,209.70399475097656,0.06903748688038608
2018-10-16,210.1199951171875,0.001981785283371043
2018-10-17,207.08299255371094,-0.014559129722059461
2018-10-18,203.3520050048828,-0.01818115094930135
2018-10-19,203.7270050048828,0.0018423947039989666
2018-10-20,205.42999267578125,0.008324420771117641
2018-10-21,205.14199829101562,-0.0014028937108992781
2018-10-22,204.04400634765625,-0.005366725969370564
2018-10-23,204.33599853515625,0.0014300026140695468
2018-10-24,203.8520050048828,-0.0023714256807836655
2018-10-25,202.718994140625,-0.005573510159979367
2018-10-26,203.32899475097656,0.0030045762369807364
2018-10-27,204.2100067138672,0.004323578023913883
2018-10-28,205.36599731445312,0.005644831038763932
2018-10-29,197.2469940185547,-0.04033701988379998
2018-10-30,197.55599975585938,0.0015653670578778401
2018-10-31,197.38099670410156,-0.0008862328157682875
2018-11-01,198.8719940185547,0.007525517212706533
2018-11-02,200.63499450683594,0.008825937884946199
2018-11-03,200.18600463867188,-0.0022403519621869224
2018-11-04,207.48599243164062,0.03581687350077927
2018-11-05,209.09100341796875,0.0077057492096272075
2018-11-06,218.45199584960938,0.04379671152139118
2018-11-07,217.18299865722656,-0.005825981832257182
2018-11-08,212.2310028076172,-0.023064992602608476
2018-11-09,210.07400512695312,-0.010215443330984583
2018-11-10,212.5330047607422,0.011637418821523724
2018-11-11,211.33999633789062,-0.005629099140411192
2018-11-12,210.41799926757812,-0.00437216863058589
2018-11-13,206.8260040283203,-0.01721814550739848
2018-11-14,181.39700317382812,-0.13118986254347306
2018-11-15,180.80599975585938,-0.0032633851055248095
2018-11-16,175.177001953125,-0.03162772940272175
2018-11-17,174.00100708007812,-0.006735815480813416
2018-11-18,177.06700134277344,0.017467112591562424
2018-11-19,149.1750030517578,-0.17140806574016887
2018-11-20,130.33900451660156,-0.13498135058001587
2018-11-21,136.7010040283203,0.04765730517451414
2018-11-22,126.70600128173828,-0.07592663617957364
2018-11-23,123.2959976196289,-0.02728150314304198
2018-11-24,113.49400329589844,-0.0828379480092959
2018-11-25,116.44999694824219,0.025711968995455223
2018-11-26,108.33499908447266,-0.07223370041597744
2018-11-27,110.01000213623047,0.015343020462077034
2018-11-28,122.43800354003906,0.10703351815565826
2018-11-29,117.54264831542969,-0.040803576210302714
2018-11-30,113.17141723632812,-0.03789759614138935
2018-12-01,118.63555908203125,0.047152629277577685
2018-12-02,116.38890075683594,-0.019119088823290102
2018-12-03,108.92501831054688,-0.0662774363222827
2018-12-04,110.21418762207031,0.011765892628059271
2018-12-05,102.47555541992188,-0.07280134630526414
2018-12-06,91.76105499267578,-0.11043631636893832
2018-12-07,93.29456329345703,0.016573864857377177
2018-12-08,92.15963745117188,-0.012239571883772801
2018-12-09,95.14205932617188,0.03184887295597363
2018-12-10,91.68565368652344,-0.03700521731377974
2018-12-11,88.94530487060547,-0.0303442898735035
2018-12-12,90.59329986572266,0.01835862859533492
2018-12-13,86.53931427001953,-0.04578144648198553
2018-12-14,84.30829620361328,-0.026118537895495297
2018-12-15,84.44081115722656,0.0015705562290043078
2018-12-16,85.26210021972656,0.009679214903844397
2018-12-17,95.13382720947266,0.10955456361848369
2018-12-18,101.11245727539062,0.060948728027539166
2018-12-19,101.2685775756836,0.00154283558611265
2018-12-20,116.21687316894531,0.13768187048569946
2018-12-21,109.49623107910156,-0.059567912575256454
2018-12-22,116.7594985961914,0.06422612236995197
2018-12-23,130.7652587890625,0.11328754649026802
2018-12-24,140.23800659179688,0.06993722809376082
2018-12-25,129.84434509277344,-0.07700463862461439
2018-12-26,131.86563110351562,0.015447070317166354
2018-12-27,116.57591247558594,-0.12324078790865793
2018-12-28,137.6470184326172,0.1661499008241019
2018-12-29,138.01834106445312,0.002694011732865948
2018-12-30,139.8594512939453,0.013251416425707718
2018-12-31,133.36825561523438,-0.0475238577559797
2019-01-01,140.8194122314453,0.054364163922753124
2019-01-02,155.0476837158203,0.09625440130240162
2019-01-03,149.135009765625,-0.03888070499602083
2019-01-04,154.58193969726562,0.03587230828845264
2019-01-05,155.6385955810547,0.006812314789194003
2019-01-06,157.74620056152344,0.013450791376217247
2019-01-07,151.69921875,-0.03908767956864358
2019-01-08,150.35963439941406,-0.008869749182799697
2019-01-09,150.80311584472656,0.002945130269320766
2019-01-10,128.62518310546875,-0.15907249974701015
2019-01-11,127.54832458496094,-0.008407308571134387
2019-01-12,125.9665298461914,-0.012479073619950824
2019-01-13,116.8978042602539,-0.07471615028126666
2019-01-14,129.0687255859375,0.09904493373611378
2019-01-15,122.03271484375,-0.056055855734214656
2019-01-16,123.54706573486328,0.012333019292702115
2019-01-17,123.7419204711914,0.0015759276597410881
2019-01-18,121.01026153564453,-0.022322762115070918
2019-01-19,124.5190200805664,0.028583127887191112
2019-01-20,119.4748306274414,-0.04135274914475369
2019-01-21,117.15785217285156,-0.01958353745857087
2019-01-22,118.74755096435547,0.013477629879542844
2019-01-23,117.45260620117188,-0.010964918507288294
2019-01-24,117.36288452148438,-0.0007641888001316967
2019-01-25,116.37834167480469,-0.008424262037951873
2019-01-26,116.48873901367188,0.0009481576082923955
2019-01-27,113.40528869628906,-0.02682657976737662
2019-01-28,106.58997344970703,-0.06197857812658318
2019-01-29,105.59821319580078,-0.009347998978288667
2019-01-30,108.90753936767578,0.03085780893419905
2019-01-31,107.0610122680664,-0.017100379501093596
2019-02-01,107.60978698730469,0.005112720654616807
2019-02-02,110.43025970458984,0.025872587091437263
2019-02-03,107.49266815185547,-0.026961545810639594
2019-02-04,107.82160186767578,0.003055384779501755
2019-02-05,107.44351959228516,-0.003512716427027236
2019-02-06,104.9192886352539,-0.02377393544811335
2019-02-07,104.5353012084961,-0.003666549940251104
2019-02-08,119.26774597167969,0.13184610690924448
2019-02-09,119.4308853149414,0.0013669066117692572
2019-02-10,124.80648803710938,0.04402660357252224
2019-02-11,121.29839324951172,-0.02851087228670333
2019-02-12,122.5722885131836,0.010447396475702446
2019-02-13,122.55360412597656,-0.0001524472754963132
2019-02-14,121.39020538330078,-0.009538324136759825
2019-02-15,122.10038757324219,0.005833360502042836
2019-02-16,123.26021575927734,0.009454140633264664
2019-02-17,133.598876953125,0.0805441590548175
2019-02-18,146.09837341308594,0.08943833028628886
2019-02-19,145.34619140625,-0.005161761567813907
2019-02-20,149.55433654785156,0.028541358220280418
2019-02-21,146.13084411621094,-0.023157369022162172
2019-02-22,149.0924530029297,0.02006419052938678
2019-02-23,158.79542541503906,0.0630501377143074
2019-02-24,135.8526611328125,-0.1560458167492375
2019-02-25,139.82286071777344,0.028805416439856523
2019-02-26,138.0896759033203,-0.0124730413801466
2019-02-27,136.12596130371094,-0.014322656351396455
2019-02-28,136.74624633789062,0.004546348695196616
2019-03-01,136.44361877441406,-0.0022155118173160567
2019-03-02,134.2069549560547,-0.016528431524356513
2019-03-03,132.24942016601562,-0.014693362149774666
2019-03-04,127.77412414550781,-0.034425636382425226
2019-03-05,137.8223876953125,0.07570176054800122
2019-03-06,138.7893524169922,0.006991522920652242
2019-03-07,138.0345001220703,-0.005453678640313425
2019-03-08,135.1270751953125,-0.021288021358180524
2019-03-09,137.96533203125,0.02078680299345388
2019-03-10,136.75868225097656,-0.00878450719304639
2019-03-11,133.8340301513672,-0.02161747792336851
2019-03-12,134.44288635253906,0.004539020758450401
2019-03-13,133.26307678222656,-0.008814276640802787
2019-03-14,133.7115936279297,0.0033599986618827434
2019-03-15,137.69178771972656,0.029332570933804966
2019-03-16,142.39817810058594,0.03360943962961802
2019-03-17,140.00054931640625,-0.01698085836834739
2019-03-18,139.37460327148438,-0.0044810505625141155
2019-03-19,140.51919555664062,0.008178806892932216
2019-03-20,140.6863555908203,0.0011888816076838374
2019-03-21,136.6360626220703,-0.02921207030823411
2019-03-22,137.1814422607422,0.003983531732952017
2019-03-23,138.2398681640625,0.007685905727931749
2019-03-24,136.98692321777344,-0.009104881073740124
2019-03-25,135.03102111816406,-0.014380932205103378
2019-03-26,135.46035766601562,0.00317449606218045
2019-03-27,140.9881591796875,0.03999687523852866
2019-03-28,139.41647338867188,-0.011210244538472568
2019-03-29,142.49742126464844,0.021858238292164045
2019-03-30,142.09268188476562,-0.002844369134978543
2019-03-31,141.51409912109375,-0.004080181470280903
2019-04-01,141.830322265625,0.0022320769491301533
2019-04-02,163.9617462158203,0.14500171633408496
2019-04-03,161.45880126953125,-0.01538313621370144
2019-04-04,158.0525360107422,-0.021322525464717752
2019-04-05,165.5148468017578,0.04613341540940877
2019-04-06,165.94720458984375,0.0026087935646482243
2019-04-07,174.53164672851562,0.05043638867963945
2019-04-08,180.25881958007812,0.03228762286744608
2019-04-09,176.1145782470703,-0.023258908688500137
2019-04-10,177.3374786376953,0.0069197801880923095
2019-04-11,165.4970245361328,-0.06910136015494144
2019-04-12,164.736328125,-0.004607031666957488
2019-04-13,164.5133514404297,-0.0013544536714691
2019-04-14,167.83851623535156,0.020010573573662066
2019-04-15,161.5741729736328,-0.038037991650510056
2019-04-16,167.62344360351562,0.036755743961937246
2019-04-17,166.9507598876953,-0.004021138600747764
2019-04-18,173.81402587890625,0.0402869928668733
2019-04-19,173.70843505859375,-0.0006076776924114132
2019-04-20,173.7512664794922,0.0002465403667002203
2019-04-21,170.04652404785156,-0.02155270303000347
2019-04-22,171.87466430664062,0.01069344481499323
2019-04-23,171.4477996826172,-0.0024866700478856814
2019-04-24,165.8260955810547,-0.033339223005322965
2019-04-25,154.4593963623047,-0.07100836715913096
2019-04-26,156.3470916748047,0.012147227272884463
2019-04-27,158.4349365234375,0.013265531566407671
2019-04-28,157.29507446289062,-0.007220517360957363
2019-04-29,155.20199584960938,-0.013396029037762243
2019-04-30,162.16603088378906,0.04389322487592868
2019-05-01,160.81834411621094,-0.008345261835194847
2019-05-02,162.12278747558594,0.008078564952593681
2019-05-03,167.95240783691406,0.03532665706948181
2019-05-04,164.02658081054688,-0.02365215978092019
2019-05-05,163.45069885253906,-0.0035170840079819564
2019-05-06,172.65321350097656,0.05477362767283615
2019-05-07,169.7986602783203,-0.016671652620897717
2019-05-08,170.9481658935547,0.006747003273955023
2019-05-09,170.289306640625,-0.0038615927305600717
2019-05-10,173.1427459716797,0.016617581104580517
2019-05-11,194.30433654785156,0.11530929946414337
2019-05-12,187.3253173828125,-0.03657890442151652
2019-05-13,196.84628295898438,0.04957636406673375
2019-05-14,217.14857482910156,0.09815866128280881
2019-05-15,247.15306091308594,0.12942602862763897
2019-05-16,264.010009765625,0.06597919369062284
2019-05-17,243.76458740234375,-0.07978406436593767
2019-05-18,234.59523010253906,-0.038341349871537735
2019-05-19,261.2922058105469,0.10777773960355282
2019-05-20,251.86441040039062,-0.03674845483075086
2019-05-21,255.21588134765625,0.013218891778740723
2019-05-22,244.69891357421875,-0.042081249909178525
2019-05-23,245.96566772460938,0.005163433486280897
2019-05-24,249.4849853515625,0.01420677033151081
2019-05-25,251.75987243652344,0.00907701164009792
2019-05-26,267.06964111328125,0.059033706460942026
2019-05-27,272.8626403808594,0.021459067244938273
2019-05-28,271.7687072753906,-0.004017156123282436
2019-05-29,269.4556884765625,-0.008547408058636635
2019-05-30,255.85894775390625,-0.051777648298095044
2019-05-31,268.1135559082031,0.04678429954887608
2019-06-01,265.3912658691406,-0.010205394797295481
2019-06-02,270.22552490234375,0.018051675717775627
2019-06-03,252.60792541503906,-0.0674183029837709
2019-06-04,241.3387908935547,-0.04563686711892194
2019-06-05,247.05101013183594,0.023393116396565675
2019-06-06,249.47433471679688,0.009761208975581312
2019-06-07,250.93035888671875,0.005819402965670356
2019-06-08,245.73809814453125,-0.02090911888960156
2019-06-09,233.08670043945312,-0.052855837867735546
2019-06-10,247.52012634277344,0.06008140801702872
2019-06-11,245.78182983398438,-0.0070476254228265915
2019-06-12,260.9032897949219,0.05970552963621677
2019-06-13,256.1687927246094,-0.018313227686009185
2019-06-14,264.08746337890625,0.03044377516942837
2019-06-15,269.0193176269531,0.01850284080699039
2019-06-16,269.22320556640625,0.000757606247813896
2019-06-17,274.3511047363281,0.018867894226794885
2019-06-18,265.0518493652344,-0.03448322540792721
2019-06-19,269.4317932128906,0.016389807079000906
2019-06-20,271.69500732421875,0.008364868661779268
2019-06-21,294.9102783203125,0.08199102822191005
2019-06-22,309.38031005859375,0.04790012820901328
2019-06-23,307.8277893066406,-0.005030796024654472
2019-06-24,310.4246826171875,0.008400802911794134
2019-06-25,318.1263122558594,0.024507208377026787
2019-06-26,336.753173828125,0.05690172785983892
2019-06-27,294.26763916015625,-0.13486054961297939
2019-06-28,311.2261047363281,0.05602998238788419
2019-06-29,320.05889892578125,0.027985365099706897
2019-06-30,290.69598388671875,-0.09622704584979991
2019-07-01,293.64111328125,0.010080326398503488
2019-07-02,291.596435546875,-0.0069875422650932
2019-07-03,303.0999755859375,0.03869192723223078
2019-07-04,284.5232238769531,-0.0632478227821197
2019-07-05,287.9975280761719,0.01213701629650921
2019-07-06,287.547119140625,-0.0015651575587501843
2019-07-07,305.7005615234375,0.06121932626833006
2019-07-08,313.25140380859375,0.024400009458355732
2019-07-09,308.8810119628906,-0.014049947014450477
2019-07-10,290.0023193359375,-0.06306720752508123
2019-07-11,268.70404052734375,-0.07627836783229187
2019-07-12,276.2767028808594,0.027792357346276286
2019-07-13,269.45880126953125,-0.02498740249460189
2019-07-14,227.57806396484375,-0.16892218983852428
2019-07-15,229.7760009765625,0.009611607728800348
2019-07-16,199.1886749267578,-0.14285243481132873
2019-07-17,211.48497009277344,0.0599014418130709
2019-07-18,226.566162109375,0.06888307614139648
2019-07-19,221.3334197998047,-0.023366757241448596
2019-07-20,229.1192169189453,0.03457221451947454
2019-07-21,225.63076782226562,-0.01534257347389857
2019-07-22,217.5600128173828,-0.03642515904659033
2019-07-23,212.728515625,-0.022457955251069656
2019-07-24,217.04637145996094,0.02009424585722805
2019-07-25,219.6179962158203,0.011778632183465863
2019-07-26,219.62960815429688,5.287194904980223e-05
2019-07-27,207.40830993652344,-0.057253166018565504
2019-07-28,211.18655395507812,0.018052522630869178
2019-07-29,211.26805114746094,0.00038582698547711005
2019-07-30,210.52259826660156,-0.0035347092594205046
2019-07-31,218.65414428710938,0.03789822911044429
2019-08-01,217.80844116210938,-0.0038752654251194684
2019-08-02,217.87156677246094,0.00028977969906197854
2019-08-03,222.49034118652344,0.020977944335965858
2019-08-04,222.6697235107422,0.0008059228495708961
2019-08-05,234.21502685546875,0.050549998480659386
2019-08-06,226.02064514160156,-0.03561326631242959
2019-08-07,226.39100646972656,0.001637276182170356
2019-08-08,220.94186401367188,-0.024364013316298012
2019-08-09,210.48890686035156,-0.0484666554169721
2019-08-10,206.73353576660156,-0.01800225553538735
2019-08-11,216.09286499023438,0.04427754860316591
2019-08-12,211.28807067871094,-0.022485779569994972
2019-08-13,208.70904541015625,-0.012281311399561878
2019-08-14,186.6077423095703,-0.11193237580201865
2019-08-15,188.50205993652344,0.01010015584427907
2019-08-16,185.44007873535156,-0.016377130695553334
2019-08-17,185.68768310546875,0.0013343351390707498
2019-08-18,194.4935302734375,0.04633275981253049
2019-08-19,203.09193420410156,0.04325985524666077
2019-08-20,196.56541442871094,-0.03266348060912643
2019-08-21,186.89163208007812,-0.05046633248515808
2019-08-22,191.33291625976562,0.023485986540075846
2019-08-23,194.70620727539062,0.0174768652774222
2019-08-24,191.28956604003906,-0.017703460534718673
2019-08-25,186.84239196777344,-0.023522894787524715
2019-08-26,188.92938232421875,0.01110786896593925
2019-08-27,187.51666259765625,-0.007505598093679164
2019-08-28,173.8899688720703,-0.07544497226486382
2019-08-29,169.51673889160156,-0.02547105991732591
2019-08-30,168.83486938476562,-0.004030543453929894
2019-08-31,172.46978759765625,0.021300943757045283
2019-09-01,171.62942504882812,-0.004884429773150388
2019-09-02,178.34735107421875,0.03839541229596369
2019-09-03,179.49932861328125,0.006438408312106837
2019-09-04,175.99288940429688,-0.01972787449530132
2019-09-05,174.21713256835938,-0.01014118353711417
2019-09-06,169.9561767578125,-0.02476178953220213
2019-09-07,178.2626190185547,0.04771723068087981
2019-09-08,181.35552978515625,0.017201506878535666
2019-09-09,181.1494598388672,-0.001136922108022962
2019-09-10,179.78717041015625,-0.007548670782708515
2019-09-11,178.72549438476562,-0.005922686884557035
2019-09-12,181.01609802246094,0.01273488883670313
2019-09-13,181.10972595214844,0.0005171016568008043
2019-09-14,188.1055145263672,0.03789998455179448
2019-09-15,189.78912353515625,0.008910526790948198
2019-09-16,197.11317443847656,0.03786447365635071
2019-09-17,208.60874938964844,0.056682431752392105
2019-09-18,211.39303588867188,0.013258645007533643
2019-09-19,221.28085327148438,0.045713593903046905
2019-09-20,218.050048828125,-0.014708105760821124
2019-09-21,215.51620483398438,-0.011688515057520233
2019-09-22,211.54537963867188,-0.018596566751321413
2019-09-23,201.9213104248047,-0.046561467257248954
2019-09-24,168.11073303222656,-0.1832551816860456
2019-09-25,170.8927001953125,0.016412987846614817
2019-09-26,166.7271270751953,-0.024677368891229238
2019-09-27,174.71099853515625,0.046774665433546365
2019-09-28,174.57289123535156,-0.0007908026167067971
2019-09-29,170.50347900390625,-0.02358666800931311
2019-09-30,179.87220764160156,0.053490939973956854
2019-10-01,177.34042358398438,-0.014175458713643086
2019-10-02,180.71051025390625,0.018825177521747043
2019-10-03,175.1993408203125,-0.030971943958377022
2019-10-04,176.98500061035156,0.010140570614523968
2019-10-05,176.3515167236328,-0.003585729379163095
2019-10-06,173.05914306640625,-0.018845853779138947
2019-10-07,181.18634033203125,0.04589260277596599
2019-10-08,182.0215606689453,0.004599138988068942
2019-10-09,193.2932586669922,0.06008336535504727
2019-10-10,191.65966796875,-0.008487274112476776
2019-10-11,182.56968688964844,-0.048589290408298555
2019-10-12,180.82664489746094,-0.00959313678827614
2019-10-13,182.0751495361328,0.006880702071974843
2019-10-14,186.96090698242188,0.02648003003760474
2019-10-15,181.40606689453125,-0.030161559465075812
2019-10-16,176.0135040283203,-0.030177262436439853
2019-10-17,178.02835083007812,0.011382092407166871
2019-10-18,173.621337890625,-0.02506610314612576
2019-10-19,172.91302490234375,-0.00408798694013855
2019-10-20,175.5343780517578,0.015046188208206282
2019-10-21,174.92098999023438,-0.0035005238544626107
2019-10-22,172.3008575439453,-0.015092265641809648
2019-10-23,162.4027862548828,-0.059162536238935935
2019-10-24,162.16854858398438,-0.0014433665972410942
2019-10-25,181.52320861816406,0.11274729897949086
2019-10-26,179.83547973632812,-0.009341085233206778
2019-10-27,184.24221801757812,0.024208862709284303
2019-10-28,182.66281127929688,-0.00860940225868667
2019-10-29,190.3425750732422,0.04118358343837068
2019-10-30,184.69216918945312,-0.03013498651219995
2019-10-31,183.9669189453125,-0.003934535743671212
2019-11-01,183.9698944091797,1.6173776361797525e-05
2019-11-02,183.92572021484375,-0.00024014526290765318
2019-11-03,182.42501831054688,-0.008192751593194091
2019-11-04,186.35519409179688,0.021315268288079614
2019-11-05,189.30416870117188,0.015700581324965848
2019-11-06,191.59384155273438,0.012022643173340262
2019-11-07,187.97654724121094,-0.019060516479859825
2019-11-08,184.2114715576172,-0.0202328067205393
2019-11-09,185.02871704101562,0.004426640669876716
2019-11-10,189.47727966308594,0.023758080816783947
2019-11-11,185.48963928222656,-0.021270093535684362
2019-11-12,186.84341430664062,0.007271881865040706
2019-11-13,188.2587432861328,0.0075464012538268505
2019-11-14,185.9996337890625,-0.012072605845267452
2019-11-15,180.52117919921875,-0.02989659766192224
2019-11-16,183.34835815429688,0.015539832595956057
2019-11-17,185.11923217773438,0.009612175967251262
2019-11-18,180.55960083007812,-0.024939193962544796
2019-11-19,177.45555114746094,-0.01734076028850665
2019-11-20,175.69834899902344,-0.009951563041062855
2019-11-21,161.4627227783203,-0.08449430113454345
2019-11-22,150.26817321777344,-0.07185277801231771
2019-11-23,153.41778564453125,0.02074330583866265
2019-11-24,142.83470153808594,-0.07147679678260763
2019-11-25,146.47653198242188,0.02517719602524737
2019-11-26,148.96507263183594,0.016846642220963475
2019-11-27,153.01055908203125,0.0267950660193232
2019-11-28,151.7175750732422,-0.008486198833893562
2019-11-29,155.3041534423828,0.023364740650403067
2019-11-30,152.53968811035156,-0.0179606623433838
2019-12-01,151.18572998046875,-0.008915731236824648
2019-12-02,149.0591583251953,-0.014165817968262436
2019-12-03,147.9564208984375,-0.007425485871923782
2019-12-04,146.74774169921875,-0.008202707187182738
2019-12-05,149.24899291992188,0.01690093481664711
2019-12-06,149.19444274902344,-0.000365564559218182
2019-12-07,148.76815795898438,-0.0028613327972497682
2019-12-08,151.2647247314453,0.01664233848046477
2019-12-09,148.2251739501953,-0.02029888262095022
2019-12-10,146.2670440673828,-0.013298543194468106
2019-12-11,143.60800170898438,-0.01834664268420005
2019-12-12,145.60400390625,0.013803257471486554
2019-12-13,144.9447479248047,-0.0045380137320135275
2019-12-14,142.86923217773438,-0.014422869418133921
2019-12-15,143.114990234375,0.001718683045257581
2019-12-16,133.61402893066406,-0.06869317207995979
2019-12-17,122.60388946533203,-0.08599651471728312
2019-12-18,133.09219360351562,0.08208332523038238
2019-12-19,129.32113647460938,-0.02874333216942749
2019-12-20,129.06605529785156,-0.001974411021484844
2019-12-21,128.13095092773438,-0.007271534798612843
2019-12-22,132.3725128173828,0.032567219750779294
2019-12-23,128.6140899658203,-0.02880364475287924
2019-12-24,129.0638885498047,0.0034911717596614925
2019-12-25,126.45463562011719,-0.020423909684539443
2019-12-26,126.36122131347656,-0.0007389909163518419
2019-12-27,127.21460723876953,0.006730839859569822
2019-12-28,128.3227081298828,0.008672767303395773
2019-12-29,134.7579803466797,0.04893218298849769
2019-12-30,132.63348388671875,-0.015890867513610255
2019-12-31,129.61085510253906,-0.023053024955973434
2020-01-01,130.802001953125,0.009148205440124716
2020-01-02,127.4101791381836,-0.026273105367865448
2020-01-03,134.1717071533203,0.0517087373393089
2020-01-04,135.06936645507812,0.006668095738992252
2020-01-05,136.2767791748047,0.008899486564836377
2020-01-06,144.3041534423828,0.0572352901168186
2020-01-07,143.5439910888672,-0.005281702419175781
2020-01-08,141.2581329345703,-0.01605259966408529
2020-01-09,138.9792022705078,-0.016264648684096536
2020-01-10,143.96377563476562,0.03523741185532095
2020-01-11,142.92710876464844,-0.0072269384526348944
2020-01-12,145.87393188476562,0.02040799706778301
2020-01-13,144.22659301757812,-0.01135714300755629
2020-01-14,165.95535278320312,0.140333167597574
2020-01-15,166.23068237304688,0.0016576834890892594
2020-01-16,164.39100646972656,-0.011128700578588896
2020-01-17,170.7799530029297,0.038128127334989784
2020-01-18,175.3656768798828,0.026497472665268106
2020-01-19,166.9698486328125,-0.049060126946718775
2020-01-20,167.12051391601562,0.0009019433680608734
2020-01-21,169.69715881347656,0.015300237317380108
2020-01-22,168.29415893554688,-0.00830203536353231
2020-01-23,162.92855834960938,-0.03240158193424723
2020-01-24,163.05117797851562,0.000752314460222342
2020-01-25,161.283935546875,-0.010897740317509516
2020-01-26,168.0771026611328,0.041256431994357676
2020-01-27,170.93089294433594,0.016836521457737987
2020-01-28,176.3703155517578,0.03132651023738705
2020-01-29,175.0503387451172,-0.007512267694822812
2020-01-30,184.6904754638672,0.053607735741013796
2020-01-31,180.16017150878906,-0.02483502134203115
2020-02-01,183.6739501953125,0.019315879003064845
2020-02-02,188.61753845214844,0.02655918279483658
2020-02-03,189.8650665283203,0.00659228497002607
2020-02-04,189.25059509277344,-0.0032416069069383033
2020-02-05,204.23023986816406,0.0761759474362565
2020-02-06,212.33908081054688,0.038936450490737365
2020-02-07,222.72605895996094,0.04775814643877427
2020-02-08,223.14651489257812,0.0018859920161188447
2020-02-09,228.5785675048828,0.024051418344536984
2020-02-10,223.522705078125,-0.022366993908404537
2020-02-11,235.8511962890625,0.05368808435246066
2020-02-12,265.4061279296875,0.11806012907983846
2020-02-13,268.0992431640625,0.010096011233999452
2020-02-14,284.2174987792969,0.0583825635503924
2020-02-15,264.72857666015625,-0.0710347237502524
2020-02-16,259.89471435546875,-0.01842845786013275
2020-02-17,266.3634338378906,0.024585064660301338
2020-02-18,281.944580078125,0.05684885820208934
2020-02-19,259.76397705078125,-0.08193708891968116
2020-02-20,257.949462890625,-0.007009752693620848
2020-02-21,265.6006164550781,0.029230053124413624
2020-02-22,262.33172607421875,-0.012383905641450917
2020-02-23,273.754150390625,0.04262060931143293
2020-02-24,265.2164306640625,-0.031684230120700874
2020-02-25,247.81759643554688,-0.06785323482968278
2020-02-26,225.68026733398438,-0.09357372604564448
2020-02-27,226.75338745117188,0.004743776764804114
2020-02-28,226.760498046875,3.135778608374022e-05
2020-02-29,219.8485107421875,-0.030955664183366923
2020-03-01,218.97059631347656,-0.004001264237985343
2020-03-02,230.5697784423828,0.051616085661884886
2020-03-03,224.47962951660156,-0.026768577109831878
2020-03-04,224.51797485351562,0.0001708041942054448
2020-03-05,229.2681884765625,0.0209366768967252
2020-03-06,243.52529907226562,0.0603283877164708
2020-03-07,237.85308837890625,-0.023567627393533592
2020-03-08,200.68905639648438,-0.16989648021634282
2020-03-09,201.986328125,0.006443285417974929
2020-03-10,200.76724243164062,-0.00605377335216361
2020-03-11,194.8685302734375,-0.02982111174872087
2020-03-12,112.34712219238281,-0.5507317438220107
2020-03-13,133.20181274414062,0.17027198356569198
2020-03-14,123.30602264404297,-0.07719611277606094
2020-03-15,125.21430206298828,0.015357431443892263
2020-03-16,110.60587310791016,-0.12405349595189821
2020-03-17,113.9427490234375,0.029722930780405794
2020-03-18,114.84226989746094,0.00786350009620446
2020-03-19,136.59385681152344,0.17345235323174882
2020-03-20,132.73716735839844,-0.028640986312144977
2020-03-21,132.81871032714844,0.0006141304197336162
2020-03-22,123.32115173339844,-0.07419317577290253
2020-03-23,134.91160583496094,0.08982785002610194
2020-03-24,138.76144409179688,0.028136436777129434
2020-03-25,136.19589233398438,-0.018661994980525575
2020-03-26,138.36155700683594,0.01577600312182863
2020-03-27,133.9379425048828,-0.032493660262899925
2020-03-28,130.9864959716797,-0.02228234334258165
2020-03-29,125.58373260498047,-0.04212150553224499
2020-03-30,132.904541015625,0.05665840563109835
2020-03-31,133.59356689453125,0.005170974155345734
2020-04-01,135.63455200195312,0.01516204336601156
2020-04-02,142.02914428710938,0.04606812667845961
2020-04-03,142.09130859375,0.00043759121881078804
2020-04-04,145.21939086914062,0.021775770185510933
2020-04-05,143.54664611816406,-0.011585596968958068
2020-04-06,169.13587951660156,0.164042370243791
2020-04-07,165.10194396972656,-0.024139287324375123
2020-04-08,172.64173889160156,0.04465544846004602
2020-04-09,170.80714416503906,-0.010683465671575998
2020-04-10,158.41244506835938,-0.07533306449905378
2020-04-11,158.2160186767578,-0.001240737579160973
2020-04-12,161.14242553710938,0.018327298528975258
2020-04-13,156.27955627441406,-0.030642173710406548
2020-04-14,157.5963897705078,0.008390838729623255
2020-04-15,153.28689575195312,-0.027725968459907567
2020-04-16,172.15737915039062,0.11609775236710776
2020-04-17,171.63858032226562,-0.003018064684180225
2020-04-18,186.91400146484375,0.08525763702333221
2020-04-19,181.61495971679688,-0.028759785790702912
2020-04-20,172.2971649169922,-0.05266815101230765
2020-04-21,172.73770141601562,0.0025535780954052834
2020-04-22,182.59957885742188,0.055521394638801506
2020-04-23,185.02867126464844,0.013215131087699327
2020-04-24,189.2369384765625,0.02248907975975385
2020-04-25,195.5153045654297,0.03263878794465802
2020-04-26,197.31753540039062,0.009175625335023418
2020-04-27,197.22471618652344,-0.0004705159724022457
2020-04-28,198.41539001464844,0.006018992534536476
2020-04-29,216.96823120117188,0.08938818034765965
2020-04-30,207.60205078125,-0.04412791306299448
2020-05-01,214.21910095214844,0.03137629771866402
2020-05-02,215.32537841796875,0.005150944616688777
2020-05-03,210.9331512451172,-0.020609007565807625
2020-05-04,208.17401123046875,-0.013166942127806835
2020-05-05,206.77439880371094,-0.006745984323549397
2020-05-06,204.0557861328125,-0.013234920187720416
2020-05-07,212.28941345214844,0.03955708358865082
2020-05-08,212.9915771484375,0.0033021195390356968
2020-05-09,211.60012817382812,-0.006554315303106354
2020-05-10,188.5995635986328,-0.1150722494227923
2020-05-11,185.912841796875,-0.014348084898085022
2020-05-12,189.3125,0.018121117387944682
2020-05-13,199.1932830810547,0.050876536321910644
2020-05-14,202.9490966796875,0.01867956721558539
2020-05-15,195.62266540527344,-0.03676756513229646
2020-05-16,200.6771240234375,0.025509641163825612
2020-05-17,207.15869140625,0.031787856352892344
2020-05-18,214.52505493164062,0.03494141304549915
2020-05-19,213.45111083984375,-0.005018720348731263
2020-05-20,210.09674072265625,-0.01583972265668373
2020-05-21,199.88360595703125,-0.049832867826661104
2020-05-22,207.169189453125,0.035800572855102214
2020-05-23,208.69439697265625,0.0073351666648245875
2020-05-24,202.37034606933594,-0.03077155127841189
2020-05-25,205.3197479248047,0.014469094808377278
2020-05-26,201.90231323242188,-0.016784527401939073
2020-05-27,208.86343383789062,0.03389662920488602
2020-05-28,219.84042358398438,0.051221324039536616
2020-05-29,220.6751251220703,0.0037896620879967905
2020-05-30,242.34559631347656,0.09367319345141743
2020-05-31,230.9757080078125,-0.04805224650184796
2020-06-01,246.99176025390625,0.06704243192287876
2020-06-02,237.21905517578125,-0.040370979085289166
2020-06-03,244.1793212890625,0.02891888099480422
2020-06-04,244.4263916015625,0.0010113280587598606
2020-06-05,241.22198486328125,-0.013196598186858907
2020-06-06,241.9313201904297,0.0029362764545732764
2020-06-07,245.16725158691406,0.013286752165513425
2020-06-08,246.30990600585938,0.0046498864092121145
2020-06-09,244.9114532470703,-0.005693793685942002
2020-06-10,247.4449462890625,0.010291388128967547
2020-06-11,231.70266723632812,-0.06573317506329227
2020-06-12,237.4932098388672,0.02468408994778625
2020-06-13,238.90884399414062,0.005943040381679141
2020-06-14,234.1147003173828,-0.020270905736518265
2020-06-15,229.9289093017578,-0.018040996406331385
2020-06-16,234.41616821289062,0.01932786118882295
2020-06-17,233.0282745361328,-0.005938236197627628
2020-06-18,232.10116577148438,-0.003986460163973007
2020-06-19,227.13829040527344,-0.02161429515706657
2020-06-20,229.27426147460938,0.0093598944834511
2020-06-21,228.9898223876953,-0.0012413764615540424
2020-06-22,242.53318786621094,0.05746099934896589
2020-06-23,244.14215087890625,0.0066120830316995305
2020-06-24,235.7724609375,-0.03488344985990488
2020-06-25,232.94448852539062,-0.012067012857183892
2020-06-26,229.6680450439453,-0.014165194538048561
2020-06-27,222.9597930908203,-0.02964352880731392
2020-06-28,225.34716796875,0.01065072663825096
2020-06-29,228.1948699951172,0.012557775072237905
2020-06-30,226.31500244140625,-0.008272111948754178
2020-07-01,231.11341857910156,0.020980734621116777
2020-07-02,229.39219665527344,-0.007475391753101423
2020-07-03,225.38706970214844,-0.01761395383895416
2020-07-04,229.07411193847656,0.01622635016177048
2020-07-05,227.6645965576172,-0.006172105973277486
2020-07-06,241.51022338867188,0.0590383269267272
2020-07-07,239.07553100585938,-0.010132273750978884
2020-07-08,246.67001342773438,0.03127193407035143
2020-07-09,243.01596069335938,-0.014924342339070858
2020-07-10,240.9849853515625,-0.008392492945225025
2020-07-11,239.4581756591797,-0.006355860406213221
2020-07-12,242.13169860839844,0.011103017556389294
2020-07-13,239.60458374023438,-0.010491790393600047
2020-07-14,240.21148681640625,0.0025297335252932197
2020-07-15,238.42352294921875,-0.0074711299732834165
2020-07-16,233.64088439941406,-0.020263345939455498
2020-07-17,232.77308654785156,-0.0037211529112848216
2020-07-18,235.4838104248047,0.011578063989272455
2020-07-19,238.48751831054688,0.012674809280072913
2020-07-20,236.15316772460938,-0.009836364543039062
2020-07-21,245.0167236328125,0.03684585765271064
2020-07-22,262.1906433105469,0.06774541743749367
2020-07-23,274.6890563964844,0.046567868547333816
2020-07-24,279.2154235839844,0.016343857499681466
2020-07-25,304.0567626953125,0.08523079194338878
2020-07-26,309.64361572265625,0.018207606081604245
2020-07-27,321.51409912109375,0.037619387452619
2020-07-28,316.6572570800781,-0.015221415901995168
2020-07-29,318.1908874511719,0.0048314966898594615
2020-07-30,334.5866394042969,0.05024438001170102
2020-07-31,345.5546569824219,0.03225496975867744
2020-08-01,385.19970703125,0.10861109189971972
2020-08-02,370.6717224121094,-0.038445093710572587
2020-08-03,386.295166015625,0.04128493039350069
2020-08-04,389.87548828125,0.00922567128788535
2020-08-05,401.590576171875,0.02960567506291298
2020-08-06,394.9619445800781,-0.016643684970105318
2020-08-07,379.5128479003906,-0.03990096635199564
2020-08-08,393.98736572265625,0.03743039101740855
2020-08-09,391.1204528808594,-0.007303265912601406
2020-08-10,395.8875732421875,0.012114688814064712
2020-08-11,380.3840637207031,-0.03994882867650313
2020-08-12,391.024169921875,0.027587937416845627
2020-08-13,428.7417907714844,0.09208547767635336
2020-08-14,437.3978271484375,0.0199882891688285
2020-08-15,433.35491943359375,-0.009286072958645345
2020-08-16,433.78662109375,0.000995689113358228
2020-08-17,429.53125,-0.009858258932101191
2020-08-18,423.6693115234375,-0.013741272520174739
2020-08-19,406.4637756347656,-0.04145841309196858
2020-08-20,416.4397888183594,0.02424707430714103
2020-08-21,389.1263427734375,-0.06783780698791542
2020-08-22,395.83514404296875,0.017093742147864258
2020-08-23,391.3844909667969,-0.011307391987633987
2020-08-24,408.1441955566406,0.04193010278088438
2020-08-25,384.00103759765625,-0.06097527778651031
2020-08-26,386.46612548828125,0.006398965251658284
2020-08-27,382.63262939453125,-0.009968883232899323
2020-08-28,395.8746643066406,0.034022320200205826
2020-08-29,399.9214782714844,0.01017056663620672
2020-08-30,428.3957214355469,0.0687791276952603
2020-08-31,435.0797424316406,0.015481979011439294
2020-09-01,477.0519104003906,0.09209598157915387
2020-09-02,440.0404968261719,-0.08075855088398373
2020-09-03,385.67193603515625,-0.13187965947361327
2020-09-04,388.24114990234375,0.00663956548161259
2020-09-05,335.26007080078125,-0.14672010554152393
2020-09-06,353.3622741699219,0.0525872417269817
2020-09-07,352.6734924316406,-0.001951124827871522
2020-09-08,337.60211181640625,-0.04367466020134547
2020-09-09,351.1100158691406,0.03923159179724314
2020-09-10,368.1018981933594,0.047260187224691566
2020-09-11,374.6955871582031,0.0177541316260454
2020-09-12,387.18310546875,0.03278379314954905
2020-09-13,365.57000732421875,-0.05743992252468673
2020-09-14,377.26885986328125,0.03150029005360543
2020-09-15,364.8392028808594,-0.03350137294526146
2020-09-16,365.8122863769531,0.0026636066188040143
2020-09-17,389.01922607421875,0.06150844366984323
2020-09-18,384.3645324707031,-0.012037361158997532
2020-09-19,385.54437255859375,0.003064884699356303
2020-09-20,371.0528259277344,-0.03831184987617063
2020-09-21,341.78607177734375,-0.08215942019283956
2020-09-22,344.503173828125,0.007918283041278935
2020-09-23,321.1163024902344,-0.07029993270086835
2020-09-24,349.3555908203125,0.08428691779931911
2020-09-25,352.1832580566406,0.008061371238387995
2020-09-26,355.48809814453125,0.009340109881336316
2020-09-27,357.4385070800781,0.005471569688123464
2020-09-28,355.159423828125,-0.006396569296731164
2020-09-29,359.75738525390625,0.01286310453247727
2020-09-30,359.9378662109375,0.0005015482885214668
2020-10-01,353.2059020996094,-0.018880243744131397
2020-10-02,346.2389221191406,-0.01992211584148848
2020-10-03,346.5220947265625,0.000817518931658389
2020-10-04,352.5790100097656,0.017328156966309304
2020-10-05,353.956787109375,0.0039000963621249117
2020-10-06,340.81585693359375,-0.03783251293633223
2020-10-07,341.80865478515625,0.002908769124222558
2020-10-08,350.7661437988281,0.025868652876675627
2020-10-09,365.5904846191406,0.041394068053742086
2020-10-10,370.96759033203125,0.014600888707539443
2020-10-11,375.1420593261719,0.011190077908242826
2020-10-12,387.73126220703125,0.033007697367093705
2020-10-13,381.1907653808594,-0.017012530113568024
2020-10-14,379.4840393066406,-0.004487407569448486
2020-10-15,377.44183349609375,-0.005396065425306912
2020-10-16,366.22900390625,-0.030157641893368888
2020-10-17,368.8559265136719,0.007147293275833249
2020-10-18,378.21368408203125,0.025053212955617177
2020-10-19,379.93560791015625,0.0045424477926324
2020-10-20,369.13690185546875,-0.02883420252109035
2020-10-21,392.1899719238281,0.060578761681115006
2020-10-22,413.7729797363281,0.05357112064351409
2020-10-23,409.7666931152344,-0.009729508746582299
2020-10-24,412.4576110839844,0.0065454829353202735
2020-10-25,406.2177734375,-0.015244035911615272
2020-10-26,393.8883056640625,-0.030822022629032556
2020-10-27,403.9970397949219,0.025340169748722302
2020-10-28,388.6507568359375,-0.038726407673900454
2020-10-29,386.7301025390625,-0.004954102753223018
2020-10-30,382.8199768066406,-0.010162196034475704
2020-10-31,386.59033203125,0.009800714549993452
2020-11-01,396.3581848144531,0.024952750759226254
2020-11-02,383.15673828125,-0.0338741657439098
2020-11-03,387.6021728515625,0.011535342115358145
2020-11-04,402.1419982910156,0.036825769914699005
2020-11-05,414.0673522949219,0.029223391468196778
2020-11-06,454.71929931640625,0.09365165669937495
2020-11-07,435.713134765625,-0.04269622497421385
2020-11-08,453.5547790527344,0.04013197497632884
2020-11-09,444.1630554199219,-0.020924317045296896
2020-11-10,449.67962646484375,0.01234365107248101
2020-11-11,462.9605407714844,0.029106437314131303
2020-11-12,461.0052795410156,-0.004232330041084114
2020-11-13,474.6264343261719,0.02911854526955241
2020-11-14,460.14984130859375,-0.03097586215130562
2020-11-15,447.55908203125,-0.027743622530342998
2020-11-16,459.9403076171875,0.02728815912760338
2020-11-17,480.3600769042969,0.043439267876475895
2020-11-18,479.48406982421875,-0.0018253115910212018
2020-11-19,471.63043212890625,-0.01651497518196121
2020-11-20,509.74456787109375,0.07771405682418159
2020-11-21,549.4866333007812,0.07507469540362248
2020-11-22,558.068115234375,0.015496576899332964
2020-11-23,608.4540405273438,0.08644035520612321
2020-11-24,603.8977661132812,-0.007516458243324802
2020-11-25,570.6866455078125,-0.05656464513434028
2020-11-26,518.8011474609375,-0.09531961287274195
2020-11-27,517.4937133789062,-0.0025232871939014647
2020-11-28,538.2297973632812,0.039288224606456215
2020-11-29,575.758056640625,0.06740193028756865
2020-11-30,614.842529296875,0.06567865319668283
2020-12-01,587.3241577148438,-0.045789289896317836
2020-12-02,598.3523559570312,0.018602909234697762
2020-12-03,616.708740234375,0.030217050049232797
2020-12-04,569.3541870117188,-0.0798941412336401
2020-12-05,596.595458984375,0.046736547310190675
2020-12-06,601.9089965820312,0.008867004852807493
2020-12-07,591.8433837890625,-0.016864219940382837
2020-12-08,554.8277587890625,-0.06458432441755195
2020-12-09,573.4791259765625,0.03306381725190488
2020-12-10,559.6785278320312,-0.02435897685496609
2020-12-11,545.79736328125,-0.0251147841145541
2020-12-12,568.5673217773438,0.04087194885463242
2020-12-13,589.6632080078125,0.03643181383459832
2020-12-14,586.0111694335938,-0.006212690164762769
2020-12-15,589.3555908203125,0.005690871183104606
2020-12-16,636.1818237304688,0.07645468780571038
2020-12-17,642.8689575195312,0.01045649604687033
2020-12-18,654.8119506835938,0.018407191323756376
2020-12-19,659.2979125976562,0.006827403803755845
2020-12-20,638.2908325195312,-0.032381470204766026
2020-12-21,609.81787109375,-0.045633689212268014
2020-12-22,634.8541870117188,0.04023500516282223
2020-12-23,583.714599609375,-0.08398318169444323
2020-12-24,611.607177734375,0.04667804590397781
2020-12-25,626.4107055664062,0.023916025173036294
2020-12-26,635.8358154296875,0.014934143019281998
2020-12-27,682.642333984375,0.07103067510537947
2020-12-28,730.3973388671875,0.06761763260462011
2020-12-29,731.5201416015625,0.0015360688549763389
2020-12-30,751.6189575195312,0.02710473536704583
2020-12-31,737.8034057617188,-0.018552088848932745
2021-01-01,730.3675537109375,-0.01012949559228217
2021-01-02,774.5349731445312,0.05871490894439918
2021-01-03,975.5076904296875,0.23069522900113032
2021-01-04,1040.2330322265625,0.06424199287480381
2021-01-05,1100.006103515625,0.05587097093740992
2021-01-06,1207.1121826171875,0.09291515270174151
2021-01-07,1225.6781005859375,0.015263361201059273
2021-01-08,1224.1971435546875,-0.0012090062260797856
2021-01-09,1281.0772705078125,0.04541610543804125
2021-01-10,1262.2467041015625,-0.014808109930461662
2021-01-11,1090.1453857421875,-0.14658216286240672
2021-01-12,1043.4345703125,-0.04379332533636267
2021-01-13,1130.7393798828125,0.08035399380657932
2021-01-14,1218.4530029296875,0.07471028649725438
2021-01-15,1171.8345947265625,-0.03901147331331256
2021-01-16,1233.53759765625,0.051315586574369236
2021-01-17,1230.1722412109375,-0.0027319439045435886
2021-01-18,1257.279541015625,0.021796099241131465
2021-01-19,1377.2958984375,0.09117179063699767
2021-01-20,1382.2740478515625,0.003607920734780844
2021-01-21,1121.5709228515625,-0.20899969144053393
2021-01-22,1236.51220703125,0.09756436791809889
2021-01-23,1230.9906005859375,-0.004475468594939273
2021-01-24,1391.609375,0.122641689541714
2021-01-25,1324.414794921875,-0.04949020345671179
2021-01-26,1357.05810546875,0.02434850133329801
2021-01-27,1253.1871337890625,-0.07962918564204995
2021-01-28,1332.4921875,0.06136100064411213
2021-01-29,1382.5228271484375,0.036858951776538196
2021-01-30,1376.115478515625,-0.004645306448184236
2021-01-31,1314.9862060546875,-0.04543848344717139
2021-02-01,1369.04052734375,0.0402839735968884
2021-02-02,1515.1937255859375,0.10143315298098682
2021-02-03,1660.9095458984375,0.09182206907112031
2021-02-04,1594.7626953125,-0.04064042673188076
2021-02-05,1718.65087890625,0.07481466551562195
2021-02-06,1677.8468017578125,-0.024028304556216056
2021-02-07,1614.227783203125,-0.03865461625127134
2021-02-08,1746.6168212890625,0.07882398232000803
2021-02-09,1768.0350341796875,0.012188107903901057
2021-02-10,1744.243408203125,-0.013547895059854044
2021-02-11,1783.7979736328125,0.022423899594163507
2021-02-12,1843.5325927734375,0.03293883410355654
2021-02-13,1814.10986328125,-0.01608870440834598
2021-02-14,1805.0841064453125,-0.004987726893274724
2021-02-15,1779.791015625,-0.014111236608850447
2021-02-16,1781.0675048828125,0.0007169559279818775
2021-02-17,1848.458251953125,0.0371390079286722
2021-02-18,1937.44921875,0.047020357908801116
2021-02-19,1960.164794921875,0.011656276525288275
2021-02-20,1919.5340576171875,-0.020946070485595023
2021-02-21,1935.60107421875,0.008335432652435207
2021-02-22,1781.992919921875,-0.08268555498368402
2021-02-23,1570.2039794921875,-0.12652682176855595
2021-02-24,1626.57568359375,0.035271463251369845
2021-02-25,1475.7037353515625,-0.09734201269119057
2021-02-26,1446.03369140625,-0.020310561531698162
2021-02-27,1459.97314453125,0.00959361820155691
2021-02-28,1416.0489501953125,-0.03054747737339837
2021-03-01,1564.7076416015625,0.09982843204163687
2021-03-02,1492.6087646484375,-0.047173558296895124
2021-03-03,1575.8531494140625,0.05427137002269248
2021-03-04,1541.914306640625,-0.021772107057521358
2021-03-05,1533.2750244140625,-0.005618714183079258
2021-03-06,1654.7415771484375,0.07623886335092327
2021-03-07,1723.15380859375,0.040511371564089405
2021-03-08,1834.7279052734375,0.06273996854411362
2021-03-09,1868.048828125,0.01799828871128457
2021-03-10,1799.166259765625,-0.03757111014038683
2021-03-11,1826.1949462890625,0.014911169281362695
2021-03-12,1772.1024169921875,-0.030067889946876186
2021-03-13,1924.6854248046875,0.08259589078773466
2021-03-14,1854.5643310546875,-0.0371127321901929
2021-03-15,1791.7022705078125,-0.034483649450369774
2021-03-16,1806.9718017578125,0.008486249424844293
2021-03-17,1823.4493408203125,0.009077543107777147
2021-03-18,1782.8551025390625,-0.02251388011599787
2021-03-19,1817.6241455078125,0.019314164260592667
2021-03-20,1812.6346435546875,-0.0027488426499713142
2021-03-21,1788.217041015625,-0.013562334109678883
2021-03-22,1691.333984375,-0.05570149954010517
2021-03-23,1678.650146484375,-0.00752757122376337
2021-03-24,1593.4134521484375,-0.05211144586696932
2021-03-25,1595.3592529296875,0.0012204074750494925
2021-03-26,1702.842041015625,0.06519969619018434
2021-03-27,1716.49462890625,0.007985560802970545
2021-03-28,1691.35595703125,-0.01475365614467707
2021-03-29,1819.6849365234375,0.07313282563305223
2021-03-30,1846.03369140625,0.014376012643932736
2021-03-31,1918.362060546875,0.03843234153645627
2021-04-01,1977.27685546875,0.030248844074212133
2021-04-02,2143.2255859375,0.080591404813639
2021-04-03,2028.4224853515625,-0.05505358722875399
2021-04-04,2093.122802734375,0.03139872466981925
2021-04-05,2107.88720703125,0.00702900733451175
2021-04-06,2118.37890625,0.004965007167249876
2021-04-07,1971.0772705078125,-0.07207089820407934
2021-04-08,2088.57373046875,0.05790117629552684
2021-04-09,2072.10888671875,-0.007914532883689318
2021-04-10,2135.942138671875,0.030340957572639222
2021-04-11,2157.656982421875,0.010115070495779255
2021-04-12,2139.353271484375,-0.008519328817561397
2021-04-13,2299.187744140625,0.07205233206732248
2021-04-14,2435.10498046875,0.057433962894236565
2021-04-15,2519.1162109375,0.03391826133072099
2021-04-16,2431.946533203125,-0.03521615090518884
2021-04-17,2344.89501953125,-0.03645134605396751
2021-04-18,2237.136962890625,-0.04704372632497061
2021-04-19,2166.188720703125,-0.03222763332553344
2021-04-20,2330.2109375,0.07298952114067538
2021-04-21,2364.751708984375,0.014714236206438901
2021-04-22,2403.53515625,0.016267604548972796
2021-04-23,2363.586181640625,-0.01676060119782354
2021-04-24,2211.625732421875,-0.06645216353330151
2021-04-25,2316.0595703125,0.046139409965625544
2021-04-26,2534.481689453125,0.09012187379809422
2021-04-27,2662.865234375,0.049413544473853425
2021-04-28,2746.380126953125,0.03088102824238253
2021-04-29,2756.876953125,0.0038147732329112437
2021-04-30,2773.20703125,0.005905923178421575
2021-05-01,2945.892822265625,0.060407513102039886
2021-05-02,2952.05615234375,0.0020899917405673187
2021-05-03,3431.086181640625,0.15037495372643486
2021-05-04,3253.62939453125,-0.05310577204659712
2021-05-05,3522.783203125,0.07948024985726106
2021-05-06,3490.88037109375,-0.009097400160043746
2021-05-07,3484.72900390625,-0.0017636792576329369
2021-05-08,3902.647705078125,0.11326494105268313
2021-05-09,3928.8447265625,0.006690198432838535
2021-05-10,3952.2939453125,0.005950736035349541
2021-05-11,4168.701171875,0.05330836172537652
2021-05-12,3785.8486328125,-0.09633444649972905
2021-05-13,3715.1484375,-0.018851437590013696
2021-05-14,4079.057373046875,0.09344729207531108
2021-05-15,3638.1220703125,-0.11439829193568456
2021-05-16,3587.506103515625,-0.014010351356841278
2021-05-17,3282.397705078125,-0.08888311942681767
2021-05-18,3380.070068359375,0.029322276578025
2021-05-19,2460.67919921875,-0.31745903048406077
2021-05-20,2784.294189453125,0.12355699930846506
2021-05-21,2430.621337890625,-0.13584748911494268
2021-05-22,2295.70556640625,-0.05710668666712583
2021-05-23,2109.579833984375,-0.0845514357605226
2021-05-24,2643.591064453125,0.22564944769507492
2021-05-25,2706.62890625,0.02356566997452026
2021-05-26,2888.69873046875,0.06510221993494894
2021-05-27,2736.488525390625,-0.05413059602708892
2021-05-28,2419.90625,-0.12294673867439189
2021-05-29,2279.51416015625,-0.05976646713959049
2021-05-30,2390.305419921875,0.04745881593198355
2021-05-31,2714.9453125,0.12735066191626665
2021-06-01,2633.518310546875,-0.030451097608125335
2021-06-02,2706.125,0.027197009476149902
2021-06-03,2855.12646484375,0.05359841571873147
2021-06-04,2688.195068359375,-0.06024614794219391
2021-06-05,2630.576904296875,-0.021666812721206
2021-06-06,2715.0927734375,0.031622946116516615
2021-06-07,2590.26318359375,-0.04706663766118062
2021-06-08,2517.438720703125,-0.02851748185124347
2021-06-09,2608.26708984375,0.03544404658570406
2021-06-10,2471.5185546875,-0.053853289373844766
2021-06-11,2353.768798828125,-0.04881497348290393
2021-06-12,2372.484375,0.0079198778865485
2021-06-13,2508.3916015625,0.055704085955439395
2021-06-14,2537.89111328125,0.011691714247570262
2021-06-15,2610.936767578125,0.028375605917595612
2021-06-16,2367.66357421875,-0.097805436490534
2021-06-17,2372.001953125,0.0018306693131994191
2021-06-18,2231.733154296875,-0.06095582169829324
2021-06-19,2178.4990234375,-0.024142364542997615
2021-06-20,2246.364501953125,0.030677014228902493
2021-06-21,1888.447509765625,-0.1735580644172144
2021-06-22,1874.9500732421875,-0.007173036650366665
2021-06-23,1989.736328125,0.05942010006437389
2021-06-24,1988.456298828125,-0.0006435230573685713
2021-06-25,1813.21728515625,-0.0922558354753354
2021-06-26,1829.2392578125,0.008797401314845006
2021-06-27,1978.8946533203125,0.07863825861456837
2021-06-28,2079.657470703125,0.04966476968104639
2021-06-29,2160.768310546875,0.03826065517150592
2021-06-30,2274.547607421875,0.05131732097104267
2021-07-01,2113.60546875,-0.07338593655568242
2021-07-02,2150.040283203125,0.01709133614491174
2021-07-03,2226.1142578125,0.0347710019552217
2021-07-04,2321.72412109375,0.04205248502583866
2021-07-05,2198.58251953125,-0.05449722191480287
2021-07-06,2324.679443359375,0.055769312306073696
2021-07-07,2315.161865234375,-0.004102550428395551
2021-07-08,2120.0263671875,-0.08805107932235774
2021-07-09,2146.6923828125,0.012499704988266244
2021-07-10,2111.403564453125,-0.01657530818125756
2021-07-11,2139.664794921875,0.013296256111609964
2021-07-12,2036.7210693359375,-0.04930798309757231
2021-07-13,1940.083984375,-0.0486099327270579
2021-07-14,1994.331298828125,0.027577542543094774
2021-07-15,1911.1756591796875,-0.04259022453127295
2021-07-16,1880.3829345703125,-0.01624313636360114
2021-07-17,1898.8251953125,0.009759931976866861
2021-07-18,1895.5521240234375,-0.0017252222567385265
2021-07-19,1817.296630859375,-0.04216012524464765
2021-07-20,1787.5107421875,-0.016526023993509314
2021-07-21,1990.9708251953125,0.10779836644896092
2021-07-22,2025.2027587890625,0.017047451710803685
2021-07-23,2124.776611328125,0.04799684942645722
2021-07-24,2189.21875,0.029878072253893946
2021-07-25,2191.373779296875,0.0009838986193359512
2021-07-26,2233.36669921875,0.01898153392310064
2021-07-27,2298.33349609375,0.028674115827963136
2021-07-28,2296.54541015625,-0.0007782951691405303
2021-07-29,2380.956787109375,0.03609642006422076
2021-07-30,2466.96142578125,0.03548478305222032
2021-07-31,2536.2099609375,0.02768362397451244
2021-08-01,2561.85205078125,0.010059628943105539
2021-08-02,2610.1533203125,0.01867850876523973
2021-08-03,2502.349609375,-0.042178828776479944
2021-08-04,2724.619873046875,0.08509878800758405
2021-08-05,2827.328857421875,0.03700347704203304
2021-08-06,2890.941650390625,0.022249880340911826
2021-08-07,3157.23876953125,0.08811555885840779
2021-08-08,3013.732666015625,-0.04651843963291938
2021-08-09,3167.856201171875,0.04987568301418012
2021-08-10,3141.691162109375,-0.008293840284283538
2021-08-11,3164.2451171875,0.007153275977337787
2021-08-12,3043.414306640625,-0.03893450520374174
2021-08-13,3322.211669921875,0.0876507144106246
2021-08-14,3265.443359375,-0.017235181729072072
2021-08-15,3310.504150390625,0.013704944038436707
2021-08-16,3156.509521484375,-0.04763365379705871
2021-08-17,3014.845947265625,-0.04591810185054058
2021-08-18,3020.08984375,0.0017378470909151286
2021-08-19,3182.7021484375,0.05244398765674265
2021-08-20,3286.935302734375,0.03222504353107742
2021-08-21,3226.083984375,-0.01868659875979763
2021-08-22,3242.115478515625,0.004957029250544763
2021-08-23,3319.25732421875,0.023515018170972957
2021-08-24,3172.456298828125,-0.04523491486344636
2021-08-25,3224.915283203125,0.016400535612025917
2021-08-26,3100.325439453125,-0.03939959467869392
2021-08-27,3270.600830078125,0.053466621666286775
2021-08-28,3244.4033203125,-0.008042251504535707
2021-08-29,3227.002685546875,-0.00537771133044636
2021-08-30,3224.374267578125,-0.0008148394159196747
2021-08-31,3433.732666015625,0.06290900442875601
2021-09-01,3834.828125,0.11047670605029399
2021-09-02,3790.989990234375,-0.011497420215943173
2021-09-03,3940.61474609375,0.038709541937976565
2021-09-04,3887.828369140625,-0.013485996181977149
2021-09-05,3952.133544921875,0.016404829161659494
2021-09-06,3928.37939453125,-0.006028598015504731
2021-09-07,3426.394287109375,-0.13671849302853073
2021-09-08,3497.315185546875,0.020487104285756425
2021-09-09,3427.340087890625,-0.02021110853351262
2021-09-10,3211.505859375,-0.06504453354220181
2021-09-11,3270.278076171875,0.01813507766631399
2021-09-12,3410.134521484375,0.04187671975472418
2021-09-13,3285.51171875,-0.037229325474852665
2021-09-14,3429.169677734375,0.04279574125220146
2021-09-15,3615.28271484375,0.052851903184995164
2021-09-16,3571.294921875,-0.012241805357654444
2021-09-17,3398.538818359375,-0.04958267329461903
2021-09-18,3432.018310546875,0.00980293690936187
2021-09-19,3329.447998046875,-0.030341992953112053
2021-09-20,2958.993408203125,-0.11795737819471988
2021-09-21,2764.43115234375,-0.06801426341716456
2021-09-22,3077.867919921875,0.10740224120202764
2021-09-23,3155.523681640625,0.024917343401946727
2021-09-24,2931.669189453125,-0.07358251684057529
2021-09-25,2925.565673828125,-0.0020840953032145396
2021-09-26,3062.265380859375,0.04566710785688888
2021-09-27,2934.138916015625,-0.042740937032609935
2021-09-28,2807.296630859375,-0.04419205837126462
2021-09-29,2853.143310546875,0.01619933529630576
2021-09-30,3001.678955078125,0.05075048131729194
2021-10-01,3307.51611328125,0.09702570492125512
2021-10-02,3391.6943359375,0.025132111907773407
2021-10-03,3418.358642578125,0.007830906157729635
2021-10-04,3380.089111328125,-0.011258433355315508
2021-10-05,3518.5185546875,0.040137962430159636
2021-10-06,3580.56201171875,0.01747973872931597
2021-10-07,3587.974853515625,0.0020681610706543684
2021-10-08,3563.75927734375,-0.006771971181186702
2021-10-09,3575.716796875,0.003349694175783596
2021-10-10,3425.852783203125,-0.0428152301519798
2021-10-11,3545.35400390625,0.03428758653818335
2021-10-12,3492.5732421875,-0.014999231849763955
2021-10-13,3606.20166015625,0.03201626351487002
2021-10-14,3786.01416015625,0.04865874619480069
2021-10-15,3862.634765625,0.02003573947539937
2021-10-16,3830.382080078125,-0.008384974363497505
2021-10-17,3847.1044921875,0.004356227365992981
2021-10-18,3748.76025390625,-0.025895599030286126
2021-10-19,3877.65087890625,0.03380434033523953
2021-10-20,4155.9921875,0.06932166672355178
2021-10-21,4054.32275390625,-0.02476753487036384
2021-10-22,3970.181884765625,-0.020971750100473262
2021-10-23,4171.66357421875,0.0495029864653531
2021-10-24,4087.903076171875,-0.020282751648381038
2021-10-25,4217.876953125,0.031299766509272686
2021-10-26,4131.10205078125,-0.02078769801805449
2021-10-27,3930.25732421875,-0.04983931112215123
2021-10-28,4287.31884765625,0.08695665968584132
2021-10-29,4414.74658203125,0.029288872771161698
2021-10-30,4325.650390625,-0.02038792468183558
2021-10-31,4288.07421875,-0.008724776317407503
2021-11-01,4324.626953125,0.008488150955212685
2021-11-02,4584.798828125,0.05842034560426266
2021-11-03,4607.19384765625,0.004872733178223109
2021-11-04,4537.32421875,-0.015281502662407579
2021-11-05,4486.2431640625,-0.011321819445762802
2021-11-06,4521.5810546875,0.00784608381626105
2021-11-07,4620.5546875,0.021653036574546432
2021-11-08,4812.08740234375,0.04061620124436954
2021-11-09,4735.06884765625,-0.016134694668512174
2021-11-10,4636.17431640625,-0.021106741316112072
2021-11-11,4730.38427734375,0.020116916395294726
2021-11-12,4667.115234375,-0.013465283791687262
2021-11-13,4651.46044921875,-0.0033599125907330814
2021-11-14,4626.35888671875,-0.005411104234516528
2021-11-15,4557.50390625,-0.014995056480306117
2021-11-16,4216.365234375,-0.07780164664278183
2021-11-17,4287.59375,0.016752240111008867
2021-11-18,4000.65087890625,-0.06926861053318167
2021-11-19,4298.306640625,0.0717640730233107
2021-11-20,4409.93115234375,0.025637936991110145
2021-11-21,4269.73291015625,-0.03230780265397008
2021-11-22,4088.457763671875,-0.04338345092224233
2021-11-23,4340.763671875,0.05988246984722442
2021-11-24,4239.9814453125,-0.023491400765718547
2021-11-25,4274.7431640625,0.008165128873313079
2021-11-26,4030.908935546875,-0.05873212915499167
2021-11-27,4096.912109375,0.016241653052848713
2021-11-28,4294.45361328125,0.04709078684110003
2021-11-29,4445.10498046875,0.03447915359921857
2021-11-30,4631.47900390625,0.041072770036645286
2021-12-01,4586.990234375,-0.009652169742749407
2021-12-02,4511.30224609375,-0.016638228436503717
2021-12-03,4220.7060546875,-0.06658343260740117
2021-12-04,4119.58740234375,-0.024249412305841624
2021-12-05,4198.32275390625,0.018932087937726827
2021-12-06,4358.7373046875,0.03749730517741085
2021-12-07,4315.0615234375,-0.010070823926960222
2021-12-08,4439.35791015625,0.0283981686841627
2021-12-09,4119.81591796875,-0.07470126889815015
2021-12-10,3908.49609375,-0.052655813005159986
2021-12-11,4084.452392578125,0.04403499684816346
2021-12-12,4134.453125,0.012167398488535382
2021-12-13,3784.226806640625,-0.08851347686673891
2021-12-14,3745.4404296875,-0.010302372946123368
2021-12-15,4018.388671875,0.07034177960891323
2021-12-16,3962.4697265625,-0.014013495196179625
2021-12-17,3879.486572265625,-0.02116468104642357
2021-12-18,3960.860107421875,0.02075838238247958
2021-12-19,3922.592529296875,-0.009708405810989045
2021-12-20,3933.844482421875,0.0028643928033790767
2021-12-21,4020.260009765625,0.021729392067072688
2021-12-22,3982.099609375,-0.009537359345520004
2021-12-23,4108.015625,0.031130875373133474
2021-12-24,4047.98291015625,-0.014721385436212006
2021-12-25,4093.281005859375,0.011128140207425564
2021-12-26,4067.328125,-0.0063605468513840005
2021-12-27,4037.547607421875,-0.007348823741771372
2021-12-28,3800.89306640625,-0.060401423195789145
2021-12-29,3628.53173828125,-0.04640796995498094
2021-12-30,3713.85205078125,0.023241539950406245
2021-12-31,3682.6328125,-0.00844169203451989
2022-01-01,3769.697021484375,0.02336669802012139
2022-01-02,3829.56494140625,0.015756571841914927
2022-01-03,3761.38037109375,-0.01796519441683337
2022-01-04,3794.056640625,0.008649790399625644
2022-01-05,3550.386962890625,-0.06637919922310019
2022-01-06,3418.408203125,-0.03788159613599658
2022-01-07,3193.21044921875,-0.06814818392330264
2022-01-08,3091.97265625,-0.032217533818808305
2022-01-09,3157.75146484375,0.021050925260374196
2022-01-10,3083.097900390625,-0.023925309249448398
2022-01-11,3238.111572265625,0.04905540850526909
2022-01-12,3372.25830078125,0.04059232704491726
2022-01-13,3248.28857421875,-0.03745437376600755
2022-01-14,3310.00146484375,0.01882036684483606
2022-01-15,3330.53076171875,0.006183047255123135
2022-01-16,3350.921875,0.006103815352282093
2022-01-17,3212.304931640625,-0.04224676783784577
2022-01-18,3164.025146484375,-0.015143729147734824
2022-01-19,3095.825927734375,-0.021790268306875832
2022-01-20,3001.1201171875,-0.031069137876988995
2022-01-21,2557.931640625,-0.15978661233704647
2022-01-22,2405.18115234375,-0.0615737550998413
2022-01-23,2535.0390625,0.05258382225371412
2022-01-24,2440.352294921875,-0.038066634147074466
2022-01-25,2455.93505859375,0.006365155947078696
2022-01-26,2468.0302734375,0.004912804357988148
2022-01-27,2423.001220703125,-0.018413426720136978
2022-01-28,2547.092041015625,0.0499453867419802
2022-01-29,2597.084716796875,0.019437220797135148
2022-01-30,2603.466552734375,0.0024542933278380702
2022-01-31,2688.27880859375,0.03205729421772353
2022-02-01,2792.1171875,0.037899015902413284
2022-02-02,2682.85400390625,-0.039919001898463743
2022-02-03,2679.16259765625,-0.0013768725863691853
2022-02-04,2983.5869140625,0.10762195699877354
2022-02-05,3014.648193359375,0.010356898784399916
2022-02-06,3057.47607421875,0.01410662535468382
2022-02-07,3142.470703125,0.027419575373833133
2022-02-08,3122.608642578125,-0.006340582774359995
2022-02-09,3239.45703125,0.03673697694103097
2022-02-10,3077.482177734375,-0.051293944903900664
2022-02-11,2927.383544921875,-0.05000275191289092
2022-02-12,2917.36279296875,-0.003428980897511885
2022-02-13,2883.46337890625,-0.0116879213293838
2022-02-14,2933.47900390625,0.01719695823616961
2022-02-15,3179.877197265625,0.08065348682875587
2022-02-16,3127.830078125,-0.016503080476892827
2022-02-17,2881.48193359375,-0.08203477627474137
2022-02-18,2785.7275390625,-0.03379564796746988
2022-02-19,2763.701171875,-0.007938288426892978
2022-02-20,2628.6484375,-0.05010097368287536
2022-02-21,2573.816162109375,-0.021080126474083236
2022-02-22,2639.29931640625,0.025123785947061054
2022-02-23,2590.359619140625,-0.01871675631661119
2022-02-24,2598.067138671875,0.0029710451975588936
2022-02-25,2764.53564453125,0.062104920016279805
2022-02-26,2781.11181640625,0.0059781013336719585
2022-02-27,2621.8017578125,-0.058989006467831916
2022-02-28,2919.201171875,0.10744823233553069
2022-03-01,2972.485107421875,0.018088331874394133
2022-03-02,2950.118408203125,-0.007553031531305678
2022-03-03,2834.468994140625,-0.039990691938051444
2022-03-04,2617.156005859375,-0.07976638173113912
2022-03-05,2664.8310546875,0.018052427243852115
2022-03-06,2555.037353515625,-0.04207381817472597
2022-03-07,2497.771240234375,-0.02266801297812502
2022-03-08,2576.74755859375,0.031129137117342606
2022-03-09,2729.783447265625,0.05769431524538119
2022-03-10,2608.048583984375,-0.045620009985423746
2022-03-11,2559.56298828125,-0.018765736502640632
2022-03-12,2574.754150390625,0.005917517764544078
2022-03-13,2518.944580078125,-0.02191405761565889
2022-03-14,2590.696044921875,0.028086586454035556
2022-03-15,2620.149658203125,0.01130485477367516
2022-03-16,2772.0556640625,0.05635772436345546
2022-03-17,2814.8544921875,0.015321408134705386
2022-03-18,2945.343017578125,0.045314714789177396
2022-03-19,2946.257080078125,0.00031029346601351896
2022-03-20,2860.459228515625,-0.02955339699363291
2022-03-21,2897.9765625,0.013030575038736027
2022-03-22,2973.131103515625,0.025602884706367478
2022-03-23,3031.067138671875,0.019299107399374765
2022-03-24,3108.06201171875,0.025084636099407705
2022-03-25,3106.67138671875,-0.0004475252385110946
2022-03-26,3143.178955078125,0.011682834500292717
2022-03-27,3291.57763671875,0.04613228082191416
2022-03-28,3336.634521484375,0.013595696011333971
2022-03-29,3401.98779296875,0.01939723508277893
2022-03-30,3385.157958984375,-0.004959336101979359
2022-03-31,3281.642822265625,-0.03105641221848376
2022-04-01,3449.55224609375,0.04990028142552588
2022-04-02,3445.059326171875,-0.0013033136125988835
2022-04-03,3522.83349609375,0.022324511009120605
2022-04-04,3521.2412109375,-0.0004520920772690875
2022-04-05,3411.79248046875,-0.03157573691482621
2022-04-06,3171.69189453125,-0.07297264110082666
2022-04-07,3233.274658203125,0.019230283545794695
2022-04-08,3192.073974609375,-0.012824595407119322
2022-04-09,3261.916259765625,0.021643978108232598
2022-04-10,3211.866943359375,-0.015462462060695115
2022-04-11,2981.05224609375,-0.07457602946225675
2022-04-12,3030.37646484375,0.016410516719180805
2022-04-13,3118.34423828125,0.028615310469097342
2022-04-14,3019.909423828125,-0.03207532926840826
2022-04-15,3040.91650390625,0.006932112702695369
2022-04-16,3062.310302734375,0.007010680458268011
2022-04-17,2993.4033203125,-0.02275865766468476
2022-04-18,3057.606689453125,0.021221507989809246
2022-04-19,3104.1064453125,0.015093412368395846
2022-04-20,3077.745849609375,-0.00852843265145905
2022-04-21,2987.480712890625,-0.02976700072954131
2022-04-22,2964.835693359375,-0.007608845779525937
2022-04-23,2938.114013671875,-0.009053731962818659
2022-04-24,2922.732666015625,-0.005248860381637174
2022-04-25,3009.3935546875,0.029219558436975844
2022-04-26,2808.29833984375,-0.06915985471067161
2022-04-27,2888.9296875,0.028307356278774225
2022-04-28,2936.94091796875,0.016482452376458213
2022-04-29,2815.601806640625,-0.042192511152652254
2022-04-30,2730.186767578125,-0.030806004516415804
2022-05-01,2827.756103515625,0.0351134809733128
2022-05-02,2857.410400390625,0.010432259389035846
2022-05-03,2783.476318359375,-0.026215139510623486
2022-05-04,2940.644775390625,0.0549282479219164
2022-05-05,2749.213134765625,-0.0673141307405492
2022-05-06,2694.979736328125,-0.019924052577192305
2022-05-07,2636.093017578125,-0.022092781930447968
2022-05-08,2517.4599609375,-0.04604746222536578
2022-05-09,2245.430419921875,-0.11435321457567539
2022-05-10,2343.510986328125,0.042752999756193504
2022-05-11,2072.108642578125,-0.12308346967034776
2022-05-12,1961.7015380859375,-0.05475452838877197
2022-05-13,2014.418212890625,0.026518197304113904
2022-05-14,2056.27392578125,0.020565145487466706
2022-05-15,2145.706787109375,0.04257343148304709
2022-05-16,2022.7259521484375,-0.059022919641966265
2022-05-17,2090.4091796875,0.03291374362591901
2022-05-18,1916.6561279296875,-0.08677775891458377
2022-05-19,2018.336181640625,0.05169143189887025
2022-05-20,1961.315673828125,-0.028657989349473726
2022-05-21,1974.518310546875,0.006708965008305254
2022-05-22,2043.170166015625,0.034178129379588494
2022-05-23,1972.181884765625,-0.03536211901070593
2022-05-24,1978.9827880859375,0.0034424837230023803
2022-05-25,1944.827880859375,-0.017409489280917415
2022-05-26,1803.913330078125,-0.07521510273085805
2022-05-27,1724.9228515625,-0.044776051541073544
2022-05-28,1757.9417724609375,0.018961351496110807
2022-05-29,1812.031005859375,0.03030464162839648
2022-05-30,1996.4412841796875,0.0969179188362992
2022-05-31,1942.3280029296875,-0.02747898255305248
2022-06-01,1823.5693359375,-0.06309150106858519
2022-06-02,1834.1505126953125,0.0057856843673090245
2022-06-03,1775.07861328125,-0.03273672733860295
2022-06-04,1801.6094970703125,0.01483571929458968
2022-06-05,1805.2049560546875,0.0019937039856387836
2022-06-06,1859.2896728515625,0.029520384068369994
2022-06-07,1814.04833984375,-0.024633518924954634
2022-06-08,1793.572265625,-0.011351689292160249
2022-06-09,1789.8260498046875,-0.0020908740002338988
2022-06-10,1665.042236328125,-0.07226794597572235
2022-06-11,1529.6634521484375,-0.08480274498246529
2022-06-12,1445.216552734375,-0.05678857147225789
2022-06-13,1204.582763671875,-0.18212592105140693
2022-06-14,1211.662841796875,0.005860412842474421
2022-06-15,1233.2064208984375,0.017623958102008338
2022-06-16,1067.730712890625,-0.1440820564562429
2022-06-17,1086.519287109375,0.017443704896270215
2022-06-18,993.6367797851562,-0.08936282394912362
2022-06-19,1127.656494140625,0.12652513202322718
2022-06-20,1127.6424560546875,-1.244898015539338e-05
2022-06-21,1124.8245849609375,-0.002502032227301735
2022-06-22,1051.421875,-0.06748368424041079
2022-06-23,1143.38671875,0.08385124942460077
2022-06-24,1226.8447265625,0.07045094629825191
2022-06-25,1243.4468994140625,0.01344167032550677
2022-06-26,1199.8316650390625,-0.035706013007877895
2022-06-27,1193.6806640625,-0.005139739154583573
2022-06-28,1144.5792236328125,-0.04200444947713469
2022-06-29,1098.94384765625,-0.04068749910629359
2022-06-30,1067.298828125,-0.02921858312549719
2022-07-01,1059.767333984375,-0.007081609166298482
2022-07-02,1066.5128173828125,0.006344889241282355
2022-07-03,1073.7669677734375,0.006778719510311701
2022-07-04,1151.05908203125,0.06950946292442169
2022-07-05,1134.541015625,-0.014454281840769207
2022-07-06,1186.9739990234375,0.04517903298009993
2022-07-07,1237.5933837890625,0.04176146365600772
2022-07-08,1222.5062255859375,-0.012265639403591082
2022-07-09,1216.978271484375,-0.004532075174142032
2022-07-10,1168.401611328125,-0.040734289063657794
2022-07-11,1097.236572265625,-0.0628418587339451
2022-07-12,1038.191650390625,-0.055314409897435454
2022-07-13,1113.587158203125,0.07010607675696244
2022-07-14,1191.5262451171875,0.06764856552378615
2022-07-15,1233.129150390625,0.0343199192698795
2022-07-16,1352.62646484375,0.09249326833356561
2022-07-17,1338.6357421875,-0.010397239373836612
2022-07-18,1578.7178955078125,0.1649620665898871
2022-07-19,1542.9752197265625,-0.02290054563807826
2022-07-20,1520.20068359375,-0.014870158627478716
2022-07-21,1576.74951171875,0.03652310206255386
2022-07-22,1537.4051513671875,-0.025269428257882164
2022-07-23,1549.2974853515625,0.007705564304018057
2022-07-24,1599.4766845703125,0.03187491067046729
2022-07-25,1445.3834228515625,-0.1013018727017074
2022-07-26,1441.8067626953125,-0.0024776074702502673
2022-07-27,1636.232666015625,0.12649942102926798
2022-07-28,1725.4681396484375,0.05310195450870283
2022-07-29,1727.406982421875,0.0011230310443704164
2022-07-30,1695.969482421875,-0.018366886660011843
2022-07-31,1681.517333984375,-0.008557982564043836
2022-08-01,1635.19580078125,-0.027934007780179175
2022-08-02,1632.9454345703125,-0.0013771538036708396
2022-08-03,1618.87451171875,-0.008654237260966648
2022-08-04,1608.205810546875,-0.006612007743759959
2022-08-05,1732.254638671875,0.0743046651520902
2022-08-06,1691.6580810546875,-0.023714658344009317
2022-08-07,1699.350830078125,0.004537152465114219
2022-08-08,1775.51611328125,0.04384483523495011
2022-08-09,1703.0250244140625,-0.041685052823300706
2022-08-10,1851.74267578125,0.08372108672275558
2022-08-11,1881.22412109375,0.01579551058342214
2022-08-12,1957.2464599609375,0.03961592493298803
2022-08-13,1981.3365478515625,0.01223302302337789
2022-08-14,1936.802001953125,-0.022733480866810634
2022-08-15,1904.2281494140625,-0.016961404717251303
2022-08-16,1878.139404296875,-0.013795147342322981
2022-08-17,1832.9996337890625,-0.02432783915137373
2022-08-18,1847.0078125,0.007613161970514982
2022-08-19,1612.9873046875,-0.1354790025497318
2022-08-20,1577.0037841796875,-0.022561220905913084
2022-08-21,1619.3189697265625,0.026478964213690254
2022-08-22,1622.505859375,0.0019661091163398346
2022-08-23,1662.7698974609375,0.024513043794159486
2022-08-24,1657.0592041015625,-0.003440357209568945
2022-08-25,1696.45703125,0.023497509541166906
2022-08-26,1507.7828369140625,-0.11790172517616755
2022-08-27,1491.39501953125,-0.010928315201041365
2022-08-28,1430.54736328125,-0.04165479410441762
2022-08-29,1553.037353515625,0.0821554538075937
2022-08-30,1523.8388671875,-0.01897987488373285
2022-08-31,1553.6849365234375,0.01939676635759767
2022-09-01,1586.1767578125,0.020697077972305713
2022-09-02,1577.220458984375,-0.005662471163262736
2022-09-03,1556.8726806640625,-0.012984977354194235
2022-09-04,1577.6416015625,0.01325195738219183
2022-09-05,1617.1832275390625,0.02475481275671652
2022-09-06,1561.74853515625,-0.03487983799316323
2022-09-07,1629.9063720703125,0.04271652328035793
2022-09-08,1635.34765625,0.003332842816660751
2022-09-09,1719.08544921875,0.049937018306109436
2022-09-10,1776.2037353515625,0.032685919997708784
2022-09-11,1761.800048828125,-0.008142312433257365
2022-09-12,1713.7652587890625,-0.027643185811010818
2022-09-13,1580.7879638671875,-0.0807694215653878
2022-09-14,1634.7550048828125,0.033569514981027844
2022-09-15,1471.6934814453125,-0.10507918310363468
2022-09-16,1432.44775390625,-0.02702906893553504
2022-09-17,1469.74169921875,0.025701973559885585
2022-09-18,1335.3291015625,-0.09590889103782882
2022-09-19,1377.5413818359375,0.031122523357929425
2022-09-20,1324.38818359375,-0.03934969828540062
2022-09-21,1252.6077880859375,-0.055722995942389726
2022-09-22,1327.68017578125,0.05820558193353805
2022-09-23,1328.259521484375,0.00043626420653308323
2022-09-24,1317.9932861328125,-0.007759112680025444
2022-09-25,1294.216796875,-0.018204619951859718
2022-09-26,1335.3201904296875,0.031265383978659585
2022-09-27,1330.127685546875,-0.003896164316827129
2022-09-28,1337.410888671875,0.005460630480265401
2022-09-29,1335.65234375,-0.0013157527695159426
2022-09-30,1327.9786376953125,-0.005761854654836134
2022-10-01,1311.6444091796875,-0.012376340653965177
2022-10-02,1276.093505859375,-0.027478161506315324
2022-10-03,1323.439208984375,0.03643034692804469
2022-10-04,1362.1265869140625,0.028813335722636092
2022-10-05,1352.837158203125,-0.00684315949242965
2022-10-06,1351.70947265625,-0.0008339184093623792
2022-10-07,1332.5169677734375,-0.014300456675176725
2022-10-08,1315.50048828125,-0.012852418091934563
2022-10-09,1322.604248046875,0.005385515470594665
2022-10-10,1291.337646484375,-0.023924091757363534
2022-10-11,1279.57568359375,-0.009150090604978236
2022-10-12,1294.9063720703125,0.011909867196354756
2022-10-13,1288.1239013671875,-0.0052515732089481165
2022-10-14,1297.422119140625,0.007192490703478946
2022-10-15,1274.8717041015625,-0.017533761159325558
2022-10-16,1306.296630859375,0.02435058504600335
2022-10-17,1331.713623046875,0.019270416930953303
2022-10-18,1310.447021484375,-0.01609823451129519
2022-10-19,1285.7442626953125,-0.01903057334023134
2022-10-20,1283.200927734375,-0.001980062323923632
2022-10-21,1299.9464111328125,0.012965360297434125
2022-10-22,1314.2991943359375,0.01098055009473197
2022-10-23,1363.447021484375,0.03671247624466531
2022-10-24,1344.99853515625,-0.013623143801651505
2022-10-25,1461.6654052734375,0.08318355022278977
2022-10-26,1566.566650390625,0.06930990366099622
2022-10-27,1514.3748779296875,-0.03388364585290344
2022-10-28,1555.4779052734375,0.026780101013655824
2022-10-29,1619.698486328125,0.04045717937677171
2022-10-30,1590.7833251953125,-0.018013460099468862
2022-10-31,1572.7144775390625,-0.011423459268426934
2022-11-01,1579.70458984375,0.004434768101308678
2022-11-02,1519.7117919921875,-0.038717154756392515
2022-11-03,1531.541748046875,0.007754200150845921
2022-11-04,1645.0933837890625,0.07152224436768093
2022-11-05,1627.968017578125,-0.010464528701810014
2022-11-06,1572.2347412109375,-0.03483461283610738
2022-11-07,1568.59130859375,-0.0023200484163604517
2022-11-08,1332.8355712890625,-0.16286927969588255
2022-11-09,1100.1697998046875,-0.19184414986642734
2022-11-10,1299.464599609375,0.16648780183080164
2022-11-11,1287.2210693359375,-0.009466648272293352
2022-11-12,1255.268310546875,-0.025136341911160882
2022-11-13,1221.8192138671875,-0.027008436018424144
2022-11-14,1241.604248046875,0.01606338489122827
2022-11-15,1251.7362060546875,0.008127260568099008
2022-11-16,1215.6025390625,-0.029291681648348025
2022-11-17,1200.80859375,-0.012244712791506736
2022-11-18,1212.30029296875,0.009524465435230129
2022-11-19,1218.4267578125,0.005040860358800193
2022-11-20,1142.4666748046875,-0.06437080909304099
2022-11-21,1108.35302734375,-0.030314520385908678
2022-11-22,1135.1734619140625,0.02391031482250567
2022-11-23,1183.1995849609375,0.04143681250133043
2022-11-24,1203.983154296875,0.017413073703338354
2022-11-25,1198.9259033203125,-0.004209279937229201
2022-11-26,1205.89794921875,0.005798400099244531
2022-11-27,1195.126953125,-0.008972058837567288
2022-11-28,1170.086181640625,-0.021175011046580646
2022-11-29,1216.9012451171875,0.039230258929018644
2022-11-30,1295.6885986328125,0.06273462567793706
2022-12-01,1276.27392578125,-0.015097452965501135
2022-12-02,1294.3033447265625,0.01402775539992225
2022-12-03,1243.3348388671875,-0.0401754367881954
2022-12-04,1280.256591796875,0.029263364310925348
2022-12-05,1259.6767578125,-0.01620537355058696
2022-12-06,1271.65380859375,0.009463118187259801
2022-12-07,1232.4375,-0.0313243491098491
2022-12-08,1281.1163330078125,0.0387379172952175
2022-12-09,1264.2847900390625,-0.01322525408327693
2022-12-10,1266.3841552734375,0.0016591389560043366
2022-12-11,1263.8685302734375,-0.001988438422173628
2022-12-12,1274.6190185546875,0.008470045525837319
2022-12-13,1320.5491943359375,0.03540038140457801
2022-12-14,1309.3287353515625,-0.008533116264882437
2022-12-15,1266.3538818359375,-0.03337277794308664
2022-12-16,1168.2593994140625,-0.0806268638905218
2022-12-17,1188.1495361328125,0.016882136897420404
2022-12-18,1184.7152099609375,-0.002894668628354817
2022-12-19,1167.60986328125,-0.014543609111301283
2022-12-20,1217.70361328125,0.0420079933812273
2022-12-21,1213.5999755859375,-0.0033756718913286222
2022-12-22,1218.18212890625,0.0037685602956308416
2022-12-23,1220.159423828125,0.001621836246093409
2022-12-24,1221.1485595703125,0.0008103326602292066
2022-12-25,1218.9620361328125,-0.001792151574256242
2022-12-26,1226.974365234375,0.00655156671818168
2022-12-27,1212.7916259765625,-0.011626442101575315
2022-12-28,1189.986083984375,-0.01898321825514631
2022-12-29,1201.5953369140625,0.009708508365278899
2022-12-30,1199.2327880859375,-0.0019681122243845202
2022-12-31,1196.771240234375,-0.002054711668669348
2023-01-01,1200.96484375,0.0034979727916243848
2023-01-02,1214.6566162109375,0.011336146257185528
2023-01-03,1214.77880859375,0.0001005932338583726
2023-01-04,1256.526611328125,0.033789247030115384
2023-01-05,1250.4385986328125,-0.004856888032440565
2023-01-06,1269.3790283203125,0.015033458138128267
2023-01-07,1264.2703857421875,-0.004032641195671222
2023-01-08,1287.3594970703125,0.018098033492420517
2023-01-09,1321.5389404296875,0.026203702356813165
2023-01-10,1336.5860595703125,0.011321724802568729
2023-01-11,1387.9327392578125,0.03769675589136458
2023-01-12,1417.9384765625,0.0213886375326417
2023-01-13,1451.6148681640625,0.02347259921327141
2023-01-14,1550.7069091796875,0.06603425849276162
2023-01-15,1552.4794921875,0.0011424277960363034
2023-01-16,1576.83349609375,0.015565394516856727
2023-01-17,1567.8460693359375,-0.005715972671190544
2023-01-18,1515.5069580078125,-0.03395273830849871
2023-01-19,1552.5565185546875,0.024152930294644374
2023-01-20,1659.754150390625,0.06676655019692047
2023-01-21,1627.1181640625,-0.01985903666710156
2023-01-22,1628.382080078125,0.0007764804081359887
2023-01-23,1628.2510986328125,-8.043979054159996e-05
2023-01-24,1556.604248046875,-0.04499980858207428
2023-01-25,1611.7110595703125,0.03478969998133842
2023-01-26,1603.10595703125,-0.005353413924201911
2023-01-27,1598.156494140625,-0.003092196850388313
2023-01-28,1572.43505859375,-0.01622536325299565
2023-01-29,1646.1556396484375,0.04581724352364491
2023-01-30,1567.3265380859375,-0.04907132817840732
2023-01-31,1586.535400390625,0.012181319413260568
2023-02-01,1641.792724609375,0.034236124265502516
2023-02-02,1643.2415771484375,0.0008820928489129534
2023-02-03,1664.74560546875,0.013001459829638557
2023-02-04,1667.0592041015625,0.0013887962452246037
2023-02-05,1631.6458740234375,-0.02147187445568897
2023-02-06,1616.2470703125,-0.009482405582902836
2023-02-07,1672.0035400390625,0.03391579345123584
2023-02-08,1650.716796875,-0.012813015981606406
2023-02-09,1546.438232421875,-0.06525524381958801
2023-02-10,1514.869140625,-0.020625312701673705
2023-02-11,1539.9267578125,0.0164057960268752
2023-02-12,1515.03369140625,-0.016297178166478982
2023-02-13,1507.1658935546875,-0.005206681693073825
2023-02-14,1556.8751220703125,0.03244968986860499
2023-02-15,1673.7459716796875,0.07238352581533516
2023-02-16,1640.067626953125,-0.020326734323949925
2023-02-17,1694.7833251953125,0.03281742398510526
2023-02-18,1691.8194580078125,-0.0017503487323079013
2023-02-19,1681.4361572265625,-0.006156268459437538
2023-02-20,1702.6751708984375,0.012552360417918552
2023-02-21,1658.036376953125,-0.026566647410582005
2023-02-22,1643.231689453125,-0.00896915151985511
2023-02-23,1651.0738525390625,0.004761050728024831
2023-02-24,1608.3731689453125,-0.026202681869558177
2023-02-25,1594.9149169921875,-0.00840282283684143
2023-02-26,1640.817138671875,0.028373981800463556
2023-02-27,1634.326416015625,-0.003963631545004294
2023-02-28,1605.8951416015625,-0.017549419753221152
2023-03-01,1663.4337158203125,0.035202647729229694
2023-03-02,1647.3193359375,-0.009734647607413407
2023-03-03,1569.1676025390625,-0.04860403256495921
2023-03-04,1566.9239501953125,-0.0014308592008995468
2023-03-05,1564.46875,-0.0015681205990365002
2023-03-06,1567.398681640625,0.0018710450294194586
2023-03-07,1561.93310546875,-0.0034931302279607333
2023-03-08,1534.0882568359375,-0.017987989214627065
2023-03-09,1438.6607666015625,-0.0642235774267601
2023-03-10,1429.1580810546875,-0.006627141274041085
2023-03-11,1482.61669921875,0.03672305026517496
2023-03-12,1590.29296875,0.07010968968857462
2023-03-13,1680.3089599609375,0.05505942491105563
2023-03-14,1703.507080078125,0.013711433059796017
2023-03-15,1656.1805419921875,-0.02817504134257235
2023-03-16,1677.2154541015625,0.012620877536401303
2023-03-17,1792.485107421875,0.06646803468576686
2023-03-18,1761.65966796875,-0.017346627309423105
2023-03-19,1785.5765380859375,0.013484995730340676
2023-03-20,1735.3212890625,-0.028548776334941985
2023-03-21,1806.7607421875,0.040343019478490526
2023-03-22,1737.717041015625,-0.03896339040133463
2023-03-23,1816.4051513671875,0.044287149920960535
2023-03-24,1752.0447998046875,-0.0360757934168494
2023-03-25,1743.7647705078125,-0.004737125758273195
2023-03-26,1775.6767578125,0.018135185174940865
2023-03-27,1715.4608154296875,-0.03449988069985198
2023-03-28,1772.78564453125,0.0328703783446537
2023-03-29,1793.0018310546875,0.01133909593298425
2023-03-30,1792.7371826171875,-0.0001476116566049356
2023-03-31,1822.0220947265625,0.016203321208017745
2023-04-01,1813.860595703125,-0.004489425774266541
2023-04-02,1795.7081298828125,-0.010058054151126426
2023-04-03,1810.297119140625,0.008091540554718994
2023-04-04,1871.005126953125,0.03298480148175826
2023-04-05,1909.114013671875,0.020163479742369993
2023-04-06,1872.922607421875,-0.019139164759578154
2023-04-07,1865.6361083984375,-0.0038980306602721957
2023-04-08,1849.4981689453125,-0.008687729568505954
2023-04-09,1859.3878173828125,0.005332960847435061
2023-04-10,1911.20751953125,0.027487948366718452
2023-04-11,1892.189697265625,-0.010000523048081017
2023-04-12,1920.68212890625,0.014945669987220005
2023-04-13,2012.6346435546875,0.046764233285983225
2023-04-14,2101.635498046875,0.04327121850679108
2023-04-15,2092.466796875,-0.004372194635680744
2023-04-16,2120.005859375,0.01307519696283164
2023-04-17,2076.242919921875,-0.020858880628287772
2023-04-18,2104.537353515625,0.013535686517087031
2023-04-19,1936.4034423828125,-0.08326330162021342
2023-04-20,1943.09765625,0.0034510728781589465
2023-04-21,1849.9998779296875,-0.04909785657670007
2023-04-22,1874.2286376953125,0.013011608441518507
2023-04-23,1862.06201171875,-0.006512699424307824
2023-04-24,1842.7574462890625,-0.010421420187486955
2023-04-25,1866.753662109375,0.01293785075247709
2023-04-26,1866.564208984375,-0.00010149316597420684
2023-04-27,1908.786376953125,0.022368215844306497
2023-04-28,1892.5128173828125,-0.008562156334883395
2023-04-29,1908.9169921875,0.008630582412971032
2023-04-30,1876.92431640625,-0.016901626227118747
2023-05-01,1831.954833984375,-0.024250823208415286
2023-05-02,1870.789306640625,0.020976818915212612
2023-05-03,1904.65185546875,0.017938807917938802
2023-05-04,1877.7041015625,-0.01424943087374444
2023-05-05,1995.0609130859375,0.060624774782092564
2023-05-06,1900.2218017578125,-0.04870396562452302
2023-05-07,1873.076416015625,-0.01438839576966011
2023-05-08,1849.042724609375,-0.012914162345005442
2023-05-09,1848.6031494140625,-0.00023775948933960428
2023-05-10,1842.4014892578125,-0.0033604216734156264
2023-05-11,1796.4906005859375,-0.0252347823613429
2023-05-12,1808.019775390625,0.006397104138644187
2023-05-13,1796.1148681640625,-0.006606274016334965
2023-05-14,1800.5009765625,0.0024390208808186785
2023-05-15,1817.5499267578125,0.009424453575591261
2023-05-16,1824.1214599609375,0.0036090792596990724
2023-05-17,1821.859619140625,-0.0012407311290979063
2023-05-18,1801.728515625,-0.011111257616523266
2023-05-19,1812.5894775390625,0.006009982865914986
2023-05-20,1820.47802734375,0.004342645541990229
2023-05-21,1804.5313720703125,-0.008798188574408906
2023-05-22,1817.5347900390625,0.007180141528087589
2023-05-23,1854.380615234375,0.020069668217180633
2023-05-24,1800.0999755859375,-0.029708534807232487
2023-05-25,1805.9537353515625,0.0032466321229346956
2023-05-26,1828.689697265625,0.01251086049601085
2023-05-27,1831.1182861328125,0.0013271675643503394
2023-05-28,1910.9141845703125,0.04265489268129995
2023-05-29,1893.078125,-0.009377616370766508
2023-05-30,1901.026611328125,0.004189920157065887
2023-05-31,1874.1304931640625,-0.014249247118842005
2023-06-01,1862.201416015625,-0.00638547001263108
2023-06-02,1907.256591796875,0.023906525289625592
2023-06-03,1892.4124755859375,-0.007813412940096475
2023-06-04,1890.5135498046875,-0.0010039455849781425
2023-06-05,1811.828369140625,-0.04251202751853726
2023-06-06,1884.494873046875,0.03932332901333518
2023-06-07,1832.39599609375,-0.028035415163873995
2023-06-08,1846.3018798828125,0.0075602566414878485
2023-06-09,1840.2252197265625,-0.003296688452608854
2023-06-10,1752.384765625,-0.04891038267058314
2023-06-11,1753.415283203125,0.0005878929736166297
2023-06-12,1742.5286865234375,-0.006228150087489563
2023-06-13,1739.03759765625,-0.002005470958931595
2023-06-14,1650.519287109375,-0.05224189755336001
2023-06-15,1665.519775390625,0.009047294268028925
2023-06-16,1716.6688232421875,0.030248430137366594
2023-06-17,1727.2041015625,0.006118292640112686
2023-06-18,1720.5775146484375,-0.0038439761048233256
2023-06-19,1737.659423828125,0.009879050169205828
2023-06-20,1792.1199951171875,0.030860224903017826
2023-06-21,1891.0072021484375,0.05371032444261626
2023-06-22,1872.9429931640625,-0.009598611426714983
2023-06-23,1892.862060546875,0.010579014510562092
2023-06-24,1876.0596923828125,-0.00891633235310276
2023-06-25,1900.506103515625,0.012946551928309864
2023-06-26,1859.432861328125,-0.021848693008354386
2023-06-27,1889.703369140625,0.016148341244193565
2023-06-28,1827.97119140625,-0.03321315592616908
2023-06-29,1852.227294921875,0.013182144849619147
2023-06-30,1933.18896484375,0.04278209460658562
2023-07-01,1924.56591796875,-0.004470507587039554
2023-07-02,1937.4383544921875,0.006666219550552589
2023-07-03,1955.38916015625,0.0092225678282851
2023-07-04,1936.633544921875,-0.009638052931703962
2023-07-05,1910.5880126953125,-0.013540124870224116
2023-07-06,1848.636474609375,-0.03296272813878402
2023-07-07,1870.6025390625,0.01181226577883662
2023-07-08,1865.53955078125,-0.0027102777457200535
2023-07-09,1863.009765625,-0.0013569811365045717
2023-07-10,1880.556396484375,0.009374355145353378
2023-07-11,1878.3360595703125,-0.0011813783970974622
2023-07-12,1872.11376953125,-0.003318159704377879
2023-07-13,2006.511474609375,0.06932947889636883
2023-07-14,1939.3470458984375,-0.03404628728508812
2023-07-15,1931.466552734375,-0.0040717558988269615
2023-07-16,1923.681884765625,-0.004038588228567911
2023-07-17,1911.6461181640625,-0.006276285158144104
2023-07-18,1897.5992431640625,-0.007375181874016909
2023-07-19,1889.0079345703125,-0.0045377420643504885
2023-07-20,1890.9691162109375,0.0010376686367426272
2023-07-21,1892.080078125,0.0005873367693250364
2023-07-22,1864.912353515625,-0.014462737766929305
2023-07-23,1889.191650390625,0.012934982819089802
2023-07-24,1850.0020751953125,-0.020962278559767157
2023-07-25,1857.741943359375,0.0041749804559229105
2023-07-26,1872.159912109375,0.007731056269678713
2023-07-27,1860.357177734375,-0.006324297212905574
2023-07-28,1874.744873046875,0.007704082126493944
2023-07-29,1881.06884765625,0.0033675688178804075
2023-07-30,1861.643798828125,-0.01038029102636269
2023-07-31,1856.162353515625,-0.002948754754670777
2023-08-01,1871.7921142578125,0.008385216320091819
2023-08-02,1839.0897216796875,-0.01762558908303738
2023-08-03,1835.136474609375,-0.0021518809047709076
2023-08-04,1827.712890625,-0.004053453150028359
2023-08-05,1834.9879150390625,0.003972496999979245
2023-08-06,1827.4620361328125,-0.0041097569109865275
2023-08-07,1826.9388427734375,-0.00028633605358925553
2023-08-08,1855.807373046875,0.015678040193483508
2023-08-09,1854.297607421875,-0.0008138668400405227
2023-08-10,1850.75341796875,-0.0019131669226014547
2023-08-11,1847.1243896484375,-0.0019627633330058995
2023-08-12,1848.889892578125,0.0009553551091288965
2023-08-13,1839.2801513671875,-0.005211127926941038
2023-08-14,1844.185791015625,0.002663601415372453
2023-08-15,1826.9327392578125,-0.009399412543856542
2023-08-16,1805.6590576171875,-0.011712807846728535
2023-08-17,1684.9334716796875,-0.06919957367312145
2023-08-18,1660.945068359375,-0.014339321685126798
2023-08-19,1669.471923828125,0.005120604489073207
2023-08-20,1684.85205078125,0.009170393112570728
2023-08-21,1667.26904296875,-0.010490772010026319
2023-08-22,1633.892578125,-0.020221731633509595
2023-08-23,1679.2744140625,0.02739655111452215
2023-08-24,1659.944580078125,-0.011577587413650496
2023-08-25,1652.93505859375,-0.004231685246031956
2023-08-26,1646.3067626953125,-0.004018077591921441
2023-08-27,1657.5130615234375,0.006783869824214082
2023-08-28,1652.4573974609375,-0.0030548115499609385
2023-08-29,1729.7257080078125,0.045699333902423034
2023-08-30,1705.1121826171875,-0.014331940827344741
2023-08-31,1645.63916015625,-0.0355020488675533
2023-09-01,1628.4912109375,-0.01047490726975087
2023-09-02,1637.025390625,0.005226860039809269
2023-09-03,1636.11767578125,-0.0005546441744855993
2023-09-04,1629.6552734375,-0.003957660792301494
2023-09-05,1633.62939453125,0.00243565821728136
2023-09-06,1632.2523193359375,-0.0008433099527620387
2023-09-07,1647.5982666015625,0.009357779476783406
2023-09-08,1636.1378173828125,-0.006980156417867569
2023-09-09,1635.162353515625,-0.0005963768808357888
2023-09-10,1616.828857421875,-0.011275362778105829
2023-09-11,1551.6376953125,-0.041155784660778155
2023-09-12,1592.429443359375,0.025949851133000575
2023-09-13,1607.988525390625,0.009723232880359704
2023-09-14,1626.974365234375,0.011738037483995224
2023-09-15,1641.640380859375,0.008973901904285443
2023-09-16,1635.2216796875,-0.003917595103213167
2023-09-17,1622.896728515625,-0.00756572255383155
2023-09-18,1637.3470458984375,0.00886462056818693
2023-09-19,1643.544677734375,0.00377802117826014
2023-09-20,1622.890625,-0.012646402630916957
2023-09-21,1584.3070068359375,-0.024061803567986477
2023-09-22,1593.268310546875,0.005640355663340097
2023-09-23,1593.8577880859375,0.00036991165554260767
2023-09-24,1580.8533935546875,-0.008192535649686675
2023-09-25,1588.3228759765625,0.004713840832936816
2023-09-26,1593.417236328125,0.0032022506710494814
2023-09-27,1597.4912109375,0.0025534902616827573
2023-09-28,1652.8826904296875,0.03408644314956767
2023-09-29,1667.94384765625,0.009070790251801169
2023-09-30,1671.161865234375,0.0019274733123827276
2023-10-01,1733.8104248046875,0.03680243191831558
2023-10-02,1663.6275634765625,-0.041321046804449396
2023-10-03,1656.6856689453125,-0.004181475758509447
2023-10-04,1647.838134765625,-0.005354814095119953
2023-10-05,1611.4764404296875,-0.022313404954047225
2023-10-06,1645.83154296875,0.021094951228287365
2023-10-07,1634.51123046875,-0.006901935694143669
2023-10-08,1633.548583984375,-0.0005891241696125072
2023-10-09,1579.806640625,-0.03345223367968119
2023-10-10,1567.7130126953125,-0.007684582639813547
2023-10-11,1566.2547607421875,-0.0009306107553027609
2023-10-12,1539.6124267578125,-0.017156552988921717
2023-10-13,1552.0894775390625,0.008071359338065555
2023-10-14,1555.2568359375,0.0020386266452902587
2023-10-15,1558.06982421875,0.0018070632180871068
2023-10-16,1600.5343017578125,0.026889749083233872
2023-10-17,1565.4395751953125,-0.022170848827160933
2023-10-18,1563.7498779296875,-0.0010799585356926883
2023-10-19,1567.45703125,0.0023678761320827203
2023-10-20,1604.6668701171875,0.023461596611029707
2023-10-21,1629.304443359375,0.015237024402029384
2023-10-22,1663.429931640625,0.020728492662093912
2023-10-23,1765.3826904296875,0.05948579411234405
2023-10-24,1784.4375,0.010735750862524152
2023-10-25,1787.3975830078125,0.0016574582065942418
2023-10-26,1804.039306640625,0.009267512281385481
2023-10-27,1780.0452880859375,-0.013389403281273107
2023-10-28,1776.6181640625,-0.0019271573654481044
2023-10-29,1795.5460205078125,0.010597516022088605
2023-10-30,1810.088623046875,0.008066641706526727
2023-10-31,1816.458984375,0.0035131858560219814
2023-11-01,1847.0897216796875,0.01672228407156463
2023-11-02,1800.6209716796875,-0.025479687340772706
2023-11-03,1832.795166015625,0.017710624992429473
2023-11-04,1857.6986083984375,0.013496199648100346
2023-11-05,1894.15771484375,0.01943584775415104
2023-11-06,1899.83740234375,0.002994042726694137
2023-11-07,1888.124267578125,-0.006184419547505903
2023-11-08,1889.3223876953125,0.0006343545080602957
2023-11-09,2120.56103515625,0.11546245314063243
2023-11-10,2078.289794921875,-0.020135351367736306
2023-11-11,2052.7138671875,-0.012382586227762105
2023-11-12,2045.18701171875,-0.003673521715431939
2023-11-13,2055.265380859375,0.004915745127926334
2023-11-14,1979.0526123046875,-0.03778672714976199
2023-11-15,2060.408447265625,0.040285986954170384
2023-11-16,1960.881591796875,-0.049510074669642364
2023-11-17,1961.28076171875,0.00020354584398841086
2023-11-18,1963.2850341796875,0.0010213984116557823
2023-11-19,2013.2044677734375,0.025108607052151122
2023-11-20,2022.2391357421875,0.004477665382766092
2023-11-21,1937.0667724609375,-0.04303052460772693
2023-11-22,2064.42529296875,0.063677023255911
2023-11-23,2062.210693359375,-0.0010733196866971198
2023-11-24,2081.152099609375,0.009143074911916294
2023-11-25,2084.4130859375,0.0015656876553503114
2023-11-26,2063.2861328125,-0.010187400160361982
2023-11-27,2027.4173583984375,-0.01753717607781748
2023-11-28,2049.338134765625,0.01075413409883308
2023-11-29,2029.92919921875,-0.009515964716186757
2023-11-30,2052.55615234375,0.011085004780645596
2023-12-01,2087.139892578125,0.016708736318532355
2023-12-02,2165.7041015625,0.036950872390593706
2023-12-03,2193.691650390625,0.012840281062667463
2023-12-04,2243.2158203125,0.02232466063191427
2023-12-05,2293.841796875,0.022317582058232845
2023-12-06,2231.661376953125,-0.027481732281027516
2023-12-07,2357.57958984375,0.054889175053788056
2023-12-08,2358.73193359375,0.0004886631288898086
2023-12-09,2341.17529296875,-0.007471093126813073
2023-12-10,2352.462646484375,0.004809648899278448
2023-12-11,2224.578857421875,-0.05589509399028756
2023-12-12,2202.0380859375,-0.010184285922753354
2023-12-13,2260.648681640625,0.02626846515737028
2023-12-14,2316.5791015625,0.024439772933182627
2023-12-15,2219.33740234375,-0.042882888386342424
2023-12-16,2226.926513671875,0.003413705907421287
2023-12-17,2196.481201171875,-0.013765763969279048
2023-12-18,2217.2734375,0.009421633885768003
2023-12-19,2177.87255859375,-0.017929749988651676
2023-12-20,2201.911376953125,0.010977281118820084
2023-12-21,2239.54248046875,0.01694580433910401
2023-12-22,2326.52490234375,0.03810410081071799
2023-12-23,2309.04638671875,-0.0075410763271413625
2023-12-24,2265.692138671875,-0.018954327455434107
2023-12-25,2272.561767578125,0.0030274349100100914
2023-12-26,2231.46533203125,-0.018249257910316962
2023-12-27,2378.739990234375,0.06391246238319338
2023-12-28,2347.566162109375,-0.013191815850142955
2023-12-29,2300.690673828125,-0.02016974495032379
2023-12-30,2292.0654296875,-0.0037560253958340796
2023-12-31,2281.47119140625,-0.004632851164384597
2024-01-01,2352.327880859375,0.030584931182947857
2024-01-02,2355.83642578125,0.0014904091458289848
2024-01-03,2210.761962890625,-0.06355859889814774
2024-01-04,2269.0380859375,0.02601875530193544
2024-01-05,2268.647216796875,-0.00017227688370381207
2024-01-06,2241.624755859375,-0.011982773739482165
2024-01-07,2222.865966796875,-0.008403601048354675
2024-01-08,2333.03271484375,0.04837167626578345
2024-01-09,2344.8271484375,0.005042672902309552
2024-01-10,2582.103515625,0.09639269438375239
2024-01-11,2619.619140625,0.01442455815505959
2024-01-12,2524.460205078125,-0.0370016813266483
2024-01-13,2576.597900390625,0.02044262579299757
2024-01-14,2472.2412109375,-0.04134477342382033
2024-01-15,2511.36376953125,0.015700827990378897
2024-01-16,2587.691162109375,0.02994009487308685
2024-01-17,2528.369384765625,-0.023191451936679628
2024-01-18,2467.018798828125,-0.02456412536699194
2024-01-19,2489.49853515625,0.009070841056131802
2024-01-20,2469.589111328125,-0.008029513578219509
2024-01-21,2453.9130859375,-0.006367856754760762
2024-01-22,2310.826416015625,-0.060078711952873384
2024-01-23,2240.68603515625,-0.030823131733317907
2024-01-24,2233.561767578125,-0.003184568183573405
2024-01-25,2217.710205078125,-0.007122292057593543
2024-01-26,2267.19970703125,0.02207023630298454
2024-01-27,2267.885986328125,0.0003026532897133695
2024-01-28,2257.208740234375,-0.004719134760411953
2024-01-29,2317.064208984375,0.026171977924215557
2024-01-30,2344.49365234375,0.01176849488962161
2024-01-31,2282.54443359375,-0.02677865170655261
2024-02-01,2303.82470703125,0.009279857551232404
2024-02-02,2308.0380859375,0.0018271922941494475
2024-02-03,2296.038330078125,-0.005212677612854426
2024-02-04,2289.546142578125,-0.002831565693074856
2024-02-05,2298.888916015625,0.0040723193113711
2024-02-06,2372.201904296875,0.03139267114716761
2024-02-07,2423.7451171875,0.021495315634996223
2024-02-08,2419.906494140625,-0.0015850123660973584
2024-02-09,2487.515625,0.02755557080068565
2024-02-10,2501.228271484375,0.005497448377436639
2024-02-11,2507.570556640625,0.00253245888425133
2024-02-12,2658.115966796875,0.058303209983912196
2024-02-13,2642.185302734375,-0.006011247747516866
2024-02-14,2777.90234375,0.05008974934052923
2024-02-15,2824.37890625,0.016592393955267286
2024-02-16,2803.69140625,-0.0073515759483139004
2024-02-17,2786.672607421875,-0.006088638007300581
2024-02-18,2878.998046875,0.032594062949665735
2024-02-19,2943.57470703125,0.022182396278410905
2024-02-20,3013.503662109375,0.023478679670532847
2024-02-21,2970.35546875,-0.014421777074224512
2024-02-22,2971.00732421875,0.0002194296137367094
2024-02-23,2921.658203125,-0.01674972883315023
2024-02-24,2992.385986328125,0.02391972503621166
2024-02-25,3112.697265625,0.03941858037918275
2024-02-26,3178.99365234375,0.021075046883897865
2024-02-27,3244.519287109375,0.020402514436179256
2024-02-28,3385.703857421875,0.042594619378036463
2024-02-29,3341.919677734375,-0.01301642330107799
2024-03-01,3435.053955078125,0.02748723730369188
2024-03-02,3422.0498046875,-0.0037929033703291183
2024-03-03,3490.99365234375,0.01994668020261981
2024-03-04,3630.433837890625,0.03916574587631504
2024-03-05,3554.964599609375,-0.02100705041604603
2024-03-06,3819.226318359375,0.07170276235487734
2024-03-07,3874.34765625,0.014329434214494483
2024-03-08,3892.06103515625,0.004561544550283379
2024-03-09,3915.4189453125,0.005983487605016488
2024-03-10,3881.193115234375,-0.008779723722582707
2024-03-11,4066.445068359375,0.04662655990742743
2024-03-12,3980.273193359375,-0.02141871171114795
2024-03-13,4006.45703125,0.0065568589305074676
2024-03-14,3883.140380859375,-0.031263114641918506
2024-03-15,3735.22021484375,-0.038837426132550194
2024-03-16,3522.860107421875,-0.058533586440877035
2024-03-17,3642.4130859375,0.03337320749759714
2024-03-18,3517.985107421875,-0.0347579846458721
2024-03-19,3157.6181640625,-0.10807041521511272
2024-03-20,3513.39306640625,0.1067642582840092
2024-03-21,3492.9912109375,-0.005823806495559265
2024-03-22,3333.68798828125,-0.046679254477822354
2024-03-23,3336.593994140625,0.0008713292933912685
2024-03-24,3454.636474609375,0.03476671005015741
2024-03-25,3590.8837890625,0.03868111850586601
2024-03-26,3587.5048828125,-0.0009414108524901415
2024-03-27,3500.115234375,-0.024661050087006715
2024-03-28,3561.2939453125,0.017328054549411043
2024-03-29,3511.80615234375,-0.013993468162303119
2024-03-30,3507.9443359375,-0.0011002718123070431
2024-03-31,3647.8564453125,0.03910951318856647
2024-04-01,3505.030029296875,-0.03994063181430367
2024-04-02,3277.234619140625,-0.06719912514607995
2024-04-03,3311.44189453125,0.010383749354783272
2024-04-04,3330.04052734375,0.0056007620735010885
2024-04-05,3318.88525390625,-0.003355514641428632
2024-04-06,3354.183837890625,0.010579513784222233
2024-04-07,3453.49462890625,0.02917818085012781
2024-04-08,3695.292724609375,0.06767311879336713
2024-04-09,3505.163330078125,-0.05282265451086566
2024-04-10,3543.737060546875,0.010944718575246242
2024-04-11,3505.247802734375,-0.010920619373458104
2024-04-12,3243.034912109375,-0.0777516251273086
2024-04-13,3004.900390625,-0.07626517308246297
2024-04-14,3156.94189453125,0.04935938456730983
2024-04-15,3101.600341796875,-0.017685586551786654
2024-04-16,3084.920166015625,-0.0053924386671186314
2024-04-17,2984.7275390625,-0.03301731292502222
2024-04-18,3066.027587890625,0.026874312433905416
2024-04-19,3059.278564453125,-0.0022036534993674084
2024-04-20,3157.627197265625,0.03164173368360714
2024-04-21,3147.28857421875,-0.0032795465278029896
2024-04-22,3201.652099609375,0.017125645633405677
2024-04-23,3219.91162109375,0.005686954607987599
2024-04-24,3139.80517578125,-0.02519316024865432
2024-04-25,3156.509521484375,0.0053060832242908225
2024-04-26,3130.164794921875,-0.008381181989109839
2024-04-27,3252.168212890625,0.03823626302807226
2024-04-28,3262.774658203125,0.0032560391987989765
2024-04-29,3215.428955078125,-0.014617183696819814
2024-04-30,3012.286865234375,-0.06526122564673095
2024-05-01,2969.78466796875,-0.014210098365436501
2024-05-02,2988.16845703125,0.0061711957178097335
2024-05-03,3103.5419921875,0.03788339383392521
2024-05-04,3117.576416015625,0.004511872854835109
2024-05-05,3137.2490234375,0.006290398503118544
2024-05-06,3062.728759765625,-0.024040038580963836
2024-05-07,3006.5771484375,-0.018503998431245543
2024-05-08,2973.6572265625,-0.011009687024774535
2024-05-09,3036.0205078125,0.02075502969805707
2024-05-10,2909.791259765625,-0.04246626781829076
2024-05-11,2911.60205078125,0.0006221160390406102
2024-05-12,2928.701904296875,0.005855826173073679
2024-05-13,2949.359619140625,0.007028779746072382
2024-05-14,2881.157958984375,-0.023395786097884168
2024-05-15,3037.056640625,0.05269655364749689
2024-05-16,2945.131103515625,-0.03073550264355441
2024-05-17,3094.11865234375,0.04934976715389137
2024-05-18,3122.948974609375,0.009274638996405352
2024-05-19,3071.843017578125,-0.01650002665483795
2024-05-20,3663.85546875,0.1762382868010669
2024-05-21,3789.312744140625,0.03366866891950014
2024-05-22,3737.2177734375,-0.013843244909627229
2024-05-23,3776.92724609375,0.010569357450196248
2024-05-24,3726.9345703125,-0.01332471644000898
2024-05-25,3749.236572265625,0.005966173775721023
2024-05-26,3825.8974609375,0.020240831539787035
2024-05-27,3892.0068359375,0.017131850662020102
2024-05-28,3840.25634765625,-0.01338579915596923
2024-05-29,3763.196533203125,-0.020270383528343885
2024-05-30,3746.849609375,-0.004353355314895978
2024-05-31,3760.026611328125,0.0035106521272609877
2024-06-01,3813.198974609375,0.014042427874062515
2024-06-02,3780.89599609375,-0.00850744518516571
2024-06-03,3766.38916015625,-0.0038442575052388345
2024-06-04,3812.515869140625,0.012172544281108134
2024-06-05,3864.260986328125,0.0134811527925156
2024-06-06,3811.60595703125,-0.013719845755309394
2024-06-07,3678.629150390625,-0.035510442059965494
2024-06-08,3680.949951171875,0.0006306884744769404
2024-06-09,3705.90380859375,0.006756314164966851
2024-06-10,3666.717529296875,-0.010630316278621378
2024-06-11,3498.33056640625,-0.047010981983524644
2024-06-12,3559.61767578125,0.017367270976327228
2024-06-13,3469.28125,-0.025705704714259914
2024-06-14,3480.27197265625,0.0031630038557184355
2024-06-15,3565.549560546875,0.024207752622054518
2024-06-16,3620.5634765625,0.015311473816653392
2024-06-17,3511.37890625,-0.030620859117855167
2024-06-18,3483.681396484375,-0.00791920392908301
2024-06-19,3559.347412109375,0.021487609668652853
2024-06-20,3511.0869140625,-0.013651565186732603
2024-06-21,3516.07568359375,0.0014198534045649273
2024-06-22,3494.8134765625,-0.006065499463015878
2024-06-23,3418.61181640625,-0.022045438571424145
2024-06-24,3350.25634765625,-0.020197702440774193
2024-06-25,3395.029052734375,0.013275453882714556
2024-06-26,3369.477294921875,-0.0075546915107269795
2024-06-27,3444.800537109375,0.022108376577073693
2024-06-28,3373.635986328125,-0.020874913112926562
2024-06-29,3372.9677734375,-0.00019808867293944407
2024-06-30,3432.88916015625,0.0176092256091079
2024-07-01,3440.341552734375,0.0021685276720193785
2024-07-02,3416.354736328125,-0.006996638978035451
2024-07-03,3292.916748046875,-0.03680039448140592
2024-07-04,3054.52197265625,-0.07515061496466699
2024-07-05,2981.5986328125,-0.02416349597673571
2024-07-06,3069.3779296875,0.029015301659585414
2024-07-07,2929.38720703125,-0.046681655503527444
2024-07-08,3018.73193359375,0.030043596872678595
2024-07-09,3064.032958984375,0.014895154999188484
2024-07-10,3102.21875,0.012385572618808289
2024-07-11,3100.330810546875,-0.0006087624106830084
2024-07-12,3134.15869140625,0.010851959194587995
2024-07-13,3177.19873046875,0.013639128129379254
2024-07-14,3244.0791015625,0.02083161371346049
2024-07-15,3489.552734375,0.07294205174733923
2024-07-16,3443.513427734375,-0.013281276223357542
2024-07-17,3388.75244140625,-0.016030453163747214
2024-07-18,3426.258544921875,0.011007020314281727
2024-07-19,3505.73486328125,0.02293129734260735
2024-07-20,3519.29541015625,0.003860642072703653
2024-07-21,3536.60546875,0.004906557962795613
2024-07-22,3440.419921875,-0.02757382571951999
2024-07-23,3481.995849609375,0.01201211514150231
2024-07-24,3336.33935546875,-0.04273144480608136
2024-07-25,3174.42724609375,-0.049746983442823564
2024-07-26,3275.951416015625,0.03148111446436276
2024-07-27,3247.60791015625,-0.00868963790870826
2024-07-28,3271.464599609375,0.007319076729185486
2024-07-29,3320.539306640625,0.014889437070117674
2024-07-30,3278.667724609375,-0.012690053134925989
2024-07-31,3231.295654296875,-0.014553970196310946
2024-08-01,3201.564453125,-0.009243606225469832
2024-08-02,2986.01318359375,-0.0697004676962146
2024-08-03,2903.3857421875,-0.028061560938994944
2024-08-04,2686.39892578125,-0.07767594583538323
2024-08-05,2417.206298828125,-0.10558915612966015
2024-08-06,2458.723876953125,0.01703001480287719
2024-08-07,2336.58935546875,-0.05095014041494539
2024-08-08,2683.352783203125,0.13837472540841295
2024-08-09,2599.5986328125,-0.03170999001911175
2024-08-10,2610.02294921875,0.004001952984403117
2024-08-11,2553.252197265625,-0.021991096048381804
2024-08-12,2724.431884765625,0.06489200567317865
2024-08-13,2703.671875,-0.00764912091036673
2024-08-14,2662.914794921875,-0.015189492393236552
2024-08-15,2570.087646484375,-0.0354813084052289
2024-08-16,2593.1865234375,0.008947435404047986
2024-08-17,2614.546875,0.008203365923541336
2024-08-18,2613.357177734375,-0.00045513355798471977
2024-08-19,2637.306396484375,0.00912242214579242
2024-08-20,2573.10693359375,-0.02464399960665874
2024-08-21,2631.3955078125,0.022400224476040245
2024-08-22,2622.951416015625,-0.0032141383843607603
2024-08-23,2764.447021484375,0.05254044432685606
2024-08-24,2769.3896484375,0.0017863296523750458
2024-08-25,2749.15771484375,-0.0073323731435487914
2024-08-26,2681.340576171875,-0.024977694805671382
2024-08-27,2458.7265625,-0.08667332605342254
2024-08-28,2528.41552734375,0.027949274377880376
2024-08-29,2528.792724609375,0.00014917213115699394
2024-08-30,2525.822021484375,-0.001175442092530881
2024-08-31,2513.393798828125,-0.004932611857998876
2024-09-01,2427.90234375,-0.03460629942396255
2024-09-02,2538.187255859375,0.04442249591739869
2024-09-03,2420.603759765625,-0.04743315088676016
2024-09-04,2448.97705078125,0.011653410515005637
2024-09-05,2367.737548828125,-0.03373552861438753
2024-09-06,2223.87646484375,-0.06268304999646476
2024-09-07,2274.107177734375,0.022335697564614773
2024-09-08,2297.29296875,0.010143933626153243
2024-09-09,2358.482177734375,0.026286807450088944
2024-09-10,2389.5810546875,0.013099792549207671
2024-09-11,2339.841552734375,-0.02103484508209975
2024-09-12,2361.78173828125,0.00933309346577322
2024-09-13,2441.607177734375,0.033240193834269224
2024-09-14,2418.595703125,-0.009469418098884515
2024-09-15,2320.897216796875,-0.04123324147661824
2024-09-16,2295.28369140625,-0.01109739360862194
2024-09-17,2341.707763671875,0.020024028033948524
2024-09-18,2369.72900390625,0.011895127545669125
2024-09-19,2464.752197265625,0.03931566968280611
2024-09-20,2561.072021484375,0.03833465528030078
2024-09-21,2615.857177734375,0.02116590720828731
2024-09-22,2582.862548828125,-0.012693537511001317
2024-09-23,2648.54638671875,0.025112657258749494
2024-09-24,2654.35498046875,0.00219072378340883
2024-09-25,2579.388671875,-0.028649257997379086
2024-09-26,2632.199951171875,0.020267557896731805
2024-09-27,2695.900634765625,0.023912355962124942
2024-09-28,2677.5390625,-0.00683422342755452
2024-09-29,2659.346923828125,-0.0068175371109074024
2024-09-30,2603.062744140625,-0.02139184502068316
2024-10-01,2448.921142578125,-0.06104115266475197
2024-10-02,2365.231689453125,-0.034771594518332734
2024-10-03,2349.791259765625,-0.006549484508482835
2024-10-04,2414.7939453125,0.027287462033179014
2024-10-05,2415.6318359375,0.00034692206084847404
2024-10-06,2439.957763671875,0.010019846511531982
2024-10-07,2421.796630859375,-0.00747105501970075
2024-10-08,2439.8408203125,0.0074231254351555245
2024-10-09,2368.283447265625,-0.029767390727599395
2024-10-10,2383.85791015625,0.006554737109736947
2024-10-11,2436.513427734375,0.021847948378953624
2024-10-12,2476.523193359375,0.016287544019312178
2024-10-13,2467.677001953125,-0.0035784153134817112
2024-10-14,2628.89990234375,0.06328824753346128
2024-10-15,2606.02197265625,-0.008740560369299363
2024-10-16,2611.10205078125,0.0019474636630232294
2024-10-17,2604.2734375,-0.00261864834037678
2024-10-18,2641.55224609375,0.014212990821686774
2024-10-19,2648.656982421875,0.0026859960703630786
2024-10-20,2746.364013671875,0.03622514753887914
2024-10-21,2665.712158203125,-0.029806611723017833
2024-10-22,2620.197509765625,-0.01722154792344878
2024-10-23,2509.098876953125,-0.04332602482144411
2024-10-24,2534.49853515625,0.010072125451518981
2024-10-25,2435.93408203125,-0.0396655114084363
2024-10-26,2479.603271484375,0.017768286644448163
2024-10-27,2505.940673828125,0.010565606337183628
2024-10-28,2565.34814453125,0.02343001573282411
2024-10-29,2637.95751953125,0.027910752604866557
2024-10-30,2657.37255859375,0.007332923830771978
2024-10-31,2515.79931640625,-0.05474730200775866
2024-11-01,2511.885498046875,-0.0015569071230169813
2024-11-02,2491.068603515625,-0.008321889126305491
2024-11-03,2456.42529296875,-0.014004616269904045
2024-11-04,2397.0263671875,-0.02447820471317373
2024-11-05,2422.650634765625,0.0106332889134209
2024-11-06,2724.169189453125,0.11730125264069904
2024-11-07,2895.58544921875,0.061023821265014905
2024-11-08,2962.296630859375,0.02277753800459482
2024-11-09,3131.14453125,0.05543374635533525
2024-11-10,3191.331298828125,0.019039562143504073
2024-11-11,3374.81298828125,0.055901747117085315
2024-11-12,3246.25732421875,-0.03883717170826067
2024-11-13,3192.595947265625,-0.016668377768941905
2024-11-14,3058.94873046875,-0.042763057630081716
2024-11-15,3103.04052734375,0.01431114127592229
2024-11-16,3133.27392578125,0.009695994492798173
2024-11-17,3075.66162109375,-0.0185584011251578
2024-11-18,3207.8564453125,0.0420829005896754
2024-11-19,3111.384033203125,-0.03053528608605521
2024-11-20,3072.18798828125,-0.012677646434410245
2024-11-21,3361.053955078125,0.08986459438020718
2024-11-22,3331.600830078125,-0.008801683663305197
2024-11-23,3396.223388671875,0.01921112799239589
2024-11-24,3363.659912109375,-0.009634405505680803
2024-11-25,3413.5439453125,0.01472139104925894
2024-11-26,3326.517333984375,-0.02582512070414831
2024-11-27,3657.249267578125,0.09478538754645882
2024-11-28,3579.8115234375,-0.021401146668093715
2024-11-29,3593.494384765625,0.0038149433742307734
2024-11-30,3705.705322265625,0.030748515695557376
2024-12-01,3711.1650390625,0.0014722430127681644
2024-12-02,3644.198486328125,-0.018209406755861343
2024-12-03,3620.711669921875,-0.0064658468521986735
2024-12-04,3841.3310546875,0.059148334945911776
2024-12-05,3811.00830078125,-0.0079251353622021
2024-12-06,4005.810546875,0.04985214378216131
2024-12-07,4002.692626953125,-0.0007786523927710283
2024-12-08,4005.70458984375,0.0007522012085822692
2024-12-09,3718.6904296875,-0.07434792132244801
2024-12-10,3631.833740234375,-0.023633887951846233
2024-12-11,3832.822021484375,0.053863668780613314
2024-12-12,3883.1015625,0.013032853981372694
2024-12-13,3911.205322265625,0.0072113869709225994
2024-12-14,3868.4052734375,-0.011003244988306717
2024-12-15,3951.941162109375,0.021364543575881814
2024-12-16,3987.48095703125,0.008952800788842093
2024-12-17,3886.76611328125,-0.025582213898984484
2024-12-18,3618.791259765625,-0.07143741459791197
2024-12-19,3417.927978515625,-0.05710555070104135
2024-12-20,3472.553466796875,0.01585567949807208
2024-12-21,3337.222412109375,-0.03975134486788301
2024-12-22,3277.53515625,-0.018047184722855183
2024-12-23,3415.785400390625,0.04131578891043393
2024-12-24,3492.0498046875,0.022081448333140734
2024-12-25,3493.2353515625,0.00033944122820036106
2024-12-26,3331.225830078125,-0.04748798822014693
2024-12-27,3328.9169921875,-0.0006933298713642455
2024-12-28,3397.90234375,0.020511259981722815
2024-12-29,3349.513427734375,-0.01434319366939035
2024-12-30,3356.392578125,0.0020516699153482506
2024-12-31,3332.53173828125,-0.007134462860039393
2025-01-01,3353.504150390625,0.006273517295701473
2025-01-02,3451.392578125,0.028771981247119795
2025-01-03,3605.009765625,0.043546684210940004
2025-01-04,3657.706787109375,0.014511910498409194
2025-01-05,3634.103759765625,-0.006473868081853754
2025-01-06,3688.611328125,0.01488753131858787
2025-01-07,3381.577392578125,-0.08690776855318222
2025-01-08,3326.329345703125,-0.01647288739964766
2025-01-09,3219.4306640625,-0.03266486590658005
2025-01-10,3267.489990234375,0.014817571558857769
2025-01-11,3282.2177734375,0.004497241268526795
2025-01-12,3265.951171875,-0.004968300347394521
2025-01-13,3135.499755859375,-0.04076247086264453
2025-01-14,3223.6845703125,0.027736408727976194
2025-01-15,3450.53759765625,0.06800506244582688
2025-01-16,3308.34521484375,-0.04208191502412488
2025-01-17,3474.107177734375,0.048889389447371784
2025-01-18,3305.78955078125,-0.049662178112933844
2025-01-19,3208.96435546875,-0.029727086231321007
2025-01-20,3278.035400390625,0.021296025259985578
2025-01-21,3327.40625,0.01494881693485586
2025-01-22,3240.224609375,-0.026550445302571023
2025-01-23,3334.714111328125,0.028744300670782895
2025-01-24,3309.554931640625,-0.007573233345215728
2025-01-25,3317.26953125,0.002328295592442531
2025-01-26,3236.13427734375,-0.024762521012446293
2025-01-27,3178.92041015625,-0.017837847698675705
2025-01-28,3077.112548828125,-0.03254997236383924
2025-01-29,3112.9990234375,0.011594904629125801
2025-01-30,3247.780029296875,0.04238511728102197
2025-01-31,3298.26513671875,0.015424919053598832
2025-02-01,3118.32861328125,-0.056099456678397046
2025-02-02,2868.69287109375,-0.0834406769982787
2025-02-03,2884.566650390625,0.0055182004281227595
2025-02-04,2735.05126953125,-0.05322449942735329
2025-02-05,2787.779052734375,0.019095058966454463
2025-02-06,2688.40087890625,-0.03629869234094331
2025-02-07,2622.211181640625,-0.024928623743827878
2025-02-08,2632.308349609375,0.0038432364127754287
2025-02-09,2628.72119140625,-0.0013636717798480905
2025-02-10,2661.166748046875,0.012267164782037834
2025-02-11,2602.781982421875,-0.022183787478293967
2025-02-12,2736.902099609375,0.050245793953977255
2025-02-13,2675.902587890625,-0.022539920715982806
2025-02-14,2726.091552734375,0.01858217824945877
2025-02-15,2693.559814453125,-0.012005247865075232
2025-02-16,2663.31591796875,-0.011291737700936885
2025-02-17,2743.19970703125,0.02955308321508758
2025-02-18,2669.3388671875,-0.027294188903542998
2025-02-19,2715.77099609375,0.017245063069150378
2025-02-20,2740.386474609375,0.009023070046993532
2025-02-21,2659.655517578125,-0.029902349843719034
2025-02-22,2764.029296875,0.038492895560236925
2025-02-23,2821.310302734375,0.0205119180975236
2025-02-24,2513.8212890625,-0.1153974020454973
2025-02-25,2493.592529296875,-0.008079567833921199
2025-02-26,2331.45263671875,-0.06723293096623037
2025-02-27,2305.484375,-0.011200727179471915
2025-02-28,2237.9052734375,-0.029750512811404645
2025-03-01,2216.643310546875,-0.009546253209763234
2025-03-02,2519.694580078125,0.12814366644777012
2025-03-03,2145.573974609375,-0.16073059198113754
2025-03-04,2170.01513671875,0.011327039159087922
2025-03-05,2241.977294921875,0.032624054470729545
2025-03-06,2202.476806640625,-0.01777564914208305
2025-03-07,2138.987548828125,-0.029249939244508128
2025-03-08,2201.51025390625,0.02881099483499662
2025-03-09,2015.5091552734375,-0.08827175789597276
2025-03-10,1861.1513671875,-0.07967653516610547
2025-03-11,1919.844970703125,0.031049127522702752
2025-03-12,1908.982666015625,-0.005673973790330683
2025-03-13,1862.9696044921875,-0.02439868843331954
2025-03-14,1909.467529296875,0.024652646588620968
2025-03-15,1937.3946533203125,0.014519685568090907
2025-03-16,1887.43505859375,-0.026125312781194558
2025-03-17,1927.0029296875,0.020747114260993186
2025-03-18,1932.54345703125,0.002871078927171029
2025-03-19,2057.7490234375,0.0627756895984291
2025-03-20,1982.099853515625,-0.037455863474503096
2025-03-21,1964.8475341796875,-0.008742163255528916
2025-03-22,1980.037841796875,0.0077013049797792395
2025-03-23,2005.2991943359375,0.012677317190986968
2025-03-24,2077.47900390625,0.03536186753998918
2025-03-25,2067.76416015625,-0.004687233608202074
2025-03-26,2009.1893310546875,-0.028736584831997834
2025-03-27,2002.357421875,-0.003406125470101087
2025-03-28,1895.5029296875,-0.05484099578862807
2025-03-29,1827.3203125,-0.03663361798023462
2025-03-30,1806.2186279296875,-0.01161507948672106
2025-03-31,1823.47998046875,0.009511248469109864
2025-04-01,1905.491455078125,0.043993204398786394
2025-04-02,1795.313232421875,-0.05956044751702155
2025-04-03,1815.63720703125,0.011256974898995098
2025-04-04,1815.335205078125,-0.00016634769948358936
2025-04-05,1805.9732666015625,-0.0051704843188780415
2025-04-06,1576.72802734375,-0.13574782128357926
2025-04-07,1555.240966796875,-0.013721334859379302
2025-04-08,1472.5531005859375,-0.0546327987842089
2025-04-09,1668.0400390625,0.12465161047070344
2025-04-10,1522.518798828125,-0.09128324001492942
2025-04-11,1567.1497802734375,0.02889247503118698
2025-04-12,1643.528564453125,0.04758695132972755
2025-04-13,1596.685791015625,-0.028915393873991904
2025-04-14,1622.7698974609375,0.016204402070607804
2025-04-15,1588.6324462890625,-0.021260952961947972
2025-04-16,1578.1053466796875,-0.006648569648291471
2025-04-17,1582.54833984375,0.0028114412594665455
2025-04-18,1588.9246826171875,0.004021066122809572
2025-04-19,1612.9228515625,0.014990481640512511
2025-04-20,1587.5142822265625,-0.01587852041533123
2025-04-21,1579.7344970703125,-0.004912655332703996
2025-04-22,1757.3316650390625,0.10653976610910525
2025-04-23,1796.104248046875,0.021823453566225955
2025-04-24,1769.8316650390625,-0.014735575199703031
2025-04-25,1786.634521484375,0.009449256980928297
2025-04-26,1821.881103515625,0.019535846133511704
2025-04-27,1792.864990234375,-0.016054647143695623
2025-04-28,1798.851806640625,0.0033336826310850502
2025-04-29,1799.1756591796875,0.00018001671360959627
2025-04-30,1793.775390625,-0.0030060374028753173
2025-05-01,1839.2215576171875,0.02501986011273316
2025-05-02,1842.7078857421875,0.001893751208733253
2025-05-03,1833.8397216796875,-0.004824189543207279
2025-05-04,1808.59423828125,-0.013862097671099437
2025-05-05,1819.697509765625,0.0061204042648664225
2025-05-06,1815.0875244140625,-0.0025365944781066225
2025-05-07,1811.606689453125,-0.0019195641123836865
2025-05-08,2206.5146484375,0.19720006321216071
2025-05-09,2345.50732421875,0.061087532978333955
2025-05-10,2582.422607421875,0.09622623202823419
2025-05-11,2510.23779296875,-0.028350466587270695
2025-05-12,2496.397705078125,-0.005528712106074084
2025-05-13,2680.129638671875,0.07101639120680914
2025-05-14,2610.063232421875,-0.02649071796891156
2025-05-15,2546.85693359375,-0.024514424159045915
2025-05-16,2536.297607421875,-0.004154641089668359
2025-05-17,2475.75439453125,-0.02416022732598703
2025-05-18,2498.233642578125,0.009038783738296415
2025-05-19,2529.166748046875,0.012305960707905102
2025-05-20,2524.173095703125,-0.001976377652648227
2025-05-21,2552.34716796875,0.01109987159403035
2025-05-22,2664.156982421875,0.042874284441957004
2025-05-23,2526.44189453125,-0.05307573119658845
2025-05-24,2530.646240234375,0.0016627539642371373
2025-05-25,2551.763916015625,0.008310150759836423
2025-05-26,2564.138427734375,0.004837674772017543
2025-05-27,2663.06982421875,0.037857000045733294
2025-05-28,2682.212890625,0.007162632649870233
2025-05-29,2632.65478515625,-0.01864939819501646
2025-05-30,2529.943603515625,-0.03979574968718857
2025-05-31,2529.08740234375,-0.0003384842587673538
2025-06-01,2536.266357421875,0.0028345344571224593
2025-06-02,2607.097412109375,0.02754443826072922
2025-06-03,2593.2802734375,-0.005313910650714507
2025-06-04,2608.64306640625,0.005906599013369018
2025-06-05,2416.28564453125,-0.07659868477592427
2025-06-06,2477.19482421875,0.024895297275804324
2025-06-07,2526.50537109375,0.019710270938441306
2025-06-08,2510.787109375,-0.00624077827324931
2025-06-09,2681.51708984375,0.06578641928354499
2025-06-10,2813.517578125,0.04805279498945583
2025-06-11,2773.529296875,-0.014314884050645356
2025-06-12,2651.795166015625,-0.04488379180962811
2025-06-13,2579.486083984375,-0.027646644951977682
2025-06-14,2533.444091796875,-0.01801050872339616
2025-06-15,2546.837158203125,0.005272581093273376
2025-06-16,2540.60498046875,-0.002450025251177809
2025-06-17,2510.761474609375,-0.011816150483902362
2025-06-18,2524.301513671875,0.0053783127371164275
2025-06-19,2521.653564453125,-0.0010495335058742672
2025-06-20,2407.30419921875,-0.04640733082546842
2025-06-21,2300.49560546875,-0.04538295151749372
2025-06-22,2228.213134765625,-0.03192460094781508
2025-06-23,2421.824951171875,0.08332138861020585
2025-06-24,2448.0087890625,0.010753586923480026
2025-06-25,2419.310302734375,-0.011792454268337168
2025-06-26,2416.146728515625,-0.0013084904486505942
2025-06-27,2423.866943359375,0.0031901651171337433
2025-06-28,2437.109375,0.00544847929008879
2025-06-29,2500.9599609375,0.025861987908843403
2025-06-30,2486.46435546875,-0.005812878698818224
2025-07-01,2405.792724609375,-0.03298229937844864
2025-07-02,2571.33544921875,0.06654592952363875
2025-07-03,2591.00732421875,0.007621334375845826
2025-07-04,2508.518310546875,-0.032354464051921744
2025-07-05,2517.280029296875,0.0034867008319645725
2025-07-06,2571.236572265625,0.021207974563753382
2025-07-07,2543.01318359375,-0.01103726901740234
2025-07-08,2615.505859375,0.028107853381816282
2025-07-09,2770.777587890625,0.05767047437901542
2025-07-10,2954.84521484375,0.0643182702671402
2025-07-11,2957.88623046875,0.0010286331862912077
2025-07-12,2942.91162109375,-0.005075463317871468
2025-07-13,2973.35888671875,0.010292813483774067
2025-07-14,3013.350830078125,0.013360440086174895
2025-07-15,3139.8896484375,0.04113496333191673
2025-07-16,3371.5068359375,0.07117212126317728
2025-07-17,3476.784423828125,0.03074807372289803
2025-07-18,3549.016357421875,0.020562632197560382
2025-07-19,3595.273681640625,0.012949634010720346
2025-07-20,3759.471435546875,0.04465825518044694
2025-07-21,3763.371337890625,0.001036816217104121
2025-07-22,3749.1455078125,-0.003787238650889784
2025-07-23,3629.70361328125,-0.03237695372444369
2025-07-24,3708.005615234375,0.0213431663496259
2025-07-25,3727.266845703125,0.005181053863514262
2025-07-26,3741.39599609375,0.003783586846917838
2025-07-27,3875.24658203125,0.03515049208380752
2025-07-28,3787.42578125,-0.0229227199194111
2025-07-29,3793.454833984375,0.0015905946318109279
2025-07-30,3808.20166015625,0.003879902935023901
2025-07-31,3696.707763671875,-0.0297144425540805
2025-08-01,3488.365966796875,-0.05800920773041707
2025-08-02,3392.7412109375,-0.02779521078260077
2025-08-03,3497.379150390625,0.030375662386234896
2025-08-04,3718.986083984375,0.06143719924574833
2025-08-05,3611.8994140625,-0.029217285611139645
2025-08-06,3683.920654296875,0.01974379278503146
2025-08-07,3914.325927734375,0.06066555755519166
2025-08-08,4009.848876953125,0.024110416268245685
2025-08-09,4263.59912109375,0.06136011362803995
2025-08-10,4254.2177734375,-0.0022027595957320296
2025-08-11,4226.966796875,-0.006426241550935542
2025-08-12,4590.9248046875,0.08259681973596457
2025-08-13,4756.27587890625,0.03538349736429031
2025-08-14,4548.16650390625,-0.04474079806887246
2025-08-15,4439.98876953125,-0.024072338519640694
2025-08-16,4426.18017578125,-0.0031148977647720995
2025-08-17,4473.271484375,0.010583067342857232
2025-08-18,4312.5048828125,-0.03660110203095192
2025-08-19,4073.464111328125,-0.057025144152555794
2025-08-20,4334.50048828125,0.062112605525853064
2025-08-21,4223.2099609375,-0.026010882828823047
2025-08-22,4831.3486328125,0.1345301555861272
2025-08-23,4776.09033203125,-0.011503359080490645
2025-08-24,4779.6474609375,0.0007445011882122046
2025-08-25,4372.98779296875,-0.08892030986931461
2025-08-26,4600.4267578125,0.050702591657137586
2025-08-27,4503.39306640625,-0.021317945222453807
2025-08-28,4507.177734375,0.0008400507082163926
2025-08-29,4360.15283203125,-0.03316406815035286
2025-08-30,4374.1533203125,0.0032058643303688183
2025-08-31,4390.01904296875,0.003620590588626398
2025-09-01,4314.47021484375,-0.017359025442644074
2025-09-02,4325.36572265625,0.002522157519447648
2025-09-03,4450.38916015625,0.028494847114406956
2025-09-04,4298.744140625,-0.03466862435314751
2025-09-05,4306.98876953125,0.001916078854581932
2025-09-06,4274.2421875,-0.007632177983046838
2025-09-07,4305.34765625,0.0072510704136302725
2025-09-08,4308.072265625,0.0006326428969182894
2025-09-09,4309.04150390625,0.00022495659480887043
2025-09-10,4349.14599609375,0.009264012590971931
2025-09-11,4461.2333984375,0.025445771445145742
2025-09-12,4715.24609375,0.05537583398492824
2025-09-13,4668.1796875,-0.01003190137015891
2025-09-14,4609.59765625,-0.012628630251366887
2025-09-15,4526.8203125,-0.018120801633332004
2025-09-16,4503.564453125,-0.005150591340382687
2025-09-17,4592.7333984375,0.019606174543391468
2025-09-18,4589.9189453125,-0.0006129935246967591
2025-09-19,4470.9169921875,-0.026268833690720465
2025-09-20,4482.265625,0.002535107207270289
2025-09-21,4451.3291015625,-0.006925912367546399
2025-09-22,4202.87744140625,-0.05743333028353804
2025-09-23,4165.50390625,-0.00893214161372529
2025-09-24,4153.46923828125,-0.00289330814154066
2025-09-25,3868.333984375,-0.0711200266948419
2025-09-26,4035.887939453125,0.042402417497849315
2025-09-27,4018.658203125,-0.0042782702597103876
2025-09-28,4141.4765625,0.030104315261995654
2025-09-29,4217.341796875,0.018152641761310054
2025-09-30,4145.95751953125,-0.017071255792248
2025-10-01,4351.1123046875,0.04829774681358695
2025-10-02,4487.923828125,0.03095868109208721
2025-10-03,4514.87060546875,0.00598633191392021
2025-10-04,4489.197265625,-0.0057026245883215225
2025-10-05,4515.4228515625,0.0058249342556798145
2025-10-06,4687.771484375,0.03745846897136311
2025-10-07,4451.15185546875,-0.051794399676688946
2025-10-08,4527.64794921875,0.01703968153797189
2025-10-09,4369.1435546875,-0.03563558115607336
2025-10-10,3843.0087890625,-0.12831140837959248
2025-10-11,3750.611572265625,-0.024336685988953978
2025-10-12,4164.427734375,0.1046599548465011
2025-10-13,4245.4677734375,0.019273140201354948
2025-10-14,4125.412109375,-0.028686087571137622
2025-10-15,3987.45947265625,-0.03401161563733763
2025-10-16,3894.75439453125,-0.023523683730590886
2025-10-17,3832.558837890625,-0.016097936733144195
2025-10-18,3890.34619140625,0.014965464892231361
2025-10-19,3984.649658203125,0.023951244355826018
2025-10-20,3980.76025390625,-0.0009765736224249387
2025-10-21,3876.76416015625,-0.026471993284264448
2025-10-22,3808.122314453125,-0.017864589534395174
2025-10-23,3856.0263671875,0.012500977883111481
2025-10-24,3934.5673828125,0.020163720301495165
2025-10-25,3953.470947265625,0.004792978900665804
2025-10-26,4157.9892578125,0.050437692043162216
2025-10-27,4120.1220703125,-0.009148814294667162
2025-10-28,3982.262451171875,-0.03403267878386088
2025-10-29,3903.35302734375,-0.020014178492566474
2025-10-30,3804.375244140625,-0.025684149923013565
2025-10-31,3847.080322265625,0.011162718308131604
2025-11-01,3874.18798828125,0.007021586687225155
2025-11-02,3911.063232421875,0.009473174047530416
2025-11-03,3602.30810546875,-0.08223448305523948
2025-11-04,3292.574462890625,-0.08990501013567212
2025-11-05,3425.171142578125,0.0394816688100728
2025-11-06,3312.2578125,-0.03352136366985419
2025-11-07,3435.301025390625,0.03647448115981517
2025-11-08,3400.3759765625,-0.010218549741346181
2025-11-09,3582.621337890625,0.052208742909838755
2025-11-10,3568.4599609375,-0.003960630532174714
2025-11-11,3415.2822265625,-0.04387398640993172
2025-11-12,3413.09423828125,-0.0006408517068140884
2025-11-13,3232.757080078125,-0.054283922809847215
2025-11-14,3103.78564453125,-0.04071281618360177
2025-11-15,3166.63134765625,0.02004581438664486
2025-11-16,3092.847412109375,-0.023576197316441422
2025-11-17,3024.538818359375,-0.022333536068642135
2025-11-18,3122.97900390625,0.032028732106195945
2025-11-19,3023.07080078125,-0.03251421900082367
2025-11-20,2831.777587890625,-0.06536849882670856
2025-11-21,2765.69921875,-0.023611152385789574
2025-11-22,2767.607421875,0.0006897153274086759
2025-11-23,2801.676025390625,0.012234618260287876
2025-11-24,2952.71337890625,0.052506718464392234
2025-11-25,2957.936279296875,0.0017672851723719149
2025-11-26,3027.81201171875,0.023348428095094007
2025-11-27,3014.542236328125,-0.004392260426713515
2025-11-28,3032.304443359375,0.005874882913213043
2025-11-29,2991.685302734375,-0.013485997805236051
2025-11-30,2992.112548828125,0.00014280097860070945
2025-12-01,2800.18896484375,-0.0662927736435053
2025-12-02,2997.939697265625,0.06823838280892504
2025-12-03,3191.57177734375,0.06258823046337834
2025-12-04,3134.31640625,-0.01810241754529839
2025-12-05,3024.432861328125,-0.03568750802814642
2025-12-06,3040.207763671875,0.005202266348911221
2025-12-07,3061.3017578125,0.006914380156550823
2025-12-08,3125.197998046875,0.020657404003744342
2025-12-09,3321.114990234375,0.060802926422418684
2025-12-10,3325.39013671875,0.001286434597521452
2025-12-11,3237.056884765625,-0.02692245348848621
2025-12-12,3084.172607421875,-0.048381125268667786
2025-12-13,3116.6953125,0.010489822947687412
2025-12-14,3060.5947265625,-0.01816399360114702
2025-12-15,2964.18310546875,-0.03200777016588088
2025-12-16,2964.180908203125,-7.412721688312701e-07
2025-12-17,2831.403564453125,-0.045828192848759323
2025-12-18,2827.069091796875,-0.0015320294953636582
2025-12-19,2977.970703125,0.052001578061391225
2025-12-20,2977.58251953125,-0.0001303602133292682
2025-12-21,3001.61376953125,0.008038330984924418
2025-12-22,3006.07373046875,0.0014847515809792915
2025-12-23,2963.3740234375,-0.014306326840175283
2025-12-24,2945.590576171875,-0.0060191597554604985
2025-12-25,2903.57958984375,-0.014365015056822026
2025-12-26,2925.74560546875,0.007605038907991378
2025-12-27,2947.998291015625,0.0075770385642638756
2025-12-28,2948.568115234375,0.00019327323098403297
2025-12-29,2934.538330078125,-0.00476952504017534
2025-12-30,2971.416748046875,0.012488715813386491
2025-12-31,2967.03759765625,-0.0014748454494985343
2026-01-01,3000.394287109375,0.01117969589667102
2026-01-02,3124.422607421875,0.04050579142356504
2026-01-03,3125.91748046875,0.0004783333560596635
2026-01-04,3140.71044921875,0.004721198192569982
2026-01-05,3226.13037109375,0.026834359460031477
2026-01-06,3295.94677734375,0.021410072765534124
2026-01-07,3166.843994140625,-0.039957957746070624
2026-01-08,3104.382568359375,-0.01992066167813984
2026-01-09,3083.047119140625,-0.006896412519137501
2026-01-10,3082.39599609375,-0.00021121695136130524
2026-01-11,3118.88525390625,0.011768432191719677
2026-01-12,3092.3251953125,-0.008552349240195838
2026-01-13,3322.095458984375,0.07167244785080332
2026-01-14,3354.72265625,0.009773355035415114
2026-01-15,3317.101318359375,-0.01127779653171091
2026-01-16,3295.482177734375,-0.006538811242779367
2026-01-17,3308.8642578125,0.004052512545503773
2026-01-18,3281.15771484375,-0.008408684018054191
2026-01-19,3186.62109375,-0.029235184793820444
2026-01-20,2935.605712890625,-0.08204732940901807
2026-01-21,2978.901123046875,0.014640674097217414
2026-01-22,2949.63330078125,-0.009873624051331843
2026-01-23,2953.25634765625,0.0012275504187740749
2026-01-24,2948.74072265625,-0.0015302026847261398
2026-01-25,2815.90234375,-0.046095446910964524
2026-01-26,2926.45703125,0.0385097283715548
2026-01-27,3022.2109375,0.03219617504335294
2026-01-28,3006.607421875,-0.005176321307197195
2026-01-29,2818.232666015625,-0.06470236643237812
2026-01-30,2702.375244140625,-0.04197886796827195
2026-01-31,2445.091796875,-0.10004843937927187
2026-02-01,2267.96484375,-0.07519978220290023
2026-02-02,2344.356689453125,0.033128146652990687
2026-02-03,2227.558837890625,-0.05110473707553693
2026-02-04,2143.504150390625,-0.03846435100865618
2026-02-05,1821.68310546875,-0.16268108635736284
2026-02-06,2063.386962890625,0.12458793243377704
2026-02-07,2090.54931640625,0.013078072860626821
2026-02-08,2088.762939453125,-0.00085486651992098
2026-02-09,2103.567626953125,0.007062777520560773
2026-02-10,2019.4974365234375,-0.04078608660125563
2026-02-11,1940.621337890625,-0.0398404875978918
2026-02-12,1946.940673828125,0.003251056309532056
2026-02-13,2048.52734375,0.050861910727135626
2026-02-14,2086.009765625,0.018131871977993777
2026-02-15,1966.04296875,-0.05923016066341757
2026-02-16,1997.917724609375,0.01608262309242684
2026-02-17,1992.1943359375,-0.002868787898831094
2026-02-18,1953.97412109375,-0.019371403139241388
2026-02-19,1948.2010498046875,-0.002958901252870125
2026-02-20,1969.0223388671875,0.010630736664791151
2026-02-21,1973.7371826171875,0.0023916477643178046
2026-02-22,1957.805908203125,-0.008104381025179103
2026-02-23,1855.5028076171875,-0.05366869696750832
2026-02-24,1852.969482421875,-0.001366236763411363
2026-02-25,2054.6279296875,0.10330529755605292
2026-02-26,2026.7926025390625,-0.013640230652308093
2026-02-27,1930.7618408203125,-0.048539883584820774
2026-02-28,1965.050537109375,0.017603302415937824
2026-03-01,1939.066650390625,-0.013311214361673498
2026-03-02,2027.2689208984375,0.04448277882265155
2026-03-03,1982.7689208984375,-0.02219521539096451
2026-03-04,2126.50537109375,0.06998564880773478
2026-03-05,2071.60546875,-0.026156066067129717
2026-03-06,1978.751220703125,-0.04585794631276462
2026-03-07,1969.4554443359375,-0.004708868776353526
2026-03-08,1936.604736328125,-0.016820776457913553
2026-03-09,1992.938232421875,0.028673744603590033
2026-03-10,2037.1204833984375,0.02192723447812312
2026-03-11,2051.5732421875,0.007069651069372213
2026-03-12,2073.13623046875,0.010455613837732266
2026-03-13,2092.5634765625,0.00932731032254328
2026-03-14,2097.086669921875,0.0021592233043722896
2026-03-15,2177.476318359375,0.037617472574898426
2026-03-16,2351.176025390625,0.07674908524055071
2026-03-17,2318.053466796875,-0.014187828746907258
2026-03-18,2203.671630859375,-0.05060291819156262
2026-03-19,2137.423828125,-0.030523607148640667
2026-03-20,2146.4970703125,0.004235958585431247
2026-03-21,2076.68994140625,-0.03306199200610799
2026-03-22,2053.04833984375,-0.011449568094526609
2026-03-23,2152.14599609375,0.047139798335682735
2026-03-24,2155.704345703125,0.0016520306586044232
2026-03-25,2168.021484375,0.005697480587391201
2026-03-26,2059.578369140625,-0.05131370661715101
2026-03-27,1991.27197265625,-0.03372766989245353
2026-03-28,1992.694580078125,0.0007141663784116856
2026-03-29,1982.5596923828125,-0.005098999439741094
2026-03-30,2023.514892578125,0.02044726139354914
2026-03-31,2104.708251953125,0.03934081476385202
2026-04-01,2138.737060546875,0.01603863631682737
2026-04-02,2056.8525390625,-0.0390385754759657
2026-04-03,2053.38525390625,-0.0016871461717564678
2026-04-04,2065.3515625,0.00581068555550107
2026-04-05,2108.99560546875,0.020911357684258974
2026-04-06,2107.761474609375,-0.0005853459761497797
2026-04-07,2241.806640625,0.0616556049703288
2026-04-08,2190.33544921875,-0.02322737152703056
2026-04-09,2189.14404296875,-0.0005440857898826656
2026-04-10,2245.148681640625,0.025261127435567104
2026-04-11,2285.39013671875,0.017765001038666954
2026-04-12,2192.201171875,-0.04163060757712064
2026-04-13,2370.71484375,0.07828539113868566
2026-04-14,2323.30859375,-0.02019924377033633
2026-04-15,2359.43701171875,0.015430748489014857
2026-04-16,2348.64501953125,-0.004584461790341291
2026-04-17,2421.07177734375,0.030371750892575187
2026-04-18,2351.1005859375,-0.029326772361462847
2026-04-19,2264.9169921875,-0.037345442740608796
2026-04-20,2315.21240234375,0.02196332357923975
2026-04-21,2327.970458984375,0.0054954065471357755
2026-04-22,2376.088134765625,0.020458654220039986
2026-04-23,2331.513916015625,-0.0189376886242059
2026-04-24,2315.690185546875,-0.006810026535066284
2026-04-25,2318.8291015625,0.001354581263398566
2026-04-26,2369.72900390625,0.021713243592728047
2026-04-27,2303.06396484375,-0.02853520923910551
2026-04-28,2289.419677734375,-0.005942025412355139
2026-04-29,2253.415771484375,-0.01585118391858995
2026-04-30,2256.251220703125,0.0012574984349416124
2026-05-01,2295.09375,0.017069008220622378
2026-05-02,2316.23193359375,0.00916800638403556
2026-05-03,2321.6357421875,0.0023302997915724253
2026-05-04,2346.39697265625,0.010608949945406291
2026-05-05,2361.1826171875,0.00628165402969772
2026-05-06,2350.802001953125,-0.004406055141063485
2026-05-07,2291.107666015625,-0.02572114978849261
2026-05-08,2306.97216796875,0.006900517380177334
2026-05-09,2326.727294921875,0.008526770803293412
2026-05-10,2369.0439453125,0.018023789401602215
2026-05-11,2339.36083984375,-0.012608728464913158
2026-05-12,2274.6435546875,-0.028054385823506677
2026-05-13,2257.576416015625,-0.007531505292275851
2026-05-14,2280.934814453125,0.01029350969888902
2026-05-15,2223.328857421875,-0.025579807171991084
2026-05-16,2179.751953125,-0.019794470746775893
2026-05-17,2127.645263671875,-0.024195229175847065
2026-05-18,2128.51611328125,0.0004092183281597835
2026-05-19,2109.9638671875,-0.00875425372369268
2026-05-20,2126.9833984375,0.008033908248005973
2026-05-21,2131.41064453125,0.002079303908552925
2026-05-22,2064.636962890625,-0.031829628880296966
2026-05-23,2115.951416015625,0.024550147375465292
2026-05-24,2097.993896484375,-0.008522952674199372
2026-05-25,2111.370361328125,0.006355596261768782
2026-05-26,2070.858154296875,-0.019374108363781214
2026-05-27,2022.1982421875,-0.023777930243884346
2026-05-28,2007.552734375,-0.0072687232435778805
2026-05-29,2011.978515625,0.00220213888797984
2026-05-30,2019.458251953125,0.0037107092790728668
2026-05-31,2004.341552734375,-0.007513679144432405
2026-06-01,2003.22119140625,-0.0005591235515652776
2026-06-02,1857.71630859375,-0.07540853835127648
2026-06-03,1811.7322998046875,-0.02506448300158351
2026-06-04,1769.58056640625,-0.023540908919617697
2026-06-05,1580.86083984375,-0.11277301635815795
2026-06-06,1568.7677001953125,-0.00767912718680117
2026-06-07,1686.396240234375,0.07230344307254988
2026-06-08,1690.1485595703125,0.002222580242866329
2026-06-09,1637.7066650390625,-0.031519541921552284
2026-06-10,1620.1376953125,-0.010785745482471555
2026-06-11,1672.2806396484375,0.03167720451879468
2026-06-12,1665.1278076171875,-0.004286465439468386
2026-06-13,1680.214599609375,0.009019641302053691
2026-06-14,1724.61328125,0.026081317447444876
2026-06-15,1794.961181640625,0.03998055531190125
2026-06-16,1790.398193359375,-0.002545346375384009
2026-06-17,1747.885498046875,-0.024031278966082516
2026-06-18,1709.533447265625,-0.022186275106794908
2026-06-19,1710.982421875,0.0008472258287815989
2026-06-20,1739.3013916015625,0.016415812264568654
2026-06-21,1704.58056640625,-0.020164455160312907
2026-06-22,1726.5108642578125,0.012783452112487081
2026-06-23,1665.436767578125,-0.036015118575190234
2026-06-24,1619.9249267578125,-0.027707605238555068
2026-06-25,1564.816650390625,-0.03461114583410765
2026-06-26,1576.6160888671875,0.00751217354974333
2026-06-27,1571.5882568359375,-0.003194097811799365
2026-06-28,1570.3612060546875,-0.0007810761173124416
2026-06-29,1610.205810546875,0.02505634301479419
2026-06-30,1569.5838623046875,-0.025551475094469023
2026-07-01,1608.960693359375,0.024777910106091334
2026-07-02,1698.16943359375,0.05396242864817778
2026-07-03,1756.5186767578125,0.03378295848238969
2026-07-04,1779.032958984375,0.012736109597214896
2026-07-05,1783.0059814453125,0.002230758380216772
2026-07-06,1797.57373046875,0.008137134529373787
2026-07-07,1768.511474609375,-0.016299610142193822
2026-07-08,1742.6776123046875,-0.014715429926392411
2026-07-09,1744.484619140625,0.0010363767887721133
2026-07-10,1795.6932373046875,0.028931987175530215
2026-07-11,1788.099609375,-0.004237766868141637
2026-07-12,1805.7880859375,0.00984372406415057
2026-07-13,1773.500732421875,-0.018041700992512517
2026-07-14,1889.4798583984375,0.0633461757860126
2026-07-15,1916.9437255859375,0.014430524175558828
2026-07-16,1863.193359375,-0.02844023268913852
2026-07-17,1836.72998046875,-0.014305069457817725
