nu,n_steps,seed,p_squared,p_raw
5,2000,0,0.76260252595567013,0.059327802939658517
5,2000,1,0.97426653684072617,0.68257579511447652
5,2000,2,0.27103578731752836,0.66395028275705836
5,2000,3,0.40067573588121919,0.059136236684734972
5,2000,4,0.92924544863054526,0.3318548583343558
5,2000,5,0.70562473818012572,0.061764477495324287
5,2000,6,0.99577529314081137,0.53174407730099538
5,2000,7,0.92568121804483117,0.99590428134394871
5,2000,8,0.29510067243326737,0.1158643154071796
5,2000,9,0.79458261319384349,0.27263911712993238
5,2000,10,0.0030527048838694232,0.45577922467168258
5,2000,11,0.72485128612771821,0.16717283380255377
5,2000,12,0.99999999551694507,0.55906551979865182
5,2000,13,0.38092848555698439,0.0036048192916766212
5,2000,14,0.93737281183019239,0.014836025854167044
5,2000,15,0.40512013728833912,0.92877951365494449
5,2000,16,0.96751063478960397,0.16813934965215918
5,2000,17,0.00027164376164182536,0.072272322511587911
5,2000,18,0.64515839875128056,0.11197457203469471
5,2000,19,0.99448643888306487,0.49741232872168228
5,2000,20,0.9521648116540925,0.87495187539709995
5,2000,21,0.98257710696512979,0.64535865151599592
5,2000,22,0.56844528498579472,0.093537393495713911
5,2000,23,0.98174299843813229,0.54193507687994358
5,2000,24,0.94158408759171852,0.47298424783267046
5,2000,25,0.88464274651221453,0.56003211156817723
5,2000,26,0.15114234905115614,0.33213785078212371
5,2000,27,0.85946937948752344,0.31656547480294811
5,2000,28,0.55525604717214183,0.19524827074363152
5,2000,29,0.99836091128791027,0.41475348159375358
5,2000,30,0.99058528023351478,0.0070609824141032425
5,2000,31,0.33825196849625155,0.003188832497775183
5,2000,32,0.91914305569310428,0.42613459626816014
5,2000,33,0.36917330477715193,0.014236224892654963
5,2000,34,0.96424136574397368,0.068566459165747412
5,2000,35,0.057178722405660479,0.40745201143868204
5,2000,36,0.57861402131483008,0.36023551511819885
5,2000,37,0.040754240467337645,0.7566160087209608
5,2000,38,0.035627846883454821,0.90263518202995185
5,2000,39,0.87518529272452483,0.4310839918741769
5,2000,40,0.40386340933901055,0.21021646616697076
5,2000,41,0.99553550833541682,0.079213193354320893
5,2000,42,0.58257512616488549,0.168437238023499
5,2000,43,0.65057197600226391,0.25222002712463154
5,2000,44,0.27963860267190338,0.7956237787299596
5,2000,45,0.91157649289997411,0.38155654477549289
5,2000,46,0.45914549600016141,0.98955523435460246
5,2000,47,0.6300911174157624,0.040167583270200369
5,2000,48,0.98710172557449172,0.61611131490669335
5,2000,49,0.93572598388739736,0.69420461489610052
5,2000,50,0.92525214411828505,0.44237723908840443
5,2000,51,0.96238905555285581,0.8988815531831732
5,2000,52,0.5674094379271063,0.037035130576590518
5,2000,53,0.99045824252744297,0.51890583615876884
5,2000,54,0.10192765632152359,0.46864469718708701
5,2000,55,0.16078866076686427,0.19169674552072558
5,2000,56,0.84436072130243622,0.67931336247435803
5,2000,57,0.68593485839073287,0.925166788774202
5,2000,58,0.55123174710710565,0.33605583685205426
5,2000,59,0.70221982165502961,0.59576314952651599
5,2000,60,0.0015441006431312467,0.94527203138484228
5,2000,61,0.96377149191035361,0.57100896151063973
5,2000,62,0.87144562450845542,0.39060319554497969
5,2000,63,0.80550164777399136,0.94599325870102546
5,2000,64,0.079761453613446651,0.74974312629424822
5,2000,65,0.99511745017237974,0.35897600730682672
5,2000,66,0.98039246157387749,0.96961342752083979
5,2000,67,0.25269670475684675,0.33908041498489178
5,2000,68,0.98145307065998388,0.82777852568786592
5,2000,69,0.90926179418331887,0.15644706180377208
5,2000,70,0.31074177527216534,0.31400822649949622
5,2000,71,5.8975602402750565e-08,0.44733652730306306
5,2000,72,0.73173041145530016,0.74545816293151967
5,2000,73,0.93046821967024351,0.43413074864454471
5,2000,74,0.93630297179108668,0.9583417835570569
5,2000,75,0.00049701542038018309,0.41640912948610115
5,2000,76,0.65807081053881378,0.045811645243122701
5,2000,77,0.822554735354041,0.61398121235362779
5,2000,78,0.94370128759735272,0.96939085763469079
5,2000,79,0.227695246597688,0.39107750035058442
5,2000,80,0.93983694335970902,0.55663876606050866
5,2000,81,0.073996312527642785,0.83597577887648522
5,2000,82,0.25015477396297969,0.040684963651524318
5,2000,83,0.99998869655040312,0.82895622758561294
5,2000,84,1.0914014927267661e-05,0.26001674809468039
5,2000,85,0.46890322461218292,0.34604258798206966
5,2000,86,0.77094693677294324,0.78760029615835359
5,2000,87,0.38373709668903067,0.55038315842178043
5,2000,88,0.59805047093359109,0.27189979166409584
5,2000,89,0.76564565513403826,0.21070837807205003
5,2000,90,0.55881901263011013,0.48716852006123257
5,2000,91,0.9310031037031421,0.76006777284675997
5,2000,92,0.57611512338239357,0.86384551280892152
5,2000,93,0.037248396928252887,0.92417478136731823
5,2000,94,0.7608851469512945,0.33973042350054816
5,2000,95,0.99643305519568037,0.70549787280532927
5,2000,96,0.96607958235699665,0.41427198066389576
5,2000,97,0.40376836526278531,0.27645065705489363
5,2000,98,0.3480912817652817,0.71029182157984261
5,2000,99,0.70487216649902551,0.11508183050771804
5,2000,100,0.76491301139819123,0.90333992143406794
5,2000,101,0.70455321619423739,0.49664585073431988
5,2000,102,0.64166000847361127,0.068179526186265757
5,2000,103,0.89303563170211298,0.78957838256558766
5,2000,104,0.70928072584303703,0.53781216578226188
5,2000,105,0.99999653423256929,0.00026349240890601559
5,2000,106,0.46064682354062247,0.89980797257896117
5,2000,107,0.8285471869592147,0.1063239520698199
5,2000,108,0.67868619451209167,0.023375650813079327
5,2000,109,0.53028022008208942,0.81013022711207372
5,2000,110,0.029012641264623232,0.66719689630539414
5,2000,111,0.86560273029318968,0.4725972773922027
5,2000,112,0.52482676022920072,0.27042922301426736
5,2000,113,0.99999999819810392,0.38482769360244784
5,2000,114,0.83418302580696124,0.96579693089291185
5,2000,115,0.67418521631272643,0.54329430823633995
5,2000,116,0.81355044948984734,0.41302914601573554
5,2000,117,0.99673258686941169,0.25555801799221917
5,2000,118,0.88361137758690445,0.99075187254875607
5,2000,119,0.65919918141255185,0.92804896946467352
5,2000,120,0.97241943985503509,0.45725036248767409
5,2000,121,0.97125177171549426,0.79822696824733286
5,2000,122,0.9437474297688232,0.13799055185502598
5,2000,123,0.35639853698389407,0.651958188522058
5,2000,124,0.73278466307635726,0.76267668239753317
5,2000,125,0.030174750878759579,0.90165064082140167
5,2000,126,0.99898584877798446,0.38838468783803837
5,2000,127,0.9382969468445681,0.28940791829315521
5,2000,128,0.004333441722881675,0.49280928352975051
5,2000,129,0.94590471797357389,0.4308538400073636
5,2000,130,0.98536715709572631,0.69455922395861835
5,2000,131,0.97763889536803861,0.63170682646902687
5,2000,132,0.8346922475812677,0.20412257045194063
5,2000,133,0.97605211154954408,0.53306784726768763
5,2000,134,0.92082086394310103,0.36277387973197683
5,2000,135,0.76743161998545206,0.7639527326620531
5,2000,136,0.68433180409483696,0.87685943360131069
5,2000,137,0.050356777278322502,0.786978504018226
5,2000,138,0.87584304218884601,0.16289649850427865
5,2000,139,3.2056664961061697e-05,0.44259185807993207
5,2000,140,0.95145256440822079,0.28907981232584662
5,2000,141,0.57282228531512747,0.67405613359943883
5,2000,142,0.49141124396437896,0.60156856282491766
5,2000,143,0.97356394144424918,0.82835597334316469
5,2000,144,0.88176499362276384,0.91869228402671355
5,2000,145,0.55227505489381934,0.98913876726064498
5,2000,146,0.80524822649692263,0.3392358537757198
5,2000,147,0.89051379945055398,0.94186509751330227
5,2000,148,0.001999348827885862,0.75462799925898116
5,2000,149,0.80136759491829945,0.27341119371811806
5,2000,150,0.79253323790705144,0.81105818061137835
5,2000,151,0.76121416656798768,0.95462519984975425
5,2000,152,0.15923646615576229,0.4227189693225516
5,2000,153,0.98004779565981814,0.21739648640463677
5,2000,154,0.83851862601685057,0.79604227295617191
5,2000,155,0.71032555626199367,0.28284717032969559
5,2000,156,0.55503099985385329,0.72741346324640399
5,2000,157,0.13703924525372707,0.40743568613356324
5,2000,158,0.93335616953382206,0.95652747956154138
5,2000,159,0.82400878109438425,0.76667780337154268
5,2000,160,0.65390987657653621,0.76856112910275676
5,2000,161,0.48192525273956321,0.9629169068370379
5,2000,162,0.87009555619485734,0.72600326060374054
5,2000,163,0.98354000144131548,0.97299420696605832
5,2000,164,0.95262860946406758,0.14184950695213366
5,2000,165,0.86146298844196467,0.6084622785421947
5,2000,166,0.80360955430942316,0.62620175975341708
5,2000,167,0.97065049898246625,0.85072963756225572
5,2000,168,0.92104331085280411,0.82606945166827528
5,2000,169,0.23229349003784019,0.45317547881915188
5,2000,170,0.77871692803632764,0.97268061932043315
5,2000,171,0.95502074639258916,0.33800629675258065
5,2000,172,0.029608155809836272,0.053899153582540202
5,2000,173,0.71192271180436584,0.61111337652882758
5,2000,174,0.03654348189065048,0.64218782710067612
5,2000,175,0.81532281499049963,0.46762646739770852
5,2000,176,0.95058733636645332,0.84831036950612715
5,2000,177,0.99395444159093793,0.32602870384291815
5,2000,178,0.99991389329756608,0.19112656889890914
5,2000,179,0.83133890685354683,0.24986107086600393
5,2000,180,0.98600382988417057,0.29388005689270141
5,2000,181,0.42139835004540843,0.4627990880213203
5,2000,182,0.31461371446332514,0.087019220443022377
5,2000,183,0.68497623606274538,0.52934860942782558
5,2000,184,0.52654993717671905,0.041838603046226053
5,2000,185,0.97820123681075855,0.7739714454745763
5,2000,186,0.99999468301021321,0.58519680524908324
5,2000,187,0.05157333609416366,0.2536339594577483
5,2000,188,0.27703186765679866,0.094585242647172413
5,2000,189,0.91422919223854304,0.50769546691250733
5,2000,190,0.72676013968763054,0.58493647537835369
5,2000,191,0.20661659434772497,0.83148557512810262
5,2000,192,0.58485356020004287,0.32070712974922727
5,2000,193,0.95054820501024784,0.72794836603086366
5,2000,194,0.95144691616182819,0.26507937623609562
5,2000,195,0.96467171334822233,0.8318766089838705
5,2000,196,0.0042761527236850729,0.38686188412498895
5,2000,197,0.0023254265079349469,0.44886502905103881
5,2000,198,0.54395562153933752,0.21513304600496075
5,2000,199,0.44254995052292195,0.45489852682099619
5,2000,200,0.59522081945611571,0.23650343545492383
5,2000,201,0.67257521965572464,0.29307686380064357
5,2000,202,0.19908751238895001,0.37332809468292683
5,2000,203,0.15448070207940223,0.72795863892188639
5,2000,204,0.20095856262792713,0.98716425599928015
5,2000,205,0.99985153732733989,0.33373659373241299
5,2000,206,0.34231627587315011,0.13839083755732803
5,2000,207,0.98481106498545778,0.97757008551580071
5,2000,208,0.89952445993346331,0.52390586029504971
5,2000,209,0.94055771141223954,0.64316000193177914
5,2000,210,0.71156677589622142,0.84915455200227086
5,2000,211,0.99525557099500228,0.90703387576692773
5,2000,212,4.0879654808944327e-06,0.56346593554695246
5,2000,213,0.39610623873845441,0.91779034823571859
5,2000,214,0.95664339845578628,0.1118221420358218
5,2000,215,0.28934523457528305,0.57906259030337925
5,2000,216,0.43194891791076589,0.57623131450508569
5,2000,217,0.99999999915163806,0.98283520440540428
5,2000,218,0.94660224950297511,0.25009310050220868
5,2000,219,0.8588903375682938,0.58610918985209204
5,2000,220,0.55025283705789074,0.0040972487292278755
5,2000,221,0.043444279548510684,0.28785266512687652
5,2000,222,0.97199500293349939,0.86246661643407474
5,2000,223,0.40098476919401876,0.14965023810878461
5,2000,224,0.98269656953623608,0.84702310901656475
5,2000,225,0.96741704756007141,0.97618155495069248
5,2000,226,0.6441212383497853,0.50122316652194909
5,2000,227,0.95191235278288999,0.54449420991271402
5,2000,228,0.73959862123432285,0.57159626511203065
5,2000,229,0.9512160461957585,0.16176287989375596
5,2000,230,0.82670432808063521,0.95944347944708674
5,2000,231,0.91790987060359763,0.84614306935344308
5,2000,232,0.049377443850760927,0.77143353845832929
5,2000,233,0.5936765810098652,0.86188160901133859
5,2000,234,0.030552326924875913,0.21178465709693448
5,2000,235,0.99866196936816931,0.30905195557796594
5,2000,236,0.99804343628076841,0.8720346661867191
5,2000,237,0.56670511515820254,0.86957164853933866
5,2000,238,0.30533658618247339,0.12203173020114561
5,2000,239,0.99636663028310168,0.87265176359714625
5,2000,240,0.99658037778704966,0.91104919430548337
5,2000,241,0.99914883849846947,0.99277237614450831
5,2000,242,0.34198253209716029,0.1341508047028184
5,2000,243,0.83954254602595213,0.54296903558216159
5,2000,244,0.9228514342239259,0.052237569785624022
5,2000,245,0.4811992552825608,0.016649454790116397
5,2000,246,0.91431648766821594,0.051089185048640635
5,2000,247,0.17743072842822075,0.51847915940062017
5,2000,248,0.19420226211114325,0.74165455504766453
5,2000,249,0.53754653669275065,0.042299951565267987
5,2000,250,0.81654591901737672,0.43413767055838542
5,2000,251,0.029292783737866354,0.56730360463321738
5,2000,252,0.84471683220277716,0.65388874367877559
5,2000,253,0.22728946115094228,0.95971905990865136
5,2000,254,0.92335028338399705,0.64111065141973866
5,2000,255,0.74080289143201805,0.74189434706429758
5,2000,256,0.70998494787186461,0.025936829654388288
5,2000,257,0.25895009055647561,0.7325029663065582
5,2000,258,0.80754785275805563,0.24622527105481887
5,2000,259,0.14452270004465942,0.17278362833614769
5,2000,260,0.96584210292268635,0.47942776109238516
5,2000,261,0.98114586416249461,0.33934225517195438
5,2000,262,0.98059088833829566,0.81214938119663593
5,2000,263,0.69735771697505733,0.79177517393944052
5,2000,264,0.9999998996215772,0.10334596522639256
5,2000,265,0.86365239456759224,0.23039446208970213
5,2000,266,1.8879909638150645e-05,0.25550242453517952
5,2000,267,0.26553194767567256,0.64392412146062805
5,2000,268,0.26423252137803749,0.6599207621807488
5,2000,269,0.47164718971128172,0.56864475064148234
5,2000,270,0.98469562687883139,0.29806295817370509
5,2000,271,0.81906537925163136,0.19392994176550485
5,2000,272,1.9683625169201967e-10,0.36887737623270023
5,2000,273,0.9988872245516186,0.97098886609763013
5,2000,274,0.55825503326253068,0.31957551925930472
5,2000,275,0.012177694399526481,0.4889019069851982
5,2000,276,0.73614867622817359,0.82588339801193689
5,2000,277,0.94040210955778647,0.45978619596806469
5,2000,278,0.070404657009265736,0.68376293449460779
5,2000,279,0.98833537715887609,0.72157863768053576
5,2000,280,0.99999999941057482,0.69310566493428571
5,2000,281,0.79806189070920786,0.88367939036820975
5,2000,282,0.81419799443428975,0.68834499496782264
5,2000,283,0.19242586723004185,0.45172383204272892
5,2000,284,0.44613772503264881,0.88249307092313745
5,2000,285,0.9080833132418149,0.499420457717479
5,2000,286,0.00051795914007151593,0.75555125016119562
5,2000,287,0.78348034557741386,0.67059437063876903
5,2000,288,0.9310854158032682,0.63301497199852563
5,2000,289,0.33827319682285512,0.50785722347729578
5,2000,290,0.99616135546112461,0.24325460791187853
5,2000,291,0.33329832574512452,0.34627381335612095
5,2000,292,0.65720930480735795,0.3604818532014652
5,2000,293,0.019922404225001987,0.69930366443735259
5,2000,294,0.64278248057051768,0.85274360396822613
5,2000,295,0.61803210964255739,0.30962066709749925
5,2000,296,0.99477694641161607,0.077781669812888601
5,2000,297,0.90683449177087916,0.34262297012523324
5,2000,298,0.91189808066162981,0.4683614826477227
5,2000,299,0.9327305118956819,0.24954576785274601
5,2000,300,0.4683541570843005,0.91759337854483924
5,2000,301,0.094423659736827689,0.61119883909732542
5,2000,302,0.83118476437060407,0.57680329533905594
5,2000,303,0.65155443870580765,0.78033549738756181
5,2000,304,0.91807542489819494,0.11329049590557151
5,2000,305,0.049115394197090212,0.27594188750541554
5,2000,306,0.033192335601676122,0.77852208975944182
5,2000,307,0.99906382951813777,0.48802571892414748
5,2000,308,0.035984388606132428,0.99006266955912159
5,2000,309,0.54263575389738783,0.44239385875042597
5,2000,310,0.95206646526217342,0.44196140936587153
5,2000,311,0.94756969053379336,0.87268787095393019
5,2000,312,0.9576563307768049,0.21614664387246604
5,2000,313,0.52363760109409085,0.18392530276660737
5,2000,314,0.5289214547734139,0.64489094453491447
5,2000,315,0.069466970420879209,0.79840920788125547
5,2000,316,0.98275289249105668,0.39555841382212892
5,2000,317,0.6812758431895608,0.91937840265777016
5,2000,318,0.94806157576886552,0.75752136409475257
5,2000,319,0.98025856181382709,0.55989616802573416
5,2000,320,0.47367798036793785,0.4187441230832914
5,2000,321,0.89048683507217186,0.77159558384992988
5,2000,322,0.01388126360993853,0.23713761468419051
5,2000,323,0.94450066224701079,0.092004727420145233
5,2000,324,0.10930452867149537,0.92820256566056902
5,2000,325,0.99978631664155981,0.0094814364045953878
5,2000,326,0.97552367631429193,0.40893945297329615
5,2000,327,0.064336230166957567,0.15324243094898216
5,2000,328,0.83425152802565095,0.11053071800361654
5,2000,329,0.00039583538309205063,0.38940320905482989
5,2000,330,0.68188294091339852,0.90002328052290281
5,2000,331,0.40019428963389048,0.68454004668775537
5,2000,332,0.99416352010579423,0.20129349307533181
5,2000,333,0.44158753790328686,0.34589520886054848
5,2000,334,0.97853384019122303,0.35233052610108967
5,2000,335,0.95660533839109896,0.89319437511038302
5,2000,336,0.1480930163535468,0.24489004138979834
5,2000,337,0.89238459622834809,0.53206584645491917
5,2000,338,3.8829143516119097e-11,0.5971761547918214
5,2000,339,0.99946138982379551,0.35504991376832756
5,2000,340,0.99992333819560419,0.5098980883501899
5,2000,341,0.83491649407066815,0.45149513746384246
5,2000,342,0.3584522916556635,0.33825734744538871
5,2000,343,0.95862022386880963,0.035785724652057219
5,2000,344,0.56416078913725309,0.70230701760234282
5,2000,345,0.68778724862899754,0.5420510378330119
5,2000,346,0.14432957521805162,0.090081470661287591
5,2000,347,0.39249756412129966,0.48316557773166691
5,2000,348,0.24324383263934704,0.77766404440960668
5,2000,349,0.00468163062106148,0.097896797584146281
5,2000,350,0.20613361215923345,0.98859836262701961
5,2000,351,0.14840343129842548,0.75322504802957657
5,2000,352,0.20002501540645592,0.44040793514349724
5,2000,353,0.66484158041106356,0.7068905067136716
5,2000,354,0.99866674497824504,0.64136557422166063
5,2000,355,5.3495456258473558e-09,0.87044849320792528
5,2000,356,0.49300892463224089,0.92711414835568084
5,2000,357,0.19829620919660734,0.23951843877618417
5,2000,358,0.9968901259841787,0.32682263828555402
5,2000,359,0.46827654698183396,0.62031698383529565
5,2000,360,0.99999999995970823,0.58091230168819896
5,2000,361,0.97241934287548704,0.76400147230769244
5,2000,362,0.99672504426602171,0.99423884706208632
5,2000,363,0.066127574549493168,0.81929001845167049
5,2000,364,0.73171235871736895,0.85179521600808372
5,2000,365,0.72213715070202567,0.21879514732860977
5,2000,366,0.2339252658783221,0.070041732298723014
5,2000,367,0.89204803041243341,0.40873858713621802
5,2000,368,0.094435031815823675,0.1182417278394171
5,2000,369,0.0023866562210544001,0.78310408532240461
5,2000,370,0.90012183368462817,0.46873449583076598
5,2000,371,0.8338818409880111,0.36039692111922739
5,2000,372,0.93593709501776179,0.12849856641524762
5,2000,373,0.99589710417259736,0.16983380818884783
5,2000,374,0.40155571753051078,0.56162456543655481
5,2000,375,0.026084317470761183,0.66017865591584579
5,2000,376,0.57324919839972655,0.89315537023218872
5,2000,377,0.99094864150817985,0.64528867093225561
5,2000,378,0.99385103427627508,0.12435868462852903
5,2000,379,0.99102284647091554,0.8675129313856762
5,2000,380,0.910204910030324,0.31761926266938673
5,2000,381,0.98419606552818517,0.38637460355942926
5,2000,382,0.77462504163759238,0.75382696696404283
5,2000,383,0.90397693843457039,0.73635359230996
5,2000,384,0.31214802782001166,0.51973823814566589
5,2000,385,0.99999737222242391,0.8263102151592423
5,2000,386,4.3243567138427127e-06,0.6019285860663528
5,2000,387,0.15777273578788711,0.9972264248255347
5,2000,388,0.1127294525103348,0.75614627349241814
5,2000,389,0.46512199307575941,0.074626008872672622
5,2000,390,0.88623312491075545,0.70443914361898852
5,2000,391,0.2187419668909065,0.45986999595433198
5,2000,392,0.0019667167786759135,0.21471701848715927
5,2000,393,0.98338383482813219,0.24466466583673052
5,2000,394,0.9402911049869217,0.39201052490645411
5,2000,395,0.64444429881974197,0.67477141761344583
5,2000,396,0.40742995231284329,0.5127012243504081
5,2000,397,0.61057993569647961,0.93264101831151625
5,2000,398,0.92820770439808753,0.69803757668768296
5,2000,399,0.53147245724536574,0.83237962625930895
5,2000,400,0.76126191440836555,0.81061630045315114
5,2000,401,0.41204173662809768,0.28306107403777009
5,2000,402,0.93607451505891026,0.53484891472942864
5,2000,403,0.53180624709612145,0.60829456466198895
5,2000,404,0.49269150089930247,0.56959457494257293
5,2000,405,0.031149119319693355,0.62107275353311897
5,2000,406,0.92783562745724379,0.40670140816904471
5,2000,407,0.055056830755109198,0.81148114851092235
5,2000,408,0.99814291065881544,0.22820204455812884
5,2000,409,0.694023136519206,0.41851525129547057
5,2000,410,0.4404004146631193,0.1657288078306591
5,2000,411,0.24470183450161773,0.82249922418032995
5,2000,412,0.17992001887305328,0.95139249217338651
5,2000,413,0.61062502998774026,0.43127338216165201
5,2000,414,5.2471833558721893e-52,0.19109424913173781
5,2000,415,0.33049102808348202,0.99377885211878436
5,2000,416,0.011226095835885515,0.3509395821509641
5,2000,417,0.36981895010742161,0.7825057986493924
5,2000,418,0.93496409736154396,0.83443549015692553
5,2000,419,0.42050151932218394,0.33184716188360114
5,2000,420,0.00011168628626432999,0.072158853550407548
5,2000,421,0.52665428789275948,0.37074337006300639
5,2000,422,0.23266244672884898,0.56263059646608848
5,2000,423,0.99477688831124844,0.36783737668534588
5,2000,424,0.47589304756230488,0.33746336677570282
5,2000,425,0.99977863582845339,0.12543872957783714
5,2000,426,0.38504759821950801,0.036276469972676195
5,2000,427,0.99046690144711003,0.096657775989819367
5,2000,428,0.76640322830283425,0.69086859914312326
5,2000,429,0.47222504804846166,0.36635344486364024
5,2000,430,0.99998090103039239,0.37808968931202547
5,2000,431,0.93155733684505759,0.080798501929873576
5,2000,432,0.82624021569219419,0.79421084759809157
5,2000,433,0.16221724673050217,0.6833021340968306
5,2000,434,0.82415042196434896,0.52174193387678491
5,2000,435,0.74065100703204179,0.62789967843385208
5,2000,436,0.36192647016144885,0.2282393168313662
5,2000,437,0.97982995633718872,0.47725308035186353
5,2000,438,0.0030871572426535696,0.20510320386843614
5,2000,439,0.25882229196790962,0.94962700948148959
5,2000,440,0.67532918193639557,0.28412697883190063
5,2000,441,0.91175293134484003,0.7255272753351838
5,2000,442,0.98293058287143553,0.65264146329179251
5,2000,443,0.93444387437871246,0.69237175142834162
5,2000,444,0.10480550802693976,0.86350717278233846
5,2000,445,0.19350879378679364,0.96034067254953637
5,2000,446,0.21152409231019392,0.20456520494909372
5,2000,447,0.59827851463496695,0.0057000030026036416
5,2000,448,0.68822912159572014,0.52194719717463178
5,2000,449,0.68984159875228102,0.46944468422374475
5,2000,450,0.41246110556206828,0.18202274437401941
5,2000,451,0.54724154080489662,0.24555796706154234
5,2000,452,0.78828900488579146,0.19993702304701652
5,2000,453,0.9737735520468277,0.34761006204215744
5,2000,454,0.83160954334252712,0.014297189643631145
5,2000,455,0.28055436474188866,0.88524495406723769
5,2000,456,0.94962812597389468,0.54687123271252491
5,2000,457,0.29334137913125113,0.33128900797422511
5,2000,458,0.012002341155595555,0.30486809637926238
5,2000,459,0.99997553260232142,0.97663134080753389
5,2000,460,0.74963543967073698,0.11103794285692968
5,2000,461,0.81052383293450958,0.18565262514620606
5,2000,462,0.99983962232253343,0.29374359576885156
5,2000,463,0.99796557545026043,0.60273586170273041
5,2000,464,0.91969801421119457,0.46251157775079998
5,2000,465,0.8892382389975747,0.19684196627600914
5,2000,466,0.96537377889454978,0.16946412209619088
5,2000,467,0.051649326177001548,0.96413666539308751
5,2000,468,0.56307055700328346,0.15322470534252719
5,2000,469,0.3657940074960791,0.9255619820398886
5,2000,470,0.48433532163449056,0.43657752689177975
5,2000,471,0.96554644455878424,0.0019175245789309235
5,2000,472,0.32798303489532626,0.36973019600870349
5,2000,473,0.79110260975516955,0.74621532178771821
5,2000,474,0.63939405999748111,0.75022217168965932
5,2000,475,0.44128077006794514,0.94179142280642458
5,2000,476,0.64941291752180852,0.55212630946426611
5,2000,477,0.018328395071003329,0.33703942080008359
5,2000,478,0.89064684675030037,0.035483889985612783
5,2000,479,0.74119771619256147,0.64757166534467492
5,2000,480,0.96572308087227099,0.73739392208810473
5,2000,481,0.5837786000592271,0.16314814415092299
5,2000,482,0.92717152398556613,0.067830860658950415
5,2000,483,0.090986615790297265,0.16061705727852185
5,2000,484,0.97887298301335368,0.85220976879163168
5,2000,485,0.8493774202691089,0.53926088028968644
5,2000,486,0.56916480488947108,0.27458727341811445
5,2000,487,0.96530927057698734,0.65636361133809196
5,2000,488,0.33696378733418092,0.090379925739335967
5,2000,489,0.90633093058847447,0.90015550001080702
5,2000,490,0.64102856351719628,0.53236175260208451
5,2000,491,0.99831508312914408,0.92036417201714671
5,2000,492,0.22489016449607707,0.86476588375089258
5,2000,493,0.80952725055204811,0.098802173246747574
5,2000,494,0.15584368456948483,0.53853229334818253
5,2000,495,0.54308988419772841,0.41495723419571479
5,2000,496,0.001228489563390258,0.0010660610451957988
5,2000,497,0.021031551758060901,0.24882285445803795
5,2000,498,0.0001955518079329786,0.030361871688626065
5,2000,499,0.90993838651948411,0.18823674613184141
5,2000,500,0.95392543990878997,0.56750333504729222
5,2000,501,0.55152187595111057,0.8701817838476692
5,2000,502,0.52474667767645133,0.14309791906956468
5,2000,503,0.73809386588697901,0.59405563570488984
5,2000,504,0.81240134069775305,0.47439649096320524
5,2000,505,0.10065037817929708,0.03831168731726408
5,2000,506,0.89513261032219904,0.12724808138096949
5,2000,507,0.56662499445917669,0.25713441103351964
5,2000,508,0.71569616915710754,0.64654216364474171
5,2000,509,0.99760548302112251,0.26062568500249361
5,2000,510,0.71505207731403653,0.50664526509090979
5,2000,511,0.38610274218728902,0.68220871306313191
5,2000,512,0.99996162952746448,0.90796604626508137
5,2000,513,0.30443964224875458,0.18611647953499824
5,2000,514,0.79321328795417334,0.94456394796718823
5,2000,515,0.60470435449573723,0.61006729966653528
5,2000,516,0.70939484285461363,0.32355774110103119
5,2000,517,0.99999999968401954,0.49204684232290652
5,2000,518,0.68174279915449554,0.04719581612979639
5,2000,519,0.0019265349124777988,0.22496377801892292
5,2000,520,0.80694970604906402,0.017257686929246455
5,2000,521,0.40970245746059314,0.66061600427086486
5,2000,522,0.95197283313051784,0.46376317821837132
5,2000,523,0.72650830917456721,0.22382059641467525
5,2000,524,0.14969052812468861,0.14509985320130786
5,2000,525,0.9446442833299572,0.58042497199268062
5,2000,526,0.24258388329748215,0.19705137839133832
5,2000,527,0.76174176832826002,0.2482427253327395
5,2000,528,0.86032401084703281,0.4597404359409385
5,2000,529,0.33359443894433283,0.64486046186828505
5,2000,530,0.9491240929770135,0.19677159246945911
5,2000,531,0.00024984263985919813,0.30642776715343023
5,2000,532,0.46218233114171803,0.78504927474221609
5,2000,533,0.95661777085595934,0.068010128449330631
5,2000,534,0.92588140013170561,0.32078375860801223
5,2000,535,0.92037694281138938,0.76071993523280002
5,2000,536,0.99998436288470915,0.68706939426505687
5,2000,537,0.93865148562483436,0.14244514285209622
5,2000,538,0.90871794537365047,0.36205309707318423
5,2000,539,0.98499059098488695,0.8969925521208495
5,2000,540,0.20198414493467753,0.4207183401354011
5,2000,541,0.37616526978615955,0.91651815283781801
5,2000,542,0.94269433752282505,0.64678352316192711
5,2000,543,0.96345972357267651,0.74889763204436632
5,2000,544,0.99677181023816719,0.94970268063998564
5,2000,545,0.98770265692888948,0.61702044617738383
5,2000,546,0.96056102908466212,0.59484876785858387
5,2000,547,9.0156476330250294e-07,0.32101792404308283
5,2000,548,0.082951108096673776,0.97217702733678169
5,2000,549,0.99998989235193947,0.63734314971603334
5,2000,550,0.99478071522575018,0.54932391767783262
5,2000,551,0.97788964372070042,0.25691671601237726
5,2000,552,0.95339321443290215,0.091174844371083544
5,2000,553,0.59473845623680599,0.71053437724159729
5,2000,554,0.60333010880605675,0.57626992789093889
5,2000,555,0.099857445519761542,0.34680868726057279
5,2000,556,0.96120644629291152,0.079507019635613366
5,2000,557,0.88339468615541783,0.17296659608607273
5,2000,558,0.00019662503366799815,0.11515797994733559
5,2000,559,0.99451790121260875,0.38463736598408138
5,2000,560,0.99684209369177967,0.16503173116052502
5,2000,561,0.41751898298088147,0.1959736136590034
5,2000,562,0.82231018232733266,0.2439706332590717
5,2000,563,0.99926578322523008,0.91728314779903564
5,2000,564,0.8957238107145542,0.4929417659384695
5,2000,565,0.99896397265918879,0.49226084173852747
5,2000,566,0.055959458060670757,0.63001293532901803
5,2000,567,0.11996738295861541,0.38612558414408377
5,2000,568,0.13920304302836545,0.062303134678234624
5,2000,569,0.90887091539416653,0.37351216092649936
5,2000,570,0.55827854485033535,0.0024293793669179641
5,2000,571,0.69463956674627958,0.97928152743486929
5,2000,572,0.75961072791591078,0.33175515936740102
5,2000,573,0.99783069950431924,0.029397268565953788
5,2000,574,0.90799053930291729,0.90608291050093759
5,2000,575,0.40616520859083011,0.88927146503728571
5,2000,576,0.17116257673587199,0.63641443212925508
5,2000,577,0.98685328571573938,0.87500542892021471
5,2000,578,0.0015752272733783469,0.66473918659817455
5,2000,579,0.62113719550295632,0.58508033290793848
5,2000,580,0.25491190648146073,0.057629458501170357
5,2000,581,0.61457176406195146,0.74227006334631873
5,2000,582,0.98180104151112113,0.5319954872547541
5,2000,583,0.92238547447018215,0.62753823331259562
5,2000,584,0.56912600061332985,0.60118030135182099
5,2000,585,2.967910055899574e-08,0.83700369976285738
5,2000,586,0.89817979889175859,0.45292703501879999
5,2000,587,0.33282598130665592,0.11870820707300433
5,2000,588,0.27299240539080682,0.870687985330303
5,2000,589,0.99997858106320026,0.39898562100459473
5,2000,590,0.98063062992765571,0.0110122295924313
5,2000,591,0.62369742249678162,0.7162730451080962
5,2000,592,0.81684126851230376,0.48923412283216738
5,2000,593,0.64789847940066814,0.61861605503081474
5,2000,594,0.87023343503436146,0.89316104101711491
5,2000,595,0.55340981404888656,0.81993104334671885
5,2000,596,0.90161393919887611,0.72889324353071083
5,2000,597,0.3647168729186584,0.53501810523467275
5,2000,598,0.39852979515523645,0.41469730823369927
5,2000,599,0.99815714045798687,0.30085400227123088
5,2000,600,0.16712215288092372,0.62048967254726395
5,2000,601,0.32896678474772229,0.86249072815746164
5,2000,602,0.683059061026144,0.49013054412265455
5,2000,603,9.4601700657299879e-19,0.87796762310046095
5,2000,604,0.52310408005288667,0.59820087467077665
5,2000,605,0.54710666886454284,0.93505032277417555
5,2000,606,0.85139779867696275,0.4256260949698964
5,2000,607,0.99965830798173227,0.54710997222921531
5,2000,608,0.96954080916014962,0.35760985631965947
5,2000,609,0.66357782160319356,0.22478674069120577
5,2000,610,0.15376059612478882,0.83442336158222896
5,2000,611,0.36110518628887095,0.3055638819310762
5,2000,612,0.17758872828738051,0.36011156044761139
5,2000,613,0.00053627002834693064,0.23725256030835876
5,2000,614,0.93097473396520425,0.12268914950767761
5,2000,615,0.2945178199351467,0.47745294394579618
5,2000,616,0.90128965834087826,0.12758421555145938
5,2000,617,0.9430167087743242,0.2757187286541069
5,2000,618,0.96542861082724152,0.17805028454479266
5,2000,619,0.93655409951818613,0.9011693350797505
5,2000,620,0.068118170913850112,0.73772592494916267
5,2000,621,0.98249494492294998,0.32487133512003935
5,2000,622,0.7706943387142251,0.99175808527888754
5,2000,623,0.62727238857835876,0.067695075528254461
5,2000,624,0.87190857572636493,0.68277541363532301
5,2000,625,0.99999991731853755,0.49425512894258306
5,2000,626,0.29216293158503276,0.024832210424692591
5,2000,627,0.99999999999888556,0.50654282380801086
5,2000,628,0.83238326773061688,0.66486537392312373
5,2000,629,0.97688010171989337,0.8253586723546249
5,2000,630,0.31169828682979583,0.92793807564090025
5,2000,631,0.80392264298633576,0.018008490760008197
5,2000,632,0.98612673043458487,0.11202518481561113
5,2000,633,0.99961602060547483,0.089536899472302839
5,2000,634,0.99896576586969832,0.5631043620666274
5,2000,635,0.16970050014223809,0.9777079741430188
5,2000,636,0.97390073797810184,0.69017841808823854
5,2000,637,0.94255797892072091,0.2426755442647987
5,2000,638,0.88078398195379481,0.7418690774573935
5,2000,639,0.9907390454449555,0.4115956804377035
5,2000,640,0.98143965007724621,0.22802430866159998
5,2000,641,0.92359918811988007,0.84961196749021006
5,2000,642,0.76361137352082598,0.8602955058739159
5,2000,643,0.77041834050214453,0.31535060123576847
5,2000,644,0.9922186264821129,0.752569665870225
5,2000,645,0.54847724517198038,0.45655310321253051
5,2000,646,0.81492557028477219,0.77619966508562477
5,2000,647,0.65126255151227241,0.63810421526454775
5,2000,648,0.0320801855933254,0.24978969781678312
5,2000,649,0.25752679666409534,0.77866678035128989
5,2000,650,0.081674316263557575,0.76594967801502012
5,2000,651,0.10844389546353628,0.45753356400646905
5,2000,652,0.98331053138229085,0.27986711987810375
5,2000,653,0.99546700523385523,0.3388190703024912
5,2000,654,0.32097956382090614,0.47758743874145204
5,2000,655,0.45309000435380753,0.31603442936966764
5,2000,656,0.98658867683658769,0.90873649378711618
5,2000,657,0.55932217817705732,0.61263438682589388
5,2000,658,0.05548273977360485,0.62066955084710762
5,2000,659,0.87973156787731099,0.24037073418892144
5,2000,660,0.96454607541663062,0.81109350478094056
5,2000,661,0.77943274203385049,0.55344951182630464
5,2000,662,0.22779281946137137,0.51439483700265243
5,2000,663,0.99696540409081047,0.14909351797957096
5,2000,664,0.91342869823955763,0.97589232907593759
5,2000,665,0.097222019044962124,0.71970428234114225
5,2000,666,0.80810457216536147,0.76472654229864057
5,2000,667,0.84888711168767017,0.71634322780685022
5,2000,668,0.35863891893328625,0.39946884646622383
5,2000,669,0.19884883557719116,0.39678031083862375
5,2000,670,0.066167718164581488,0.89386649749151048
5,2000,671,0.59582263237574362,0.30271196667872852
5,2000,672,0.027360289338964082,0.65810297673306106
5,2000,673,0.78664458607294008,0.38216551480675509
5,2000,674,0.99973942210601541,0.2763294762891978
5,2000,675,0.010357235770241885,0.52330889020700289
5,2000,676,0.86665714444171305,0.5909064730616177
5,2000,677,0.98923837255254043,0.51122859215232985
5,2000,678,0.14421247788635022,0.37744011406616207
5,2000,679,0.99819148133936686,0.20753340718963265
5,2000,680,0.79805277240911454,0.91995814069885884
5,2000,681,0.30225646706005838,0.03533860493985002
5,2000,682,0.79483501614658747,0.55055194647016892
5,2000,683,0.32024691675712325,0.95824445961227123
5,2000,684,0.53516775190693877,0.78267848846682908
5,2000,685,0.0052421434191177625,0.22345545029701586
5,2000,686,0.57574247030074033,0.25701591447520511
5,2000,687,0.98717570098930207,0.20168334317568867
5,2000,688,0.45951034309621996,0.47729582243147739
5,2000,689,0.64307056517327343,0.58360180096881631
5,2000,690,0.56359033578324735,0.74755841082987229
5,2000,691,0.9800451807666043,0.090189417123781701
5,2000,692,0.54451774477739145,0.49445910696142426
5,2000,693,0.77886582038354213,0.57915881552112181
5,2000,694,0.98764253887352482,0.42691249784946333
5,2000,695,0.84441115930960631,0.19207565318932043
5,2000,696,0.97793443084142695,0.30570127054968205
5,2000,697,0.90810895428047234,0.75153820174514074
5,2000,698,0.87825763900678433,0.10513886414062409
5,2000,699,0.99881428438306341,0.89353176446670379
5,2000,700,0.89034961172101001,0.80599094652206094
5,2000,701,0.99999996632714938,0.82017231347109532
5,2000,702,0.21869016514686904,0.37343015193483248
5,2000,703,0.63488324125249851,0.7930189266059311
5,2000,704,0.87134915321223883,0.35425792154505681
5,2000,705,0.99755705902919001,0.69627313805262836
5,2000,706,0.78807515998804667,0.083964982511145564
5,2000,707,0.94793400951598661,0.65587095078726121
5,2000,708,0.50292435555330761,0.9237295749413027
5,2000,709,0.99492114942592869,0.61616336111169534
5,2000,710,0.95024339460436624,0.64975749186581633
5,2000,711,0.99963905831412359,0.4008448020623237
5,2000,712,0.99847127419215986,0.99957385104574314
5,2000,713,0.92862611627690328,0.092607097487429374
5,2000,714,0.99425281820891187,0.088189225025662968
5,2000,715,0.71630127330678173,0.32559277464292979
5,2000,716,0.45085247082466706,0.26543934944333292
5,2000,717,0.84218381324666036,0.11929425346323275
5,2000,718,0.77664078325916541,0.5552450807374909
5,2000,719,0.83744042969788501,0.46851938148673822
5,2000,720,0.87920456114105494,0.661626390513816
5,2000,721,0.28902144378651806,0.77102022120675129
5,2000,722,0.83479850102073794,0.67530678845098191
5,2000,723,0.070699562713519362,0.22074533969309845
5,2000,724,0.77385687265799641,0.32885140472974861
5,2000,725,0.047974317306135814,0.36334705838851156
5,2000,726,0.90348121333309594,0.90242491176196538
5,2000,727,0.76444981897047981,0.4233827296586346
5,2000,728,0.68411965805868591,0.26639467850470866
5,2000,729,0.49664228273900701,0.57184484310281158
5,2000,730,0.060906585822270418,0.3635372283570924
5,2000,731,0.99926829156140551,0.76935637751879393
5,2000,732,0.99808610651218421,0.31799043382407416
5,2000,733,0.94054911686962928,0.37652409939900344
5,2000,734,0.71589444307166439,0.32677515089889941
5,2000,735,0.93180970480089897,0.15317636722050179
5,2000,736,0.77246036512036031,0.28423381228448069
5,2000,737,0.98376497956701892,0.66965932548294815
5,2000,738,0.98956494231969416,0.72761716947173949
5,2000,739,0.81474418276427629,0.66548782631119352
5,2000,740,0.58616606280424499,0.89609445312541103
5,2000,741,0.67224688787259601,0.65922649049271032
5,2000,742,0.28833749705306422,0.91931236001438466
5,2000,743,0.61883703706566018,0.24058247517830333
5,2000,744,0.0029868780879588239,0.47849689673483276
5,2000,745,0.99994380104974068,0.52368390764489292
5,2000,746,0.46082593160683294,0.50178367436085103
5,2000,747,0.0063783519767461501,0.93535143242470686
5,2000,748,0.065061118680980301,0.384617903768811
5,2000,749,0.93290440216097903,0.36133768315095494
5,2000,750,0.52172634068628887,0.66510792126186624
5,2000,751,0.94824517199351166,0.91166354471731215
5,2000,752,0.9695085424789599,0.60612041982809917
5,2000,753,0.1969612187237639,0.61395735962595521
5,2000,754,0.93703341709459798,0.30787857212754538
5,2000,755,0.99991241766607375,0.98539801275236349
5,2000,756,0.27201382043505973,0.57385276463729606
5,2000,757,0.40005634537968515,0.35103589655946305
5,2000,758,0.9919707274057904,0.22288281985080702
5,2000,759,0.98651365401928315,0.010620994399718394
5,2000,760,0.3959558024400503,0.40613832546864076
5,2000,761,0.64740802637627604,0.13113164141851349
5,2000,762,0.68369355902042406,0.35277379228550526
5,2000,763,0.99850185073653697,0.83380771131779774
5,2000,764,0.54653881008222749,0.39527956444213896
5,2000,765,0.50902825699929,0.20346723660704016
5,2000,766,0.14612060548800138,0.18239231559241204
5,2000,767,0.17283690086354603,0.22919988304107364
5,2000,768,0.81560166509937704,0.83263578687788975
5,2000,769,0.58052932002007007,0.68813905103484097
5,2000,770,0.77340872500679125,0.074377312317450789
5,2000,771,0.61153600984961021,0.93091240715263157
5,2000,772,0.90337286565682007,0.68560035253897533
5,2000,773,0.86823226986410162,0.65958145186923289
5,2000,774,0.50687140111943862,0.88914344751223717
5,2000,775,0.92833267051843871,0.29417611421260892
5,2000,776,0.86132189766815248,0.88644574301883416
5,2000,777,0.93402538318772554,0.77855892699393814
5,2000,778,0.66610612067778385,0.3881767154681805
5,2000,779,0.16220830983336318,0.018030164104171256
5,2000,780,0.047964755615934739,0.35163070011932285
5,2000,781,0.0059097123406193471,0.22709144047375068
5,2000,782,0.72724969030070841,0.95301859387430621
5,2000,783,0.93283505855116777,0.61423805352692551
5,2000,784,0.99887521946541735,0.11024857751767446
5,2000,785,0.64027493477792952,0.58532191023202462
5,2000,786,0.95333897816639013,0.73097900456999532
5,2000,787,0.13371689652615432,0.080669922721804899
5,2000,788,0.93500495334507938,0.43602385587651898
5,2000,789,0.9788269072255118,0.22494639923962306
5,2000,790,0.74764428789089443,0.87685829426259598
5,2000,791,0.99999999999274258,0.64819027311929611
5,2000,792,0.88241446072785634,0.24475456643385821
5,2000,793,0.94154619174326815,0.27435910010036357
5,2000,794,0.82141036959186486,0.24098246758803918
5,2000,795,0.14353945071827243,0.25882182914507712
5,2000,796,0.960426065335104,0.62538644281438049
5,2000,797,0.92159038175287022,0.31554973261194869
5,2000,798,0.9484605742787322,0.96292657505722556
5,2000,799,0.67553077383767179,0.53842302146839904
5,2000,800,0.95331443399035221,0.099350399010089824
5,2000,801,0.6658424446686193,0.37101506141112917
5,2000,802,0.05805846647650037,0.90252646955224625
5,2000,803,0.97598472926024926,0.086779855597500177
5,2000,804,0.66481788993212532,0.41149640937007359
5,2000,805,0.52989496976974937,0.9877484964253479
5,2000,806,0.1446402444925067,0.12511686736822206
5,2000,807,0.95407509961930126,0.6930061270414295
5,2000,808,0.99674630766518657,0.14859498081017891
5,2000,809,0.52853052265998879,0.35021139007273761
5,2000,810,0.85413015186674268,0.50236873979967789
5,2000,811,0.97849271510557601,0.20546591640652981
5,2000,812,0.75116994057132525,0.88249793050814485
5,2000,813,0.92629342371258794,0.27910817246938668
5,2000,814,0.00032319111684554378,0.56075393839769139
5,2000,815,0.69036188321162417,0.48992752287054886
5,2000,816,0.99712803050844301,0.73781635740114693
5,2000,817,0.69322614217544176,0.9552460040673153
5,2000,818,0.28854060422083694,0.77074278989280687
5,2000,819,0.99496503165936767,0.98222018731894578
5,2000,820,0.95467164030203944,0.59070293822999853
5,2000,821,0.41720808541525839,0.41941841557771864
5,2000,822,0.57853421796777027,0.54017883193807725
5,2000,823,0.44911863003632119,0.26559318399937432
5,2000,824,0.13730517746387708,0.18711143579000003
5,2000,825,0.87368714019375759,0.46429643455454417
5,2000,826,0.43605543265695024,0.37319578025901523
5,2000,827,0.6574143108841306,0.095669959387528314
5,2000,828,0.98493476782072087,0.15630594603257336
5,2000,829,0.73763698145815415,0.79029294978690867
5,2000,830,0.99492807122605753,0.80723521885203309
5,2000,831,0.68681112442219405,0.19293114836997236
5,2000,832,0.38303341682944692,0.21708643414664963
5,2000,833,0.051551135428662576,0.7619123359756439
5,2000,834,0.99952228441169089,0.43149553669125568
5,2000,835,0.044597551389850956,0.61763020666556423
5,2000,836,0.038516819560091488,0.11088845294603135
5,2000,837,0.51137117462881132,0.64737713401342634
5,2000,838,0.47611222347356452,0.15911676461240923
5,2000,839,0.86809750205902458,0.133829971950506
5,2000,840,0.84601757998337379,0.12940846768959677
5,2000,841,0.60791646729976923,0.088950440666483485
5,2000,842,0.92723178845124443,0.49118360863257315
5,2000,843,0.078025710144133162,0.054446220379243696
5,2000,844,0.96361214595685218,0.92112717521833942
5,2000,845,0.9703489236306706,0.13670209499911923
5,2000,846,0.99667783852260561,0.011982731979732732
5,2000,847,0.70978756363246442,0.28986444857928456
5,2000,848,0.99999925734714945,0.13697545378814138
5,2000,849,0.72283343098605668,0.12910711713121187
5,2000,850,0.99931284726030023,0.67733759653220127
5,2000,851,0.82467908963173098,0.35461502796833833
5,2000,852,0.9196305050320307,0.20014308214415241
5,2000,853,1.0725250950524457e-09,0.58047697096886242
5,2000,854,0.71606730989461942,0.25811232303584364
5,2000,855,6.9808616788951219e-05,0.31965429084621438
5,2000,856,0.65175806976633899,0.76929312515694404
5,2000,857,0.70440874439434031,0.83196855672246284
5,2000,858,0.86489874720180093,0.20721696593247446
5,2000,859,0.9643045240428334,0.19004780437559449
5,2000,860,0.10607910697201077,0.074981497621542978
5,2000,861,0.82729944228851315,0.88976491081289111
5,2000,862,0.80130549661106598,0.12834139462824595
5,2000,863,0.97485623343209016,0.9959764071194932
5,2000,864,0.99566309747763448,0.1512638373858971
5,2000,865,0.52663596414324276,0.18550595532370287
5,2000,866,0.97501441178249215,0.99151661832360727
5,2000,867,0.64997081387487254,0.79023556852774079
5,2000,868,0.99959158457641417,0.7245440902845004
5,2000,869,0.22935093461102757,0.16613518410009415
5,2000,870,0.25434185112940738,0.95058344435921593
5,2000,871,0.96190072439334218,0.8021884240136492
5,2000,872,0.98640702824005078,0.027917992868987305
5,2000,873,0.27266294173299505,0.93467176323516188
5,2000,874,0.094965760130803073,0.63948342663534319
5,2000,875,0.046714827205405304,0.11098624747654869
5,2000,876,0.091028635727360155,0.044271901701991127
5,2000,877,0.83600900744826101,0.84644898179474004
5,2000,878,0.63632062687916591,0.65676163182047564
5,2000,879,0.033424120261233189,0.58614652400627121
5,2000,880,0.94470280903441772,0.039551299153829593
5,2000,881,0.66095105115174602,0.97490816261442648
5,2000,882,0.47473504173417302,0.77444678304388814
5,2000,883,0.84873498051035623,0.44667307757210989
5,2000,884,0.99889310141588283,0.032442593855558331
5,2000,885,0.19838389234456569,0.052308865593900494
5,2000,886,6.5213118988380483e-05,0.17160119263826867
5,2000,887,0.71967176001731503,0.85455298094929533
5,2000,888,0.90020355492566462,0.25976102292715902
5,2000,889,0.58447199424120744,0.7181739138687524
5,2000,890,0.94658222467030417,0.78966929221342552
5,2000,891,0.515053570094957,0.97635154184526762
5,2000,892,3.4946633384392241e-08,0.46711674268399206
5,2000,893,0.99691715475247555,0.94970821532693694
5,2000,894,0.98652821638325838,0.2380235071885618
5,2000,895,0.061992495350264624,0.43018637372494273
5,2000,896,0.63113065309475902,0.59062902946235696
5,2000,897,0.98440216686694237,0.69953057494662652
5,2000,898,0.38700942345188533,0.93325750685922848
5,2000,899,0.92909438149098622,0.0040378958952992077
5,2000,900,0.99439448839724942,0.087158048663771762
5,2000,901,0.90170231497778397,0.20422104475425315
5,2000,902,0.26325873063491051,0.52040280902596669
5,2000,903,0.8710799527639248,0.35469761170776443
5,2000,904,0.50766165433632904,0.12254846445361374
5,2000,905,0.49663390900492299,0.87972268731998149
5,2000,906,0.94864687858386909,0.058077501908840458
5,2000,907,0.99272817769632393,0.13790829875820257
5,2000,908,0.71058821343005496,0.058532236061491841
5,2000,909,0.34754569777823724,0.03426090640127951
5,2000,910,0.62454164405242751,0.17624651589099985
5,2000,911,0.24851530613692208,0.59067274311825901
5,2000,912,0.92226778269728649,0.49278613155607753
5,2000,913,0.61998743180433757,0.3541523534166065
5,2000,914,0.99188965454528644,0.54774206685271687
5,2000,915,0.99405424372390705,0.13394361726753531
5,2000,916,0.12792735345569439,0.027752565573549652
5,2000,917,0.55060794283442949,0.15027444969559017
5,2000,918,0.75804700229929323,0.2540240109506407
5,2000,919,0.089948176197231555,0.22380640450415507
5,2000,920,0.55808338794887524,0.78408974493491368
5,2000,921,0.90489192649477956,0.26030268659810579
5,2000,922,0.073640482833500776,0.62424340901271358
5,2000,923,0.93570848855030242,0.64618465842832418
5,2000,924,0.88362788584850693,0.94333770126134942
5,2000,925,0.33813380651715819,0.9107327799095819
5,2000,926,0.68540704888545223,0.18738506472110383
5,2000,927,0.58739241844573831,0.25115610793730359
5,2000,928,0.50056539351787865,0.31001884408830999
5,2000,929,0.97411707862447738,0.88254583248355933
5,2000,930,0.76031294255790249,0.81293004405967739
5,2000,931,0.12028134969435221,0.15022676550990335
5,2000,932,0.87418025293292168,0.34234573738793816
5,2000,933,0.443781687251736,0.89125460180239247
5,2000,934,0.48793100272495082,0.3218225191660638
5,2000,935,0.78191913869484908,0.60222913779723553
5,2000,936,0.052362753221927252,0.1939832780573463
5,2000,937,0.78808957813745284,0.27950520776393828
5,2000,938,0.87390602909527537,0.30890675044634397
5,2000,939,0.52794491325817383,0.9068869530341741
5,2000,940,0.78127816650251836,0.29356806956425874
5,2000,941,0.44482764252460089,0.038182656548869515
5,2000,942,0.193024737792268,0.7089475924524391
5,2000,943,0.63357826028932474,0.53329055174706941
5,2000,944,0.8009675510162827,0.39203246709965428
5,2000,945,0.88976768076721002,0.72024682955166641
5,2000,946,0.53032358485521347,0.035854807991652311
5,2000,947,0.79996413438834635,0.73871726790291303
5,2000,948,0.99460004392703849,0.37160006179674587
5,2000,949,0.99793452478430378,0.89007888280327996
5,2000,950,0.076012970382271991,0.46895387202615102
5,2000,951,0.99986020001660458,0.36656354208648778
5,2000,952,0.076864520272542508,0.53304486372791837
5,2000,953,7.4223769946765345e-14,0.63591700843708321
5,2000,954,0.56009150977658617,0.83266951029795078
5,2000,955,0.96261116033563876,0.9520967750827749
5,2000,956,0.48248369396886581,0.82966913077573623
5,2000,957,0.051467335269671233,0.11850017633829954
5,2000,958,0.29156035030270194,0.087453140004543989
5,2000,959,0.98155289795595557,0.96545653436069034
5,2000,960,0.60125042108224347,0.59518914567677916
5,2000,961,0.98351203627659178,0.43610839675588964
5,2000,962,0.93382509046719986,0.9408476192028854
5,2000,963,0.65170870330847641,0.57292981416119804
5,2000,964,0.99797852265771125,0.27122659496525992
5,2000,965,0.94532637260784191,0.9520783966120836
5,2000,966,0.81276157914068914,0.38020074359548006
5,2000,967,0.31808481433904034,0.69845115976422412
5,2000,968,0.75185711779623499,0.4311721019700297
5,2000,969,0.52303990214096996,0.91602253524068322
5,2000,970,0.94361351932602244,0.69277886863774341
5,2000,971,0.82570890592182189,0.19548213020821292
5,2000,972,0.9523287068587013,0.61484125487906938
5,2000,973,0.99747951220545428,0.34076890861879816
5,2000,974,0.92212154104134547,0.39725336068053291
5,2000,975,0.28472076279483666,0.077757286187030011
5,2000,976,0.033906206964825263,0.6595452465507613
5,2000,977,0.1356571877377834,0.061567087634349926
5,2000,978,0.99514710063138367,0.73921881273482881
5,2000,979,0.70632854087050378,0.57230772161633447
5,2000,980,0.010893218886280325,0.4629946473575085
5,2000,981,0.48925526296184174,0.6337783872528242
5,2000,982,0.062750496110491286,0.53142490347432303
5,2000,983,0.5162080710700141,0.18552804658195168
5,2000,984,0.99999905279939749,0.35682519141075375
5,2000,985,0.84696286338477933,0.94328588587637463
5,2000,986,0.96376235917648501,0.018262546673616903
5,2000,987,0.13202987161314292,0.52566104253765744
5,2000,988,0.8366852872572661,0.057194734046298212
5,2000,989,0.98903406467765953,0.43426296956243787
5,2000,990,0.65959188051189066,0.54980857305316111
5,2000,991,0.020616677485650808,0.020169052742418016
5,2000,992,0.99183445928674641,0.76105825403351601
5,2000,993,0.49403863877974374,0.68177879643619743
5,2000,994,0.36100506867280258,0.8954382016977811
5,2000,995,0.99999358637247426,0.13188280662441854
5,2000,996,0.74263643671461743,0.62300681884658871
5,2000,997,0.65487129828790336,0.34362694692423157
5,2000,998,0.76495956574217749,0.78158562276391463
5,2000,999,0.64384959794038943,0.85085147694201013
5,8000,0,0.40987762335053596,0.73738808928436861
5,8000,1,0.98513758536815355,0.34131259495740429
5,8000,2,0.88225725776069042,0.54028713259611583
5,8000,3,0.95615414279821809,0.30680769068841762
5,8000,4,0.75412810528873842,0.034103767842834538
5,8000,5,0.11446126331646161,0.61746243974438741
5,8000,6,0.4784494618564088,0.14414370828942985
5,8000,7,0.99186013785330696,0.67144773857857942
5,8000,8,0.82041794062161166,0.095954669655976627
5,8000,9,0.99992011032614592,0.14609002745858754
5,8000,10,0.015201608597608728,0.42505139789684299
5,8000,11,0.071573572231170945,0.26032967947885327
5,8000,12,0.86983860579306427,0.53626845073146068
5,8000,13,0.87050447683859122,0.27349019247784073
5,8000,14,0.98146701570200068,0.39248298540389515
5,8000,15,0.93820892273416434,0.97856388250768866
5,8000,16,0.93883487449113578,0.74494978137097934
5,8000,17,0.81091597961176665,0.87269233106234034
5,8000,18,0.15219423135087734,0.8778563111060903
5,8000,19,0.19537976146833475,0.043553152409457146
5,8000,20,0.82531312243880717,0.20973784881732169
5,8000,21,0.98061449674703793,0.79979337110965776
5,8000,22,0.48802463683487785,0.030467508041570859
5,8000,23,3.274881163272606e-05,0.63072542394023401
5,8000,24,0.75281020749172312,0.61896752373891073
5,8000,25,0.95525270792156125,0.014518553042771077
5,8000,26,0.94197096809728764,0.90083414995679667
5,8000,27,0.98555019212361372,0.95408910082968645
5,8000,28,0.99992352646806171,0.32260583921906505
5,8000,29,0.11439973798027644,0.38889748605810315
5,8000,30,0.99999570778171509,0.24862874266807644
5,8000,31,0.60958600014036268,0.34785087040449703
5,8000,32,0.84037664107892973,0.28221924664107212
5,8000,33,0.20086143114878408,0.82266184992994695
5,8000,34,0.77072786915655289,0.047505337083768077
5,8000,35,0.8301843515417533,0.60790521045986701
5,8000,36,0.13381108011403756,0.49048120385405081
5,8000,37,0.639649129970288,0.97839409413165346
5,8000,38,0.26445446141944606,0.26217599217450632
5,8000,39,0.99999986182014622,0.19200199020130437
5,8000,40,0.73660843747078086,0.29699633304394779
5,8000,41,0.92764097123542522,0.96956670460484928
5,8000,42,0.99938598529007583,0.73459820299227008
5,8000,43,0.96969387853054057,0.34312788813377154
5,8000,44,0.99692044648250322,0.94941151792737188
5,8000,45,0.15614819622466453,0.58363971155437733
5,8000,46,0.90035998849993726,0.8846669965914512
5,8000,47,0.8003990889129351,0.12404710404537966
5,8000,48,0.7801494607631464,0.43837227491285963
5,8000,49,0.87044389111658682,0.5433630107322418
5,8000,50,0.692548217633701,0.6074734455255475
5,8000,51,0.2892902043895163,0.57953517132317744
5,8000,52,0.7258571750075935,0.025417908547600145
5,8000,53,0.59520043778737097,0.59947642109971389
5,8000,54,0.97944660151578544,0.88346060858439945
5,8000,55,0.5288603883907792,0.02720710403742746
5,8000,56,0.09868163524298787,0.64638174595036935
5,8000,57,0.59152818062420542,0.49283241601106786
5,8000,58,0.029591623401379701,0.31043573899585736
5,8000,59,0.060944993283779537,0.72570690220862466
5,8000,60,0.90812745258721317,0.58791465697410861
5,8000,61,0.35541011526356464,0.82919517811032306
5,8000,62,0.88159709575043588,0.32750589274347935
5,8000,63,0.63948203059711384,0.11889915334447859
5,8000,64,0.51535353108887105,0.10005047852004509
5,8000,65,0.95174207544600664,0.39190152178346721
5,8000,66,0.21435931349682324,0.87346549078877889
5,8000,67,0.93250730019127304,0.10885243217993745
5,8000,68,0.92082690538873757,0.64466596992275849
5,8000,69,0.97559116159346326,0.43420651075716016
5,8000,70,0.89972423565798232,0.85753331458797666
5,8000,71,0.67740297901461632,0.34159209462743584
5,8000,72,0.98746439946696163,0.086219700257252077
5,8000,73,0.53366274311532524,0.35792269819694472
5,8000,74,0.96445604605718049,0.84366799644370394
5,8000,75,0.32384567294057603,0.60905841305898767
5,8000,76,0.98022872743647949,0.67292247366315872
5,8000,77,0.94322642472845031,0.39623282467020399
5,8000,78,0.72633034042799649,0.87182385460675171
5,8000,79,0.0075029946544223694,0.10356198030845222
5,8000,80,0.094994876589027985,0.93864746558740753
5,8000,81,0.99999879900435451,0.54756187228406938
5,8000,82,0.4594064479965102,0.78122578112239116
5,8000,83,0.76863248825655583,0.5890302390330816
5,8000,84,0.63950709365821523,0.832838906563243
5,8000,85,0.38275659400295403,0.090001081369088534
5,8000,86,0.70945020300008677,0.97954940856034567
5,8000,87,0.0012904052651453541,0.41883729161054395
5,8000,88,0.97546437356697646,0.240068001718201
5,8000,89,0.87484565171036988,0.52153126832141539
5,8000,90,0.014011473179778531,0.26537184562030247
5,8000,91,0.23746211885288657,0.42568810034430193
5,8000,92,0.98541811379460886,0.19888013045459732
5,8000,93,0.77490769964636641,0.77037748019259644
5,8000,94,0.94057850558459721,0.79849718929316416
5,8000,95,0.029566817920133812,0.2294322621564033
5,8000,96,0.99466074207311017,0.75242449404588774
5,8000,97,0.062895661237350228,0.33597011580371505
5,8000,98,0.072218433097541626,0.63667436755081841
5,8000,99,0.15907904444831567,0.3469860164103602
5,8000,100,0.9170581544882217,0.79049648840078557
5,8000,101,0.943131923738594,0.68868620940932546
5,8000,102,0.30299136862331949,0.87978580179082333
5,8000,103,0.89450780891555592,0.75732714829289127
5,8000,104,0.99307186372237244,0.4356537759859746
5,8000,105,0.48066253458982988,0.24821724636613215
5,8000,106,0.99999763218950122,0.15285007698371628
5,8000,107,0.15292188552005603,0.17482616625821817
5,8000,108,0.38651911107388293,0.12543453969012
5,8000,109,0.57909382916906982,0.70138708312931064
5,8000,110,0.7747076774175865,0.79656230298160047
5,8000,111,0.68946570892713788,0.30307636415444517
5,8000,112,0.62088566656662192,0.70787424115001574
5,8000,113,0.20715292043540601,0.016098011358690982
5,8000,114,0.38643939405931582,0.30099412555564242
5,8000,115,0.70488473528860696,0.87006114838378834
5,8000,116,0.99739198914636529,0.21668170866910752
5,8000,117,0.98101265926424353,0.91722110068492779
5,8000,118,0.21521049319074276,0.76947114305907349
5,8000,119,0.59992473842076288,0.9461740357788494
5,8000,120,0.88429118041862265,0.54578867257560926
5,8000,121,0.70887052423947305,0.68929181634606063
5,8000,122,0.62847385010804779,0.76851036961094898
5,8000,123,0.57360203109657382,0.60092285534368894
5,8000,124,0.87934418137438042,0.5497094801924155
5,8000,125,0.90379669167982746,0.90020898269767269
5,8000,126,0.99578737959362296,0.24184482426795392
5,8000,127,0.10552858441102786,0.087963867672847695
5,8000,128,0.82672642702926558,0.95011650378326018
5,8000,129,0.99940668880488737,0.28754392442868709
5,8000,130,0.70516375772115625,0.77461483029452571
5,8000,131,0.98008911174543567,0.77853696907864578
5,8000,132,0.8015669335306288,0.37018743671898435
5,8000,133,0.32626883252286287,0.56067393978082625
5,8000,134,0.9123030031090551,0.96348213509960445
5,8000,135,0.85624236749227822,0.86759188997846381
5,8000,136,0.95174784925356748,0.57091813801927149
5,8000,137,0.71960173030086805,0.17094325648814951
5,8000,138,0.072848047637277924,0.70436439110167048
5,8000,139,0.69692353087057679,0.5151650425106522
5,8000,140,0.70131323131997347,0.93924510542838724
5,8000,141,0.75875489683979824,0.043672773448830769
5,8000,142,0.92368040894148629,0.24217702646393077
5,8000,143,0.13378097552436852,0.63448791218513589
5,8000,144,0.74637564441822413,0.70284881081127715
5,8000,145,0.99255159158398221,0.53545043072304466
5,8000,146,0.75365971060525638,0.089145329972491499
5,8000,147,0.92743352497476506,0.34119140786887958
5,8000,148,0.021943961786688709,0.38887578407825618
5,8000,149,0.10032393056583473,0.52442899640847307
5,8000,150,0.89683234472152873,0.24533435970243586
5,8000,151,0.98032304351177912,0.41778319562138216
5,8000,152,2.5542961654832734e-05,0.0072218878764800957
5,8000,153,0.885810049275635,0.75489249426448035
5,8000,154,0.74288159788834274,0.91139422217911159
5,8000,155,0.00027342105430777663,0.047244467507472743
5,8000,156,0.80264191317636202,0.0020120126630305273
5,8000,157,0.68432777792697941,0.88929003789733274
5,8000,158,0.24590733656953143,0.42731346237389906
5,8000,159,0.55650371511997909,0.86260343090301483
5,8000,160,0.10185309072738345,0.62011288213115345
5,8000,161,0.8090314596657121,0.59574417434222138
5,8000,162,0.91059820925198809,0.71674260245314803
5,8000,163,0.98434828718050171,0.69566668012738142
5,8000,164,0.03591482094848817,0.30767135051371747
5,8000,165,0.24292759967122615,0.96449597034145362
5,8000,166,0.82322820258057861,0.72970960616765301
5,8000,167,0.85062340905317635,0.61995581608559303
5,8000,168,0.95872794205484246,0.1094807735128225
5,8000,169,0.40733856652740164,0.16875801568097848
5,8000,170,0.61313001703841352,0.16246605019989024
5,8000,171,0.11687276655426954,0.093410516237987032
5,8000,172,0.012439015130378135,0.97720595668819188
5,8000,173,0.99225558238851175,0.050733744837107742
5,8000,174,0.43907330156182023,0.34937850542065063
5,8000,175,0.98959526641816831,0.057281115124931663
5,8000,176,0.58478311989709819,0.25912495955821663
5,8000,177,0.99172132278345093,0.68998759563594525
5,8000,178,0.13317171601234698,0.5523693883797034
5,8000,179,0.97458907018129304,0.23118182704301687
5,8000,180,0.74791049575121826,0.73900350304294382
5,8000,181,0.83848759532677919,0.095883321451940007
5,8000,182,0.036039246738013078,0.79068268986024692
5,8000,183,2.3284492265768376e-06,0.0026707232055508106
5,8000,184,0.99564453614175008,0.78071060127154168
5,8000,185,0.88322009298365634,0.29432620210438115
5,8000,186,0.97944483278510086,0.91560666875631447
5,8000,187,0.2214949052618429,0.45914427228686261
5,8000,188,0.85957722984683693,0.093585338018014205
5,8000,189,0.39951212570783101,0.53595514556817925
5,8000,190,0.031219311234872954,0.352815671419836
5,8000,191,0.74158372728372735,0.87057097144288487
5,8000,192,0.41880729378062015,0.88434935573161344
5,8000,193,0.37837507063406595,0.77829876069676951
5,8000,194,0.85388842670605913,0.13144372840009472
5,8000,195,0.31534584441091434,0.39267919247313154
5,8000,196,0.95577150970355729,0.49943980137889832
5,8000,197,0.99999874505060216,0.98234816392536894
5,8000,198,0.77300657655482219,0.72671001449981865
5,8000,199,0.94686778612902744,0.84540958130937238
5,8000,200,0.0056239987144616702,0.74045506485916579
5,8000,201,0.97366901669976424,0.5950723795119004
5,8000,202,0.59198002065709898,0.83243094154028241
5,8000,203,0.75146731177592385,0.47691821903193632
5,8000,204,0.78832219648653734,0.48019364247160179
5,8000,205,0.01720038396676388,0.65532125176027856
5,8000,206,0.36480262762330934,0.93874783287805708
5,8000,207,0.47558469172914586,0.096797111765240099
5,8000,208,0.65818279020034343,0.39567991507707023
5,8000,209,0.62348202181101209,0.39255362096672092
5,8000,210,0.6444842077021844,0.70461122352158045
5,8000,211,0.95345410366839778,0.15287323191443666
5,8000,212,0.68472055101190321,0.082426960136722377
5,8000,213,0.6600371108334433,0.49610032293515371
5,8000,214,0.89721008037144911,0.3488422746832649
5,8000,215,0.27521022436330111,0.45896096056645519
5,8000,216,0.34039718305186006,0.9125578677121613
5,8000,217,0.79965472397089099,0.71938667114276145
5,8000,218,0.98572028829703318,0.93096833434897741
5,8000,219,0.15227298683645002,0.70121825624797862
5,8000,220,0.98373953634548617,0.84896556834965475
5,8000,221,0.92197155187993218,0.12096240294035578
5,8000,222,0.9886817092863438,0.26105699331238619
5,8000,223,0.78446499874081432,0.21890084742391819
5,8000,224,0.16125000463477843,0.83031463731691202
5,8000,225,0.4591044648510616,0.26238347840297876
5,8000,226,0.99993692485668706,0.49855816218158555
5,8000,227,0.4395171418129003,0.75433743105289552
5,8000,228,0.77201036036503357,0.8162303248032815
5,8000,229,0.97352427655976836,0.82065220151345697
5,8000,230,0.94833836231959523,0.91992332932573762
5,8000,231,0.72373756633096287,0.77589481674630112
5,8000,232,0.98486396719501546,0.72465744642599472
5,8000,233,0.87234551688851092,0.56858574863318145
5,8000,234,0.1776633778652342,0.19206813470929374
5,8000,235,0.99608910870965006,0.45962667129340518
5,8000,236,0.99658322221009421,0.40365856700273245
5,8000,237,0.99269332589615122,0.10800635677401077
5,8000,238,2.5757599475212057e-06,0.74850695560610814
5,8000,239,0.11655519493415011,0.35646531330857018
5,8000,240,0.60178833161050849,0.037444539860221115
5,8000,241,0.97331470312536883,0.8367114688265076
5,8000,242,0.9423010186732127,0.1314268263281797
5,8000,243,0.90276244199942191,0.10700970000380301
5,8000,244,0.32236086497225946,0.028371044595867961
5,8000,245,0.72131707335934214,0.14116235642750366
5,8000,246,0.45643246051675751,0.24308651848670318
5,8000,247,0.0041327105213771857,0.27262589265759829
5,8000,248,0.70812662027193374,0.7851856445066413
5,8000,249,0.9236523117029839,0.39607718542338466
5,8000,250,0.91493623863243068,0.43762920557867152
5,8000,251,2.0360143450975392e-09,0.37665048948433899
5,8000,252,0.953564517342951,0.51740406662219385
5,8000,253,0.64691553731828688,0.57008623695727012
5,8000,254,0.0013777871269094134,0.75239304245498884
5,8000,255,0.99399805417727038,0.081897778545098679
5,8000,256,0.92410764063134743,0.92067125673176675
5,8000,257,0.99939715173094823,0.14135296072016246
5,8000,258,0.62513481216792732,0.64317206264326043
5,8000,259,0.4020258422219371,0.30991770914822975
5,8000,260,0.0072582976496209086,0.90769504858415306
5,8000,261,0.93676203330008678,0.37308728414404002
5,8000,262,0.82129288804950407,0.77164925624816849
5,8000,263,0.047577249945483464,0.37113451552735571
5,8000,264,0.14344667493465646,0.63928008232162647
5,8000,265,0.96808258103301004,0.33964983311000113
5,8000,266,0.9899229540046679,0.00088179180125009919
5,8000,267,0.63676271780077176,0.95679092885465689
5,8000,268,0.054848684621143833,0.9103750132525219
5,8000,269,0.18849614059892461,0.80697354146711564
5,8000,270,0.81406614896540364,0.17909754649264883
5,8000,271,0.72943921411211299,0.35851527419877444
5,8000,272,0.85932108167096999,0.081462637571346155
5,8000,273,0.99697535347535593,0.86081679630844654
5,8000,274,0.97571022765629112,0.45525077615159198
5,8000,275,0.13346182547711161,0.57336870621750957
5,8000,276,0.33707247454746392,0.18337124816411926
5,8000,277,0.18395790458515385,0.14107942501311632
5,8000,278,0.96281173146602206,0.2608500251355339
5,8000,279,0.11800304697055286,0.44593698209673155
5,8000,280,0.66641665761070656,0.68749900731027225
5,8000,281,0.53526647312583386,0.40551770307034907
5,8000,282,0.10151644321894651,0.24242796439703662
5,8000,283,0.55360182047709539,0.37850362025693352
5,8000,284,0.02308371689843209,0.48372519527662938
5,8000,285,0.92274788346597525,0.76559284036962083
5,8000,286,0.67955595004525615,0.90083332687747431
5,8000,287,0.28023477637184052,0.86417134071832724
5,8000,288,0.82465605116127194,0.11976295924324581
5,8000,289,0.99145838195254865,0.06843147440086049
5,8000,290,0.44968781885379899,0.80155389409792099
5,8000,291,0.58399954538928456,0.89647859897569904
5,8000,292,0.60720409886219073,0.44167759587299393
5,8000,293,0.70685700124676543,0.40661622430547489
5,8000,294,0.12095952366858351,0.97556917255256748
5,8000,295,0.95606791558680626,0.93444514987092986
5,8000,296,0.82821355312073164,0.06294615327681638
5,8000,297,0.9780709431422191,0.11298874012675109
5,8000,298,0.72889541178153028,0.39667907182536644
5,8000,299,0.98305654270211218,0.76895251583973645
5,8000,300,0.13651789884861679,0.92662676814345069
5,8000,301,0.035282623359873116,0.14303497103835433
5,8000,302,0.4702827482146863,0.80367352713554585
5,8000,303,0.12439183780275903,0.74446803111573512
5,8000,304,0.81158720949284824,0.99859397872345002
5,8000,305,0.56281193351616954,0.95242078769278227
5,8000,306,0.95115703826990694,0.91176409531046776
5,8000,307,0.22086041812201804,0.90470226162812861
5,8000,308,0.4516994639892109,0.76499052960708558
5,8000,309,0.30020569566043392,0.28012899006517572
5,8000,310,0.97792147297914012,0.34774859737571834
5,8000,311,0.81594743817061544,0.64819057780681455
5,8000,312,0.90560132881801825,0.20817708286708486
5,8000,313,0.97553383478087241,0.68926729711843915
5,8000,314,0.87699955365880633,0.81390593890786245
5,8000,315,0.83702298806787612,0.83802518511702195
5,8000,316,0.9999999999999919,0.88099640318071659
5,8000,317,0.78030579660527899,0.50903790035258478
5,8000,318,0.39392040004261847,0.86443772165761168
5,8000,319,0.66783017786568843,0.31292433919289497
5,8000,320,0.95122462247926187,0.5995356102936914
5,8000,321,0.3854979862308367,0.76227201635089858
5,8000,322,0.41118159177668284,0.4523291282999965
5,8000,323,0.031465070370106159,0.097012899262408345
5,8000,324,0.23009760553211836,0.27171959725631539
5,8000,325,0.67971944340387436,0.92206119401298037
5,8000,326,0.98304589265124775,0.6959767695534792
5,8000,327,0.42408143723041281,0.39515225385539737
5,8000,328,0.5154671800369055,0.11927056212536787
5,8000,329,0.4255050113767751,0.72107608426081293
5,8000,330,0.95981996158432648,0.46038924263311864
5,8000,331,0.12864728028703154,0.84842763613626704
5,8000,332,4.9889628648371466e-07,0.69532162979239642
5,8000,333,0.99980099151495971,0.85815446292363906
5,8000,334,0.93009221884709981,0.80640527961578679
5,8000,335,0.99803512485629353,0.49789117512481618
5,8000,336,0.39204796523768048,0.89743148681934726
5,8000,337,0.23260622842685913,0.77774752398796254
5,8000,338,0.67123585664110796,0.064244828455616673
5,8000,339,0.70798921973065898,0.24120126063528122
5,8000,340,0.4564199774154506,0.76646027210040135
5,8000,341,0.98243061540817767,0.96238956587071922
5,8000,342,0.99311135383215909,0.60396370195838645
5,8000,343,0.79082226048344895,0.2986949962066876
5,8000,344,0.74474479868978727,0.63450510815548877
5,8000,345,0.4859484875772313,0.89328429651357699
5,8000,346,0.072839928548115329,0.15447127953755319
5,8000,347,0.73267589693796875,0.65237966447244733
5,8000,348,0.0014537994402033366,0.28330335010391161
5,8000,349,0.99102712679138549,0.50232400267720601
5,8000,350,0.00035459097631259365,0.50659709028536404
5,8000,351,0.89001705740574277,0.38808972405045677
5,8000,352,3.0208514056454004e-11,0.40704647122415205
5,8000,353,0.99423381831518565,0.61190366027694543
5,8000,354,0.58486366367968179,0.46795230894285256
5,8000,355,0.053615321466973891,0.94125026967620129
5,8000,356,0.87727559243958042,0.5451111005194067
5,8000,357,0.967494996318504,0.36747125446445777
5,8000,358,0.051470522303990796,0.027657441598380669
5,8000,359,0.84118567920735954,0.30213634684692953
5,8000,360,0.54770780206889758,0.07515469372496339
5,8000,361,0.76739620824745947,0.15223639810127934
5,8000,362,0.68385956458049801,0.35764205372009966
5,8000,363,0.46043966090805899,0.80042644084266645
5,8000,364,0.49413479362354273,0.91095932507029376
5,8000,365,0.5658288500403903,0.63660739084558948
5,8000,366,0.17872560784569028,0.66833462899078178
5,8000,367,0.91156442681642069,0.89178843511613948
5,8000,368,0.66114087410046485,0.51702967362130992
5,8000,369,0.0077890778565471823,0.32385066413665747
5,8000,370,0.11799717387651325,0.016116276375120243
5,8000,371,0.72784450783301535,0.80078166440680221
5,8000,372,0.97106032846996371,0.21276448417929247
5,8000,373,0.9063998154672489,0.66964998857373015
5,8000,374,0.13166319363962953,0.59039249167092944
5,8000,375,0.70245701238410474,0.6084591004360328
5,8000,376,0.75472355559543958,0.55733193675977377
5,8000,377,0.80743349764747463,0.81892258797762829
5,8000,378,0.99694255201821125,0.10858174275505994
5,8000,379,0.24004880871623097,0.6370308968080165
5,8000,380,0.92096925834536891,0.68190620853025741
5,8000,381,0.23320675933496293,0.95665305763911934
5,8000,382,0.66027749996890261,0.90780363559336341
5,8000,383,6.6713705874955231e-06,0.31141844791955808
5,8000,384,0.80472640549479291,0.24760247428086057
5,8000,385,0.58831462118341227,0.5786533947914887
5,8000,386,0.85031495158916814,0.70917913033583857
5,8000,387,0.63119969012650534,0.40950711180749283
5,8000,388,0.80965830958706642,0.098224093980015234
5,8000,389,0.69986896570613111,0.36308644673461987
5,8000,390,8.5186766974465373e-157,0.33784336677265375
5,8000,391,0.39454547966355852,0.049879630077432298
5,8000,392,0.25443394040119766,0.3748103536523682
5,8000,393,0.077783617514697506,0.28085162293857036
5,8000,394,0.14244163965281079,0.53184471990058646
5,8000,395,0.055173290829814939,0.9116572619035882
5,8000,396,6.0500476871963094e-05,0.32542015533613877
5,8000,397,0.036092033844069116,0.11727016071636551
5,8000,398,0.73750004170242267,0.29143317175952954
5,8000,399,0.0012701194988630892,0.5456295255528133
5,8000,400,1.0658951444876076e-06,0.72114240892054426
5,8000,401,0.57933143301832413,0.63461867019977825
5,8000,402,0.042905038992695349,0.81706389229445664
5,8000,403,0.94125918837542144,0.20054506065263242
5,8000,404,0.99959371266215091,0.33481537920541277
5,8000,405,0.16597591100745768,0.55918341969842889
5,8000,406,0.89558265141766336,0.2770327113573775
5,8000,407,0.79944003550620357,0.18935113578860305
5,8000,408,0.65506225070756963,0.50040269923593206
5,8000,409,0.48070422217638065,0.45029034690700903
5,8000,410,0.87816826497088707,0.80704456232625277
5,8000,411,0.46115663485862668,0.54190467278743548
5,8000,412,0.0034766373827553295,0.60137871427682099
5,8000,413,0.54002921799588188,0.63551361709168119
5,8000,414,0.51708304988717002,0.4008333362025237
5,8000,415,0.81103348751555826,0.6536994445775427
5,8000,416,0.74813878509917109,0.62243500691167886
5,8000,417,0.75474958105452228,0.24302537699759313
5,8000,418,0.95159976843405081,0.078648524603067468
5,8000,419,0.09401249849332631,0.30205859335714924
5,8000,420,0.95914211438038244,0.71961890086043656
5,8000,421,0.81303200574041368,0.52698165088318971
5,8000,422,0.83924749566181511,0.31059276134786695
5,8000,423,0.66176699959565555,0.8401740372784523
5,8000,424,0.19271731699291422,0.13014172522518419
5,8000,425,0.23974805469900842,0.071678892362987703
5,8000,426,0.0048768161479378572,0.97544592232533489
5,8000,427,0.40006822163965611,0.59151117297815337
5,8000,428,0.99722021734048216,0.34426016109143054
5,8000,429,0.92311854468214161,0.57715254396636428
5,8000,430,0.87598904961756274,0.1866908470699693
5,8000,431,0.77158560011212762,0.55846258403283122
5,8000,432,0.19050810039265781,0.76188058980479201
5,8000,433,0.99999997752040581,0.68968425533152233
5,8000,434,0.85458906054527572,0.77402412412352251
5,8000,435,0.74225662014473603,0.46023729635979005
5,8000,436,0.55295569597920924,0.96856564207257667
5,8000,437,0.54525526017237758,0.32003656220118581
5,8000,438,0.97411282038208424,0.37863934294210316
5,8000,439,0.17457884602286161,0.42375972059336209
5,8000,440,0.94140885896886206,0.56625637016916108
5,8000,441,0.9561510877818673,0.044840267808108077
5,8000,442,0.48534958974974018,0.24105906111706171
5,8000,443,0.44605040419976283,0.77500935533984638
5,8000,444,0.75008312237873342,0.69377790863216304
5,8000,445,0.072673889654782844,0.28148275138569434
5,8000,446,0.92978974475266929,0.015532379838082533
5,8000,447,0.18644383113527227,0.034468256711052227
5,8000,448,0.99828996388823388,0.24966966698043125
5,8000,449,0.99999999999983247,0.67496832968903919
5,8000,450,0.56364974479881047,0.075846109177973547
5,8000,451,0.089730328290953759,0.06321276135875753
5,8000,452,0.57654027009273912,0.3148962869114964
5,8000,453,0.2550936300846583,0.36429856612730399
5,8000,454,0.85574765995958035,0.10852065255615277
5,8000,455,0.9718045025987091,0.62179953859565484
5,8000,456,0.15020291145523185,0.29071011563964605
5,8000,457,0.43094420647924264,0.18960077247287682
5,8000,458,0.99966050105903015,0.64589759223546728
5,8000,459,0.48127786789469007,0.36076928102715133
5,8000,460,0.84223872227265795,0.049536634422024405
5,8000,461,0.14693645808076913,0.17665716146452723
5,8000,462,0.000651032870248601,0.69106558495919235
5,8000,463,0.0036944925335297024,0.88374740742630442
5,8000,464,0.42326810227596101,0.35206572945211667
5,8000,465,0.76309024483222732,0.87297186374526814
5,8000,466,0.60931298044513238,0.75082668538610864
5,8000,467,0.28479193418359544,0.67628026996225998
5,8000,468,0.34980788665804408,0.57818963570308446
5,8000,469,0.01069197966707708,0.61254609841441499
5,8000,470,0.67271930724772833,0.670091462068654
5,8000,471,0.85025407445709511,0.4160726047486169
5,8000,472,0.78849281842515617,0.58619103638545633
5,8000,473,0.86883349490448758,0.32418812411304587
5,8000,474,0.77779208556193447,0.11575733742577311
5,8000,475,0.72104840177334484,0.41372051730736004
5,8000,476,0.80650230401641632,0.36817147111044829
5,8000,477,0.75318713098338641,0.80971628697717468
5,8000,478,0.65510096603970513,0.32704194508569362
5,8000,479,0.70007754845553127,0.71621473020345516
5,8000,480,0.8014227584366358,0.3996980157721311
5,8000,481,0.6712918065038076,0.21305600911708514
5,8000,482,0.90712267179630501,0.26241501023461655
5,8000,483,0.046467029899020823,0.40717267354115533
5,8000,484,8.1254299612920019e-09,0.9665018918999102
5,8000,485,0.99623516841081561,0.041404384746713034
5,8000,486,0.8664624972010373,0.0059641854178252452
5,8000,487,0.6501905943577696,0.4260077389167366
5,8000,488,0.99891720962706043,0.40740631287654722
5,8000,489,0.99783041349567358,0.83914747336713713
5,8000,490,0.82633393074083517,0.76072107052661442
5,8000,491,0.0017841026495852179,0.19802659828611699
5,8000,492,0.081133368496359839,0.53718587222981451
5,8000,493,0.7905831739919067,0.3995025577215679
5,8000,494,0.07465738915320641,0.011976846389843525
5,8000,495,0.26524990665395431,0.5743390523790477
5,8000,496,0.45180365760579677,0.72365633373901417
5,8000,497,0.94344451723070843,0.018194286618037434
5,8000,498,0.21160301342823082,0.6468449900135812
5,8000,499,0.9122383979608778,0.89055796502338425
5,8000,500,0.11970579271655916,0.45543209073104363
5,8000,501,0.99766406501477378,0.72340879348502996
5,8000,502,0.8797512952745391,0.63774790202986531
5,8000,503,0.011310708492782501,0.19130170171110053
5,8000,504,0.244920938272012,0.37091709993258964
5,8000,505,0.63137414639026335,0.093219046378775094
5,8000,506,0.96027534221471689,0.79383769368450541
5,8000,507,0.9364356769618325,0.03133783075083655
5,8000,508,0.50369807914403153,0.7986570043189275
5,8000,509,0.91443202850259475,0.85416179837206119
5,8000,510,0.55819697935527834,0.5584921999812491
5,8000,511,0.951159714844662,0.16285364153547782
5,8000,512,0.0019729517686970853,0.89984733167317044
5,8000,513,0.11770365436271396,0.73308798761123339
5,8000,514,0.2170016140983177,0.22989341075157271
5,8000,515,0.032468248647241758,0.98020097036523668
5,8000,516,0.94598024632891886,0.24372419327718567
5,8000,517,0.81546269788968739,0.34376289582368125
5,8000,518,0.95507713744271405,0.68999253925056092
5,8000,519,0.21201239334975808,0.42999428386661842
5,8000,520,0.67141256185866505,0.61305489047635553
5,8000,521,0.75723774948810207,0.66257637833449412
5,8000,522,0.97562932568042293,0.28271748569772404
5,8000,523,0.98713586003139464,0.81555540115898151
5,8000,524,0.46172537420226878,0.94439589867289675
5,8000,525,0.99201066632288981,0.54060844836022171
5,8000,526,0.56414688497686127,0.7913164929377976
5,8000,527,0.7243217744899384,0.33530993799761133
5,8000,528,0.53904092198164144,0.56578569348967356
5,8000,529,0.1999842197846837,0.47128547662754039
5,8000,530,0.48256518454659669,0.47876939382125694
5,8000,531,0.94732988146387909,0.94773008241262957
5,8000,532,0.25023261015917025,0.44270154025333092
5,8000,533,0.97317262567103036,0.079130720232526805
5,8000,534,0.84585137562715951,0.3841386454610688
5,8000,535,0.83425578480555784,0.35700697276469906
5,8000,536,0.9983377744030455,0.92417340267469794
5,8000,537,0.94940384235752118,0.090981905543469438
5,8000,538,0.62969085087751309,0.2019028795986513
5,8000,539,0.97930098340961602,0.97164954525901093
5,8000,540,0.99986170864765578,0.12328446420992539
5,8000,541,0.95283707514252125,0.18969861075093025
5,8000,542,0.14598592709423247,0.87138032350236738
5,8000,543,0.0046998803759069011,0.015977275888786349
5,8000,544,0.46927372494318476,0.87319279885415413
5,8000,545,0.65155945119652026,0.75594030688677782
5,8000,546,0.91161938043454815,0.12259624620411817
5,8000,547,0.99941723175032315,0.70214889941044223
5,8000,548,0.91944765552915908,0.67571475404203796
5,8000,549,0.95371475803598305,0.8254545558001033
5,8000,550,0.00017041295444691023,0.6794952473436553
5,8000,551,0.77051440503399182,0.31005736079282159
5,8000,552,0.95792753564569777,0.61765385119598459
5,8000,553,0.96400207585933606,0.061490783022991324
5,8000,554,0.72983444422142729,0.23117347922000597
5,8000,555,0.99898038490214081,0.81752666930767115
5,8000,556,0.29902691467298526,0.24941575727418594
5,8000,557,0.97710614470613832,0.54807701189078117
5,8000,558,0.72831715553788778,0.043319807462803797
5,8000,559,0.91309353591011544,0.30936789099152717
5,8000,560,0.9972169001862482,0.29996936554115827
5,8000,561,0.97128965767364306,0.36540638670156733
5,8000,562,0.99890901929478326,0.62623259267490039
5,8000,563,0.85177982416027698,0.00068419063978818857
5,8000,564,0.85183835749104264,0.20431549963233372
5,8000,565,0.59629444844071888,0.84955354214323897
5,8000,566,0.058397095902150059,0.95252425394845086
5,8000,567,0.21913388970632861,0.62423404772409274
5,8000,568,0.66651890678624126,0.32279683576604051
5,8000,569,0.31089202356020962,0.18609815986123152
5,8000,570,0.96300841002993565,0.44093429264491851
5,8000,571,0.92649816459401779,0.75054090930426787
5,8000,572,7.2369026401067875e-06,0.56876526852220155
5,8000,573,0.88717967363848971,0.19453754701011275
5,8000,574,0.8419432432611178,0.83129905010193639
5,8000,575,0.9339721126079471,0.6005519296227142
5,8000,576,0.52837155824487281,0.29916310268662377
5,8000,577,0.46750388302451151,0.27124809694737573
5,8000,578,0.38455715678932345,0.0073303077240118517
5,8000,579,0.17648793619564118,0.30926741852774708
5,8000,580,0.68247758346261977,0.5838701363888481
5,8000,581,0.97921123088439088,0.68019640040619866
5,8000,582,0.66531939782196714,0.57733504164932392
5,8000,583,0.32211386143021209,0.1258991637617177
5,8000,584,0.6243363080779708,0.71326082125186951
5,8000,585,0.65405694276127491,0.5719573367472085
5,8000,586,0.81646179324590173,0.28281847782848091
5,8000,587,0.044066123160336999,0.024099095818615933
5,8000,588,0.96237863988365058,0.99096863838186766
5,8000,589,0.045203389235121974,0.15569523816055938
5,8000,590,0.89999283086294524,0.49541828177283598
5,8000,591,0.57155933642133872,0.84641394160401839
5,8000,592,0.63061969243104565,0.51603487102010759
5,8000,593,0.0011369061202078415,0.22398937216781897
5,8000,594,0.060142326904039631,0.053432545706925197
5,8000,595,0.65385377665874211,0.86251173309411611
5,8000,596,0.91189511571088488,0.88931066758137678
5,8000,597,0.47487981169250892,0.47340960895926654
5,8000,598,0.40852576736277391,0.072833227433328915
5,8000,599,0.53517175295965713,0.2302167406072797
5,8000,600,0.043193778628213164,0.1473488292323441
5,8000,601,0.74530819906072343,0.380981115883545
5,8000,602,0.68034901193483011,0.82734829687161171
5,8000,603,0.0004831442311288439,0.028822363994357302
5,8000,604,0.88795875534669044,0.7145424941921682
5,8000,605,1.2184882315657575e-05,0.18454555143502416
5,8000,606,0.11836811620456214,0.68301149381451176
5,8000,607,0.73427491953549351,0.10834710113217216
5,8000,608,0.96456308688297432,0.69158701406671508
5,8000,609,0.79922138616246707,0.72889604164023558
5,8000,610,0.7722246723301377,0.15412996357904596
5,8000,611,0.95511888515197996,0.17991165506083792
5,8000,612,0.38207976132746274,0.094825619459424623
5,8000,613,0.80040582971540197,0.65807100287854525
5,8000,614,0.5292153360152676,0.5357888348358707
5,8000,615,0.14568242149665975,0.58950255521714179
5,8000,616,0.99176137906846973,0.75717486696526359
5,8000,617,0.94291170301890626,0.57306844056186379
5,8000,618,0.26300435943281081,0.29357858580338764
5,8000,619,0.88749927635362058,0.22564720726684023
5,8000,620,0.82602942958093339,0.69722310843896962
5,8000,621,0.34563064547625788,0.53018974372710681
5,8000,622,0.86354158250856905,0.94005899549528249
5,8000,623,0.99986974580390686,0.50334909445259957
5,8000,624,0.99683645969870416,0.93294051288926838
5,8000,625,0.25494942811944094,0.17765728632617081
5,8000,626,0.98461504885401274,0.56829061965737171
5,8000,627,0.69971857418753647,0.039165713754477215
5,8000,628,0.78263359837069857,0.69124269215838863
5,8000,629,0.69775873567724922,0.5091860849744122
5,8000,630,0.037750116258508937,0.61241938871310997
5,8000,631,0.79144317898470196,0.66743732803115896
5,8000,632,0.88028242413760882,0.15529231851248804
5,8000,633,0.91797688665947508,0.54889657291257665
5,8000,634,0.88588677391981652,0.41375354841411177
5,8000,635,0.52238635544117018,0.0024174418958756503
5,8000,636,0.53351186445928156,0.9648097299991234
5,8000,637,0.43777998201929164,0.65770662774891597
5,8000,638,0.30435069677380677,0.46417075347979264
5,8000,639,0.82653804867757974,0.54844934387994737
5,8000,640,0.014982469961463072,0.66876536775085038
5,8000,641,0.96102701004753088,0.0018656108442314709
5,8000,642,0.99997734224655765,0.054589036541860238
5,8000,643,0.33200990964515265,0.8951871875642331
5,8000,644,0.31781558263864651,0.53245766093347346
5,8000,645,0.74810621110205955,0.2235385824826924
5,8000,646,0.99763082209667941,0.12055139804887093
5,8000,647,0.26014174720050409,0.64410072656268691
5,8000,648,0.99847941918552774,0.73861496738949284
5,8000,649,0.29275182568952313,0.72037248710824175
5,8000,650,0.77975703748871761,0.96232176120216484
5,8000,651,0.30976604494407212,0.72757533291293042
5,8000,652,0.91538897720251866,0.37609993518628071
5,8000,653,1.0968929684717369e-20,0.38528560128493056
5,8000,654,0.99998105130815318,0.035037214613510344
5,8000,655,0.63213890065480494,0.92124355117502754
5,8000,656,0.56468627926924519,0.7268702002096854
5,8000,657,0.0025530304195470915,0.010066669091581496
5,8000,658,0.1053098579303208,0.71032099311097918
5,8000,659,0.99924389383163315,0.46615931601308858
5,8000,660,0.13878871850937002,0.38202751852060363
5,8000,661,0.95616442237633215,0.57636668086659815
5,8000,662,0.99949213679284143,0.86067148656167336
5,8000,663,0.87657137086966896,0.97416574147439405
5,8000,664,0.67730117371413012,0.38467950326444017
5,8000,665,0.97514252328373463,0.52535577305085401
5,8000,666,0.21163359482194216,0.40086219777367971
5,8000,667,0.93654088243450706,0.47929315838431186
5,8000,668,0.084822545334829746,0.45575986116667855
5,8000,669,0.49847082994120995,0.40579770287072192
5,8000,670,0.97066318925279338,0.45383032609970714
5,8000,671,0.81434740075644374,0.23849032384065011
5,8000,672,0.79039150610745179,0.80891721755815249
5,8000,673,0.7346836338620627,0.036617241038978704
5,8000,674,0.99994443043980274,0.25765593978694257
5,8000,675,0.6131856818881174,0.75134992345522689
5,8000,676,0.99999999999999822,0.49902004902635888
5,8000,677,0.23708221775249738,0.79019791237586268
5,8000,678,0.036805691076328702,0.58142958560715086
5,8000,679,0.75865546541906825,0.20023255566334841
5,8000,680,0.95869245138770864,0.51854383690905681
5,8000,681,0.04394415130181157,0.12767364042416945
5,8000,682,2.2947395702799943e-10,0.13364574479570285
5,8000,683,0.80939002919488345,0.85570469302589225
5,8000,684,0.99715259235504061,0.86228284677747546
5,8000,685,0.85617108105237971,0.20235671893707186
5,8000,686,0.46439380956188758,0.35666628180400067
5,8000,687,0.55784542078228294,0.37968088766054237
5,8000,688,0.25808699138720981,0.0060919151213305253
5,8000,689,0.0011414910181573477,0.054761493323837847
5,8000,690,0.24630216489148868,0.10528202136237227
5,8000,691,0.60908349647482429,0.56314552201500079
5,8000,692,0.91823762834493616,0.67900728436375679
5,8000,693,0.0060154538804393842,0.31127023767858009
5,8000,694,0.63093026500765848,0.6383079460382266
5,8000,695,0.22504009555802282,0.080776221341546411
5,8000,696,0.99945166448108302,0.32562577295565093
5,8000,697,0.9115177783090529,0.93558275750888775
5,8000,698,0.15586143658682466,0.19474890824673935
5,8000,699,0.96082160620748625,0.059595544168502525
5,8000,700,0.52860730920449361,0.83417810859228392
5,8000,701,0.99994996308890916,0.88823026090627655
5,8000,702,0.99724866888097563,0.74280817382147102
5,8000,703,0.61434921203858939,0.90682352886275541
5,8000,704,0.48911115383707204,0.0044853817638870726
5,8000,705,0.31179872534910463,0.95598830529353918
5,8000,706,0.46379078838752075,0.81505488571745988
5,8000,707,0.52370625554365069,0.075451097546431922
5,8000,708,3.8695379874709964e-05,0.73866050298472763
5,8000,709,0.25660230902753883,0.91892167617164855
5,8000,710,0.99997981303837946,0.94172499667528486
5,8000,711,0.78456569565565104,0.06994140458122855
5,8000,712,0.55824596957143258,0.17736257307403863
5,8000,713,0.97631846314339132,0.036211020474723028
5,8000,714,0.38918556007061561,0.89731599205495471
5,8000,715,0.9775211735289232,0.24227084571142482
5,8000,716,0.88675112868205475,0.2802211602410925
5,8000,717,0.37485167083419368,0.17413097967218694
5,8000,718,0.99607582919406201,0.98477105608875237
5,8000,719,0.507707503441305,0.79900942649907636
5,8000,720,0.94407479333481292,0.072096647876844028
5,8000,721,0.39061097487007368,0.15272706304950889
5,8000,722,0.93816058590671647,0.66253065492251939
5,8000,723,0.96457007934810124,0.24270230962460967
5,8000,724,0.07818861294232235,0.33049595610149207
5,8000,725,0.8860335358317375,0.25670499568302901
5,8000,726,0.8801652467970793,0.29406149761432115
5,8000,727,0.0010144075428673203,0.14485586862636268
5,8000,728,0.8836933316642761,0.85150587651847265
5,8000,729,0.011822473886515321,0.27288737343795844
5,8000,730,0.14225774824880325,0.94500387631874028
5,8000,731,0.48556355087082992,0.55783124370856063
5,8000,732,0.0041162110795184897,0.83779701284299135
5,8000,733,0.60161010857429176,0.50162550175672815
5,8000,734,0.6028091334617881,0.032567287618940878
5,8000,735,7.9782811025372339e-11,0.079976844407604775
5,8000,736,0.99590790881707358,0.4116322558745239
5,8000,737,0.89921734814331722,0.13794922529845927
5,8000,738,0.014921385497928551,0.78378131153947983
5,8000,739,0.99949954040094591,0.44107121768377872
5,8000,740,0.46988077262644345,0.098127588656619566
5,8000,741,0.16110313504689486,0.30384423960213131
5,8000,742,0.78896463865877964,0.60383359971429895
5,8000,743,0.079670895617307946,0.015191376793803855
5,8000,744,0.6788643275774795,0.66739316306587892
5,8000,745,0.25405643060793914,0.35553504759399346
5,8000,746,0.9028287264657513,0.23570074824120368
5,8000,747,0.50152521076858703,0.97680966733959307
5,8000,748,0.99932863096293456,0.23620125140573933
5,8000,749,0.87739006664565211,0.91435701619555976
5,8000,750,0.99757660158942829,0.6350400862035247
5,8000,751,0.52655739784766187,0.0040122985407793077
5,8000,752,0.51357646035101912,0.94607295358333576
5,8000,753,0.29974285085194236,0.08446214013540787
5,8000,754,0.54474399507022475,0.84834393582927281
5,8000,755,0.9998247549313265,0.17681577828905706
5,8000,756,0.52938190545943453,0.028068907712680783
5,8000,757,0.68877589627184665,0.52405731233677555
5,8000,758,0.9978960801806418,0.6989531655223209
5,8000,759,0.14537134747775526,0.84868378205407469
5,8000,760,0.42513997160632511,0.72231971410965568
5,8000,761,0.99747919986982836,0.97112081024567376
5,8000,762,0.083318972253293905,0.050034681350446454
5,8000,763,0.75264891358911479,0.33722844471144475
5,8000,764,0.45073107717484989,0.8910669154781955
5,8000,765,0.7426622153248571,0.56154736847809417
5,8000,766,0.32942860678750924,0.18029998288100396
5,8000,767,0.52761604133697404,0.34811502283092433
5,8000,768,0.50172747929806416,0.29136638106605256
5,8000,769,0.99944661818973801,0.71898896783901856
5,8000,770,0.96396396937057272,0.038150226679568203
5,8000,771,0.63548352774306527,0.44313618158701901
5,8000,772,0.054135618169458027,0.41631968466427222
5,8000,773,6.2252092427260415e-06,0.84729374880366604
5,8000,774,0.97299473633720623,0.6825823450640458
5,8000,775,0.64459597753085929,0.84328264036700873
5,8000,776,0.95902507467187803,0.76644730609085365
5,8000,777,0.66173655082686478,0.19572655377230638
5,8000,778,0.99999891462631574,0.60826707719699113
5,8000,779,0.44724714711004521,0.65046835449398421
5,8000,780,0.085575725602931835,0.77978517204218156
5,8000,781,0.02694320293598566,0.89028908065170809
5,8000,782,0.97474054278774747,0.33393086262020777
5,8000,783,0.89845048465522304,0.14355494900840693
5,8000,784,0.99999875233187785,0.53636631485064934
5,8000,785,0.99880171750801361,0.88397670017697139
5,8000,786,0.95101931961018438,0.40677728217700232
5,8000,787,0.19469568038729698,0.80823773256719145
5,8000,788,0.31146011798157147,0.46184449458462384
5,8000,789,0.21824609490595065,0.027865860701356077
5,8000,790,0.97615864471289115,0.52850252750732551
5,8000,791,0.24256685400388353,0.16276208360650862
5,8000,792,0.80649726345022943,0.83797156582031174
5,8000,793,0.87110104117022413,0.80462027997041952
5,8000,794,0.7550594468110261,0.66903913495037504
5,8000,795,0.95041563165870435,0.041327778584807261
5,8000,796,0.10685167044332665,0.35449164772682057
5,8000,797,0.53080894662519917,0.52603359705738462
5,8000,798,0.82565877293305923,0.085516967618322365
5,8000,799,0.15778456473663532,0.5447160611377615
5,8000,800,0.93550097569627511,0.32328272372703948
5,8000,801,0.94421908151357414,0.85824727594364225
5,8000,802,0.95915064973102038,0.21632098167936376
5,8000,803,0.0042054741641844827,0.55838817245758532
5,8000,804,0.81297517922682294,0.41478747744862138
5,8000,805,0.99997180705117128,0.49067291173129435
5,8000,806,0.97186997321676183,0.34264821473211055
5,8000,807,0.0031183641675789522,0.17330475956922362
5,8000,808,0.92579781831188201,0.18196371601091232
5,8000,809,9.7108153265578862e-15,0.60525076700075719
5,8000,810,0.72319423981057462,0.94749838126184049
5,8000,811,0.94354435978015938,0.71521673162136712
5,8000,812,0.62523072975414218,0.092250616444527742
5,8000,813,0.60804026769881359,0.71721521984414272
5,8000,814,0.87806904884116677,0.55557163959301981
5,8000,815,0.84258538444239084,0.59969307869870725
5,8000,816,0.043551976797357235,0.98898334212598171
5,8000,817,0.99881621045307134,0.51174682692301665
5,8000,818,0.99999638465744589,0.41062673362723112
5,8000,819,0.83038508415742363,0.63859909751364918
5,8000,820,0.87476024965114063,0.26950493579049567
5,8000,821,0.93839512376497858,0.10437062251451742
5,8000,822,0.90543033251473926,0.71666493353116667
5,8000,823,0.94916684757925329,0.42890598922120587
5,8000,824,0.00047076345240736853,0.70099481294914912
5,8000,825,0.8741344078999207,0.54250887838637973
5,8000,826,0.039190626884350606,0.59021897642048349
5,8000,827,0.084393867829003863,0.037644852198006742
5,8000,828,0.10930981384246419,0.65990106513844904
5,8000,829,0.9975654280758155,0.7226401923744904
5,8000,830,0.78233333006933559,0.96364183471836751
5,8000,831,0.44107623110230165,0.64334350135089624
5,8000,832,0.85382541527580114,0.85880425169331531
5,8000,833,0.34934529226065808,0.18520551773134283
5,8000,834,0.23393950799202851,0.2909758037579061
5,8000,835,0.95702005978469362,0.61477597796257477
5,8000,836,0.36127884513576974,0.76492102123329164
5,8000,837,0.77082849122230868,0.29598329756310182
5,8000,838,0.97235995957299604,0.33777077713647014
5,8000,839,0.9810052694153889,0.16492099423653683
5,8000,840,0.49406699305563195,0.14709447807498005
5,8000,841,0.27723917764565986,0.8678379061050252
5,8000,842,0.96685747906835529,0.75611056826341094
5,8000,843,0.32293255814048744,0.10844200466055089
5,8000,844,0.48366310757358799,0.4759777133736447
5,8000,845,0.19274063556458826,0.30317336351070567
5,8000,846,0.92180571104453946,0.68759743740285195
5,8000,847,0.57847490187177752,0.10044478828568608
5,8000,848,0.9067684536328402,0.71436484003595413
5,8000,849,0.52726812296917047,0.85092106031559345
5,8000,850,0.94540585999741644,0.6381068884633061
5,8000,851,0.94277083082407331,0.65797362521959868
5,8000,852,0.96827056595706351,0.23826762693575373
5,8000,853,0.98160227053229976,0.74147207169371043
5,8000,854,0.96395678533358276,0.090025644883024641
5,8000,855,0.73913870677556337,0.82898104795464245
5,8000,856,0.0057622893674198856,0.1139158763083708
5,8000,857,0.094119178247252896,0.18317744002794548
5,8000,858,1.9069451774825036e-06,0.47830129011286149
5,8000,859,0.68027501569927395,0.088161165870633051
5,8000,860,0.66158736486748704,0.73537629742204103
5,8000,861,0.35276077329613104,0.42660124168699604
5,8000,862,0.48278019893567981,0.30859867971868965
5,8000,863,0.91478555388255722,0.8536293630937366
5,8000,864,0.49645461429209226,0.42611281256038525
5,8000,865,0.75103377158812024,0.91043981327436929
5,8000,866,0.57693754951621279,0.41055157669068659
5,8000,867,0.28730407526411089,0.1796071937850299
5,8000,868,0.34865124672373116,0.31149998252054306
5,8000,869,0.72892914741180037,0.11537078453046201
5,8000,870,0.80134016663159935,0.81307386547023275
5,8000,871,0.95596711250117716,0.19830140749362141
5,8000,872,0.89519832311445091,0.77612370008705056
5,8000,873,0.999404008637515,0.40517252292392275
5,8000,874,0.9134308776101624,0.85428840898940017
5,8000,875,0.99896748888699649,0.99865184004134788
5,8000,876,0.69158028552695161,0.91365350106941623
5,8000,877,0.99999999999963163,0.228022585195051
5,8000,878,0.99398697497250044,0.34328046636847642
5,8000,879,0.8248459258438734,0.77045674262355646
5,8000,880,0.9990837541454296,0.14284039678319535
5,8000,881,0.96228531181087007,0.94958972224542348
5,8000,882,0.73967522618273551,0.91284790785797942
5,8000,883,0.34008156831089253,0.76310849534242764
5,8000,884,0.90129632422374828,0.077894242767253485
5,8000,885,0.70247181088541055,0.86910952897381522
5,8000,886,0.93322318748297473,0.62800569658966288
5,8000,887,0.17900083871040093,0.11627038886148755
5,8000,888,0.85792170439062521,0.60486917672522122
5,8000,889,0.85435913259584551,0.080069487635953646
5,8000,890,0.94690001073665819,0.51294742730231535
5,8000,891,0.98959411520552965,0.14662819891755849
5,8000,892,0.83057695867127213,0.80682748939599436
5,8000,893,0.8783406609425165,0.21677676123113027
5,8000,894,0.96032456334652272,0.73428751126087666
5,8000,895,0.37954648779999234,0.033818147219033666
5,8000,896,0.5640853406408699,0.55506477394379128
5,8000,897,0.6359219346828644,0.71868595313550965
5,8000,898,0.89148793766189149,0.36819714093333755
5,8000,899,0.86397416115368109,0.38521110466062752
5,8000,900,0.13041930875451305,0.22982542082612475
5,8000,901,0.92668063791901301,0.49899279863932355
5,8000,902,0.98813556300513417,0.34054938300143534
5,8000,903,0.28963876049621617,0.13228324415944615
5,8000,904,0.80662670943472925,0.16089433843691633
5,8000,905,0.43191155746516657,0.83955258545820211
5,8000,906,0.65731829238789374,0.070151163705419434
5,8000,907,0.83297470436198406,0.15506771619948639
5,8000,908,0.46962790992046999,0.7800713462586768
5,8000,909,0.98308607723107355,0.2338130138311918
5,8000,910,0.81460495866177773,0.55679099870101234
5,8000,911,0.83022299584376769,0.15402142375846883
5,8000,912,0.89561022344295593,0.87172684886023311
5,8000,913,0.75258930002538826,0.73303402382261718
5,8000,914,0.18244848751305401,0.25144442896595859
5,8000,915,0.91365564690230794,0.44589685686945774
5,8000,916,0.23049918940728911,0.14953962327142345
5,8000,917,0.41998656754910663,0.43782868326482072
5,8000,918,0.49505524271792434,0.92208565575318402
5,8000,919,0.97427443989015317,0.99221681076106194
5,8000,920,0.98025160528938593,0.83888377775208989
5,8000,921,0.64798948497500253,0.003670231265482942
5,8000,922,0.69821862849580507,0.32704304474092699
5,8000,923,0.99783237878430386,0.38140372665882449
5,8000,924,0.97489650850399445,0.4694857384637191
5,8000,925,0.81153973526282419,0.815356669027548
5,8000,926,0.12958708165038621,0.36876076892986726
5,8000,927,0.91174494000858164,0.092773249266796032
5,8000,928,0.10064487718408076,0.65268944111360105
5,8000,929,0.77697756255284456,0.5279585319529273
5,8000,930,0.61421177031820351,0.95201019083293348
5,8000,931,0.92664375502827367,0.48816367610757283
5,8000,932,0.43961686067511069,0.12606392559311511
5,8000,933,0.12966239131153193,0.51088968490199282
5,8000,934,0.20059717599295843,0.10980428514636244
5,8000,935,0.041882841533322133,0.62265791752704192
5,8000,936,0.72536487987173281,0.30429406350545241
5,8000,937,0.53718058481160236,0.027982124992695253
5,8000,938,0.5655699596150624,0.84264337527087085
5,8000,939,0.35883081153652058,0.0031964043871674959
5,8000,940,0.4344640020468214,0.89035228441423264
5,8000,941,0.72849127979826123,0.37978347417722758
5,8000,942,0.0019617225899481077,0.98008431006581409
5,8000,943,0.97872373069801744,0.46296532258867662
5,8000,944,0.92844572246909041,0.87790014939568994
5,8000,945,0.40708118424752449,0.53338272902718364
5,8000,946,0.9875929494830602,0.46620132225188837
5,8000,947,0.56666013549927308,0.2958960044668556
5,8000,948,0.99999410253585685,0.47291024464607934
5,8000,949,0.71330441292414903,0.49105027052047334
5,8000,950,0.30129320223924255,0.19993270158400442
5,8000,951,0.9001428601156295,0.19960162014726887
5,8000,952,0.87714428239794917,0.64904518788177634
5,8000,953,0.98732694272592292,0.76948792169422409
5,8000,954,0.1608943678885659,0.98717578282091223
5,8000,955,0.0292688928149657,0.62994416885823379
5,8000,956,0.55118293975607724,0.49275942914317228
5,8000,957,0.79502750256992138,0.97428709988354101
5,8000,958,0.20509405772700787,0.50843375855492934
5,8000,959,0.22331272166383218,0.48741513992224184
5,8000,960,0.2039405990775727,0.97922168254287967
5,8000,961,0.87456174583709445,0.63901485869583974
5,8000,962,0.89812578656603215,0.013341041148840379
5,8000,963,0.96563543748587266,0.64611407503752227
5,8000,964,0.97912456804584203,0.2827620431521517
5,8000,965,0.9943374055990204,0.96112622423904281
5,8000,966,0.96851574280402652,0.070659033548248096
5,8000,967,0.14637672323309792,0.97134959468720738
5,8000,968,0.99504135214830369,0.45184893757084144
5,8000,969,0.95594969501706617,0.92854937231903956
5,8000,970,0.55538619879081241,0.22085102878926716
5,8000,971,0.19027155502434839,0.66386945965002053
5,8000,972,0.38738641599313517,0.87258623354561249
5,8000,973,0.15552016307380875,0.73965181086705689
5,8000,974,0.82348452580530318,0.65378779761650785
5,8000,975,0.72540930861328046,0.23517576134519411
5,8000,976,0.61342320799455308,0.90889868793624018
5,8000,977,0.14662166295416817,0.75666995415818283
5,8000,978,0.076341212545335116,0.19309778728577659
5,8000,979,0.49907173715827691,0.93411895077506246
5,8000,980,0.15798676572142348,0.12132569355296335
5,8000,981,0.88392575918252136,0.45226661246194577
5,8000,982,2.3227020468050696e-07,0.85721313718278713
5,8000,983,0.56204750276375848,0.96116576653360308
5,8000,984,0.79119510978471663,0.015013495325467256
5,8000,985,0.90736504640979365,0.16120182463400382
5,8000,986,0.88942663044732317,0.83975574036444312
5,8000,987,0.99995758973733595,0.32161711913868535
5,8000,988,0.96577777788918229,0.37238582112314284
5,8000,989,0.85041307335034844,0.37580050305163026
5,8000,990,0.66233897581586465,0.5934760847988414
5,8000,991,0.40259519995387333,0.96651057031551679
5,8000,992,0.9951559377260536,0.30596360390329524
5,8000,993,0.90028396738780447,0.62639645063508054
5,8000,994,0.021087441145845407,0.79630993076243795
5,8000,995,0.82310131130290065,0.393888093991201
5,8000,996,0.81407706358178289,0.7021214976245449
5,8000,997,0.68945906109374078,0.73195091680939095
5,8000,998,0.88479896307281491,0.41736567740094932
5,8000,999,0.98289433422984274,0.22408190491061625
5,32000,0,0.001618188583299185,0.66992589184304441
5,32000,1,0.31466120709817846,0.069485154358396722
5,32000,2,0.7423613665884875,0.46296145742418127
5,32000,3,0.68486120139121809,0.1823933285699294
5,32000,4,0.21448398951855827,0.83751069730577232
5,32000,5,0.83768250884299178,0.21919353144477502
5,32000,6,0.4858534037239034,0.60025664073692542
5,32000,7,0.85520204483777806,0.95099380753026663
5,32000,8,0.010286283896019167,0.60581402724823075
5,32000,9,0.33806941041430716,0.47727479633891967
5,32000,10,0.71073889800323842,0.5448421347268021
5,32000,11,0.5232385993234957,0.25969329820105874
5,32000,12,0.70770995145579407,0.7036274115504344
5,32000,13,0.33489950929851514,0.59324801808990124
5,32000,14,0.66922542670254392,0.13848900886169876
5,32000,15,0.53469697824664297,0.4592781906197716
5,32000,16,0.97992990845077532,0.13301506051721645
5,32000,17,0.65228083252068647,0.51135841160350715
5,32000,18,0.31645894702281319,0.18126761502185543
5,32000,19,0.040536548788302491,0.25115933500549709
5,32000,20,0.43369223975934923,0.24508448135763899
5,32000,21,0.92635399165466814,0.91033756615111761
5,32000,22,0.38285800641781059,0.14259726555449101
5,32000,23,0.093511571092506504,0.25724136674771902
5,32000,24,0.50601687311407051,0.71451110789547467
5,32000,25,0.92085961319701959,0.73695948303762193
5,32000,26,0.5084920352089366,0.24966800216744084
5,32000,27,0.28253249120731272,0.31803392324218099
5,32000,28,0.9378522958873422,0.74793310812191027
5,32000,29,0.0015254551682060699,0.054829207892913442
5,32000,30,0.78663803513617458,0.042526624232231906
5,32000,31,0.59035133190198796,0.82160614481393213
5,32000,32,0.15792532415803018,0.99409556128205356
5,32000,33,0.37291577739577048,0.89749241539059332
5,32000,34,0.30141686266374951,0.84177114738423975
5,32000,35,0.99999965231748567,0.44734305034906396
5,32000,36,0.96009921970214951,0.1824499837843018
5,32000,37,0.83773650209905415,0.82046549457319573
5,32000,38,0.17722665281463229,0.08491797497743514
5,32000,39,0.99138610322621967,0.24244820908541895
5,32000,40,0.83607903923869609,0.40160971210391311
5,32000,41,0.33308459016513287,0.87125444828543563
5,32000,42,0.17136973662931862,0.40720906622692321
5,32000,43,0.99998289205027402,0.25974065588120154
5,32000,44,0.92519628467620463,0.22775636178359904
5,32000,45,0.14016870960196143,0.72176606246160546
5,32000,46,0.99999999948425844,0.47839769625437867
5,32000,47,0.87577014285238997,0.80424790913245303
5,32000,48,0.93159879715344918,0.43238260544468909
5,32000,49,0.63807712451488308,0.080921491393585704
5,32000,50,0.80704632142736321,0.91203980871684964
5,32000,51,0.80175410114322765,0.3638942063459652
5,32000,52,0.40514725594097706,0.844668531919891
5,32000,53,0.89803961127426479,0.47175288930273784
5,32000,54,0.12970614217062487,0.69121047790882151
5,32000,55,0.81627052082678808,0.59886770650981269
5,32000,56,0.61112481197307267,0.99035721047000946
5,32000,57,0.085993342073534693,0.74404115373825253
5,32000,58,0.79813937509947164,0.26917561037906079
5,32000,59,0.99138571671267628,0.31693325048717025
5,32000,60,0.82551861519904746,0.049156605015896096
5,32000,61,0.12698896886197664,0.8419611961225455
5,32000,62,0.7618320268779496,0.05480020627494539
5,32000,63,0.64784956216505429,0.050502944380160765
5,32000,64,0.88213551513886135,0.9955642975929675
5,32000,65,0.98029026661188079,0.4942720622120802
5,32000,66,0.93582167543878247,0.90457187185606169
5,32000,67,0.94086168684675964,0.52220787130174362
5,32000,68,0.29445779031167502,0.33944328710538979
5,32000,69,0.09434493356523449,0.68580516378039214
5,32000,70,0.74024402426543223,0.63801439660321269
5,32000,71,0.58883623096699444,0.4530713277269105
5,32000,72,0.30770122996255139,0.69146797380187985
5,32000,73,0.11359401203862837,0.28371483267614678
5,32000,74,0.97084295620446559,0.38601898218519265
5,32000,75,0.63706287135271167,0.7278349222753232
5,32000,76,0.9125216031096326,0.22689978274818082
5,32000,77,0.84824186627564535,0.99460615031761013
5,32000,78,0.038377745058464773,0.32772480346530142
5,32000,79,0.67018998383236661,0.79410308598580137
5,32000,80,0.69122685481522272,0.40931963442970581
5,32000,81,0.29909612359250209,0.9828103073013067
5,32000,82,0.40953165519163126,0.83570800553960978
5,32000,83,0.0019869029316973907,0.91004618896053602
5,32000,84,0.75517461676019759,0.53254715137690689
5,32000,85,0.9030750709692873,0.37720150481575454
5,32000,86,0.87729255006731288,0.63911537253361428
5,32000,87,0.98112195241556988,0.0070960523830212044
5,32000,88,0.41123306369801232,0.15525800440376156
5,32000,89,0.14328585944644509,0.20480798548109422
5,32000,90,0.7438715157559721,0.13423997963727341
5,32000,91,0.98898984094367037,0.26008470378890025
5,32000,92,0.29241651153994758,0.13653681841956478
5,32000,93,0.72281922526551556,0.28915503190102515
5,32000,94,0.51869332352706299,0.17093936011181521
5,32000,95,0.98187571273838203,0.37357970172733829
5,32000,96,0.78259023631484648,0.39861258232667868
5,32000,97,0.15321643885753833,0.56714327364903228
5,32000,98,0.9513913059611776,0.55367223525323273
5,32000,99,0.89474901938233486,0.90053321655365859
5,32000,100,0.93114046299677122,0.59986019833995941
5,32000,101,0.4974015647623462,0.83923029345396571
5,32000,102,0.34682757478677229,0.47663072837192577
5,32000,103,0.30499154927514488,0.43791684838921446
5,32000,104,0.0069613172499896842,0.45900209077971388
5,32000,105,0.097467636376378008,0.97395838886051977
5,32000,106,0.93039103809847479,0.78964340512743092
5,32000,107,0.11916554577891665,0.49219826832931779
5,32000,108,0.93379101241690166,0.65464644152151263
5,32000,109,0.89702790408389055,0.67406682814481855
5,32000,110,0.54274434472920108,0.22652937541444693
5,32000,111,0.75470654805672743,0.75162843351804676
5,32000,112,0.2098212414631537,0.67238753349306568
5,32000,113,0.37433889891866923,0.30016169896384609
5,32000,114,0.89430897223919092,0.92325483182029433
5,32000,115,0.72498897099046677,0.19811775071813045
5,32000,116,0.90268270399271655,0.032777902937865318
5,32000,117,0.74633668222097949,0.34440531555011489
5,32000,118,0.84244848984560616,0.69536369994026503
5,32000,119,0.75799018958049968,0.61803423866592566
5,32000,120,0.94462795640820341,0.0054308588538225979
5,32000,121,0.3502814736876802,0.83927744239132218
5,32000,122,0.65401681296500647,0.071500182283933941
5,32000,123,0.92540563655682861,0.39737041725553568
5,32000,124,0.92583631943555078,0.104728321488749
5,32000,125,0.71124450201502332,0.61344325435581404
5,32000,126,0.92260544263048516,0.43640745732696146
5,32000,127,0.85731865794704687,0.22065005107562957
5,32000,128,0.53864031816144076,0.8428384151231576
5,32000,129,0.00658075669535561,0.6987794263410263
5,32000,130,0.060966885359297951,0.61564968102367124
5,32000,131,0.86054389939082443,0.79552088587285763
5,32000,132,0.28011397866219273,0.14705512344668076
5,32000,133,0.93065714709155001,0.74463592164816916
5,32000,134,0.76143347218994573,0.78868158162886803
5,32000,135,0.92231931412156209,0.12072532967960628
5,32000,136,0.4011173121020431,0.23569928203130192
5,32000,137,0.72125582791503184,0.42869597933314951
5,32000,138,0.87704866454208563,0.089182554667440281
5,32000,139,0.93615090552552349,0.60492191528931694
5,32000,140,0.62816894548275504,0.60877752797554752
5,32000,141,0.72639964869898821,0.2494845017599982
5,32000,142,0.9815668867558115,0.95382158249362015
5,32000,143,0.71110451174896272,0.86812177231748111
5,32000,144,0.98071103015111938,0.801096754574248
5,32000,145,0.20334853016454138,0.47355542626533076
5,32000,146,0.13034116474594343,0.23753576805910187
5,32000,147,0.1690909362660967,0.32343131532059516
5,32000,148,0.96819123209269076,0.088630413136143824
5,32000,149,0.99647786669042515,0.12602132857009002
5,32000,150,0.2825746848468455,0.53467902545857393
5,32000,151,0.92835266291649354,0.89519387758041546
5,32000,152,0.89386090699778764,0.67777930863727331
5,32000,153,0.81560819299042919,0.45112513013449057
5,32000,154,0.49203942123290645,0.5628340551780302
5,32000,155,0.9830302387875427,0.75429254722742545
5,32000,156,0.66720410776405348,0.015465778927483988
5,32000,157,0.82303334809748574,0.91452381406795547
5,32000,158,0.95155625422195766,0.79316890486904135
5,32000,159,0.92969173080193046,0.85083099196431911
5,32000,160,0.81748248143765956,0.46025225268902825
5,32000,161,0.8773812821702246,0.11819843155355877
5,32000,162,0.16563892674913999,0.52360243735828205
5,32000,163,0.064548242342885503,0.14245481261390638
5,32000,164,0.23438503948963113,0.87251479370931773
5,32000,165,0.99779201024618736,0.53930607549938758
5,32000,166,0.033046363102428658,0.37095489677135762
5,32000,167,0.6658426125065906,0.44325732786029898
5,32000,168,0.97260914974704393,0.38061148451456434
5,32000,169,0.52450777805413784,0.86632416830828562
5,32000,170,0.99856691190059588,0.90319882348523772
5,32000,171,0.95373276392862294,0.070411156510395381
5,32000,172,0.99128707020864615,0.70058184180052929
5,32000,173,0.78012013311454298,0.10238495256877864
5,32000,174,0.51355740137214023,0.19469374519318483
5,32000,175,0.29733629943716833,0.7426434430578901
5,32000,176,0.99999392765929984,0.94140968618546028
5,32000,177,0.89931534438049743,0.17422762490517246
5,32000,178,0.78779169521418924,0.7757891639165776
5,32000,179,0.81683861917941369,0.66905144547274864
5,32000,180,0.9813344622164154,0.96768319306290651
5,32000,181,0.30096535154271786,0.60312599775638431
5,32000,182,0.0066306720328214467,0.21113460644633128
5,32000,183,0.83386617411995734,0.44220742181967909
5,32000,184,0.349703086367946,0.90897070681405379
5,32000,185,0.49639842451603444,0.092902882892964639
5,32000,186,0.8908614824272828,0.24876539611428083
5,32000,187,0.99993643032996249,0.42285316837733333
5,32000,188,0.99818567745757314,0.38869173302183596
5,32000,189,0.87423067681473199,0.8774407542574727
5,32000,190,0.38755027561348998,0.62349818911470223
5,32000,191,0.99907747605441066,0.024887702284865997
5,32000,192,0.93402589923476631,0.2361080019495731
5,32000,193,0.99984777396483837,0.72934531972343641
5,32000,194,0.32509664064137939,0.32565174213573644
5,32000,195,0.64644686861627942,0.85305544911763742
5,32000,196,0.82723396440795338,0.36410724916367138
5,32000,197,0.83357060984586262,0.37274769447062434
5,32000,198,0.87297668742210688,0.73491192796630156
5,32000,199,0.45428639945064531,0.24889470159633587
5,32000,200,0.77936332863446078,0.11885976179660715
5,32000,201,0.80855558637857161,0.018331719245287446
5,32000,202,0.81720142773686311,0.44971054494088258
5,32000,203,0.16809830203782547,0.88609787792004846
5,32000,204,0.57638114956939224,0.87098859286084651
5,32000,205,0.91491406030169897,0.45109123735480611
5,32000,206,0.085256518255768174,0.48557657959967548
5,32000,207,0.49909559771170453,0.39849222194526857
5,32000,208,0.41305411262033387,0.72922363151473701
5,32000,209,0.025856122533175048,0.97550137362335732
5,32000,210,0.46610588941193409,0.59173322235653925
5,32000,211,0.92713891692389416,0.60274741265740384
5,32000,212,0.91496486839204572,0.1820284496621917
5,32000,213,0.63358743956251917,0.45069444953934512
5,32000,214,0.31895920629370172,0.24746248036703841
5,32000,215,0.80118977023052584,0.40875828262797032
5,32000,216,0.35024324244941851,0.21674725451410309
5,32000,217,0.99504635214528836,0.77754823766311687
5,32000,218,0.87910340092668215,0.30220084703208527
5,32000,219,0.29475856566600434,0.85603592211090485
5,32000,220,0.96793427563743051,0.33726949264262623
5,32000,221,3.9552427416416288e-14,0.85887944414658068
5,32000,222,0.83438543458958891,0.97508956722011453
5,32000,223,0.94737447977628331,0.97710800952980614
5,32000,224,0.96391201195883136,0.46424003133790737
5,32000,225,0.90667395040211096,0.78827843259289643
5,32000,226,0.046838159136015793,0.23983468360993981
5,32000,227,0.54419481649609069,0.80073706049199678
5,32000,228,0.99825200071426201,0.61649261744378969
5,32000,229,0.59521797607177318,0.30532590412104993
5,32000,230,0.47062297689765098,0.68150913841154714
5,32000,231,0.98228785531889429,0.85741843773836268
5,32000,232,0.51972581161469489,0.33163863068464261
5,32000,233,0.071470504558950099,0.09724497331662349
5,32000,234,0.80374772356138391,0.88673186858693398
5,32000,235,0.41060980810017461,0.21764542792271718
5,32000,236,0.00076976990352424729,0.55854032796944708
5,32000,237,0.61482679842063992,0.54105343548804008
5,32000,238,0.94569398805822558,0.21842169674632461
5,32000,239,0.77776911531810289,0.35776902382022446
5,32000,240,0.91315699111984383,0.94075676354863424
5,32000,241,0.31136944168555042,0.89929683098815372
5,32000,242,0.52460234571233877,0.80082030008805638
5,32000,243,0.77468040236202473,0.25136796864542582
5,32000,244,0.62269134830489481,0.80278016247970618
5,32000,245,0.8636340831594902,0.37133847146525634
5,32000,246,0.81861287438377039,0.34777050324207442
5,32000,247,0.93242015586576932,0.35798108389262712
5,32000,248,0.54669397454075164,0.83825172628759614
5,32000,249,0.99765070693374536,0.68072162808599734
5,32000,250,0.86170116491114757,0.71539249472516186
5,32000,251,0.34557054955073563,0.50224453749789111
5,32000,252,0.99631488765486964,0.61784802211930834
5,32000,253,0.77800309794623868,0.39838105515034267
5,32000,254,0.99147662782105261,0.99409759475513682
5,32000,255,0.92982068853362154,0.72012905253529824
5,32000,256,0.78490903892755659,0.021656544726242854
5,32000,257,0.99517915631413745,0.55795572694425943
5,32000,258,0.39857548302498735,0.73287908245615607
5,32000,259,0.7781096791968628,0.91282115152448706
5,32000,260,0.75444971481079537,0.21330044703151574
5,32000,261,0.89238868353287937,0.31070258786202432
5,32000,262,0.25782815528296404,0.040103925708341738
5,32000,263,0.82265414477047183,0.63861394158238149
5,32000,264,0.61144437834659326,0.18185682088996097
5,32000,265,0.92608303549956794,0.60912418644940081
5,32000,266,0.72254089511049968,0.13894659857937725
5,32000,267,0.89291102672388822,0.27762025195119366
5,32000,268,0.5184874911667019,0.51714344162283665
5,32000,269,0.057114113625304636,0.85250736765988433
5,32000,270,0.75219571013914921,0.49361935118699718
5,32000,271,0.45160296631239666,0.47229634431259693
5,32000,272,4.4107538726603342e-05,0.49504342200185025
5,32000,273,0.27484175503050901,0.013501790274221425
5,32000,274,0.7895479150578486,0.60004247347032214
5,32000,275,0.59597602344294143,0.33749171016606422
5,32000,276,0.96905386927654003,0.52431025742062709
5,32000,277,0.93247739508659588,0.73307435140035093
5,32000,278,0.90492248752737414,0.34478353054424365
5,32000,279,0.51273794168927933,0.55031552590443877
5,32000,280,0.70240607343443617,0.76833906526008433
5,32000,281,0.97681493103573402,0.96290771627961491
5,32000,282,0.9888489855909538,0.21673800664132473
5,32000,283,0.69793693168285209,0.39199941021005447
5,32000,284,0.17001983271991417,0.83867823024852872
5,32000,285,0.99999992625238709,0.59176395768278567
5,32000,286,0.25369291784731651,0.016704525747283056
5,32000,287,0.094103872879014921,0.93790200925243716
5,32000,288,0.98540139009389249,0.76995609700168266
5,32000,289,0.45962109637677973,0.74591883927325053
5,32000,290,0.51734276876108121,0.6499284421147975
5,32000,291,0.9936536726090569,0.75008838990747018
5,32000,292,0.81867651940120234,0.98224373277728072
5,32000,293,0.76859300274885678,0.36670353560063307
5,32000,294,0.46486973720280744,0.63864847259697277
5,32000,295,0.44637129021420496,0.31460315082969548
5,32000,296,0.13465139314884125,0.21364504089251229
5,32000,297,0.40449162188010152,0.17378001565351017
5,32000,298,0.39742040480480745,0.20044398147383671
5,32000,299,0.30958453543443215,0.27606482150822198
5,32000,300,0.97441741069719423,0.96177658245162256
5,32000,301,0.9942307032169676,0.81553672930492715
5,32000,302,0.37367857516509262,0.16259268506495153
5,32000,303,0.63576191623810618,0.82144556886624165
5,32000,304,0.99999992618687228,0.24394009624629825
5,32000,305,0.48872126124418114,0.86473946811420399
5,32000,306,0.97732758055889823,0.61211350394552388
5,32000,307,0.62714333440624148,0.080268347693611644
5,32000,308,0.99247339019112246,0.94698288131598618
5,32000,309,0.52730663690919877,0.82480536272016347
5,32000,310,0.98696677444289382,0.18382584492602297
5,32000,311,0.093431919244651607,0.42532381975999867
5,32000,312,0.90931321536401144,0.86847918400071045
5,32000,313,0.39191728882056098,0.81732683476467438
5,32000,314,0.32162226344103334,0.46695763323597084
5,32000,315,0.9007404879197729,0.58203300510094158
5,32000,316,0.83428725228424427,0.021561866600291038
5,32000,317,0.49637486517819274,0.047381967808092701
5,32000,318,0.93972835167742264,0.9446313702381619
5,32000,319,0.00672866400898494,0.89429209987690483
5,32000,320,0.81838340221373151,0.47598964012506051
5,32000,321,0.92800649605562224,0.15371859779583105
5,32000,322,0.64886097041599455,0.99473842955730163
5,32000,323,0.0077281412701659504,0.093814014663978249
5,32000,324,0.2742705161143672,0.13121122401670862
5,32000,325,0.82312014843260872,0.31327226828984756
5,32000,326,0.84797033060068805,0.11396791442093389
5,32000,327,0.61753893546522887,0.19351939341330379
5,32000,328,0.63936274932554249,0.23746401472482101
5,32000,329,0.71895710362685361,0.055320746163144301
5,32000,330,0.91216246225629116,0.41002924932692941
5,32000,331,0.97292732130472648,0.85268212484892081
5,32000,332,0.86343229206440841,0.33639962034475923
5,32000,333,0.65586555629418264,0.37284775945354209
5,32000,334,0.36220958891957461,0.18098866758416146
5,32000,335,0.22742627793668829,0.46861654064923619
5,32000,336,0.48293405601669981,0.18113574740123264
5,32000,337,0.99837922820533898,0.92921889704619276
5,32000,338,0.79507071292030407,0.19559346336158626
5,32000,339,0.76180073406094695,0.45138952866583815
5,32000,340,0.72690381937948167,0.33584251662037168
5,32000,341,0.68170278536342876,0.30091055006947992
5,32000,342,0.78884255501063838,0.43991092066378829
5,32000,343,0.9994822920902825,0.90967754337526707
5,32000,344,0.96068868256106654,0.33038013224770302
5,32000,345,0.72850688790315465,0.96516813041911897
5,32000,346,0.74371558995565334,0.18840479595723592
5,32000,347,0.99250028340850682,0.92752822210969543
5,32000,348,0.74040935920855655,0.25041606860935078
5,32000,349,0.88321823030633351,0.069047485251867505
5,32000,350,0.98825711653714376,0.17183212429731215
5,32000,351,0.20667949305466232,0.37902725272642973
5,32000,352,0.98779457558908745,0.63539755073543203
5,32000,353,0.59204416743886512,0.26068624110941824
5,32000,354,0.16342373941302901,0.62850411269913997
5,32000,355,0.98818825547648104,0.90536372781053909
5,32000,356,0.92892888229447668,0.061646343207260576
5,32000,357,0.67399148160692346,0.93811356028755555
5,32000,358,0.16336439851981613,0.26820133881440378
5,32000,359,0.032379185707451755,0.67534742925331792
5,32000,360,0.96823783767797089,0.70146656866266821
5,32000,361,0.14914907760993781,0.62565330470692204
5,32000,362,0.99798009231020002,0.31054151443626404
5,32000,363,0.97807652009488733,0.86578749057384785
5,32000,364,0.82355814842860586,0.59527466976679344
5,32000,365,0.033129197132713839,0.12518850171818979
5,32000,366,0.42716244196035347,0.86306582677798871
5,32000,367,0.74138295180390335,0.84348765449633323
5,32000,368,0.9327988860032943,0.13040549074044192
5,32000,369,0.9512936903431034,0.15749935855875852
5,32000,370,0.99488375560271958,0.38225877356483379
5,32000,371,0.25629595087893331,0.4542164162489411
5,32000,372,0.58929573186143291,0.36279960108616449
5,32000,373,0.660451245687385,0.79506361900687539
5,32000,374,0.70213888642501632,0.82910861649961476
5,32000,375,0.60206416795601703,0.33413838261794532
5,32000,376,0.96917721497114584,0.88663560426572441
5,32000,377,0.93153317499995847,0.1314043946456866
5,32000,378,0.67828090189534296,0.22937003995285041
5,32000,379,0.28122872973694096,0.56801596182659542
5,32000,380,0.88845514796177327,0.917631029380098
5,32000,381,0.11690693643316304,0.64028066834355446
5,32000,382,0.98307815180895219,0.16760474732037864
5,32000,383,0.15946071718181321,0.50766779707382759
5,32000,384,0.99526157243931201,0.36553793738630763
5,32000,385,0.99999382905359047,0.016419168001857023
5,32000,386,0.78632953994216792,0.7847709398493089
5,32000,387,0.16497960085203905,0.31608752946284702
5,32000,388,0.34954851186476033,0.59476439013814653
5,32000,389,0.75510769968282498,0.69965844318478543
5,32000,390,0.90331368269905421,0.74289650040532262
5,32000,391,0.036155991252268906,0.62976285224271322
5,32000,392,0.99341849775362756,0.23725671083901434
5,32000,393,0.67382142871277972,0.46439413440630672
5,32000,394,0.44541296682745851,0.28225073517620253
5,32000,395,0.99832619963490699,0.99729231442702815
5,32000,396,0.32007811378492446,0.10189446119712076
5,32000,397,0.74216057916570211,0.44425992381967933
5,32000,398,0.99510680139654695,0.29737777938082199
5,32000,399,0.96599538236258409,0.41941567413505937
5,32000,400,0.89258001404647824,0.75098444251181107
5,32000,401,0.52264829893294995,0.38241906967067585
5,32000,402,0.47194865523129814,0.14863337926809159
5,32000,403,0.9692554450951949,0.18349411740507138
5,32000,404,0.021313542789120912,0.15523265319471627
5,32000,405,0.031114763677802602,0.50349209427422725
5,32000,406,0.20127337804287476,0.15811088457876454
5,32000,407,0.97368605257502439,0.86559993484405973
5,32000,408,0.61113026083747102,0.48876670118118004
5,32000,409,0.37156199215192598,0.5855674410097762
5,32000,410,0.33290403649318645,0.35455736942801785
5,32000,411,0.094229868217302726,0.20204497697703439
5,32000,412,0.93027407931099937,0.59682197783018553
5,32000,413,0.92544303874582912,0.24127518110062565
5,32000,414,0.12090025297370596,0.16190902608026875
5,32000,415,0.0096833313800393801,0.71170208501173671
5,32000,416,0.088481513056100608,0.33699488095035812
5,32000,417,0.99322781941641081,0.60385868616731031
5,32000,418,0.38884325023126476,0.15530423290443915
5,32000,419,0.84109445878874478,0.78074607996331402
5,32000,420,0.43024676745617157,0.34071302199966597
5,32000,421,0.13380610771452545,0.69384482160697158
5,32000,422,0.70330694849507458,0.050659670290984338
5,32000,423,0.61362026926707158,0.0018041435716451841
5,32000,424,0.62585455179056537,0.44736756134048544
5,32000,425,0.12925091782204215,0.8461833597647761
5,32000,426,0.79516428142720152,0.091251073365560861
5,32000,427,0.019332442485414967,0.78313017253786676
5,32000,428,0.63833598267032787,0.71468952115617668
5,32000,429,0.79409688468054296,0.16863531160441686
5,32000,430,0.15840718599488196,0.54679642618067681
5,32000,431,0.9594899964100061,0.50588117461332338
5,32000,432,0.1207589149706674,0.63164706500411782
5,32000,433,0.98665857222329767,0.9031669788240082
5,32000,434,0.26612732222471736,0.80926666417133419
5,32000,435,0.29601747620044927,0.31090463356023512
5,32000,436,0.023095455477153456,0.25221082648118964
5,32000,437,0.0060917862469736682,0.96149695855066641
5,32000,438,0.92310603439896599,0.38720182415759685
5,32000,439,0.57295588132043984,0.48996045775439812
5,32000,440,0.90663135667513073,0.35928258528858026
5,32000,441,0.93819182486558272,0.77039889246449966
5,32000,442,0.63010346510206072,0.077078213526780209
5,32000,443,0.72610709690887199,0.74402206313806563
5,32000,444,0.89963752700024391,0.5704401433672639
5,32000,445,0.55358429916978713,0.43346531589164244
5,32000,446,0.8849420967795314,0.35589491236475584
5,32000,447,0.99849507581952712,0.89234880091654478
5,32000,448,0.19531766044908858,0.71610725944995168
5,32000,449,0.48884104629670921,0.047433697668934155
5,32000,450,0.80359480953717988,0.49872049994790557
5,32000,451,0.74290041358021053,0.82932371030860663
5,32000,452,0.87500455561877855,0.51899638808965931
5,32000,453,0.89181635156420103,0.87068009897021703
5,32000,454,0.93283174101729649,0.38169686572626588
5,32000,455,0.55282162007038482,0.17187030316710367
5,32000,456,0.39312759006754638,0.60876012586806549
5,32000,457,0.31002381372339666,0.51770951154839584
5,32000,458,0.90610365067460519,0.43068011146337154
5,32000,459,0.32024660498711605,0.17571382388313192
5,32000,460,0.9726033701530209,0.29187724035457557
5,32000,461,0.21955223254601527,0.12054244604809461
5,32000,462,0.80450919456535197,0.44468228276935745
5,32000,463,0.94705842960289344,0.30503606377347375
5,32000,464,0.25487131215796571,0.017636435869071824
5,32000,465,0.82769741783661688,0.10764828281276538
5,32000,466,0.9114400502999076,0.13753772479926185
5,32000,467,0.64454206939626402,0.57359545459508054
5,32000,468,0.28015599600779784,0.7103462039651991
5,32000,469,0.84207721467768692,0.25345688676144829
5,32000,470,0.39454491477956111,0.68962701798530601
5,32000,471,0.7958070684724553,0.0040668888363941148
5,32000,472,0.99999601493270707,0.88398048947929941
5,32000,473,0.97814212284481461,0.96717969329831344
5,32000,474,0.31078609049795763,0.98005938867013942
5,32000,475,0.71105406392015347,0.69141842969956535
5,32000,476,0.9434060606246546,0.23111139201597294
5,32000,477,0.9717337895525775,0.71913565815688485
5,32000,478,0.86568873566413762,0.44815697348678651
5,32000,479,0.59076801064079976,0.062330567989763302
5,32000,480,0.89774340987690238,0.051607514123948997
5,32000,481,0.83891663382117077,0.11859804145433923
5,32000,482,0.94707956910648894,0.91656543782529398
5,32000,483,0.53959647240750397,0.39280889760112259
5,32000,484,0.050146117153376912,0.93412385701970546
5,32000,485,0.87728605214644395,0.054867779256520449
5,32000,486,0.90964857873305738,0.95401643929578661
5,32000,487,0.99095656792788944,0.50311384867614117
5,32000,488,0.97887050695414035,0.44523494937327868
5,32000,489,0.83968129323653962,0.42721340735340041
5,32000,490,0.16840458209406287,0.98637908840347466
5,32000,491,0.85378410557616213,0.1283124669851928
5,32000,492,0.29166756249922243,0.90938333350198275
5,32000,493,0.1141368564770557,0.85227389046383673
5,32000,494,0.86195573155235694,0.4771801174616267
5,32000,495,0.66202474056506988,0.15727546436556672
5,32000,496,0.079265041840763134,0.24843376412277524
5,32000,497,0.6234777151330908,0.85004605035734282
5,32000,498,0.72286742173618412,0.60472563920727396
5,32000,499,0.14221239144231348,0.9640201411231728
5,32000,500,0.98181665679209429,0.85824234400489674
5,32000,501,0.99999997476039959,0.78087760414481189
5,32000,502,0.58770333982481604,0.23805882607821258
5,32000,503,0.22461511453607144,0.8525303732317181
5,32000,504,0.95830120097960592,0.26295094720123618
5,32000,505,0.18677239891329159,0.90483029848122654
5,32000,506,0.87587892753889163,0.449074691970337
5,32000,507,0.14968234313405154,0.93559392376377548
5,32000,508,0.64644423939101459,0.47238369923940771
5,32000,509,0.96624731032512889,0.88634494567441946
5,32000,510,0.89215950224776963,0.92555526996003423
5,32000,511,0.97391583159310102,0.63633262954755954
5,32000,512,0.91930045625024515,0.63350790389290146
5,32000,513,0.41098727049062023,0.4606999581645258
5,32000,514,0.58757578010553113,0.45595638746214751
5,32000,515,1.420626771709945e-09,0.61708573987870641
5,32000,516,0.85836102708676532,0.77690854013475652
5,32000,517,0.88884192171397725,0.42464172547967932
5,32000,518,0.054501227762506772,0.65637419918745676
5,32000,519,0.87879791949637265,0.045499867812037596
5,32000,520,0.56513617549518291,0.73949574579469946
5,32000,521,0.48876449357685559,0.73661851995007743
5,32000,522,0.91162025673129055,0.25173256129310712
5,32000,523,0.35134256766212074,0.16662738186023998
5,32000,524,0.93962601200651752,0.32143252549613671
5,32000,525,0.53772085579258166,0.54315572309990956
5,32000,526,0.69067300600972892,0.56748647506797467
5,32000,527,0.67220560583241284,0.20765401769116684
5,32000,528,0.9978962462475659,0.034023572584870328
5,32000,529,0.23782211109630411,0.91437843047416223
5,32000,530,0.62472458561628019,0.36998617089810287
5,32000,531,0.95574001393814156,0.2134229556628075
5,32000,532,0.88697282961094048,0.80271284624866013
5,32000,533,0.16012426615075562,0.17961395851694115
5,32000,534,0.30277073159316681,0.94556833694973963
5,32000,535,0.79006084306418756,0.31987134568644632
5,32000,536,0.99828726772216192,0.82339811229907456
5,32000,537,0.95816462957186899,0.37631553714359828
5,32000,538,0.61064035053297039,0.42671939247444923
5,32000,539,0.95355882521215207,0.81075977896262863
5,32000,540,0.56633267193106829,0.10625709012302471
5,32000,541,0.50248368471548077,0.022143381603070288
5,32000,542,0.71777876471926605,0.88794753411695071
5,32000,543,0.93400091448842992,0.14988454166252624
5,32000,544,0.12884279271546623,0.24098555592826887
5,32000,545,0.67834738130268701,0.16910405159122552
5,32000,546,0.97690403482316635,0.31102653711397138
5,32000,547,0.90809791317566779,0.5650488212818745
5,32000,548,0.99826011452929775,0.23616195246301339
5,32000,549,0.33728917959583266,0.92723223613383587
5,32000,550,0.68342177926976344,0.87607169847183652
5,32000,551,0.99999999999747313,0.20901377485921266
5,32000,552,0.93956383072897176,0.8694240749307014
5,32000,553,0.24036467995568034,0.24465084001494009
5,32000,554,0.307477644589708,0.62288429630345576
5,32000,555,0.92497302863484154,0.99876136566729545
5,32000,556,0.97870881557649225,0.025687905395023008
5,32000,557,0.016662376747775619,0.017587329131988596
5,32000,558,0.003540528256436869,0.48353185604091409
5,32000,559,0.9928798300474353,0.19820573190371404
5,32000,560,0.29212529811713495,0.078634758241312538
5,32000,561,0.11807411638909704,0.040226033610432844
5,32000,562,0.77760943204511346,0.86853185812133638
5,32000,563,0.73568799240732285,0.048580296994958617
5,32000,564,0.23811504915604945,0.10949454852938947
5,32000,565,0.44036070093067275,0.52950255435296323
5,32000,566,0.98810023930729274,0.62993424899792205
5,32000,567,0.77411194358171764,0.36860371765015937
5,32000,568,0.56534813932693584,0.99810768976686937
5,32000,569,0.16315755601651025,0.63739226536685567
5,32000,570,0.63937041286238705,0.5956013232452676
5,32000,571,0.58075010514905023,0.95809913816438985
5,32000,572,0.99994810995217576,0.99925135406641674
5,32000,573,0.022819125013331616,0.048378732301569034
5,32000,574,0.93119129534787959,0.93403170701447047
5,32000,575,0.88116777234468457,0.21321189706454244
5,32000,576,0.67591386894354277,0.48735324003986824
5,32000,577,0.68830904591441833,0.15691968998442865
5,32000,578,8.7619811670225796e-16,0.39380535623578933
5,32000,579,0.48991699136155731,0.70900811881158621
5,32000,580,0.09610765775066317,0.326761835839394
5,32000,581,0.22869539202696307,0.12298625805005477
5,32000,582,0.9891780449409816,0.98468738615724605
5,32000,583,0.098144172424826967,0.67437125033553635
5,32000,584,0.20381733390749643,0.48052560600468808
5,32000,585,0.55346499890466927,0.33344657721395166
5,32000,586,0.98958173753999168,0.23229382045566657
5,32000,587,0.80218361131713056,0.56454302734631756
5,32000,588,0.58005591599392603,0.25443762939250936
5,32000,589,0.78010712359507306,0.069902325366008392
5,32000,590,0.99872433025967855,0.70745351252724831
5,32000,591,0.87047794073688345,0.39381445719330227
5,32000,592,0.86665889369064153,0.92912926703554355
5,32000,593,0.96453411660825517,0.6721597120895465
5,32000,594,0.15862462291736884,0.99342546286038946
5,32000,595,0.25353344953107221,0.32467366675188924
5,32000,596,0.48932919133355401,0.46773576649530246
5,32000,597,0.63133654301522468,0.72700955732480221
5,32000,598,0.98490981406099454,0.48084710463677882
5,32000,599,0.9956783126929869,0.19068522800989818
5,32000,600,0.33179435980252103,0.73042271872539144
5,32000,601,0.60779568267992146,0.031919853096581158
5,32000,602,0.20551252534486816,0.3985214173302945
5,32000,603,0.52205956526686581,0.68331103164757301
5,32000,604,0.87376819106005166,0.500106569694453
5,32000,605,0.9078650963210888,0.46519664858135779
5,32000,606,0.86452499991489229,0.13085661821301628
5,32000,607,0.57702622495953504,0.20902714099261716
5,32000,608,0.46989752022805231,0.34868109937708092
5,32000,609,0.79033842766358586,0.89798060181439932
5,32000,610,0.99986237430200076,0.66559844420788694
5,32000,611,0.25369892991526699,0.18063449489966849
5,32000,612,0.12389693976451265,0.065188108989203006
5,32000,613,0.79284224672925874,0.25378671277665282
5,32000,614,0.86149676573512401,0.31823963180665926
5,32000,615,0.028752443003868026,0.89937180809011641
5,32000,616,0.65991430750699842,0.038805410206216272
5,32000,617,0.90228193245185206,0.3182221254031849
5,32000,618,0.99942132139593831,0.94239106714472576
5,32000,619,0.61096197342577507,0.77110826192917625
5,32000,620,0.49863809868100784,0.49427716477680506
5,32000,621,0.185721458483565,0.026221242056200217
5,32000,622,0.92659285968307359,0.43856954321541053
5,32000,623,0.11865677502852853,0.015151270597786893
5,32000,624,0.43875083519498342,0.55723866837958547
5,32000,625,0.95734436241111898,0.039588923642752384
5,32000,626,2.1049678862686119e-07,0.13280574158686798
5,32000,627,0.3243481863640485,0.009039398085204842
5,32000,628,0.78081817194615577,0.28516089402083239
5,32000,629,0.51347912550090558,0.66106217120395128
5,32000,630,0.3965139546010788,0.71625717225862651
5,32000,631,0.57674914148518597,0.58875900092338884
5,32000,632,0.00010481305910643885,0.88308853590772396
5,32000,633,0.1534468464167183,0.31304519784604046
5,32000,634,0.98447555252115859,0.24080786342121804
5,32000,635,0.42996917065816659,0.091450938340669599
5,32000,636,0.67265669167749509,0.93424078189785298
5,32000,637,0.87162653617337638,0.11884272567172884
5,32000,638,0.80451433583330556,0.33965722001299559
5,32000,639,0.58446701998080397,0.41396587587893935
5,32000,640,0.22367228759638177,0.34570880290131256
5,32000,641,0.90289921389600625,0.1733021833558642
5,32000,642,0.83198317246258169,0.3951140208589865
5,32000,643,0.71115812245149967,0.15416783972130593
5,32000,644,0.95035192841782479,0.070799402060073624
5,32000,645,0.44363877605096702,0.87959999055466243
5,32000,646,0.3553632890708755,0.1239967719332587
5,32000,647,0.99982415375972633,0.66099554212242295
5,32000,648,0.029798824971093055,0.39028504612075743
5,32000,649,0.92285429642979022,0.067475244113013519
5,32000,650,0.10739688392464011,0.41526379263670427
5,32000,651,0.25596414478008667,0.32399631382873917
5,32000,652,0.6116405085285056,0.0048744358109396773
5,32000,653,0.94402442153775989,0.96096163904692489
5,32000,654,0.7201831850393291,0.70918512794364752
5,32000,655,0.97432594485500101,0.17958220054272037
5,32000,656,0.89544344986984481,0.23244437660855985
5,32000,657,0.88040577684180288,0.029946324352764574
5,32000,658,0.023970188814408107,0.35664734376894097
5,32000,659,0.99894348010637168,0.54190488096838751
5,32000,660,0.9833625907730329,0.54148578016666649
5,32000,661,0.052647671355090186,0.97247535478295333
5,32000,662,0.35232998641815272,0.35404152555962859
5,32000,663,0.85018104460995036,0.4112669661074152
5,32000,664,0.83930464965932106,0.93551760100516124
5,32000,665,0.52068478157647513,0.89116203771081592
5,32000,666,0.099957705737089078,0.44330787208550082
5,32000,667,0.95431188597597327,0.0054060195894583942
5,32000,668,0.77187729327556509,0.42248489099083808
5,32000,669,0.93907208652905028,0.88733632694594211
5,32000,670,0.98980456846008869,0.11434713329788782
5,32000,671,0.88300667189717263,0.19600398639052241
5,32000,672,0.95798123268200452,0.8491920954577159
5,32000,673,0.17087888836994747,0.48757316749294322
5,32000,674,0.96293591402999967,0.37746675303533944
5,32000,675,0.99761103100389936,0.80971561723400987
5,32000,676,0.12422233746502662,0.58630555062556833
5,32000,677,0.78738843880401266,0.30124091290632832
5,32000,678,0.018081828464735876,0.48369600386452372
5,32000,679,0.42593933053628508,0.25865788337012702
5,32000,680,0.95187005268674163,0.52440328850276252
5,32000,681,0.54277474530191772,0.14609575872845898
5,32000,682,0.91022144493977675,0.58755480272700178
5,32000,683,0.98510456471786068,0.7784409336849154
5,32000,684,0.97756671815082197,0.60788527616158661
5,32000,685,0.060196592394801407,0.63367868441018904
5,32000,686,0.99736496707007827,0.92650191158388318
5,32000,687,0.94951318146289243,0.075520275450475488
5,32000,688,0.96608237166110422,0.13499275728671298
5,32000,689,0.22884732424054591,0.50430551898879961
5,32000,690,0.58498308746439442,0.48525225483188639
5,32000,691,0.24739233904108537,0.87249632030009239
5,32000,692,0.02732737117895033,0.74938267770615097
5,32000,693,0.85270215463857135,0.686579181860693
5,32000,694,0.9936762906919534,0.27726725490047038
5,32000,695,0.39363100015793889,0.92953969070941334
5,32000,696,0.72815799641858314,0.67293105042197077
5,32000,697,0.99031763146273766,0.44533013899750878
5,32000,698,0.1064078185875013,0.78757480713542216
5,32000,699,0.97806619573699793,0.40091080056932193
5,32000,700,0.64984886954639043,0.74809656441594297
5,32000,701,0.94124024969887266,0.16081148733577455
5,32000,702,0.17855719453751229,0.9665724290256148
5,32000,703,0.36169806345733369,0.39294290528383391
5,32000,704,0.49376559010795806,0.089977201872338611
5,32000,705,0.047302655683173059,0.12800390246012067
5,32000,706,0.99868814403486861,0.6570891394844961
5,32000,707,0.97749930335491653,0.97014659245084089
5,32000,708,0.99830522546774381,0.52471737584227374
5,32000,709,0.33855825449035232,0.80998857367784338
5,32000,710,0.59209476134995653,0.37418514885018234
5,32000,711,0.89532638586624225,0.77341826047302287
5,32000,712,0.70986695974659486,0.6029340714465764
5,32000,713,2.1973481260615331e-08,0.7159043688491824
5,32000,714,0.90549072649681839,0.69399131147268245
5,32000,715,0.93849646863852931,0.64918849616925345
5,32000,716,0.93751520877885153,0.86511300460231622
5,32000,717,0.80394815453563173,0.43096789567844301
5,32000,718,0.9932385970274995,0.060337115304870216
5,32000,719,0.83319352794726076,0.25175703694292778
5,32000,720,0.20874897641943593,0.82502189032765127
5,32000,721,0.98197783705950714,0.79844402002938408
5,32000,722,0.97608694504164573,0.19923056449819426
5,32000,723,0.94798792568251855,0.63145636888194623
5,32000,724,0.22149980211407938,0.35927932860910483
5,32000,725,0.72137089693715295,0.7382758616989652
5,32000,726,0.79546192838590346,0.45973000768073746
5,32000,727,0.31569047933841698,0.65341330893142002
5,32000,728,0.96656585604200507,0.33592264476944728
5,32000,729,0.84531753051166603,0.73086062969432808
5,32000,730,0.97760164535149308,0.73185804281664513
5,32000,731,0.88122692375664335,0.015865145945138766
5,32000,732,0.34895355594806976,0.01526333107503418
5,32000,733,0.99981060984838588,0.92205062857063158
5,32000,734,0.42025187216030857,0.10619758538815662
5,32000,735,0.0075957140588826608,0.43689777465915519
5,32000,736,0.36823494025500719,0.52669127151405526
5,32000,737,0.95398048691828907,0.08698654695876
5,32000,738,0.94011096404678751,0.0431344631685084
5,32000,739,0.45830452235237695,0.93109673208089117
5,32000,740,0.52832042827617776,0.24093342732309445
5,32000,741,0.96123568260282188,0.45211062583719636
5,32000,742,0.02038614366752468,0.6703378312753363
5,32000,743,0.35600723592852906,0.21273378481277516
5,32000,744,0.73615112488412404,0.14435852515043024
5,32000,745,0.98507845355851609,0.97766891719328974
5,32000,746,0.9587049699929534,0.97777095807056214
5,32000,747,0.98756878433311501,0.25051199839597282
5,32000,748,0.8906969443695183,0.88776778726019412
5,32000,749,0.93992299714122773,0.29285726192905265
5,32000,750,0.87476348265770754,0.87173250125110102
5,32000,751,0.3647021210296047,0.86673398514292077
5,32000,752,0.20860213613640777,0.74856314710641225
5,32000,753,0.44355071450082018,0.9387946698949865
5,32000,754,6.9727545801581326e-10,0.29938880274999419
5,32000,755,0.99961655678103434,0.47929825381147828
5,32000,756,0.010121238605774253,0.0077761230813904354
5,32000,757,0.99958060814783201,0.72182854656977069
5,32000,758,0.98164144490130223,0.76273312760961398
5,32000,759,0.45390163769095404,0.40700323367637781
5,32000,760,0.82885044781638884,0.85516580732751779
5,32000,761,4.2442715377823844e-05,0.62261916517755012
5,32000,762,0.94693174254282109,0.58508294073639155
5,32000,763,0.69450477287838974,0.82145472901847305
5,32000,764,0.87325380557925347,0.59350034185475598
5,32000,765,0.013839710560241591,0.70829660459564825
5,32000,766,0.53302755347931252,0.56614985538299645
5,32000,767,0.43922191861913884,0.98760217839999931
5,32000,768,0.6805148428717076,0.36966235243531148
5,32000,769,0.83784016949455897,0.48791384808844174
5,32000,770,0.016594151571120777,0.055622324025721107
5,32000,771,0.91627334316222342,0.0097337727501834535
5,32000,772,0.88219890089244746,0.6810034867835244
5,32000,773,0.78761720272911051,0.68866707389254722
5,32000,774,0.12474784414661,0.49081425975307258
5,32000,775,0.99812821012950137,0.54978406761133602
5,32000,776,0.8220411592858845,0.22835347541695444
5,32000,777,0.99999569234625074,0.66698591767395055
5,32000,778,0.62080737947728082,0.25024961561390929
5,32000,779,0.307078872180228,0.64230761224133825
5,32000,780,0.99339887708625552,0.85676717065125296
5,32000,781,0.99999203399135683,0.35125989574828759
5,32000,782,0.94919280785070637,0.39846240700887464
5,32000,783,0.72625052739142415,0.15179917573343113
5,32000,784,0.59225778679398333,0.81415861919016441
5,32000,785,0.83685754556889735,0.59387854400441109
5,32000,786,0.44516370383670811,0.70969280880743457
5,32000,787,0.81479844600927165,0.82741207274384976
5,32000,788,0.90324018021468844,0.36663276806337325
5,32000,789,0.83394936092473626,0.635874228447602
5,32000,790,0.84536604570376617,0.95841293693408591
5,32000,791,0.94489048211332605,0.090583394009485604
5,32000,792,0.6073823523641162,0.91084320758995763
5,32000,793,0.82731895415929024,0.43699345359641201
5,32000,794,6.2395262566371241e-18,0.59208583168674545
5,32000,795,0.89341067607896585,0.6420261744374185
5,32000,796,0.54201084058252502,0.47003603332082444
5,32000,797,0.95330326284925637,0.86774774736881954
5,32000,798,0.60330965249589186,0.73520266345716156
5,32000,799,0.79734556667667733,0.70958607036765597
5,32000,800,0.91540420219142349,0.10120152837373675
5,32000,801,0.088892425250220578,0.29186217181418961
5,32000,802,7.6917758474446236e-06,0.43851394981105385
5,32000,803,0.60854958204193388,0.75970597776815019
5,32000,804,0.55207283872535906,0.12020066097692203
5,32000,805,0.33544825275907003,0.80527829359828607
5,32000,806,0.028878339111523196,0.52700651337747451
5,32000,807,0.49675496177925427,0.075060307677665361
5,32000,808,0.80185554205979859,0.13426527496767202
5,32000,809,0.76630304760788859,0.66236567133589697
5,32000,810,0.69269892616572615,0.22434463059449622
5,32000,811,0.8536098311173892,0.80268649908516809
5,32000,812,0.90880593543782062,0.81770378722731818
5,32000,813,0.90307319883204662,0.15103116243439876
5,32000,814,0.86991457826314433,0.33480532055055517
5,32000,815,0.62990562188574861,0.23427531175455801
5,32000,816,0.59270977585819851,0.34658667787652497
5,32000,817,0.69794615415108763,0.22873811078864753
5,32000,818,0.016382068560568962,0.85819334249714774
5,32000,819,0.99986761449124284,0.056953654736382892
5,32000,820,0.87904503321684901,0.70182754862036267
5,32000,821,0.86175028138537879,0.58243777276458142
5,32000,822,0.99398203337396207,0.81202656559311803
5,32000,823,0.71179887168873468,0.04675202767130384
5,32000,824,0.99509128085791421,0.79604709422592057
5,32000,825,0.28242915065273033,0.65043344610947074
5,32000,826,0.93130982354371317,0.61877520395394847
5,32000,827,0.91233508305130406,0.57468344077964262
5,32000,828,0.57719786883044788,0.99965108899486865
5,32000,829,0.77282485023347702,0.17350532799972374
5,32000,830,0.57801989759952543,0.14037458152421203
5,32000,831,0.58106838466307487,0.8674180716847919
5,32000,832,3.0710300959947026e-07,0.98289206266485407
5,32000,833,0.89231699472194848,0.93829157454693468
5,32000,834,0.37790572367587666,0.20035380990456239
5,32000,835,0.5779944037540915,0.03012953831602665
5,32000,836,0.95949850028463812,0.16715607217966214
5,32000,837,0.9992885544171547,0.94995016975486568
5,32000,838,0.79531963321768107,0.43523541694484197
5,32000,839,0.65281050093791926,0.74603841660338122
5,32000,840,0.43892594872571333,0.95504395549664567
5,32000,841,0.25238929543248873,0.39017683861657021
5,32000,842,0.50932508652251207,0.070712318885013267
5,32000,843,0.12122760113825694,0.46345586463291322
5,32000,844,0.83686353036058758,0.89300206222138789
5,32000,845,0.67602906089120141,0.62819935034280006
5,32000,846,0.68186023017039443,0.71021388575690259
5,32000,847,0.78220293644630945,0.44983727221343411
5,32000,848,0.011860257389440659,0.60646740124445619
5,32000,849,0.56215050889708096,0.75343791396712889
5,32000,850,0.0856289226139752,0.67029543915581868
5,32000,851,0.95305745395164332,0.90655791962147092
5,32000,852,0.91939192099210443,0.1512266495760394
5,32000,853,0.98302564514154467,0.0048685031130866136
5,32000,854,0.19797668846087865,0.099638959057697457
5,32000,855,0.74062391329776056,0.79280759120874378
5,32000,856,0.74159980236614431,0.82754214074398424
5,32000,857,0.90239416989117649,0.80627685477096833
5,32000,858,0.97784849914270688,0.90054032132253692
5,32000,859,0.49629326288844111,0.9206695690133585
5,32000,860,0.75594059136918756,0.19079938904274052
5,32000,861,0.24261384112650353,0.51312447020055463
5,32000,862,0.11127208263415114,0.2332798108975023
5,32000,863,0.66296489367454026,0.60590807521758427
5,32000,864,0.42791068004231347,0.21974438111482866
5,32000,865,0.98661363735896179,0.77827448624242246
5,32000,866,0.29645447569645672,0.38304205592504409
5,32000,867,0.84166553578344261,0.42470326660208213
5,32000,868,0.22519838935763617,0.75379315992418849
5,32000,869,0.037241405019908122,0.23001861150837025
5,32000,870,0.47980371546861345,0.72753251288250265
5,32000,871,0.8447503966316392,0.23602709067028829
5,32000,872,3.2308232424963725e-09,0.38064444921922214
5,32000,873,0.0045384162798586076,0.99235874215477216
5,32000,874,0.99879138910897935,0.41476305726997004
5,32000,875,0.039328861466112114,0.17062219852258059
5,32000,876,0.77130117651553964,0.34580155127509643
5,32000,877,0.36522022519409297,0.54000440474401623
5,32000,878,0.75808310844337523,0.47027149039882155
5,32000,879,0.81189721568709294,0.66466628425092922
5,32000,880,0.34521597773211971,0.35478218947886969
5,32000,881,0.21151942810919749,0.60272007170438557
5,32000,882,0.7875194500678907,0.96628185246352416
5,32000,883,0.87850217830166655,0.61881752905792198
5,32000,884,0.96283472634202827,0.10741287754444859
5,32000,885,0.51382229515467015,0.03405019616827689
5,32000,886,0.15940484746068395,0.084512611222813103
5,32000,887,0.83472438676239546,0.72895420553976253
5,32000,888,0.90835258492424209,0.25646447676754569
5,32000,889,0.84631273680488794,0.037540162000637013
5,32000,890,0.62525387224141138,0.01268899981945807
5,32000,891,2.9846133047394349e-34,0.92218038915209921
5,32000,892,0.44661181245530324,0.033446641925446788
5,32000,893,0.74326486565579719,0.25355395004303366
5,32000,894,0.88292956994064808,0.98089885404370747
5,32000,895,0.96151861042271014,0.28168801528671511
5,32000,896,0.84691479067689768,0.84051175343930162
5,32000,897,0.46411045187078681,0.26568240145640698
5,32000,898,0.43738592196573556,0.85046362606196635
5,32000,899,0.077122938983498091,0.80088210422598971
5,32000,900,0.99437189425350103,0.77873088676691593
5,32000,901,0.027160105556780285,0.96696480080913982
5,32000,902,0.85324164729011309,0.10388911399799992
5,32000,903,0.57698652188474708,0.94525294412475058
5,32000,904,0.85173812755081713,0.20560129644178052
5,32000,905,0.56772235802535287,0.087117442255099209
5,32000,906,0.98448449525934401,0.67631529666417212
5,32000,907,0.56086884367493473,0.88478650032316275
5,32000,908,0.74113536639271538,0.86721109080741898
5,32000,909,0.90570339314794823,0.046449788201920555
5,32000,910,0.67759359588460089,0.9471305653442077
5,32000,911,0.99938591507753505,0.80195968041622967
5,32000,912,0.31987491977743726,0.95486479957232939
5,32000,913,0.99998090143426932,0.43912508035233261
5,32000,914,0.37826695302401919,0.27930774375338091
5,32000,915,0.85622166378395892,0.46841622928362114
5,32000,916,0.99517801218301405,0.068838231789136686
5,32000,917,0.73745409185150335,0.34393011138504503
5,32000,918,0.31807971467496482,0.86597356837605977
5,32000,919,0.15034644350754767,0.77085213817406117
5,32000,920,0.97850080186543009,0.66961857085564791
5,32000,921,0.11958361305893782,0.011130459524301384
5,32000,922,0.45642137121183946,0.26032556912137272
5,32000,923,0.22436785193440012,0.92243966923685639
5,32000,924,0.99900896691169594,0.76314813681065463
5,32000,925,0.21874717555680828,0.26327372698947427
5,32000,926,0.45502697986744683,0.88733731321298859
5,32000,927,0.031455469495055365,0.81687627765471982
5,32000,928,0.39159668177261225,0.06830450942397262
5,32000,929,0.17442282972810297,0.32788203350315132
5,32000,930,0.39561928523160533,0.55797298640902693
5,32000,931,0.88866099407385479,0.040439891682753297
5,32000,932,0.91834546270092687,0.8034241043955217
5,32000,933,0.6655564275524769,0.75215377460853727
5,32000,934,0.43309262855182667,0.84745826034071503
5,32000,935,0.31913502395503729,0.75414846247319667
5,32000,936,0.51677052921303024,0.53932420984689278
5,32000,937,0.54326657873178774,0.90753346127960055
5,32000,938,0.34846030439436343,0.10361970454290866
5,32000,939,0.78288598174278889,0.59828202823869359
5,32000,940,0.86872988411467966,0.44912024488760488
5,32000,941,0.52058928003789928,0.73327371411490139
5,32000,942,0.99272900124805363,0.96555767913002377
5,32000,943,0.9908281713161714,0.74270387960571771
5,32000,944,0.34743522425180662,0.2779325127715836
5,32000,945,0.9943855656103604,0.42073943691590177
5,32000,946,0.6936759482769338,0.99045060374992377
5,32000,947,0.97631253691011277,0.034826576300571691
5,32000,948,0.12044955177519394,0.35631863157325006
5,32000,949,0.43712723665575987,0.059016812656143773
5,32000,950,0.93985607283506845,0.2557327905315655
5,32000,951,0.71170048518027829,0.967933809461337
5,32000,952,0.52951737323321757,0.87567040114038364
5,32000,953,0.69932223150941997,0.068506391025439262
5,32000,954,0.044695870231997982,0.29500158256650655
5,32000,955,0.016389628609358317,0.27884260948666184
5,32000,956,0.069437654390176559,0.76504723791652218
5,32000,957,0.051077963282053218,0.56529637641885855
5,32000,958,0.9232697300888838,0.30729847923145742
5,32000,959,0.57172491861620489,0.2642202730498931
5,32000,960,0.99876362132677687,0.2142124258501541
5,32000,961,0.94223045081795864,0.76358711819569214
5,32000,962,0.44528471722685542,0.087781135036714641
5,32000,963,0.99806700738622134,0.29634913551120168
5,32000,964,0.4203751194759755,0.64031630309830145
5,32000,965,0.54400158515282038,0.91669547008745034
5,32000,966,0.78917000250546121,0.11039836069636436
5,32000,967,0.87952452004909043,0.42224749299788056
5,32000,968,0.017035992720139222,0.8323315346596678
5,32000,969,0.46289204872637768,0.34912560213019084
5,32000,970,0.99918049207111803,0.90804674670635854
5,32000,971,0.98899470753462626,0.61236625849748139
5,32000,972,0.059823664729347449,0.21917263025173253
5,32000,973,0.80666272773135161,0.83954029032335387
5,32000,974,0.99958833636913236,0.70001394849380461
5,32000,975,0.43064523446329833,0.14812809939057459
5,32000,976,0.98436814737702039,0.20198217288251358
5,32000,977,0.34548899977138198,0.14281331646856205
5,32000,978,0.91821977721297088,0.18133235613286197
5,32000,979,0.87397785501479297,0.76655837955567185
5,32000,980,0.59925401524933264,0.41437748588490031
5,32000,981,0.52057375027288988,0.56649853445616372
5,32000,982,0.67975389983220158,0.99890940286798913
5,32000,983,0.50796288194203454,0.39703945917518507
5,32000,984,0.74792584118610239,0.5604075400127666
5,32000,985,0.0035917667642136721,0.61788643289543976
5,32000,986,0.14426835740293442,0.05640930577202543
5,32000,987,5.0563256965553235e-06,0.94696325965134887
5,32000,988,0.3423904271788944,0.19589020744042321
5,32000,989,0.84816531986666466,0.83733531326163702
5,32000,990,0.63677432770667131,0.40303106148463019
5,32000,991,0.99196646143937661,0.761258893847792
5,32000,992,0.85819313552777909,0.098058134824910034
5,32000,993,0.14424752343895525,0.7251232122411595
5,32000,994,0.89334001848639066,0.49302307098607689
5,32000,995,0.99676189058987785,0.93937817198933349
5,32000,996,0.52662866019296195,0.90865683675821229
5,32000,997,0.93316522919885647,0.49038152761538822
5,32000,998,0.39318983755797926,0.9865723894973546
5,32000,999,0.24441214090260027,0.48856370221477796
5,128000,0,0.98197813728211036,0.59566896395874769
5,128000,1,0.81926046164623512,0.51210889941038173
5,128000,2,0.34122915013846755,0.57052142734214562
5,128000,3,0.59771765171792635,0.84871163435536134
5,128000,4,0.80803385251477056,0.47501635773753903
5,128000,5,0.77487647845843788,0.12240348592004265
5,128000,6,0.71052819134008927,0.82531488648123719
5,128000,7,0.51186931615138653,0.22270653082469008
5,128000,8,0.80498998610751848,0.90665180541874879
5,128000,9,0.34148786483070354,0.66019260971630955
5,128000,10,0.62990817343208838,0.68441051100444872
5,128000,11,0.423445044594704,0.020804810086604807
5,128000,12,0.43304630738186883,0.22496232744943395
5,128000,13,0.67111186706906822,0.71586170715565611
5,128000,14,0.12942377673753608,0.63660719880738914
5,128000,15,0.51063535162322793,0.47553240912612837
5,128000,16,0.99385738393091771,0.96621782973126125
5,128000,17,0.92252184978931118,0.45086030049835391
5,128000,18,0.49836062328218833,0.54112469623360582
5,128000,19,0.61192860403472449,0.9539149414468916
5,128000,20,0.56617799053276208,0.35386142496849443
5,128000,21,0.62201174107047108,0.018811136856132185
5,128000,22,0.056386454111871702,0.41640280450012385
5,128000,23,0.90401794249915635,0.98133211640394424
5,128000,24,0.98318047455095303,0.12754909849108173
5,128000,25,0.82080208650528297,0.93805065140721877
5,128000,26,0.46971289316902098,0.6710970325331338
5,128000,27,0.7953108127953058,0.24483497060903667
5,128000,28,0.83480399267651262,0.27571161407349432
5,128000,29,0.9909394388907562,0.058795143000953988
5,128000,30,0.89753985622236365,0.75142052425959549
5,128000,31,0.35056966302568837,0.0094553450147285244
5,128000,32,0.75633205836038264,0.58919719090357814
5,128000,33,0.63163122092933133,0.92835573250248993
5,128000,34,0.75082703895250291,0.10368429469966044
5,128000,35,0.99993872534755524,0.019330421850189985
5,128000,36,0.72358096746080514,0.69966668476628513
5,128000,37,0.36930606822470319,0.60927133789961807
5,128000,38,0.52207105179335767,0.23049050404155244
5,128000,39,0.94527867955918188,0.37246376617891647
5,128000,40,0.18344285980824776,0.54657647811942722
5,128000,41,0.96128623866305074,0.38328160687554397
5,128000,42,0.75053243336498421,0.76190216775663644
5,128000,43,0.84227454317578232,0.37828804761284401
5,128000,44,0.0010709147659117776,0.78317617205002055
5,128000,45,0.97419354791553314,0.16264936977364602
5,128000,46,0.42886417215920708,0.95150822315813233
5,128000,47,0.11687557157263183,0.32157525658174763
5,128000,48,0.15070444735617436,0.21618575205348398
5,128000,49,0.25786713119045701,0.66166938579579893
5,128000,50,0.14472380416109148,0.38843041808907919
5,128000,51,0.62985701372341507,0.63492671776692045
5,128000,52,0.90081770188000565,0.48256156101076197
5,128000,53,0.22220879207100908,0.76690352053857958
5,128000,54,0.034017944037969879,0.94380129533776791
5,128000,55,0.19327774859528718,0.4696485968924663
5,128000,56,0.37741099426906288,0.97827145651880176
5,128000,57,0.77541768855312454,0.98609314240106205
5,128000,58,0.43853302282253331,0.6613545668160683
5,128000,59,0.99573539791424581,0.14298141138386666
5,128000,60,0.094480502352500523,0.72305853221714067
5,128000,61,0.38713945529133725,0.88087432499308616
5,128000,62,0.96889794235035875,0.16834136916365136
5,128000,63,0.98017067089062249,0.33391316766408174
5,128000,64,0.78218476859516839,0.97745369729218123
5,128000,65,0.16061619431829907,0.9486349318632199
5,128000,66,0.86885028155502031,0.59397169363393476
5,128000,67,1.4962969108993714e-13,0.80785141663522286
5,128000,68,0.20918525949667341,0.96855609829700839
5,128000,69,0.068244446020297014,0.14929523566276087
5,128000,70,0.26873035513978016,0.51706796149133716
5,128000,71,0.87875324646369046,0.1605363622398123
5,128000,72,0.99395827344156695,0.58795817334690237
5,128000,73,0.73238003015008002,0.24165916012790789
5,128000,74,0.34988388736567044,0.7691346486733176
5,128000,75,6.5446412283814994e-05,0.52730016285491854
5,128000,76,0.32982455289770235,0.63163990183329632
5,128000,77,0.48760867693864318,0.83692358462419469
5,128000,78,0.99851468800423104,0.75305491581111283
5,128000,79,0.97195129719514806,0.94623079451573888
5,128000,80,0.072313171439602017,0.30610407450524596
5,128000,81,0.59009262009228869,0.27748390450659915
5,128000,82,6.0980050114886486e-05,0.011211075756029282
5,128000,83,0.64417242261705532,0.70380629690114405
5,128000,84,0.022711013635927028,0.80165262073845112
5,128000,85,0.97149626740152017,0.32905821103574917
5,128000,86,0.69455408307675259,0.12759004487815101
5,128000,87,0.05492286395485136,0.95791485773847884
5,128000,88,0.88858770763134154,0.49270886743129039
5,128000,89,0.72073515819303424,0.32358599542084904
5,128000,90,0.77203368214049883,0.20577320249864647
5,128000,91,0.0046067542328659958,0.86245567718547211
5,128000,92,0.94889241630415255,0.071397957817869187
5,128000,93,0.85237741362250119,0.53312864384037573
5,128000,94,0.83621117607342077,0.058016477349756138
5,128000,95,0.13069614175397931,0.41080238122506607
5,128000,96,0.27086161757961197,0.46752389608537337
5,128000,97,0.93031333197811661,0.59874759787865761
5,128000,98,0.83640963655129796,0.49609309704707483
5,128000,99,0.96746181526178232,0.93881483711937797
5,128000,100,0.77664458901550559,0.46515775150991001
5,128000,101,0.31667545187660456,0.22890869792704899
5,128000,102,0.020308551798629559,0.061738222473514244
5,128000,103,0.94716423262629668,0.0012077143530427195
5,128000,104,0.58465217141980275,0.32327836237581198
5,128000,105,0.27552619348834217,0.4882009006246617
5,128000,106,0.84178097740689117,0.087814530582199762
5,128000,107,0.99998320871138757,0.56397118866818707
5,128000,108,0.62773141424450474,0.15998912894833994
5,128000,109,0.92358572044431997,0.23047220625587939
5,128000,110,0.91007012206616,0.66067220212415201
5,128000,111,1.9833504429721111e-07,0.36386533130765902
5,128000,112,0.871530226867822,0.060445900856925007
5,128000,113,0.33615871496029776,0.81063031411366926
5,128000,114,0.99782783462009927,0.93135691099369999
5,128000,115,0.94223980750890879,0.047712354825530955
5,128000,116,0.63814948874047428,0.12566030768660114
5,128000,117,0.3386930391827308,0.83896220627913598
5,128000,118,0.4082136876494693,0.24430028560153558
5,128000,119,0.68476620777689901,0.8103262513430417
5,128000,120,0.96832400197478385,0.38238486033759489
5,128000,121,0.69550783976130592,0.5804371820328007
5,128000,122,0.99645269663817571,0.28080916773498849
5,128000,123,0.86095318741096249,0.4077194263768405
5,128000,124,0.94927961277035,0.24193020426503017
5,128000,125,0.036728536848378755,0.7237806888342424
5,128000,126,0.27643456962860918,0.49702871511558566
5,128000,127,0.87447777915100255,0.029803499071619097
5,128000,128,0.73754742385907801,0.26944856902726644
5,128000,129,0.42299177448851955,0.18783020525623151
5,128000,130,0.15382195635113138,0.13779237192023494
5,128000,131,0.92737448457166372,0.88998077220604677
5,128000,132,0.84589337609178017,0.63604650579533495
5,128000,133,0.50086962663574564,0.98755347479186673
5,128000,134,0.9931060450727287,0.27303587363231868
5,128000,135,0.95193952692792583,0.59241802374690478
5,128000,136,0.79017338308236806,0.064654633031779818
5,128000,137,0.67000883773206354,0.88059062179783099
5,128000,138,0.87607280324337433,0.1863451514147626
5,128000,139,0.34844076970138937,0.90840612721040681
5,128000,140,0.67221042324738056,0.32260569045663906
5,128000,141,0.59735823248435649,0.41346430943687018
5,128000,142,0.15658702847365824,0.75007301774811108
5,128000,143,0.77982281206037651,0.15423695171991267
5,128000,144,0.92302609343249942,0.17507054147135176
5,128000,145,0.19004136170785724,0.79404227587168053
5,128000,146,0.99677339976343304,0.13284452978119043
5,128000,147,0.036908816033042427,0.041753995970130228
5,128000,148,0.94864734262128869,0.12229163552287499
5,128000,149,0.00035375849999337978,0.31071443292124523
5,128000,150,0.6677810344898375,0.12036938520619445
5,128000,151,0.60447292715395617,0.68425578074341153
5,128000,152,0.049634344638680938,0.13370438007625704
5,128000,153,0.43570538200876968,0.54128418752879637
5,128000,154,0.83912414976435179,0.18383613760462397
5,128000,155,0.97874073970602216,0.20920572266980181
5,128000,156,8.6469911643826091e-05,0.64792238356702847
5,128000,157,0.87582342407791358,0.053746790512141894
5,128000,158,0.78895701062038293,0.43739980519727761
5,128000,159,0.99026426315983851,0.73751594555526179
5,128000,160,0.27845343912962656,0.46295035721937883
5,128000,161,0.25986821886892125,0.093441904267173886
5,128000,162,0.45485974585816419,0.643067080226157
5,128000,163,0.74933924180034694,0.14999882142452481
5,128000,164,0.66524323618001768,0.83038931453580966
5,128000,165,0.79382719312143601,0.99551603837457336
5,128000,166,0.77215367662269263,0.41061842818083466
5,128000,167,0.18628594870496451,0.00079835251405976904
5,128000,168,0.47196303026030739,0.88537404918542773
5,128000,169,0.53305377343675153,0.50646793290079262
5,128000,170,0.98982063678790944,0.58965247694263412
5,128000,171,0.99126660139350209,0.61739917954322476
5,128000,172,0.86218483209431751,0.58055594265947852
5,128000,173,0.7507166028909783,0.16777457449807737
5,128000,174,0.75503549917233237,0.86500554951237052
5,128000,175,0.45759030381673055,0.67987923887549717
5,128000,176,0.0097068061350312172,0.074661958059913117
5,128000,177,0.32603702841686538,0.46066354256583675
5,128000,178,0.51734991389929219,0.14921442785576436
5,128000,179,0.13274293408275742,0.057218100495619061
5,128000,180,0.75779889398821432,0.18172227644402417
5,128000,181,0.57133247756340988,0.24264066157642739
5,128000,182,0.30226146269675452,0.67934933051262825
5,128000,183,0.65141990418634121,0.20530660108453685
5,128000,184,0.57076489404460473,0.34939749200093778
5,128000,185,0.0077059728478320365,0.50665466735323972
5,128000,186,0.2441357412843356,0.38460141368443956
5,128000,187,0.052774723460533066,0.98321410122700414
5,128000,188,0.099725371565692625,0.28482828347062983
5,128000,189,0.58957181055286145,0.14689662658678071
5,128000,190,0.20865545519163822,0.44286520852500827
5,128000,191,0.99338101939056567,0.19518654111322228
5,128000,192,0.77513533081358377,0.24406849557426308
5,128000,193,0.54304955698240498,0.19050040081681796
5,128000,194,0.11559533877665343,0.52352238435530607
5,128000,195,0.77877735866312214,0.25776375125226353
5,128000,196,0.25243767389814736,0.25564053726314956
5,128000,197,0.40089886294970234,0.37714822416843186
5,128000,198,0.45868361667279345,0.81754341968245448
5,128000,199,0.033697225420593162,0.15720567132500049
5,128000,200,0.97614647802170984,0.43373177443288291
5,128000,201,0.57013037001096312,0.13950689754103057
5,128000,202,0.97873796125303247,0.1365757206128913
5,128000,203,0.23090894196192188,0.20913874526397996
5,128000,204,0.85426802938191004,0.22840473036854519
5,128000,205,0.35896312371711486,0.63743225537352755
5,128000,206,0.76543589560012415,0.26617366635254452
5,128000,207,0.96568052677862015,0.30582801173644342
5,128000,208,0.83646514460585619,0.095410602886074961
5,128000,209,0.13299349299394267,0.24199679855133707
5,128000,210,0.99454351527442519,0.027846761555897267
5,128000,211,0.51360584151236399,0.59064544939632913
5,128000,212,0.91116411846652456,0.69751002113493343
5,128000,213,0.4050924160721126,0.76870792615884709
5,128000,214,0.44105903821816073,0.62570988356012569
5,128000,215,0.98808495618977676,0.2275883062532445
5,128000,216,0.18501124040263112,0.87563776580351105
5,128000,217,0.84070238318821922,0.087520956111613049
5,128000,218,0.19126948824916012,0.92973800807249274
5,128000,219,0.097065233320786856,0.50822875336806139
5,128000,220,0.97999323644780356,0.64668152268650847
5,128000,221,0.043656482290970723,0.6250872977979246
5,128000,222,0.49804995003728003,0.54436742521346848
5,128000,223,0.20470556950131016,0.93140007018121385
5,128000,224,0.15171535424592494,0.38194543036699369
5,128000,225,0.28233255763216908,0.38024220417348942
5,128000,226,0.99980474741727632,0.61997137578987882
5,128000,227,0.85386971167898484,0.73811102410140994
5,128000,228,0.34768414170296708,0.13687126860669085
5,128000,229,0.89644712197137388,0.97452341036290147
5,128000,230,0.54965356654702435,0.17876553028339862
5,128000,231,0.50590154877467941,0.1266023641970267
5,128000,232,0.55288142495275894,0.088531739914680621
5,128000,233,0.98999310362348203,0.94862958497809058
5,128000,234,0.78745743995337036,0.21874434186807018
5,128000,235,0.00052087457201072226,0.55526197487217577
5,128000,236,0.022157777222095942,0.45301387986636177
5,128000,237,0.046895198342749973,0.31433647581973734
5,128000,238,0.87261000287906909,0.56456903747419884
5,128000,239,0.99865098029012078,0.93900098726364023
5,128000,240,0.40914774860787234,0.57756565424278494
5,128000,241,0.82839196230451517,0.40767258240017296
5,128000,242,0.75982663398943673,0.58659220150664559
5,128000,243,0.91831666077532337,0.3115912312479287
5,128000,244,0.18834314158205784,0.99734297973859942
5,128000,245,0.62646079886041484,0.028595094429640179
5,128000,246,0.076660193424165329,0.32458474413519106
5,128000,247,0.9911941628454024,0.29028532298683418
5,128000,248,0.019002659487409739,0.98414787360310141
5,128000,249,0.38611221123343442,0.1893241861182709
5,128000,250,0.59518721057125767,0.56038017228106063
5,128000,251,0.49862356423017806,0.33824621069881106
5,128000,252,0.82598231162441382,0.98806235855058266
5,128000,253,0.92196573036735929,0.073300202578019738
5,128000,254,0.62916496644125752,0.33866365077328042
5,128000,255,0.87246280059026793,0.75871106930705767
5,128000,256,0.0019627543291013709,0.2914923671466268
5,128000,257,0.33556017751667838,0.25252468200930345
5,128000,258,0.0057346185892229408,0.18512183012028113
5,128000,259,0.99893492049822219,0.1463945322444187
5,128000,260,0.27433586198731097,0.59824212088063444
5,128000,261,0.99079067234278517,0.15338506173859387
5,128000,262,0.14642819476514576,0.70344769646456617
5,128000,263,0.98715635623478193,0.15538859664784205
5,128000,264,0.92029702194770757,0.3492815694101653
5,128000,265,0.031397027163805623,0.06153914780309401
5,128000,266,0.749812949327055,0.77272067609605
5,128000,267,0.95071830132320789,0.4868022794884419
5,128000,268,0.90031485158897961,0.22743281959044753
5,128000,269,0.95425242753958595,0.68658336367174
5,128000,270,0.019154879479326151,0.74058799479534521
5,128000,271,0.95136973353900534,0.80634386526435864
5,128000,272,0.33431608808843272,0.63355721270545839
5,128000,273,0.92196782835959179,0.11748027844010944
5,128000,274,0.76737764928239316,0.29027694745166588
5,128000,275,0.9195414683805373,0.42723640969446786
5,128000,276,0.7772602493792703,0.0016683161824734764
5,128000,277,0.71137967963023852,0.067114572017983709
5,128000,278,0.077084863395971828,0.17509240495880238
5,128000,279,0.56356368566272308,0.93115803442745537
5,128000,280,0.33289475728271645,0.81938536926813388
5,128000,281,0.71920071308533362,0.49233791662011117
5,128000,282,0.70348409734689865,0.226744041681017
5,128000,283,0.83561091534155274,0.76700697345663027
5,128000,284,0.084357909570241932,0.59495602935785441
5,128000,285,0.22233400603561271,0.36840737258988115
5,128000,286,0.55900758455560084,0.42893042612234805
5,128000,287,0.40624502349805897,0.40577428395143916
5,128000,288,0.90820422236627452,0.27288356698746907
5,128000,289,0.91692245678762796,0.26242698276540199
5,128000,290,0.90410557846982276,0.80540097837892366
5,128000,291,0.97855406397238154,0.17150981619063291
5,128000,292,0.94304338807533739,0.8883993074527704
5,128000,293,0.96251539475615255,0.89605439794566599
5,128000,294,0.41861070078722207,0.089370335230327363
5,128000,295,0.42515358697488648,0.53928432705674034
5,128000,296,0.93835242201027513,0.081509946970905536
5,128000,297,1.6201510826650713e-35,0.27140614213508657
5,128000,298,0.98577414869876678,0.84548269383758679
5,128000,299,0.68629941474279266,0.56288928262173576
5,128000,300,0.28157629750448299,0.32017801742261481
5,128000,301,0.097015935003328224,0.1520530062354554
5,128000,302,0.20784250401362392,0.24709934586958154
5,128000,303,1,0.68839624234515484
5,128000,304,0.99998452253388048,0.695678803673909
5,128000,305,0.51439624035098797,0.53702864446363596
5,128000,306,0.82319342206887902,0.45419691094189141
5,128000,307,0.018992767056368872,0.97517831603695704
5,128000,308,0.89269639805240952,0.25853355990366234
5,128000,309,0.96513385199035795,0.47552918579222991
5,128000,310,0.3148223070704092,0.36710877108022533
5,128000,311,0.99617788525737649,0.10053213467275343
5,128000,312,0.48718127821962021,0.71327788271300507
5,128000,313,0.32619742709128113,0.060599509768375442
5,128000,314,0.50479746044066043,0.91207941586013108
5,128000,315,0.084318162116644821,0.059403705964439217
5,128000,316,0.73355098429724364,0.21435376547944338
5,128000,317,0.8310621270574502,0.93527263699991181
5,128000,318,0.66833901627823167,0.57088277431857182
5,128000,319,8.1678140637593053e-20,0.40755247557253771
5,128000,320,0.70559387607384894,0.49492218798014109
5,128000,321,0.5579337134177732,0.58799479451513637
5,128000,322,0.91439528393267677,0.70474918330439529
5,128000,323,0.018959053512099221,0.4439751018879402
5,128000,324,0.71072070116077712,0.87833994039060814
5,128000,325,0.70530535455465559,0.51758637797458806
5,128000,326,0.96035895137595495,0.37491954839972436
5,128000,327,0.88534904943855952,0.36453526893935168
5,128000,328,0.4114597453714115,0.10463076198732271
5,128000,329,0.53087503268733982,0.2461082083183892
5,128000,330,0.31103590116550328,0.15133586035826596
5,128000,331,0.9055581581472083,0.98469213862823313
5,128000,332,0.48997387645753809,0.83209068054096758
5,128000,333,0.95164169578213587,0.70368685297914979
5,128000,334,0.97075929915310766,0.93169479643524311
5,128000,335,0.69321836957196292,0.25463392289724579
5,128000,336,0.94597366126730897,0.19439548563749268
5,128000,337,0.73559668836173531,0.86834351783588981
5,128000,338,0.81092877554084097,0.39383291353810335
5,128000,339,0.80021041398305082,0.2083633235511882
5,128000,340,0.89494589705616423,0.98992813573151583
5,128000,341,0.082687541341376472,0.57760617119110202
5,128000,342,0.79442156575317213,0.12332518232164005
5,128000,343,0.49365810634713037,0.90566576055074466
5,128000,344,0.58490448730967248,0.34593747119651869
5,128000,345,0.32332453976643583,0.41119585138442688
5,128000,346,0.60455016651953919,0.079006563350282111
5,128000,347,0.54172993213357024,0.13797750185000227
5,128000,348,0.09599480544570542,0.87131208038864827
5,128000,349,0.1342251836460347,0.41626657949294182
5,128000,350,0.84276651576154671,0.82451577347354332
5,128000,351,0.8897455075784948,0.55987693708810871
5,128000,352,0.92235305717936034,0.27763349619099909
5,128000,353,0.54592905724602081,0.22447043694927721
5,128000,354,0.81508083554203181,0.31034171228727303
5,128000,355,0.91762306697592555,0.41888858542608565
5,128000,356,0.27682890365250507,0.07405347187323269
5,128000,357,0.99871284767672419,0.52561033090922116
5,128000,358,0.68148973492620046,0.80090551770531115
5,128000,359,0.61306987602938445,0.9674714457525857
5,128000,360,0.92206074148954065,0.63474188819794064
5,128000,361,0.20730962199590583,0.5554830123454696
5,128000,362,0.99962395118499292,0.57050606713048524
5,128000,363,0.51313511947932966,0.26039044828966873
5,128000,364,0.68170594912431781,0.96336033676818444
5,128000,365,0.9295698942678996,0.63182264875558192
5,128000,366,0.7479439617435113,0.34095796323964545
5,128000,367,0.79734895053000754,0.1703213508506711
5,128000,368,0.8249143007310864,0.52835929775184654
5,128000,369,0.99997704220581163,0.20576593707175342
5,128000,370,0.75900707331792994,0.61642288294338399
5,128000,371,0.99133936107244724,0.67774179207876151
5,128000,372,0.96273555753534878,0.68548974761146719
5,128000,373,0.81910641331496925,0.9250165175227355
5,128000,374,0.16834639749868083,0.31480376371030905
5,128000,375,0.04974815907961562,0.45668475395061409
5,128000,376,0.97955529551423992,0.59305769029984157
5,128000,377,0.98586696833039966,0.26058399438770202
5,128000,378,0.82965028172253885,0.63301681940109167
5,128000,379,0.78687609966570438,0.62072705838417808
5,128000,380,0.94764136651504216,0.76648973065735548
5,128000,381,0.010704326988449267,0.63428564635517426
5,128000,382,0.90489556124236903,0.95754152619573085
5,128000,383,0.96751527526848902,0.68403707901727673
5,128000,384,0.15009441037381543,0.49285951536075467
5,128000,385,0.37304186146948365,0.051614410350412795
5,128000,386,0.11210181643488773,0.12715561521077492
5,128000,387,0.79668714524173312,0.29483379767989037
5,128000,388,0.99355372546311349,0.214118266049101
5,128000,389,0.50002701786484061,0.42548370226026322
5,128000,390,0.66078840571645969,0.077605137141864761
5,128000,391,0.86101539032631502,0.42796876707452924
5,128000,392,0.3479818001629833,0.82979695885656968
5,128000,393,0.73648510373155729,0.74826603688294446
5,128000,394,0.51169565161340558,0.75292968723613751
5,128000,395,0.99988442504073372,0.59321379926467077
5,128000,396,9.0305600830312732e-05,0.6285875656915384
5,128000,397,0.44238980525199367,0.53199616107806247
5,128000,398,0.87979304800124292,0.86509427393234684
5,128000,399,0.76467606865518256,0.8931800688184115
5,128000,400,0.39594120603360144,0.71020964708087408
5,128000,401,0.11950226871103162,0.025898478289950247
5,128000,402,0.60272872243994824,0.40865793879354345
5,128000,403,0.99661351799095899,0.49929603553060065
5,128000,404,0.37488152077366665,0.46128387259536996
5,128000,405,0.10067423402022777,0.49838869249293516
5,128000,406,0.99773349232973629,0.12709120456552181
5,128000,407,0.31151494081323627,0.56150041144283747
5,128000,408,0.93144030077978557,0.39636922826320853
5,128000,409,0.99725427294807223,0.75351947437753286
5,128000,410,0.68201616040276491,0.11175438338465149
5,128000,411,0.31398747128352705,0.29125200764607312
5,128000,412,0.9163535347625078,0.60577553512140536
5,128000,413,0.92443996655110972,0.53418158227108858
5,128000,414,0.6359246869212003,0.88672810435910876
5,128000,415,0.81397557545445043,0.16692574491715351
5,128000,416,0.68753546013290034,0.14778824578681404
5,128000,417,0.15150542477454843,0.1557631427985926
5,128000,418,0.95773660302670927,0.71118722032326542
5,128000,419,0.43046419279491632,0.77212700170876503
5,128000,420,0.95711421345632608,0.3837450502136136
5,128000,421,0.51733827933350018,0.46263509422346494
5,128000,422,0.74135300418905881,0.29739342098585159
5,128000,423,0.89929510938830837,0.53329981041323382
5,128000,424,0.66546971748408312,0.86338850467830719
5,128000,425,0.34306460031141778,0.51334082760155786
5,128000,426,0.99609120261513717,0.36872566909100968
5,128000,427,0.088047915088955292,0.40476899303401187
5,128000,428,0.8794652498689487,0.91245390747958621
5,128000,429,0.29288978617937367,0.45212038097835844
5,128000,430,0.059168522102162231,0.84286170475842581
5,128000,431,0.9514398743322412,0.074917611678802953
5,128000,432,0.99392620657722053,0.32733435089910756
5,128000,433,0.03564813538067494,0.50598316450061909
5,128000,434,0.29494270074256118,0.11782790347744894
5,128000,435,0.77190628519669913,0.38587848323100765
5,128000,436,0.23401218285737399,0.63103767265510669
5,128000,437,0.88127627726563529,0.22282042939466365
5,128000,438,0.36790411505850718,0.75424787845196695
5,128000,439,0.91636372605388561,0.42836345008236948
5,128000,440,0.99871793684464105,0.97159763037224578
5,128000,441,0.93655683557346048,0.0075998379295631737
5,128000,442,0.65787589331725504,0.77178097707539961
5,128000,443,0.82032320400309788,0.75013092880331778
5,128000,444,0.36377003955095072,0.99796475062635481
5,128000,445,0.82924568056208026,0.089973843762580857
5,128000,446,0.75264700740468715,0.94014440531385124
5,128000,447,0.72450451474823363,0.99826190506277668
5,128000,448,0.51518955201987882,0.6485380768789758
5,128000,449,0.94753252271860988,0.40711028587486464
5,128000,450,0.28571110005072831,0.35474902251373963
5,128000,451,0.96685018445982085,0.53725442277518309
5,128000,452,0.99236731917704113,0.97579822270326788
5,128000,453,0.81796922606890166,0.62546781302612842
5,128000,454,0.86405241371307928,0.38703165468415107
5,128000,455,0.99424069239317547,0.99372555100441617
5,128000,456,0.011082940946484661,0.20864293130761946
5,128000,457,0.86774738215972613,0.69347498423356935
5,128000,458,0.69246920455213368,0.64865131921776487
5,128000,459,0.18858822886594948,0.39587571182016185
5,128000,460,0.99367405420660493,0.60938081661773036
5,128000,461,0.97191456816798849,0.65822275109751605
5,128000,462,0.66159925622329974,0.70944477097603365
5,128000,463,0.076467485895519424,0.76913396813455315
5,128000,464,0.5643968467829551,0.85840330732382375
5,128000,465,0.43109147116749746,0.40528692048253495
5,128000,466,0.70697344726782219,0.95722726613630948
5,128000,467,0.84101269130948897,0.61955843212919492
5,128000,468,0.27430371494667882,0.84389245517889522
5,128000,469,0.19151539333374931,0.989921170977618
5,128000,470,0.61347280220916134,0.052788645116172657
5,128000,471,0.030401653824567481,0.62365796400908236
5,128000,472,0.45951791739116155,0.12721735310209306
5,128000,473,0.75864405842783644,0.29602362533887555
5,128000,474,0.87107961491483321,0.15190529078885076
5,128000,475,0.76014710579446909,0.91372985404435869
5,128000,476,0.32279299634421177,0.28269601479205031
5,128000,477,0.18608273246796891,0.63226348477042826
5,128000,478,0.12698758064132301,0.79044960931218755
5,128000,479,0.66134936977958714,0.8748615978329688
5,128000,480,0.67799011889957439,0.02226016665884601
5,128000,481,0.42433128554100175,0.57172130003878485
5,128000,482,0.97037602378027854,0.45868066489201176
5,128000,483,0.061295155375737383,0.32291368704964607
5,128000,484,0.56962910604729655,0.54071690486584656
5,128000,485,0.98919021327381074,0.44957365848830111
5,128000,486,0.29835175669541919,0.40600515557393113
5,128000,487,0.41829613032845453,0.48860184143662022
5,128000,488,0.98088336717291991,0.69539748321836803
5,128000,489,0.52092525554173308,0.61854642323668474
5,128000,490,0.064701145237371027,0.4583604995685141
5,128000,491,0.96582502308924956,0.27143711254979142
5,128000,492,0.91667565316639377,0.073278719557230143
5,128000,493,0.021664006004573029,0.54226225153146079
5,128000,494,0.020017482816020168,0.080248901026566899
5,128000,495,0.4716618953913132,0.34295520312166222
5,128000,496,0.15787682276842516,0.93822186326195844
5,128000,497,0.36601177550129749,0.052192430497559429
5,128000,498,0.22809635398006356,0.21404993809281136
5,128000,499,0.58202574746285396,0.51397152495404674
5,128000,500,0.99983386307226063,0.037703421958888872
5,128000,501,0.84975819519343554,0.84557609137047429
5,128000,502,0.90851256925563983,0.46185428912500925
5,128000,503,0.11880961530559511,0.71786472171307181
5,128000,504,0.65351385850258126,0.20619217662958422
5,128000,505,0.50962043827498005,0.92839473383978521
5,128000,506,0.45140868938251555,0.04274501347086361
5,128000,507,0.82181239912137616,0.23797814307625434
5,128000,508,0.19574330874037071,0.027041321922590383
5,128000,509,0.91690361674137655,0.20224555006787617
5,128000,510,0.087257048105311846,0.23154427368106723
5,128000,511,0.95796285908273393,0.45921311802381737
5,128000,512,0.18869706798165023,0.94890941288468922
5,128000,513,0.7092822070835012,0.81406280312508117
5,128000,514,0.003785931235120059,0.96611898798240325
5,128000,515,0.17122163324627213,0.52516520986103576
5,128000,516,5.9212963389091203e-10,0.19522250180278658
5,128000,517,0.47397849257637237,0.070595417707287597
5,128000,518,0.45188886556736818,0.21435207403938628
5,128000,519,0.68021025781903521,0.047817661008748243
5,128000,520,0.83084562852760446,0.94949249838116234
5,128000,521,0.0039654846347832191,0.80333000850994063
5,128000,522,0.42606743943816461,0.75448353421161496
5,128000,523,0.97862862981587206,0.88386301309048754
5,128000,524,0.60511081264058308,0.62722932154723043
5,128000,525,0.71920812959568114,0.022153564165031343
5,128000,526,0.57431666573877449,0.21659192433173
5,128000,527,0.87154101345222168,0.052065768799765183
5,128000,528,0.54717421664701615,0.82819269614792124
5,128000,529,0.67000426779514566,0.54151557207219225
5,128000,530,0.52127300405373744,0.42145498546754007
5,128000,531,0.68369622357685134,0.793035243046325
5,128000,532,0.19794204744741606,0.37658352357947056
5,128000,533,0.91991109143884164,0.71108283096988667
5,128000,534,0.15968596921139452,0.61957991879212793
5,128000,535,1.1444474432217655e-10,0.16994289168774021
5,128000,536,0.63007782151005443,0.75780504305490304
5,128000,537,0.012561941727150576,0.55682536105576741
5,128000,538,0.83911773466288575,0.59154475116082494
5,128000,539,0.98713670594193492,0.71288740961141972
5,128000,540,0.93796337646010219,0.73702073338291152
5,128000,541,0.0023248682704963943,0.6346611384413291
5,128000,542,0.96718936323212545,0.46412683886201145
5,128000,543,0.99983834938994331,0.32141248508484394
5,128000,544,0.00069605574679353988,0.93041434585715999
5,128000,545,0.12890902310628521,0.56865663279992795
5,128000,546,0.96529749615295879,0.34783277978895089
5,128000,547,0.32625632622402428,0.85087614437921555
5,128000,548,0.99992348640634254,0.5837247265321226
5,128000,549,0.9920999276536826,0.15308832725534585
5,128000,550,0.93762710052710851,0.24224532387723155
5,128000,551,0.99953742013027225,0.18856497377144968
5,128000,552,0.76233301508962403,0.74864878726321926
5,128000,553,0.43998796774550897,0.56108311941485511
5,128000,554,0.78169523708818167,0.21817690693016817
5,128000,555,0.72906284283128664,0.093878144501368332
5,128000,556,0.54169759823747454,0.46623224460182144
5,128000,557,0.32078507738258111,0.92889845312608399
5,128000,558,0.98263895039087956,0.59426653634812676
5,128000,559,0.96816334413137695,0.45189918437138782
5,128000,560,0.28127551913702287,0.57216657332576182
5,128000,561,0.93307233628586905,0.56783919792990034
5,128000,562,0.40333144388517417,0.74870811819183225
5,128000,563,0.98171861153763917,0.37680140721830796
5,128000,564,0.952763799357907,0.56074937934474767
5,128000,565,0.30921934223925651,0.10165102178514446
5,128000,566,0.41733588034623742,0.58706842305596774
5,128000,567,0.96395326159424155,0.59725277642914654
5,128000,568,0.99632262044744879,0.021622913085833983
5,128000,569,0.97029076240861822,0.52054569513559823
5,128000,570,0.085273170743798005,0.074343568681814715
5,128000,571,0.47935255419080014,0.41382748809245051
5,128000,572,0.37922323413773468,0.97738530663425294
5,128000,573,0.83003368451563175,0.95189480837801066
5,128000,574,0.83273645784338113,0.98826107529651219
5,128000,575,0.42641678445828357,0.1357051658921638
5,128000,576,0.95674532072368734,0.92722856755212957
5,128000,577,0.84613766508666499,0.094637078967799368
5,128000,578,0.095432718034427461,0.98428354939042473
5,128000,579,0.88573571942333085,0.79914840367374862
5,128000,580,0.91344012041513611,0.29320038619332439
5,128000,581,0.80891587048314584,0.78852782894245421
5,128000,582,0.094278640616978437,0.47444513289315859
5,128000,583,0.89228274468504565,0.22405555039788028
5,128000,584,0.47045158946501409,0.2702854995110312
5,128000,585,0.37039017791253381,0.080125302606356225
5,128000,586,0.62201355483287746,0.058165829420145136
5,128000,587,0.7418950259043875,0.38093445869444981
5,128000,588,0.81291983393242662,0.068741830548614963
5,128000,589,0.53184295490115985,0.60097278242605712
5,128000,590,0.98255207184809878,0.10010689713691989
5,128000,591,0.33419442524454268,0.78152803516679303
5,128000,592,0.043973962899263988,0.60284686700565526
5,128000,593,0.76018034183860872,0.2962429291380318
5,128000,594,0.040058476852499261,0.20320345400025952
5,128000,595,0.050250753934388478,0.075305873452156766
5,128000,596,0.29733078927259032,0.60183647888814984
5,128000,597,0.99489449756279102,0.23316126926730682
5,128000,598,0.93559164245502435,0.18233659651927869
5,128000,599,0.27497649219998876,0.59022580502367417
5,128000,600,0.5138424257549653,0.16856895309262948
5,128000,601,0.061443722451166076,0.035386231759271851
5,128000,602,0.38134952242788711,0.77667754656022958
5,128000,603,0.25463935943498406,0.21600664965635236
5,128000,604,0.63282584486877802,0.010988984068274048
5,128000,605,0.50595439549038157,0.30558064207227997
5,128000,606,0.45275201787104447,0.67460408384693515
5,128000,607,0.93707773257183824,0.43506371422290147
5,128000,608,0.00017150971143813101,0.73250523468861251
5,128000,609,0.95107097218304493,0.69283525733837248
5,128000,610,0.4350334212493982,0.79858379596653783
5,128000,611,0.60237048102418134,0.82229525931992309
5,128000,612,0.79553022104921678,0.614728636045341
5,128000,613,0.85917598115950511,0.33871789976041389
5,128000,614,0.58286872386891264,0.29242607321757225
5,128000,615,0.87416678063516895,0.80937895041276264
5,128000,616,0.018561704115611352,0.54397135999675039
5,128000,617,0.057612180432767161,0.071905129161952311
5,128000,618,0.62097517022022219,0.36609036883562474
5,128000,619,0.92484984013821581,0.28179832750963368
5,128000,620,0.66346722995792595,0.67962193673149529
5,128000,621,0.75187505679521471,0.05902114626047917
5,128000,622,0.50840703470050119,0.13211273171741872
5,128000,623,0.79745762263888342,0.79761589254081033
5,128000,624,0.76143005595130564,0.35285849545423775
5,128000,625,0.62565039784163168,0.37063055383784016
5,128000,626,0.50439644503397052,0.15999250286746289
5,128000,627,0.77592485808005951,0.38143180300149343
5,128000,628,0.73241802180191629,0.6223414000114339
5,128000,629,0.88751667558100322,0.38197439727024762
5,128000,630,0.84313140089250238,0.41684309060376512
5,128000,631,0.48188845545330761,0.049734513683601295
5,128000,632,0.1625408178444939,0.25295783400820104
5,128000,633,0.57110011925893134,0.24394526781129533
5,128000,634,0.80977120626950461,0.5445289870795329
5,128000,635,0.13106866539816764,0.42984539621274903
5,128000,636,0.89091992848340096,0.86731463568495704
5,128000,637,0.89533327519676076,0.12597569318433499
5,128000,638,0.31177906825383195,0.53463989390302191
5,128000,639,0.62356247720602598,0.38136161710956706
5,128000,640,0.5514707967001764,0.20286711505503083
5,128000,641,0.18922298211227967,0.83717435129153006
5,128000,642,0.86657582594228189,0.7874661555132817
5,128000,643,0.99929477049746207,0.025472627215578567
5,128000,644,0.12503604344673197,0.25632131556303483
5,128000,645,0.98667422792285975,0.55782326238286439
5,128000,646,0.81382188985171988,0.052617458408524789
5,128000,647,0.34326288448776637,0.77233743966957691
5,128000,648,0.75287124010551021,0.96222555789088438
5,128000,649,0.98621420175343366,0.77359463866754008
5,128000,650,0.36520954655932286,0.13291159036458014
5,128000,651,0.92114375357811684,0.31637744998834294
5,128000,652,0.94695813620225355,0.42857938873877316
5,128000,653,0.8724121379754769,0.9550208027330187
5,128000,654,0.45838559406459023,0.6472384889372067
5,128000,655,0.6971383005985724,0.22623932259450721
5,128000,656,0.43931369908450768,0.4871946453197793
5,128000,657,0.36758743743287919,0.39263259093868758
5,128000,658,0.46979640947576473,0.69683497138172901
5,128000,659,0.58975947196198397,0.72759291782131696
5,128000,660,0.71661354426612767,0.75079772137608802
5,128000,661,0.015610179573219753,0.6505206556183778
5,128000,662,0.91963769627547853,0.15601377374752104
5,128000,663,0.45497022083560368,0.39594536197766506
5,128000,664,0.85604688885992219,0.4594263756634972
5,128000,665,0.43946245679735896,0.0054501860488961867
5,128000,666,0.74548431680022764,0.43038236476104574
5,128000,667,0.31064310756825636,0.68797284631221289
5,128000,668,0.99003706403541103,0.75040530225041668
5,128000,669,0.70373784112867166,0.55140846723235626
5,128000,670,0.97101537533912663,0.33319455346851007
5,128000,671,0.42185654226275565,0.54481790215015857
5,128000,672,0.80212337562953939,0.46406240890178652
5,128000,673,0.44904262617067531,0.10822721804044939
5,128000,674,0.33709793936037807,0.5226089398619066
5,128000,675,0.91056993365135386,0.37238136588725201
5,128000,676,0.97196959564859575,0.15330471709027216
5,128000,677,0.33783733941666338,0.55872799801084561
5,128000,678,0.74248757602566806,0.54012679876114056
5,128000,679,0.49632816141272917,0.99143255116200735
5,128000,680,0.7331241998227952,0.070627476955008664
5,128000,681,0.87971871040714633,0.35796106366677299
5,128000,682,0.76962794320399519,0.017967299285018671
5,128000,683,0.1600505822332399,0.98841850815071397
5,128000,684,0.98090134962826669,0.091352520386652661
5,128000,685,0.0013570361441657983,0.06636337560374192
5,128000,686,0.014599120384959198,0.59010821676168512
5,128000,687,0.87649399470391232,0.85818710721403346
5,128000,688,0.63303262463108689,0.11974262979478498
5,128000,689,0.7703284259322758,0.33869877589318348
5,128000,690,0.8320158161555069,0.55707821847046657
5,128000,691,0.57642311062762186,0.7120334200987426
5,128000,692,0.95761851716469082,0.59166094544391368
5,128000,693,0.32489583483112455,0.00059544588055222738
5,128000,694,0.035682737852912337,0.066057201254602571
5,128000,695,0.62203903263909055,0.68389670892365073
5,128000,696,0.72328396054420285,0.25577667544522337
5,128000,697,0.61232001225036337,0.062953083071119728
5,128000,698,0.67683488857973662,0.72275288807405091
5,128000,699,0.98223950186501463,0.2350914307604213
5,128000,700,0.17541488055393165,0.82218914188553094
5,128000,701,0.69702366375491109,0.88138505189674232
5,128000,702,0.86844469044031336,0.49469245362983238
5,128000,703,0.86164884144187914,0.7354153160545881
5,128000,704,0.11257684315364036,0.03436052489753158
5,128000,705,0.99576831947356881,0.89408343719330419
5,128000,706,0.49624775440638946,0.63584274885351166
5,128000,707,0.0060188350744857545,0.45217315267210029
5,128000,708,0.50121154014923408,0.3607057129620026
5,128000,709,0.8471782222154336,0.47965985045565018
5,128000,710,0.2821627094172644,0.41509161070185663
5,128000,711,0.74868209218161819,0.73363670658400681
5,128000,712,2.2556143656159414e-161,0.031631937232981272
5,128000,713,0.61085191769783376,0.94033014092972167
5,128000,714,0.02747473199510251,0.29488058011510188
5,128000,715,0.48728318090351086,0.13131972201642267
5,128000,716,0.17426485969328215,0.73676998102817448
5,128000,717,0.11980289453778231,0.88731148362480505
5,128000,718,0.61883534278975616,0.90359720319175307
5,128000,719,0.01761269026802342,0.66896842703456838
5,128000,720,0.94936430978327513,0.91012987268561596
5,128000,721,0.99515724133049854,0.65870173281263777
5,128000,722,0.95221332956577309,0.79380008416271475
5,128000,723,0.86841404618354301,0.13327898898009344
5,128000,724,0.90850531894658504,0.27232726629208903
5,128000,725,0.59961080356817664,0.32538333712536266
5,128000,726,0.41949953037555737,0.64390648354813773
5,128000,727,0.17209820021012395,0.50889112638141631
5,128000,728,0.80025560275004548,0.68956994863348486
5,128000,729,0.48295597034123772,0.89865271753282827
5,128000,730,0.46416120521113047,0.81744558670110945
5,128000,731,0.99999707142416638,0.38049110335949504
5,128000,732,0.75413678923804761,0.3010012815887807
5,128000,733,0.3799058217429383,0.57801081885538264
5,128000,734,0.69825101496976716,0.61943208363165603
5,128000,735,0.92694135896063823,0.70516258742883708
5,128000,736,0.47242529211575623,0.48474386655286394
5,128000,737,0.23223245780511184,0.502652163317995
5,128000,738,0.39451956374150948,0.9238826542601879
5,128000,739,0.46107527138444182,0.71980702347765813
5,128000,740,0.97739685766680262,0.12070172120271482
5,128000,741,0.95127053569136655,0.15942251119344839
5,128000,742,0.76393717008871187,0.25900606317328023
5,128000,743,0.43050543388794926,0.72591825562274015
5,128000,744,0.90902679378128215,0.12366889089867295
5,128000,745,0.08979267474002614,0.027648405325307747
5,128000,746,0.00027701488391465535,0.28589927152693723
5,128000,747,0.21015177000531782,0.68650248636537325
5,128000,748,0.91762173544016457,0.90654268901844703
5,128000,749,0.97748602445296007,0.89315159682010015
5,128000,750,0.60928550308374663,0.73115809330027792
5,128000,751,0.61383442506163655,0.59121868089523877
5,128000,752,0.98905683676195766,0.81924395343734258
5,128000,753,0.00011704767539131576,0.10421730235803339
5,128000,754,0.63740860968907553,0.1857804827594019
5,128000,755,0.62579168594293,0.80356090145653747
5,128000,756,0.99875667248773714,0.0063541196361622029
5,128000,757,0.7971251511359323,0.73757246153095024
5,128000,758,0.96415871590680546,0.57981530823250627
5,128000,759,0.2746626462791138,0.53508367930137712
5,128000,760,0.96322342385543935,0.24157726981534933
5,128000,761,0.41015824822063962,0.75242632143420685
5,128000,762,0.93639970867464895,0.33002796014006369
5,128000,763,0.88228599975111455,0.34022982776802524
5,128000,764,0.955613765862664,0.22078600935427012
5,128000,765,0.43279055540082034,0.43260617245282773
5,128000,766,0.44897461233893249,0.96025568872747202
5,128000,767,0.97380854603304345,0.28093174048688618
5,128000,768,0.0018720784525858235,0.21831715043059213
5,128000,769,0.69681676760393785,0.78387181832894204
5,128000,770,0.5327352264197841,0.57547739118808028
5,128000,771,0.19792638271705901,0.95453797872896884
5,128000,772,0.66781259430371798,0.89435357377722891
5,128000,773,0.47882279877094913,0.30168426620235528
5,128000,774,0.77652085858078557,0.52036380619587697
5,128000,775,0.96601426535712165,0.38718232354803822
5,128000,776,0.91004113266254971,0.92690273749691798
5,128000,777,0.70312756505998197,0.82357039728375192
5,128000,778,0.90788523507156604,0.7235733101378079
5,128000,779,2.8060440632482124e-09,0.26907990629884132
5,128000,780,0.55429551848082625,0.41325624912495823
5,128000,781,0.74861072289529895,0.83073661407676624
5,128000,782,0.43296563129724969,0.97930083323451655
5,128000,783,0.89412114234269291,0.86501790918392896
5,128000,784,0.87366434188423536,0.3708720092444478
5,128000,785,0.72794211960755972,0.29227467873172752
5,128000,786,0.6089270119722261,0.030937686607268568
5,128000,787,0.94768806887661028,0.26929607733279332
5,128000,788,0.88717495633300736,0.7512606583802488
5,128000,789,0.66870548452176604,0.51881146337455597
5,128000,790,0.57128046745130345,0.19157794448266463
5,128000,791,0.010103764617813192,0.42174827905150269
5,128000,792,0.66790764723930363,0.27370015263037023
5,128000,793,1.4542491323748543e-10,0.75325788942210281
5,128000,794,0.15462735216392345,0.75129418807669579
5,128000,795,0.56730029900094048,0.31552493865545017
5,128000,796,0.62602573736415335,0.56459557068494859
5,128000,797,0.63049420600276596,0.48704321016991847
5,128000,798,0.51397019314310188,0.77527758536858038
5,128000,799,0.97254245576913101,0.84414519998917426
5,128000,800,0.66974209286974717,0.39541544614264584
5,128000,801,0.56857590150469517,0.92676222813401132
5,128000,802,0.83224658314644384,0.77258438833046927
5,128000,803,0.016208449549285065,0.58328126644496336
5,128000,804,0.59275282521246431,0.53908296155256397
5,128000,805,0.42027319691141668,0.079576395740266231
5,128000,806,0.27230084596609155,0.22620821719611087
5,128000,807,0.93035342878880678,0.33992598309128252
5,128000,808,0.62553233252010254,0.51506146544920928
5,128000,809,0.99517681929886082,0.23135733308217177
5,128000,810,0.39349635187131049,0.38897626069038926
5,128000,811,0.73882460059533361,0.077408217104957475
5,128000,812,0.4142982982173456,0.65957455836217183
5,128000,813,0.43302720265994521,0.63864904073959405
5,128000,814,0.33690516127958747,0.79281224592198218
5,128000,815,0.96895555035465719,0.92743252799498721
5,128000,816,0.077536754008909539,0.77070041756253305
5,128000,817,0.94504117811101918,0.17663004644911234
5,128000,818,0.98517989553072205,0.2110148707094921
5,128000,819,0.24289940726388298,0.40178783773005416
5,128000,820,0.076436981398316867,0.49196334951763454
5,128000,821,0.80003506484078446,0.85481275656814715
5,128000,822,0.11222280981112176,0.67478006168623439
5,128000,823,0.31954455480128963,0.62448603380233014
5,128000,824,0.0060503732319564813,0.79077160595306861
5,128000,825,0.99517381678388439,0.71525912969181571
5,128000,826,0.94244842934688922,0.49789248424129773
5,128000,827,0.99689898384946496,0.3569364597807923
5,128000,828,0.95058833628988393,0.3852156547234325
5,128000,829,0.13944558474109894,0.33259743715514761
5,128000,830,0.8103437913288436,0.70693891514635632
5,128000,831,0.00053805630245665073,0.75194531966148925
5,128000,832,0.95629920278246872,0.66305181402324875
5,128000,833,0.91002168760101521,0.44091289192225291
5,128000,834,0.9506317792457063,0.50049490704518196
5,128000,835,0.62777435304481766,0.41954806007983181
5,128000,836,0.35002988225832066,0.36758681214413647
5,128000,837,0.12838931185866978,0.46301480221641289
5,128000,838,0.78945281848761528,0.15189100069451286
5,128000,839,0.43148234291807108,0.15403637808118964
5,128000,840,0.48956763575277873,0.61698400780972351
5,128000,841,0.1868528003720277,0.45077188766395471
5,128000,842,0.23604310107165632,0.031103658708252473
5,128000,843,0.36431054465380203,0.12528130166104423
5,128000,844,0.63946896532876907,0.4797864096378408
5,128000,845,0.96241249887325853,0.74076054718912732
5,128000,846,0.91114747401517338,0.99146859673266186
5,128000,847,0.86855462295991548,0.052920579296004605
5,128000,848,0.94596994299546733,0.44428889804526706
5,128000,849,0.12596893497013723,0.13163022616290068
5,128000,850,0.46597474509125991,0.10825275663906025
5,128000,851,0.98135228737680147,0.66858430047969153
5,128000,852,0.27480776642147092,0.42050160273760478
5,128000,853,0.85968649871357683,0.31170170437377354
5,128000,854,0.47926486577946081,0.81916935030241245
5,128000,855,0.9869554961586009,0.63987728127887777
5,128000,856,0.25650403122275722,0.46028692901006507
5,128000,857,0.5838403297548117,0.00040223642043784642
5,128000,858,0.63007125944872155,0.46356199012294719
5,128000,859,0.99551431309184757,0.61193780839425171
5,128000,860,0.76019598033001767,0.65719519971162743
5,128000,861,0.086726308990814641,0.55119947648370116
5,128000,862,0.95583780359650139,0.95960428032352929
5,128000,863,0.68597511731209804,0.052052811784528766
5,128000,864,0.87295343910761636,0.59891642415542568
5,128000,865,0.87694682921111666,0.35852133747106496
5,128000,866,0.72887423969767062,0.059701491415109192
5,128000,867,0.76102065246410855,0.4552264134701059
5,128000,868,0.087967855796982505,0.52558843846264136
5,128000,869,0.52020326443563891,0.74354579764200623
5,128000,870,0.98441489416821826,0.29377810214229383
5,128000,871,0.0036633498520118549,0.19861191506589196
5,128000,872,0.6380423652109195,0.2570088209219647
5,128000,873,0.95348535043545102,0.69068917729810464
5,128000,874,0.75833431341884316,0.84478431865773584
5,128000,875,0.6747959393264864,0.90397466125605619
5,128000,876,0.72750991674662735,0.33625360039627594
5,128000,877,0.55799713479273549,0.94518733328861504
5,128000,878,0.72039637439305571,0.59816772370408366
5,128000,879,0.22479724967488746,0.7836980486140559
5,128000,880,0.99996793656014904,0.012571187364938206
5,128000,881,0.79631328466837514,0.30910844341791771
5,128000,882,0.38013492149835298,0.36340106144323003
5,128000,883,0.25483704176354621,0.72459193539222899
5,128000,884,0.044633036879340789,0.54392943018149298
5,128000,885,0.49235076508366038,0.39386546851917842
5,128000,886,0.21528945343530759,0.49756482450059702
5,128000,887,0.74135438521833885,0.042058059639232238
5,128000,888,0.090193651475827225,0.36437521769304942
5,128000,889,0.38298623918938612,0.065200197105184265
5,128000,890,0.9100927251303883,0.92468371274373717
5,128000,891,0.63569839132033901,0.33985464217750172
5,128000,892,0.9912007664389737,0.30263268618916539
5,128000,893,0.71883798614515781,0.79493535404338933
5,128000,894,0.96678798915446329,0.58115662205862362
5,128000,895,0.08331781060567478,0.15283272674295847
5,128000,896,0.0023838470685700972,0.89951763959381204
5,128000,897,0.050141006348203149,0.34859119457196464
5,128000,898,0.25858220978328833,0.4001039779911707
5,128000,899,0.045929405637386657,0.66196076294366368
5,128000,900,0.3976866226208336,0.1577749358036532
5,128000,901,0.84760078482139822,0.80319337645492572
5,128000,902,0.49846544750569255,0.37253303278737676
5,128000,903,0.51663274473605036,0.52665423239553344
5,128000,904,0.33155576399978864,0.78446034992723412
5,128000,905,0.48368502909415811,0.6443799935549146
5,128000,906,0.70171731858628894,0.56515465021445754
5,128000,907,0.31043391900675732,0.86288940891535282
5,128000,908,4.0909893878147147e-09,0.75935741229257903
5,128000,909,0.98239317942535842,0.48944198964026353
5,128000,910,0.077114720997343997,0.32252341949033719
5,128000,911,0.84592380486783258,0.56927394997109959
5,128000,912,0.96090659189084571,0.71786686789543874
5,128000,913,0.97853844358269515,0.74027351878904479
5,128000,914,0.92316380223289585,0.58490937523703823
5,128000,915,0.64007562765826354,0.088985710504430784
5,128000,916,0.68702910081126745,0.30455687432440681
5,128000,917,0.3533701663444262,0.11726684063486237
5,128000,918,0.96094071930806157,0.62785713648733088
5,128000,919,0.73842741753645635,0.68640312122138902
5,128000,920,0.89060923477380183,0.90704170591298861
5,128000,921,0.64974506602112614,0.72501652522415239
5,128000,922,0.91351189121716658,0.025174193031589
5,128000,923,0.32614473741549682,0.55788992465160026
5,128000,924,0.2812212433405652,0.89748362008190818
5,128000,925,0.41643947144164889,0.38774729393911089
5,128000,926,0.065641868132503126,0.77324629731469985
5,128000,927,0.99468412910447679,0.41511181210961506
5,128000,928,0.9376809543344744,0.097190906709353875
5,128000,929,0.38946447532023426,0.24782554971265983
5,128000,930,0.012522563575355862,0.27912919728657798
5,128000,931,0.0059316677387189669,0.37470276134073183
5,128000,932,0.50557642743022591,0.58320335905791088
5,128000,933,0.11858296974321057,0.71567845129774532
5,128000,934,0.90737595580239561,0.07998059504467947
5,128000,935,0.99396395045426622,0.30490861918868761
5,128000,936,0.1580613870857564,0.41281233398112205
5,128000,937,0.9847092195042858,0.84529566169412762
5,128000,938,0.7110300176846247,0.18293687705593936
5,128000,939,0.99970458185347999,0.43521332876345026
5,128000,940,0.36237765365908992,0.88905653284838937
5,128000,941,0.76682526284717845,0.17929287990708731
5,128000,942,0.91089694992359083,0.90887707673552254
5,128000,943,0.019229533108060061,0.41272581809161751
5,128000,944,0.96501940489909721,0.18810040945450929
5,128000,945,0.98047085865610673,0.31696932430345842
5,128000,946,0.54937128568122839,0.86481735990494135
5,128000,947,0.84939579698071599,0.65531589590006556
5,128000,948,0.99691251043956186,0.93175041178440599
5,128000,949,0.65883566323985798,0.57869451227172886
5,128000,950,0.26481203190381986,0.94203763086796677
5,128000,951,0.39280239657676203,0.16670546720034324
5,128000,952,0.90547332615139409,0.33917796804572459
5,128000,953,0.092465433255085411,0.69342432998974801
5,128000,954,0.99252649393178283,0.76047098923665202
5,128000,955,0.99731891456182364,0.31155005695569865
5,128000,956,0.54063196771734856,0.82779767792025383
5,128000,957,0.0047928490577015016,0.13022339606969419
5,128000,958,0.93350424354352379,0.25374774616737633
5,128000,959,0.084336423425831072,0.084347333276741362
5,128000,960,0.67366883948339851,0.79701271806646812
5,128000,961,0.033860650460040755,0.3969713717156706
5,128000,962,0.46972323983978304,0.332779520752221
5,128000,963,0.95995602558462922,0.19312706923180947
5,128000,964,0.094354710748775772,0.30320014093141734
5,128000,965,0.91681610033703598,0.91496657456390407
5,128000,966,0.77934125242966712,0.92313934285746291
5,128000,967,0.53205463721524493,0.74286089142536371
5,128000,968,0.74102131520590908,0.47927453838099754
5,128000,969,0.23733214686095322,0.54702946254085938
5,128000,970,0.67918309913517938,0.8005909009226404
5,128000,971,0.077224600935705254,0.94264784382266931
5,128000,972,0.97985786840617728,0.70013735516859033
5,128000,973,0.56211266961119477,0.0061591403678432338
5,128000,974,0.73836909087100033,0.60675975446782449
5,128000,975,0.11953550969005379,0.034438112701128523
5,128000,976,0.13993248392197979,0.67569173342684297
5,128000,977,0.58445027446004005,0.26349056007331817
5,128000,978,0.70902186901542741,0.78932578728192815
5,128000,979,0.51395847491253366,0.37630461827125145
5,128000,980,0.51307841895360473,0.71641341400986069
5,128000,981,0.83504663337684981,0.28992236981063424
5,128000,982,0.55582657236998878,0.91873699694505473
5,128000,983,0.91157767412267721,0.82170801872567145
5,128000,984,0.98649028711384101,0.39715940258245569
5,128000,985,0.051778252054697049,0.27077618468170955
5,128000,986,0.66459597133338744,0.51081293340590705
5,128000,987,0.73050469640793403,0.98975142343463296
5,128000,988,0.68728423849668863,0.37965898394989489
5,128000,989,0.95438315609091018,0.20608445974501921
5,128000,990,0.88373736657042168,0.92332467882596037
5,128000,991,0.38783649502182294,0.16471457408287057
5,128000,992,0.90803324307718347,0.20937179224405844
5,128000,993,0.72903898943792234,0.7608952001712237
5,128000,994,0.023015139101080304,0.39720277727280218
5,128000,995,0.946377250082727,0.48666492880346102
5,128000,996,0.7897254454964806,0.57047065245481021
5,128000,997,0.870021101027181,0.41996259916800843
5,128000,998,0.9993609821739512,0.37851830182393431
5,128000,999,0.9367608156394196,0.19039138404407388
6,2000,0,0.41185958755069735,0.30243664108742169
6,2000,1,0.80945919011453649,0.80171015597775575
6,2000,2,0.018830923556705775,0.58219032292458961
6,2000,3,0.97283528008478648,0.43928027178904533
6,2000,4,0.98864946487620597,0.6226205403043843
6,2000,5,0.54981832792076102,0.89064739440403728
6,2000,6,0.93824614288795138,0.024197774032394433
6,2000,7,0.35729924794348944,0.1689065289557507
6,2000,8,0.22221362139209622,0.20405612616103444
6,2000,9,0.11338571923107706,0.24324793207909556
6,2000,10,0.68292446239295324,0.16284705651884734
6,2000,11,0.74359196263813243,0.34723289809414704
6,2000,12,0.55315049292851148,0.0076568093754814624
6,2000,13,0.91585029345730629,0.015311917240681663
6,2000,14,0.78449177666616632,0.48602661373298006
6,2000,15,0.73447261532747188,0.82664913581614508
6,2000,16,0.81418331142636102,0.58122113579592638
6,2000,17,0.19956064603035853,0.6758696384425561
6,2000,18,3.6317465290380771e-18,0.32332925196185391
6,2000,19,0.20049990893786532,0.59417514429951634
6,2000,20,0.91896006219792647,0.069154755464371137
6,2000,21,0.99355812257007392,0.73647172189372156
6,2000,22,0.9386154684299548,0.12672218015331096
6,2000,23,0.9529389780863734,0.1194813248206314
6,2000,24,0.77300485985194134,0.48155640170849745
6,2000,25,0.83386531979191292,0.68215184390181116
6,2000,26,0.18151603009951603,0.81091472774313411
6,2000,27,0.9845766590626599,0.36543240837162344
6,2000,28,0.015967957383799913,0.51464012513735058
6,2000,29,0.053048807548968256,0.55432056558728715
6,2000,30,0.3085725078699274,0.53356158988087954
6,2000,31,0.00019604133447564389,0.16508361284817707
6,2000,32,0.8718092446705854,0.35853478504369762
6,2000,33,0.98026267259117605,0.23685029326449272
6,2000,34,0.99710497671369214,0.7676193283418079
6,2000,35,0.45170030422012786,0.89714999108794746
6,2000,36,0.11039469511623862,0.95261885389599565
6,2000,37,0.98392512120716791,0.15105366322035352
6,2000,38,0.95720246602972625,0.77675273318830773
6,2000,39,0.43937250621470608,0.89625393751388727
6,2000,40,0.27829019886251083,0.60729313764246462
6,2000,41,0.21773272909430283,0.62067872376281175
6,2000,42,0.7765824073750115,0.020478719345761984
6,2000,43,0.18271744439349463,0.20511516938685206
6,2000,44,0.90376779888943126,0.26811933957923711
6,2000,45,0.99999327240370861,0.81478642508223142
6,2000,46,0.9841638914255878,0.02547593231693316
6,2000,47,0.99887838809792773,0.18484622495573741
6,2000,48,0.91727230724600051,0.24568357127332918
6,2000,49,0.8700128982241202,0.34244591540071095
6,2000,50,0.52277834929175238,0.54708100308284324
6,2000,51,0.48036605642133823,0.59902509704960871
6,2000,52,0.99687321668878548,0.27591016679757019
6,2000,53,0.99966513792115275,0.6486679624557341
6,2000,54,0.69444929136914102,0.019055919945430953
6,2000,55,0.85246158060300947,0.9552950733457799
6,2000,56,0.91919679426359857,0.24488438891451905
6,2000,57,0.44668090867939708,0.7812523804607161
6,2000,58,0.26880808053983213,0.43711219195030182
6,2000,59,0.29375441485582737,0.70050063508544413
6,2000,60,0.66948294070698899,0.16008379681585072
6,2000,61,0.97308231952326307,0.18906718182613119
6,2000,62,0.49267412839842339,0.83066756146852327
6,2000,63,0.0001652374492727019,0.90159562657881553
6,2000,64,0.43818960864346929,0.70327157456178135
6,2000,65,0.98233140643883676,0.33263246500196908
6,2000,66,0.2890605360574024,0.5665701864744267
6,2000,67,0.76338261829146581,0.38851164367763497
6,2000,68,0.46757226921406936,0.32716719830089475
6,2000,69,0.86149688940896774,0.69935800399806047
6,2000,70,0.86365816634126502,0.092304359176155246
6,2000,71,0.99990809852367646,0.78516124651028751
6,2000,72,0.83583779483508014,0.48971946401361932
6,2000,73,0.57945618005882193,0.62115193271153479
6,2000,74,0.79956811718099785,0.14290534542198738
6,2000,75,0.44517520782626974,0.75044169296750085
6,2000,76,0.93366569822626089,0.36437036719908428
6,2000,77,0.10486040262841391,0.85393242016283932
6,2000,78,0.2298068157159292,0.46869501023620042
6,2000,79,0.97574073909718018,0.97310111745262995
6,2000,80,0.29722133104073828,0.11014766090949571
6,2000,81,0.87970821232931029,0.28779588092119468
6,2000,82,0.20957104284832331,0.14597144012210919
6,2000,83,0.21271242599192647,0.40299202666232575
6,2000,84,0.6800490026688466,0.97308197230599092
6,2000,85,0.76307921203742024,0.21848255387974364
6,2000,86,0.79467998325728928,0.90805097136334967
6,2000,87,0.81459736271544547,0.86108697783237087
6,2000,88,0.0093882502998259842,0.37708909902886234
6,2000,89,1.1298925821326049e-07,0.91000794736020574
6,2000,90,0.9046958511019354,0.13805141676031427
6,2000,91,0.93297823505934485,0.27663279751110331
6,2000,92,0.2948278388350038,0.59105696342888014
6,2000,93,0.33614027624204806,0.59900835946035569
6,2000,94,0.2533442659657571,0.11650044052697921
6,2000,95,0.98892317460831103,0.51691712218010955
6,2000,96,0.035914213651411744,0.15540539124894567
6,2000,97,0.5263547910998102,0.69375604308906469
6,2000,98,0.43742642085617717,0.11771918110477593
6,2000,99,0.47188086025796272,0.94995961157348219
6,2000,100,0.38288843018810786,0.65737059511490559
6,2000,101,0.88782139466117593,0.16115844745574098
6,2000,102,0.27135802605076109,0.97747651172407279
6,2000,103,0.00017275422103219391,0.4509895124458827
6,2000,104,0.89674518250395097,0.90031426101615109
6,2000,105,0.28534798405595369,0.55627881346556451
6,2000,106,0.44199737880030948,0.19241999735942605
6,2000,107,0.97179573953817733,0.3533048865261732
6,2000,108,0.9441647155009808,0.26656285134910462
6,2000,109,0.26707617074589529,0.74328169490296858
6,2000,110,0.83932038369303286,0.64488768775796235
6,2000,111,0.39303789692504415,0.30712286209555983
6,2000,112,0.2368217861565475,0.71369045344037096
6,2000,113,0.93102854466451279,0.20441957915988801
6,2000,114,0.51013435569050058,0.98906759201561734
6,2000,115,0.34783500939469075,0.9370197610625941
6,2000,116,0.20291912931119027,0.45967092639024276
6,2000,117,0.95169935219935498,0.15503242539709239
6,2000,118,0.87059925797178628,0.99653589451749558
6,2000,119,0.76773443907802386,0.9789714699066836
6,2000,120,0.99949973318118679,0.87874164514332109
6,2000,121,0.40322531306913634,0.76620255564629602
6,2000,122,0.45889217642419622,0.34784670310386523
6,2000,123,0.94854032061134053,0.27832557728189522
6,2000,124,0.20856509300392156,0.74369436044487436
6,2000,125,0.037393055869036844,0.63081363409704716
6,2000,126,0.38514201451389002,0.4761661827431467
6,2000,127,0.0027767948153528299,0.48931068063645644
6,2000,128,0.96048762525711928,0.56666274539609274
6,2000,129,0.96670105248259941,0.092411529613547594
6,2000,130,0.9990674951372005,0.027278375626415895
6,2000,131,0.75244640415898467,0.57024893643781571
6,2000,132,0.96224714080179352,0.25444641352663738
6,2000,133,0.8308647693488026,0.95486028621612207
6,2000,134,0.40194135028681111,0.34322286931198842
6,2000,135,0.9954314298021093,0.65715823421246555
6,2000,136,0.51955619799255248,0.97432597364079621
6,2000,137,0.76967209630958733,0.88125994493902227
6,2000,138,0.98612951827635298,0.11799317404558672
6,2000,139,0.98827939559304567,0.39293699488110528
6,2000,140,0.96835808905529619,0.7708319637848815
6,2000,141,0.23476486058553619,0.37257347277772324
6,2000,142,0.48835168258248929,0.43900682986443601
6,2000,143,0.50542081696090924,0.69576665357410283
6,2000,144,0.15177300026040705,0.074947428858713167
6,2000,145,0.86417866692590195,0.72772147014186594
6,2000,146,0.029072350012112568,0.9320567836854069
6,2000,147,0.17524116896858172,0.55849405456929524
6,2000,148,0.5334309420818053,0.91766732620117741
6,2000,149,0.68292644896253307,0.64511292936548148
6,2000,150,0.65861451495045509,0.83430360120330449
6,2000,151,0.9980322643100179,0.68849985127191826
6,2000,152,0.42172721702225158,0.20048157338975656
6,2000,153,0.47681789266241437,0.14413388755006418
6,2000,154,0.9207829392721969,0.35237801128770341
6,2000,155,0.85993146580394453,0.71042671063598528
6,2000,156,0.8955384683548635,0.80781043541112885
6,2000,157,0.99596751387026972,0.082387961863565451
6,2000,158,0.67135288564596995,0.95940627987664695
6,2000,159,0.87718702807276938,0.90323473627308792
6,2000,160,0.94827890824912975,0.39645132855899945
6,2000,161,0.33914624894978912,0.48694929372687956
6,2000,162,0.99983350684484584,0.52223241047402358
6,2000,163,0.74627479807377151,0.35736587328167135
6,2000,164,0.91106100404201795,0.7114994426751946
6,2000,165,0.85151555898581499,0.76531230068703238
6,2000,166,0.22383945714609538,0.049384158046962542
6,2000,167,0.44483108862853454,0.78119651546163826
6,2000,168,0.73530231371521815,0.81848530010568898
6,2000,169,0.87132829183360405,0.4383946474536291
6,2000,170,0.96992894694259535,0.77193593324342258
6,2000,171,0.81407912103733715,0.77248821858448113
6,2000,172,0.92901310018537131,0.70451341514634569
6,2000,173,0.16904590664824082,0.081820068529299683
6,2000,174,0.97066979578525014,0.40718569170482671
6,2000,175,0.23651049567019589,0.22595320493208826
6,2000,176,0.098979518542809675,0.26873531533390727
6,2000,177,0.98576082845433777,0.82210226585311075
6,2000,178,0.42680048674736265,0.0029017785827443331
6,2000,179,0.11344618546823423,0.66460835110091521
6,2000,180,0.54059045665937233,0.33600065342575763
6,2000,181,0.7154447247278144,0.045108542087397598
6,2000,182,0.97508295203835083,0.1428580773874934
6,2000,183,0.90878452460309622,0.23357225376922569
6,2000,184,0.76555383004662902,0.08569326980085841
6,2000,185,0.99796484902406424,0.41256947612239725
6,2000,186,0.96690078784750866,0.41412888981275575
6,2000,187,0.51458152657242506,0.12773191182824359
6,2000,188,0.86521103812859645,0.33192098657033836
6,2000,189,0.99534895843419946,0.95516373887990658
6,2000,190,0.32064414857807561,0.49421841483676898
6,2000,191,0.032536413978087986,0.26126552342319526
6,2000,192,0.54610768218651651,0.71176819125478152
6,2000,193,0.3388428904029151,0.13915600580510698
6,2000,194,0.25612594131528332,0.3850126357669979
6,2000,195,0.90099006138366844,0.86339416224000876
6,2000,196,0.66313833814866252,0.26923411087466892
6,2000,197,0.67774243914641596,0.85918722908158973
6,2000,198,0.056257021977618171,0.88164319481080677
6,2000,199,0.59848369811458646,0.88149748420982588
6,2000,200,0.83615775498065548,0.15987305632190504
6,2000,201,0.95416005522255132,0.28815069080424516
6,2000,202,0.93732774362738558,0.2533751300936512
6,2000,203,0.97038804787189581,0.67745305461794392
6,2000,204,0.37575945858354126,0.081731331995014284
6,2000,205,0.26454148689468404,0.97698004215051837
6,2000,206,0.19918257442629456,0.39179153521136567
6,2000,207,0.99996154893640143,0.29765552058462708
6,2000,208,0.87784029529074115,0.022504164691264358
6,2000,209,0.024218209339250854,0.32003291160210773
6,2000,210,0.0044239755010220868,0.090264140754902994
6,2000,211,0.94771487761949713,0.2168032927979085
6,2000,212,0.9246250154150748,0.7274023406133634
6,2000,213,0.53852938589076016,0.85488164387439358
6,2000,214,0.18923487034167888,0.46524294172767522
6,2000,215,0.40742499798986592,0.043769581898979164
6,2000,216,0.93492663767201389,0.054710767384891605
6,2000,217,0.23998135707015222,0.3315105057775336
6,2000,218,0.96411525423604905,0.99594509861345371
6,2000,219,0.83121645819465861,0.31146110420361972
6,2000,220,0.82432647007507431,0.042691790907516368
6,2000,221,0.41103209497114968,0.86124681982248874
6,2000,222,0.95437618535355895,0.46659360320921373
6,2000,223,0.78028463948977789,0.13705210086758807
6,2000,224,0.70458635527268054,0.61208452486316645
6,2000,225,0.97328627653182409,0.0970524856258458
6,2000,226,0.56955181045918335,0.064535031049730962
6,2000,227,0.0058473059053605735,0.46716569474344938
6,2000,228,0.71717701178186921,0.08745997427052507
6,2000,229,0.99746994974434677,0.065718854939971788
6,2000,230,0.19451246559269678,0.060357974857057892
6,2000,231,0.70170354967884541,0.55412970533142736
6,2000,232,0.83656450654389825,0.40843211327246848
6,2000,233,0.96588550955604269,0.61453489708993714
6,2000,234,0.15206078879369178,0.017657221819430181
6,2000,235,0.75750930269229932,0.93503676241541278
6,2000,236,0.90426605698419549,0.19638511151991281
6,2000,237,0.24616673004225903,0.68121673347440415
6,2000,238,0.91128399977223018,0.31564801721886065
6,2000,239,0.58376888124397297,0.3543578252778532
6,2000,240,0.91201867215527144,0.065676494824084594
6,2000,241,0.26667487537409779,0.38011636263103349
6,2000,242,0.61785175953561167,0.051156761390030413
6,2000,243,0.93331823505016798,0.79392773558736074
6,2000,244,0.50375408732395499,0.4318165489382742
6,2000,245,0.85395738247536301,0.57875910767892891
6,2000,246,0.4042811640976724,0.89838511931192588
6,2000,247,0.90500091587192666,0.2970680993669223
6,2000,248,0.73811852691704449,0.78775896443167615
6,2000,249,0.62128097783198666,0.7901108949965594
6,2000,250,0.68061055260269598,0.56939956385483792
6,2000,251,0.27306404347335972,0.88094529264449151
6,2000,252,0.21503218557152623,0.57632462456376099
6,2000,253,0.73822602993167274,0.80142002557079162
6,2000,254,0.34252109709980855,0.55181281901730039
6,2000,255,0.75102560344133862,0.90317973310592436
6,2000,256,0.05681061687657131,0.22679790799211771
6,2000,257,0.79538090394135563,0.63868401941415542
6,2000,258,0.5294331409938754,0.64794219950026977
6,2000,259,0.13497301662021124,0.21815853859512505
6,2000,260,0.093307879424983434,0.46290470862907807
6,2000,261,0.15144623146413316,0.04050139661811545
6,2000,262,0.3999285409990786,0.21169084703339297
6,2000,263,0.73689679485272741,0.25963875738127079
6,2000,264,1.9363638588966785e-08,0.95307724556625184
6,2000,265,0.87797804740768304,0.81607361868923878
6,2000,266,0.86347526990258272,0.97633743103062032
6,2000,267,0.94894089292014439,0.64903991213202972
6,2000,268,0.75401481076614363,0.99555073354416479
6,2000,269,0.7909228258619545,0.27295293910235185
6,2000,270,0.025174510238169218,0.0012241316750115801
6,2000,271,0.13053411817188434,0.94262305164629567
6,2000,272,0.75288208259380707,0.1873938736809449
6,2000,273,0.40288947334617031,0.45860611865746115
6,2000,274,0.0099850480389715307,0.88345568264059471
6,2000,275,0.97140204124054985,0.76740086753324899
6,2000,276,0.17629327783072665,0.79372176322792853
6,2000,277,0.30244953777055128,0.21733970488994808
6,2000,278,0.5247479046268555,0.3176120409375402
6,2000,279,0.0010346149658309793,0.02065425237390843
6,2000,280,0.55753467118131261,0.9765926468522943
6,2000,281,0.066018120768367425,0.44195187851138196
6,2000,282,0.23096940661307644,0.061125404559585768
6,2000,283,0.42677540092437,0.57604971256896387
6,2000,284,0.94436503762928459,0.20875004479248477
6,2000,285,4.6422505180955516e-05,0.31838232379671821
6,2000,286,0.98530010583269934,0.31961875941325046
6,2000,287,0.28564441053330231,0.28245684798205839
6,2000,288,0.8743334304995376,0.84124500266159674
6,2000,289,0.83093240801662327,0.15053450001437668
6,2000,290,0.82812433658299933,0.15959266938446362
6,2000,291,0.50820556626786639,0.49297365857671904
6,2000,292,0.7475383283532443,0.03823124791662269
6,2000,293,0.59499425412386242,0.01356030237423168
6,2000,294,0.50911293606795838,0.39752956824326507
6,2000,295,0.80384919239669483,0.017821664242377411
6,2000,296,0.26897474825899725,0.87677802839231811
6,2000,297,0.73626325818881233,0.72626922859593901
6,2000,298,0.10984162036747044,0.85120547043665062
6,2000,299,0.97172416898401981,0.17656026012136508
6,2000,300,0.43718554846591029,0.56293417984648264
6,2000,301,0.99040192470865074,0.74574741857461913
6,2000,302,0.043140104908114076,0.34098319219988754
6,2000,303,0.52196220224842216,0.34867347046072328
6,2000,304,0.24951503323120922,0.19072764380922458
6,2000,305,0.99799601906230584,0.58726941856675285
6,2000,306,0.36896030622005815,0.46954653834322235
6,2000,307,0.69094818855629048,0.78569879073566407
6,2000,308,0.24785005469424298,0.18991365282161107
6,2000,309,0.56587799600807454,0.1525171933536818
6,2000,310,0.76167324937023073,0.14801562919282757
6,2000,311,0.97446391184929748,0.6837055755263326
6,2000,312,0.98146970252865384,0.29823210717478266
6,2000,313,0.35709101464507637,0.84553653072579649
6,2000,314,0.37627352313794687,0.43398433335924269
6,2000,315,0.46605354487862083,0.72520282084776411
6,2000,316,0.79367725008566214,0.17058168239061278
6,2000,317,0.79667220503077463,0.92020282846405765
6,2000,318,0.7136069074867738,0.71327410158484505
6,2000,319,0.98046271827867848,0.82553555090854469
6,2000,320,0.86849867809940184,0.13297575497220815
6,2000,321,0.41869862437019689,0.23291830839061239
6,2000,322,0.4630108179183805,0.48633306554523359
6,2000,323,0.86933182888123772,0.036877959105680494
6,2000,324,0.17750359942695842,0.075576366062772765
6,2000,325,0.77947010713451315,0.26529099739545475
6,2000,326,0.28979187781611354,0.052863539431114749
6,2000,327,0.94967497039761517,0.68963075822935915
6,2000,328,0.86859253752107279,0.84410053072982394
6,2000,329,0.6270914110732031,0.82470787876185492
6,2000,330,0.50435809127371289,0.60019055940071975
6,2000,331,0.082531062876093061,0.95340861297849888
6,2000,332,0.75402362903181142,0.20268885706668674
6,2000,333,0.13028009399951451,0.96060666665273731
6,2000,334,0.80873352854140534,0.068376557377208297
6,2000,335,0.94574419463017068,0.76089033220457203
6,2000,336,0.69587632870343841,0.5685586818559244
6,2000,337,0.67278556182463012,0.20865921129680029
6,2000,338,0.53685354131048002,0.70466688891704266
6,2000,339,0.57640858611838719,0.82842659668516738
6,2000,340,0.40960014363237507,0.6480061353084875
6,2000,341,0.05027835702988992,0.61955228664227513
6,2000,342,0.88592545835057235,0.99525991124958213
6,2000,343,0.37327284957878287,0.59617240659567372
6,2000,344,0.018287015548190191,0.14248074414072245
6,2000,345,0.00062738417649346463,0.80563964385068432
6,2000,346,0.34064767012349356,0.67039263242324898
6,2000,347,0.5755113447542145,0.35503430990355456
6,2000,348,0.97276212560850639,0.55259052857665736
6,2000,349,0.137529485121717,0.11575180087380861
6,2000,350,0.99868786163157253,0.046851856455113208
6,2000,351,0.80897972412209951,0.89963283349583179
6,2000,352,0.72113041741487904,0.57114162384114042
6,2000,353,0.093692844205620546,0.13455676761960417
6,2000,354,0.15066081296174502,0.23883674350882181
6,2000,355,0.9733258189974251,0.18755407389634526
6,2000,356,0.73963725284784376,0.37883891742456655
6,2000,357,0.28272166038891366,0.95708149312559665
6,2000,358,0.58046920950681591,0.69112539930141403
6,2000,359,0.91892942812653733,0.099575312638982297
6,2000,360,0.965317077951661,0.050509604576381116
6,2000,361,0.8242937347383279,0.84366757082681976
6,2000,362,0.63842202870661346,0.66318452494893265
6,2000,363,0.38297725663632221,0.74979555477795057
6,2000,364,0.82837414202282023,0.97430717986410631
6,2000,365,0.91722023249300089,0.28842076028958546
6,2000,366,0.60464125000404789,0.27132845047975773
6,2000,367,0.83916308039618082,0.4926075062782419
6,2000,368,0.82961960855212391,0.62646511776352132
6,2000,369,0.86993083666430693,0.39722355477421301
6,2000,370,0.89236871048353383,0.12024198575306136
6,2000,371,0.43636332333271038,0.11155700307436982
6,2000,372,0.46757270505486281,0.022183413105523696
6,2000,373,0.40600810200317555,0.61450471032037812
6,2000,374,0.99915445544973891,0.88899571443160907
6,2000,375,0.27149175464864522,0.5257079940669942
6,2000,376,0.71776932962391826,0.88345004840763564
6,2000,377,0.78236507551166046,0.76656227113295128
6,2000,378,0.13574327894884505,0.61955608000596341
6,2000,379,0.71477054307237675,0.50711914985515283
6,2000,380,0.9992192837844035,0.015226868278471122
6,2000,381,0.64456927188378899,0.10573402108706362
6,2000,382,0.77639120951591678,0.45678206537374161
6,2000,383,0.46774454336671045,0.55634478557277567
6,2000,384,0.90249377510790951,0.154847187187407
6,2000,385,0.014508069928277655,0.92792245292347952
6,2000,386,0.91391671646162176,0.89861356001094006
6,2000,387,0.0021381582542394474,0.27711386109226382
6,2000,388,0.79164117997378258,0.35835886046560672
6,2000,389,0.50908881051630173,0.06814389960169237
6,2000,390,0.71141460097037768,0.30044363974038424
6,2000,391,0.35951494888186208,0.62911718052420962
6,2000,392,0.18690816940042573,0.94059308662775365
6,2000,393,0.096962189670909416,0.43178155691911696
6,2000,394,0.97564876926753963,0.057759483661581443
6,2000,395,0.7367642236919667,0.52840537987054159
6,2000,396,0.33450246265320233,0.99865244124169972
6,2000,397,0.45669698580678247,0.37621705161580848
6,2000,398,0.70756371294652853,0.5284101424467178
6,2000,399,0.30292415159148545,0.272193558967947
6,2000,400,0.86976569710243612,0.71811383518425886
6,2000,401,0.74635973195512517,0.12299207794481164
6,2000,402,0.063133016760917274,0.54107660125528634
6,2000,403,0.72865662172615631,0.50904648025241506
6,2000,404,0.90500924876975397,0.099095195026393454
6,2000,405,0.61377994596922081,0.71255392073926549
6,2000,406,0.060336890616738602,0.87876505729808418
6,2000,407,0.83335491866290368,0.43277192125670921
6,2000,408,0.96813910376900514,0.7538351407689069
6,2000,409,0.97317008028685215,0.86015180948508863
6,2000,410,0.28630269880314274,0.079810474078387303
6,2000,411,0.94392290261758083,0.80710599523079796
6,2000,412,0.99553653146643128,0.87306055384405501
6,2000,413,0.38227209190284311,0.12210573416879952
6,2000,414,0.033552894477059537,0.265709128270671
6,2000,415,0.46593062633633908,0.11989593682392832
6,2000,416,0.85296994122490299,0.6210747515635261
6,2000,417,0.64295078675270512,0.08349129660962018
6,2000,418,0.15077869332071703,0.44234461639522171
6,2000,419,0.1827767601187702,0.13012004080982714
6,2000,420,0.011949098541334531,0.59267543392257405
6,2000,421,0.22795611680599842,0.56629638944153438
6,2000,422,0.93020354137746253,0.61448505631167027
6,2000,423,0.99965890989169937,0.21826925904881819
6,2000,424,0.4200521662004969,0.80575313680838412
6,2000,425,0.64332382349327377,0.46696863066801897
6,2000,426,0.93788388335940487,0.42077229734451521
6,2000,427,0.47289181963222304,0.28851444950108335
6,2000,428,0.6208624491858723,0.56995120962011736
6,2000,429,0.9662134693090878,0.8249294836255272
6,2000,430,0.24144908571888959,0.5463411088068505
6,2000,431,0.93872964637258627,0.70147505888849127
6,2000,432,0.031532336247636628,0.32452091502008151
6,2000,433,0.60054561913439597,0.32721836593984915
6,2000,434,0.27295927800085534,0.72027709969106346
6,2000,435,0.99980769702979888,0.015446952043282192
6,2000,436,0.15790811349002562,0.12438092305329421
6,2000,437,0.1013182960190095,0.42650913984658845
6,2000,438,0.15484829853040569,0.06607797548376812
6,2000,439,0.99999999954516061,0.8288837799969746
6,2000,440,0.57395175585885072,0.18555659008748307
6,2000,441,0.4384138262169136,0.60453656433522784
6,2000,442,0.98866502320507865,0.42757235937494931
6,2000,443,0.51621395521463631,0.10997201446403933
6,2000,444,0.30351027778706674,0.33240854746836873
6,2000,445,0.47100839409788964,0.16939488382199108
6,2000,446,0.64917965144970102,0.71297021008393402
6,2000,447,0.65414914732427076,0.99306085342731643
6,2000,448,0.8344903237240594,0.66600859274493684
6,2000,449,0.20312806023811622,0.78767857331356905
6,2000,450,0.40345238555226404,0.61610516531737125
6,2000,451,0.92848530530051321,0.38358714226349894
6,2000,452,0.034397507147699478,0.41590960377273473
6,2000,453,0.60397505681034735,0.46723618407922296
6,2000,454,0.20049472640896451,0.13876798766919479
6,2000,455,0.62937210927250076,0.057294254132581011
6,2000,456,0.86371404057566259,0.54460876416751303
6,2000,457,0.044383002393675465,0.44203793584195772
6,2000,458,0.24611173218937091,0.48331706076138292
6,2000,459,0.73149076155128279,0.6554169802714408
6,2000,460,0.86605173166341198,0.21860302219751601
6,2000,461,0.96120573110126117,0.78468256639987799
6,2000,462,0.93823424918894038,0.20711749406989927
6,2000,463,0.99999725299894893,0.18075141548757456
6,2000,464,0.28400756621954304,0.18896910964221031
6,2000,465,0.9850923179458313,0.50911892620970067
6,2000,466,0.64077090518241264,0.067812099638007259
6,2000,467,0.80626553150154801,0.40894742998756223
6,2000,468,0.89879366045138465,0.46050829057775755
6,2000,469,0.73303059612257515,0.79907714625697657
6,2000,470,0.99954642535073146,0.42747980430805366
6,2000,471,0.96694109805065487,0.054367952522848949
6,2000,472,0.0036407225184175154,0.34989683983682596
6,2000,473,0.22558306851261747,0.33733772581472704
6,2000,474,0.93476334583913112,0.58334258501030356
6,2000,475,0.96008369151323336,0.12590769378852246
6,2000,476,0.74605002438163626,0.77432194528163822
6,2000,477,0.89788712772956458,0.52724683773031233
6,2000,478,0.95162110174615733,0.065645767280280445
6,2000,479,0.84281499218726286,0.13550049332184777
6,2000,480,0.95030295955658717,0.76204212984149955
6,2000,481,0.81719492903245661,0.90361320356915242
6,2000,482,0.8915045826842326,0.93160944831122283
6,2000,483,0.9101695456909229,0.9061241860877951
6,2000,484,0.44708058639982168,0.63560610453745503
6,2000,485,0.39204425166553919,0.86086722248867986
6,2000,486,0.99264344402184956,0.23168600452311036
6,2000,487,0.99179110051007269,0.031511958879807692
6,2000,488,0.9318126536754503,0.33567138981007466
6,2000,489,0.41349990585556873,0.64572770615933406
6,2000,490,0.053119931792460662,0.49998232877080451
6,2000,491,0.24015373838435602,0.34327889132478495
6,2000,492,0.50486843151823035,0.65560754042307479
6,2000,493,0.076479013889130476,0.27013860794849159
6,2000,494,0.0028673598910391117,0.66788830308435343
6,2000,495,0.053537653081935893,0.22785129602246265
6,2000,496,0.8361604876697758,0.31444540519584435
6,2000,497,0.9198742928284922,0.21765359897137071
6,2000,498,0.95060289078582938,0.48627334654137033
6,2000,499,0.93590469351169348,0.1873374083939699
6,2000,500,0.011470171622033688,0.47170623749344354
6,2000,501,0.58427764444446362,0.078222666018527745
6,2000,502,0.1545151564205538,0.033674072862074828
6,2000,503,0.32223592714153421,0.056760665926912493
6,2000,504,0.92570841707788376,0.91981023915480309
6,2000,505,0.11987575852991904,0.86559290295008284
6,2000,506,0.64870045579145375,0.10498026499174666
6,2000,507,0.99904510848078298,0.24891925280139612
6,2000,508,0.47643686294444298,0.053156853034269355
6,2000,509,0.46481796826616528,0.37315396423818986
6,2000,510,0.036469968667617238,0.23850617992892786
6,2000,511,0.73986804247582771,0.51947111542649427
6,2000,512,0.74887809793933413,0.37432358459786835
6,2000,513,0.59335362720287754,0.74903586579790504
6,2000,514,0.85849815942278929,0.85480048153588539
6,2000,515,0.26360026715854817,0.51222345213942355
6,2000,516,0.02789006264200062,0.80373365949519571
6,2000,517,0.00032173013849239604,0.96831858090747636
6,2000,518,0.66519925266561331,0.85636994632237806
6,2000,519,0.94166942723883451,0.73908642884554854
6,2000,520,0.73749164394604227,0.016197342915843099
6,2000,521,0.1432501790862786,0.93631518685445225
6,2000,522,5.3593008950365036e-07,0.010342921080499017
6,2000,523,0.07809456832945838,0.63547623756880955
6,2000,524,0.34889033459556368,0.78574978913763394
6,2000,525,0.13260159266518168,0.96246027637163123
6,2000,526,0.90309439286788185,0.1541944765180247
6,2000,527,0.28499944824373186,0.27307170352173171
6,2000,528,0.32414414405879516,0.76964946787072896
6,2000,529,0.81024681822757738,0.12930939116271756
6,2000,530,0.2897566923427754,0.41103003734481575
6,2000,531,0.13882806261434555,0.37247646010753221
6,2000,532,0.73771596918042714,0.17411799393684438
6,2000,533,0.89429676317437468,0.21712006669395151
6,2000,534,0.97324732310483786,0.16646924116637768
6,2000,535,0.80000038285192798,0.76572500938690702
6,2000,536,0.67509047644294939,0.47218804265641434
6,2000,537,0.047612500945351917,0.89103994272228482
6,2000,538,0.72635064211998834,0.74485726104367078
6,2000,539,0.31025647748961749,0.35690824455589393
6,2000,540,0.8303289758919179,0.53278034818105657
6,2000,541,0.91238244383656619,0.36742502188531112
6,2000,542,0.062334799953520613,0.18080730241300941
6,2000,543,0.91280919100460456,0.62013418606578175
6,2000,544,0.88104554538945623,0.17608305945591288
6,2000,545,0.91916968156498791,0.59890484256055809
6,2000,546,0.77272389118494655,0.3214136763253837
6,2000,547,0.0048599880829960649,0.61649535401265276
6,2000,548,0.18363162390079402,0.92088189708663637
6,2000,549,0.28025563402176956,0.58006125395889718
6,2000,550,0.80619259865782555,0.31244994242350671
6,2000,551,0.45288295852494681,0.56750435888192041
6,2000,552,0.15290285945108409,0.92319764927680559
6,2000,553,0.81722641023164555,0.85660601598160913
6,2000,554,0.7163838362245748,0.23843879788730948
6,2000,555,0.91657473217491281,0.74016051509090719
6,2000,556,0.91366587606967087,0.79753283044299217
6,2000,557,0.90429888536084091,0.65240134064647393
6,2000,558,0.16774336308234361,0.19425390928397243
6,2000,559,1.730757100262252e-05,0.21022692226433354
6,2000,560,0.91690320517187918,0.40548225705660257
6,2000,561,0.28761335060546633,0.23622976089369216
6,2000,562,0.60923400867910227,0.80638883584292453
6,2000,563,0.29610605149081304,0.6955244443432862
6,2000,564,0.092451308333675375,0.069494212873389499
6,2000,565,0.27783177033664541,0.13070167583234482
6,2000,566,0.4806665968835947,0.94594319477346867
6,2000,567,0.98274953331683756,0.69416917300825554
6,2000,568,0.72759757223427246,0.92016185633025849
6,2000,569,0.91325996609910132,0.91286367565164195
6,2000,570,0.47768461988968525,0.95922731149947704
6,2000,571,0.00055180612681321093,0.15665709316602389
6,2000,572,0.89136062526749826,0.30651089246551833
6,2000,573,0.77652573251181323,0.74845314351499881
6,2000,574,0.74087718397658942,0.13299226029083741
6,2000,575,0.60622269819316332,0.26718223627271098
6,2000,576,0.93250157471711037,0.16347186847005796
6,2000,577,0.3184069165463268,0.80900131123924246
6,2000,578,0.47929777418235553,0.13839367302175765
6,2000,579,0.37688845735561383,0.73017735365629743
6,2000,580,0.43541530727445349,0.29019555857588136
6,2000,581,0.99794050258710987,0.039394864967728829
6,2000,582,0.16188605492921915,0.0085689507654268231
6,2000,583,0.99515841675071315,0.14045422383038048
6,2000,584,0.47285515740451411,0.81036852071654697
6,2000,585,0.46158716131974709,0.98976371734748747
6,2000,586,0.49308575977304836,0.41759742870383137
6,2000,587,0.97606777418391477,0.64540382601435675
6,2000,588,0.019411368304103113,0.43523086353949736
6,2000,589,0.74164204344099527,0.07086055067269216
6,2000,590,0.47223392293391009,0.47798813724588718
6,2000,591,0.58751941018400955,0.64740171711757954
6,2000,592,0.15248402235578531,0.15982744086440201
6,2000,593,0.94645738194063078,0.0034361657930805922
6,2000,594,0.42595286415215627,0.16468172432976622
6,2000,595,6.6458892145660034e-05,0.022051666411277572
6,2000,596,0.5928048266191932,0.82581091883154345
6,2000,597,0.45573064212634218,0.46089916804777553
6,2000,598,0.65141697109833163,0.62657055174088472
6,2000,599,0.73421451856375231,0.12367460762300189
6,2000,600,0.02762012903377015,0.15627727597415644
6,2000,601,0.41886131670805554,0.2106984006779497
6,2000,602,0.7844426590244723,0.48264934380736246
6,2000,603,0.94957347601244335,0.61636523473204752
6,2000,604,0.97434724338521261,0.68457103334360903
6,2000,605,0.92609485563149407,0.060632005305411837
6,2000,606,0.86889416290564081,0.59847084512166338
6,2000,607,0.35614963546398348,0.63282185373221578
6,2000,608,0.58067277167552922,0.021031799147365412
6,2000,609,0.77344398418540483,0.31120498372947064
6,2000,610,0.74436771866843465,0.62894701594975899
6,2000,611,2.8119439201085958e-05,0.86354584560249836
6,2000,612,0.53403931900705981,0.56378426443643892
6,2000,613,0.64033653564035742,0.7537186414722723
6,2000,614,0.38206200839492771,0.57756471253606056
6,2000,615,0.92890328948406176,0.075311187378321223
6,2000,616,0.97800555378290122,0.90175483837475845
6,2000,617,0.87874443411112191,0.060760799505686816
6,2000,618,0.55681333229054275,0.25225218267927946
6,2000,619,0.94929221859979573,0.97785660414624442
6,2000,620,0.33325656156498185,0.32568311518091647
6,2000,621,0.73691544982263346,0.79337988674739002
6,2000,622,0.77406660819028539,0.20132025826256045
6,2000,623,0.87629527553125652,0.28409229544033215
6,2000,624,0.990076319573024,0.61018763419437849
6,2000,625,0.020227657014175556,0.2228303292913307
6,2000,626,0.0094898599613023066,0.95108077853598394
6,2000,627,0.071976395999570009,0.020611210195860069
6,2000,628,0.54894450502775705,0.69963851249596076
6,2000,629,0.97848418396522097,0.16502236305124776
6,2000,630,0.3389325016927589,0.78860398355355343
6,2000,631,0.78879076366916767,0.80157563477565608
6,2000,632,0.93834494412846015,0.28641209491107067
6,2000,633,0.57937438186144019,0.0094603467086983428
6,2000,634,0.73439093118420407,0.60459186756245109
6,2000,635,0.91744471283938911,0.67625003426827557
6,2000,636,0.98914306828822807,0.15674677634088832
6,2000,637,0.72077120533426076,0.042180388053413682
6,2000,638,0.7959488108283207,0.24652679589389778
6,2000,639,0.26457705857669322,0.33591524691855223
6,2000,640,0.43432137359344447,0.5504095755827707
6,2000,641,0.99566556012765506,0.16221873297592335
6,2000,642,0.98100661344366669,0.10088043128754594
6,2000,643,0.98752890115360581,0.54115850839189505
6,2000,644,0.31713786242332181,0.74029781608347256
6,2000,645,0.91692237215158956,0.34365818605021459
6,2000,646,0.053973813767486202,0.91520961473475282
6,2000,647,0.053477539300233225,0.13507988932328538
6,2000,648,0.13776724797024653,0.75608322487496438
6,2000,649,0.67960511171340054,0.62351706870151402
6,2000,650,0.3074972255131182,0.38964426341369973
6,2000,651,0.19673560605532439,0.21231045151951011
6,2000,652,0.96352399217734186,0.3693455242134307
6,2000,653,0.63222783433224827,0.59434616880718827
6,2000,654,0.36109625026757985,0.010419233661800866
6,2000,655,0.92927708355055338,0.69947352798454587
6,2000,656,0.11988369042445204,0.97374756518466055
6,2000,657,0.031763115965467284,0.48650635606757631
6,2000,658,0.52633208687191446,0.16366404870337434
6,2000,659,0.61201357910212817,0.73775419873599424
6,2000,660,0.98847114209688314,0.14267319062046036
6,2000,661,0.62026165899898134,0.0065351933826519621
6,2000,662,0.53968130141256043,0.81579555414327909
6,2000,663,0.5147624316044408,0.31114536229345474
6,2000,664,2.1809638440329625e-09,0.93347712438946517
6,2000,665,0.96935253840858726,0.37589441589445166
6,2000,666,0.85881921098239311,0.63038103936733458
6,2000,667,0.68144655082767169,0.50268924819238403
6,2000,668,0.93188293262062483,0.49582756924922577
6,2000,669,0.67046192275688454,0.38264769994557901
6,2000,670,0.61719254329066786,0.15107325343939651
6,2000,671,0.28780476933746169,0.042823403093432133
6,2000,672,2.175290088981267e-11,0.15988899673024767
6,2000,673,0.64908763760784449,0.025660118259883114
6,2000,674,0.99613137180953437,0.6623837219544082
6,2000,675,0.47992777331951264,0.1796777726434664
6,2000,676,0.00068506607569278441,0.2141763083643155
6,2000,677,0.71078076828635828,0.77746740995648311
6,2000,678,0.50284631406260494,0.8378332734751972
6,2000,679,0.10349490223296634,0.36909957882425659
6,2000,680,0.45618630198525784,0.66149495655097656
6,2000,681,0.66960837265444428,0.42671451964615664
6,2000,682,0.99203118423997516,0.83635826226567911
6,2000,683,0.63384640203327081,0.84207161725654678
6,2000,684,0.49343505912289232,0.52250141002965023
6,2000,685,0.99495081630511806,0.60873272407044809
6,2000,686,0.056645743900806823,0.84771933277710187
6,2000,687,2.5731229305301264e-08,0.42139496911150554
6,2000,688,0.83681741486170469,0.21184466660873466
6,2000,689,0.97712774521801182,0.40031556453637518
6,2000,690,0.082643939119403431,0.25770101250879629
6,2000,691,4.0930194771190295e-05,0.52006437192132959
6,2000,692,0.99327238725376799,0.067034928238865088
6,2000,693,0.0020117284379208172,0.98501720406281479
6,2000,694,0.025700517462624126,0.69653428194157352
6,2000,695,0.48869031308036248,0.79015614034840465
6,2000,696,0.011903660903932635,0.81687651974217124
6,2000,697,0.96303556639246324,0.20080516032777207
6,2000,698,0.69760571513699587,0.78824701831821042
6,2000,699,0.76677154653422475,0.83951158505363366
6,2000,700,0.50895888421542324,0.99892459856548466
6,2000,701,0.2660216248525375,0.52422877408678314
6,2000,702,0.998801709466826,0.81338798341887886
6,2000,703,0.53060564271807986,0.17661327290869963
6,2000,704,0.99519891195913923,0.19309180605523513
6,2000,705,0.16974559611620707,0.10430712325827694
6,2000,706,0.56509504380054065,0.44986655578939821
6,2000,707,0.0096126638889691279,0.3719861058232154
6,2000,708,0.86986026472936284,0.52721150386954474
6,2000,709,0.79063418176264677,0.19349953065045736
6,2000,710,0.72338026513962905,0.98028416797673801
6,2000,711,0.60333628355843838,0.53116853325482227
6,2000,712,0.96908929608798022,0.026142263259802144
6,2000,713,0.88288744735461677,0.73238277150398523
6,2000,714,0.15612185031575393,0.68641278488789825
6,2000,715,0.95030637115913064,0.9478789529429712
6,2000,716,0.20514405178121439,0.49047426060806276
6,2000,717,0.40588953363000463,0.75579687726200584
6,2000,718,0.99669940661837253,0.8297554422322394
6,2000,719,0.72626690307539199,0.73931359588026713
6,2000,720,0.992923196833433,0.53715248422862616
6,2000,721,0.87732580420213568,0.32604128706171548
6,2000,722,0.87913211530993773,0.41681906671144159
6,2000,723,0.11758398744649977,0.069691949872788872
6,2000,724,0.49917436196083387,0.34865312765789863
6,2000,725,0.88776095526808219,0.72080697189601173
6,2000,726,0.58032967238212174,0.2042798581964439
6,2000,727,0.38774130044151423,0.60320877318449284
6,2000,728,0.91573130144377213,0.14817717513126888
6,2000,729,0.87300412914656578,0.8502857908955046
6,2000,730,0.33201287757347986,0.16246621991614474
6,2000,731,0.77603414443310992,0.35124293747007929
6,2000,732,0.025627825341180317,0.063610225614220292
6,2000,733,0.95918159073651488,0.9253283524749103
6,2000,734,0.35789710135539571,0.18378417255310911
6,2000,735,0.99870410559181877,0.95431564870953345
6,2000,736,0.91285257266755493,0.82111292627263455
6,2000,737,0.57238598508024185,0.33423653354903365
6,2000,738,0.20378148207609673,0.47077460671975246
6,2000,739,0.4778445187858622,0.78752721618252863
6,2000,740,0.33835042893678563,0.82997453397572851
6,2000,741,0.13304185415065559,0.0046103520458933584
6,2000,742,0.3913297783924285,0.63115342854648881
6,2000,743,0.52669608758477238,0.31014911736931305
6,2000,744,0.89754880588925734,0.94999468275636556
6,2000,745,0.23562748260844416,0.2092050855769528
6,2000,746,0.11629997523836473,0.53822861749190354
6,2000,747,0.81621734959925996,0.52032818783335522
6,2000,748,0.96338788337286352,0.38266577855526596
6,2000,749,0.81883172387604186,0.96620683101293259
6,2000,750,0.96758529949517391,0.21064471467358117
6,2000,751,0.71861746240754987,0.9709868499247466
6,2000,752,0.87214971396631946,0.39459928397078359
6,2000,753,0.97622408544542949,0.53777924743257133
6,2000,754,0.03642965685697009,0.5031487700197641
6,2000,755,0.37519601886288911,0.88112696980160732
6,2000,756,0.87383805048154928,0.11377946008963052
6,2000,757,0.50628588670740471,0.55779415310635749
6,2000,758,0.071484841916798991,0.93859345354123314
6,2000,759,0.70762878013048613,0.9234096748707824
6,2000,760,0.23306640913621132,0.79253818068294213
6,2000,761,0.92420308347132796,0.55407241834238974
6,2000,762,0.29314522259367626,0.30942001072593617
6,2000,763,0.84826831942923764,0.15172589069728992
6,2000,764,0.19564596039348106,0.86900228432898752
6,2000,765,0.92490480661388175,0.92606170585331038
6,2000,766,0.29078756069764716,0.74314856024594134
6,2000,767,0.04610089756947789,0.39106104938821268
6,2000,768,0.76864011709587698,0.17829684441411175
6,2000,769,0.86680590511804978,0.34778491954819668
6,2000,770,0.68682100763472187,0.9622207838176674
6,2000,771,0.99999068668835001,0.90619855162707452
6,2000,772,0.99987882599090039,0.47153342636065909
6,2000,773,0.82811309091709595,0.34032978970059841
6,2000,774,0.89457078671929824,0.63875689697505411
6,2000,775,0.44584712564610818,0.23132434055228382
6,2000,776,0.00068561114685923444,0.26734968100232531
6,2000,777,0.60295724371379666,0.59277758727774266
6,2000,778,0.87966203886529537,0.57051662011934212
6,2000,779,0.10959497262050476,0.95358425903905109
6,2000,780,0.013403757046553917,0.5459013060721315
6,2000,781,0.012301923375969628,0.21361283177229448
6,2000,782,0.27115239932123675,0.40545592112015805
6,2000,783,0.88984604589822258,0.1203894813591381
6,2000,784,0.91478193139980823,0.92308695803258867
6,2000,785,0.015785720308334854,0.41315233352433839
6,2000,786,0.97264992046135623,0.15693832682289668
6,2000,787,0.2688816094725836,0.75695663319043438
6,2000,788,0.83240396474729472,0.15598168194316817
6,2000,789,0.90414329906636937,0.57014789601774774
6,2000,790,0.43994096213131356,0.094312004283220049
6,2000,791,0.54350811344563676,0.76692213843640977
6,2000,792,0.32089001259939737,0.70398335144030755
6,2000,793,0.98312319468477982,0.75630184061146011
6,2000,794,0.99999995742358405,0.88320038230729736
6,2000,795,0.6657712041010222,0.48523228177109623
6,2000,796,9.0063555822456498e-07,0.51944642054565204
6,2000,797,0.74149563203909163,0.81369818647038139
6,2000,798,0.93614238832369523,0.90005997065736454
6,2000,799,0.039290692237231757,0.50456903984302892
6,2000,800,0.71308041094434516,0.73640459021707017
6,2000,801,0.042564849497579577,0.3157710085194097
6,2000,802,0.10070436059350181,0.048815463828905302
6,2000,803,0.50889483656183188,0.54304406392239646
6,2000,804,0.095362172467107778,0.65832091168614848
6,2000,805,0.32703292977726567,0.8329346351343605
6,2000,806,0.89822183757705432,0.63365872488611363
6,2000,807,0.51641225922414591,0.00075990100650950062
6,2000,808,0.9970015416340493,0.74535356146252396
6,2000,809,0.9781624808598206,0.41096216686380171
6,2000,810,0.28373344932249978,0.66142480409878335
6,2000,811,0.050870339385693394,0.51598021999752208
6,2000,812,0.45699800047696565,0.63412559270788815
6,2000,813,0.14528932939833986,0.86753282305607082
6,2000,814,6.5767537545181454e-23,0.99610730130390357
6,2000,815,0.99989412899465047,0.7892703271491448
6,2000,816,0.68975012758069876,0.41419845144775996
6,2000,817,0.17886935691663325,0.72092722984469171
6,2000,818,0.89029570851876505,0.39501822625931321
6,2000,819,0.58300557491878635,0.9728632355035689
6,2000,820,0.21713809210103421,0.055904676183062468
6,2000,821,0.76747660759260716,0.035203682691772091
6,2000,822,0.024041125838280542,0.65932860850406383
6,2000,823,0.2271567511200083,0.74831534625571605
6,2000,824,0.9458863048174635,0.58095894597711362
6,2000,825,0.60339365568345815,0.62029186075933562
6,2000,826,0.9970876416057961,0.22880479103273241
6,2000,827,0.52617488923421452,0.99830415622974933
6,2000,828,0.27150239175406754,0.086041410355379142
6,2000,829,0.68565111397826384,0.77246339284903975
6,2000,830,0.99987921568521276,0.45537037889024806
6,2000,831,0.99997740044883432,0.50091528243418115
6,2000,832,0.45390727829264982,0.55837370333555003
6,2000,833,0.94137636325942919,0.085376221626900395
6,2000,834,0.91118443294740459,0.18030092411511295
6,2000,835,0.61203924043004543,0.42255997023472741
6,2000,836,0.90501343111942256,0.033432908594283314
6,2000,837,0.77633759382008882,0.50638167870754791
6,2000,838,0.80382154940835715,0.93720758032102025
6,2000,839,0.97396792858824388,0.8061085449705836
6,2000,840,0.41407574140341935,0.10262077756921768
6,2000,841,0.24482282897133789,0.81971217226325543
6,2000,842,0.57938255518051629,0.73356689620810023
6,2000,843,0.99619537105574474,0.46350981046315665
6,2000,844,0.99207422671335688,0.23496558268394274
6,2000,845,0.037127408969735751,0.82231752974607519
6,2000,846,0.64553375949124381,0.52551855238486889
6,2000,847,0.89762300191265787,0.32353342768793319
6,2000,848,0.10042618931344828,0.059825813695408764
6,2000,849,0.98329867747851551,0.81073045895904128
6,2000,850,0.54709347048997992,0.30447124450822166
6,2000,851,0.5545102478359929,0.83304733861171798
6,2000,852,0.22772959852484875,0.89691666113657176
6,2000,853,0.001469224066885608,0.40887740889510626
6,2000,854,0.24831409344970792,0.9890578208038856
6,2000,855,0.22895562979547318,0.63476759322774645
6,2000,856,0.25310075125306264,0.91398210284057591
6,2000,857,0.24208298287508884,0.29598932620614926
6,2000,858,0.94384741475787082,0.23147641306394617
6,2000,859,0.11436674575904199,0.29311597117209237
6,2000,860,0.92081488500587494,0.92931305310698875
6,2000,861,0.54658153709531487,0.64818088411555419
6,2000,862,0.95278646330181227,0.98518021164983272
6,2000,863,0.56700129005483135,0.018243822304713136
6,2000,864,0.89768720852418105,0.63308765002887035
6,2000,865,0.93867826319563574,0.37036924599645255
6,2000,866,0.5491135746245297,0.51247838495131293
6,2000,867,0.86944117692417766,0.2024547297101664
6,2000,868,0.22461501483535132,0.9742805194946117
6,2000,869,0.84783081405533367,0.38967162260735416
6,2000,870,0.90927176801584875,0.55847042476329412
6,2000,871,0.65081208739347751,0.78159996549300315
6,2000,872,0.37456167974343257,0.22884808684318478
6,2000,873,0.69834733904420054,0.94481061456430548
6,2000,874,0.95692304322973165,0.48257311570209804
6,2000,875,0.5725805689602621,0.64045751906374271
6,2000,876,0.32304008124065325,0.08560296337234069
6,2000,877,0.94699225477119575,0.50223484446053468
6,2000,878,0.99613392242449494,0.46531467556267869
6,2000,879,0.22713431376565957,0.52453733963195093
6,2000,880,0.90476159521587274,0.025941265816571767
6,2000,881,0.23515644077246547,0.33009523275635905
6,2000,882,0.49550382251457759,0.35760767391610071
6,2000,883,0.51953224089770722,0.23787533876783598
6,2000,884,0.87515145758764412,0.88918104474337734
6,2000,885,0.99851930339685846,0.73789182974686662
6,2000,886,0.53456897048838836,0.7729247880898007
6,2000,887,0.90623975949893398,0.18885780544418271
6,2000,888,0.038605705874013754,0.26686618435203574
6,2000,889,0.17978477218172637,0.59919820621836495
6,2000,890,0.89005753378564745,0.19831489604342395
6,2000,891,0.76878511045911369,0.46848362899240226
6,2000,892,0.51474252706000256,0.29741168607932889
6,2000,893,0.12705494316176191,0.70491347511090829
6,2000,894,0.17596368139588864,0.83525396776170879
6,2000,895,0.72222333507109282,0.011505104850969837
6,2000,896,0.34457507549795302,0.89510164285824079
6,2000,897,0.71230390955229594,0.48592072156019328
6,2000,898,0.91510464125303503,0.20944448661843901
6,2000,899,0.47471652115446483,0.91270106499473092
6,2000,900,0.8959197862960484,0.4880720318705698
6,2000,901,0.31410779202295225,0.35875870849378283
6,2000,902,0.46887773684632872,0.80330408269490439
6,2000,903,0.93948562151169779,0.13422152566076789
6,2000,904,0.51731827024466548,0.96375735557346676
6,2000,905,0.75958221595148878,0.51576575126078283
6,2000,906,0.0078529133116498062,0.48005135364969009
6,2000,907,0.88109476659072783,0.27658837058101537
6,2000,908,0.99599283998997612,0.97652639195761026
6,2000,909,0.15206426241033816,0.47971233933014035
6,2000,910,0.25780384849244292,0.31135622144073938
6,2000,911,0.64525159192710813,0.074407785414481384
6,2000,912,0.15843838991412754,0.30132655225460542
6,2000,913,0.99926305212045774,0.57310152182684015
6,2000,914,0.62142396538738442,0.32093145993118388
6,2000,915,0.9594219016626051,0.47558746482591707
6,2000,916,0.088709418980306737,0.8578771624233017
6,2000,917,0.13918528368152255,0.70329945649048464
6,2000,918,0.88457361437211257,0.12940516060381063
6,2000,919,0.9671349853133544,0.56432103953205937
6,2000,920,0.38856244241342658,0.93227558247600029
6,2000,921,0.99999961456836806,0.038384183473575639
6,2000,922,0.41920684122134255,0.2475788593807916
6,2000,923,0.53574247387146312,0.1042112199782164
6,2000,924,0.62550598084069819,0.52515117276911283
6,2000,925,0.48799360539666026,0.16313744698415025
6,2000,926,0.79965546350541672,0.83754824950312001
6,2000,927,0.033798797481902385,0.1959824620566781
6,2000,928,0.84271481113306723,0.41729693473388235
6,2000,929,0.56447435866000928,0.55814832641087597
6,2000,930,0.63316898870174498,0.95766361420704404
6,2000,931,0.96971088025846841,0.16341636669853951
6,2000,932,0.050073433823705382,0.26004972745183774
6,2000,933,0.20159136078989109,0.69755107067959721
6,2000,934,0.01404859187073005,0.92986871220218137
6,2000,935,0.78811456500233401,0.31700779960999736
6,2000,936,0.45553622074359867,0.21431200682299298
6,2000,937,0.77565666891558571,0.77718404263582741
6,2000,938,0.30408128946537566,0.62795666924006577
6,2000,939,0.23513037596028946,0.11577406221526207
6,2000,940,0.87267172246679348,0.076214497537724052
6,2000,941,0.29894439773026082,0.35566774975211096
6,2000,942,0.24759045359688048,0.59219739962977658
6,2000,943,0.81757325596424146,0.91210295434339883
6,2000,944,0.53006935305188585,0.31932696048960812
6,2000,945,0.60667282818750257,0.37605705551009838
6,2000,946,0.68283500883288351,0.63287618863333805
6,2000,947,0.29295283782226328,0.74680481689908129
6,2000,948,0.51353089012612918,0.13971399385363795
6,2000,949,0.90976142553575268,0.25652382450669214
6,2000,950,0.62485440498796163,0.080677995809862554
6,2000,951,0.83541145563623187,0.94412934329177733
6,2000,952,0.8857442458202317,0.19419762091205056
6,2000,953,0.55401985694443279,0.07074627456287591
6,2000,954,0.99347483973459649,0.30665731070715241
6,2000,955,0.13936969715227585,0.88390054315214117
6,2000,956,0.99993604801726366,0.46203348887050366
6,2000,957,0.81272645828679457,0.35300016506943971
6,2000,958,0.030060826175389622,0.56408284426860122
6,2000,959,0.98621729477527642,0.66308800518858602
6,2000,960,0.037224853922855974,0.025375162010126604
6,2000,961,0.83874792522488006,0.2036360628048634
6,2000,962,0.68375344359683954,0.78696980868339328
6,2000,963,0.34839768995061848,0.80334382269894089
6,2000,964,0.99580319692090913,0.8653855463025768
6,2000,965,0.97267793781507095,0.43383230168919867
6,2000,966,0.76345461426593497,0.046829992638585449
6,2000,967,0.74397878841470066,0.37397313975930352
6,2000,968,0.23590513997635704,0.22820645935139458
6,2000,969,0.38554775803122604,0.15538705997090838
6,2000,970,0.85966343113587351,0.39118549820950843
6,2000,971,0.6518273936320268,0.46569733715708284
6,2000,972,0.88988899932686716,0.98958162619669454
6,2000,973,0.99999547597449667,0.335943933800185
6,2000,974,0.61523786616038512,0.59459713213305221
6,2000,975,0.91087511584909975,0.8495599497422377
6,2000,976,0.01903582450621109,0.73566458997410755
6,2000,977,0.34507032824342765,0.88016398910143967
6,2000,978,0.36266133418193158,0.19290061179004273
6,2000,979,0.041862217502928928,0.90984220507960145
6,2000,980,0.96783882837138957,0.054927620367233324
6,2000,981,0.50009711075002394,0.90480537874867428
6,2000,982,0.84795777161511632,0.12950170999984728
6,2000,983,0.47271322520268699,0.98087478581623366
6,2000,984,0.82405277373608632,0.81992891910194199
6,2000,985,0.98435512588410135,0.075800989921221085
6,2000,986,0.99785756506904733,0.54596962489833933
6,2000,987,0.96666802101564808,0.40052524988226257
6,2000,988,0.97036755803315844,0.80226010964383354
6,2000,989,0.56891467872153756,0.57633407023545291
6,2000,990,0.62667689908019097,0.053012109603469158
6,2000,991,0.04319261156032328,0.9185621563807862
6,2000,992,0.82366130681397332,0.41200520004351698
6,2000,993,0.41161916066154236,0.55130049182636442
6,2000,994,0.98223301360230619,0.58128667664891465
6,2000,995,0.31745794488662699,0.45672359913592608
6,2000,996,0.99295870337039038,0.83206720930783595
6,2000,997,0.54629860872142122,0.89205443858530642
6,2000,998,0.91925497341422224,0.54452525125811924
6,2000,999,0.99353920675342022,0.094924409489839559
6,8000,0,0.22671139994580933,0.36284832994269289
6,8000,1,0.61688955497024356,0.26396226449829968
6,8000,2,0.043090779724016225,0.69394075815561318
6,8000,3,0.83208764269870139,0.2344276880537923
6,8000,4,0.22796100933947305,0.96059623651333959
6,8000,5,0.9641884703422251,0.35022762524574402
6,8000,6,0.97849416081524876,0.54024873651296634
6,8000,7,0.80062891064789221,0.92357131007730275
6,8000,8,0.3096509016455592,0.24340391294380562
6,8000,9,0.12400728230231388,0.70859815707279739
6,8000,10,0.74548001978061762,0.50102097118334998
6,8000,11,0.73777475263048831,0.88086174378824023
6,8000,12,0.20881040829096742,0.89420697979082775
6,8000,13,0.98139835844337286,0.83479996232236331
6,8000,14,0.84550905903806384,0.022572966565740711
6,8000,15,0.56090866774028902,0.87098820961254853
6,8000,16,0.1809005558586943,0.47092953558257622
6,8000,17,0.65988304360534955,0.64531704915426136
6,8000,18,0.70506465883404246,0.96517829033106772
6,8000,19,0.64416945410278603,0.28120291954770632
6,8000,20,0.39991981157582085,0.83521770090828495
6,8000,21,0.86995973661077919,0.15667007390006135
6,8000,22,0.28587667979146997,0.475680019121138
6,8000,23,0.51618216529751282,0.57371417812992753
6,8000,24,0.88727647583263336,0.025561183539723718
6,8000,25,0.48056171864569464,0.72017748053826325
6,8000,26,0.35244731267519047,0.30090330548106975
6,8000,27,0.98846557339467445,0.19974021032219971
6,8000,28,0.87367837287542549,0.33937642811297725
6,8000,29,0.87514714056475007,0.92906345667807155
6,8000,30,0.64964140121081781,0.68750961015146272
6,8000,31,0.28084049327555999,0.60509198283909504
6,8000,32,0.12880656650440303,0.62161626803599634
6,8000,33,0.55182848645755,0.21416476701249965
6,8000,34,0.7703440589461138,0.12894696803800851
6,8000,35,0.84107706316744146,0.87477631734903949
6,8000,36,0.38095456325032001,0.72805423865353891
6,8000,37,0.23924904155560911,0.76390930258773038
6,8000,38,0.97679812734937776,0.52351106601986097
6,8000,39,0.68962522439635199,0.84096664907918495
6,8000,40,0.9485114737849959,0.55085216519257774
6,8000,41,0.80819633504355382,0.30967320045495167
6,8000,42,0.4614244428688965,0.32878716060541968
6,8000,43,0.47564658966869455,0.4245168324452101
6,8000,44,0.86816375858380801,0.21566010385652476
6,8000,45,0.83485199471398941,0.57369442737572185
6,8000,46,0.99991011281515185,0.55721004809474306
6,8000,47,0.92281700523882004,0.76283320151339196
6,8000,48,0.73793386850153864,0.29146904349032099
6,8000,49,0.99213908811523543,0.55633548086486162
6,8000,50,0.77355801167127947,0.92348441739950471
6,8000,51,0.59390478582695538,0.21432498461389354
6,8000,52,0.71759394195702297,0.072180901862519575
6,8000,53,0.46576197658280238,0.58534877422563114
6,8000,54,0.048046589560306108,0.18004882042839543
6,8000,55,0.578010642034123,0.91902662489960796
6,8000,56,0.83224248318889948,0.73061524577514159
6,8000,57,0.19172536696181403,0.60227182842299176
6,8000,58,0.86217352762717281,0.1369638524491372
6,8000,59,0.47232095021744613,0.10702650205915401
6,8000,60,0.71178107766599852,0.91059513515824253
6,8000,61,0.52967697988446338,0.60230144242479344
6,8000,62,0.92982344857597832,0.75371227553193476
6,8000,63,0.62354679689004944,0.24405454716498376
6,8000,64,0.78802776346408021,0.15878338043414009
6,8000,65,0.50445409556263265,0.48782655601247149
6,8000,66,0.99992242691111832,0.46209372519773972
6,8000,67,0.15191550753564015,0.91239449926565819
6,8000,68,0.45873808113571335,0.53589089251015376
6,8000,69,0.4057544285980339,0.40334823179295543
6,8000,70,0.54910845613228609,0.023282584254280935
6,8000,71,0.99714448356171648,0.68656993256971355
6,8000,72,0.80305108978321471,0.38070957844239106
6,8000,73,0.66733632785589603,0.41015199518715323
6,8000,74,0.15410707027387799,0.16690930989929201
6,8000,75,0.69491863073124294,0.24634981146849183
6,8000,76,0.10391404822589638,0.93568310613406314
6,8000,77,0.088776195948833375,0.81816500283613403
6,8000,78,0.78226337814264724,0.37951828644235719
6,8000,79,0.3557709928896603,0.72759478163416258
6,8000,80,0.54086972210861373,0.19523586732762002
6,8000,81,0.50834785686228545,0.19168273467772404
6,8000,82,0.96068630892101159,0.79163615957366684
6,8000,83,0.98309564201005639,0.63526599107836368
6,8000,84,0.41739680197192502,0.65587924638463213
6,8000,85,0.20673759284609813,0.68938690406231518
6,8000,86,0.9495720689077255,0.16462419673395731
6,8000,87,0.00022616999751068619,0.42440713185017376
6,8000,88,0.64448055604720378,0.9323752056909238
6,8000,89,0.39432627551752131,0.32706936101157225
6,8000,90,0.86648575176971843,0.33900470942899791
6,8000,91,0.71228166395510695,0.93180863322010066
6,8000,92,0.91192642746435126,0.17641691502053777
6,8000,93,0.84291553742303571,0.45071107379607001
6,8000,94,0.59724465034356478,0.42883995875987657
6,8000,95,0.98265109424155028,0.71870440764482679
6,8000,96,0.30599909685445048,0.32018714770083989
6,8000,97,0.98900089011941461,0.94776528150848893
6,8000,98,0.9097945644568235,0.32703514038964704
6,8000,99,0.45258565441226656,0.93950613533865368
6,8000,100,0.51246142108837778,0.75144573161233064
6,8000,101,0.8841195663879966,0.98464905924627566
6,8000,102,0.14446776268755343,0.28985880147734677
6,8000,103,0.68230577627358713,0.59112644028560579
6,8000,104,0.2972018150945443,0.2638011705122299
6,8000,105,0.39551317736368158,0.68080535902920336
6,8000,106,0.79294334076352435,0.045160468762002463
6,8000,107,0.91227792000443964,0.77944921583129079
6,8000,108,0.88473267467146932,0.57690949525094726
6,8000,109,0.99999960611316319,0.64962142402001644
6,8000,110,0.29114959169644161,0.82823961000175261
6,8000,111,0.4087022608675156,0.93109770724261121
6,8000,112,0.14047029225388996,0.86482978729256688
6,8000,113,0.60493537628210747,0.43768658446088859
6,8000,114,0.98437552784358628,0.98574667176210085
6,8000,115,0.92265087384839273,0.0038125230661431413
6,8000,116,0.019811390440608249,0.62573832179680844
6,8000,117,0.029833203645821538,0.49162417499053113
6,8000,118,0.81896531868871392,0.48972757472827833
6,8000,119,0.79226398173447676,0.56486802474466635
6,8000,120,0.13441736860528036,0.45912266662392864
6,8000,121,0.99994667879076904,0.5345468174177318
6,8000,122,0.68011666481424826,0.090219867408209586
6,8000,123,0.72828532047764483,0.89436737439810188
6,8000,124,0.31185639421023653,0.2512554830099975
6,8000,125,0.62557716681986542,0.5833023274840714
6,8000,126,0.18278781192401275,0.65620924638942835
6,8000,127,0.30737428478018991,0.36932197633061031
6,8000,128,0.59496614946768245,0.8609600746898145
6,8000,129,0.44541901766349251,0.054012254952991764
6,8000,130,0.96957920076190329,0.37196959950347874
6,8000,131,0.30658292031635959,0.097642976141461502
6,8000,132,0.14670026910784473,0.68415654532921644
6,8000,133,0.71388126336036473,0.30392824651126099
6,8000,134,0.61673474962346941,0.84239314407720434
6,8000,135,0.92902292982786105,0.010789070867631291
6,8000,136,0.42147741230005414,0.76429093645514834
6,8000,137,0.18590034699299901,0.68994713991599987
6,8000,138,0.57832349628171165,0.26443075606997241
6,8000,139,0.28076371126123473,0.37338433055887027
6,8000,140,0.98975264179830047,0.43651524884295417
6,8000,141,0.50951028086817496,0.40363759345728872
6,8000,142,0.68705982273286326,0.63025126908551665
6,8000,143,0.91791633136360073,0.89914832544474199
6,8000,144,0.80298893955020911,0.62702037608727523
6,8000,145,0.97245132252275113,0.30637242096484146
6,8000,146,0.47573669136748187,0.76186377562069996
6,8000,147,0.99993033585306568,0.36209200197172042
6,8000,148,0.84474618757971309,0.06699573608563307
6,8000,149,0.73320936573562312,0.40996734418656683
6,8000,150,0.5308509382551152,0.70346348356319488
6,8000,151,0.13068464562258034,0.037533201065805349
6,8000,152,0.54757254689493173,0.32073815597447797
6,8000,153,0.52110122803172854,0.10447890045352863
6,8000,154,0.98089966378342208,0.94221979337576511
6,8000,155,0.86546667686756629,0.87972940869342142
6,8000,156,0.81297360050240353,0.40286834461157173
6,8000,157,0.64775744220568265,0.74628815037936036
6,8000,158,0.30312380926057614,0.55444553511301031
6,8000,159,0.63121689095588707,0.34335458731103041
6,8000,160,0.999559703685717,0.10578313866161886
6,8000,161,9.291267826591245e-05,0.83756307723744183
6,8000,162,0.97739141536430574,0.42961319760644839
6,8000,163,0.37430425536503475,0.31820117259369401
6,8000,164,0.73822858984949336,0.90083909733075862
6,8000,165,0.17854577345156211,0.17586803627578276
6,8000,166,0.27504260653433088,0.85273656202430648
6,8000,167,0.00067980480782633165,0.37065866606391701
6,8000,168,0.75445446454243803,0.20607136284509092
6,8000,169,0.19821899498735285,0.31532905264064165
6,8000,170,0.79259961783958932,0.4764915187819232
6,8000,171,0.7781649238314855,0.12616950764136453
6,8000,172,0.89471112257586938,0.25149536599786609
6,8000,173,0.77330442470000738,0.33884203222236037
6,8000,174,0.98971982228954858,0.30321125588867837
6,8000,175,0.3949497168519861,0.72598930830273767
6,8000,176,0.88009398358705093,0.49186134456227226
6,8000,177,0.93162543113305052,0.51251450137783849
6,8000,178,0.59112596054615374,0.56361594554547523
6,8000,179,0.79466856640437167,0.42200996470987084
6,8000,180,0.27882354755398159,0.33860755851527713
6,8000,181,0.87503772881261255,0.21515866893179544
6,8000,182,0.85895113414352964,0.59723077218468468
6,8000,183,0.60449151562057768,0.19985341497117837
6,8000,184,0.21763951425801858,0.37306154864258906
6,8000,185,0.53573718655355163,0.51473709584566474
6,8000,186,0.13049483212747112,0.53143750971656334
6,8000,187,0.27305513465050363,0.59144589590954066
6,8000,188,0.14235061379013575,0.15352757455468144
6,8000,189,0.67575492898769818,0.13163821592204777
6,8000,190,0.99893749451533831,0.54029389352144019
6,8000,191,0.025811144853218962,0.85203402588829258
6,8000,192,0.99942462514897379,0.82719322068302692
6,8000,193,0.68135982762570402,0.13732878792831058
6,8000,194,0.12451304482859529,0.11899316000579953
6,8000,195,0.040946849823420416,0.86525983219217506
6,8000,196,0.30394234257746411,0.047450009779574739
6,8000,197,0.95123595517504222,0.70417764193752475
6,8000,198,0.70752429482768353,0.50117817561603517
6,8000,199,0.80261817630158894,0.87189428374717581
6,8000,200,0.99222896345707623,0.67962129874826482
6,8000,201,0.7398893210242119,0.3958747090831416
6,8000,202,0.0004676968398946409,0.35867960715989716
6,8000,203,0.85530918011662571,0.93535178865917756
6,8000,204,0.29892429103380602,0.47823702008703461
6,8000,205,0.98780596494002959,0.38653787919707794
6,8000,206,0.102270612468671,0.47592432403278084
6,8000,207,0.63020598170563946,0.0018119653025080674
6,8000,208,0.21200049954576233,0.39875283406870299
6,8000,209,0.98685092999932866,0.14591646977839529
6,8000,210,0.28398248923460767,0.24918519588034665
6,8000,211,0.77708765323881723,0.77574877418203803
6,8000,212,0.7379253336490974,0.5793273559833606
6,8000,213,0.022685257207779912,0.75097971053841728
6,8000,214,0.92085517941023254,0.95477363925025593
6,8000,215,0.03651720081941192,0.9017022217767825
6,8000,216,0.79094759282700999,0.94858920547710923
6,8000,217,0.76109677236962603,0.95073579431028099
6,8000,218,0.63110769770258046,0.38597746188636367
6,8000,219,0.93346517374601601,0.60270435012951773
6,8000,220,0.18611850616306538,0.82597810676508887
6,8000,221,0.83751342181391419,0.60632658339765055
6,8000,222,0.075520476525337971,0.27631897722999382
6,8000,223,0.94081382737555652,0.95647922246512573
6,8000,224,0.83758295476617739,0.78078384078204222
6,8000,225,0.74400201708385127,0.33146492787638809
6,8000,226,0.99737916761114109,0.25549947397216333
6,8000,227,0.14021313536422134,0.064807534110988774
6,8000,228,0.16642340233420422,0.42129071638302279
6,8000,229,0.97886669278237914,0.43051107334762451
6,8000,230,0.77384845454560258,0.13157252735586109
6,8000,231,0.45997004284703191,0.060221068111573545
6,8000,232,0.88502750437544697,0.28017329258176105
6,8000,233,0.020944074975853655,0.0034035108410068299
6,8000,234,0.42890718369057379,0.42256627959846604
6,8000,235,0.043582496594740866,0.92572359721912867
6,8000,236,0.74998749587765934,0.74711648693401722
6,8000,237,0.87381149480427367,0.76453714079506441
6,8000,238,2.9179604865930478e-09,0.76703468565693578
6,8000,239,0.98044237189329952,0.23878220035096326
6,8000,240,0.96200264352316034,0.58473926260916509
6,8000,241,0.77233259581034208,0.91908439265184494
6,8000,242,0.97774134726515327,0.52221656456547461
6,8000,243,0.99908516914895018,0.068838935382979707
6,8000,244,0.5330306662330303,0.34725494854473421
6,8000,245,0.66795233825103972,0.8300457385902601
6,8000,246,0.83865281703303018,0.67447749914286759
6,8000,247,0.90385945891372665,0.8288437296749368
6,8000,248,0.8665889574496034,0.66759000064927476
6,8000,249,0.9610504967218606,0.88121380097926005
6,8000,250,0.49507999217731213,0.19064574021046354
6,8000,251,0.057483266754291017,0.50754702676914032
6,8000,252,0.90940021844301366,0.89618234964752752
6,8000,253,0.51997776337530854,0.34352582656285724
6,8000,254,0.84252173131411168,0.33912351989568251
6,8000,255,0.91282282430633832,0.9757098929271053
6,8000,256,0.28327256154846536,0.81434342208538535
6,8000,257,0.74950771312423425,0.003885078451214454
6,8000,258,0.95368378023601408,0.027961225971875739
6,8000,259,0.26658921182290718,0.29544274596278625
6,8000,260,0.94386143224534569,0.57172580484011326
6,8000,261,0.71312933249119026,0.72713703674895769
6,8000,262,0.75487335797269173,0.98428008852491289
6,8000,263,0.31392132935479078,0.78242264326642641
6,8000,264,0.28351600123738763,0.29675964567558966
6,8000,265,0.69152882870350629,0.3367014445983379
6,8000,266,0.58499641031969873,0.48578417852452271
6,8000,267,0.97742864040144561,0.96522162376893172
6,8000,268,0.31093859564116039,0.64703434138132521
6,8000,269,0.75275998672728017,0.86217566943234891
6,8000,270,0.41357354720370504,0.26762062118929547
6,8000,271,0.58058404259656049,0.69934437541760497
6,8000,272,0.99638997798467277,0.67539959122460069
6,8000,273,0.28429849185367673,0.030504325478320691
6,8000,274,0.012555361520692178,0.81010480678572472
6,8000,275,0.044433494201023098,0.50206663023931741
6,8000,276,0.9214134253243712,0.042624898409048179
6,8000,277,0.92880947546977688,0.89256115301578398
6,8000,278,0.049054794795597143,0.23122675019508038
6,8000,279,0.11087824697711,0.7251592779871443
6,8000,280,0.65127220927445517,0.95818066194879803
6,8000,281,0.30006529155950967,0.089890985924037589
6,8000,282,0.80240965930910058,0.13000266089504478
6,8000,283,0.13506402184588912,0.24488352954053599
6,8000,284,0.75640815877920331,0.59746030787191606
6,8000,285,0.23737018900087406,0.1851796135066647
6,8000,286,0.2076101068488255,0.82062744604051352
6,8000,287,0.21835166966834918,0.48851988999901741
6,8000,288,0.95050459142882215,0.72957553678985521
6,8000,289,0.22394719629163204,0.21773466914719525
6,8000,290,0.69703661957033414,0.53678870046927196
6,8000,291,0.30075212443293414,0.5510125826694523
6,8000,292,0.20027989793511353,0.90537684899851678
6,8000,293,0.94897965270876261,0.26477532223603384
6,8000,294,0.57037274981361119,0.17891159813160357
6,8000,295,0.6317924853932696,0.48450858960072452
6,8000,296,0.88434769669490421,0.8383584854600028
6,8000,297,0.0917448325766832,0.14803056597556469
6,8000,298,0.95505767149241294,0.39896611682744582
6,8000,299,0.44281750626342892,0.74048986163332042
6,8000,300,0.50950823957113545,0.9525824722417271
6,8000,301,0.89739602593120038,0.1342525421051273
6,8000,302,0.50964111626908648,0.30861028186094752
6,8000,303,0.29369521748072625,0.55836445395336787
6,8000,304,0.95593440467229407,0.6117525522567101
6,8000,305,2.5901483170771837e-05,0.53434080641284776
6,8000,306,0.73245301189382184,0.43848108517627316
6,8000,307,0.48566987630679803,0.39359380693711127
6,8000,308,0.23076213755465963,0.55190608018289189
6,8000,309,0.47693485378455247,0.62809389218758283
6,8000,310,0.18711683425629297,0.35371216418926782
6,8000,311,0.18167745301365668,0.74618078002743393
6,8000,312,0.2896885220733067,0.99585909230841341
6,8000,313,0.8878617390314868,0.41685247217215649
6,8000,314,0.98356333225115877,0.089961934668291346
6,8000,315,0.27467766334051313,0.72848596967834223
6,8000,316,0.8780498485534115,0.89427230071817088
6,8000,317,0.67383687989078123,0.97662431750372325
6,8000,318,0.5048619569422631,0.64153226075639558
6,8000,319,0.0024988736915244197,0.098960799550113152
6,8000,320,0.44480066029168358,0.26451308493259335
6,8000,321,0.62567844793344118,0.75295479399429688
6,8000,322,0.71156271567859175,0.21689350347790173
6,8000,323,0.68634876397889266,0.12072691075304229
6,8000,324,0.91730549379362514,0.88181372640104005
6,8000,325,0.53310409386717716,0.31454054376267976
6,8000,326,0.89720155576573968,0.95441958854383013
6,8000,327,0.095045609714273269,0.73327566803305066
6,8000,328,0.51612584861119248,0.060437027816747306
6,8000,329,0.12258991531138962,0.12897619847802935
6,8000,330,0.8762290595959833,0.99925165204447897
6,8000,331,0.78257242041189423,0.67872462879989626
6,8000,332,0.94125347854745833,0.041984813960668062
6,8000,333,0.29239649343541418,0.75281722357344771
6,8000,334,0.23740060421797701,0.2902108088194581
6,8000,335,0.86594389505177749,0.98030721725556913
6,8000,336,0.8554806324856119,0.56398375823332225
6,8000,337,0.98561806861933654,0.37196932676029137
6,8000,338,0.41523829532275952,0.96349020739807889
6,8000,339,0.95754494976336335,0.0075336221070514313
6,8000,340,0.94743738533992639,0.90532502613743715
6,8000,341,0.82552125209726246,0.10803755744984912
6,8000,342,0.96308007996345646,0.62968114639755468
6,8000,343,0.10559768152847424,0.56313270286443307
6,8000,344,0.98472863968902957,0.30167909138772564
6,8000,345,0.18571388233377059,0.8063006522162357
6,8000,346,0.19819851178230299,0.025225164107256004
6,8000,347,0.96544161899093661,0.45238062398844936
6,8000,348,0.62373163583384972,0.31244556037864724
6,8000,349,0.45930757448556891,0.16648993318160371
6,8000,350,0.96628031338880138,0.24096136587330713
6,8000,351,0.00092963011178534766,0.46527235292801916
6,8000,352,0.98650606952362541,0.67850806744619063
6,8000,353,0.30549537503002117,0.36623540397365245
6,8000,354,0.9285923752023888,0.76154598674727991
6,8000,355,0.65960077630664293,0.5739037109123809
6,8000,356,0.9407378717932845,0.94889456471419331
6,8000,357,0.96616655756711867,0.70234136599238273
6,8000,358,0.82390653876722242,0.3796648991176913
6,8000,359,0.83099826311617742,0.9129005896140221
6,8000,360,0.80936668283227897,0.73334251309410914
6,8000,361,0.0721689862950953,0.70644671595911546
6,8000,362,0.83676068357073352,0.41111307758511639
6,8000,363,0.00142844003106723,0.82318403079920677
6,8000,364,0.16549562582478242,0.61278320289207455
6,8000,365,1.1733994149552578e-06,0.82317420260119145
6,8000,366,0.41498504021891652,0.77909614885361278
6,8000,367,0.96341270067718265,0.87249719957909844
6,8000,368,0.4486201108797509,0.595052741293567
6,8000,369,0.49710371343518656,0.4550138103911644
6,8000,370,0.48515748822106985,0.24082865522696467
6,8000,371,0.77122040205610409,0.60729747063078288
6,8000,372,0.80614586769318319,0.82112975510716602
6,8000,373,0.89697231935724497,0.90080209830280544
6,8000,374,0.48876981981946266,0.65909251700837068
6,8000,375,0.78008406062717361,0.81806492697327005
6,8000,376,0.90218159447706725,0.93201337221203073
6,8000,377,0.67366906439247232,0.30172531952477039
6,8000,378,0.69799687526066378,0.57076520317758284
6,8000,379,0.96910482761312289,0.20700586598719842
6,8000,380,0.23384573650012494,0.39080126905040241
6,8000,381,0.38925455013869287,0.18070257537843029
6,8000,382,0.36866802632691348,0.75861996834899825
6,8000,383,0.64155925349442267,0.39452345717345988
6,8000,384,0.42520056235897313,0.27672354454924514
6,8000,385,0.61743268101256943,0.23527043779097903
6,8000,386,0.47133018622086298,0.61015184522884325
6,8000,387,0.25972843691066427,0.47217254725264535
6,8000,388,0.43069177432113986,0.88709623035985152
6,8000,389,0.67891204151051898,0.45938649081421157
6,8000,390,0.60363506042488579,0.78931225387265957
6,8000,391,0.06378588556280107,0.66564308640000369
6,8000,392,0.47646285090390472,0.5436842595615663
6,8000,393,0.94393653793601917,0.48019177860687789
6,8000,394,0.63887134227256293,0.35454366494728101
6,8000,395,0.016355000941558125,0.64136285509944635
6,8000,396,0.98615918471253894,0.80265392033751448
6,8000,397,0.43249838039397986,0.75808297053351537
6,8000,398,0.03794213308902409,0.43243736289699569
6,8000,399,0.12100546995216395,0.069337466091271074
6,8000,400,0.52301237711949677,0.046270329623319027
6,8000,401,0.74565239812298378,0.13094864030168374
6,8000,402,0.11842479658807602,0.44396114847048407
6,8000,403,0.49747774848514659,0.90086613708516039
6,8000,404,0.0094521781105803854,0.45233123465692632
6,8000,405,0.03227721442059045,0.75759000360082529
6,8000,406,0.52543513410877574,0.76166154529133823
6,8000,407,0.64167363421886603,0.82807526281153365
6,8000,408,0.99238011268856041,0.42473015093645711
6,8000,409,0.78080473002463235,0.95189879613453743
6,8000,410,0.70093733200658404,0.78436634367501268
6,8000,411,0.042247925649930594,0.55936452268591852
6,8000,412,1.7993651582728635e-05,0.4776676034342423
6,8000,413,0.056753947857784613,0.56572024122542164
6,8000,414,0.84212669826511521,0.76306365122613873
6,8000,415,0.89054363255288749,0.74598290815867785
6,8000,416,0.80772273884028878,0.53580351717497821
6,8000,417,0.92953012844227245,0.025464193072648078
6,8000,418,0.61567659135674546,0.53910167356832372
6,8000,419,0.79484104488289142,0.65460064165391452
6,8000,420,0.11144952264014875,0.43378869903519657
6,8000,421,0.56913278526479405,0.1538245993018042
6,8000,422,0.065396517002287435,0.27845438844176018
6,8000,423,0.017373597533962379,0.14732676850065701
6,8000,424,0.84778141365484905,0.78228873401196686
6,8000,425,0.89009780948657302,0.26187672369456533
6,8000,426,0.57834468264526107,0.34442225455853559
6,8000,427,0.85426369876154573,0.72701246497286365
6,8000,428,0.44255396638661498,0.62185711233496677
6,8000,429,0.21191361109677775,0.78485275070986449
6,8000,430,0.17552926643398392,0.15621045623990842
6,8000,431,0.14591340312647916,0.12758577054394871
6,8000,432,0.45025579169457058,0.75791358770737505
6,8000,433,0.054612501450725236,0.74368298918743414
6,8000,434,0.38602338897327271,0.34671141861816296
6,8000,435,0.96696302809088042,0.29974740035153119
6,8000,436,1.4250196016457288e-06,0.42503799427377409
6,8000,437,0.42030859052516695,0.91944437078401375
6,8000,438,0.31402798750671179,0.65739835488671239
6,8000,439,0.85141259945820913,0.52409878651841557
6,8000,440,0.91747317883416724,0.8649286272733665
6,8000,441,0.86192738163036342,0.55360441140964012
6,8000,442,0.47274558550840495,0.24525870205815459
6,8000,443,0.0030128798072439544,0.49639061674581231
6,8000,444,0.97017871304182057,0.91041099654152435
6,8000,445,0.0030406465479154827,0.52601065936707503
6,8000,446,0.78359230107271483,0.76961590484825781
6,8000,447,0.58996107614923532,0.48560309754456332
6,8000,448,0.99251143932360542,0.76884522212895789
6,8000,449,0.89444124842122852,0.067529253542793724
6,8000,450,0.0006013645425844129,0.55004751335648638
6,8000,451,0.22095554117159311,0.9235119626825532
6,8000,452,0.033206671975729921,0.42253211812262897
6,8000,453,0.86053949723978729,0.84784906386257985
6,8000,454,0.97547954244813895,0.74521239551634699
6,8000,455,0.87192615073117885,0.70341849687616553
6,8000,456,0.0050386724517776926,0.30483667695376576
6,8000,457,0.44133539970595126,0.4492248954024966
6,8000,458,0.87070229732542237,0.37284124671766333
6,8000,459,0.77161174988146852,0.11675605882336995
6,8000,460,0.013818740336008451,0.0088969348095752059
6,8000,461,0.98051118081104405,0.10215141273506609
6,8000,462,0.83545592921170531,0.0022043902676061227
6,8000,463,0.81847594481620245,0.2338452397192789
6,8000,464,0.14112764801754141,0.58570233314177789
6,8000,465,0.093533977679323782,0.47912301980585581
6,8000,466,0.81486565609826012,0.6555481599739178
6,8000,467,0.97546106101455676,0.52308976768104576
6,8000,468,0.95070636751144211,0.50516260996205131
6,8000,469,0.999401983613179,0.19293439502542492
6,8000,470,0.74491357244323375,0.75834889232040226
6,8000,471,0.024507913891846842,0.41231585338964921
6,8000,472,0.80100791583693254,0.50253504680629546
6,8000,473,0.9380196724654104,0.75787336520638737
6,8000,474,0.95843768317813827,0.16495021287578343
6,8000,475,0.013620175290040894,0.85112892851545929
6,8000,476,0.90803506030292036,0.22025116330814318
6,8000,477,0.97581752463388594,0.71772437637095243
6,8000,478,0.99074251190988372,0.10272103080773549
6,8000,479,0.67883816096191807,0.8335348269858629
6,8000,480,0.3695869508856664,0.60077032369724304
6,8000,481,0.33030007672194656,0.94786585496178943
6,8000,482,0.97981127130511814,0.69700466078082624
6,8000,483,0.22975697089423491,0.038732403408336828
6,8000,484,0.83940867638240546,0.50953260832671876
6,8000,485,0.91702499597745213,0.54000414674909136
6,8000,486,0.33061671191470576,0.051689007905301829
6,8000,487,0.11928600145777495,0.6993990188035073
6,8000,488,0.62906766084839738,0.59673094406773064
6,8000,489,0.75494883456816952,0.32232987894572096
6,8000,490,0.99252692608634385,0.61859594167267551
6,8000,491,0.52909347014864261,0.36204358251110091
6,8000,492,0.63684108308383414,0.19291420082023708
6,8000,493,0.93982622408132577,0.053120363697538177
6,8000,494,0.81442170469265318,0.20686492157618608
6,8000,495,0.9529891494140007,0.16429243292501863
6,8000,496,0.93207604702898827,0.32299360599032284
6,8000,497,0.42413362950388828,0.59435914001779599
6,8000,498,0.49359798560019619,0.35028584671623347
6,8000,499,0.19054360316430374,0.94042315464157489
6,8000,500,0.47564412725469241,0.30546973554100093
6,8000,501,3.8449314355092007e-27,0.93739221062301048
6,8000,502,0.83703677327942949,0.46734765591045302
6,8000,503,0.66583013899689314,0.85171547987641627
6,8000,504,0.35503517177241822,0.95032758315689447
6,8000,505,0.33986561681585048,0.9870117573512015
6,8000,506,0.47902508006716649,0.47119390294160513
6,8000,507,0.51743856148454248,0.31962894568512323
6,8000,508,0.2164679458003711,0.090889416157916028
6,8000,509,0.00074217564929724659,0.11120023491668124
6,8000,510,0.92795942174429236,0.17143297975902355
6,8000,511,0.36141198043360029,0.59314421210289137
6,8000,512,0.73034861660454908,0.11858195119994777
6,8000,513,0.0095142452886594377,0.67861520865633507
6,8000,514,0.74797832900430195,0.50018621129682317
6,8000,515,0.8092490348775403,0.20636433471322396
6,8000,516,0.74686345105759755,0.94320118688306509
6,8000,517,0.84195350305050076,0.91749868078938768
6,8000,518,0.31848754972600324,0.30435805301648983
6,8000,519,0.80939156907285315,0.9089756534718767
6,8000,520,0.99343232032261419,0.72878864499365004
6,8000,521,0.75125819596362997,0.41203353252280767
6,8000,522,0.097567484041890237,0.29139842370472624
6,8000,523,0.98027787688164769,0.083322328791678724
6,8000,524,0.88906096840717408,0.92064950647534727
6,8000,525,0.5069022713617739,0.81903490685198688
6,8000,526,0.0021569814735215046,0.17958407859600969
6,8000,527,0.97850649737890805,0.97121347275915104
6,8000,528,0.8164071826334145,0.39430438558605002
6,8000,529,0.59038520417830209,0.058815382801579698
6,8000,530,0.10514032387034945,0.41403514979532235
6,8000,531,0.67785588424134924,0.54888097924956258
6,8000,532,0.94506945452900559,0.8849925733766586
6,8000,533,0.48775295386610185,0.96927464174146793
6,8000,534,0.16588351951035499,0.35260135796649406
6,8000,535,0.99999993489904138,0.92559316581563111
6,8000,536,0.86260910376889399,0.54264455871219242
6,8000,537,0.0065905608689059963,0.43927129213498922
6,8000,538,0.78247615063680387,0.44213544243464908
6,8000,539,0.95814895453533111,0.76011789136344277
6,8000,540,0.16736881253162794,0.98440980424499247
6,8000,541,0.3250757080186516,0.90413705716327764
6,8000,542,0.17836183708477127,0.57397131083495567
6,8000,543,0.93927640212978003,0.63084835581392051
6,8000,544,0.98878997210659103,0.17491093441744596
6,8000,545,0.091091680372693509,0.14918083116350356
6,8000,546,1.239815840668761e-12,0.66965257616970775
6,8000,547,0.2563821385597394,0.81252010488263426
6,8000,548,0.0044814001598612345,0.67135790574614129
6,8000,549,0.6707442181186295,0.53529531297854394
6,8000,550,0.99130958301834426,0.25893378157607733
6,8000,551,0.34519497361513413,0.34537886499487097
6,8000,552,0.43114369753545168,0.88566241734955375
6,8000,553,0.3367128772116888,0.26184418937771625
6,8000,554,0.13224781986178707,0.59273347114111741
6,8000,555,0.2579559843114918,0.64386640278556062
6,8000,556,0.069643292838900764,0.19106219708499655
6,8000,557,0.94885222250433809,0.56282138940416659
6,8000,558,0.39826970849853133,0.98639171704797168
6,8000,559,0.39139121417690448,0.69653819810513962
6,8000,560,0.0317829085683606,0.5522712600869657
6,8000,561,0.31655242347698698,0.70506391273692903
6,8000,562,0.50776572645372586,0.83474101702342973
6,8000,563,0.97228632688739758,0.65309114612006725
6,8000,564,2.3801907818263031e-09,0.15406571606259695
6,8000,565,0.33630732537710206,0.11546901440361142
6,8000,566,0.17920710337383117,0.59388506082555459
6,8000,567,0.2642577580511774,0.46607122315671135
6,8000,568,0.71030552521014578,0.96312421459809849
6,8000,569,0.96699675007864661,0.95139838409585753
6,8000,570,0.91859927423043575,0.35739305856767228
6,8000,571,0.05710187785936776,0.44826405672981251
6,8000,572,0.93282730358688681,0.7205936954332377
6,8000,573,0.17255586595915898,0.86695529790032411
6,8000,574,0.93067876865990806,0.12294231152023945
6,8000,575,0.29440219059132811,0.55943941517934659
6,8000,576,0.44300814179099923,0.22655368211812252
6,8000,577,0.86046510326106918,0.1679068858158107
6,8000,578,0.084299195000796648,0.27580803675463739
6,8000,579,0.50589973919239206,0.39915387266808749
6,8000,580,0.52115485769496162,0.35760030323070702
6,8000,581,0.9717046647057892,0.81848880451504213
6,8000,582,0.6895734754660755,0.050904302326037328
6,8000,583,0.64989003955353386,0.88513742806455187
6,8000,584,0.62718185165021278,0.11871497055439474
6,8000,585,0.92483990485945278,0.74977504634676451
6,8000,586,0.017249482465603257,0.73205280835777198
6,8000,587,0.09827725564142642,0.19347778023288023
6,8000,588,0.703983790461578,0.053727558608539026
6,8000,589,0.3464750335792911,0.41030120917632834
6,8000,590,0.92456591666177479,0.71818773432765226
6,8000,591,0.2029766840860126,0.21041191372071544
6,8000,592,0.85824416658023339,0.41857703919552508
6,8000,593,0.99988300328855906,0.45364689082789289
6,8000,594,0.12432477782654543,0.2065619265778989
6,8000,595,0.14996692173298048,0.13412945664949014
6,8000,596,0.27949304289592769,0.31840628871374882
6,8000,597,0.48870367361627465,0.29528873564466723
6,8000,598,0.58603575032648803,0.0034998976054165963
6,8000,599,0.31482826306879885,0.47160279048391029
6,8000,600,0.95065115476584994,0.40504081875413711
6,8000,601,0.95528319675762363,0.77479104698374412
6,8000,602,0.95898966856432255,0.25551793330608702
6,8000,603,0.53637512551065414,0.69734671110424185
6,8000,604,0.035847783534966593,0.20447166026425739
6,8000,605,0.21679359737845877,0.87770667130058055
6,8000,606,0.99750004472455744,0.87946022280568648
6,8000,607,0.7440161142368672,0.95357687826724835
6,8000,608,0.83064440755896773,0.8687043821116005
6,8000,609,0.38574422319630775,0.063539866239351137
6,8000,610,0.95730310090142856,0.20417047199254978
6,8000,611,0.26188859618163496,0.87556585325804559
6,8000,612,0.034279944277650687,0.55521632303843849
6,8000,613,0.2599273489997761,0.66042789088704756
6,8000,614,0.82571419445592298,0.16299692196697677
6,8000,615,0.13024812370580846,0.45820997831964394
6,8000,616,0.66323199744369865,0.30513753651632136
6,8000,617,0.29295441209354151,0.87891342356847713
6,8000,618,0.25028793141798339,0.5555418390879433
6,8000,619,0.45313143662855621,0.62400389208887097
6,8000,620,0.80488041527971421,0.30899903359924097
6,8000,621,0.54705556330180172,0.77567802764315963
6,8000,622,0.15198440961706333,0.17356102064771273
6,8000,623,0.95887953542286208,0.84852197496658488
6,8000,624,0.62694552461396846,0.86720146623945737
6,8000,625,0.95427829517528717,0.42733045342249143
6,8000,626,0.67751662024341308,0.58810778788217144
6,8000,627,0.66933308455558582,0.90777263685098986
6,8000,628,0.96926289102977947,0.39579518606863606
6,8000,629,0.15742247903384601,0.97750993743752723
6,8000,630,0.98681570371015859,0.38752997630090352
6,8000,631,0.98576648257015187,0.1973591164271786
6,8000,632,0.89199877861863397,0.24167030616519022
6,8000,633,0.023314668871838144,0.94201570910320531
6,8000,634,0.99997729391353241,0.94439974832319096
6,8000,635,0.075396418509496382,0.60003760706190412
6,8000,636,0.11324169834979914,0.60426808211583227
6,8000,637,0.54349900632329429,0.84270850731141145
6,8000,638,0.94226069164874626,0.94081482709785347
6,8000,639,0.19238015054447544,0.096557355514641424
6,8000,640,0.58994729912470578,0.32324591708903216
6,8000,641,0.06252909413661234,0.68676173450377243
6,8000,642,0.63788847173592733,0.25839249297605388
6,8000,643,0.931384447461028,0.47680303099993038
6,8000,644,0.48534917794329124,0.38560302485866188
6,8000,645,0.94089768893121761,0.26466916645166694
6,8000,646,0.99112046421818567,0.26174868896278169
6,8000,647,0.72696097968222584,0.82213781776424888
6,8000,648,0.58973608584747739,0.65065594355545875
6,8000,649,0.30065719286400006,0.63829898607549418
6,8000,650,0.6729587308762941,0.46403968808952623
6,8000,651,0.92282921532898721,0.31813495154818378
6,8000,652,0.10118801977167075,0.77022346939620678
6,8000,653,0.63858391819802318,0.21337174053162197
6,8000,654,0.95689772755021185,0.84722176627347201
6,8000,655,0.77790959602192422,0.62792015352364328
6,8000,656,0.83718983971109284,0.62030115868695412
6,8000,657,0.30545364576174466,0.74138369319925712
6,8000,658,0.33045819064226206,0.6401842498607665
6,8000,659,0.46228770022194321,0.47977639323838717
6,8000,660,0.91393909453269195,0.80584656645015074
6,8000,661,0.36239128218708461,0.78977224036472027
6,8000,662,0.23086459013739144,0.20255863193140397
6,8000,663,0.69002962948029745,0.042197933876026258
6,8000,664,0.096394891208577804,0.79711279439897675
6,8000,665,0.88283135232262133,0.93741841477398313
6,8000,666,0.42585696432578318,0.75100925156372833
6,8000,667,0.34575064401054872,0.3277301478279554
6,8000,668,0.15929742439881198,0.8284368070594843
6,8000,669,0.020353505844487911,0.26059588995073435
6,8000,670,0.98395115680571987,0.72042304118011491
6,8000,671,0.60194967397478227,0.77902512842337002
6,8000,672,0.62620106594931668,0.7838174303969675
6,8000,673,0.25785593244216931,0.91530127319810828
6,8000,674,0.71128178571134193,0.98422606154095593
6,8000,675,0.81846075407970298,0.04392779854332575
6,8000,676,0.47083439891480316,0.71838633698516363
6,8000,677,0.8509208065905175,0.70754939646268811
6,8000,678,0.83712505489887123,0.032350380778554837
6,8000,679,0.44786550713991657,0.62154659425703873
6,8000,680,0.81741002881213776,0.12400798191692036
6,8000,681,0.88389058531511788,0.29832911433944498
6,8000,682,0.76059512086675574,0.89428183750045964
6,8000,683,0.036724089439376356,0.39783190347496344
6,8000,684,0.67351793847525598,0.10526217712842936
6,8000,685,0.89166022230209963,0.43550059023950527
6,8000,686,0.90975018401653884,0.96879823843712665
6,8000,687,0.22958851256497578,0.11049075186259077
6,8000,688,0.95931634997701443,0.88337245241147055
6,8000,689,0.5907673926866599,0.98538231592929093
6,8000,690,0.27391391402689896,0.62510158623460343
6,8000,691,0.018249872511100915,0.3695086788991051
6,8000,692,0.67474214132491439,0.35798716745231762
6,8000,693,0.68268899663406413,0.93565835738537217
6,8000,694,0.53878658667301493,0.58354664123186606
6,8000,695,0.42066303119381693,0.78766477546636005
6,8000,696,0.38153570287844585,0.66676618054404879
6,8000,697,0.64757992002065712,0.44777273288873676
6,8000,698,0.25556520529340837,0.023016159389405405
6,8000,699,0.27210515435251686,0.28298881447341423
6,8000,700,0.7124941221245773,0.013918713656887108
6,8000,701,0.98975559239953581,0.90220129346739353
6,8000,702,0.70167206377495006,0.78726508127251982
6,8000,703,0.27727702449235592,0.60617067940004388
6,8000,704,0.42289690311834832,0.37673532581969593
6,8000,705,0.96141828886955605,0.83196721836634246
6,8000,706,5.2501987002504948e-06,0.68963305818697562
6,8000,707,7.3257204399151901e-09,0.67750011838689972
6,8000,708,0.92875599738746606,0.88960524362472271
6,8000,709,0.75132975330146468,0.81065949040331331
6,8000,710,0.99417565068765801,0.53284871370844034
6,8000,711,0.79655968254659182,0.27062857414573743
6,8000,712,0.044489130223435952,0.9095263425245842
6,8000,713,0.64281531480812437,0.69101888065481598
6,8000,714,0.96593025043655767,0.92985826827444018
6,8000,715,0.062208276179343408,0.020027058902951488
6,8000,716,0.96047124047239429,0.76583885589150891
6,8000,717,0.92734448426048188,0.72383213224222742
6,8000,718,0.99115944456622951,0.85042295957636083
6,8000,719,0.94059891912294891,0.21331174129348304
6,8000,720,0.84175167716111188,0.87782776416046027
6,8000,721,0.86620421516232904,0.24419699721559276
6,8000,722,0.49701356323527335,0.98405586994061944
6,8000,723,0.86488266896190802,0.56735891033407715
6,8000,724,1.1108496529761382e-11,0.47171413818331098
6,8000,725,0.52431762677797766,0.070332315171359738
6,8000,726,0.28679840418322172,0.47339626056217676
6,8000,727,0.45152209827635853,0.02452220683524578
6,8000,728,0.80804624771130307,0.95062028432760082
6,8000,729,0.28611380771642542,0.92159859189656379
6,8000,730,0.27220481876481156,0.77022597134487714
6,8000,731,0.86249687875858749,0.26220280871652535
6,8000,732,0.88535093464645143,0.57349678528776193
6,8000,733,0.28988023947133945,0.38134712019206729
6,8000,734,0.83006910157849578,0.8311200766329101
6,8000,735,0.34971243367362886,0.84995493812286527
6,8000,736,0.55768344135565129,0.17508147643389557
6,8000,737,0.99938824583618369,0.41962446901570188
6,8000,738,0.53463671712667205,0.62121956626718555
6,8000,739,0.81130183126890598,0.23066466988045978
6,8000,740,0.47323380737126697,0.03220653854716337
6,8000,741,0.82220224931992469,0.1414144023705706
6,8000,742,0.17768296644231549,0.63543220162001268
6,8000,743,0.81656154041665574,0.096577234164000353
6,8000,744,0.1550881629911901,0.49041083806338448
6,8000,745,0.078192961102208677,0.69804798308148197
6,8000,746,0.74228752378624807,0.4487784195663832
6,8000,747,0.60955865562041267,0.20527893642721606
6,8000,748,2.6695983171404519e-15,0.93120216320713756
6,8000,749,0.73576081860433917,0.94490300995209098
6,8000,750,0.99943668436824418,0.092608293075463727
6,8000,751,0.92083568189124221,0.66358647245437841
6,8000,752,0.84927783822237823,0.48939075946714483
6,8000,753,0.95842613354396988,0.19295869943086205
6,8000,754,0.02606206108378235,0.28211659754233698
6,8000,755,0.47771239435921775,0.81707623187680589
6,8000,756,0.23412407917220224,0.50105018230876164
6,8000,757,0.50641527668928932,0.15363805266775454
6,8000,758,0.36385439926346302,0.23621153627507402
6,8000,759,0.67904217696205271,0.54188332736402978
6,8000,760,0.45177390238893106,0.16259746404670405
6,8000,761,0.66200821279413835,0.79771980292985289
6,8000,762,0.98633167886684958,0.81244133795934825
6,8000,763,0.4788799333556929,0.45185401945969561
6,8000,764,0.74748013159925764,0.38971131924943936
6,8000,765,0.82242103858334259,0.95853130570069078
6,8000,766,0.13546368222748409,0.44419456182329004
6,8000,767,0.93599331693605847,0.70889186469543719
6,8000,768,0.82715567988066496,0.0077396083254322248
6,8000,769,0.99081902672510802,0.30429821211850749
6,8000,770,0.66055792353172238,0.24428052533743058
6,8000,771,0.2508039367357211,0.42466044127462532
6,8000,772,0.82669402604481057,0.21114465318905493
6,8000,773,0.63481075910650175,0.56748177909487629
6,8000,774,0.34410651833542572,0.76032004952849319
6,8000,775,0.046410599859257648,0.066479973264488804
6,8000,776,0.46540568001402294,0.78646645305874952
6,8000,777,0.29337970245712969,0.24814133457730886
6,8000,778,0.27759461746048814,0.31351508600380312
6,8000,779,0.60579637131171671,0.41946946873637697
6,8000,780,0.69095602542237822,0.12500817208414081
6,8000,781,0.86046063093742586,0.80131990979482848
6,8000,782,0.99566777456619282,0.9963751349028066
6,8000,783,0.18118593554287815,0.99296598592793606
6,8000,784,0.87077364312326222,0.45635844510983842
6,8000,785,0.74858098188570976,0.8109197189228734
6,8000,786,0.1684066159098658,0.0072149801937222502
6,8000,787,0.84025613569129898,0.86649249296452502
6,8000,788,0.30185481653846058,0.708024158517506
6,8000,789,0.824752005946501,0.010955820928314533
6,8000,790,0.27469866267352755,0.27589482349302935
6,8000,791,0.9981965855141639,0.16329654480626679
6,8000,792,0.0007286020417823693,0.24035087077491438
6,8000,793,0.93057391397793854,0.1287563543860725
6,8000,794,0.025354403376677239,0.26121936464656209
6,8000,795,0.76571840040744377,0.83091592814113124
6,8000,796,0.007043593758130063,0.78206851253080667
6,8000,797,0.41960040721140995,0.25984663800255031
6,8000,798,0.51391981783598661,0.12204737757883907
6,8000,799,0.99985179584653983,0.72620821309117722
6,8000,800,0.00095847035179735167,0.30832304991389259
6,8000,801,0.63786478457385276,0.8304373647508474
6,8000,802,0.0099221961732744984,0.37371589269118455
6,8000,803,0.4718739203938882,0.96279473204192956
6,8000,804,0.72104533411273819,0.51490699616992808
6,8000,805,0.96637682315214468,0.2274439703417297
6,8000,806,0.61016678531422408,0.70281749862466147
6,8000,807,0.1552902769339613,0.71259402921845993
6,8000,808,0.62469379848667961,0.90554657231779545
6,8000,809,0.64201529782998001,0.41395964302461208
6,8000,810,0.97803523572258177,0.56996652838756467
6,8000,811,0.14139737791775719,0.11622482345057945
6,8000,812,0.41039884331195076,0.86843963067846919
6,8000,813,0.9130408877099303,0.49830304999000252
6,8000,814,0.8910543976014057,0.82646283450168956
6,8000,815,0.52351902324398258,0.01822351557284305
6,8000,816,0.13540002939760723,0.60547282589257978
6,8000,817,0.8290995219419206,0.60571914218885281
6,8000,818,0.7455895431592382,0.89375634347999111
6,8000,819,0.59517951177783535,0.60232187541916549
6,8000,820,0.8225257367272536,0.26698108429519196
6,8000,821,0.0061324098780641398,0.79864236113805875
6,8000,822,0.4156100482710407,0.80789175358789755
6,8000,823,0.11669866309003316,0.27097947807103434
6,8000,824,0.62758078908859538,0.31653255147518949
6,8000,825,0.012452017675107011,0.090332859255937634
6,8000,826,0.68772860391698099,0.95814296581390102
6,8000,827,0.97369826706712548,0.19622840178388248
6,8000,828,0.64152667638710004,0.41664174559358963
6,8000,829,0.57150238188611024,0.80136928028849952
6,8000,830,0.65958893908750027,0.10227491477981071
6,8000,831,0.99673171549977191,0.93359373620557817
6,8000,832,0.6442886497450544,0.65631110874152143
6,8000,833,0.62650262563293668,0.75685605631728836
6,8000,834,0.75077984961027633,0.64868986362092651
6,8000,835,0.90764326887205882,0.075021362620156073
6,8000,836,0.94988490455999608,0.32607598847891217
6,8000,837,0.99163243198285778,0.40484672861505
6,8000,838,0.56371813143046778,0.21406551619193878
6,8000,839,0.88958976582298432,0.77531185675286929
6,8000,840,0.051218157062035481,0.4527653677665453
6,8000,841,0.47851874598969979,0.93552555372095514
6,8000,842,0.19542852381811701,0.024343811616704552
6,8000,843,0.39231690252727491,0.39521165585665469
6,8000,844,0.34331509861621412,0.57512586767744822
6,8000,845,0.38024713010091971,0.64774650946282997
6,8000,846,0.41380171512218256,0.79984912225568305
6,8000,847,0.81610144765652559,0.37488664722416104
6,8000,848,0.99879378120078532,0.75219572476205709
6,8000,849,0.96506482899189083,0.063485727660028121
6,8000,850,0.29802372157125212,0.9508701170487236
6,8000,851,0.67868480065295722,0.87450233455535165
6,8000,852,0.4604217561029802,0.30501407726344038
6,8000,853,0.49813178573417294,0.099132342486926539
6,8000,854,0.68349541452918117,0.32967819660946379
6,8000,855,0.87983946951960634,0.76701029396338938
6,8000,856,0.71874843221522977,0.45272436600549787
6,8000,857,0.8602691645779319,0.99571482321507065
6,8000,858,0.16809444913066976,0.83626873491825171
6,8000,859,0.44104752119992563,0.051300296503685588
6,8000,860,0.45764326696477664,0.12070354537909167
6,8000,861,0.68918910031615699,0.73103642876468478
6,8000,862,0.31184982373440717,0.32687349388622566
6,8000,863,0.0008621107533574382,0.026067622073831835
6,8000,864,0.90885360633874424,0.73874629833380046
6,8000,865,0.51183697511430248,0.72231600484042702
6,8000,866,0.88225116161164685,0.2786358454043204
6,8000,867,0.18209326530729483,0.36497461969056871
6,8000,868,0.28955104839335072,0.95962853844727647
6,8000,869,0.86194166246225512,0.20805136929013829
6,8000,870,0.23705336875426031,0.42761924545187313
6,8000,871,0.93291697154096354,0.98423419640456289
6,8000,872,0.64917353611645301,0.70492380087671436
6,8000,873,0.95937183106071489,0.20530878378019449
6,8000,874,0.74165523590736726,0.35759683589770613
6,8000,875,0.52044912858342907,0.75938550883738487
6,8000,876,0.8392037551682423,0.39726945199355834
6,8000,877,0.91360006153550732,0.43491388608906478
6,8000,878,0.74021834208626269,0.27003622301770536
6,8000,879,0.72396646175359924,0.094297834451649215
6,8000,880,0.28832888807636387,0.64507372108817163
6,8000,881,0.77499974145233952,0.88195525890978022
6,8000,882,0.001413116507090625,0.079413669361744002
6,8000,883,0.79243978434316797,0.6087037823053052
6,8000,884,0.84213507220163897,0.63256431717329598
6,8000,885,0.99546404835409441,0.53856246341536262
6,8000,886,0.19977826457879383,0.24852637713678402
6,8000,887,0.12759010973450338,0.41744219837190133
6,8000,888,0.52902241875737976,0.91716125974599993
6,8000,889,0.63323376092101136,0.5598939712212252
6,8000,890,0.8726458652263549,0.38218178743143094
6,8000,891,0.90280389964016061,0.87173239126890967
6,8000,892,0.13935504812593466,0.83129950142505793
6,8000,893,0.46320832891260999,0.15517363313622634
6,8000,894,0.95244616535842608,0.83774383927077745
6,8000,895,0.93031427302390701,0.33861076551579694
6,8000,896,0.73539102801418421,0.27756635266606472
6,8000,897,0.54537830740520565,0.012379395432101595
6,8000,898,0.0071710212992000012,0.80364012161262599
6,8000,899,0.69756496712429428,0.057496728709083941
6,8000,900,0.96934932965224341,0.31981013194920804
6,8000,901,0.9622175327739998,0.30123326582001264
6,8000,902,0.040159074757686757,0.63679141431565256
6,8000,903,0.6155589203050309,0.63635420770120987
6,8000,904,0.11187597946946698,0.45233736882169145
6,8000,905,0.76774431772854679,0.89386331385595696
6,8000,906,0.62713720056075095,0.38720276754938132
6,8000,907,0.97080073554807089,0.061991684583002166
6,8000,908,0.96739516135665182,0.80762581308973447
6,8000,909,1.5060939638955745e-15,0.22001448102211382
6,8000,910,0.45564062106799014,0.095705494096300969
6,8000,911,0.96345020943001303,0.7865418326149729
6,8000,912,0.61595581635399332,0.92916783055434693
6,8000,913,0.73475124196938335,0.2254625355163335
6,8000,914,0.77958846612645061,0.54543445118890432
6,8000,915,0.76606828492972689,0.37454693608838169
6,8000,916,0.79528288930917113,0.65593321192303478
6,8000,917,0.61642235812973767,0.83958941930963227
6,8000,918,0.32487483370774783,0.024883827867128203
6,8000,919,0.47157371165851381,0.59442881326259023
6,8000,920,0.81296400883241349,0.73703151090322283
6,8000,921,0.88023223790576377,0.63085566120460479
6,8000,922,0.15351101853335106,0.5761327540858272
6,8000,923,0.74795090633790207,0.11602120113013463
6,8000,924,0.70777181355861429,0.40407748485721656
6,8000,925,0.9316554125201042,0.80913143206671234
6,8000,926,0.74753738542607884,0.96343046429552415
6,8000,927,0.67393592078167786,0.16697176527883054
6,8000,928,0.50196655124917278,0.51851540827604814
6,8000,929,0.85822559128746989,0.82140156820428412
6,8000,930,0.98394004057506756,0.5299145773979006
6,8000,931,0.99847686030411165,0.029229743132307202
6,8000,932,0.90446338005656335,0.27547838188215579
6,8000,933,0.5333746623208826,0.49266336887785067
6,8000,934,0.76207642152071486,0.7299952242654113
6,8000,935,0.55670551635458898,0.46815754255992281
6,8000,936,0.81531749972748158,0.36545777154601428
6,8000,937,0.054099663842869315,0.46607258632401127
6,8000,938,0.56074758452418627,0.6347389436635511
6,8000,939,0.39530702149105879,0.8250472194776548
6,8000,940,0.63091894670155457,0.5861690840469983
6,8000,941,0.9339622237930818,0.77874848906640615
6,8000,942,0.89299627879544463,0.069025579393663009
6,8000,943,0.92839909506351814,0.27048852176334626
6,8000,944,0.63200541918175945,0.56684053327762829
6,8000,945,0.99755554011842718,0.58269045862684465
6,8000,946,0.8016203460354675,0.78824491853385847
6,8000,947,0.29610636294455278,0.05083955642445364
6,8000,948,0.053933301731087402,0.80226296026591859
6,8000,949,0.70449805026684309,0.98150388431984659
6,8000,950,0.83744723980269375,0.23664735578949619
6,8000,951,0.67743687155704246,0.77322878431737108
6,8000,952,0.88998874176007059,0.63340010445359352
6,8000,953,0.027103893337929362,0.37928837622222955
6,8000,954,0.096469872936787354,0.073174896861630687
6,8000,955,0.044860929885837356,0.051694948195397689
6,8000,956,0.22322590242493368,0.40789752545951108
6,8000,957,0.75881094551374129,0.069131110327112763
6,8000,958,0.53631310158761647,0.3148270873193289
6,8000,959,0.11452543691506951,0.23980782195407074
6,8000,960,0.76761216267082311,0.50049852546244911
6,8000,961,0.93567580563118646,0.62787918847890967
6,8000,962,0.94993878207924753,0.84186574786042212
6,8000,963,0.54149464719106244,0.19336042078876498
6,8000,964,0.57229019948644533,0.037139062628563896
6,8000,965,0.22912263636277486,0.75423747928166363
6,8000,966,0.95009019691304974,0.52151344913790088
6,8000,967,0.23933647111834944,0.32844526809106184
6,8000,968,0.44733482369003019,0.82572982833023789
6,8000,969,0.55043087305833382,0.026773967558890489
6,8000,970,2.8834116922796136e-17,0.0094503896991929778
6,8000,971,0.081177999185171781,0.17286118608982984
6,8000,972,0.92764744020480738,0.71768267184001344
6,8000,973,0.43970873852646303,0.72903969005826608
6,8000,974,0.90779987468855905,0.38274259816667272
6,8000,975,0.29207726441622611,0.99790013327217519
6,8000,976,0.81183713638538335,0.069820104477734526
6,8000,977,0.32809217781865119,0.1889392517595426
6,8000,978,0.052944377566727339,0.57280058943826961
6,8000,979,0.86109435392986766,0.52945935450768833
6,8000,980,0.75938337093964869,0.91337271099505013
6,8000,981,0.54240761639733881,0.77170903576112415
6,8000,982,0.3882469743728284,0.56706386432700751
6,8000,983,0.72034679311968475,0.86907064201482176
6,8000,984,0.19385054957193773,0.67886877912821486
6,8000,985,0.71773666031131,0.65032944098432055
6,8000,986,0.85305338258298669,0.72107891724318052
6,8000,987,0.91471331009864687,0.13681342874757862
6,8000,988,0.96827616908252301,0.5266917693125065
6,8000,989,0.92881051813055249,0.5556276526345173
6,8000,990,0.83645404549009117,0.12794604410758464
6,8000,991,0.79864159032461968,0.84090526288838696
6,8000,992,0.0065883310995833669,0.14169163204117657
6,8000,993,0.5714882609940819,0.22704856547193381
6,8000,994,0.017437168011291439,0.10407880187520249
6,8000,995,0.050824444286579722,0.071340226259095155
6,8000,996,0.91145456111768408,0.33510193015561801
6,8000,997,0.080169847953202797,0.90058511136377073
6,8000,998,0.55178456225221717,0.11178863717433456
6,8000,999,0.050834068108182889,0.53959413768641651
6,32000,0,0.95751926629932627,0.47625170390681626
6,32000,1,0.66009962387533339,0.92313916031478194
6,32000,2,0.23593638653932017,0.39317944755747064
6,32000,3,0.1935247844689317,0.50878002397795297
6,32000,4,0.23978795137622461,0.084209018414340461
6,32000,5,0.67722976650783284,0.77785472187411631
6,32000,6,0.23739534848504332,0.97774149697856605
6,32000,7,0.66261728330632763,0.42884372306400237
6,32000,8,0.18059895822858821,0.050828678595605942
6,32000,9,0.354176549368657,0.16064388329879539
6,32000,10,0.78906471813735835,0.79071772859797118
6,32000,11,0.40047674418667029,0.061939481917358541
6,32000,12,0.74938774896241411,0.91601949377335889
6,32000,13,1.0942237649512002e-12,0.53845411562442735
6,32000,14,0.2477943722492813,0.54500809964409791
6,32000,15,0.28154519057168004,0.82336868957333231
6,32000,16,0.81017373364963852,0.61479194209584276
6,32000,17,0.33231257799811303,0.84282970672521218
6,32000,18,0.53834085523819053,0.18622441707645207
6,32000,19,0.012256965898729336,0.66340814148864113
6,32000,20,0.70863045534011815,0.71979946525745819
6,32000,21,0.13006192863533783,0.75012667463474103
6,32000,22,0.23259875237369992,0.1191900059529933
6,32000,23,0.55280494074642728,0.53368693613644758
6,32000,24,0.26582510766766415,0.3576687294830812
6,32000,25,0.46888869281127654,0.44811786167426843
6,32000,26,0.012536142844879991,0.96117941715581634
6,32000,27,0.69364415684471448,0.18550123938876775
6,32000,28,0.19821374452623977,0.039005281568253655
6,32000,29,0.066688658936243997,0.83834845791604429
6,32000,30,0.95565013403137367,0.48151541866971381
6,32000,31,0.95076074951867284,0.49005208627425101
6,32000,32,0.50850173163780199,0.47836342086759831
6,32000,33,0.23479996488398641,0.46413700537993519
6,32000,34,0.25287530242141371,0.24844104337666009
6,32000,35,0.70545371456550843,0.55295696336241296
6,32000,36,0.84586015955341076,0.98230721722258629
6,32000,37,0.66650443558371408,0.1231444928581971
6,32000,38,0.47497998205127423,0.13874589073895233
6,32000,39,0.1892212004372478,0.98143046368119802
6,32000,40,0.52606943844254206,0.33571121803639514
6,32000,41,0.99745417609506637,0.56386878192478929
6,32000,42,0.49896787134768306,0.31968145604803855
6,32000,43,0.80214545418627003,0.8923216501295842
6,32000,44,0.82887532518033491,0.66135916701484232
6,32000,45,0.30136829024210493,0.52383785553104956
6,32000,46,0.12616343836589153,0.9815913102213526
6,32000,47,0.71192651002733476,0.22871505946855053
6,32000,48,0.25979085664782581,0.85949468994061307
6,32000,49,0.9721207585552003,0.90117810340549553
6,32000,50,0.31061875788953774,0.98246649020374788
6,32000,51,0.10003192065215903,0.28891568192479722
6,32000,52,0.080062423095086183,0.60014637410425675
6,32000,53,0.99675990442854479,0.8757253641507603
6,32000,54,0.011884044436390479,0.36632989016096257
6,32000,55,0.95449021332682915,0.36861451194293499
6,32000,56,0.52170517848072451,0.60162603184433616
6,32000,57,0.38583750581775356,0.55637165583385562
6,32000,58,0.30635564763389378,0.75583022418308099
6,32000,59,0.16925325169688954,0.054649691431023072
6,32000,60,0.41492083880931752,0.49763849166586793
6,32000,61,0.9424404043038126,0.55198727078893639
6,32000,62,0.13898240527051256,0.71929177272362677
6,32000,63,0.86582293799788679,0.84074644528849252
6,32000,64,0.26484630251633806,0.99349220119016379
6,32000,65,0.075288866194165333,0.9922616970791065
6,32000,66,7.1025336188030415e-22,0.97788776285199908
6,32000,67,0.81330552742888251,0.0061309261475645822
6,32000,68,0.67695069510357131,0.9480624274743028
6,32000,69,0.29003252153378217,0.63598508593574432
6,32000,70,0.75022499927184183,0.1140986642457993
6,32000,71,0.86456868970372924,0.45143836815560673
6,32000,72,0.10515200011329523,0.4682163920276019
6,32000,73,0.69287379777958236,0.34101982396374064
6,32000,74,0.17205220651123615,0.86654090819887242
6,32000,75,0.22828708624770111,0.95637224550957523
6,32000,76,0.2759954500295615,0.24507989163666721
6,32000,77,0.95440336165560924,0.16318507841100188
6,32000,78,0.0080430550008058349,0.86030254600606038
6,32000,79,0.68407446727495869,0.34923983170834244
6,32000,80,0.54616427075279605,0.78450044302510258
6,32000,81,0.99780562210803736,0.066420665487669242
6,32000,82,0.990231526683096,0.40326429735532499
6,32000,83,0.14772314715358012,0.64713946710859915
6,32000,84,0.059423293804283912,0.10648419375468259
6,32000,85,0.98106899311908224,0.60687906619536125
6,32000,86,0.60054632719170487,0.010931813718542974
6,32000,87,0.3141526913592696,0.26563372031240706
6,32000,88,0.95993321359541539,0.63374110691835162
6,32000,89,0.81320684238339269,0.12340974496972469
6,32000,90,0.28186258099837469,0.88022492636567728
6,32000,91,0.60769530026533569,0.37382753173237043
6,32000,92,0.89683683226442923,0.31043383684917669
6,32000,93,6.1250128323922246e-17,0.26341316630739753
6,32000,94,0.39007445596775725,0.58568427580840621
6,32000,95,0.94486382370219213,0.055064354215716371
6,32000,96,0.9760590599953054,0.11309393962570273
6,32000,97,0.33993957901499133,0.30100558118801002
6,32000,98,0.59075899972346213,0.37753482221666473
6,32000,99,0.032493430154042602,0.51828996139122818
6,32000,100,0.27842322600077007,0.21776682745434131
6,32000,101,0.21951923468932741,0.05084509492069704
6,32000,102,0.035666054356404346,0.34655209665221137
6,32000,103,0.96198253098451614,0.48710410853814001
6,32000,104,0.72628261765228586,0.98691976653457592
6,32000,105,0.54218835568211476,0.6926982709731635
6,32000,106,0.53565826064119704,0.59953617525975811
6,32000,107,0.42537905917856694,0.74932172574310008
6,32000,108,0.095524006315521617,0.1299435020155249
6,32000,109,0.93078722648514933,0.22203600673060028
6,32000,110,0.46209167381877669,0.93157243168481418
6,32000,111,0.5104832680532756,0.28876773853070753
6,32000,112,0.79085026047857188,0.43474518988266653
6,32000,113,0.9638759587835557,0.51794032779874177
6,32000,114,0.020678127074013983,0.5812859002480425
6,32000,115,0.30235229061233343,0.74928815422851902
6,32000,116,0.0011982411950292582,0.25771265358793544
6,32000,117,0.4360672241090881,0.014933350293410098
6,32000,118,0.031853263444084477,0.49707078695191398
6,32000,119,0.17167126007289238,0.77152764316605138
6,32000,120,0.0030795754877368671,0.50842233405697146
6,32000,121,0.09658272851940905,0.1305405237853956
6,32000,122,0.0033511065937171822,0.93058581280851438
6,32000,123,0.41272094475721322,0.47897049856307561
6,32000,124,0.31343404572715822,0.19003841773235858
6,32000,125,0.11815790314281052,0.63423442850842537
6,32000,126,0.48568853468475803,0.54014760001174544
6,32000,127,0.55127974298657789,0.1752454846026619
6,32000,128,0.31228794694393797,0.41987470796649423
6,32000,129,0.99897964733468292,0.36206258919124679
6,32000,130,0.98665575102767589,0.33267309763331138
6,32000,131,0.83681136321205396,0.64211313672787962
6,32000,132,0.1720392881964522,0.94780359321623109
6,32000,133,0.71015386789943036,0.30682899498468996
6,32000,134,0.8671386435508085,0.099700942628655462
6,32000,135,0.97964900257644916,0.19492830046857954
6,32000,136,0.72469694484552893,0.99220251529049963
6,32000,137,0.48196579239332893,0.80735552137760713
6,32000,138,0.86265194988031535,0.60418656019657502
6,32000,139,0.71073906090470018,0.12771623587452452
6,32000,140,0.91777507716891671,0.86147311062397613
6,32000,141,0.83596014662147322,0.43358900810597217
6,32000,142,0.82283991454098215,0.72102547263226335
6,32000,143,0.68098627736504325,0.45585741778354127
6,32000,144,0.4889265066636741,0.085371134285150363
6,32000,145,0.0053647211051814948,0.51816134466989738
6,32000,146,0.96524747807981226,0.81371583790980428
6,32000,147,0.18526640267690639,0.50700197519057422
6,32000,148,0.7812903235310964,0.41567006087009067
6,32000,149,0.00011808206783601365,0.71293601397758777
6,32000,150,0.61478978122074002,0.30056194600193742
6,32000,151,0.60126006444636115,0.48770272940113091
6,32000,152,0.30282953624333681,0.4397032756523514
6,32000,153,0.79653029180338009,0.52050936267180192
6,32000,154,0.91607725984723931,0.3991635827077642
6,32000,155,0.78176156920029183,0.08574945780985152
6,32000,156,0.47945419029651204,0.095752357557426032
6,32000,157,0.92175481561468653,0.9978894526056068
6,32000,158,0.023081139487220969,0.34880372112774399
6,32000,159,0.90928061401971039,0.60132084963962318
6,32000,160,0.60754246825228697,0.94357166196488651
6,32000,161,0.8173809219385505,0.76103304516636916
6,32000,162,0.81690684689632764,0.27622664440141326
6,32000,163,0.98472223971919326,0.59327221670001395
6,32000,164,0.40506731855683586,0.012088812061429564
6,32000,165,0.050313261055046257,0.25222125174715043
6,32000,166,0.93065449955701451,0.52131122043632172
6,32000,167,0.9827653285414204,0.81895970064418744
6,32000,168,0.39248995806813652,0.74137223248761652
6,32000,169,0.49511131744366765,0.30807269246873076
6,32000,170,0.15928755805447489,0.32869696370814189
6,32000,171,0.039322482994780548,0.95998537988036681
6,32000,172,0.64912504955152084,0.37951058258724074
6,32000,173,0.47596939678459116,0.34273236244359617
6,32000,174,0.72003754127561592,0.88853864992563025
6,32000,175,0.88554499002286569,0.64364398856405858
6,32000,176,0.40021246682262929,0.80531242954612769
6,32000,177,0.69127703230682203,0.19806568089123699
6,32000,178,0.45371303523714623,0.32038412987596332
6,32000,179,0.1057996669184707,0.89892200681051504
6,32000,180,0.99833171064694493,0.10597461071619345
6,32000,181,0.93065830944354044,0.15502867864516534
6,32000,182,0.19988300345290447,0.28527064568184507
6,32000,183,0.99843224741133307,0.17662648456539234
6,32000,184,0.28115211632747772,0.83324132562558528
6,32000,185,0.59678355880354295,0.36890129958375667
6,32000,186,0.82235556221146799,0.20359106708574728
6,32000,187,0.38205663228466763,0.5029433231920859
6,32000,188,0.26518159358606369,0.91219408486561804
6,32000,189,0.40552920197030151,0.62795784639283325
6,32000,190,0.46500521593519972,0.9407225034372444
6,32000,191,0.98263694345873542,0.91711178359719048
6,32000,192,0.23958252023201879,0.53910217014280837
6,32000,193,0.55426901153693131,0.57554065720904446
6,32000,194,0.82513757053019998,0.0069479125261802553
6,32000,195,0.79693152701359171,0.11409613860550956
6,32000,196,0.26321607569031802,0.26304277655635178
6,32000,197,0.25348150250951157,0.56412151906002739
6,32000,198,0.78539451618301126,0.91285133249290573
6,32000,199,0.28503454349566748,0.95157040694290895
6,32000,200,0.26219346567779783,0.16617275473399165
6,32000,201,0.48424715338661184,0.35099674595322222
6,32000,202,0.88025068488727309,0.17522833885119182
6,32000,203,0.47110505399707303,0.3275564585105698
6,32000,204,0.32336494803505378,0.48415211382268319
6,32000,205,0.44122257663351883,0.77145608243751029
6,32000,206,0.031518501459811471,0.58198141491552036
6,32000,207,0.84822352986619198,0.96206944583348686
6,32000,208,0.45718853914254409,0.33640117610478587
6,32000,209,0.33522434031015347,0.55863482320800639
6,32000,210,0.088299612825459936,0.24911933028394176
6,32000,211,0.86933940236040697,0.88181656899818917
6,32000,212,0.37588543440488653,0.32069356499282847
6,32000,213,0.71396635259491426,0.10685703841891057
6,32000,214,0.1000925224097324,0.71665985328768467
6,32000,215,0.99164552755670632,0.080844272819704702
6,32000,216,0.16025501165914838,0.5159002541307105
6,32000,217,0.37489879225056078,0.27028813617414638
6,32000,218,0.58369347422098905,0.088847259281336494
6,32000,219,0.89879608511934705,0.81203736932996518
6,32000,220,0.96037997874488656,0.50828592601880151
6,32000,221,0.70082990398617118,0.61778510079827886
6,32000,222,0.62386358419130272,0.58335154385334576
6,32000,223,0.8021971258345908,0.23226410151298543
6,32000,224,0.11628207363851033,0.42531294939448999
6,32000,225,0.0021223785947390916,0.41091570951170769
6,32000,226,0.15306892460819826,0.6751137649486767
6,32000,227,0.26363581483273829,0.87097809727459696
6,32000,228,0.90821461813297666,0.20500399804188627
6,32000,229,0.5567217570291294,0.8046310097874636
6,32000,230,0.74171735158147456,0.67508508169730541
6,32000,231,0.22403610047411784,0.51405208306714778
6,32000,232,0.66060857266061046,0.50956522913431623
6,32000,233,0.51727108604920347,0.13922861624673374
6,32000,234,0.22868857277561655,0.78392354435133194
6,32000,235,0.0039186709830045397,0.4997549953297028
6,32000,236,0.41226211137795238,0.064007871141251449
6,32000,237,0.59087088661236575,0.85507096652656722
6,32000,238,0.034447997457489228,0.94917134063760589
6,32000,239,0.2808545059305072,0.21289383923812594
6,32000,240,0.21867059689663321,0.13350707114203797
6,32000,241,0.073962729767412902,0.10030807390500494
6,32000,242,0.79933900278227665,0.45407843082755689
6,32000,243,0.0046042088488835028,0.99818588793186069
6,32000,244,0.70281228847690336,0.31381196794116745
6,32000,245,0.99285265940078749,0.93241652006937648
6,32000,246,0.68427441094592578,0.1837350112908821
6,32000,247,0.19843950251403858,0.45045188050964741
6,32000,248,0.00079151693921847787,0.11894318495490863
6,32000,249,0.99999954227577248,0.54571887049977874
6,32000,250,0.80058604254997845,0.11850231469262248
6,32000,251,0.41881301841052276,0.542573021167984
6,32000,252,0.89156902503740876,0.50652316256284924
6,32000,253,0.25645738121630002,0.99833759799827737
6,32000,254,0.52573346199879667,0.16479907511550662
6,32000,255,0.30754757024105139,0.44995737529704127
6,32000,256,0.7196631162222864,0.67750104167845171
6,32000,257,0.60691253411364554,0.55709133945834888
6,32000,258,0.10858189156723819,0.57748504312385029
6,32000,259,0.92097918188843098,0.20238445498414545
6,32000,260,0.77015800232834408,0.46936579541605727
6,32000,261,0.56795214189798648,0.073039853172325975
6,32000,262,0.18205509454230559,0.49377243334252685
6,32000,263,0.084880116514572182,0.71893228569750145
6,32000,264,0.13672227207419921,0.18448590537051035
6,32000,265,0.47465216046442049,0.16610486900091181
6,32000,266,0.87236365821679585,0.45671380384567195
6,32000,267,0.87521288464546965,0.20511073793667767
6,32000,268,0.51078924981891427,0.1647786849644472
6,32000,269,0.79344958171130142,0.082875833105871904
6,32000,270,0.014340492113942623,0.85021218774092411
6,32000,271,0.19132544667816992,0.2785984850926434
6,32000,272,0.36119711507454016,0.96065132183844704
6,32000,273,0.69369980251307617,0.22026748675881772
6,32000,274,0.35601094274527878,0.74428118075343452
6,32000,275,0.75412655090681935,0.65586001333341926
6,32000,276,0.38812320450804472,0.018105358298200508
6,32000,277,0.038562628277125567,0.50395167466849677
6,32000,278,0.75324021781291217,0.56698974547577519
6,32000,279,0.041722527053813616,0.60420856285612756
6,32000,280,0.14290814554786557,0.4875208886564254
6,32000,281,0.8330870190406936,0.21658908617582154
6,32000,282,0.034575039465514802,0.39597331259679819
6,32000,283,0.91750017761817193,0.83379600012547206
6,32000,284,0.71234398156542944,0.17436526371597105
6,32000,285,0.29981496375440531,0.17923134320390871
6,32000,286,0.72417786569397558,0.69548286272510196
6,32000,287,0.44130630835059642,0.80841131505412889
6,32000,288,0.55110984613851288,0.14565590952249369
6,32000,289,0.48833109605232994,0.079471742100162557
6,32000,290,0.73848881254214571,0.42413254578713722
6,32000,291,0.77770213947283351,0.43136825090964165
6,32000,292,0.010324840737769292,0.0030861780754818167
6,32000,293,0.092012852239844969,0.8201248393251801
6,32000,294,0.76448576591576267,0.64256257641477166
6,32000,295,0.99705680468608437,0.4926816774822671
6,32000,296,0.77559171184497244,0.81599337532886018
6,32000,297,0.96642317367364328,0.74654233055689878
6,32000,298,0.40938834167679106,0.59652461233977638
6,32000,299,0.3039414645469895,0.72076676975411103
6,32000,300,0.13739729076447116,0.17086525129923638
6,32000,301,0.56470709069280678,0.45383335362941035
6,32000,302,0.1731135891388231,0.032790119410932732
6,32000,303,0.17036233278423302,0.2468032897103852
6,32000,304,0.91674181232307395,0.7777748124582865
6,32000,305,0.66156438891366798,0.22217220655561093
6,32000,306,0.84353386927037421,0.33715849432259981
6,32000,307,0.023124220177596824,0.80317530396574099
6,32000,308,0.92674993042414444,0.95946253665156744
6,32000,309,0.56850525820778119,0.75969124069620153
6,32000,310,0.57865563762810068,0.40300403318218575
6,32000,311,0.98549962221224197,0.70375792847505014
6,32000,312,0.89002296456091401,0.098252059319145157
6,32000,313,0.69518357169445921,0.87289016171769551
6,32000,314,0.80475577820498378,0.89762913331581795
6,32000,315,0.99205697079417154,0.92626420728422387
6,32000,316,0.77413865478339883,0.16521158733724423
6,32000,317,0.77892163123382951,0.5966589170167701
6,32000,318,0.82809002576716928,0.56458659373176501
6,32000,319,0.76613856064662678,0.88163152271606393
6,32000,320,0.24752721909597414,0.17841219041107892
6,32000,321,0.24378729048747089,0.087131836826982861
6,32000,322,0.18742397420524817,0.56080273900930178
6,32000,323,0.96521707038627891,0.68883672252945938
6,32000,324,0.42838655086797206,0.88058699990829248
6,32000,325,0.059190075397225671,0.24720834273475917
6,32000,326,0.47742954090931167,0.94546370206865138
6,32000,327,0.83051392315770722,0.34868685182975001
6,32000,328,0.36068077670623228,0.31373330018572743
6,32000,329,0.89939978767592543,0.97843468567075242
6,32000,330,0.0087769379863767236,0.58733263935532831
6,32000,331,0.063495573552106596,0.097794989925404044
6,32000,332,0.96116626016838702,0.93238578207719658
6,32000,333,0.88756123533887066,0.90568140770178751
6,32000,334,0.70382159700811253,0.044172490996345487
6,32000,335,0.85800977768389308,0.50731350933675246
6,32000,336,0.95116595581386976,0.31252878737634909
6,32000,337,0.030710193953518573,0.64681604983493468
6,32000,338,0.99353712355303325,0.71362408894155516
6,32000,339,0.97044996942068118,0.21989009813074609
6,32000,340,0.34300399706880136,0.45500527019659803
6,32000,341,0.51930896906324475,0.21074358521540407
6,32000,342,0.9966089020875385,0.39042628700813581
6,32000,343,0.047313727572565613,0.44854900724336255
6,32000,344,0.3556587024752893,0.39957103246072434
6,32000,345,0.75819962938140795,0.40347158758046753
6,32000,346,0.3783017145383441,0.94853743940165502
6,32000,347,0.73302516898888603,0.15624040914409093
6,32000,348,0.79881158322828527,0.10797601778440347
6,32000,349,0.13169384107777851,0.27505543598959742
6,32000,350,0.85199925726513037,0.37506070819274656
6,32000,351,0.22007604455715721,0.755015474846225
6,32000,352,0.72278486733104041,0.49836167024118072
6,32000,353,0.47370767903557875,0.54532336138598603
6,32000,354,0.99612407017851856,0.89457779757049849
6,32000,355,0.50246553458649923,0.014577564395621922
6,32000,356,0.17435343522134872,0.58479997735082356
6,32000,357,0.76967096583615757,0.06431479631047736
6,32000,358,0.70353331125330287,0.82291346453761549
6,32000,359,0.75864875808421639,0.56046520931055432
6,32000,360,0.046401105482902646,0.2091692514398833
6,32000,361,0.9949616571102855,0.20632866048361537
6,32000,362,0.93904814766055389,0.32541898239856876
6,32000,363,0.99342796621677354,0.17063291386447021
6,32000,364,0.95579803995312596,0.75522884203734564
6,32000,365,0.15655990248681367,0.29666524675952088
6,32000,366,0.39355044391785732,0.39177697876731904
6,32000,367,0.98584471768564197,0.23498517281637377
6,32000,368,0.92366608873957878,0.82722720268326411
6,32000,369,0.30520818192810356,0.13174514270006435
6,32000,370,0.6342211601215586,0.5367353505923107
6,32000,371,0.98612286517574155,0.69103583580229211
6,32000,372,0.895641830464037,0.27363878243301226
6,32000,373,0.61151299699074169,0.75530696377781747
6,32000,374,0.89041685801380932,0.49356392959160755
6,32000,375,0.20683112599808259,0.65901977409224788
6,32000,376,0.50376419184019472,0.80099056859950635
6,32000,377,0.7444402371252683,0.28216143906612889
6,32000,378,0.064783619055823707,0.78452662326270572
6,32000,379,0.42458298691126911,0.42669735935524722
6,32000,380,0.99785231515113404,0.98338630387313664
6,32000,381,0.64278254464491213,0.59042509471657212
6,32000,382,0.11256557045294252,0.94179456290154562
6,32000,383,0.4115066483682267,0.37125334863988385
6,32000,384,0.48645169912085384,0.77902797733332252
6,32000,385,0.98928513498682058,0.40793821072758563
6,32000,386,0.28227318914361987,0.37519189982481621
6,32000,387,0.47966208939811117,0.45034714515365182
6,32000,388,0.92592437189058119,0.35914446514712656
6,32000,389,0.81747323502053137,0.63281177993115811
6,32000,390,0.76680685855268793,0.29350163556427888
6,32000,391,0.89380189660642184,0.29730527967456027
6,32000,392,0.61245727112441661,0.13432842974650663
6,32000,393,0.99550256307178808,0.23999914577846534
6,32000,394,0.74743925394673716,0.28995760895821271
6,32000,395,0.23821482539874461,0.0061388057068038331
6,32000,396,0.19063685651676968,0.86407324238922434
6,32000,397,0.49148234126997592,0.60696050054500972
6,32000,398,0.66488937999511388,0.94322734016662158
6,32000,399,0.76898806914424356,0.8553659210550284
6,32000,400,0.99193874193470699,0.16362412229990941
6,32000,401,0.0034983039825172133,0.26935936941077332
6,32000,402,0.33254207280268255,0.019880992394258303
6,32000,403,0.11029171105021097,0.82814961337995918
6,32000,404,0.32617477355599661,0.53550617573084336
6,32000,405,0.060503870282964042,0.5913842873692573
6,32000,406,0.29387839061284443,0.866351526831036
6,32000,407,0.022854473351615886,0.44844160359423973
6,32000,408,0.42553375934923537,0.22822694257257992
6,32000,409,0.94717994267527628,0.76488699085742107
6,32000,410,0.614125652498691,0.57478745295913991
6,32000,411,2.9396573398668596e-10,0.10322761167359525
6,32000,412,0.0020431110234293477,0.3119414437474412
6,32000,413,0.94529268800702082,0.46781127907246689
6,32000,414,0.6372957045994373,0.74518941198527267
6,32000,415,0.58100497436472553,0.4505435816242207
6,32000,416,0.54038600746383325,0.26446493545162025
6,32000,417,0.7815933106415871,0.27132610171814231
6,32000,418,0.00068140553620156129,0.15414884118025612
6,32000,419,0.32566056651199782,0.06408784010001746
6,32000,420,0.84269184483585469,0.15208878499198014
6,32000,421,0.64819395191104934,0.17986018048267916
6,32000,422,0.98383710689297299,0.71430852288214353
6,32000,423,4.779221332324707e-08,0.19088393412080257
6,32000,424,0.24127301177965074,0.48523624334985127
6,32000,425,0.75854156099714387,0.06259780057989224
6,32000,426,0.90176494044067446,0.98821220996391379
6,32000,427,0.67113157390469269,0.76980388569275848
6,32000,428,0.69529295742198916,0.54288253218750571
6,32000,429,0.41783552659211093,0.89403163457904755
6,32000,430,0.79252530748730632,0.54140079926343332
6,32000,431,0.21201874241266846,0.24282007633771527
6,32000,432,0.15058051873568459,0.76029614701992509
6,32000,433,0.87387918246199803,0.24425457848889126
6,32000,434,0.23637417215770828,0.35373029551964907
6,32000,435,0.046371287424030155,0.60740044184581232
6,32000,436,0.15753580460732472,0.49540019926732959
6,32000,437,0.5648590593544851,0.47240300419084602
6,32000,438,0.4897381630274299,0.52798964782592639
6,32000,439,0.90564848313173418,0.75460125317724736
6,32000,440,0.19621979235595016,0.30010454249297708
6,32000,441,0.96412072801804916,0.59229799188480192
6,32000,442,0.45130302730364619,0.56686607555545654
6,32000,443,0.46616386319484193,0.16641074826606264
6,32000,444,0.13840374966946031,0.087290534455406438
6,32000,445,0.78427159817624403,0.99110049959608548
6,32000,446,0.55737276872340469,0.079442538464287157
6,32000,447,0.78086288748888211,0.47949956484178013
6,32000,448,0.16578479577513947,0.52594356975114365
6,32000,449,0.092318223092006144,0.38753453106622815
6,32000,450,0.55570483526368952,0.090072215195806576
6,32000,451,0.36436417180974767,0.73757408256724988
6,32000,452,0.28626251574725736,0.72404270340812926
6,32000,453,0.99657184660880149,0.4378924695185204
6,32000,454,0.89573936832557555,0.58655657581862441
6,32000,455,0.32512621682569171,0.073637538821176005
6,32000,456,0.71512838981996996,0.85770695206791092
6,32000,457,0.029721258758766231,0.43563835783717592
6,32000,458,0.93085170219258373,0.32895319017518299
6,32000,459,0.77597307289763973,0.12437354287858146
6,32000,460,0.18595757233960239,0.98312695334670785
6,32000,461,0.64715967735660962,0.58236344085107028
6,32000,462,0.84318751038445683,0.51584949763811816
6,32000,463,0.47893553813323853,0.76262797670906934
6,32000,464,0.00082799525735964389,0.47069402638864577
6,32000,465,0.22043581773708734,0.85699884934001103
6,32000,466,0.25932806520419288,0.17216385093874689
6,32000,467,0.18840149539022003,0.96835442498182867
6,32000,468,0.87071700405295149,0.5982899822137584
6,32000,469,0.775236580330118,0.3904067587119433
6,32000,470,0.5959844649650895,0.032737485066936169
6,32000,471,0.41523902369637544,0.41822428471108064
6,32000,472,0.43506860285956939,0.73570837023536373
6,32000,473,0.51150000844304055,0.0015981826306601314
6,32000,474,0.7113742130106957,0.21813979765662322
6,32000,475,0.59738359470384295,0.52153101865197993
6,32000,476,0.92830753054177295,0.79589317329395526
6,32000,477,0.63125534010327367,0.97001046619359788
6,32000,478,0.32914529306432239,0.7114276801292212
6,32000,479,0.99839516278108853,0.832446661127768
6,32000,480,0.79131335820926685,0.76404441477515428
6,32000,481,0.27889148866124852,0.64387641743261859
6,32000,482,0.35213412276099026,0.10682047694336677
6,32000,483,0.23108095142066232,0.52825325252014022
6,32000,484,0.78808664289515051,0.31557203286655083
6,32000,485,0.86929747632622822,0.2450329832868785
6,32000,486,0.17982698457675236,0.89415163063306879
6,32000,487,0.51232508968981483,0.29771694507116819
6,32000,488,0.57027173087919203,0.049256577353912034
6,32000,489,0.75092315421869094,0.50090127182678912
6,32000,490,0.78663856621832251,0.97846605863523606
6,32000,491,0.65201360515270523,0.64295825197616485
6,32000,492,0.018821936182776337,0.18913940486746408
6,32000,493,0.060953752513068039,0.20192565243563679
6,32000,494,0.65910231305922096,0.37947665051647639
6,32000,495,0.55519765475228133,0.82172453491685871
6,32000,496,0.2022594860516424,0.68219949171492722
6,32000,497,0.21192136179766191,0.55547870664524368
6,32000,498,0.57687459843137412,0.55057689312772717
6,32000,499,0.99766767410353896,0.57510121452516416
6,32000,500,0.54496756822299541,0.71300739532663737
6,32000,501,0.98393338441431044,0.96009165336557822
6,32000,502,0.64322759056280976,0.39132608500198246
6,32000,503,0.35508866588991567,0.040489642485378674
6,32000,504,0.64564192008775168,0.70130239282856011
6,32000,505,0.67523857362717243,0.61545267606973941
6,32000,506,0.84575101940378672,0.20090534316175854
6,32000,507,0.13352494468406914,0.089186145101674941
6,32000,508,0.38566119013222433,0.52244969684860165
6,32000,509,0.36550252070176409,0.80311025253926882
6,32000,510,0.51562038758552509,0.65523277748253217
6,32000,511,0.91695341306540146,0.167785772203494
6,32000,512,0.71640301491313529,0.77947120968606431
6,32000,513,0.73912031187978589,0.51978822380937384
6,32000,514,0.27120039612332913,0.46680265058246673
6,32000,515,0.9962612295354828,0.33014300697757681
6,32000,516,0.21291504309244769,0.06769344583780805
6,32000,517,0.87965750278158394,0.6128400179588126
6,32000,518,0.64377823873850171,0.32804957107229193
6,32000,519,0.0071953414134187316,0.59492875663763922
6,32000,520,0.96099807753387567,0.38547924766558472
6,32000,521,0.9994527023068156,0.40054692553679899
6,32000,522,0.78263723721260059,0.33448159571244501
6,32000,523,0.70170954684453279,0.47490767104039944
6,32000,524,0.88127619301963922,0.39428933830418866
6,32000,525,0.017735241243268009,0.22687798212983287
6,32000,526,0.58393569409198265,0.9238458789609082
6,32000,527,0.20346798825856641,0.37325107143628877
6,32000,528,0.023508310289778286,0.28829982021491835
6,32000,529,0.90271994208421824,0.57280997468194106
6,32000,530,0.084696996383301304,0.13517499189637014
6,32000,531,0.4471008425755667,0.48058693207451519
6,32000,532,0.59562496501851636,0.6824749527535563
6,32000,533,0.97314188045261607,0.36020663188705898
6,32000,534,0.0525584180346114,0.55600520404233789
6,32000,535,0.26896375839755493,0.65434536009746513
6,32000,536,0.11938152911134295,0.3203776829934063
6,32000,537,0.075399363604332845,0.0013510498563439994
6,32000,538,0.49074951866192129,0.35297417905484502
6,32000,539,0.93960523409900099,0.85729885773044145
6,32000,540,0.0019603593676667504,0.88327271620229064
6,32000,541,0.583734968673152,0.82007798946373223
6,32000,542,0.98025962592652971,0.23433259220214242
6,32000,543,0.91490569622416196,0.4644327670774745
6,32000,544,0.23912832108988669,0.039167869259913876
6,32000,545,0.37170874131424575,0.29735487266640681
6,32000,546,0.67629524380652994,0.4819359648560031
6,32000,547,0.1778818505977868,0.61178546690818592
6,32000,548,0.27102684324532189,0.054824908434683246
6,32000,549,0.45484325378873952,0.6747943958614423
6,32000,550,0.85167557389919768,0.62644763800046022
6,32000,551,0.22470648135924112,0.99123761849957581
6,32000,552,0.49865904556227947,0.1087755922160713
6,32000,553,0.0091250378725206294,0.91631589603579733
6,32000,554,0.11753680678006125,0.30947426324538391
6,32000,555,0.82438735686588416,0.40777767334012466
6,32000,556,0.98866783294375926,0.074283794081433596
6,32000,557,0.59698632807599938,0.66406129159316341
6,32000,558,0.51090991744513536,0.83717464381477891
6,32000,559,0.50267599977034205,0.75067643596433986
6,32000,560,0.00011930750795446498,0.96927835102134907
6,32000,561,0.84405728480818332,0.19715764647126996
6,32000,562,0.32171710279256344,0.64616847819203072
6,32000,563,0.3159848175138158,0.34664067922962244
6,32000,564,0.011321331814926828,0.7001286531161347
6,32000,565,0.92969500498347823,0.45464004118978169
6,32000,566,0.54016566455340098,0.057952095862142054
6,32000,567,0.73837631607750587,0.031165517727264488
6,32000,568,0.9484298675911208,0.82824650878298889
6,32000,569,0.4626503611410675,0.61528201331083876
6,32000,570,0.048765286920274008,0.76423048651336956
6,32000,571,0.61663795830763279,0.86933734039522459
6,32000,572,0.98354111572271785,0.84448167036960309
6,32000,573,0.85766485648385249,0.41404642051339696
6,32000,574,0.13499633320467311,0.4374636467743569
6,32000,575,0.85835689830962481,0.87809620798079435
6,32000,576,0.92904356402752231,0.5768476796399723
6,32000,577,0.33773889046302658,0.77862604716425143
6,32000,578,0.0029521776595810532,0.41793279595992899
6,32000,579,0.68538820063265182,0.22585460331328475
6,32000,580,0.91476234720952865,0.12969454149665852
6,32000,581,0.75479155873611359,0.43507097755240004
6,32000,582,0.41374373666246689,0.12725428153139101
6,32000,583,0.56586860831538399,0.67781652740846932
6,32000,584,0.53538236716082932,0.30458556517503332
6,32000,585,0.01217723951718998,0.75114828026506231
6,32000,586,0.485236746508665,0.84397943050768043
6,32000,587,0.089074937208607666,0.008345451239197707
6,32000,588,0.40938437072288214,0.8958920034494996
6,32000,589,0.96306875808881887,0.53347004593845404
6,32000,590,0.90515106393912426,0.92474775470037485
6,32000,591,0.64491039683743057,0.4720596900671199
6,32000,592,0.63954739750776235,0.57157559432405869
6,32000,593,0.30767671141262443,0.84368943121401518
6,32000,594,0.70413632366055945,0.93662819276677023
6,32000,595,0.043294263886688937,0.40129906107652796
6,32000,596,0.59807694347048923,0.63070853751871891
6,32000,597,0.81010313491784958,0.25789336316149425
6,32000,598,0.84521306168847288,0.58944697234029342
6,32000,599,0.027213292722922638,0.24005057203988556
6,32000,600,0.65106555460401472,0.73119267880506622
6,32000,601,0.096289806414001852,0.29718602284917989
6,32000,602,0.6287536577328996,0.19781659358172993
6,32000,603,0.78324243189457055,0.24317003771771117
6,32000,604,0.37704248708613397,0.40680538989067705
6,32000,605,0.5899923557903235,0.50029460663328562
6,32000,606,0.64470656671255899,0.45931831845424687
6,32000,607,0.33602852070208067,0.44720757323715737
6,32000,608,0.38533713540025755,0.50549933568617134
6,32000,609,0.038204893007875322,0.8213886941978068
6,32000,610,0.37557496288446079,0.87825457344093105
6,32000,611,0.33228675985155542,0.1697486061011437
6,32000,612,0.26261039235031119,0.78234061541887379
6,32000,613,0.64951071621841872,0.25539275477690415
6,32000,614,0.63341968560307882,0.98789387782306159
6,32000,615,0.19337280878002974,0.7258742251125595
6,32000,616,0.37598657458438739,0.81032660515399346
6,32000,617,0.84306358768684486,0.87901915669572528
6,32000,618,0.812681683617682,0.08124494462885723
6,32000,619,0.88661789243779199,0.29399529364260779
6,32000,620,0.6025020114762899,0.55004448094173575
6,32000,621,0.75930733412432627,0.78180226656465424
6,32000,622,0.95949253939480483,0.99947573628471942
6,32000,623,0.18169154184401407,0.92257211776356673
6,32000,624,0.88963807512621407,0.74503766523262238
6,32000,625,0.96217002557842402,0.83709061014899588
6,32000,626,0.44540905311376461,0.52857603212241044
6,32000,627,0.45548975894939625,0.38022769565439546
6,32000,628,0.27940280910018012,0.99678555727591778
6,32000,629,0.96406399087926631,0.40440860799114359
6,32000,630,0.99975955411048645,0.829213866066417
6,32000,631,0.69526636924221341,0.3828129094944735
6,32000,632,0.94745792125035366,0.94725341769172067
6,32000,633,0.35478743490916276,0.087086276688758374
6,32000,634,0.093867252625731895,0.41816209036421964
6,32000,635,0.89909588294393616,0.33126248497212918
6,32000,636,0.5033853660759835,0.74487140536944829
6,32000,637,0.526990317102493,0.50629879689311941
6,32000,638,0.98649874426188056,0.24092193948037485
6,32000,639,0.98032887823568615,0.28905638888235674
6,32000,640,0.98574731960488282,0.17255457899911716
6,32000,641,0.6157757511845412,0.90339074988511936
6,32000,642,0.73017627342534075,0.78995418429905706
6,32000,643,0.5735034964359319,0.42161869884260472
6,32000,644,0.4432543726626883,0.29239157260211646
6,32000,645,0.33673581297152277,0.73070514609344261
6,32000,646,0.42989592558172335,0.12732310565681759
6,32000,647,0.75119817816129131,0.97850637026547316
6,32000,648,0.59225707137769767,0.91671513746649547
6,32000,649,0.032817271272093322,0.96936739160826901
6,32000,650,0.73228579737294008,0.18851044311885759
6,32000,651,0.90523278165279919,0.57963845001378111
6,32000,652,0.99040675729428007,0.32275914588700044
6,32000,653,0.88900321975928009,0.31772896970205067
6,32000,654,0.26106088947789402,0.44117045262012117
6,32000,655,0.88511650317167168,0.64026455528583515
6,32000,656,0.16844867807890557,0.52282044212430967
6,32000,657,0.85973107339230259,0.76007755438226998
6,32000,658,0.80508023058078271,0.85753300734880988
6,32000,659,0.18856280118316188,0.99401482464063673
6,32000,660,0.86689387519716687,0.10133666615069002
6,32000,661,0.792529977794871,0.26644341548537526
6,32000,662,0.73755678063788976,0.59894677495967774
6,32000,663,0.18876292423533558,0.79371211158452915
6,32000,664,0.76131352602238034,0.71514976658896257
6,32000,665,0.20666857066590127,0.43534797776479717
6,32000,666,0.4216820712189468,0.34961121619772961
6,32000,667,0.54866169488849015,0.096352193360443941
6,32000,668,0.99768991183173883,0.057791424768622326
6,32000,669,0.86823519754975043,0.68393512090316078
6,32000,670,0.92074178385706873,0.28017397344310857
6,32000,671,0.82799829050033114,0.44078658907186757
6,32000,672,0.33368347771142454,0.58427611363481091
6,32000,673,0.44064142515354965,0.91855790123587533
6,32000,674,0.95241977609099904,0.32143397148619751
6,32000,675,0.5169492636174271,0.89136375810475299
6,32000,676,0.46252414691643107,0.93713284639251548
6,32000,677,0.94946594488772607,0.69612119228081804
6,32000,678,0.79688974082815422,0.67305481595428807
6,32000,679,0.25518184757230239,0.91383967784195841
6,32000,680,0.55952892405116461,0.67616026212138491
6,32000,681,0.93470905430308193,0.41390014338301595
6,32000,682,0.38336168438409846,0.49613122934949005
6,32000,683,0.35042327788523336,0.99370040379733415
6,32000,684,0.67866919913724599,0.53514822002511198
6,32000,685,0.92657448574676926,0.73100579495402085
6,32000,686,0.11809693767276117,0.83058288078310172
6,32000,687,0.55913196914195606,0.11427338117361975
6,32000,688,0.92820540738157031,0.0083569815338414965
6,32000,689,0.84422605150475016,0.90593351312396841
6,32000,690,0.97102659676562031,0.86422869628875509
6,32000,691,0.79844815134841396,0.44418277862104288
6,32000,692,0.86218435581790276,0.025841160628331999
6,32000,693,0.76395653837926525,0.60402098710418162
6,32000,694,0.37512488834404145,0.6636989635565691
6,32000,695,0.88569343792008859,0.3774732877378319
6,32000,696,0.84762430405462208,0.59458750837065821
6,32000,697,0.81335838832280105,0.48439337722850528
6,32000,698,0.45390114928022457,0.83962779028807533
6,32000,699,0.65895236540986246,0.77379832424580586
6,32000,700,0.84857399591614779,0.85908224286287771
6,32000,701,0.80800258457585705,0.1100682402252675
6,32000,702,0.46026801271795015,0.079835224224942977
6,32000,703,0.51750356666430153,0.49048471198902488
6,32000,704,0.45089450908634948,0.59004700209985939
6,32000,705,0.43246927341103092,0.97683966107424225
6,32000,706,0.074069046610389419,0.1061158347419954
6,32000,707,0.23696685973484236,0.75620762235732586
6,32000,708,0.95574727591395214,0.27089644371217891
6,32000,709,0.45494110150838329,0.31276544915913179
6,32000,710,0.47257207805412937,0.61857811954560038
6,32000,711,0.81114437806676098,0.81006596290172173
6,32000,712,0.53426798717995183,0.39985154353527519
6,32000,713,0.78381414747290812,0.017279674579938255
6,32000,714,0.32537682248749045,0.13566963994960832
6,32000,715,0.90560490905813351,0.045905785453015019
6,32000,716,0.92100760779747048,0.56831184355359965
6,32000,717,0.16014354539491532,0.24335091939721382
6,32000,718,0.55413442670948121,0.88721339685335743
6,32000,719,0.4656321016253242,0.57169146229468604
6,32000,720,0.27764751554925227,0.54944651533519195
6,32000,721,0.57315354456722689,0.41531345082652765
6,32000,722,0.048942246920931298,0.82751811184493995
6,32000,723,0.95765957395881762,0.48416895763733758
6,32000,724,0.64298607851297784,0.091099312179123301
6,32000,725,0.2347332374373271,0.45077862917499145
6,32000,726,0.086680261774884693,0.55414232768009974
6,32000,727,0.049259796387340571,0.75514402022247884
6,32000,728,7.6371023130602532e-07,0.81618626395884242
6,32000,729,0.63569445423360205,0.97661040651004305
6,32000,730,0.88242822656400544,0.58765879341634997
6,32000,731,0.52762783795315837,0.49406999681226704
6,32000,732,0.23958368854908987,0.085096633424395593
6,32000,733,0.38167974685231182,0.99249517362446305
6,32000,734,0.7327824191433604,0.28549836738950424
6,32000,735,0.8659865894771559,0.87703962475241715
6,32000,736,0.024089648312408098,0.068497556352197952
6,32000,737,0.47143163084306461,0.86925207983742392
6,32000,738,0.71688722261594573,0.13061868554293424
6,32000,739,0.63492378720066467,0.59854426214216372
6,32000,740,0.38882002147010303,0.62701084724942424
6,32000,741,0.55774201107821542,0.78768408934785106
6,32000,742,0.99828280811750802,0.85923990476494749
6,32000,743,0.21895547778827765,0.01529839490185458
6,32000,744,0.66048177231591709,0.44257222594662921
6,32000,745,0.87015320802724472,0.45985976515193328
6,32000,746,0.28572555098086405,0.14682512889218469
6,32000,747,0.040183587000219602,0.47840175463265655
6,32000,748,0.45155884897177856,0.53080757706058534
6,32000,749,0.35353218979220152,0.90068559104138357
6,32000,750,0.55071918169500456,0.021560961853031229
6,32000,751,0.91535140113203295,0.18391846176411938
6,32000,752,0.24688487107079518,0.85288985278034701
6,32000,753,0.72762316714904685,0.52711121389261684
6,32000,754,0.69253723595547179,0.38482889548508498
6,32000,755,0.073194793086798479,0.57771931009876032
6,32000,756,0.89741216915528554,0.38535187189633385
6,32000,757,0.38268825283225011,0.45580635965197341
6,32000,758,0.99829621862290585,0.89935807059408779
6,32000,759,0.42699254250795227,0.23625350003946
6,32000,760,0.21446001042422796,0.14725527528791316
6,32000,761,0.59107534878885237,0.43961177858535966
6,32000,762,0.47057526698658714,0.58408349425766115
6,32000,763,0.48160175213039647,0.62313113588745417
6,32000,764,0.58677477306639658,0.27982389027773058
6,32000,765,0.76464765125233691,0.97734454621476663
6,32000,766,0.75048908731252739,0.11705025798325772
6,32000,767,0.49946404582072546,0.64189526977366773
6,32000,768,0.32399955652306844,0.069122063374601833
6,32000,769,0.99344952746170456,0.67988925409604206
6,32000,770,0.94200200836644665,0.4427432994059779
6,32000,771,0.91123347263874832,0.68615155083465695
6,32000,772,0.0047359028880887373,0.45776316688817964
6,32000,773,0.47333185085486251,0.90480905658894506
6,32000,774,0.97512754849569583,0.83911502453942755
6,32000,775,0.69447256866096208,0.45776877750148937
6,32000,776,0.70688444086704627,0.15040839425538743
6,32000,777,0.074982291063129008,0.81369350769276594
6,32000,778,0.77610434241288029,0.63178586438452378
6,32000,779,0.24413649338397281,0.084569870083116866
6,32000,780,0.66238401908543776,0.30416578968315278
6,32000,781,0.13357941784956145,0.38614725482856149
6,32000,782,0.10411925314904884,0.99849769559592849
6,32000,783,0.27260798986119078,0.10890849411104991
6,32000,784,0.54656354317499212,0.84562825835482469
6,32000,785,0.77422799044602519,0.17175015678983335
6,32000,786,0.79506831002531209,0.10347846788536748
6,32000,787,0.073581485035984176,0.94614589870276999
6,32000,788,0.3538129024101323,0.40514587082890996
6,32000,789,0.25805732762125738,0.46967418426920782
6,32000,790,0.58321539941393241,0.31971526887812707
6,32000,791,0.0063426271901108628,0.18479507018574867
6,32000,792,0.97127223075027336,0.12157929945965719
6,32000,793,0.52613816923111933,0.79539350272896958
6,32000,794,0.040076160348320858,0.4782493355089229
6,32000,795,0.33389967029463036,0.45271493390172435
6,32000,796,0.7476453545386349,0.88505369666668687
6,32000,797,0.020101292564525666,0.8627642397450046
6,32000,798,0.16000016741393047,0.48584005209155867
6,32000,799,0.15805044848037045,0.90462722148587371
6,32000,800,0.28049671962556139,0.21541733310723596
6,32000,801,0.040103200952497205,0.79315613900952087
6,32000,802,0.50293495995299708,0.32280734280394618
6,32000,803,0.29239515743492717,0.79334744877423025
6,32000,804,0.63876854095581681,0.50589951302300629
6,32000,805,0.45770899429737699,0.46489109762870118
6,32000,806,0.95918853477017507,0.69881404889964793
6,32000,807,0.0016621009942796973,0.77576799180092482
6,32000,808,0.59818711265207647,0.24857726026732579
6,32000,809,0.2034236366044489,0.53997142280432719
6,32000,810,0.59837465382508415,0.90029566031372077
6,32000,811,0.63298218114742411,0.52965065576854242
6,32000,812,0.90609500471374305,0.49549472303767139
6,32000,813,0.85558776797793445,0.96918525236772268
6,32000,814,0.051915340167616571,0.46798400824476072
6,32000,815,0.10557515370021654,0.53491744852912981
6,32000,816,0.00021104039430783932,0.85959790522630053
6,32000,817,0.86687488243062016,0.32847107868300512
6,32000,818,0.72016915846698903,0.42729384168484674
6,32000,819,0.13017896684480373,0.25697421682369487
6,32000,820,0.89640472562748064,0.5643551100218327
6,32000,821,0.69725834442862944,0.74889548332972067
6,32000,822,0.80622372261620345,0.15259871223694813
6,32000,823,0.90211041351065879,0.75581408721154042
6,32000,824,0.88949060180018813,0.79577551118448608
6,32000,825,0.85444329381060313,0.92319094957060632
6,32000,826,0.16656335519823193,0.19260283408229134
6,32000,827,0.66391814396674387,0.13030001604444977
6,32000,828,0.70915822305693499,0.48614389210635034
6,32000,829,0.40468897789139058,0.17444615699331631
6,32000,830,0.98887439404737199,0.13357247831412164
6,32000,831,0.95153537413006495,0.1610037304993642
6,32000,832,0.34028420560531319,0.75766623439790282
6,32000,833,4.2581730590483787e-07,0.11962550939355075
6,32000,834,0.43058746324497221,0.1394556356443252
6,32000,835,0.84685556822785646,0.83485935544683476
6,32000,836,0.4532815855236329,0.45398777091883447
6,32000,837,0.98916719466838221,0.93818035390830168
6,32000,838,0.59930311087307886,0.20319803351729579
6,32000,839,0.31755659981095052,0.7923564956379503
6,32000,840,0.64227750983360254,0.17733041976803549
6,32000,841,0.90922409753935185,0.68553000534437813
6,32000,842,0.26333931391649018,0.25252984018159386
6,32000,843,0.86150072809329947,0.21269646202418677
6,32000,844,0.14467279871589012,0.80117570953909256
6,32000,845,0.63139087668890215,0.34035432143005018
6,32000,846,0.55471240194919236,0.66851310229889138
6,32000,847,0.48663059114821783,0.68667424555103651
6,32000,848,0.45673835698291432,0.75359987431763797
6,32000,849,0.67774348828900077,0.73771011218166327
6,32000,850,0.83363786199358569,0.28947731286695388
6,32000,851,0.44628069941283482,0.16618043270975247
6,32000,852,0.096104848132456455,0.030774694791740099
6,32000,853,0.87218086341707379,0.86797675681229813
6,32000,854,0.08719945111961494,0.61313170020252483
6,32000,855,0.85306364963395054,0.93776992658649083
6,32000,856,7.7860915243765765e-06,0.80935382171505998
6,32000,857,0.3155662040456047,0.30217200429943453
6,32000,858,0.91896747710975224,0.46253250824611158
6,32000,859,0.25743492334900692,0.30782504345651013
6,32000,860,0.43424646092698199,0.55182883038284214
6,32000,861,0.61485264652288629,0.93095232406906636
6,32000,862,0.56822918811940748,0.2229206934340805
6,32000,863,0.92279837401074061,0.12095335295207534
6,32000,864,0.76780905337756666,0.65740750915156199
6,32000,865,5.5063317241945808e-06,0.35637576275799732
6,32000,866,0.74581764617868107,0.21008958912621561
6,32000,867,0.99727238766728876,0.90720462544143077
6,32000,868,0.53705844686176307,0.51543840502168048
6,32000,869,0.70503242941884936,0.037644060966156356
6,32000,870,0.81765860697505832,0.66356510101618138
6,32000,871,0.69701856701430298,0.77748265997570476
6,32000,872,0.346585597625374,0.49903048154344476
6,32000,873,0.55339416565018296,0.50253646959640053
6,32000,874,0.39857091193152505,0.36188405791024625
6,32000,875,0.82184556040717505,0.30039788438394643
6,32000,876,0.55689941482888905,0.86486169449217565
6,32000,877,0.0046920758761745743,0.39538258658640951
6,32000,878,0.11625485187417375,0.042102028353959105
6,32000,879,0.21968154561808914,0.4608280448085621
6,32000,880,0.20159688477038198,0.57394793078910733
6,32000,881,0.84567341349937319,0.83723520499662329
6,32000,882,0.6151462290959504,0.29016149862998547
6,32000,883,0.98378669312559253,0.54890684203587969
6,32000,884,0.30586481155637951,0.30195236512159668
6,32000,885,0.25967262631720983,0.59092661342850816
6,32000,886,0.0012645130440712231,0.48438209462149062
6,32000,887,0.67274642400389795,0.19066940431620458
6,32000,888,0.2279714555689146,0.23800901496547833
6,32000,889,0.072097967565257576,0.52574722631833315
6,32000,890,0.32214747630405333,0.49989090585598217
6,32000,891,0.0039545879533045645,0.84561476192962681
6,32000,892,0.7762270535695448,0.32287901075604902
6,32000,893,0.39935434144111487,0.55122049013905428
6,32000,894,0.67904312427683844,0.31559582104206313
6,32000,895,0.99132861960734353,0.097188016182474177
6,32000,896,0.65638224017129265,0.33674356466318883
6,32000,897,0.75498456820363935,0.84862551292150545
6,32000,898,0.019080777889323337,0.095053121394216289
6,32000,899,0.7733934994426821,0.73834855074328831
6,32000,900,0.20890018884213224,0.31608503677040029
6,32000,901,0.72658108562581625,0.11282361533152185
6,32000,902,0.62022784623860339,0.78824382829314754
6,32000,903,0.7716723361761586,0.24855022072021055
6,32000,904,0.51051806528434462,0.9759292629435472
6,32000,905,0.68126095105709594,0.37607507874494678
6,32000,906,0.24518386145647109,0.44177390500728259
6,32000,907,0.43589556644555083,0.17155884032166746
6,32000,908,0.83500026064893762,0.27421076075979278
6,32000,909,0.013876326433019951,0.93861097986141317
6,32000,910,0.92823006161537647,0.0023431571361960139
6,32000,911,0.74166521228013149,0.5941143377611342
6,32000,912,0.55633299522129165,0.61215320602108858
6,32000,913,0.77300278631930441,0.72530805652155084
6,32000,914,0.74483808881429814,0.84203624227499407
6,32000,915,0.26803313459301265,0.85764003762912466
6,32000,916,0.0063754449948647887,0.66497660943487757
6,32000,917,0.043090090972546666,0.26488293601375718
6,32000,918,0.053889160216410527,0.10908417337710703
6,32000,919,0.13239012750831627,0.64866987516761199
6,32000,920,0.64670449043952438,0.88254384506808981
6,32000,921,0.82689967915312323,0.19886018806989858
6,32000,922,0.99327224261231717,0.20726638444390949
6,32000,923,0.26663462626912154,0.26651862447594277
6,32000,924,0.7438903375781819,0.17824677826294891
6,32000,925,0.40784068867246775,0.23598062084559482
6,32000,926,0.65053817269683889,0.88292981252070879
6,32000,927,0.06094336097381569,0.98819959550141534
6,32000,928,0.73286433377371929,0.29756726979378617
6,32000,929,0.94417590468807266,0.47347642982218197
6,32000,930,0.9788620494102489,0.86926464960913141
6,32000,931,0.99999999998246836,0.82494458614299015
6,32000,932,0.75280359246135209,0.89349198795349261
6,32000,933,0.46829178511488267,0.99547235560488478
6,32000,934,0.3475583075082479,0.88007899439709647
6,32000,935,0.93370801530197911,0.9238229357170471
6,32000,936,0.77282407350231819,0.27164212279996508
6,32000,937,0.022281380754225939,0.4435520835556796
6,32000,938,0.84860810529875885,0.59562404522818546
6,32000,939,0.21095083144131371,0.20937309431389295
6,32000,940,0.26002418470312316,0.73876951099049371
6,32000,941,0.69623853204646813,0.87752038277620747
6,32000,942,0.075472520453819164,0.78826675512142541
6,32000,943,0.87565400966170859,0.21085820509859365
6,32000,944,0.51343174961988058,0.88217096875296241
6,32000,945,0.55871945569496717,0.9907742225005215
6,32000,946,0.12785845612428098,0.013530712631543098
6,32000,947,0.28179188629217994,0.13163819463416673
6,32000,948,0.46210433931006378,0.15819198730496628
6,32000,949,0.0093057292948810627,0.44160763190583791
6,32000,950,0.45614530190918801,0.52059604926393921
6,32000,951,0.10676332026350262,0.79971435476928565
6,32000,952,0.99999999966269115,0.18212717928448621
6,32000,953,0.99693619870637995,0.17577481214744789
6,32000,954,0.31218621294130477,0.097331886931620953
6,32000,955,0.0077325108613629017,0.99862963134944782
6,32000,956,0.53796400660949151,0.2853883932795937
6,32000,957,0.91824670135819575,0.58738228481730026
6,32000,958,0.20794579735035279,0.3155220201515499
6,32000,959,0.15481704268097105,0.79639089330344381
6,32000,960,0.25950098956061701,0.71714548295691172
6,32000,961,0.08514084380308698,0.74800581450912218
6,32000,962,0.97821309497528008,0.71450752996413491
6,32000,963,0.032730285183086974,0.95235960582039469
6,32000,964,0.82754531918641938,0.5372071153127107
6,32000,965,0.82519780075710658,0.8518648712893615
6,32000,966,0.73462518658745579,0.99114949770532945
6,32000,967,0.80706786167514322,0.58027621854792566
6,32000,968,0.64883320094152863,0.51751661530249726
6,32000,969,0.30288317219736416,0.76669339004863923
6,32000,970,0.86192097553827507,0.58350524401852655
6,32000,971,0.63500981223196029,0.78549597600377929
6,32000,972,0.8650399017000916,0.093626951607746672
6,32000,973,0.10867747958902693,0.077432577625231966
6,32000,974,0.57646932802769235,0.87741465526859852
6,32000,975,0.060419247260773849,0.94789965000212972
6,32000,976,0.62295787098182243,0.61783021792584825
6,32000,977,0.97008712171128186,0.153127204832817
6,32000,978,0.8871935589385721,0.8846764359445457
6,32000,979,0.870194983974792,0.22057631676583281
6,32000,980,0.95027393821196982,0.46178999965072465
6,32000,981,0.36091981157553221,0.099073109292025091
6,32000,982,0.54111486583046653,0.66138168276094467
6,32000,983,0.36744015506230571,0.2360453935261253
6,32000,984,0.51713579790867847,0.29974768947945668
6,32000,985,0.41039137159206868,0.12877194316822521
6,32000,986,0.25944149664711114,0.31107242348368891
6,32000,987,0.050907700136645147,0.64658846465042363
6,32000,988,0.57652818220586244,0.16247917831157307
6,32000,989,0.53453879695351081,0.55758868391747018
6,32000,990,0.87441365511417235,0.88705682556331023
6,32000,991,0.6047589700420819,0.37146780855807698
6,32000,992,0.74717588705473514,0.36885602857753658
6,32000,993,0.80622354920707162,0.8955952442746643
6,32000,994,0.16054454047760494,0.5199590919688809
6,32000,995,0.13189016309215265,0.15276165552369059
6,32000,996,0.00066502341037776339,0.51478231312822731
6,32000,997,0.66352022069292504,0.53103583758938711
6,32000,998,0.31026086154225224,0.41248721755727791
6,32000,999,0.98726503822576128,0.99072573183835533
6,128000,0,0.71503958295756442,0.71425519609527277
6,128000,1,0.052833869028299792,0.16206578900013729
6,128000,2,0.58967049546059713,0.10464176352568015
6,128000,3,0.32868801279461374,0.75674535798383058
6,128000,4,0.27053435074563081,0.99110538872850873
6,128000,5,0.53731173457849957,0.8792061918449936
6,128000,6,0.79173303166728548,0.48350016820708963
6,128000,7,0.62562869106067942,0.52245381376807309
6,128000,8,0.74488885396934434,0.4705854082159141
6,128000,9,0.9755183357732522,0.82375633118750435
6,128000,10,0.53680002911484359,0.15752130215354404
6,128000,11,0.097006009624239484,0.38640178025933936
6,128000,12,0.22154758458326052,0.34251789518433778
6,128000,13,0.7628282775589742,0.95509338009042632
6,128000,14,0.25079950587667599,0.097546263360000635
6,128000,15,0.59307192378880302,0.62667298283584749
6,128000,16,0.93752284995865187,0.51584831289436217
6,128000,17,0.43965220852264908,0.29257006697360238
6,128000,18,0.081868602267665069,0.010897643919972151
6,128000,19,0.69133602382121684,0.51347721183223904
6,128000,20,0.97400186180537518,0.30891745476001353
6,128000,21,0.79630219501738286,0.38149061090620068
6,128000,22,0.244795775281449,0.22607897155554282
6,128000,23,0.049329043751835285,0.92088120810227059
6,128000,24,0.97910657664295753,0.16543899530299397
6,128000,25,0.57321937376981702,0.30508847181730653
6,128000,26,0.89232767289332315,0.6209011818403577
6,128000,27,0.86546883254918017,0.32218828898142077
6,128000,28,0.88226407447867872,0.70491918581235635
6,128000,29,0.85510093915178709,0.65917060288550022
6,128000,30,0.48620644179066963,0.93829160148541213
6,128000,31,0.97848366199512693,0.51332384852371915
6,128000,32,0.042422457465303445,0.60431600722102274
6,128000,33,0.87533764526409241,0.83601342692043012
6,128000,34,0.80399164516542476,0.59426654629600228
6,128000,35,0.69656779227531984,0.60504894206204651
6,128000,36,0.92984144461789831,0.47879601853944487
6,128000,37,0.90707267565222915,0.9877833556243355
6,128000,38,0.18352974516651405,0.80423862703119853
6,128000,39,0.94725811346813726,0.19600059406906392
6,128000,40,0.13735561188553172,0.047135962500578527
6,128000,41,0.17609227617062148,0.14322773816300866
6,128000,42,0.33033668487477713,0.84558872315001854
6,128000,43,0.54097283477862534,0.97864818236667128
6,128000,44,0.44068151871062178,0.81368953541756028
6,128000,45,0.75880357520868802,0.79246006553892134
6,128000,46,0.9673740884612374,0.71515043172478598
6,128000,47,0.46774095690766671,0.54655495571750867
6,128000,48,0.13225062062064055,0.30910109001940939
6,128000,49,0.20372104539933467,0.95801275027313548
6,128000,50,0.071710278799018229,0.81367308704515096
6,128000,51,0.56545074653347949,0.53847316359561315
6,128000,52,0.53913441746216051,0.46319195936547619
6,128000,53,0.41442319801400229,0.50719422585883145
6,128000,54,0.68931985862908862,0.00041864206541371898
6,128000,55,0.31144031949497991,0.20443762748902267
6,128000,56,0.63631270808537799,0.19872069439530651
6,128000,57,0.47975661807182279,0.051720624316929892
6,128000,58,0.38878170886015428,0.84539528647457807
6,128000,59,0.44903792940839327,0.53763772523920805
6,128000,60,0.99580887596988643,0.32440542462347866
6,128000,61,0.5027218316373181,0.030583561976752698
6,128000,62,0.0053263598789001039,0.44783983373516401
6,128000,63,0.62552819032114737,0.89819816013281129
6,128000,64,0.89258275867044989,0.94710890198618092
6,128000,65,0.76714770104813546,0.023913615931937904
6,128000,66,0.00046595511736959467,0.54649733571846237
6,128000,67,0.99846028221831196,0.40857385232700827
6,128000,68,0.9462020348066108,0.11550931603492025
6,128000,69,0.58097460984150129,0.66614799272164249
6,128000,70,0.03497270277070913,0.21031565348477288
6,128000,71,0.27272222006223285,0.64345643836482069
6,128000,72,0.30661131730901975,0.10523504163026495
6,128000,73,0.90572155077152461,0.20709850225793081
6,128000,74,0.010257173895507383,0.058797877923628679
6,128000,75,0.73123626981446743,0.93739363156933919
6,128000,76,0.99666259057047946,0.26796605548658808
6,128000,77,0.90535872163869702,0.31570647945847041
6,128000,78,0.41938049606730549,0.53729836395787467
6,128000,79,0.1951827605660196,0.40884296169727657
6,128000,80,0.79565189381061119,0.48789147228743546
6,128000,81,0.28494426572137888,0.28199671205007609
6,128000,82,0.51560497032185582,0.66202922811169174
6,128000,83,0.66315216151827605,0.1453257756189853
6,128000,84,0.78255376133405863,0.29990553362723599
6,128000,85,0.6619666557113697,0.76890532178029303
6,128000,86,0.84990212296130718,0.69496309319612393
6,128000,87,0.12186453958974194,0.76005030649141192
6,128000,88,0.57886524025332986,0.53551325022996354
6,128000,89,0.65380615148713572,0.18690683443126899
6,128000,90,0.70057175727524013,0.95310976823916782
6,128000,91,0.89526761201741556,0.64133529365176312
6,128000,92,0.57565131432856032,0.75135578862276819
6,128000,93,0.31924558604059139,0.60310669933733485
6,128000,94,0.85863407283708315,0.67288154813803558
6,128000,95,0.0058821593868761662,0.64645368593472352
6,128000,96,0.0012067295472621728,0.43967797740070647
6,128000,97,0.8634356728952417,0.85867894465322947
6,128000,98,0.051442737838635226,0.74654729508136919
6,128000,99,0.77660411052300993,0.85607750174641262
6,128000,100,0.27252129440217027,0.24295373011855956
6,128000,101,0.1661263607124886,0.3621513890938261
6,128000,102,0.43909845546093607,0.37051475474142787
6,128000,103,0.82236139638980443,0.30301991595319833
6,128000,104,0.43024839282630761,0.79630431240332211
6,128000,105,0.54578285379440183,0.14838217469564319
6,128000,106,0.34270264804485356,0.50022543095587235
6,128000,107,0.78222410550655641,0.4977937875160412
6,128000,108,0.40681761995873666,0.76288829886346665
6,128000,109,0.28940746685565899,0.62125876389127943
6,128000,110,0.65650305117829255,0.75715419279131713
6,128000,111,0.47302074672092398,0.54426219949401911
6,128000,112,0.30056703997018691,0.019761130058483688
6,128000,113,0.98632814108006028,0.65578381253928342
6,128000,114,0.76494252203610436,0.58631028586602585
6,128000,115,0.91768782123268988,0.77453099388251734
6,128000,116,0.20370776589983591,0.11690343734917186
6,128000,117,0.81406050496436921,0.76467366522045666
6,128000,118,0.021110916557554305,0.89829228517611459
6,128000,119,0.013988867435756008,0.15050197152465711
6,128000,120,0.092625823705841825,0.65692428219397458
6,128000,121,0.36260576005854239,0.25361180743300954
6,128000,122,0.61218127473024697,0.53224930418506067
6,128000,123,0.89880056287242371,0.43318631560685439
6,128000,124,0.91995316708204489,0.92780465918722521
6,128000,125,0.2969030990256083,0.38948324411669222
6,128000,126,0.42703851314066632,0.63851447311175702
6,128000,127,0.66313298284291022,0.8180978370447668
6,128000,128,0.83208874251991116,0.58468021811409288
6,128000,129,0.85242720048076936,0.33072482309141876
6,128000,130,0.41546951105017937,0.01357024396422349
6,128000,131,0.97262752407134068,0.10986494781830033
6,128000,132,0.63478577436422756,0.72561375857526622
6,128000,133,0.8393157752418785,0.86223108934579351
6,128000,134,0.59837968431609645,0.86197114103218098
6,128000,135,0.86156907708985964,0.58588516647930233
6,128000,136,0.18213169694019429,0.099361402535091667
6,128000,137,0.13340995329008179,0.4813835675297613
6,128000,138,0.88632839925336093,0.78213273195725375
6,128000,139,0.37549696410852534,0.59882626115833248
6,128000,140,0.23778585382455225,0.092517915185560337
6,128000,141,0.15504189322225662,0.46015781177709392
6,128000,142,0.83583049038326407,0.49189152719198825
6,128000,143,0.86762455884857359,0.43487592369029426
6,128000,144,0.86371380753980032,0.048153216441274564
6,128000,145,0.63190076207395163,0.9531486918365929
6,128000,146,0.29583447835189497,0.93246238470272214
6,128000,147,0.77468352419770869,0.86674048791643254
6,128000,148,0.018772621517844187,0.57352315236322493
6,128000,149,0.3953574721315406,0.48782264412549525
6,128000,150,0.3536932010918164,0.26905890272510535
6,128000,151,0.84920138010507773,0.87509498406934627
6,128000,152,0.53979569427341556,0.074833586665654386
6,128000,153,0.64359015354517124,0.72610127065971952
6,128000,154,0.066550142387487701,0.50877515705986909
6,128000,155,0.8473445385961933,0.3482132760334346
6,128000,156,0.58803069606385494,0.97293673032191275
6,128000,157,0.79788425379350791,0.055011172694053707
6,128000,158,0.45536651789842414,0.072497067965754405
6,128000,159,0.98336590697062232,0.96557363485451442
6,128000,160,0.8713657101812704,0.56831382361871374
6,128000,161,0.31144261525664341,0.14875588893092292
6,128000,162,0.48083817332127443,0.91342126621332465
6,128000,163,0.59905533241160036,0.99722060009770286
6,128000,164,0.0046747984056932359,0.55282972754738036
6,128000,165,0.10377754131793787,0.42710692729485139
6,128000,166,0.86432515632702334,0.49736870099155106
6,128000,167,0.67521706291566819,0.48530561857545884
6,128000,168,0.11786804817369456,0.035297960696741314
6,128000,169,0.62446659161527518,0.21532144258870564
6,128000,170,0.085331650342074294,0.86749408774425918
6,128000,171,0.34647502940393976,0.032929697770097688
6,128000,172,0.70696182597502588,0.36981571647307965
6,128000,173,0.80243421116910563,0.75327302240247651
6,128000,174,0.42881187409904159,0.76300759520323647
6,128000,175,0.56048138608582732,0.56787260041306831
6,128000,176,0.84176037512994217,0.05983361067024176
6,128000,177,0.95194510920483577,0.85047671909256994
6,128000,178,0.83608191910343743,0.13616297801624008
6,128000,179,0.079269374503057793,0.55055373385125361
6,128000,180,0.78714435545441952,0.52621337819942182
6,128000,181,0.21029093464821316,0.73950424509654655
6,128000,182,0.30468924660814445,0.77552358454242676
6,128000,183,0.51207561185644812,0.688696866795244
6,128000,184,0.38817639465382775,0.80976683382263548
6,128000,185,0.022036447646489193,0.24199948661482046
6,128000,186,0.99009331314953297,0.025232849413887603
6,128000,187,0.56898803206582482,0.5808732197977281
6,128000,188,0.92884602751663703,0.053379730938172686
6,128000,189,0.96783023742534013,0.7273236338925575
6,128000,190,0.15230263344074219,0.042024380002403182
6,128000,191,0.78742214423152823,0.57314684574986607
6,128000,192,0.32771056420341549,0.939888320161265
6,128000,193,0.012666542043746459,0.44534008867490937
6,128000,194,2.6171528088360976e-11,0.7375298993578201
6,128000,195,0.026826430950847885,0.36716240384950183
6,128000,196,0.038594609696448567,0.98076044117581784
6,128000,197,0.46422256164401476,0.87305199673003098
6,128000,198,0.20134894214659507,0.028767831367295819
6,128000,199,0.93971197619753577,0.55032283173619834
6,128000,200,0.47577355330124749,0.1447370278803938
6,128000,201,0.21253562715238428,0.18348813959282176
6,128000,202,0.48984797256682866,0.27815127873295181
6,128000,203,0.30603953849655546,0.016616351877284288
6,128000,204,0.72646539838371549,0.57204636868040737
6,128000,205,0.61793853104925045,0.79657349898073204
6,128000,206,0.96022776666287712,0.23302234194744076
6,128000,207,0.652962054906296,0.99417629529866747
6,128000,208,0.39008872600527966,0.049535562590519423
6,128000,209,0.92496184223551914,0.20194306952234184
6,128000,210,0.19380102899658713,0.89084358147177078
6,128000,211,0.44084032138940776,0.5296254385004604
6,128000,212,0.59729273797186322,0.74038670453829591
6,128000,213,0.4823251560910109,0.59459049858666724
6,128000,214,0.8829590704442255,0.97142324825168547
6,128000,215,0.80649779659538134,0.21202393137085962
6,128000,216,0.67646605023791828,0.99582730182292045
6,128000,217,0.91593629452106284,0.058847711008608118
6,128000,218,0.81462906753803577,0.3873618876117304
6,128000,219,0.3780604884615853,0.75605093790626854
6,128000,220,0.16608197880288392,0.38848220197357436
6,128000,221,0.81366400574393583,0.34290232578712204
6,128000,222,0.51420954800165508,0.57880302103076853
6,128000,223,0.59679849368062621,0.49299556214587326
6,128000,224,0.85355365838855257,0.41481922366435664
6,128000,225,0.9044055299147048,0.94241290145968692
6,128000,226,0.52207211588970936,0.48616814216499171
6,128000,227,0.48724643645342125,0.97638437832702918
6,128000,228,0.45421925248344291,0.76009762886672017
6,128000,229,0.55065361618299125,0.53242352923901237
6,128000,230,0.76357516027605365,0.13803938103359278
6,128000,231,0.33797328770105622,0.14672440861632136
6,128000,232,0.97924445268648086,0.82626220642540593
6,128000,233,0.71554670953171284,0.3737381289361898
6,128000,234,0.57197347954058586,0.65964879465513415
6,128000,235,0.54170347619758519,0.9713637955426534
6,128000,236,0.21449673137489206,0.3760566030755777
6,128000,237,0.8115419516305753,0.98021222213984072
6,128000,238,0.93161721117951202,0.45469062521149101
6,128000,239,0.44921931022547218,0.89541416478984392
6,128000,240,0.75703906134947441,0.31058307694220827
6,128000,241,0.8856709202235542,0.58592031089243679
6,128000,242,0.47201931941262976,0.56218662241735518
6,128000,243,0.1034298280966333,0.44185015748984341
6,128000,244,0.4581100690584895,0.13195837572232916
6,128000,245,0.024350249779200157,0.77922195374122738
6,128000,246,0.084121262887111109,0.62452381580119598
6,128000,247,0.68365464532251696,0.35606375109965421
6,128000,248,0.87753499923682732,0.74548569535708431
6,128000,249,0.96994094665996422,0.87143225609906494
6,128000,250,0.96866513948304656,0.64892376836680987
6,128000,251,0.73985300470836024,0.38714890958144821
6,128000,252,0.85274663638114589,0.0011546262756946843
6,128000,253,0.89838551662826738,0.35273471703519499
6,128000,254,0.30640397251980628,0.99533447755759008
6,128000,255,0.95611481394067765,0.83898367490452963
6,128000,256,0.39409864836241359,0.86599762635393163
6,128000,257,0.076327739430235533,0.39873878046508276
6,128000,258,0.32239918074136437,0.72139417628972657
6,128000,259,0.64017577466829201,0.88636851505300518
6,128000,260,0.79972569182961406,0.68528225146166122
6,128000,261,0.87546133919608671,0.35675368423527321
6,128000,262,0.48814507662112816,0.86256704373199977
6,128000,263,0.86514553222330148,0.48739430796822225
6,128000,264,0.83661373701370845,0.26442555067805956
6,128000,265,0.3883941844785625,0.046286638608719531
6,128000,266,0.23286530732907126,0.94522845996810867
6,128000,267,0.23150515073808692,0.47354501340296351
6,128000,268,0.93395384995052189,0.003378658964226137
6,128000,269,0.24192699608639071,0.91679062201011829
6,128000,270,0.035860792388561082,0.11987084688316488
6,128000,271,0.045773561718306648,0.82875621370077346
6,128000,272,0.53435088002767672,0.26690521033634401
6,128000,273,0.66035188600318961,0.26142350131163283
6,128000,274,0.85432685117036156,0.38049496280301859
6,128000,275,0.92511011579552571,0.93621512349480085
6,128000,276,0.21084743621625437,0.14382672403198474
6,128000,277,0.31069938852690843,0.24941382205184917
6,128000,278,0.9784377394753262,0.68526240402498928
6,128000,279,0.86528601018382356,0.48587821678562015
6,128000,280,0.22709860396416129,0.93188202133170228
6,128000,281,0.29606297821706301,0.20777711094568976
6,128000,282,0.86836041791179153,0.87376769905975737
6,128000,283,0.60220857490169877,0.39662024823893527
6,128000,284,0.10649737306885373,0.51683725723687923
6,128000,285,0.46319458862927465,0.6060323138097623
6,128000,286,0.99809056627627046,0.050138119091215946
6,128000,287,0.16745439672727719,0.36714630183560421
6,128000,288,0.53638854221487386,0.20492194251309204
6,128000,289,0.42245112030001708,0.26031715672588529
6,128000,290,0.25448721795616475,0.16089401330693501
6,128000,291,0.60606451360523961,0.7180871672791993
6,128000,292,0.23588752545567815,0.218720940151446
6,128000,293,0.38610907125630362,0.73480190613402518
6,128000,294,0.51967835848527599,0.34772346018091843
6,128000,295,0.53905590221349886,0.54708547370654981
6,128000,296,0.33822666471765167,0.60236415141756572
6,128000,297,0.86496070140195092,0.62667192976669006
6,128000,298,0.80080775490527345,0.85503373083977152
6,128000,299,0.63864596758215775,0.65753385976766887
6,128000,300,0.60936241290048698,0.69599779352735613
6,128000,301,0.87621980720585857,0.87801360514640903
6,128000,302,0.41914346314179213,0.43669191308643956
6,128000,303,0.52759451435709936,0.80043095592310376
6,128000,304,0.060018695933483412,0.82199837352946137
6,128000,305,0.51355613844903281,0.5266791046612197
6,128000,306,0.96592029078991282,0.30543073972942003
6,128000,307,0.85796062351097813,0.22871699575767193
6,128000,308,0.52162111508586539,0.14147510399705363
6,128000,309,0.45905809232985084,0.2251035125716063
6,128000,310,0.96915250572848399,0.41016153642596309
6,128000,311,0.43915964812830721,0.83198568361364778
6,128000,312,0.35456853316604003,0.31536859331361006
6,128000,313,0.58078962315780602,0.12631542649476321
6,128000,314,0.61649276377256501,0.99419542481167267
6,128000,315,0.92457566578917283,0.79717312474181523
6,128000,316,0.92857595879168464,0.65020449721750528
6,128000,317,0.0040143917219803201,0.51787236191602593
6,128000,318,0.52596695071418997,0.33884428208524697
6,128000,319,0.092104752697639639,0.88145395346798294
6,128000,320,0.2758054972377546,0.70701664987260038
6,128000,321,0.024674477429440407,0.068482560688784777
6,128000,322,0.43646866425784386,0.1409444911026938
6,128000,323,0.21709717916511914,0.26453300099480842
6,128000,324,0.88241625449236516,0.50290387923458435
6,128000,325,0.88666156468378243,0.058561891810150701
6,128000,326,0.56156859022704975,0.83981441782686073
6,128000,327,0.59233063376115724,0.87530680786581416
6,128000,328,0.8027766360547075,0.569666280247211
6,128000,329,0.52713486124033138,0.90770192743901357
6,128000,330,0.051450228888421351,0.046055240219604783
6,128000,331,0.21347627808571684,0.37748705231941687
6,128000,332,0.88165450087795127,0.21117274008367856
6,128000,333,0.55563999747497317,0.60758323272735315
6,128000,334,0.47000895045022051,0.307352835523093
6,128000,335,0.27309078840750384,0.48613003918582143
6,128000,336,0.65550633420687765,0.05645486573558859
6,128000,337,0.41979251091779946,0.30972376244333255
6,128000,338,0.44299556737047763,0.039526591385315758
6,128000,339,0.081442282128969576,0.4709424314691687
6,128000,340,0.0070686950260513129,0.35428682044757615
6,128000,341,0.38123625341483963,0.81437550894870303
6,128000,342,0.10688216555180871,0.96583058346033712
6,128000,343,0.87359765267805456,0.19181341385439979
6,128000,344,0.89874389707854918,0.42239373343843323
6,128000,345,0.74385952145433831,0.69181672886847057
6,128000,346,0.80930576706800594,0.086679456441849281
6,128000,347,0.43600440634670828,0.53874716289829216
6,128000,348,0.6359788812092928,0.45753160482795663
6,128000,349,0.85251089356925391,0.63088774656408642
6,128000,350,0.66101677477724241,0.049685781584163757
6,128000,351,0.91708102966895089,0.72851990047142567
6,128000,352,0.85374812027955227,0.26600682061459641
6,128000,353,0.82367723310811614,0.96430127506512853
6,128000,354,0.50475269519490484,0.70349150977878527
6,128000,355,0.57958495618702055,0.11397257440905699
6,128000,356,0.65900958633034457,0.58769415995160212
6,128000,357,0.9081360480921864,0.87006499208403554
6,128000,358,0.41949207922932902,0.26237071552806729
6,128000,359,0.44725331237613081,0.8833260802914501
6,128000,360,0.20404463311026841,0.26689233679394114
6,128000,361,0.85610612979775647,0.21589723686315954
6,128000,362,0.16264202879058084,0.04666648904830964
6,128000,363,0.75379360062304246,0.20766139288089569
6,128000,364,0.65554682209183857,0.089747304701291594
6,128000,365,0.76956254440644489,0.4266585429519244
6,128000,366,0.087856635623359422,0.87848885471736116
6,128000,367,0.90576347524596257,0.32413356212713551
6,128000,368,0.19808553015670796,0.91308639611366016
6,128000,369,0.45657706716310675,0.53113310740926445
6,128000,370,0.64305011728301809,0.93847266624101866
6,128000,371,0.66672549599327013,0.81201060827892801
6,128000,372,0.46027298444201903,0.37243349472783105
6,128000,373,0.40169009026948715,0.53408228819115844
6,128000,374,0.38953239721471716,0.31727028073345426
6,128000,375,0.80194332780310318,0.66355325563107137
6,128000,376,0.091392653037795299,0.44831545547024887
6,128000,377,0.23331516246546186,0.31558244525361173
6,128000,378,0.15964734597694835,0.34534866649756746
6,128000,379,0.034972101515273107,0.83871597587484858
6,128000,380,0.15922527610696019,0.68956464044612431
6,128000,381,0.30581747477275772,0.14730095198380719
6,128000,382,0.4979233915803889,0.081169970970983399
6,128000,383,0.72707662931251105,0.88671956325196588
6,128000,384,0.099458613107034494,0.15360462272855466
6,128000,385,0.4903115177968328,0.41682377834516732
6,128000,386,0.50769432434785677,0.88440260602982923
6,128000,387,0.88158293027422008,0.61326743170368103
6,128000,388,0.96209428751260062,0.11632524780510009
6,128000,389,0.24107643386825256,0.22216795772203066
6,128000,390,0.80121190025030531,0.064453317484700637
6,128000,391,0.047559338722569879,0.68682953734128638
6,128000,392,0.15695016853469704,0.79224130433267381
6,128000,393,0.23660666755903786,0.58420763972720569
6,128000,394,0.41621870420694851,0.18489805825048483
6,128000,395,0.74121645972589234,0.64696970874157811
6,128000,396,0.10489025909354777,0.8561358189548175
6,128000,397,0.97851495109111597,0.19705396482336648
6,128000,398,0.25632238714256389,0.64736095059655852
6,128000,399,0.066028051863511586,0.30468899030674151
6,128000,400,0.77825612791715804,0.75873701930807691
6,128000,401,0.67442212225067877,0.65099270129570153
6,128000,402,0.84433292919828173,0.88393454677999217
6,128000,403,0.64575023252455721,0.9926161848392373
6,128000,404,0.042223649540662982,0.90160687483274138
6,128000,405,0.76029375012962963,0.76278953542178463
6,128000,406,0.20644732572943564,0.43139398646357735
6,128000,407,0.25254531783165934,0.97514430070140345
6,128000,408,0.50786775688082353,0.68640370599047162
6,128000,409,0.82046342921927762,0.55807996566779372
6,128000,410,0.021019873885509476,0.74995387900165678
6,128000,411,0.22403809459106883,0.36884884299533388
6,128000,412,0.50500268331140652,0.78539401667900299
6,128000,413,0.15080661910079773,0.1361966166018555
6,128000,414,0.0088242380226065346,0.58708133106621496
6,128000,415,0.89273549227912008,0.75664254288601074
6,128000,416,0.31099043407671395,0.32056119418077278
6,128000,417,0.81062276294070235,0.50738424577077956
6,128000,418,0.63893199339695794,0.95587581801081445
6,128000,419,0.98763558358298253,0.38897127297817563
6,128000,420,0.29202935313929562,0.55151974628311096
6,128000,421,0.81720308985604861,0.91668707548331019
6,128000,422,0.18627209856133239,0.83551848624442915
6,128000,423,0.98210608012762934,0.26154759148090662
6,128000,424,0.98573763178102691,0.82353542547682013
6,128000,425,0.80606946268443247,0.6321802135461565
6,128000,426,0.79405698754960774,0.26014591279321636
6,128000,427,0.90419333142325486,0.49985694486608512
6,128000,428,0.53146163997415496,0.2029711755136753
6,128000,429,0.077223428863887847,0.27377942408656691
6,128000,430,0.82687150746156224,0.66977402942911723
6,128000,431,9.6865295172647619e-42,0.12962782409489579
6,128000,432,0.17749127253461638,0.97934727459101889
6,128000,433,0.64641926987015053,0.22549496854482745
6,128000,434,0.47423605015224013,0.013483267386976642
6,128000,435,0.97207608301481563,0.70429991481214338
6,128000,436,0.3212330093717487,0.49831380592899721
6,128000,437,0.014837730508520355,0.92871919429458294
6,128000,438,0.55905483436039272,0.18825529601499139
6,128000,439,0.81427371116672753,0.81237068192524653
6,128000,440,0.068386603744969354,0.098961855916019331
6,128000,441,0.63573761978207743,0.21659178496876963
6,128000,442,0.35926171051998651,0.041704724711002207
6,128000,443,0.79469186179976892,0.47765248439375763
6,128000,444,0.88411047714125301,0.60723856061260351
6,128000,445,0.91424155450286326,0.45657414142505165
6,128000,446,0.76492300547433278,0.48879862821725095
6,128000,447,0.33647202424077738,0.9663555495747066
6,128000,448,0.17557600674590079,0.42885612882494739
6,128000,449,0.80081388399962916,0.66696079539053377
6,128000,450,0.58471206973776457,0.32595868939724881
6,128000,451,0.044513434029355571,0.2603495988417735
6,128000,452,0.17915519283863948,0.79954200308764423
6,128000,453,0.89594615457041882,0.72045123895170871
6,128000,454,0.001545557564777584,0.65236909816401267
6,128000,455,0.61810764767137294,0.12300536024020299
6,128000,456,0.42606542874781517,0.18659910713601435
6,128000,457,0.97241591670637306,0.59695995479455166
6,128000,458,0.27610836462438487,0.79871640953338052
6,128000,459,0.055337752063520131,0.70511063612655056
6,128000,460,0.27699451238745348,0.69732969080392426
6,128000,461,0.33482528952731727,0.64354392980433839
6,128000,462,0.219043830527788,0.52998741407903216
6,128000,463,0.47509475190936157,0.41814489876470901
6,128000,464,0.90549596619657169,0.87315771342600212
6,128000,465,0.37859947091262008,0.065516102187818073
6,128000,466,0.94891186541197359,0.93042097408542179
6,128000,467,0.59225399572296222,0.38836390340858712
6,128000,468,0.66652635631617174,0.46026431089765907
6,128000,469,0.39107018359125517,0.046280107947310807
6,128000,470,0.82671049826752085,0.64396546971608948
6,128000,471,0.74113854089388065,0.12239060899740209
6,128000,472,0.78834136069318772,0.90094221709571864
6,128000,473,0.86341843554981956,0.80085870098235334
6,128000,474,0.94050971664711924,0.15218074520435393
6,128000,475,0.53885147758261309,0.094858773477035238
6,128000,476,0.81886848505400622,0.78144241198876341
6,128000,477,0.60276256351575475,0.036995314446535067
6,128000,478,0.03549967846980983,0.79565443497078769
6,128000,479,0.046370294684769234,0.49008063184379025
6,128000,480,0.79732379401046938,0.46004668105643065
6,128000,481,0.88455500389695296,0.48563662612057035
6,128000,482,0.89467614928853456,0.65430454132729909
6,128000,483,0.79650133863848627,0.79212647191000773
6,128000,484,0.75542053809710841,0.30233450540435153
6,128000,485,0.80706735682411823,0.73536782020285174
6,128000,486,0.92759621447110507,0.3612154792709279
6,128000,487,0.32652470251498622,0.9699501078856464
6,128000,488,0.4971018309796853,0.89996793312842582
6,128000,489,0.57756022453338285,0.068822031630787539
6,128000,490,0.18505995863181798,0.41989785051366207
6,128000,491,0.40701853652328096,0.97965166774150636
6,128000,492,0.00031512833987468425,0.70049684266070944
6,128000,493,0.24964632898513009,0.33395953170920101
6,128000,494,0.42893299193810241,0.69749726225320285
6,128000,495,0.2394599897571591,0.073836356013581392
6,128000,496,0.56509191644356305,0.95316677803650263
6,128000,497,0.4120778129904567,0.2856720389922649
6,128000,498,0.21980324422604094,0.78582179065603019
6,128000,499,0.27648692248602913,0.52045458001613154
6,128000,500,0.24602746976111919,0.15386330877634163
6,128000,501,0.99357643446736887,0.59667885457562619
6,128000,502,0.089944717436427721,0.18945593542415504
6,128000,503,0.56447069950028139,0.89210498550717088
6,128000,504,0.75338454216565787,0.32907299812596286
6,128000,505,0.23126312127502885,0.82569468894593845
6,128000,506,0.83266356074803616,0.11293848310907308
6,128000,507,0.97381532577531971,0.82733973325413723
6,128000,508,0.59031286516347581,0.29281831941320585
6,128000,509,0.92154362107989585,0.29607597722047396
6,128000,510,0.019535927143678584,0.70144456240546005
6,128000,511,0.0089268898430652378,0.99726137234514101
6,128000,512,0.56462279525845371,0.67377141891748293
6,128000,513,0.68968522173867619,0.41272645693569043
6,128000,514,0.87014672115711256,0.70270033174902879
6,128000,515,0.21450881656980303,0.42200152926045714
6,128000,516,0.61167255854019364,0.59340707357362343
6,128000,517,0.33271717276559143,0.23671061092438733
6,128000,518,0.52050420324458213,0.22202082296615733
6,128000,519,0.9403949735728705,0.43220543367491593
6,128000,520,0.065090377073939137,0.0076534087777339992
6,128000,521,0.44358472192725934,0.30606748890170954
6,128000,522,0.64481899783500751,0.80148920861752426
6,128000,523,0.98398954223036161,0.95482714690313586
6,128000,524,0.78490286869663151,0.99354522391842737
6,128000,525,0.98635479507450052,0.13926286237838278
6,128000,526,0.66177054946858016,0.30867437526221947
6,128000,527,0.98839808304697208,0.67341488410793704
6,128000,528,0.83401348731153413,0.81645078276519212
6,128000,529,0.54143520570242931,0.79150930670885478
6,128000,530,0.080709977921807008,0.77710421213009895
6,128000,531,0.25452895065796077,0.98865789267646498
6,128000,532,0.65476571490326951,0.43272065151029898
6,128000,533,0.072028278241716676,0.32366828388377883
6,128000,534,0.93753327067417791,0.21029546345584105
6,128000,535,0.48730176765894073,0.88423651568936024
6,128000,536,0.88443834122211595,0.5739503009057525
6,128000,537,0.71542491063378499,0.090690651806959274
6,128000,538,0.66713406097940187,0.48515954964859387
6,128000,539,0.63654512811139874,0.39872966509029423
6,128000,540,0.51871859633781203,0.028033146236745965
6,128000,541,0.59370714121519441,0.0033325199512734523
6,128000,542,0.0095877494509682918,0.78528578231126722
6,128000,543,0.20800268496460575,0.80655584528345936
6,128000,544,0.53177346357243183,0.23595097450597499
6,128000,545,0.39672769294949656,0.7032026213635072
6,128000,546,0.62792768621334871,0.014761312371271486
6,128000,547,0.9465674489610586,0.34750783303780486
6,128000,548,0.89235289831159881,0.061095933094553176
6,128000,549,0.74546533918666169,0.38312768916276696
6,128000,550,0.81268601928250539,0.72047179999912836
6,128000,551,0.071265326611066937,0.50556960405181006
6,128000,552,0.046851227225100316,0.4388853486128827
6,128000,553,0.35604371062770385,0.050035657798560007
6,128000,554,0.9875529233029926,0.41201149927202363
6,128000,555,0.98653921236811959,0.63757046150718555
6,128000,556,0.71671679954156498,0.82641358099928719
6,128000,557,0.60339941791088725,0.028089617985047961
6,128000,558,0.97072743368236791,0.44514277453946144
6,128000,559,0.42139069295445397,0.20902111413588487
6,128000,560,0.96467871377751391,0.33235681387553562
6,128000,561,0.3882565843183049,0.55572849649860112
6,128000,562,0.14566817746956714,0.71139322657771087
6,128000,563,0.86410423243945589,0.89860132859941544
6,128000,564,0.79632996084130203,0.41481242527661505
6,128000,565,0.9007723931926136,0.16872982105669543
6,128000,566,0.36067903545352881,0.23125510772939717
6,128000,567,0.23954496802135797,0.65762679289683357
6,128000,568,0.38757911230704928,0.47324961352929296
6,128000,569,0.54388930512572542,0.5655054093548294
6,128000,570,0.94332941466748477,0.47545541721734108
6,128000,571,0.51386031965702506,0.59321108775876863
6,128000,572,0.028953537653676632,0.99938473512924753
6,128000,573,0.12547948678872509,0.49167706175165882
6,128000,574,0.46641264133212024,0.98650149700418532
6,128000,575,0.67507514064149077,0.2820085991284686
6,128000,576,0.60742927870530306,0.98671054122602397
6,128000,577,0.9017728173833971,0.4417182186717078
6,128000,578,0.52100124170231887,0.58295259373899366
6,128000,579,0.87988597734153096,0.94921331930556352
6,128000,580,0.82950745062429188,0.93490685754627556
6,128000,581,0.95770612110649112,0.75714637048676336
6,128000,582,0.63575397271278877,0.83981281087476467
6,128000,583,0.99552384335279298,0.89082756468774016
6,128000,584,0.15473077928853582,0.4451469686152425
6,128000,585,0.85283080501057296,0.57541144643905173
6,128000,586,0.36572573202747161,0.99928672174589506
6,128000,587,0.4747917904793888,0.17243099122472721
6,128000,588,0.50036650013781969,0.4153904014881874
6,128000,589,0.60516582051769285,0.32433719359435276
6,128000,590,0.93248566861413318,0.74813654415462272
6,128000,591,0.0025436344281602337,0.31647876429048516
6,128000,592,0.95071785571300949,0.56361695031526637
6,128000,593,0.91308151606659782,0.29283408120519727
6,128000,594,0.49683416761764954,0.84243656304681358
6,128000,595,0.44033612619411744,0.56239639310492828
6,128000,596,0.938893470406166,0.4633645239251879
6,128000,597,0.42744360957222322,0.41632688506433174
6,128000,598,0.6098541897072981,0.18058027541064109
6,128000,599,0.98640851501646887,0.28690335318267246
6,128000,600,0.47354813444712218,0.65006093027499345
6,128000,601,0.61547259195725301,0.48481406884009071
6,128000,602,0.86618234198928001,0.075487377285899798
6,128000,603,0.26602308927869472,0.45332029090231785
6,128000,604,0.70235789499229584,0.74774237983050029
6,128000,605,0.82846556667882787,0.9705230550884717
6,128000,606,0.9199440327287709,0.28443630345556947
6,128000,607,0.14948176190390239,0.65215607204970971
6,128000,608,0.086113911826736708,0.32967890069286948
6,128000,609,0.34073718681877219,0.33680988221395353
6,128000,610,0.080307357547261246,0.72997227983478408
6,128000,611,0.184095143085001,0.19191507066858068
6,128000,612,0.56854025754461801,0.24420424835446466
6,128000,613,0.88218880673625932,0.1568941161796345
6,128000,614,0.61163451038601724,0.94531572180233081
6,128000,615,0.87704655661864173,0.61295535429396564
6,128000,616,0.91957059577529809,0.44100217052628599
6,128000,617,0.61935523494050515,0.27349609571722744
6,128000,618,0.81018021794731876,0.31594887361248208
6,128000,619,0.99461709909832252,0.88060953523959362
6,128000,620,0.94125049814897033,0.44200381622524898
6,128000,621,0.78112664350742067,0.079531908583590369
6,128000,622,0.95112886449962064,0.01715129698586652
6,128000,623,0.9236372218594604,0.55192051553813903
6,128000,624,0.20379975260995006,0.073828740034785678
6,128000,625,0.71463586007719915,0.40788272076971965
6,128000,626,0.62455745380708394,0.98068942037145224
6,128000,627,0.79144957203977573,0.72752315982392401
6,128000,628,0.53968711312010098,0.34643828955402262
6,128000,629,0.80326609128267923,0.39294289817435829
6,128000,630,0.6586908686455698,0.11134197246084049
6,128000,631,0.95177525953455755,0.16695560643296362
6,128000,632,0.2167231404529058,0.18330539275155855
6,128000,633,0.13414366479185591,0.040311264687069068
6,128000,634,0.37490529367598624,0.93889232486645269
6,128000,635,0.75089984417185029,0.97499778389003056
6,128000,636,0.48577060361824109,0.5252162069577605
6,128000,637,0.34511996689010177,0.26051245982688531
6,128000,638,0.17109772078277316,0.016961441722465276
6,128000,639,0.75077199094855063,0.19381885462020437
6,128000,640,0.89117218247163199,0.10189268727532164
6,128000,641,0.52864921834458645,0.29109589524665491
6,128000,642,0.44127931231063622,0.69493653080803264
6,128000,643,0.6679148648436819,0.093833666504442595
6,128000,644,0.20389595080893341,0.86380794183030551
6,128000,645,0.68774406087110129,0.70968808128691541
6,128000,646,0.021548858017857438,0.90407921792774615
6,128000,647,0.19642703236088999,0.82128581635866205
6,128000,648,0.20533349051548347,0.63272155179575829
6,128000,649,0.57656141668581296,0.51328714310945822
6,128000,650,0.98057197860612766,0.031340456625499113
6,128000,651,0.55168108178069508,0.76136953935730334
6,128000,652,0.71308454527141718,0.45763877646714513
6,128000,653,0.45726606569902672,0.72471746599705933
6,128000,654,0.35445390733491783,0.8388799381151254
6,128000,655,0.91295369171340113,0.74766199486179852
6,128000,656,0.63612120235818048,0.73110482139484878
6,128000,657,0.50169217331811,0.98343728028446697
6,128000,658,0.68768941045561272,0.42209306417193204
6,128000,659,0.83447433305293228,0.64851780886002386
6,128000,660,0.38499615063937787,0.69497886421032529
6,128000,661,0.7763983018823587,0.096358768051941601
6,128000,662,0.24902350035332466,0.57471226906533723
6,128000,663,0.16965849265977806,0.24304902277917398
6,128000,664,0.7909203325971037,0.53521832037749695
6,128000,665,0.55983373466280184,0.30109955468847099
6,128000,666,0.2968335521240974,0.19773255113825519
6,128000,667,0.58935423771977691,0.30087954035519093
6,128000,668,0.20526814923470529,0.9314698008869996
6,128000,669,0.38632707255700016,0.11331621653510816
6,128000,670,0.65365468090260981,0.19904656754756944
6,128000,671,0.27361426308163939,0.7688614046881842
6,128000,672,0.83622821415436355,0.2048834899943878
6,128000,673,0.29816720004963887,0.95219163209034918
6,128000,674,0.49579747891386783,0.60934823973497909
6,128000,675,0.032535832011612781,0.34952255567028612
6,128000,676,0.86747578867510089,0.34839706348404065
6,128000,677,0.7373686428787567,0.70412549936520685
6,128000,678,0.84951286248211066,0.98520591410661396
6,128000,679,0.044007686402322721,0.59479921301326244
6,128000,680,0.2261101703441116,0.96944304231273448
6,128000,681,0.11744763756492767,0.28720188736797431
6,128000,682,0.35394971923854796,0.17474072771492416
6,128000,683,0.96373789102032514,0.4917175250778707
6,128000,684,0.99013754816779842,0.94469836020305042
6,128000,685,0.76308299859899975,0.89916146830421939
6,128000,686,0.91249300037185921,0.0022408111278095443
6,128000,687,0.14829671028259339,0.63559086382779995
6,128000,688,0.07029244260020244,0.15612766231078359
6,128000,689,0.072115568246252398,0.39306772196838891
6,128000,690,0.98676053009106324,0.65776093107193245
6,128000,691,0.98861909957807037,0.62627904017344116
6,128000,692,0.58534532721560706,0.14978194189006874
6,128000,693,0.86010923519212445,0.14109768816646501
6,128000,694,0.2985737582051321,0.45431329368693102
6,128000,695,0.36408770253702205,0.44625424137390529
6,128000,696,0.35219453599952366,0.85520235102402165
6,128000,697,0.94002939700024879,0.36941018609799359
6,128000,698,0.17548276323415055,0.030710142584531974
6,128000,699,0.50031382782916167,0.8655283970746479
6,128000,700,0.88394492726154461,0.77730271171097587
6,128000,701,0.32882500852694524,0.44864652561150592
6,128000,702,0.22460708501060067,0.09701144466414284
6,128000,703,0.67305210729860609,0.68435504907800726
6,128000,704,0.46084917885626597,0.66869493900772947
6,128000,705,0.99907425786679416,0.87827383797600944
6,128000,706,0.48529580765038527,0.02181858779876087
6,128000,707,0.59123555567004005,0.12666087804470547
6,128000,708,0.95294331073590111,0.82589302010915522
6,128000,709,0.86886031966556043,0.40516944058831128
6,128000,710,0.59556016253426725,0.21983940919136463
6,128000,711,0.8928157675027919,0.85422034927159773
6,128000,712,0.79263716135904971,0.36288427498440823
6,128000,713,0.51412802695443127,0.33250351482293872
6,128000,714,0.16936094236964211,0.82278125467565588
6,128000,715,0.45814558053273713,0.74831744704903835
6,128000,716,0.64144717172275345,0.66949011559143967
6,128000,717,0.96082440970088545,0.44574452152236649
6,128000,718,0.240737638442937,0.81311911950424187
6,128000,719,0.83646809444739434,0.033578257471677989
6,128000,720,0.48406039315388893,0.84533259183238796
6,128000,721,0.016064209099316117,0.96144878416604851
6,128000,722,0.24878291021359789,0.88211578116590073
6,128000,723,0.92133542009659219,0.96040967968550495
6,128000,724,0.15333778543502094,0.87905503322690293
6,128000,725,0.20792629242467528,0.77669029215084751
6,128000,726,0.049692328218554391,0.095777877552698856
6,128000,727,0.73896559087821412,0.74371630034573466
6,128000,728,0.18147956985354805,0.48781754515335707
6,128000,729,0.37548404457924389,0.96265122925286006
6,128000,730,0.44465174254991446,0.083539889278451726
6,128000,731,0.47780275887157508,0.4191394519810081
6,128000,732,0.15749521660001956,0.96542317802671573
6,128000,733,0.25971221192304472,0.81175950106306693
6,128000,734,0.99550560868248172,0.081489148117656313
6,128000,735,0.53762668179761508,0.48255025358055803
6,128000,736,0.39201688594943074,0.68609549689450444
6,128000,737,0.94635132152232238,0.2920597633894878
6,128000,738,0.28770037780884405,0.50919899563639248
6,128000,739,0.0098666349253772757,0.6614042968542575
6,128000,740,0.97253534371466288,0.69711314329213525
6,128000,741,0.35759267861119853,0.71537209396344714
6,128000,742,0.89509928730085297,0.58057889887873049
6,128000,743,0.097215123503542972,0.30536710335197648
6,128000,744,0.56709829723788774,0.51731370813403965
6,128000,745,0.37088083525666976,0.14413226685046485
6,128000,746,0.89605440290495753,0.071562642853842978
6,128000,747,0.51259150780801743,0.18094023011874261
6,128000,748,0.97929326302760111,0.37382611360791779
6,128000,749,0.16359278264986876,0.64841157623006185
6,128000,750,0.68552444626465547,0.94920780861540677
6,128000,751,0.3555134788215269,0.66070322791825398
6,128000,752,0.27644054496375159,0.7101876695273206
6,128000,753,0.44036235025341314,0.57659821254377497
6,128000,754,0.72320583856245713,0.060500791439094322
6,128000,755,0.94244777047409678,0.14532214388522241
6,128000,756,0.55587628111971066,0.90692374401356735
6,128000,757,0.85535987961343063,0.71522449991357062
6,128000,758,0.26073685879274072,0.32391809683153761
6,128000,759,1.0346762463871595e-12,0.58716061640165573
6,128000,760,0.53388344729520254,0.60313830147924774
6,128000,761,0.9873853937538225,0.48108818994166391
6,128000,762,0.066526335977851001,0.47421225940773826
6,128000,763,0.65953777826710203,0.30508106849456729
6,128000,764,0.84298640393524038,0.8353114433893758
6,128000,765,0.8014447988760437,0.47779776457758494
6,128000,766,0.062377736480712188,0.30667710669777554
6,128000,767,0.12158544781570349,0.41939145248004417
6,128000,768,0.086988132224935177,0.51007312966673912
6,128000,769,0.68522811395423711,0.94707181620605818
6,128000,770,0.12056587729364927,0.58894393769225117
6,128000,771,0.48421356163547058,0.4665152659504852
6,128000,772,0.82989212456175532,0.72045765781520166
6,128000,773,0.39957941149045495,0.62755155300399368
6,128000,774,0.022023261731821432,0.12651444595686573
6,128000,775,0.74873803985619092,0.94779244053858247
6,128000,776,0.58162519587194805,0.94708793509867029
6,128000,777,0.60340052401044486,0.97017961224881821
6,128000,778,0.97785093975705994,0.31625857069876112
6,128000,779,0.43328976635651156,0.69083558389353961
6,128000,780,0.074647611073598921,0.74567891008857101
6,128000,781,0.94981474457558601,0.028371707627094449
6,128000,782,0.20958333532453843,0.91128660817012397
6,128000,783,0.78726707823443187,0.28739272179039599
6,128000,784,0.9296682973010969,0.164426246038231
6,128000,785,0.87151033496293762,0.24864368345452181
6,128000,786,0.90138577133560593,0.48091558040118509
6,128000,787,0.68228819646599592,0.70258327441106272
6,128000,788,0.037154988129602967,0.52665478084732587
6,128000,789,0.16605633299794265,0.37111984812646587
6,128000,790,0.2020483725550011,0.3887429300470413
6,128000,791,0.61986570351689885,0.40860608893043981
6,128000,792,0.476717700069478,0.13264900175964242
6,128000,793,0.22035120194951605,0.99861956481893877
6,128000,794,0.70046877216494541,0.19291782379490871
6,128000,795,0.071785626963519533,0.90882390363542254
6,128000,796,0.78013182883205856,0.63055008094722886
6,128000,797,0.70731514398718287,0.58670958220285152
6,128000,798,0.49860119283143922,0.71651260360401203
6,128000,799,0.93555815511947971,0.80546338655761673
6,128000,800,0.081822189532843148,0.44370232481677296
6,128000,801,0.91649991497342509,0.072600632196126183
6,128000,802,0.14572906641148919,0.76389484106406158
6,128000,803,0.28754068952770617,0.59837123500636691
6,128000,804,0.54928943316941392,0.5309825216764108
6,128000,805,0.49689056233575279,0.43171853431400692
6,128000,806,0.63791575751824348,0.25489437322731673
6,128000,807,0.59916854009501752,0.69361633133820555
6,128000,808,0.61337020630033723,0.037098789417156559
6,128000,809,0.78428145024880758,0.70961392181571437
6,128000,810,0.47533972763227017,0.27478482388455455
6,128000,811,0.7281929147780315,0.088409724182856753
6,128000,812,0.65652199841928716,0.68795757175362093
6,128000,813,0.53911591559285477,0.66275722587544161
6,128000,814,0.8787823174429007,0.40940915887865786
6,128000,815,0.59699571643153582,0.01256003462694392
6,128000,816,0.57927001781501541,0.58238697091578939
6,128000,817,0.5367879404172996,0.08045440387997152
6,128000,818,0.6570265107015052,0.11110786228897911
6,128000,819,0.21887496423730213,0.66201760231531748
6,128000,820,0.10381417576558441,0.98070747873634967
6,128000,821,0.37971765316463607,0.8987200929046617
6,128000,822,0.97729216102171224,0.80681656376491251
6,128000,823,0.85042894766102095,0.62699551696223843
6,128000,824,0.54915917218136223,0.23761030489210294
6,128000,825,0.99455112905021614,0.21578707348085444
6,128000,826,0.95796952775147814,0.60500324130046046
6,128000,827,0.85562573466578085,0.1862940030741968
6,128000,828,0.071666014756736549,0.84547687001277794
6,128000,829,0.51784071794068953,0.2400940481886884
6,128000,830,0.50406319376403763,0.64498390565250807
6,128000,831,0.25833503416490194,0.89623557415496402
6,128000,832,0.28290369882849919,0.49465784506628718
6,128000,833,0.16044812458036128,0.28778236854668993
6,128000,834,0.84668764056143631,0.30728915279223168
6,128000,835,0.036987832409160287,0.30604092337360966
6,128000,836,0.46957803422438649,0.96355564315765507
6,128000,837,0.13477360334718447,0.55135577715438155
6,128000,838,0.74792325103300816,0.62053959126459435
6,128000,839,0.23650717923007364,0.32643014959967914
6,128000,840,0.25467377771378474,0.96555943416331746
6,128000,841,0.60500460447803373,0.6407109202228829
6,128000,842,0.96668743146510083,0.57481960861278203
6,128000,843,0.63007867321618227,0.37004277809302233
6,128000,844,0.77103395178623313,0.046685458209012175
6,128000,845,0.91379931705686535,0.85460461455850989
6,128000,846,0.4740984057948977,0.76339817200840887
6,128000,847,0.72897670941775949,0.85395455231723361
6,128000,848,0.34652459701251237,0.97876962502357101
6,128000,849,0.3539634314040217,0.44103250505439839
6,128000,850,0.44155368824609248,0.10985265740726886
6,128000,851,0.94651056693943114,0.64072748385781264
6,128000,852,0.010530379531116938,0.62400662599172951
6,128000,853,0.14594015875343994,0.46947945822823467
6,128000,854,0.45297513199943185,0.67023031607310535
6,128000,855,0.94912457055273802,0.10039725284088837
6,128000,856,0.086796148262681852,0.77953263553781116
6,128000,857,0.27002143455199668,0.43770241838834223
6,128000,858,0.40357333954863195,0.49765463444532387
6,128000,859,0.37271100275556102,0.70253782635207185
6,128000,860,0.68358357782527679,0.97175451615835418
6,128000,861,9.6818025147087855e-14,0.0029441846564075536
6,128000,862,0.72425053408857187,0.35411275287528304
6,128000,863,0.84911278022057224,0.67882356046405479
6,128000,864,0.19542621323771259,0.94913486573795447
6,128000,865,0.033514099653549241,0.3456647638155626
6,128000,866,0.93479991121972117,0.35893444340759045
6,128000,867,0.27933939981970074,0.63049047608419417
6,128000,868,0.58840835304686501,0.59552499489211497
6,128000,869,0.029890071618392394,0.24632307804478146
6,128000,870,0.98895977382058431,0.099541402970540871
6,128000,871,0.53382794966281388,0.84644219584685199
6,128000,872,0.34908625103966912,0.88436728467897474
6,128000,873,0.99735425394069133,0.46393134266770375
6,128000,874,0.94551958948109682,0.68104387382557097
6,128000,875,0.63881874337072941,0.83495424843485744
6,128000,876,0.63352570818843179,0.46648563351361572
6,128000,877,0.54625157018116655,0.28543470898705769
6,128000,878,0.077812200445399091,0.64581381545875449
6,128000,879,0.32065292395995471,0.12751003130524244
6,128000,880,0.093801155482010581,0.45540562095076503
6,128000,881,0.94399638306841394,0.096557986156534839
6,128000,882,0.11561919844467582,0.33702210402546601
6,128000,883,0.85514004930907161,0.6978521936964186
6,128000,884,0.21986990859551228,0.21941009450871349
6,128000,885,0.7957184378222133,0.4942337992340442
6,128000,886,0.33139430194671388,0.19922174781241
6,128000,887,0.62859349228394956,0.76585573254721084
6,128000,888,0.64322373180118886,0.50449540922985703
6,128000,889,0.79299711936489325,0.42329673548546459
6,128000,890,0.26257657914237381,0.87895424946315293
6,128000,891,0.067969231183166195,0.44015358447483321
6,128000,892,0.83411527562865662,0.030777194544039425
6,128000,893,0.71301961878588349,0.24840017138001927
6,128000,894,0.32780869753919362,0.71159777161276827
6,128000,895,0.063688351705356624,0.86262625016436223
6,128000,896,0.7853730196738069,0.18730076465267051
6,128000,897,0.5411775622171181,0.46957453697048701
6,128000,898,0.50156759520606609,0.63999579991753386
6,128000,899,0.88254621867313199,0.41000255213344405
6,128000,900,0.88003338257042418,0.22691108488318046
6,128000,901,0.46616057333639893,0.35575111727371972
6,128000,902,0.55090013051378905,0.18413324693076927
6,128000,903,0.87853568034405938,0.85454702704390517
6,128000,904,1.0090971943506591e-07,0.3094724766424396
6,128000,905,0.94470125314976128,0.74081855348864512
6,128000,906,0.083235958447265224,0.78216800831404754
6,128000,907,0.1096880326980513,0.78805645541076808
6,128000,908,0.71766194129960925,0.023200103146640227
6,128000,909,0.93754955328597911,0.65574250044965199
6,128000,910,0.35137212722194527,0.60196946871006951
6,128000,911,0.95079367809736193,0.76416842596753365
6,128000,912,0.31355879377639406,0.895927193309902
6,128000,913,0.076458114121695273,0.64128916630965949
6,128000,914,0.48818916131750711,0.76203168691259071
6,128000,915,0.93049698497869726,0.71390792364801003
6,128000,916,0.8088093448736341,0.18695672385254128
6,128000,917,0.7177350136541254,0.31891197158342005
6,128000,918,0.17421088542824667,0.22409956917301915
6,128000,919,0.0062540550771368617,0.2413158059979266
6,128000,920,0.74682045566205679,0.27162545059725668
6,128000,921,0.65772195063475791,0.064009509624174885
6,128000,922,0.82067706346088687,0.18583833309729642
6,128000,923,0.08579226495930399,0.97585619825341952
6,128000,924,0.9617515389016138,0.46534176341853395
6,128000,925,0.77518661859638749,0.24463554969631382
6,128000,926,0.82249732560221656,0.46588487075120821
6,128000,927,0.76253833730723497,0.0615304089915088
6,128000,928,0.082282406828427787,0.77038512932203551
6,128000,929,0.93364419733314619,0.19372505895516118
6,128000,930,0.16191010813525727,0.95054856190205816
6,128000,931,0.062639656503278435,0.42240322922716511
6,128000,932,0.050218121673155224,0.4109385913387803
6,128000,933,0.028039796991802615,0.61236808133704301
6,128000,934,0.3081275032374507,0.43505272004935364
6,128000,935,0.64062661622606754,0.78763757987604377
6,128000,936,0.67999683777613107,0.2976204432538388
6,128000,937,0.55769950999707318,0.60228348289862788
6,128000,938,0.51026508375318369,0.98828966539149909
6,128000,939,0.37769836159000497,0.33791181541885906
6,128000,940,0.40649194521389709,0.24583536058442926
6,128000,941,0.33932691664923398,0.43005188552941065
6,128000,942,0.52196773384473483,0.5778510120759377
6,128000,943,0.51299189395528,0.16530143596445265
6,128000,944,0.51817583991046268,0.92522449664351336
6,128000,945,0.34668172827660837,0.075496733729665658
6,128000,946,0.16380061216414718,0.16367177712317171
6,128000,947,0.78185757559704061,0.45148180312393804
6,128000,948,0.8425600115756926,0.64417103660551778
6,128000,949,0.62494583671260262,0.35040145814929641
6,128000,950,0.25037585474060631,0.9914319492623066
6,128000,951,0.47561615916381261,0.15410752847020898
6,128000,952,0.54229673381215937,0.20338871529653765
6,128000,953,0.88586575671846746,0.65991769203213779
6,128000,954,0.9923138634661357,0.72865113883330945
6,128000,955,0.97492617878490051,0.78333232951265153
6,128000,956,0.79362069987861816,0.13929652291223654
6,128000,957,0.09174567603593474,0.33584848980132259
6,128000,958,0.012843659637092388,0.50482907934029964
6,128000,959,0.032592151905601011,0.054639483629819012
6,128000,960,0.11798626536374555,0.2994017777169235
6,128000,961,0.96316975715000275,0.90619871106689542
6,128000,962,3.7250600267062342e-11,0.42748145338647631
6,128000,963,0.74249610416834033,0.93493788589559945
6,128000,964,0.91078193986133504,0.82959804910423984
6,128000,965,0.0017419298975662537,0.22870172361784968
6,128000,966,0.85315617373747132,0.89266536660925477
6,128000,967,0.36438515909147906,0.4367757886809116
6,128000,968,0.2898981059166974,0.3295226650955857
6,128000,969,0.53534300231657228,0.0044396709860417801
6,128000,970,0.99900580066879618,0.47301860184473543
6,128000,971,0.742501034820232,0.54761848378014633
6,128000,972,0.93012773965521856,0.087692240626540546
6,128000,973,0.45529747125287651,0.013280895567499751
6,128000,974,0.10147327069568539,0.59098268149168132
6,128000,975,0.98610718047207246,0.73415677257659917
6,128000,976,0.29029286635336149,0.0019749274061944314
6,128000,977,0.98486447676360001,0.67275775660185155
6,128000,978,0.14321108557882303,0.83103075464158094
6,128000,979,0.93801609353569604,0.72409375805627352
6,128000,980,0.81420645545180481,0.30732703781748338
6,128000,981,0.21016841650877627,0.90882959154256104
6,128000,982,0.76448237686743414,0.97830481414905546
6,128000,983,0.0015800145720782761,0.30093175493000551
6,128000,984,0.39480830439518683,0.069925469476790056
6,128000,985,0.91602009954738572,0.23587429253463355
6,128000,986,0.35209505911984129,0.33947494513464549
6,128000,987,0.85219243753097773,0.43399318290203343
6,128000,988,0.13419557521142708,0.85189806736401286
6,128000,989,0.84903568544009744,0.29991952815426709
6,128000,990,1.0621859111506672e-05,0.21861900382021648
6,128000,991,0.31627345440037352,0.59703504478362357
6,128000,992,0.98444773171052813,0.82723165560332024
6,128000,993,0.97053806796174502,0.8864525914462581
6,128000,994,0.46227868570983366,0.95208426176774574
6,128000,995,0.2016673562182357,0.25462524748912363
6,128000,996,0.87827198394647266,0.66980763698847678
6,128000,997,0.63040157654218398,0.77889008042746455
6,128000,998,0.34638497626389303,0.87544114286475661
6,128000,999,0.61056969814287676,0.12694045990323558
7,2000,0,0.95509746097872672,0.36179897495623586
7,2000,1,0.11134453613500726,0.90578161593376794
7,2000,2,0.47263398046738436,0.32957700436448739
7,2000,3,0.92093418257011439,0.24689615297634482
7,2000,4,0.076219855100514225,0.35664175743641968
7,2000,5,0.72598992345850388,0.32229786839265551
7,2000,6,0.67742195510039327,0.68523147496325398
7,2000,7,0.22465773608104458,0.80994676514052322
7,2000,8,0.9051147293212719,0.85079337469248362
7,2000,9,0.642665380159963,0.94785446364692938
7,2000,10,0.5323190342256906,0.18579409608234751
7,2000,11,0.32595379520065149,0.23834886855324897
7,2000,12,0.75307278362358698,0.22203752776211916
7,2000,13,0.24392024489940595,0.17974270188735636
7,2000,14,0.13046936343631313,0.47228057918429223
7,2000,15,0.87128564345355874,0.84718127154076406
7,2000,16,0.86575667136563761,0.74248777595959381
7,2000,17,0.57122299695347922,0.52741669183179707
7,2000,18,0.90268176637527797,0.77788233158441167
7,2000,19,0.82123828419651335,0.13346810910579684
7,2000,20,0.41853070943456777,0.67541332832104928
7,2000,21,0.38747698766095201,0.859475196513805
7,2000,22,0.75670195817329,0.32381156894610486
7,2000,23,0.53010038004404447,0.17743211011351226
7,2000,24,0.86292104231305011,0.97841130120070552
7,2000,25,0.75668562146611673,0.7919110130323449
7,2000,26,0.95742694909535497,0.0073601710165320296
7,2000,27,0.40959538853131261,0.020576749948211084
7,2000,28,0.86625167670665126,0.060095254843108355
7,2000,29,0.91771987953095702,0.38773235419627683
7,2000,30,0.59819891001012626,0.71336838395603475
7,2000,31,0.76396610506977169,0.14986448856133713
7,2000,32,0.45943482731682572,0.59094201627896548
7,2000,33,0.84753137143090518,0.15327542387155974
7,2000,34,0.25449698943474675,0.7010850423528171
7,2000,35,0.69242087755529513,0.12281424822910511
7,2000,36,0.73854358442600587,0.22134643629257439
7,2000,37,0.57817442385729323,0.26110809623260023
7,2000,38,0.74192779024462918,0.6700153721462665
7,2000,39,0.70616328848259924,0.42364924892343064
7,2000,40,0.23875523912843369,0.20808929021679268
7,2000,41,0.28080018078783597,0.88866229253097062
7,2000,42,0.97946206188428064,0.878178688463503
7,2000,43,0.16412461214488139,0.37525460738226962
7,2000,44,0.12983214540832674,0.13566238092577546
7,2000,45,0.70934288260689837,0.4415722979053911
7,2000,46,0.66362545597220235,0.97107238796607809
7,2000,47,0.37056794029928208,0.90131942392643749
7,2000,48,0.83946823447951324,0.98048719925556105
7,2000,49,0.98515190318242196,0.55762927096798443
7,2000,50,0.035643469735263118,0.54414301076441762
7,2000,51,0.64160499593863018,0.81898760786786884
7,2000,52,0.3771399086477642,0.77471553423329154
7,2000,53,0.33031587946096796,0.24640419158333793
7,2000,54,0.53597531118189723,0.33107132447064119
7,2000,55,0.39821490699355111,0.25124130020511681
7,2000,56,0.71486956409887104,0.93527073529262128
7,2000,57,0.89897750044367997,0.82829794600714224
7,2000,58,0.89585240049024761,0.71697609991176192
7,2000,59,1.5327264138875919e-08,0.32059372467718861
7,2000,60,0.78060447416312628,0.99267850334315921
7,2000,61,0.26905764083107431,0.9306194430521606
7,2000,62,0.84559514381048162,0.52287237236179374
7,2000,63,0.27805212100271037,0.046123082845057416
7,2000,64,0.61252499894672174,0.44326311086834541
7,2000,65,0.91469343242673451,0.50916788559598913
7,2000,66,0.13216813377788875,0.13230338756963131
7,2000,67,0.84734430169955277,0.21709787505192274
7,2000,68,0.17443194839880102,0.47566047313736903
7,2000,69,0.77134521521489485,0.78379812454738351
7,2000,70,0.90396332571799787,0.63545495150064313
7,2000,71,0.10726174409572092,0.48534714713744764
7,2000,72,0.54308039466488711,0.3902920157177564
7,2000,73,0.70217914235998469,0.12992425202370167
7,2000,74,0.49821991370817131,0.49574709076513834
7,2000,75,0.65965551019144675,0.45664586664832485
7,2000,76,0.43140934128325797,0.56671559969860685
7,2000,77,0.61174964782853247,0.96697110720877566
7,2000,78,0.95301034660801376,0.09602013967380571
7,2000,79,0.86549805364895771,0.22426201974263565
7,2000,80,0.72973062948494294,0.21138610495776652
7,2000,81,0.1364796186501209,0.207168662016152
7,2000,82,0.60915286229451815,0.033839836834150545
7,2000,83,0.81123005455257624,0.1335700118461309
7,2000,84,0.67922858004153552,0.99171438341618834
7,2000,85,0.42563788661527441,0.17669794210690795
7,2000,86,0.82537864585033605,0.4994324268258058
7,2000,87,0.94104222684109839,0.54587930361779502
7,2000,88,0.98085094072751244,0.95883032824238879
7,2000,89,0.67599559485153415,0.28051000791064667
7,2000,90,0.2878097048463984,0.82720945796294854
7,2000,91,0.53506343042595939,0.10039456991514567
7,2000,92,0.93681491650506477,0.91660937493445571
7,2000,93,0.68668406311974806,0.8137757182802916
7,2000,94,1.3854863127475726e-07,0.33661904523768071
7,2000,95,0.84984802724287278,0.71444997901032514
7,2000,96,0.82306549612776458,0.93581483027003765
7,2000,97,0.51625409790558097,0.97473144519113508
7,2000,98,0.98348380199872254,0.31787650541164092
7,2000,99,0.39311933336405563,0.87559994790324991
7,2000,100,0.012984658299426344,0.74847042163006372
7,2000,101,0.045021782479222887,0.16937003842450973
7,2000,102,0.69412740857160515,0.28282606746689865
7,2000,103,0.48857252095778292,0.08617158656270793
7,2000,104,0.89173864865412322,0.21015595389069039
7,2000,105,0.95969737647600772,0.13368463778656314
7,2000,106,0.81813002802636603,0.56602012665008528
7,2000,107,0.99216972776550616,0.22389214183592435
7,2000,108,0.99532203330239089,0.56901591817352448
7,2000,109,0.30924997934040044,0.43539818098704119
7,2000,110,0.92311470723740419,0.13058620668783152
7,2000,111,0.73208977401924258,0.97698257951674028
7,2000,112,0.619661683095167,0.97554348033312244
7,2000,113,0.99875938999209191,0.50427423527590798
7,2000,114,0.69500907059182637,0.66506151611301034
7,2000,115,0.94984377467900061,0.49349804796005026
7,2000,116,0.5420827403366254,0.87944769009329282
7,2000,117,0.76234585516483866,0.78494609486569167
7,2000,118,0.16357314708027243,0.83072487670199369
7,2000,119,0.96113771214226451,0.086620377787555575
7,2000,120,0.97441239183418005,0.21433957011201774
7,2000,121,0.26130056140178576,0.69358965219206214
7,2000,122,0.46034667002919105,0.64150721127749832
7,2000,123,0.8655660531474948,0.25588644762116147
7,2000,124,0.38115620367054165,0.48799079454433136
7,2000,125,0.96427013981663967,0.79267997241659427
7,2000,126,0.92406546831206615,0.64462219257673758
7,2000,127,0.85165610197494512,0.97796011860608911
7,2000,128,0.32628844297751403,0.10843522661837776
7,2000,129,0.76463676996404817,0.88293162462486174
7,2000,130,0.63979511959425062,0.39520154784993089
7,2000,131,0.53070695679269075,0.45053321969323673
7,2000,132,0.61590292013136549,0.65945827549388114
7,2000,133,0.88777369531116934,0.50125550240175876
7,2000,134,0.80967654342861473,0.47051636599246716
7,2000,135,0.058751898813794737,0.14253223786177432
7,2000,136,0.59115916999439699,0.99621822047179753
7,2000,137,0.92328348466483445,0.020224175228022553
7,2000,138,0.81786656315331641,0.47268783387377011
7,2000,139,0.049372475529354636,0.54841441546870651
7,2000,140,0.45445041940748965,0.01955795770928332
7,2000,141,0.80583998046344962,0.42182012686958109
7,2000,142,0.40010923049676306,0.48220335878189213
7,2000,143,0.46177924460622077,0.35747858340388994
7,2000,144,0.20730428382531108,0.14100417971285881
7,2000,145,0.61944593617324584,0.21490470982118945
7,2000,146,0.94070844066835069,0.74455220623822282
7,2000,147,0.096579031931183404,0.5915559504144936
7,2000,148,0.018601389956820119,0.58978328834220173
7,2000,149,0.19623524717465288,0.410490539223686
7,2000,150,0.38354549208909477,0.70358959464462323
7,2000,151,0.62849714253885236,0.24231146290177497
7,2000,152,0.0047516804155410984,0.5716915249331439
7,2000,153,0.041720505834255697,0.83652352716801937
7,2000,154,0.070364002188643429,0.46536927876378387
7,2000,155,0.29953111701178514,0.97508802295002583
7,2000,156,0.72818840120810291,0.0095670626949701087
7,2000,157,0.81301651229495198,0.93753189165249184
7,2000,158,0.10681753749438498,0.38114045002463187
7,2000,159,0.31382332304604121,0.4371478924087242
7,2000,160,0.027567197536868621,0.79877689563184462
7,2000,161,0.6528885727997028,0.56702564294717062
7,2000,162,0.89550330842187498,0.13171895047728041
7,2000,163,0.30547740682923619,0.29042771663276379
7,2000,164,0.79398705496775179,0.66201207207411172
7,2000,165,0.77634860642157888,0.96047694700725572
7,2000,166,0.6129812273354982,0.97722128325942104
7,2000,167,0.48659566370255314,0.58792366930646434
7,2000,168,0.25555927642247966,0.020723839492977809
7,2000,169,0.13872258597090861,0.95155676745402396
7,2000,170,0.18870589126705545,0.24601137059448497
7,2000,171,0.070207219253909672,0.74129781014237262
7,2000,172,0.97079180098736595,0.802150411302466
7,2000,173,0.11298038188636482,0.46540072963472257
7,2000,174,0.17212874141058135,0.58212818895308815
7,2000,175,0.93962134889704396,0.13441501968217517
7,2000,176,0.84599216670752697,0.89726973988067771
7,2000,177,0.44891964264104212,0.96608088279962367
7,2000,178,0.0067860257468268558,0.25025906682757509
7,2000,179,0.26833790600335283,0.3851295912285691
7,2000,180,0.73907635905805902,0.50276118923382973
7,2000,181,0.20719162328536669,0.38017558897600079
7,2000,182,0.35735823791498889,0.88279413935488826
7,2000,183,0.14066298301110949,0.80938689574518374
7,2000,184,0.89592059763645371,0.53937208394748259
7,2000,185,0.0001315086347070306,0.5874070943620846
7,2000,186,0.22708085270388628,0.87999398025478826
7,2000,187,0.2342549337024909,0.56517781995252059
7,2000,188,0.95434237244374787,0.94720675942568755
7,2000,189,0.99691660067130983,0.98401242827120838
7,2000,190,0.26651607072166877,0.33363234613152698
7,2000,191,0.077742043393704621,0.54103333315943114
7,2000,192,0.72089562144776331,0.27202577664135702
7,2000,193,0.6120807615955528,0.72114925499670035
7,2000,194,0.99867734323498603,0.12097555389886887
7,2000,195,0.19707331840209674,0.40896901503752298
7,2000,196,0.13579033588122089,0.29018764890102244
7,2000,197,0.48458615958944973,0.98184331859949747
7,2000,198,0.44039241327959999,0.96126580258268868
7,2000,199,0.18946650352151775,0.32252643221477678
7,2000,200,0.81886834290030053,0.27395076772381949
7,2000,201,0.58529768840617236,0.77825692062674934
7,2000,202,0.8836820619630511,0.0006425549502665326
7,2000,203,0.34446421717782172,0.1361715650657358
7,2000,204,0.98883520587737705,0.51551863822907185
7,2000,205,0.13837954952540996,0.21664033433000057
7,2000,206,0.83211301685418393,0.95809807003403424
7,2000,207,0.23108523974165204,0.77697744605032448
7,2000,208,0.41748140043580556,0.8094937518131089
7,2000,209,0.97368917060715954,0.63058630046494479
7,2000,210,0.46488682209880472,0.33227350561541363
7,2000,211,0.61702773921614829,0.047417491760964575
7,2000,212,0.79624592912205805,0.4608035812410235
7,2000,213,0.98415650610472383,0.54514572146075113
7,2000,214,0.89632886443859772,0.87041883892814376
7,2000,215,0.32472388593801815,0.26646194068098222
7,2000,216,0.93221359907703572,0.3592905940971623
7,2000,217,0.80036923577449959,0.77520364485676274
7,2000,218,0.41886506893609177,0.9182196419738845
7,2000,219,0.35136990354253034,0.62562324048407947
7,2000,220,0.026227535310658127,0.008461299031873707
7,2000,221,0.48356056921892265,0.82306502846624907
7,2000,222,0.98402965649034713,0.011732677526577273
7,2000,223,0.73569449353411154,0.57174607553698198
7,2000,224,0.14785135549828052,0.69510740005216798
7,2000,225,0.98819049929317182,0.34681948725122935
7,2000,226,0.23196713023652776,0.95582368996165656
7,2000,227,0.7204836294068937,0.092955427378630232
7,2000,228,0.53394697026372551,0.79339327887619537
7,2000,229,0.22864842052284898,0.91191573231689993
7,2000,230,0.62972143199209152,0.5065982529885622
7,2000,231,0.76386632981786073,0.99134773047410552
7,2000,232,0.11371529069829821,0.39865168904739745
7,2000,233,0.34390872506667364,0.13688006795413166
7,2000,234,0.99764596770359626,0.4460381437716599
7,2000,235,0.83678594937296569,0.30134189311204529
7,2000,236,0.55001049253074397,0.16717812857217881
7,2000,237,0.16281459303321935,0.73218302179662575
7,2000,238,0.41891140704612911,0.38663833925354651
7,2000,239,0.4455963138595202,0.061870162977214878
7,2000,240,0.70142086126313119,0.65337437250566388
7,2000,241,0.92008283136855473,0.20379009020666411
7,2000,242,0.35771395900827979,0.76955103132486369
7,2000,243,0.72470142720611308,0.98248020010287607
7,2000,244,0.63300415664768295,0.57897516098268342
7,2000,245,0.96551990503277962,0.87674333759979473
7,2000,246,0.017847846459965271,0.4874702537732083
7,2000,247,0.77232776516526536,0.63650784046424014
7,2000,248,0.65815393931088906,0.82852990443502272
7,2000,249,0.97880216220669525,0.22208751447064151
7,2000,250,0.90628069554081403,0.1125105354417828
7,2000,251,0.8530259329567087,0.92854391224134925
7,2000,252,0.53349502061547938,0.62828012398300803
7,2000,253,0.85181558259209622,0.50366024453494662
7,2000,254,0.79324376974553557,0.074908900431256809
7,2000,255,0.37962870666301318,0.71594029755098509
7,2000,256,0.83543266365327251,0.056105442184250898
7,2000,257,0.63532924440337213,0.83827753246112513
7,2000,258,0.98022392599406827,0.63310874625877855
7,2000,259,0.41633564422735941,0.21652051819820547
7,2000,260,0.95157868140409929,0.92410327289807714
7,2000,261,0.72794167910142893,0.89583499737602812
7,2000,262,0.78989681075286466,0.45286659657773726
7,2000,263,0.87919321725476773,0.13252082119732617
7,2000,264,0.97697615397868531,0.27369576091879444
7,2000,265,0.058988875095537706,0.20438969754356251
7,2000,266,0.97630820696543574,0.24135812534479184
7,2000,267,0.95832292328061341,0.081058968462274839
7,2000,268,0.11793475502281317,0.39044895848885947
7,2000,269,0.12232666222591806,0.73751302545279962
7,2000,270,0.59435602530937026,0.94940603331150397
7,2000,271,0.82869503127523059,0.68594105577252129
7,2000,272,0.96706011865359087,0.074008958609451544
7,2000,273,0.71706297118282381,0.93310369043574992
7,2000,274,0.76211055671500783,0.47702684702831977
7,2000,275,0.056738272082400516,0.21478251595479608
7,2000,276,0.3466724203520033,0.27963197813687718
7,2000,277,0.93773204577166891,0.76625348476675326
7,2000,278,0.65001303038703007,0.36510969283482375
7,2000,279,0.97013669719626494,0.67892105386496393
7,2000,280,0.49624445323746302,0.14431522083603798
7,2000,281,0.4910951098479629,0.60049694579953716
7,2000,282,0.42747977500478851,0.99020012276813185
7,2000,283,0.24121204976369648,0.12235464753208147
7,2000,284,0.72735602585912096,0.8673331036855334
7,2000,285,0.17830841900323238,0.70946372173481598
7,2000,286,0.60950458457977841,0.93746147608920305
7,2000,287,0.69409028220469104,0.73772593310851686
7,2000,288,0.46447807548695952,0.61498416659518551
7,2000,289,0.71961026918322435,0.16912977166671117
7,2000,290,0.69108040496989598,0.64746383600560931
7,2000,291,0.832432467521937,0.89217611474692127
7,2000,292,0.019864118134658531,0.83821787578990192
7,2000,293,0.10523915943170305,0.26803859705662281
7,2000,294,0.21134751273112962,0.23824878010647182
7,2000,295,0.013407247896147499,0.74209230993546893
7,2000,296,0.67620551456091726,0.10646722003585025
7,2000,297,0.52596151378223766,0.23458344231532854
7,2000,298,0.86797636211570017,0.72876823651971501
7,2000,299,6.804149113265338e-05,0.33743123061253727
7,2000,300,0.88155249901061983,0.65421265610115642
7,2000,301,0.32803397659677508,0.38012521398315396
7,2000,302,0.97429645747257643,0.87156971138979022
7,2000,303,0.090895105777211063,0.81600645914849168
7,2000,304,0.22886685046087887,0.08265677288336945
7,2000,305,0.33614750540085897,0.068049987954787908
7,2000,306,0.93407749665452022,0.10831924571416282
7,2000,307,0.2917403914423668,0.66115435943069301
7,2000,308,0.98688883470977462,0.044984414953859408
7,2000,309,0.56323074754000435,0.97711900385326933
7,2000,310,0.91314872663811564,0.8953438429314805
7,2000,311,0.83226568250038047,0.43040942894386841
7,2000,312,0.87041263606545805,0.10660358828013383
7,2000,313,0.42406774304378242,0.61283187166152087
7,2000,314,0.0067747393048694536,0.26898787060290968
7,2000,315,0.95855567352385296,0.24504912389202549
7,2000,316,0.58443561603764649,0.38776535481457813
7,2000,317,0.49177219891473212,0.029495919821039829
7,2000,318,0.88585580801295294,0.70086325783922232
7,2000,319,0.90815983744973772,0.19302561170651006
7,2000,320,0.94582845833434015,0.26463673074699079
7,2000,321,0.99701332026807199,0.011962409942158376
7,2000,322,0.96938940702713627,0.81388692089315284
7,2000,323,0.77109190212968159,0.16810373537223178
7,2000,324,0.26112347109802353,0.065360458949084946
7,2000,325,0.67023317983066144,0.70721213339909261
7,2000,326,0.54265668445050541,0.99050503126108924
7,2000,327,0.95361144696635047,0.65267565702124686
7,2000,328,0.41518523155877235,0.67134074889123929
7,2000,329,0.93201314328884255,0.443998476172135
7,2000,330,0.11285715763114978,0.20145616109972272
7,2000,331,0.41880009067172164,0.87461492975015753
7,2000,332,0.86904017767664343,0.95077191751294221
7,2000,333,0.72712570462344073,0.73357234207439626
7,2000,334,0.20902280310774513,0.23063447853137226
7,2000,335,0.85023666720963087,0.30238277793458418
7,2000,336,0.76204499836897488,0.98622858931966284
7,2000,337,0.83953916972187281,0.93036231661802704
7,2000,338,0.30271616898658898,0.18241653138134081
7,2000,339,0.44385937213638454,0.91127947581560098
7,2000,340,0.094151453958167181,0.47949216036104503
7,2000,341,0.050631220116050188,0.56348004817938346
7,2000,342,0.9616490723056943,0.72876984497669284
7,2000,343,0.21709363707569379,0.87793711388559448
7,2000,344,0.86095289464934255,0.12371866944149315
7,2000,345,0.63461127006850382,0.34406016930667682
7,2000,346,0.98372787521649163,0.2815755256776446
7,2000,347,0.32308282711455161,0.86587310706720821
7,2000,348,0.62934980767661564,0.81405598185001238
7,2000,349,0.99992032736429504,0.14147368187952197
7,2000,350,0.95486363040653299,0.64508604977687312
7,2000,351,0.042487865935693231,0.29297503334411379
7,2000,352,0.026801554054739652,0.18125381979996563
7,2000,353,0.26880581954721372,0.99192419550928279
7,2000,354,0.39292953653385998,0.67331387455047764
7,2000,355,0.69600495679840102,0.2753984954845547
7,2000,356,0.00081840583124615407,0.51350471567071421
7,2000,357,0.88860176547652492,0.69771133813838837
7,2000,358,0.29202765269185366,0.075571801075441467
7,2000,359,0.5328744940128709,0.3150863955446116
7,2000,360,0.55868261063964197,0.53223495107792163
7,2000,361,0.68288865379383934,0.10111770724766916
7,2000,362,0.33469291104279691,0.89589175752926764
7,2000,363,0.91999032062112718,0.96040436445845012
7,2000,364,0.37848549945433363,0.15888494243360435
7,2000,365,0.62781810993492759,0.33367806284986173
7,2000,366,0.64126180298968771,0.81326790518128944
7,2000,367,0.38055723662157115,0.51695636889406005
7,2000,368,0.45179073601461861,0.97610958931777647
7,2000,369,0.55080387438764999,0.9722294272899078
7,2000,370,0.419004078641665,0.049525654256088805
7,2000,371,0.68010487033413214,0.97854703132546428
7,2000,372,0.82363174847647846,0.33249636583480507
7,2000,373,0.91939506306684937,0.10006785680097857
7,2000,374,0.43883622083704904,0.13398200058185061
7,2000,375,0.40619793551540928,0.13236297521986251
7,2000,376,0.18961987388418453,0.61185891358937583
7,2000,377,0.53535910591580249,0.51762955186792192
7,2000,378,0.86011446660006374,0.066839543556266534
7,2000,379,0.74238600275635114,0.80537058892342828
7,2000,380,0.022150061175570637,0.77902384983679995
7,2000,381,0.80014488345895829,0.28261141699696768
7,2000,382,0.58432513981013001,0.81010676331338027
7,2000,383,0.56181875959583416,0.19136943455866826
7,2000,384,0.54212448932035318,0.87343123565199243
7,2000,385,0.99920945082413459,0.72320871568845047
7,2000,386,0.47106290858408761,0.43451515924850087
7,2000,387,0.62448412821302091,0.79653852519257384
7,2000,388,0.43533743485995052,0.97649489468714079
7,2000,389,0.60896031129479333,0.62119946001353932
7,2000,390,0.93585363506656205,0.091121031309646161
7,2000,391,0.4287578144945498,0.51919373918294176
7,2000,392,0.18338801298798116,0.88637772079092303
7,2000,393,0.6392707861260889,0.5292730587255644
7,2000,394,0.79730618271442499,0.99263943159421819
7,2000,395,0.90358538502948038,0.66140221476345029
7,2000,396,0.47485983849818514,0.36703421392347224
7,2000,397,0.76321598405766755,0.086598545031782298
7,2000,398,0.98352835234954383,0.16114519868028868
7,2000,399,0.6486455984761379,0.29760226123893507
7,2000,400,0.6639757316035686,0.78555674235525197
7,2000,401,0.52010392041692699,0.44078358269339313
7,2000,402,0.96679087749870551,0.33878666789294198
7,2000,403,0.51974037776915238,0.60685386617227177
7,2000,404,0.95884502926219983,0.35426580169079447
7,2000,405,0.70380148479853111,0.46585667076122328
7,2000,406,0.83709843054862532,0.9203245536568565
7,2000,407,0.55045502596984064,0.085423926310496459
7,2000,408,0.75036884383200853,0.77765174104277923
7,2000,409,0.066006845229275107,0.53589498039725814
7,2000,410,0.50051060880198084,0.71432850600836739
7,2000,411,0.47700653638196966,0.06713052834366591
7,2000,412,0.96677555288377603,0.61245135384167448
7,2000,413,0.30777723830120252,0.55962745134436154
7,2000,414,0.91307789953524421,0.85857762501370183
7,2000,415,0.63912737834059896,0.39106078145513828
7,2000,416,0.82119156605141941,0.45322768257467272
7,2000,417,0.59414566426752502,0.59446541291872745
7,2000,418,0.86173135926656819,0.063998729783285843
7,2000,419,0.63632841831553266,0.64545808355277412
7,2000,420,0.40865687685825336,0.037721480168327833
7,2000,421,0.96679488251452406,0.97702588226717857
7,2000,422,0.045971766746138565,0.68810793718298557
7,2000,423,0.26822914322613256,0.67627405780840188
7,2000,424,0.6060998696793698,0.63389129191996463
7,2000,425,0.48205583679870201,0.28152308900563283
7,2000,426,0.74904263794005121,0.34444133181634279
7,2000,427,0.12063618282367931,0.60486185280508797
7,2000,428,0.89859439116820317,0.72276717722046824
7,2000,429,0.76713333908872616,0.076926486259611876
7,2000,430,0.18296199060127497,0.76681708841763452
7,2000,431,0.6257121094262923,0.91172149908151567
7,2000,432,0.46890421824879058,0.40374872040994375
7,2000,433,0.96795028182730725,0.89250647224636137
7,2000,434,0.80162035115892472,0.62948672460961208
7,2000,435,0.30107335229027549,0.81897116664138614
7,2000,436,0.95837531357953953,0.79215068485257167
7,2000,437,0.34288610558949256,0.85289986877045776
7,2000,438,0.91378987452786775,0.26758724004094747
7,2000,439,0.2340071823724944,0.17519876567910531
7,2000,440,0.36502067406846955,0.31602337404119496
7,2000,441,0.99978678717356051,0.44335575954306156
7,2000,442,0.50272722092964239,0.97898050464245356
7,2000,443,0.015164698811715817,0.49403566512349584
7,2000,444,0.45867529016107056,0.5512457298409128
7,2000,445,0.85747202312492266,0.69954074965207125
7,2000,446,0.30042263763981192,0.97195795686269693
7,2000,447,0.48704738561406291,0.17397752598035124
7,2000,448,0.007856521728164886,0.65944603486898579
7,2000,449,0.18313110829758306,0.72106984870864121
7,2000,450,0.84489468820308367,0.017075915881639932
7,2000,451,0.73525317817771618,0.50488413720706904
7,2000,452,0.26108807867292089,0.84036323943874247
7,2000,453,0.047516547623907862,0.33913316779699798
7,2000,454,0.78811783699273075,0.11722570627826714
7,2000,455,0.98814615146495755,0.41863358722852168
7,2000,456,0.90860383067506101,0.57450550365054409
7,2000,457,0.84901969748075912,0.50142256154250076
7,2000,458,0.91692860650772567,0.4377539380881203
7,2000,459,0.303163152568102,0.3654349508939978
7,2000,460,0.00018206991725375614,0.92702324353272603
7,2000,461,0.54354419809102805,0.18677672352545535
7,2000,462,0.03368301702123791,0.21229142239602919
7,2000,463,0.87049379445625119,0.59648878129299787
7,2000,464,0.30850118669179305,0.85808397551941273
7,2000,465,0.11174595513186605,0.44841044054506873
7,2000,466,0.88600276370639153,0.59319896694513963
7,2000,467,0.41790233474033178,0.52676297392916671
7,2000,468,0.96635355156328817,0.64976227077137161
7,2000,469,0.097829243623800299,0.4937111426521591
7,2000,470,0.96626908697603497,0.13538668710844251
7,2000,471,0.1576191817130842,0.61748098293940756
7,2000,472,0.93092111998902616,0.25162886967989051
7,2000,473,0.44099061841309012,0.43932336972993907
7,2000,474,0.82723452138128395,0.14016174891895314
7,2000,475,0.95549265469367406,0.063955296981209345
7,2000,476,0.97333999881404798,0.82232978178337945
7,2000,477,0.15682924110685953,0.7222925568513795
7,2000,478,0.90218327149935063,0.81410507515879904
7,2000,479,0.96680354992711459,0.53636201092455926
7,2000,480,0.35945454778271846,0.073519241142223093
7,2000,481,0.37245009523916051,0.85104756024906625
7,2000,482,0.24193989339071409,0.11252926814160977
7,2000,483,0.82666179624527181,0.90819543117426216
7,2000,484,0.58548075416771661,0.5279848350333789
7,2000,485,0.43575381648648776,0.71589026098541175
7,2000,486,0.14480772559840802,0.63148070787151245
7,2000,487,0.15676541630184007,0.15372101223486437
7,2000,488,0.8752345909964393,0.57399145705925858
7,2000,489,0.79760344884095624,0.7089691937878998
7,2000,490,0.18737137557441078,0.18875928592935365
7,2000,491,0.42299277702040478,0.53911115404241039
7,2000,492,0.01947582341620754,0.47582150010101532
7,2000,493,0.35607796061795072,0.86427456056129315
7,2000,494,0.21170996697001271,0.55258571964106074
7,2000,495,0.27524329340664877,0.53779733505702265
7,2000,496,0.093288529785784224,0.86699906293319429
7,2000,497,0.33107814566360211,0.85486193311005299
7,2000,498,0.95675371546141375,0.52060891095917472
7,2000,499,0.80036904170456391,0.55738142423454828
7,2000,500,0.003558229020230546,0.16107791541402053
7,2000,501,0.47667258292004089,0.31555971330685562
7,2000,502,0.78524535677395879,0.56936506517890106
7,2000,503,0.94926666319948072,0.88361494150968412
7,2000,504,0.26954819739699132,0.98318294076510815
7,2000,505,0.78847821227740389,0.066311993261898558
7,2000,506,0.6287053390221754,0.97357527582575198
7,2000,507,0.26802009999961585,0.7822397435381121
7,2000,508,0.71622358252942275,0.40133341074915607
7,2000,509,0.59941028214260861,0.24603647430226624
7,2000,510,0.5915762628396537,0.55827853527517735
7,2000,511,0.085658058116413791,0.018124392227890959
7,2000,512,0.10246345773544382,0.70503773358310851
7,2000,513,0.21803189671615691,0.7940804573535265
7,2000,514,0.68076628613662782,0.70816372477680301
7,2000,515,0.98503390283679282,0.16028512246855961
7,2000,516,0.39555291801699233,0.61269296912875115
7,2000,517,0.34450681593066462,0.60918798441601696
7,2000,518,0.9186943118045251,0.78116810281197324
7,2000,519,0.21927241375540621,0.6600791503792014
7,2000,520,0.13286484056767739,0.15494625053652031
7,2000,521,0.2912277416358619,0.23124929195946095
7,2000,522,0.70641650070100726,0.54469412642541859
7,2000,523,0.65960465901306231,0.56488046992259378
7,2000,524,0.97687516015827036,0.82906676001792756
7,2000,525,0.62492573039163579,0.67503827310083597
7,2000,526,0.41544286174814299,0.16503328402191977
7,2000,527,0.1188592846225425,0.44814852245577769
7,2000,528,0.52177751724626809,0.29717268322161061
7,2000,529,0.84813667230927714,0.66410466689999592
7,2000,530,0.57711795440907843,0.036481985150297616
7,2000,531,0.95145650847346974,0.65961884328167708
7,2000,532,0.46806658217564701,0.35870333431358875
7,2000,533,0.2585214755930435,0.49239886293728585
7,2000,534,0.52725557388724043,0.3753551158956478
7,2000,535,0.93418712376826207,0.3304258517541076
7,2000,536,0.026627259627110867,0.66060990866405689
7,2000,537,0.1678211500354182,0.03493406199237329
7,2000,538,0.94184113166239769,0.83852692376992777
7,2000,539,0.94790481053379971,0.81815201088464684
7,2000,540,0.97796260495156306,0.75317063080166169
7,2000,541,0.26035709294532322,0.89635337776848367
7,2000,542,0.37195265514101888,0.2882572988892918
7,2000,543,0.35662942146210275,0.058715048366843908
7,2000,544,0.52151867032246602,0.17293802949684481
7,2000,545,0.84034977290802115,0.9014755799920845
7,2000,546,0.80384091160552318,0.86369762708651932
7,2000,547,0.79676126042437856,0.93222761977415858
7,2000,548,0.54179098480900145,0.51356144665908121
7,2000,549,0.91684111192711248,0.50991434949621239
7,2000,550,0.90910960393348428,0.14751993355871773
7,2000,551,0.09499958030044714,0.0065505711100588386
7,2000,552,0.87844875251956711,0.243466962291464
7,2000,553,0.9910721978905862,0.064234628141083855
7,2000,554,0.46784839782127063,0.24660238108861085
7,2000,555,0.45696889663075946,0.36038261913504704
7,2000,556,0.86316853434628849,0.069538065516613679
7,2000,557,0.85761227992062472,0.34336260422809933
7,2000,558,0.33530330069870479,0.46320140262086995
7,2000,559,0.60963309204015503,0.57289970227168951
7,2000,560,0.5202211969033097,0.619256955903974
7,2000,561,0.9914695564111492,0.69535950969394666
7,2000,562,0.082177427332769309,0.21705963889067811
7,2000,563,0.17260724998131052,0.91445444311191371
7,2000,564,0.95595342090375746,0.90329027086392188
7,2000,565,0.57738524304948369,0.98701823400071809
7,2000,566,0.15546625762388944,0.31387884510387287
7,2000,567,0.46035818106884163,0.88314061421195666
7,2000,568,0.77617850776786745,0.4873753450267102
7,2000,569,0.00043490740615091016,0.29097403009647388
7,2000,570,0.89227282953444265,0.52630635517165503
7,2000,571,0.97514036148699845,0.77101849831305191
7,2000,572,0.64143851074545,0.24065063435773301
7,2000,573,0.96936237452982066,0.3321198232047875
7,2000,574,0.34452781877051114,0.45015832624512192
7,2000,575,0.72216749297396021,0.45312294687394777
7,2000,576,0.38191078617526264,0.75884748078915454
7,2000,577,0.99507560816776564,0.7502368955132489
7,2000,578,0.025874747886211212,0.84677844740999397
7,2000,579,0.83892947485883029,0.36564055949254615
7,2000,580,0.041543563856399547,0.88920090474317059
7,2000,581,0.94553638955726571,0.64394332456761161
7,2000,582,0.11993786318542667,0.36182818589346161
7,2000,583,0.01122663624516493,0.095615511594607669
7,2000,584,0.18529174172002436,0.7487440901481458
7,2000,585,0.77134105020016108,0.50900226909255675
7,2000,586,0.55815132765429964,0.15925422312269472
7,2000,587,0.97331783614355716,0.85598888768860071
7,2000,588,0.43385858114699627,0.28737201015724401
7,2000,589,0.22780553128408762,0.93594435082758243
7,2000,590,0.80566429963182995,0.79622561647453849
7,2000,591,0.94945678431306346,0.37146975204054727
7,2000,592,0.75587374208851721,0.91548501944820104
7,2000,593,0.29014182589221343,0.022600793390927021
7,2000,594,0.79168857062466846,0.40570046497913043
7,2000,595,0.99155605691417248,0.035836818070180375
7,2000,596,0.50187888129077551,0.98807580919211724
7,2000,597,0.22969179139636317,0.83118481961266433
7,2000,598,0.4111798011003574,0.56398056317820633
7,2000,599,0.730916617973696,0.61906564573564715
7,2000,600,0.97960513838793395,0.57377696202450157
7,2000,601,0.39528934416886669,0.87444787526392076
7,2000,602,0.73308764129317239,0.051754573862461857
7,2000,603,0.69344395021052763,0.99071864158544043
7,2000,604,0.91985567716435179,0.080114080881920166
7,2000,605,0.40010358766761034,0.57224090608235534
7,2000,606,0.70060910553934619,0.49340573624533468
7,2000,607,0.9957994653750748,0.1402422094669451
7,2000,608,0.36140510109980917,0.56997046912040061
7,2000,609,0.098604650979313369,0.99747801759957389
7,2000,610,0.64826078121317809,0.37446395312805014
7,2000,611,0.80102527721838079,0.46962710066507729
7,2000,612,0.358242164976182,0.5084010797800711
7,2000,613,0.99111850615115871,0.58492979241354637
7,2000,614,0.259229498927945,0.91043303081918447
7,2000,615,0.48948038263168936,0.10213500234585901
7,2000,616,0.30192037563300766,0.020279227826790189
7,2000,617,0.19294038641295741,0.08971840819080526
7,2000,618,0.52589016284649648,0.15369575651361697
7,2000,619,0.37897673529291864,0.047072075899219447
7,2000,620,0.50420783324156271,0.9438061542927545
7,2000,621,0.59987022697690573,0.65711340461075474
7,2000,622,0.30685595997443366,0.52300536824909849
7,2000,623,0.090890557870482933,0.70374383631632886
7,2000,624,0.9326261150969628,0.45069253272539289
7,2000,625,0.32101527192968293,0.74817530721260495
7,2000,626,0.14237707530550786,0.66717233486811456
7,2000,627,0.80895460216429715,0.23642912685875045
7,2000,628,0.50472447148163713,0.8696838166558154
7,2000,629,0.79252138041071674,0.29433195447968408
7,2000,630,0.98740483196293682,0.86805772497396538
7,2000,631,0.087984221713985941,0.20854842095764939
7,2000,632,0.83925470500345301,0.771561180791276
7,2000,633,0.69040435129267319,0.53548315993409967
7,2000,634,0.22605002849265765,0.66484796488836284
7,2000,635,0.83715993572356151,0.50554273836538433
7,2000,636,0.73947636646235682,0.31190464056683231
7,2000,637,0.22901812707602273,0.045516284435513268
7,2000,638,0.88748481046316208,0.54849386699051739
7,2000,639,0.5333041085649427,0.08189651576664711
7,2000,640,0.64549631972978749,0.23962918663807836
7,2000,641,0.16812505482247944,0.11045623402139662
7,2000,642,0.04204463499069671,0.77781056117551672
7,2000,643,0.89139952968776448,0.94070008506735447
7,2000,644,0.21202998551267729,0.75503886317595659
7,2000,645,0.76723306025075722,0.96519064348009853
7,2000,646,0.37828129546964373,0.070820818152842163
7,2000,647,0.99309909319012146,0.46301979762897483
7,2000,648,0.79425784330908678,0.0041676708672033777
7,2000,649,0.42728852665385608,0.54040716447202752
7,2000,650,0.16129441512513948,0.84611576440213443
7,2000,651,0.020425313265315038,0.50031870692181613
7,2000,652,0.46310551727285387,0.50811112844498296
7,2000,653,0.20358706384202496,0.11763670168223449
7,2000,654,0.12540697672691498,0.39362037487718482
7,2000,655,0.55096614804305122,0.72343195203940081
7,2000,656,0.8779184128841816,0.72900838267261037
7,2000,657,0.069801248060585352,0.52530599172353143
7,2000,658,0.0016468718202603478,0.93008059108217445
7,2000,659,0.60204851802372061,0.13994135160458912
7,2000,660,0.73120367085387905,0.54716312748147944
7,2000,661,0.87511833520338811,0.43359074937801778
7,2000,662,0.15035891369297438,0.88438938472274498
7,2000,663,0.48486445501687514,0.17298007710815211
7,2000,664,0.16108764527182257,0.29547630139533049
7,2000,665,0.81729974139585282,0.033590026846994039
7,2000,666,0.32257928171645539,0.47383982854491768
7,2000,667,0.26984147931367025,0.64633043846085469
7,2000,668,0.87220011434074352,0.9518932329965476
7,2000,669,0.85310465536184532,0.8303180124894578
7,2000,670,0.23335741528906256,0.90097995806082254
7,2000,671,0.41211895440036017,0.95541607334049539
7,2000,672,0.9887071506191194,0.27655499910527459
7,2000,673,0.4025462113182951,0.34062706673819881
7,2000,674,0.017847511090469843,0.38369773001674562
7,2000,675,0.58321468132367893,0.39256061173685874
7,2000,676,0.020153367945707167,0.29294442618513233
7,2000,677,0.17943053602557196,0.77182969195810869
7,2000,678,0.071544463463226945,0.93524946946635812
7,2000,679,0.22235682933779341,0.6979500582517244
7,2000,680,0.13011139510565595,0.36238760662435338
7,2000,681,0.7319767284623846,0.26938415236406454
7,2000,682,0.49131951974552734,0.94395614456771426
7,2000,683,0.66152922168668771,0.85806416085404713
7,2000,684,0.89196741915905764,0.69698741442094647
7,2000,685,0.26066272025871512,0.64687875112262905
7,2000,686,0.41769016870520032,0.12004492155515178
7,2000,687,0.35837189162718519,0.6709167476522373
7,2000,688,0.51702169448421353,0.9673213735264089
7,2000,689,0.6554120042037993,0.71705095016725284
7,2000,690,0.61507401076694745,0.33524621851863273
7,2000,691,0.75622505336199619,0.98063027002268111
7,2000,692,0.36648008434039325,0.66204799859735608
7,2000,693,0.50332571951503347,0.47323203521135215
7,2000,694,0.98664147107083999,0.21654987363880951
7,2000,695,0.97270465606368373,0.51411712803959142
7,2000,696,0.78767983825484544,0.53636114909496146
7,2000,697,0.49876881747228385,0.066892974892844501
7,2000,698,0.9031985747102621,0.37310999311007692
7,2000,699,0.75522453009355217,0.49403367325979008
7,2000,700,0.91361114026269052,0.0080265642929173812
7,2000,701,0.67138489679443014,0.92412402213738853
7,2000,702,0.97996017122290502,0.40633200595236763
7,2000,703,0.080932259478142865,0.86058941703529768
7,2000,704,0.534923205260604,0.7246594761639108
7,2000,705,0.87933238849452933,0.7569139333190259
7,2000,706,0.9997961447746383,0.44084551622301088
7,2000,707,0.95963053129860731,0.52757705993202908
7,2000,708,0.30219787061645204,0.61124033252343102
7,2000,709,0.40458376084433978,0.41196434878832972
7,2000,710,0.6317376963657495,0.87025686733977148
7,2000,711,0.2328191527948949,0.023968668376652253
7,2000,712,0.84241745215358954,0.51360367041791277
7,2000,713,0.34794814226654502,0.9620429378010309
7,2000,714,0.63941409346513178,0.13277213817069297
7,2000,715,0.964961405314399,0.24806037059942992
7,2000,716,0.82693087723776815,0.32709169356531304
7,2000,717,0.54931432611433129,0.21059026570239572
7,2000,718,0.79902774947957811,0.43563931813391721
7,2000,719,0.47190572988104396,0.63856927093954452
7,2000,720,0.45346077655898459,0.48104925156569001
7,2000,721,1.58834163906741e-07,0.047326186748298471
7,2000,722,0.17289441696010846,0.37669649626578494
7,2000,723,0.23333011762007447,0.1567816896192353
7,2000,724,7.5132131093834137e-05,0.31108085595830337
7,2000,725,0.74802716043307216,0.56978379013761393
7,2000,726,0.4288924204632179,0.00070100305298428272
7,2000,727,0.82822154967636563,0.030503046609441937
7,2000,728,0.92314019125884705,0.43526911338658114
7,2000,729,0.36504672182834969,0.14210606512658511
7,2000,730,0.89646714853798348,0.58348779089576142
7,2000,731,0.69555772573380159,0.84522441245600011
7,2000,732,0.28579513698692777,0.23291754823756755
7,2000,733,0.94878458443767599,0.64681265991403736
7,2000,734,0.99529175022326155,0.94088766771105736
7,2000,735,0.52577729919446403,0.84860944644208103
7,2000,736,0.5646151562342594,0.13763958727996048
7,2000,737,0.999280931639557,0.87901769026387122
7,2000,738,0.11998874659540021,0.31802608169392149
7,2000,739,0.18738870522064205,0.55603776806949179
7,2000,740,0.6808617393663372,0.56912566259663155
7,2000,741,0.11605619001567259,0.78689329494675142
7,2000,742,0.0017726404599261534,0.74491952630304026
7,2000,743,0.92950993174906671,0.17604221065742545
7,2000,744,0.78790460519294991,0.43870399418934758
7,2000,745,0.69994992698048153,0.78937493260430058
7,2000,746,0.76436831034328045,0.92100790489149331
7,2000,747,0.56197161233052495,0.62676064160186473
7,2000,748,0.00035216057201729357,0.93949246276253429
7,2000,749,0.079910432202248735,0.7588215546324566
7,2000,750,0.95530617967479425,0.079443821553889682
7,2000,751,0.0026975618448110256,0.78012149727421976
7,2000,752,0.23350760299007373,0.97694787336002076
7,2000,753,0.90550370221838683,0.37613707139564651
7,2000,754,0.6645621980346047,0.25666629140992175
7,2000,755,0.735528931943914,0.24379957539904454
7,2000,756,0.011195884256026344,0.3663290191648037
7,2000,757,0.86118890112067037,0.013629644962515815
7,2000,758,0.98751474615687596,0.75637836872345821
7,2000,759,0.30700666929470927,0.14982040035842711
7,2000,760,0.2161370372757101,0.5668524290337702
7,2000,761,0.86712113696632942,0.31581071230987778
7,2000,762,0.70846153017666269,0.15402586583823738
7,2000,763,0.84994509294797016,0.79069013299969382
7,2000,764,0.19315670882682962,0.90292911931914122
7,2000,765,0.24135938300399337,0.90393466694684321
7,2000,766,0.77080479558908743,0.65691875814060396
7,2000,767,0.51457375188700349,0.26496014165930404
7,2000,768,0.75858913030177599,0.69968389886284343
7,2000,769,0.13929655251374956,0.61022232024112233
7,2000,770,0.98278071323568095,0.14538730012531542
7,2000,771,0.66017207795438082,0.25491396436816705
7,2000,772,0.22980778722060943,0.012315779186014347
7,2000,773,0.047537344738618176,0.29136190341468499
7,2000,774,0.97825090627182465,0.52077688755611296
7,2000,775,0.33737943957778799,0.51745669451004683
7,2000,776,0.05519374573221026,0.61641147835920984
7,2000,777,0.63264756636408059,0.26012710621751794
7,2000,778,0.85103570149786323,0.70454308014376643
7,2000,779,0.01242457831864378,0.68675113387383246
7,2000,780,0.84036754036503281,0.73809657785795868
7,2000,781,0.29873212138453564,0.017748739865030144
7,2000,782,0.74063060908190148,0.8030010098208975
7,2000,783,0.19708447332838425,0.38600207647380863
7,2000,784,0.0035702079310231359,0.22295317984998297
7,2000,785,0.78069903617370973,0.69840097757417741
7,2000,786,0.99633904629364722,0.33069453022082279
7,2000,787,0.41205518777375916,0.054243043191011572
7,2000,788,0.82350582202918199,0.59453285497623021
7,2000,789,0.91939611751910211,0.34983951040317096
7,2000,790,0.42386795548653972,0.37659753990526862
7,2000,791,0.62972930968487106,0.052781508093682608
7,2000,792,0.045183363673678964,0.71454941414021944
7,2000,793,0.94492958979013175,0.82404017428997534
7,2000,794,0.19213300480476436,0.29432168698676175
7,2000,795,0.4652233003818308,0.6112875347574962
7,2000,796,0.99022977368283716,0.19113728114367812
7,2000,797,0.090667896759036873,0.10859129623982357
7,2000,798,0.74952688108252941,0.25336090981506137
7,2000,799,0.18672253369486039,0.2959280100220803
7,2000,800,0.73756546491225627,0.033044850334255652
7,2000,801,0.1985632102557377,0.74241951653175864
7,2000,802,0.64892371027675955,0.14372829398993145
7,2000,803,0.93891118368936088,0.40680570690922147
7,2000,804,0.60481265818937879,0.58901241424984918
7,2000,805,0.6181870428516818,0.65347492260928375
7,2000,806,0.99336325379896051,0.72312822890656869
7,2000,807,0.89144000220887631,0.79312348237936914
7,2000,808,0.055789463579786189,0.46831335803749596
7,2000,809,0.95192540913855517,0.86369044035024312
7,2000,810,0.62147527116382895,0.48350470146145685
7,2000,811,0.2479328060020817,0.73594139590575991
7,2000,812,0.11452311937977133,0.30074820622686049
7,2000,813,0.83615616366385259,0.81886591243326889
7,2000,814,0.51217882581973551,0.76732636228106987
7,2000,815,0.55705442741401257,0.82030706641447615
7,2000,816,0.51963162754414594,0.97881443719304062
7,2000,817,0.99418588569471211,0.71617521095543635
7,2000,818,0.9620842883400732,0.65507198491178342
7,2000,819,0.050652263575156259,0.83119224655066837
7,2000,820,0.73873989932668616,0.4957906173440797
7,2000,821,0.17810611859254838,0.5045405295520653
7,2000,822,0.40781851793388513,0.1121278151600559
7,2000,823,0.059484370578669288,0.56209001815244242
7,2000,824,0.998891471653094,0.71653107840481678
7,2000,825,0.75787242582836878,0.082783934008043666
7,2000,826,0.86361556912452531,0.21088005509308416
7,2000,827,0.041010449453328296,0.75030396341193017
7,2000,828,0.94398597318165056,0.082555783959701839
7,2000,829,0.87289452834451553,0.31641406955578705
7,2000,830,0.60577577879557931,0.93298978050259929
7,2000,831,0.44492185696545367,0.59345715097282481
7,2000,832,0.016900734555487091,0.21962257707992483
7,2000,833,0.59345741310863587,0.28728510465068641
7,2000,834,0.68754673117431553,0.90647394774256684
7,2000,835,0.55788458750567493,0.36345796574007228
7,2000,836,0.7790690508491116,0.53353940918851483
7,2000,837,0.048885642242936053,0.16047314202634008
7,2000,838,0.92730265978990989,0.23767538989986184
7,2000,839,0.56297408225923429,0.90222073404662084
7,2000,840,0.18716425561020117,0.96102591277496885
7,2000,841,0.29278860210656388,0.36542056556423452
7,2000,842,0.99149807876800367,0.87339760831340407
7,2000,843,0.87063871337325782,0.70191817200201212
7,2000,844,0.97906927400315369,0.66683403413816889
7,2000,845,0.92946505273316182,0.58086701217590897
7,2000,846,0.96838271303186252,0.97723672370835346
7,2000,847,0.8124633609711952,0.27958741327709802
7,2000,848,0.49971775674994723,0.92902963532106519
7,2000,849,0.59750044239958278,0.114823129784073
7,2000,850,0.60410571513216205,0.87672654752529655
7,2000,851,0.98211873155825502,0.82589428136985665
7,2000,852,0.81835935027828688,0.63999491594168378
7,2000,853,0.4898642871937301,0.54797997528742681
7,2000,854,0.97462817955013548,0.50498479242347627
7,2000,855,0.61448454421061771,0.5735877856949001
7,2000,856,0.91837205970135927,0.56751731389381799
7,2000,857,0.45931921205965864,0.6407993200352663
7,2000,858,0.70560446404164667,0.30475998197400994
7,2000,859,0.30024758567850107,0.45601613725398782
7,2000,860,0.16796295662601499,0.79620568702348193
7,2000,861,0.42514203768440167,0.55284113222477715
7,2000,862,0.87017155784391453,0.40758563758781297
7,2000,863,0.5569552479093548,0.48632923950754547
7,2000,864,0.24258829304275931,0.91679233164545926
7,2000,865,0.48370906823480841,0.99242382555877173
7,2000,866,0.054010546980265264,0.72596578240946141
7,2000,867,0.91847933843416252,0.38683413088462426
7,2000,868,0.84141798994473094,0.85766707496313832
7,2000,869,0.78985011367809022,0.7944925560803211
7,2000,870,0.87758460874825917,0.59294863598682468
7,2000,871,0.46804583873537275,0.8164924696439102
7,2000,872,0.4525367039048625,0.99563247526243215
7,2000,873,0.067026338715476544,0.13775166146349654
7,2000,874,0.712470799432664,0.84580369833993674
7,2000,875,0.97671564204008832,0.76109541059297947
7,2000,876,0.81467503125407192,0.85157599007591278
7,2000,877,0.44207161974131853,0.83921232326593032
7,2000,878,0.26279789408420168,0.49235220702499127
7,2000,879,0.99114208697692807,0.25184440704948047
7,2000,880,0.62442379034061823,0.3769828042116114
7,2000,881,0.83616285675008439,0.95031372801900127
7,2000,882,0.38246682820930017,0.19616510546634713
7,2000,883,0.90980383306096113,0.58539071507611251
7,2000,884,0.18155328817945227,0.68595640034901884
7,2000,885,0.37698954403566537,0.44937622162985574
7,2000,886,0.68878415665963599,0.4524889520564212
7,2000,887,0.38363579399447789,0.34472224555589598
7,2000,888,0.59089771552266646,0.76268482287309203
7,2000,889,0.070802922366837995,0.84188855824668674
7,2000,890,0.6124661238216027,0.48804346585250535
7,2000,891,0.71909576211527004,0.72365088454657878
7,2000,892,0.33769361525417174,0.001649478864583685
7,2000,893,0.64510382636165997,0.21435153454679096
7,2000,894,0.9854377265067501,0.18727096430584536
7,2000,895,0.99987749105621682,0.55934225957677763
7,2000,896,0.74837267396443807,0.59680529361398538
7,2000,897,0.98862891138030218,0.47374155819925745
7,2000,898,0.6259130499483837,0.0079749932154825672
7,2000,899,0.28432816939354705,0.18805810297972025
7,2000,900,0.5052343001864632,0.58409450703441934
7,2000,901,0.37004067304266069,0.53527411433793814
7,2000,902,0.72069765527009944,0.55525360909816135
7,2000,903,0.24829702446135832,0.84508220270165202
7,2000,904,0.81995938664417911,0.54942891077446154
7,2000,905,0.19215280182913269,0.26948949973117919
7,2000,906,0.40424940740540249,0.16711468370858107
7,2000,907,0.83147958932002264,0.70508907870602866
7,2000,908,0.89015939469863004,0.89360529112783915
7,2000,909,0.27376101661252439,0.24978565624553925
7,2000,910,0.16382453105101291,0.78395338025788286
7,2000,911,0.79813804701569757,0.9782108071677611
7,2000,912,0.49596690783690667,0.02680699799087782
7,2000,913,0.90953086224981372,0.034519528788479824
7,2000,914,0.00091105855911148331,0.67849384852561823
7,2000,915,0.67397494021915938,0.16008555569262639
7,2000,916,0.11270775767242135,0.10601699206130792
7,2000,917,0.61516776876388446,0.38232614116682373
7,2000,918,0.80651450279144044,0.90598290673950488
7,2000,919,0.56924458458158256,0.62985748770275229
7,2000,920,0.68355046116692753,0.60108575977233225
7,2000,921,0.49451384236197127,0.57379187475025251
7,2000,922,0.66905622628608896,0.10700359808957752
7,2000,923,0.74579502158427347,0.54571624209620551
7,2000,924,0.82500939894643566,0.069289337649010282
7,2000,925,0.75894479796965397,0.14098745125561682
7,2000,926,0.5906559173780711,0.34250971039683326
7,2000,927,0.79976258807369804,0.013114455784604245
7,2000,928,0.1577792276980742,0.75393533454830841
7,2000,929,0.086726449438764133,0.43929546317404061
7,2000,930,0.16319055036332741,0.73608621840451982
7,2000,931,0.46340565023379454,0.2736510448864527
7,2000,932,0.71979315568856328,0.20453221030780525
7,2000,933,0.29090454049196796,0.86571453044734992
7,2000,934,0.95597326324143239,0.94592306996624864
7,2000,935,0.51792793551175476,0.34158643518661769
7,2000,936,0.14818408646518916,0.28064798607573993
7,2000,937,0.52930927451628473,0.67528367165918635
7,2000,938,0.77621393360776803,0.38994288495966778
7,2000,939,0.31244899741733451,0.35520251249407647
7,2000,940,0.95539763481089546,0.71126629673479824
7,2000,941,0.93219835208769974,0.28912497558098416
7,2000,942,0.098795087707635121,0.48645774572598066
7,2000,943,0.83176966169530653,0.7922006462907476
7,2000,944,0.39074681259044503,0.33556471369024415
7,2000,945,0.63084514797200375,0.67336843306375482
7,2000,946,0.23881395668136912,0.29259638604335914
7,2000,947,0.63008619418092671,0.33624703284028334
7,2000,948,0.60181953108030395,0.72628087341108394
7,2000,949,0.84362046187863582,0.96559387547145026
7,2000,950,0.3979333965603834,0.63614312886648805
7,2000,951,0.82590731968757058,0.18553487277513964
7,2000,952,0.99489125108026577,0.37804526622790324
7,2000,953,0.65939990778793334,0.77722436182604948
7,2000,954,0.62398805712893335,0.10950874779814292
7,2000,955,0.67634817339003128,0.73859919228701443
7,2000,956,0.24282195398299639,0.025132377853348764
7,2000,957,0.98933379046462211,0.42609422724208396
7,2000,958,0.7699909257862988,0.53893911168865771
7,2000,959,0.60401040916077142,0.01888007103480244
7,2000,960,0.65670840808271314,0.90564098497619705
7,2000,961,0.90321928505097426,0.40378914995664156
7,2000,962,0.60660834566027066,0.69794225056329418
7,2000,963,0.80133603324697278,0.97664470181453
7,2000,964,0.54789802163914048,0.74790408781677842
7,2000,965,0.72618374898702198,0.57290960322825513
7,2000,966,0.68162099574144963,0.011555340765082514
7,2000,967,0.26860803718353093,0.4689320783498836
7,2000,968,0.80586580516076967,0.85070939078274554
7,2000,969,0.83226935288767057,0.21683382234778345
7,2000,970,0.0899992761475579,0.5812583222292631
7,2000,971,0.75219625655454736,0.40420383320122172
7,2000,972,0.72708165529228463,0.92528579014454237
7,2000,973,0.95962526363789102,0.86317245342416382
7,2000,974,0.70837092782182265,0.25686799082446715
7,2000,975,0.34393202606007495,0.36170111298148849
7,2000,976,0.79222144847272891,0.43904893130147171
7,2000,977,0.47787007934424086,0.43530347870837971
7,2000,978,0.42439446884700455,0.5318958471936186
7,2000,979,0.32234859804869109,0.13575490975908744
7,2000,980,0.99053980826281796,0.56512471617562432
7,2000,981,0.62028805361855366,0.65766297659065909
7,2000,982,0.929238156333826,0.65715239413412263
7,2000,983,0.99222760253580855,0.95234122537603694
7,2000,984,0.89043459110726864,0.22426778430426755
7,2000,985,0.44783102165480765,0.89963899305808392
7,2000,986,0.81324020777467787,0.13551615203494996
7,2000,987,0.30759533877404716,0.17774719070060344
7,2000,988,0.58006619886999666,0.12303216420346427
7,2000,989,5.513830464906421e-06,0.20762758091224037
7,2000,990,0.16129949706814625,0.71584553065290291
7,2000,991,0.62513224868743067,0.29976210451090701
7,2000,992,0.7738152831296321,0.9809787318263804
7,2000,993,0.29074930862150389,0.26673203835170856
7,2000,994,0.060804680897096897,0.22842139217288232
7,2000,995,0.97496283722284549,0.89825614760008476
7,2000,996,0.48586872083131338,0.61911605270613945
7,2000,997,0.98309042572130279,0.46923797928057187
7,2000,998,0.049130663462788077,0.1651123676999009
7,2000,999,0.67381731190863614,0.21924041516210713
7,8000,0,0.36046433325710786,0.68160608318942428
7,8000,1,0.78021590119981254,0.69880800835344448
7,8000,2,0.85836689850452774,0.11066310711077526
7,8000,3,0.14306864491204094,0.94691470496714469
7,8000,4,0.63210262366779646,0.17316852847506492
7,8000,5,0.85768245848703661,0.538231395940452
7,8000,6,0.67101699460253539,0.012769264512529205
7,8000,7,0.59182440347504217,0.15202145121680702
7,8000,8,0.6036389777706429,0.43626483940840505
7,8000,9,0.16592908741533635,0.81495705570373411
7,8000,10,0.76287001277377375,0.10476281082169199
7,8000,11,0.65541168061743926,0.6266564610441393
7,8000,12,0.72446956581002953,0.068007491164580103
7,8000,13,0.88551315667346675,0.60611559397306736
7,8000,14,0.17700507891769759,0.19544299803846391
7,8000,15,0.84075547344620494,0.2159667029325319
7,8000,16,0.76451499416592616,0.97730441137462132
7,8000,17,0.99278079917019524,0.75176810900654012
7,8000,18,0.028197545397795256,0.46107962897320953
7,8000,19,0.75373831912662537,0.1525488546990488
7,8000,20,0.17959514585563027,0.07531321518185996
7,8000,21,0.065840254079141902,0.45444211010295676
7,8000,22,0.74619310479266643,0.024669784276942591
7,8000,23,0.65707779540256683,0.98706763761124816
7,8000,24,0.65548636677772332,0.48058772636333746
7,8000,25,0.0045429185341407698,0.2790673061420853
7,8000,26,0.88581983002593312,0.43552293487660454
7,8000,27,0.28971826160084746,0.38492257576747824
7,8000,28,0.20449974563073514,0.31171103360206126
7,8000,29,0.45285169666169234,0.41891421780340943
7,8000,30,0.68819506166026168,0.27170935471617086
7,8000,31,0.89372460949091781,0.30837617913952658
7,8000,32,0.77317002334501483,0.41176715418012821
7,8000,33,0.29714898498464182,0.084583804749325281
7,8000,34,0.98488461195225485,0.71459612066826028
7,8000,35,0.96607763434253291,0.46442733487037069
7,8000,36,0.82330329578563255,0.96619235874498111
7,8000,37,0.85148351423131907,0.15278733412387147
7,8000,38,0.65242875761152652,0.37414328776584466
7,8000,39,0.24766923233932311,0.54479301691443538
7,8000,40,6.6643351464116347e-05,0.38562532096507063
7,8000,41,0.81560105643931813,0.70957480549301011
7,8000,42,0.24897242501251507,0.22992528633038409
7,8000,43,0.98035009694685216,0.55186491138662275
7,8000,44,0.73329280140339659,0.92893434936331731
7,8000,45,0.72403181295211594,0.51140901376744918
7,8000,46,0.81777433259164334,0.30492757243220658
7,8000,47,0.69318116126350593,0.3246215350078282
7,8000,48,0.66336042570210896,0.14789726269089967
7,8000,49,0.5521729440986316,0.67908433163676185
7,8000,50,0.47423306726051206,0.49931923613892704
7,8000,51,0.98254636722270006,0.23491293918646944
7,8000,52,0.68979545301343403,0.08400431188147392
7,8000,53,0.98085488981350721,0.3565863836020694
7,8000,54,0.32941295954565303,0.56839676872029998
7,8000,55,0.22165010253038292,0.13179477163622899
7,8000,56,0.89439222260756412,0.22056294688970798
7,8000,57,0.75342906466278436,0.530417143462104
7,8000,58,0.97375246791043546,0.67364342741753436
7,8000,59,0.93265327684984023,0.09570315687965994
7,8000,60,0.36905014416322174,0.23425888359010535
7,8000,61,0.73385580197703837,0.83009970800303268
7,8000,62,0.24254025078625671,0.72554270448514402
7,8000,63,0.93759325764508783,0.55788450624105901
7,8000,64,0.74824499337892825,0.091109813229538095
7,8000,65,0.25948736690756702,0.4501593179770611
7,8000,66,0.33847022462335719,0.43079640711508616
7,8000,67,0.53108252279768764,0.28081481732813357
7,8000,68,0.0097985522009874006,0.94797690698402814
7,8000,69,0.47991995654369579,0.51672326646067257
7,8000,70,0.11799532180599868,0.23899639438226336
7,8000,71,0.62308539200041591,0.89535976705935461
7,8000,72,0.47005876592412443,0.037010701937899522
7,8000,73,0.55845451526989254,0.87865364059598838
7,8000,74,0.51175178603164373,0.11088656821666901
7,8000,75,0.70427278526231207,0.56991156956751532
7,8000,76,0.79771477275744185,0.23457977057436966
7,8000,77,0.96522610966563582,0.43518471840545792
7,8000,78,0.76105654193178052,0.3907364307544125
7,8000,79,0.017813278712016878,0.27121619356164284
7,8000,80,0.96249378196051927,0.84634966020730984
7,8000,81,0.87891891041382131,0.91237597682687521
7,8000,82,0.9197471258136739,0.5369308101796304
7,8000,83,0.82564281998508382,0.64764114355473301
7,8000,84,0.4385845963455115,0.49280671088108163
7,8000,85,0.074511442090483854,0.11964047842812617
7,8000,86,0.34657255163118317,0.056602472272972708
7,8000,87,0.25928179709789889,0.3526180373564794
7,8000,88,0.014119455480076435,0.47929650414152536
7,8000,89,0.24275503176176752,0.60232031591785751
7,8000,90,0.98827354994816907,0.38801306903984895
7,8000,91,0.75306393535513727,0.7336111892894891
7,8000,92,0.90437862743231268,0.61536616322045457
7,8000,93,0.19518217055209364,0.6055814362154277
7,8000,94,0.41419479976474288,0.739120209270826
7,8000,95,0.27544124368064848,0.68431981988813317
7,8000,96,0.91740841299121489,0.15160286748564764
7,8000,97,0.80387565643631587,0.22919263758110495
7,8000,98,0.33356852124974018,0.84336466142823696
7,8000,99,0.18534367837894852,0.033572214150738057
7,8000,100,0.45437904637308008,0.16446665666244586
7,8000,101,0.99241102413747728,0.77867822178354584
7,8000,102,0.88712689864752492,0.36585781157428515
7,8000,103,0.43841726843272466,0.54651658584317364
7,8000,104,0.96578600124782343,0.70670659279659331
7,8000,105,0.75167536550366831,0.7981080296087989
7,8000,106,0.89803135551575552,0.37782327436274632
7,8000,107,0.68102659307843971,0.12445033668376722
7,8000,108,0.82344086131130623,0.61569912025854256
7,8000,109,0.98879795635984491,0.91374097717533398
7,8000,110,0.80623343240133338,0.69222557080479019
7,8000,111,0.9007517687222828,0.88271668166814465
7,8000,112,0.46234016803502143,0.062910984463556585
7,8000,113,0.48093366143082017,0.008393436378446759
7,8000,114,0.1710232285159288,0.49863544682926209
7,8000,115,0.7407064021883708,0.67609026879227141
7,8000,116,0.70543555296988991,0.067363772571600838
7,8000,117,0.95046148231826699,0.86645329908469515
7,8000,118,0.30317724825671494,0.4802684236976853
7,8000,119,0.56727067184780977,0.38277082105318649
7,8000,120,0.73323082580826848,0.61975738022464666
7,8000,121,0.95004120598530206,0.086465048655487153
7,8000,122,0.95870142128453517,0.19486287985415254
7,8000,123,0.72532301244571273,0.76640940695919912
7,8000,124,0.72318897441376051,0.26763782824699905
7,8000,125,0.16445925939207823,0.99847111812475153
7,8000,126,0.94116287975721236,0.52335159058721625
7,8000,127,0.9346460958670334,0.757500260333546
7,8000,128,0.075700195481964813,0.28418344425863462
7,8000,129,0.26444088416196176,0.89616250969795708
7,8000,130,0.65331032899948549,0.0038855242301262839
7,8000,131,0.99791614758276503,0.55221540100324229
7,8000,132,0.97410176491246714,0.62473542594660714
7,8000,133,0.21845334311464756,0.18562336757455764
7,8000,134,0.64482059819204884,0.42468508473535183
7,8000,135,0.93373123198900931,0.28135834505117602
7,8000,136,0.4838997366767035,0.099377641141447287
7,8000,137,0.30304287321657647,0.74056012671419624
7,8000,138,0.14152274349903404,0.49958288634796366
7,8000,139,0.67134698008509608,0.41795053303112728
7,8000,140,0.66568955789156081,0.52522273736435376
7,8000,141,0.84907615388847146,0.93728578391959139
7,8000,142,0.7541670282048939,0.077669290314742484
7,8000,143,0.70014169980285978,0.93875995320479988
7,8000,144,0.85756520713219464,0.52319692485504754
7,8000,145,0.50199600768526598,0.35023609956601603
7,8000,146,0.91319038054649793,0.71432111802022669
7,8000,147,0.95779698289740656,0.29634522666046575
7,8000,148,0.40951021324936299,0.40601382634038657
7,8000,149,0.55689351725667791,0.65564246541624616
7,8000,150,0.97378865142361293,0.63541953478633229
7,8000,151,0.76122969987352807,0.41129979281401213
7,8000,152,0.18732114295781369,0.79121660687951012
7,8000,153,0.24586618545946648,0.83025882709526466
7,8000,154,0.99775281845758201,0.46678208914606045
7,8000,155,0.81635836139309514,0.94886281397009065
7,8000,156,0.5756273499847252,0.010550095983765462
7,8000,157,0.028420352981768818,0.1638649608964719
7,8000,158,0.53969840381765466,0.72673031258189058
7,8000,159,0.17156058711978994,0.74935943713993236
7,8000,160,0.85434987955053454,0.10945469388009528
7,8000,161,0.53016625352121505,0.0096504280927185056
7,8000,162,0.25586943902378378,0.4680064354717095
7,8000,163,0.96310731621545731,0.72525276214680978
7,8000,164,0.65165099141820815,0.63985989166165269
7,8000,165,0.15793443089592368,0.66605591951510401
7,8000,166,0.83558609396408512,0.51939091068828502
7,8000,167,0.56943347711994519,0.031733096076025979
7,8000,168,0.62758044705060156,0.8785945992016666
7,8000,169,0.85476703834865364,0.89346711509223598
7,8000,170,0.38255979002616625,0.20686145633169747
7,8000,171,0.97394311039471948,0.68366112091540032
7,8000,172,0.26683644245582683,0.39781930130340887
7,8000,173,0.73674790384295474,0.87657993650313559
7,8000,174,0.68683009044566301,0.51629148798219171
7,8000,175,0.52513082325997973,0.072464183652216574
7,8000,176,0.024089934493100033,0.53749623246734668
7,8000,177,0.98261014756946385,0.58725998009119995
7,8000,178,0.24634811009238275,0.24070540111170483
7,8000,179,0.1609135246519125,0.6769587695497894
7,8000,180,0.96784718871126652,0.088081195073699423
7,8000,181,0.63534388702992106,0.21772829886648321
7,8000,182,0.14899276090341351,0.57154549250133191
7,8000,183,0.96205472678713633,0.86039016743603969
7,8000,184,0.36114136301394562,0.61035455748679179
7,8000,185,0.016273612369807795,0.54378375127251244
7,8000,186,0.21531113481667541,0.21538192456161681
7,8000,187,0.91772859559379372,0.29384396549158681
7,8000,188,0.73970132466532923,0.826802548523216
7,8000,189,0.98594781765554418,0.33830681154523973
7,8000,190,0.21675498102200158,0.71181328131066612
7,8000,191,0.77399255127371969,0.010449122968184841
7,8000,192,0.9884789054090547,0.34226937895034448
7,8000,193,0.09227106710003935,0.037432771856648311
7,8000,194,0.21511660873160363,0.2786104865784767
7,8000,195,0.35147146108520488,0.37989797372353773
7,8000,196,0.74400020268280254,0.92370211793622226
7,8000,197,0.17379624331467494,0.33179959203890669
7,8000,198,0.60703178647556377,0.28804952069725359
7,8000,199,0.078445176026965283,0.47238189255503626
7,8000,200,0.90800307802213753,0.32405043978072295
7,8000,201,0.17337518596692383,0.99759945001418615
7,8000,202,0.45652789401594818,0.15957384722064771
7,8000,203,0.22116487016190578,0.55129374238770856
7,8000,204,0.63565199850524279,0.12994282855571135
7,8000,205,0.19347201997110408,0.49708036158246915
7,8000,206,0.81382167101654712,0.016854892803080349
7,8000,207,0.89965157547527619,0.42660080032396686
7,8000,208,0.96818379529223708,0.86582378492141621
7,8000,209,0.98788422484349536,0.35616157688143285
7,8000,210,0.7329968617821444,0.84824694265349665
7,8000,211,0.55462123668571317,0.27972654859568075
7,8000,212,0.94954998252433975,0.45642983974811335
7,8000,213,0.55445676031960123,0.14259391640875985
7,8000,214,0.96750140952939168,0.28951215119362206
7,8000,215,0.56861303268861785,0.49479116933694423
7,8000,216,0.026047580321045743,0.15307601005224586
7,8000,217,0.40513214135489406,0.89500269994290094
7,8000,218,0.56737499803148828,0.96007721651115441
7,8000,219,0.56039074207148187,0.31469869545329171
7,8000,220,0.43988200567217106,0.5749211595565078
7,8000,221,0.88846331381378707,0.020276453506942793
7,8000,222,0.96403821196146544,0.9721446902690859
7,8000,223,0.091599540015525616,0.044730986513654009
7,8000,224,0.023084792166527233,0.83715767924445228
7,8000,225,0.63823566961978928,0.73031881595119341
7,8000,226,0.59760887046832778,0.69802781714259532
7,8000,227,0.12359765514166005,0.95755975998392984
7,8000,228,0.16853730722479429,0.24378050005554194
7,8000,229,0.4872591121960711,0.47872710894954262
7,8000,230,0.00026266370234136644,0.036730007187968129
7,8000,231,0.34067810738124504,0.52599304510219413
7,8000,232,0.746115707633763,0.11230381030243473
7,8000,233,0.55872744530652785,0.64490917906723222
7,8000,234,0.018440577772867943,0.32075736912524788
7,8000,235,0.22124300230986607,0.32863321356425268
7,8000,236,0.26087896842836894,0.22777420974618232
7,8000,237,0.43250082652228633,0.32712793348633717
7,8000,238,0.6080716015034664,0.23611448822740572
7,8000,239,0.79133937665090159,0.1448921202323305
7,8000,240,0.69218083686954301,0.51823083827496341
7,8000,241,0.13224158087866075,0.50652571148089154
7,8000,242,0.33010627111940927,0.20375323748010002
7,8000,243,0.56188594058865338,0.67023990253749999
7,8000,244,0.82189436287342876,0.78592229157324744
7,8000,245,0.99380734061597753,0.68236205652674553
7,8000,246,0.77069542724250395,0.8067312713625846
7,8000,247,0.97078298928209517,0.11053539728296526
7,8000,248,0.7116166047569018,0.73276026399699279
7,8000,249,0.96904285967275794,0.62127167253330284
7,8000,250,0.63440979848822809,0.89321647891568745
7,8000,251,0.94808218893290619,0.64375268729059654
7,8000,252,0.78672052893261446,0.22895199907654001
7,8000,253,0.97542170970133857,0.67197780086801251
7,8000,254,0.65635898497909051,0.068863609687041985
7,8000,255,0.64703025221524357,0.75420601341183158
7,8000,256,0.84484474246869545,0.6581054098862209
7,8000,257,0.30841477793567262,0.39221043535782096
7,8000,258,0.24000854710804953,0.87350349443157005
7,8000,259,0.90502303700782272,0.0062043238608560968
7,8000,260,0.14833207153996811,0.95166763016469358
7,8000,261,0.59489271814025535,0.04916842635125427
7,8000,262,0.9688472783399914,0.50944133666824964
7,8000,263,0.294499655589673,0.84492886538648859
7,8000,264,0.65313494946061479,0.34138973859667893
7,8000,265,0.27795905859109921,0.43081377290280526
7,8000,266,0.48199573545606467,0.81239338814253226
7,8000,267,0.43072234159814554,0.90162342425111053
7,8000,268,0.11840935031999376,0.75579481865426423
7,8000,269,0.3391559643785248,0.76095017507191476
7,8000,270,0.87856702794907238,0.46951667601318303
7,8000,271,0.57361461437254491,0.41795661853218607
7,8000,272,0.41343531471572759,0.89139116595271062
7,8000,273,0.098379721544451459,0.61466269134240226
7,8000,274,0.98270326954776621,0.78529768941276834
7,8000,275,0.97944708483026144,0.14980696140852454
7,8000,276,0.93974211234442917,0.56734105068976637
7,8000,277,0.67824909242494424,0.50178797550083043
7,8000,278,0.61762864213976876,0.32626858634325701
7,8000,279,0.98715505530246095,0.7428143504714394
7,8000,280,0.62760344289786407,0.17821216820124697
7,8000,281,0.78951552883806442,0.83486169432313972
7,8000,282,0.0001194559566041097,0.52679914808571415
7,8000,283,0.78699933546882006,0.93633040555376157
7,8000,284,0.93443056834144911,0.54565500075294648
7,8000,285,0.1663787828225709,0.49671681410563828
7,8000,286,0.76288079821375687,0.30793114703426916
7,8000,287,0.93218420634271926,0.98791776461678071
7,8000,288,0.94210304434727232,0.59030714146182328
7,8000,289,0.69398378400048999,0.11283007198065777
7,8000,290,0.54702721014460587,0.28550222772818612
7,8000,291,0.11835770133447268,3.0117107212696908e-05
7,8000,292,0.90711049063900784,0.83663507839083029
7,8000,293,0.37836035646766752,0.94575332006880586
7,8000,294,0.00012458484608512884,0.37001146869090124
7,8000,295,0.99466889732483654,0.62194028012148572
7,8000,296,0.17394956444716533,0.011689479081827546
7,8000,297,0.14744261894439697,0.58749356811039077
7,8000,298,0.7686231019286055,0.37983479325029745
7,8000,299,0.63047272336894689,0.68499625385685159
7,8000,300,0.55559100578222254,0.75365752645606854
7,8000,301,0.39999154415457022,0.42564625666089223
7,8000,302,0.85486504286420506,0.86842595219194518
7,8000,303,0.61800291931840157,0.91296994188054104
7,8000,304,0.9239026092719026,0.012454626740047671
7,8000,305,0.94855164415821736,0.52391782468985915
7,8000,306,0.97452562022062994,0.48217351120337482
7,8000,307,0.77078146126515246,0.59226411524647049
7,8000,308,0.08940419552446896,0.82368330316880012
7,8000,309,0.97678672672791245,0.49657887486217789
7,8000,310,0.71476430093637899,0.52126867413547628
7,8000,311,0.19857528854586798,0.52521799760746501
7,8000,312,0.96497834266336813,0.069182416354951468
7,8000,313,0.11284350474202949,0.39560194218707223
7,8000,314,0.29573317141673339,0.078103415570927287
7,8000,315,0.48065648402733463,0.048676079220149326
7,8000,316,0.22107734489281367,0.8152131088411847
7,8000,317,0.88570146969962438,0.28630652453497807
7,8000,318,0.00079254663931150324,0.54092845787209232
7,8000,319,0.31918474329543495,0.64099006230259048
7,8000,320,0.5853903610077491,0.7246069423493966
7,8000,321,0.77819080529705731,0.37004026182277472
7,8000,322,0.90957617818410985,0.56562936171900624
7,8000,323,0.90113674051393977,0.08928387800719001
7,8000,324,0.29572279176959815,0.94831975665206558
7,8000,325,0.23366369893047964,0.90500618441989056
7,8000,326,0.94547011997135411,0.88778394191571797
7,8000,327,0.29127039253831333,0.14773435298162879
7,8000,328,0.9000710549741836,0.54519859518428149
7,8000,329,0.99707482342026321,0.41714591697453668
7,8000,330,0.49705128347126937,0.42087857366487064
7,8000,331,0.22830463500249859,0.70127603035041308
7,8000,332,0.85321488447624261,0.95909415293380307
7,8000,333,0.075545138778923035,0.68375863735063036
7,8000,334,0.33591450813198348,0.015829260142957886
7,8000,335,0.67372947254399462,0.39712300320552563
7,8000,336,3.9029041195708576e-07,0.26044578917851485
7,8000,337,0.89288838360704315,0.33919613143206795
7,8000,338,0.47474198108524257,0.57440133916183489
7,8000,339,0.87771836121180657,0.062595538253963676
7,8000,340,0.88237503403423401,0.81997419500175361
7,8000,341,0.98195191885235766,0.33782123218490884
7,8000,342,0.75679691844567853,0.02564955632156582
7,8000,343,0.70595148910822403,0.91390923402689384
7,8000,344,0.79615950632428911,0.56946404461215872
7,8000,345,0.085003673097381729,0.83541626794069634
7,8000,346,0.80861062795307681,0.29332633078884446
7,8000,347,0.42641219490422416,0.59609279533114901
7,8000,348,0.012773079451019199,0.084291587477742555
7,8000,349,0.94916551060337295,0.36678804971453699
7,8000,350,0.30526105662951242,0.41116481308352393
7,8000,351,0.095674359597437197,0.10490212589657948
7,8000,352,0.67124088054820252,0.90595272237323976
7,8000,353,0.027828212907415259,0.38514988827647328
7,8000,354,0.79503934322002856,0.66596966482907394
7,8000,355,0.046739048314555678,0.84997035933202503
7,8000,356,0.16804048666495838,0.79302410880594443
7,8000,357,0.088801330916350271,0.40250606469097572
7,8000,358,0.66187130639621294,0.2407360501879918
7,8000,359,0.7342980596852795,0.57878838325617399
7,8000,360,0.70677665124307876,0.17998653831413478
7,8000,361,0.29023809602252865,0.096683432857217075
7,8000,362,0.82773510461188782,0.42925311595562249
7,8000,363,0.96774716657840842,0.86292158186057222
7,8000,364,0.81678631452509642,0.94499744607589564
7,8000,365,0.42664970420022386,0.10267949499090027
7,8000,366,0.73165173814618067,0.2625557330643315
7,8000,367,0.31373201612518842,0.067513060380842385
7,8000,368,0.41103754072040327,0.1762692334097424
7,8000,369,0.21202741453626267,0.77802121632310384
7,8000,370,0.02979399321918302,0.66906623309497126
7,8000,371,0.300883025623784,0.67052728179460153
7,8000,372,0.072911360923956545,0.021547178724535369
7,8000,373,0.60116419927327724,0.04089586183933968
7,8000,374,0.3712395895487367,0.29637520702836145
7,8000,375,0.87643265860687669,0.65517305571421436
7,8000,376,0.95521057002051857,0.19502963364745676
7,8000,377,0.40025736125060574,0.52504338560036146
7,8000,378,0.00021943227627701768,0.059106319701040827
7,8000,379,0.53177770903372279,0.3362906023299273
7,8000,380,0.47292811306136884,0.83512125757924416
7,8000,381,0.60046067130521319,0.059370795049226072
7,8000,382,0.00078370328554212224,0.34950314212336581
7,8000,383,0.81346497152696051,0.052884922362367678
7,8000,384,0.81196714386309987,0.81885013826051978
7,8000,385,0.47450899176178918,0.68911490117597762
7,8000,386,0.83881106100807301,0.76947710642272038
7,8000,387,0.47715016032594793,0.13193662667009046
7,8000,388,0.87089289263110337,0.76124450303638391
7,8000,389,0.56329150595896615,0.66086925030642829
7,8000,390,0.4957221665421967,0.64922452152092025
7,8000,391,0.17064514331900035,0.32754332177577067
7,8000,392,0.77781571146073902,0.11285009100783147
7,8000,393,0.86010246741506746,0.82504809144507152
7,8000,394,0.86793745687852364,0.73202893944788061
7,8000,395,0.64104661728688628,0.80696159489615527
7,8000,396,0.60709093880614096,0.65053115458776967
7,8000,397,0.68630287490938424,0.86638186674461459
7,8000,398,0.71513996547091441,0.1926273606658945
7,8000,399,0.74847385550745937,0.90794404879887003
7,8000,400,0.20751952746247504,0.71083109622415785
7,8000,401,0.44023439991284097,0.20198978811762947
7,8000,402,0.55604204955382197,0.40762837440614635
7,8000,403,0.63647797686149676,0.76684730986338367
7,8000,404,0.69704726499624725,0.40432861509962709
7,8000,405,0.95717547558810767,0.52129212579794992
7,8000,406,0.96120066003249682,0.1178173164806345
7,8000,407,0.77348118636900476,0.18824781063380197
7,8000,408,0.59737740210854173,0.28556917050754921
7,8000,409,0.44835580206536352,0.37326312333529899
7,8000,410,0.84983521397611139,0.60983116400938242
7,8000,411,0.98243371082915953,0.86221845754480086
7,8000,412,0.059754938435732437,0.32162918807849644
7,8000,413,0.62070537776708101,0.57412438009918143
7,8000,414,0.33198049089723136,0.22794305199997364
7,8000,415,0.51729002692081261,0.56009537677501342
7,8000,416,0.6191837422924753,0.95238057927064523
7,8000,417,0.38066022037150116,0.55383538597291104
7,8000,418,0.41554334931595882,0.95591647600534935
7,8000,419,0.16823054419721986,0.45401728510703437
7,8000,420,0.87292650260239379,0.04710168632190722
7,8000,421,0.97770039258277941,0.46242911949238386
7,8000,422,0.40570960515210763,0.93281286258628093
7,8000,423,0.82222879732710952,0.0063433547821180637
7,8000,424,0.99515829273861389,0.48508994818553897
7,8000,425,0.89252546559758461,0.26993350992762816
7,8000,426,0.26869023100765932,0.14499518367608072
7,8000,427,0.82343025396585301,0.0036829692795371451
7,8000,428,0.61128227304336902,0.96046169267901749
7,8000,429,0.76989982642073407,0.8590175570721974
7,8000,430,0.027606472792882652,0.47537604972291836
7,8000,431,0.088697336489556314,0.70844735513459112
7,8000,432,0.66474099700639089,0.81414734331002891
7,8000,433,0.51855425947192813,0.17804836431406504
7,8000,434,0.27629256858402906,0.40752235415098081
7,8000,435,0.62387494304967339,0.30128634854703751
7,8000,436,0.0013831029341589733,0.64768545198602134
7,8000,437,0.072120823299013107,0.64658577137949891
7,8000,438,0.6247554490344055,0.12509479398827153
7,8000,439,0.37908887995581808,0.28107244885789018
7,8000,440,0.88681917061516413,0.36137800736803977
7,8000,441,0.26180336325317316,0.23591193603868318
7,8000,442,0.90889960345261334,0.27744492031946011
7,8000,443,0.71968698034737921,0.53165564241474805
7,8000,444,0.70513473729147436,0.18793231620927883
7,8000,445,0.6304353727474421,0.049200243406254653
7,8000,446,0.8441780945775601,0.73226917870593689
7,8000,447,0.62398543141165996,0.14475842363102132
7,8000,448,0.97443306202188118,0.44674784116825789
7,8000,449,0.40686369703299513,0.19325449793817817
7,8000,450,0.81704729865540471,0.034158988537642175
7,8000,451,0.87669515270595466,0.85885152334573012
7,8000,452,0.58669250727374778,0.79143590720771906
7,8000,453,0.79944093929281956,0.55056208118001682
7,8000,454,0.93440680596517856,0.29858403001801986
7,8000,455,0.87226216847235438,0.19323536011051126
7,8000,456,0.98533479777766531,0.85559782693143605
7,8000,457,0.043351899485575794,0.36777089698233562
7,8000,458,0.07868865043891328,0.7552776802390766
7,8000,459,0.93566361812755239,0.25083514217894937
7,8000,460,0.90837550660338851,0.125940785030388
7,8000,461,0.51802544280011964,0.68345035378980912
7,8000,462,0.25026565114943966,0.8334925709145018
7,8000,463,0.55751325428344578,0.75438435735655063
7,8000,464,0.31558661351563833,0.52306851230651208
7,8000,465,0.81309109505506372,0.75308496171675166
7,8000,466,0.029929161127933365,0.39312829001886734
7,8000,467,0.00050192665086792757,0.8481476980171363
7,8000,468,0.31644554781451728,0.13586317555127833
7,8000,469,0.29719937866572937,0.42817560638281482
7,8000,470,0.043388946894901942,0.33630334485596114
7,8000,471,0.10563675533322356,0.89929149513480555
7,8000,472,0.52622981530535151,0.37021384819254721
7,8000,473,0.2192511139286199,0.76329104784737734
7,8000,474,0.94757939325080964,0.90009301969263711
7,8000,475,0.17979609241079522,0.55434795988644359
7,8000,476,0.61292937816198634,0.92784617409708314
7,8000,477,0.46550837347218743,0.80766278590578722
7,8000,478,0.025310630350312446,0.36086585503393293
7,8000,479,0.014184054282104046,0.51060848241396661
7,8000,480,0.51371527500299519,0.056359910759245749
7,8000,481,0.55214922813087419,0.19103624879727099
7,8000,482,0.77007929615469917,0.8845525231639233
7,8000,483,0.77535968545075273,0.43420570988326712
7,8000,484,0.63517999286014781,0.66808072155157505
7,8000,485,0.86930397742280319,0.38284632523658396
7,8000,486,0.61525179609858816,0.49942173661954992
7,8000,487,0.098946072863062978,0.59172723455721843
7,8000,488,4.8259548447453047e-13,0.63151114379861828
7,8000,489,0.38306232613444763,0.44175853663738557
7,8000,490,0.42371334697127377,0.32038127064273503
7,8000,491,0.25417741406723054,0.6304366874187588
7,8000,492,0.50682552852811746,0.21981133801950264
7,8000,493,0.30826891016788588,0.70694911960679885
7,8000,494,0.9134257945689549,0.2892603226574057
7,8000,495,0.60256311038152799,0.7552724290502828
7,8000,496,0.94520046691198933,0.46367225300232151
7,8000,497,0.20880142721221245,0.54772391806319143
7,8000,498,0.0020649187346453266,0.85796999160310694
7,8000,499,0.001915596735000793,0.78299560994449791
7,8000,500,0.6830039911043797,0.65359415088683381
7,8000,501,0.14293629059258819,0.39641573602503322
7,8000,502,0.97877669581032589,0.48791933442338487
7,8000,503,0.84427115366611027,0.43282126397747178
7,8000,504,0.41450675781839402,0.63348079070414798
7,8000,505,0.57053464339117688,0.73444490362676396
7,8000,506,0.15709348421524083,0.75409257997547385
7,8000,507,0.039705447069957732,0.39021269751190196
7,8000,508,0.8863490573654601,0.78884755307395804
7,8000,509,0.62512564944304128,0.4177053833384658
7,8000,510,0.099489273468361297,0.9465801747485213
7,8000,511,0.57153589956671869,0.5309168254356732
7,8000,512,0.6732007199259491,0.91906655655234526
7,8000,513,0.74522828111642969,0.76496335776431257
7,8000,514,0.88529502977348085,0.84231883122874418
7,8000,515,0.25218571313874188,0.0063312875319660898
7,8000,516,0.93254226358895675,0.65590031314130148
7,8000,517,0.16996411151927063,0.37017013509954727
7,8000,518,0.74336603944826918,0.77018125219883138
7,8000,519,0.82869716501318125,0.75941848018437619
7,8000,520,0.89382747039616262,0.53426810516733747
7,8000,521,0.70645705393090297,0.85576127191605889
7,8000,522,0.76580779327237458,0.37156742353258054
7,8000,523,0.76403672933540889,0.63257520656075528
7,8000,524,0.75631874601309945,0.29008957095828963
7,8000,525,0.12931569158027903,0.23737620572829568
7,8000,526,0.68465016703499049,0.39507601470097714
7,8000,527,0.44650559277596441,0.22161772678102962
7,8000,528,0.5959253139726125,0.97963286929099924
7,8000,529,0.89568258548312019,0.85202519498566609
7,8000,530,0.54334487737352821,0.28605006875300232
7,8000,531,0.32238148899904562,0.053153586057165719
7,8000,532,0.23202837107281779,0.63363617232988478
7,8000,533,0.97750856114707707,0.81675437295064579
7,8000,534,0.44338146389635119,0.44987331615745219
7,8000,535,0.61789572053676478,0.24057029650923076
7,8000,536,0.19563057798809094,0.060147081587236244
7,8000,537,0.92796101455239566,0.99990872020199273
7,8000,538,0.38695563708969138,0.052488729359439587
7,8000,539,0.44826498558702887,0.56137513263888861
7,8000,540,0.035840145185477984,0.67077917906424289
7,8000,541,0.48000880701965909,0.092690127910024123
7,8000,542,0.30068593086966466,0.86177275780794704
7,8000,543,0.77099439327067831,0.35384331447746625
7,8000,544,0.29427233981144224,0.04258635522006856
7,8000,545,0.24338303603620323,0.56634713826414596
7,8000,546,0.25916525932736689,0.75677823753142115
7,8000,547,0.16635323458767351,0.19493724339195656
7,8000,548,0.93117948044480481,0.90652993332392595
7,8000,549,0.34369752837434187,0.8748720521419977
7,8000,550,0.91926956634491463,0.095207431470589063
7,8000,551,0.94957230697594719,0.0092106833426178116
7,8000,552,0.98010600639358192,0.14354159510120632
7,8000,553,0.8685758495502176,0.068490132535226247
7,8000,554,0.11389244692728127,0.64154040722296191
7,8000,555,0.93596156390223606,0.42434626589325097
7,8000,556,0.39232073586985838,0.25685787595554316
7,8000,557,0.8162317544103237,0.70679625828204362
7,8000,558,0.74217909856612385,0.14234110283062676
7,8000,559,0.79680467405792876,0.13738877513606301
7,8000,560,0.17469205839602198,0.25054769927061987
7,8000,561,0.25919871025810487,0.3194507817348195
7,8000,562,0.99103315482560916,0.4002294825189725
7,8000,563,0.51855135260695229,0.81318188188534535
7,8000,564,0.20807623043104329,0.46899407237568358
7,8000,565,0.36793393122487783,0.88342641304520331
7,8000,566,0.0479913622031896,0.58826354500450373
7,8000,567,0.59770377295832966,0.95779811816169758
7,8000,568,0.56778999976361211,0.89912193208964108
7,8000,569,0.74502852079891835,0.54319130820993555
7,8000,570,0.068698467863692408,0.099698584209843275
7,8000,571,0.93312882965312494,0.41664280262887038
7,8000,572,0.57296472936398601,0.70121313871810675
7,8000,573,0.75575042155712624,0.87606818343420445
7,8000,574,0.78830617743631792,0.8518071913092109
7,8000,575,0.75962089552545353,0.44155066864998832
7,8000,576,0.99851453653176625,0.97434840940518819
7,8000,577,0.049937171177510911,0.39797106701724844
7,8000,578,0.89397617296241472,0.054988569334793416
7,8000,579,0.31540162581446535,0.22052803272193261
7,8000,580,0.11990173578890966,0.58757126212178179
7,8000,581,0.79467812915010971,0.076473448745579306
7,8000,582,0.47238344286426281,0.99718450914157264
7,8000,583,0.9763051972408846,0.46323952711169381
7,8000,584,0.37966716235677378,0.88159833052348502
7,8000,585,0.95357316358358923,0.73732565827480145
7,8000,586,0.58650200745374481,0.94279023680508622
7,8000,587,0.71293120657756248,0.69694296809520662
7,8000,588,0.61502100729064491,0.65116935499223039
7,8000,589,0.30244057193731277,0.21872740055053355
7,8000,590,0.17813826156056031,0.71730374236694128
7,8000,591,0.65066255508956172,0.21338997801662896
7,8000,592,0.42858781728828294,0.86109176143715815
7,8000,593,0.81342139275356362,0.16385601224066781
7,8000,594,0.81051874298287596,0.81730885467773451
7,8000,595,0.81119396920300368,0.30559675243165285
7,8000,596,0.018308085131701748,0.92548267918605964
7,8000,597,0.23843801139302229,0.084273876978333176
7,8000,598,0.55592244248492251,0.72916079918460164
7,8000,599,0.84805880690959856,0.79654822406661419
7,8000,600,0.93726129319377272,0.38282589684063179
7,8000,601,0.36426615244944616,0.77044848345759553
7,8000,602,0.22120804691403184,0.68655832286506235
7,8000,603,0.33034075680556646,0.26468085757978993
7,8000,604,0.97591723053369372,0.81621314214538487
7,8000,605,0.91850580907182655,0.91404143307117591
7,8000,606,0.01333669988177183,0.26590140695077469
7,8000,607,0.80461754692857634,0.046657866056428451
7,8000,608,0.87336209302369672,0.47368616749768333
7,8000,609,0.48715272178528091,0.13935755934745214
7,8000,610,0.63415576580675692,0.25830920008498193
7,8000,611,0.5352969052053187,0.060944553361509814
7,8000,612,0.7468285432302264,0.62109970109314527
7,8000,613,0.052972485785957237,0.60616784388596689
7,8000,614,0.5486654681372809,0.9351272886910742
7,8000,615,0.24977720252471144,0.82490230034089684
7,8000,616,0.99026086690575454,0.77299669119020564
7,8000,617,0.80736299701281644,0.50024226488732382
7,8000,618,0.17008586008382873,0.90204641147022757
7,8000,619,0.50380408247011688,0.30390980145007895
7,8000,620,0.93207921208801758,0.69163785030848923
7,8000,621,0.15894748728121744,0.34945942077143793
7,8000,622,0.10657161918479957,0.14201270211235009
7,8000,623,0.70566252022344345,0.38825200297865087
7,8000,624,0.98538287575689176,0.26222975722979275
7,8000,625,0.53954185028822443,0.81301632354295716
7,8000,626,0.79231696848525823,0.17035706933067074
7,8000,627,0.46158131775839384,0.64453279437643329
7,8000,628,0.53632092825276734,0.28060805689194457
7,8000,629,0.005624165993943657,0.62082397473897755
7,8000,630,0.23868649174141152,0.058484255115828582
7,8000,631,0.51871512047272228,0.25106427785395835
7,8000,632,0.79429715518503041,0.21620515590890332
7,8000,633,0.81525281045490083,0.8997573740348328
7,8000,634,0.73853658593386751,0.59168896184948294
7,8000,635,0.51899580562725844,0.37028447769613082
7,8000,636,0.81850731414893452,0.64405011709410531
7,8000,637,0.92063122913616768,0.34726380890933478
7,8000,638,0.21062451085374367,0.99822081961705955
7,8000,639,0.2684029895056298,0.99051601630439989
7,8000,640,0.94449010507942155,0.92805144340112511
7,8000,641,0.22394934136544381,0.78045089025749603
7,8000,642,0.67359726537236497,0.61545563322864338
7,8000,643,0.50219153057948895,0.29522170988259538
7,8000,644,0.044032172236046087,0.41783053185566288
7,8000,645,0.57465161635066164,0.26544895935638457
7,8000,646,0.40015761439243713,0.7924097405147561
7,8000,647,0.89844548960062887,0.99268722758483519
7,8000,648,0.98412453510735998,0.52629457128087642
7,8000,649,0.91323839734234213,0.94540057208484751
7,8000,650,0.63645296923953643,0.77030661115623678
7,8000,651,0.35338183288154118,0.15224019165016425
7,8000,652,0.50078703758651688,0.24593974938256202
7,8000,653,0.58651365274726852,0.72915299162494884
7,8000,654,0.97363110659061425,0.05262170958120805
7,8000,655,0.12670737902860119,0.38005386623315079
7,8000,656,0.1687951078434233,0.653101854685329
7,8000,657,0.32277949021444013,0.56848302177126975
7,8000,658,0.70925892480276087,0.90601705644111608
7,8000,659,0.38427070969225069,0.00925392674164985
7,8000,660,0.5151288527162412,0.90879909792074887
7,8000,661,0.86057415129153547,0.34214818852285078
7,8000,662,0.9563258158522141,0.75020568240318408
7,8000,663,0.25764578347615424,0.21473020854206301
7,8000,664,0.69200748440625037,0.98001860800306362
7,8000,665,0.8643303585396046,0.41974431050003413
7,8000,666,0.87859019156848783,0.26574563082092006
7,8000,667,0.72675681130282976,0.78250152157502528
7,8000,668,0.90394521066104006,0.11381358378444552
7,8000,669,0.26625040624514895,0.87220345377605846
7,8000,670,0.34745735269519279,0.075722874714372723
7,8000,671,0.69096399339603454,0.82095422575882615
7,8000,672,0.65547437160768762,0.49613268189517601
7,8000,673,0.67610267698203697,0.097467831862918589
7,8000,674,0.78682925574790896,0.068887664528636039
7,8000,675,0.48170522437005237,0.97353920740069733
7,8000,676,0.32250395536456256,0.0029564577568500796
7,8000,677,0.79420814927377714,0.27396271184955756
7,8000,678,0.88056194282184808,0.44668777371772989
7,8000,679,0.64723923289971175,0.62122178272674355
7,8000,680,0.99065971685293996,0.19467564399558213
7,8000,681,0.80550761434669416,0.034466784472570226
7,8000,682,0.37256796724664348,0.69797658046916922
7,8000,683,0.07926258060715255,0.62629423332343814
7,8000,684,0.73243571462607882,0.29118502484418712
7,8000,685,0.93291309983202397,0.1492662275660942
7,8000,686,0.25242678234160637,0.44919909391623791
7,8000,687,0.9945677099197251,0.11779937348522947
7,8000,688,0.22213030906901282,0.35434906570368208
7,8000,689,0.89827034949265872,0.55274360400045441
7,8000,690,0.8359283498570369,0.17572841715091259
7,8000,691,0.32785705558116368,0.011955936620144283
7,8000,692,0.35235342610962733,0.036100931394000238
7,8000,693,0.76842160269044646,0.51375355094077313
7,8000,694,0.82660973065774557,0.94081756483304302
7,8000,695,0.0079017032208054706,0.059639592669480254
7,8000,696,0.20822415266402891,0.30656599831776615
7,8000,697,0.13182094561838556,0.21530981546578207
7,8000,698,0.58046786291908448,0.47484432149374689
7,8000,699,0.4531370167238124,0.33974105862512077
7,8000,700,0.23281910739708242,0.25442835247979018
7,8000,701,0.076469776602692136,0.87601090060122844
7,8000,702,0.43043057868297846,0.9380092450567582
7,8000,703,0.68665825168884864,0.5913213538264539
7,8000,704,0.45154626223978983,0.88330820414802358
7,8000,705,0.63429954854095283,0.72067973987510547
7,8000,706,0.85506195054705514,0.6229934591342523
7,8000,707,0.50724998383625364,0.18322411318946638
7,8000,708,0.81606596654442276,0.34776001142822538
7,8000,709,0.50705196560532717,0.3010413596745759
7,8000,710,0.52516875768547477,0.20358001695614875
7,8000,711,0.52122458530290428,0.947152086732447
7,8000,712,0.56559540960393984,0.8590930432578936
7,8000,713,0.64103233987893649,0.7343564650249732
7,8000,714,0.91303950131950462,0.83864131686209353
7,8000,715,0.35616145293047524,0.035081150449822095
7,8000,716,0.79890205274924453,0.14026293358212411
7,8000,717,0.0070968774553329759,0.53132425812939099
7,8000,718,0.67682191995612528,0.15617394937857298
7,8000,719,0.57391367104279012,0.7744312731052011
7,8000,720,0.50256392529504756,0.92237853024519956
7,8000,721,0.42431078594956823,0.4326834054283818
7,8000,722,0.96294131422299634,0.045635960014571625
7,8000,723,0.70178382515874016,0.042195498834572173
7,8000,724,0.31688878031172529,0.10868312496971418
7,8000,725,0.66432371779773347,0.12015520946144052
7,8000,726,0.36162693475132363,0.13283640609138217
7,8000,727,0.8575650596313763,0.91619940935481614
7,8000,728,0.20123437793847254,0.43329968912217431
7,8000,729,0.51236062471238741,0.83447890507144173
7,8000,730,0.054915056661130758,0.37474938174220807
7,8000,731,0.79248101751099409,0.004128700705504181
7,8000,732,0.116957797857889,0.90952828234690508
7,8000,733,0.13137300119964548,0.0029709983262222049
7,8000,734,0.14071820896241732,0.89112183143937562
7,8000,735,0.50262021662566414,0.43887773110531275
7,8000,736,0.85306304370798569,0.012820235632299715
7,8000,737,0.78418329340766779,0.50291736931962205
7,8000,738,0.285993952282599,0.08577052207817297
7,8000,739,0.412356513433007,0.44289420481968178
7,8000,740,0.91997372244072206,0.10856826609785299
7,8000,741,0.54919859713543429,0.13119627683679166
7,8000,742,0.19945565568871162,0.51563529723304879
7,8000,743,0.92627447042119138,0.14093144600104621
7,8000,744,0.96534346640555135,0.37317177767278265
7,8000,745,0.19722799335561614,0.94579568481960141
7,8000,746,0.048847599728036636,0.032505992093244604
7,8000,747,0.0055212186452724479,0.9458896565202447
7,8000,748,0.72497629948292008,0.12244779636675275
7,8000,749,0.82797699787691958,0.19853232998304365
7,8000,750,0.78067971704660599,0.89463795787193967
7,8000,751,0.89811229778953139,0.58562278267313839
7,8000,752,0.54573631213269735,0.52481769233431264
7,8000,753,0.38182957823723268,0.47673005944416214
7,8000,754,0.34720269606122522,0.021311224265375118
7,8000,755,0.62004523372337106,0.1903771030729402
7,8000,756,0.37763586065757948,0.57368501205396949
7,8000,757,0.97943938504615546,0.042220834923834813
7,8000,758,0.37013450553119087,0.622152382418939
7,8000,759,0.7130257883345289,0.83435268520232797
7,8000,760,0.89928885406289361,0.80989525079436686
7,8000,761,0.68699755363860804,0.4248424832729622
7,8000,762,0.67820158830431976,0.24770777033926453
7,8000,763,0.28290769342700151,0.41082239766963152
7,8000,764,0.9675447264349929,0.96698742007233973
7,8000,765,0.77714412939940092,0.98449171404439317
7,8000,766,0.73784525071366591,0.5017302808305647
7,8000,767,0.8408928706216261,0.63800733942432086
7,8000,768,0.93085455677367734,0.40998983221152435
7,8000,769,0.81130432696188537,0.68525038056650733
7,8000,770,4.9518594605492999e-06,0.30594483797653199
7,8000,771,0.6988196842358384,0.38214029824929407
7,8000,772,0.98488462947350042,0.70440780376169521
7,8000,773,0.22341215889185614,0.94219200185877283
7,8000,774,0.61023532198880792,0.6697168857570921
7,8000,775,0.73544630556076585,0.57296020517460666
7,8000,776,0.57201426081945372,0.37938335452375294
7,8000,777,0.056771988428225471,0.14622845240140425
7,8000,778,0.92975404485618374,0.16652876536494479
7,8000,779,0.82896106443520501,0.27630057726067875
7,8000,780,0.21626510440142854,0.13819371858462756
7,8000,781,0.58558967337219436,0.90933965251231086
7,8000,782,0.66295268490535764,0.43245050156811193
7,8000,783,0.6109982332688243,0.011002372913102401
7,8000,784,0.0027906788964757226,0.00065444669414132259
7,8000,785,0.31551362987042059,0.37099532868971385
7,8000,786,0.13016488886084721,0.53325871602313013
7,8000,787,0.39320381135369964,0.29463032871583911
7,8000,788,0.41508164017959831,0.75980747086151135
7,8000,789,0.097155859979501963,0.91462160937237147
7,8000,790,0.66313046639134499,0.33438837738314559
7,8000,791,0.8552802426641517,0.30077532113591043
7,8000,792,0.43904690395816903,0.86046245301787372
7,8000,793,0.24978883165539714,0.89261343791800818
7,8000,794,0.88200993186650622,0.44282277629373584
7,8000,795,0.68767157124109046,0.47467123444289361
7,8000,796,0.4269802958975133,0.68509546434482171
7,8000,797,0.89564084346232942,0.89246422676042847
7,8000,798,0.36894461810444917,0.32330263713013557
7,8000,799,0.41046152241607131,0.47164720163642015
7,8000,800,0.79059409161093774,0.94838545069345992
7,8000,801,0.66178104799763737,0.79794887216325339
7,8000,802,0.33575715501772424,0.8957740952060792
7,8000,803,0.7330739973057695,0.41755694844914643
7,8000,804,0.37417238546955106,0.090908354468021049
7,8000,805,0.59888974850386356,0.3259802808684466
7,8000,806,0.53545334487634533,0.57544516599500029
7,8000,807,0.94694721198871767,0.58358608978687121
7,8000,808,0.82107696478518366,0.39463254156214916
7,8000,809,0.79352402960090096,0.79734986910881023
7,8000,810,0.37543663649666981,0.27056356730388287
7,8000,811,0.58078852754606447,0.77061475945721747
7,8000,812,0.52610280921248642,0.45562818795674137
7,8000,813,0.39832392356120594,0.25275045134111873
7,8000,814,0.65723747463251536,0.0020339837902067968
7,8000,815,0.54927757103496067,0.29856249860030581
7,8000,816,0.37080199679039677,0.66409481240721802
7,8000,817,0.50143003565051814,0.6271845041519637
7,8000,818,0.42896049653221113,0.92052867432098406
7,8000,819,0.9016983347420382,0.88145012484086671
7,8000,820,0.77635405270465851,0.29705171777100103
7,8000,821,0.98913624759254593,0.90764177576464633
7,8000,822,0.56471524183124722,0.58917369631409078
7,8000,823,0.98220789899052807,0.20941591629156958
7,8000,824,0.11668496211563212,0.34294714201036786
7,8000,825,0.46954356426959787,0.22196460989176359
7,8000,826,0.16900903303755235,0.81485937210562731
7,8000,827,0.63329195319599796,0.27153305849528947
7,8000,828,0.036916387048073311,0.76632086709551694
7,8000,829,0.026721711032135411,0.59419779892099323
7,8000,830,0.77072158856074946,0.013007854237426047
7,8000,831,0.13886505811672073,0.29080033198220828
7,8000,832,0.61971903347818025,0.32943215848394836
7,8000,833,0.088365290346951647,0.39826141830612383
7,8000,834,0.78464584831578188,0.39368603560491022
7,8000,835,0.86623974554016381,0.61944138685446681
7,8000,836,0.10652545948862177,0.047229288560938019
7,8000,837,0.51491059220184821,0.83258798050630423
7,8000,838,0.34426007186774976,0.44203404805668517
7,8000,839,0.45949538182812633,0.70976742391906678
7,8000,840,0.79117675938836329,0.55315045160081955
7,8000,841,0.59414334915778688,0.16741026634304618
7,8000,842,0.49238714529743133,0.29882449543810607
7,8000,843,0.51126584680949672,0.22811904807871525
7,8000,844,0.45580817916593652,0.71413136017127921
7,8000,845,0.71464267105224533,0.76619521572605742
7,8000,846,0.9318091463595698,0.16440545302960516
7,8000,847,0.39470914514951494,0.26608376726368138
7,8000,848,0.89053253536822097,0.17942748517612081
7,8000,849,0.81350171146091421,0.10516477934703566
7,8000,850,0.66401246140544778,0.86028724411216184
7,8000,851,0.24041372058609137,0.68826831888854012
7,8000,852,0.96913755562810699,0.148685144874487
7,8000,853,0.00020591052820715451,0.064612035302728466
7,8000,854,0.22785495741611908,0.82859527056322879
7,8000,855,0.87736147795966823,0.53916910310042476
7,8000,856,0.98495081960288233,0.89377789963505383
7,8000,857,0.67831349315244005,0.22600704745753519
7,8000,858,0.82562128953523894,0.47025608438432853
7,8000,859,0.96305167552854221,0.71596172948157477
7,8000,860,0.32590270420778172,0.56689112517309637
7,8000,861,0.57796602076216086,0.66864572306084158
7,8000,862,0.28497229314755501,0.43149739005477189
7,8000,863,0.033993218800823011,0.62566779905061176
7,8000,864,0.80465925874476563,0.5718128277423159
7,8000,865,0.51106559379331173,0.97451870588150735
7,8000,866,0.88293353659373719,0.31914617933381489
7,8000,867,0.36157378103328508,0.82472199323966389
7,8000,868,0.086786308179372662,0.59692569407888785
7,8000,869,0.43256647840657297,0.23041378374161953
7,8000,870,0.42475813919033029,0.39788683786296936
7,8000,871,0.32631460331631013,0.97405664295505812
7,8000,872,0.99275011402591729,0.97672669756603803
7,8000,873,0.96443053240803234,0.41108198817017833
7,8000,874,0.10378585955473843,0.07516775108529071
7,8000,875,0.34930890421880711,0.071440777007736392
7,8000,876,0.78021255195963779,0.14494266717912704
7,8000,877,0.94477849924137391,0.31991729259608093
7,8000,878,0.00068992101235940237,0.23468249714562103
7,8000,879,0.93535684576048472,0.83618970473972154
7,8000,880,0.7438773284684439,0.30811343462875829
7,8000,881,0.84201112129624334,0.95552067288398101
7,8000,882,0.76123926457128421,0.65197667734735421
7,8000,883,0.91077227062282307,0.19925806573379473
7,8000,884,0.73311072672988864,0.71147332003500174
7,8000,885,0.77418870984567123,0.83120102813312058
7,8000,886,0.65877481681241035,0.90763147231963759
7,8000,887,0.62338437044697104,0.087455591772814756
7,8000,888,0.76863176412638046,0.60268562965488615
7,8000,889,0.84386770234043684,0.08067946215764156
7,8000,890,0.7109026986792536,0.80187519764834547
7,8000,891,0.52357524965163038,0.75922571760538848
7,8000,892,0.3497660467762102,0.73326731476441709
7,8000,893,0.4939087032481998,0.79637649702145352
7,8000,894,0.88826363758024085,0.33671178304085458
7,8000,895,0.21559406906408271,0.059696359282478156
7,8000,896,0.83924192615223048,0.38100214938358057
7,8000,897,0.66682041436638861,0.96353410243045068
7,8000,898,0.25326001658737829,0.52119055957192972
7,8000,899,0.17783887462515652,0.5983003662172347
7,8000,900,0.55398362601528173,0.056556517704749232
7,8000,901,0.01600354503977499,0.44505757938446178
7,8000,902,0.69650106722479477,0.67629472874012575
7,8000,903,0.76605317278808993,0.31709116047716068
7,8000,904,2.6363497526663505e-05,0.68033626654085233
7,8000,905,0.55665571676396963,0.98255558264043497
7,8000,906,0.10081534998838897,0.88507984142600826
7,8000,907,0.90127248497765744,0.47961678047395595
7,8000,908,0.90626244135252809,0.58850089441727838
7,8000,909,0.11972259453505719,0.87021950921691194
7,8000,910,0.39093012020095336,0.54066290899745395
7,8000,911,0.62138601926207626,0.16924601615439006
7,8000,912,0.87149526765236329,0.42354779468240816
7,8000,913,0.31532395019959991,0.61972396893111892
7,8000,914,0.95066351186272557,0.94196754747627598
7,8000,915,0.48498920367562792,0.34892413970994068
7,8000,916,0.93692584746489704,0.6363963596150195
7,8000,917,0.77788317338312762,0.58541273361270607
7,8000,918,0.78959975045028885,0.56099166958727398
7,8000,919,0.83926694421943049,0.41408840094816102
7,8000,920,0.093649585369022445,0.67536190489458048
7,8000,921,0.63775374251120087,0.57711719547479434
7,8000,922,0.99823507706489689,0.4400643859246135
7,8000,923,0.35822963350325532,0.55105309609472242
7,8000,924,0.19917583781312376,0.017526293587425714
7,8000,925,0.798690749837761,0.71094334169725826
7,8000,926,0.60211642812092059,0.33409117386638743
7,8000,927,0.93046516631666987,0.53808772983361686
7,8000,928,0.34474010787963244,0.9813284910579485
7,8000,929,0.2478331288960946,0.16623413892584313
7,8000,930,0.6698404075138189,0.14998697305677758
7,8000,931,0.47955091389575988,0.66766301117482785
7,8000,932,0.4424641183784192,0.90571350276270424
7,8000,933,0.19119199804371145,0.091075438151420121
7,8000,934,0.92474201930679412,0.57392379047818132
7,8000,935,0.90580725372713022,0.9858237260043532
7,8000,936,0.0094835726882982734,0.87781417121076333
7,8000,937,0.54101037039023581,0.62234751195753479
7,8000,938,0.62930603443646826,0.45145292560026112
7,8000,939,0.92544600504041641,0.45274602711067513
7,8000,940,0.78288648361693203,0.20488287953032303
7,8000,941,0.016674540391163086,0.068688176553591981
7,8000,942,0.14497643851370026,0.37655572709917184
7,8000,943,0.13222795274273899,0.40118348792876829
7,8000,944,0.58354576812170456,0.32544163337632326
7,8000,945,0.76092206770341742,0.12310305365795636
7,8000,946,0.67080754106678508,0.54663622891451669
7,8000,947,0.8573627427383399,0.67088710966354659
7,8000,948,0.86955067223173776,0.17586728232163001
7,8000,949,0.2713914942905597,0.33231470367484761
7,8000,950,0.26172380161391734,0.79555237417342917
7,8000,951,0.89894331268117578,0.61287888643521282
7,8000,952,0.14997158882776673,0.81768214774889181
7,8000,953,0.71811005587240773,0.19381828936108192
7,8000,954,0.41991941089712864,0.18250130203068426
7,8000,955,0.40089408547566213,0.26569296611377202
7,8000,956,0.70426822407434952,0.49446489810280359
7,8000,957,0.99212615346501543,0.88271871531737944
7,8000,958,0.27652169375460384,0.99265996001685153
7,8000,959,0.86816066804865177,0.49361272801245215
7,8000,960,0.73634965776776595,0.55640354159030259
7,8000,961,0.5228340417653532,0.42455529086123533
7,8000,962,0.18087429950862186,0.85887417956123391
7,8000,963,0.42367255743781174,0.46238248909857871
7,8000,964,0.97528375928074884,0.025182087606453317
7,8000,965,0.10741587525638721,0.10753564624295971
7,8000,966,0.26774994501786625,0.52448248005668041
7,8000,967,0.77520928503294784,0.5677804548006431
7,8000,968,0.99957549732119233,0.29314742155720463
7,8000,969,0.79410868357886288,0.61573997846668627
7,8000,970,0.61046873341649743,0.85618861948848557
7,8000,971,0.64503307546906763,0.22461749585375626
7,8000,972,0.82285152919556981,0.068517012292367702
7,8000,973,0.82261139835702812,0.28334071599253441
7,8000,974,0.84928080694457009,0.39292787041420169
7,8000,975,0.9256019884711485,0.67980355434789219
7,8000,976,0.63425492661905258,0.60642687886419322
7,8000,977,0.95257197220290768,0.2476904497296892
7,8000,978,0.59138740329985107,0.13742242993040982
7,8000,979,0.51244613485584622,0.90346272172935893
7,8000,980,0.98333552671268298,0.4426335954364099
7,8000,981,0.99791056291856106,0.67992334170522906
7,8000,982,0.84249619988139435,0.43983890519792551
7,8000,983,0.72546807117013468,0.098988004864662221
7,8000,984,0.089685878196420168,0.60113826732497011
7,8000,985,0.4423775444350751,0.28918635652562608
7,8000,986,0.00031465846270697993,0.25468305989456924
7,8000,987,0.70661909305392678,0.62760576019120162
7,8000,988,0.49143061299678226,0.99744811625442353
7,8000,989,0.76412226088278912,0.48689861023151215
7,8000,990,0.64125151621352316,0.37869624969495375
7,8000,991,0.48763518941092576,0.45614118775354567
7,8000,992,0.77422090685366118,0.82534402156752318
7,8000,993,0.30414161245285626,0.41997555270731091
7,8000,994,0.099371064204769682,0.012404839102460855
7,8000,995,0.42247907830154702,0.014245528726841171
7,8000,996,0.49799276519692415,0.14464298959328306
7,8000,997,0.91448391258913342,0.29362053237343672
7,8000,998,0.87767452829001202,0.18981095247835042
7,8000,999,0.93637734881613743,0.14931214028189757
7,32000,0,0.37009308094076371,0.054868440674370605
7,32000,1,0.00058022860901362134,0.6747335527683167
7,32000,2,0.015279171411931027,0.64522933939317739
7,32000,3,0.1411176474500912,0.53896665372924057
7,32000,4,0.99647886504868055,0.50380520158724773
7,32000,5,0.67537820093252188,0.1959852745178218
7,32000,6,0.84893430696595595,0.47046551031813588
7,32000,7,0.2149756399579249,0.16746761145852423
7,32000,8,0.011476372067702953,0.41596491362547622
7,32000,9,0.93823912145311017,0.33168298317026734
7,32000,10,0.30680466074866519,0.028798737942127103
7,32000,11,0.19175867433106547,0.93150507830647622
7,32000,12,0.3929065765785823,0.87827004269583164
7,32000,13,0.08945866005325584,0.2272940663131793
7,32000,14,0.60279571516431374,0.12659621024903658
7,32000,15,0.72475807066802356,0.31303845155146071
7,32000,16,0.28485826327578773,0.93827867649651409
7,32000,17,0.85742950208094015,0.74106978051741856
7,32000,18,0.96774406026039084,0.67710453264309245
7,32000,19,0.7532561498842073,0.29679492977856675
7,32000,20,0.063818187276618837,0.73400434624269728
7,32000,21,0.8132089007981268,0.98993856862052931
7,32000,22,0.20140108017682212,0.55378002728010789
7,32000,23,0.9553241659732904,0.19810213585390529
7,32000,24,0.42972825630535033,0.012495903120945983
7,32000,25,0.95557779579615265,0.42019743536537657
7,32000,26,0.39530037929925982,0.69679613998255185
7,32000,27,0.0053056726288236737,0.43936449402141103
7,32000,28,0.63967060233566275,0.18015575579389623
7,32000,29,0.99632005992496742,0.16409131813116015
7,32000,30,0.65584496964853289,0.88095643278647306
7,32000,31,0.73571569144339199,0.38221640025234233
7,32000,32,0.67422718655264968,0.53278110862332451
7,32000,33,0.41014224164703916,0.98898147679884407
7,32000,34,2.675013943129439e-06,0.7324243281207159
7,32000,35,0.7243567655529437,0.79081695111126338
7,32000,36,0.23500575260713039,0.46680632821772527
7,32000,37,0.16758843732579004,0.34702536696126163
7,32000,38,0.40511343635430735,0.76408366937630734
7,32000,39,0.67020431597671881,0.44539036815797878
7,32000,40,0.49784444010831597,0.58584883929731757
7,32000,41,0.37718881893445061,0.89467756191643144
7,32000,42,0.39716490135955024,0.85046680304383959
7,32000,43,0.8508284623966611,0.99479978410288705
7,32000,44,0.25799668872575832,0.77364136833823038
7,32000,45,0.52705303232609801,0.39960692313089796
7,32000,46,0.70620000467036059,0.92551244373095565
7,32000,47,0.36777355921306271,0.49643007351166113
7,32000,48,0.67092495361879856,0.86641154032195589
7,32000,49,0.40377703801776793,0.36173024201919068
7,32000,50,0.81650935699748939,0.65429664836346324
7,32000,51,0.21341218521309535,0.2825732987623556
7,32000,52,0.81964972715573192,0.67106863128652616
7,32000,53,0.38871551130250293,0.21781781377014786
7,32000,54,0.79208706837317544,0.077825944409674427
7,32000,55,0.34471172533338262,0.83894565681076805
7,32000,56,0.038012947739006195,0.63434103715911694
7,32000,57,0.14630963082189755,0.085216169135731379
7,32000,58,0.51362013048684507,0.68340087914080649
7,32000,59,0.063643358628566959,0.91520727752362985
7,32000,60,0.4801284251922292,0.48080916869911638
7,32000,61,0.61101667168685758,0.58655416879306466
7,32000,62,0.013720526078721963,0.4717231302381959
7,32000,63,0.39375644020754108,0.64363603311193363
7,32000,64,0.40260615991417847,0.74819544266537974
7,32000,65,0.39039660266042875,0.44095029747302655
7,32000,66,0.98815919830653831,0.4998368527058028
7,32000,67,0.6519763430426635,0.38958795104231614
7,32000,68,0.71800002424546383,0.3667893884067876
7,32000,69,0.26027055572033042,0.30364195002973643
7,32000,70,0.019763375285895838,0.85121471322607445
7,32000,71,0.18198065695305182,0.33626897734173272
7,32000,72,0.38617448059202969,0.3034611427442509
7,32000,73,0.066823455604835866,0.71746053236658347
7,32000,74,0.051166850158200543,0.13145367561569571
7,32000,75,5.3387787549884392e-05,0.5147803686821314
7,32000,76,0.85316551504920723,0.28922691475535373
7,32000,77,0.83632202971573455,0.98963635078625645
7,32000,78,0.36024631693166531,0.97483217717495918
7,32000,79,0.86759705798242148,0.14678313819471056
7,32000,80,0.16591564359144537,0.082037083779862394
7,32000,81,0.38512251535485498,0.69170355420105445
7,32000,82,0.78554362470767347,0.21738078729896723
7,32000,83,0.64146375593541327,0.084245366390653234
7,32000,84,0.46081693708734328,0.036377495569482221
7,32000,85,0.86437349531958541,0.13856293840989117
7,32000,86,0.13827348498936426,0.44516861126509483
7,32000,87,0.66704301968916879,0.64298317751389777
7,32000,88,0.62610673082457879,0.24207261917588027
7,32000,89,0.40054610082904096,0.88594392634410235
7,32000,90,0.79818896087565072,0.11707355736490183
7,32000,91,0.073505741626075705,0.43956520572662044
7,32000,92,0.57811320190592774,0.47776127700475457
7,32000,93,0.89010658090165673,0.079324294717074376
7,32000,94,0.65948132918351443,0.48812950070402827
7,32000,95,0.9378793227824227,0.95224287076378777
7,32000,96,0.005741816821808709,0.25733172387244557
7,32000,97,0.63118679889817497,0.96794995332647871
7,32000,98,0.86252302162891115,0.70871826474994071
7,32000,99,0.20975779743852224,0.21799355401773188
7,32000,100,0.97514272917726463,0.61364826376660553
7,32000,101,0.85389546207544953,0.58311187996088398
7,32000,102,0.55360838177533389,0.4903458602349372
7,32000,103,0.96358178619607482,0.46692219712647254
7,32000,104,0.9515251435582236,0.99580714235052348
7,32000,105,2.0627219450655561e-17,0.41266920153020253
7,32000,106,0.58866182352431484,0.75308876396986735
7,32000,107,0.2009128879966047,0.47540714774255188
7,32000,108,0.98441862395478275,0.63044735781381411
7,32000,109,0.98559909801302703,0.082427136521218289
7,32000,110,0.8691031332286081,0.38052224750371205
7,32000,111,0.33062195698662583,0.99372156251643007
7,32000,112,0.96845418033988195,0.19659232059599724
7,32000,113,0.021621113481737259,0.23699958717819555
7,32000,114,0.6193630965339626,0.41400597736629297
7,32000,115,0.79878534384710365,0.40029207218422452
7,32000,116,0.41630876168740605,0.38552001338352682
7,32000,117,0.49269182548105894,0.11273783866267299
7,32000,118,0.62561383392925429,0.10635416230536818
7,32000,119,0.66740027017911008,0.47975540442371001
7,32000,120,0.69899073040889048,0.84100968521862352
7,32000,121,0.70882809250834355,0.78929063608383687
7,32000,122,0.27514843094461511,0.6651867800262794
7,32000,123,0.93620700517093824,0.02140434267691825
7,32000,124,0.85490785162671334,0.33333930970433007
7,32000,125,0.87709599934033067,0.56434516633982734
7,32000,126,0.30886111813237516,0.1335631562347345
7,32000,127,0.020694579960506665,0.52543275559601177
7,32000,128,0.41605056878289182,0.29925613560238523
7,32000,129,0.29349853703301876,0.2582200881167418
7,32000,130,0.08094999827433795,0.62094346160113534
7,32000,131,0.23243183914404009,0.014976725613450956
7,32000,132,0.20986793545899282,0.29529175227413929
7,32000,133,0.66030254641780983,0.67367829937180812
7,32000,134,0.27931330668299131,0.40753454394515992
7,32000,135,0.94368366314205998,0.92075827510013697
7,32000,136,0.35640812619721041,0.67377915338471939
7,32000,137,0.38405796539035608,0.2669483302684928
7,32000,138,0.8339991271207764,0.3411290596078746
7,32000,139,0.03602905100132861,0.96995257743592556
7,32000,140,0.79959915356804645,0.79857908698354629
7,32000,141,0.29491193142382732,0.46806845341926984
7,32000,142,0.98591871979368106,0.7366381391112351
7,32000,143,0.120429449419705,0.30203024794521882
7,32000,144,0.81703712327855471,0.7997143173628376
7,32000,145,0.10424769238244146,0.10660880438044987
7,32000,146,0.95675095971129775,0.59968588126500866
7,32000,147,0.025590828487971725,0.99837916157071538
7,32000,148,0.71742948746500934,0.25139299065575377
7,32000,149,0.067969031959727477,0.23715809599420182
7,32000,150,0.022613887425849157,0.82184515474069442
7,32000,151,0.90271786350875094,0.77547788844063414
7,32000,152,0.86100192448939405,0.97518719513443275
7,32000,153,0.5409231968381627,0.52555854365281884
7,32000,154,0.5743442887264012,0.6387739510589775
7,32000,155,0.53589461670878447,0.86316845964601696
7,32000,156,0.22449052027096475,0.83729082783085507
7,32000,157,0.9600817897493088,0.11639478798036534
7,32000,158,0.90583195484079171,0.22487392398694439
7,32000,159,0.84279918338112791,0.5389475034517297
7,32000,160,0.68138024450267265,0.51053763715297085
7,32000,161,0.61226691122986043,0.73256351662374164
7,32000,162,0.88048723207309798,0.86392261378811708
7,32000,163,0.36149330421072806,0.30876777083985429
7,32000,164,0.34111015141039558,0.44584262218115644
7,32000,165,0.58522100935463695,0.64312558545809784
7,32000,166,0.85343580263257168,0.27825905024332148
7,32000,167,0.36477494840196234,0.22345678389278886
7,32000,168,0.62713347739258474,0.69143089598166341
7,32000,169,0.89006287837428699,0.78420117219298446
7,32000,170,0.46442030725533878,0.67502761350875262
7,32000,171,0.64260171654164866,0.13725784756005474
7,32000,172,0.4087299439469862,0.65417828390714994
7,32000,173,0.97309706866246526,0.010272588934170332
7,32000,174,0.72537908401679685,0.96095965728062416
7,32000,175,0.62870304945980471,0.9757265984959228
7,32000,176,0.86223955258569385,0.31855836487846684
7,32000,177,0.2631889600648416,0.18254701622712138
7,32000,178,0.20353115713075973,0.059489832956908635
7,32000,179,0.46242723188031021,0.82222206098735007
7,32000,180,0.38053064641363321,0.88423381685544167
7,32000,181,0.80062130906046336,0.70629734795701793
7,32000,182,0.003115565051753727,0.76431290220192694
7,32000,183,0.44464273722393177,0.0086011226291633543
7,32000,184,0.76396748595183461,0.50604951372758389
7,32000,185,2.0039521849779436e-06,0.63733803231948649
7,32000,186,0.54000307038454365,0.33215009648253019
7,32000,187,0.81921920036549434,0.87170569933542663
7,32000,188,0.058895806838487642,0.40524773735998565
7,32000,189,0.85118238236278121,0.43945617765245271
7,32000,190,0.67471566687518847,0.39242947396552003
7,32000,191,0.49750220234809361,0.62999647685894944
7,32000,192,0.87491235781359533,0.42064405683577111
7,32000,193,0.98739636816907594,0.29891863599966823
7,32000,194,0.7889548064780515,0.53909940601998019
7,32000,195,0.30697555012612737,0.090508608550957825
7,32000,196,0.1925175506207715,0.47687086857133321
7,32000,197,0.86599505112842046,0.032983423683206392
7,32000,198,0.036789743127200979,0.81413332901170277
7,32000,199,0.73472809889424096,0.24401940858236174
7,32000,200,0.99840564494690953,0.54870137774692185
7,32000,201,0.97861177104845742,0.95123273713640866
7,32000,202,0.27882114360354715,0.11686965572810738
7,32000,203,0.47782531193510647,0.72956003224296451
7,32000,204,0.4231044331633767,0.11598505047226179
7,32000,205,0.77089524541303178,0.58911096361193682
7,32000,206,0.53693214078957441,0.87186442812909137
7,32000,207,0.70218507412265185,0.24573498960213883
7,32000,208,0.86859915072971894,0.78845238384354999
7,32000,209,0.61492899027086523,0.32103624193138436
7,32000,210,0.40563569387869808,0.06811041157822402
7,32000,211,0.65823335601212318,0.33470352402670317
7,32000,212,0.74615659079271246,0.70859603945613792
7,32000,213,0.47959967781607227,0.78892344481935728
7,32000,214,0.65784653491705114,0.7603745625895606
7,32000,215,0.32470466985486102,0.089367205146338793
7,32000,216,0.9107461586520611,0.0096777585654518709
7,32000,217,0.7994218794388338,0.55433936750012136
7,32000,218,0.95960456823286489,0.71053704308059129
7,32000,219,0.054340323916152136,0.37533509906444706
7,32000,220,0.032729266946274461,0.76283782178794635
7,32000,221,0.697900474762293,0.76109455552251448
7,32000,222,0.56243087098704492,0.36459971137736924
7,32000,223,0.83050227246908737,0.1278211992553383
7,32000,224,0.89669271548123175,0.56381675455228786
7,32000,225,0.37999858742455955,0.50649455311908465
7,32000,226,0.52696859444438382,0.44708245522746615
7,32000,227,0.68729947591708795,0.54425703718284457
7,32000,228,0.68864991351604321,0.1404142785612523
7,32000,229,0.7213418933643414,0.71314865385702797
7,32000,230,0.19207467427409167,0.080639995783967008
7,32000,231,0.17841471032400974,0.24288997176390889
7,32000,232,0.74654220116602232,0.99953509981198696
7,32000,233,0.40345989039054536,0.010675686103173022
7,32000,234,0.18287601646101781,0.91519397785782097
7,32000,235,0.23962668922208669,0.44267748108408
7,32000,236,0.27957001844730123,0.29492275912584959
7,32000,237,0.98061671538771,0.28806257172334793
7,32000,238,0.58802591264096482,0.11734324101265707
7,32000,239,0.26103604819602055,0.43432013192339497
7,32000,240,0.51530978522221615,0.1948123214826544
7,32000,241,0.1805016604135867,0.45872628281884775
7,32000,242,0.53291995327856978,0.26978029789159103
7,32000,243,0.6280529242809858,0.55147022297891335
7,32000,244,0.28026803933010525,0.014993909436200208
7,32000,245,0.6344201634365273,0.26190702049931314
7,32000,246,0.034254101066856009,0.26620337963668844
7,32000,247,0.73986789494434335,0.4534302325173466
7,32000,248,0.90949707172858862,0.14337593438305107
7,32000,249,0.82984152415403667,0.32348759110083308
7,32000,250,0.35391023334516963,0.61695376483339548
7,32000,251,0.49894532983146644,0.80039126989120257
7,32000,252,0.94428337421558906,0.83703491594549961
7,32000,253,0.47326419183102586,0.27209955954346876
7,32000,254,0.79591149712645526,0.48503401507310007
7,32000,255,0.89634145148461808,0.61687408999843263
7,32000,256,0.65365238236632461,0.33401221989901847
7,32000,257,0.74178141495361594,0.08771647904666792
7,32000,258,0.66349545728204795,0.87146368349239334
7,32000,259,0.47448631859376911,0.2163171625869908
7,32000,260,0.91327589736730863,0.83531390064809585
7,32000,261,0.43758405346173707,0.29488050476700134
7,32000,262,0.9434151647856287,0.23197349748837581
7,32000,263,0.64125297701345996,0.19480921263973297
7,32000,264,0.26618582759044512,0.25201415456705134
7,32000,265,0.28824600899102659,0.28553788060260449
7,32000,266,0.66052226245791568,0.037736773592601865
7,32000,267,0.24370618411632916,0.049994891535959457
7,32000,268,0.15657722656943943,0.5731876119420517
7,32000,269,0.48869837213458955,0.91170663326924817
7,32000,270,0.7302706174577559,0.1956538241124563
7,32000,271,0.44643490774797601,0.8234868399324704
7,32000,272,0.74748458711276666,0.65463808061058626
7,32000,273,0.79825112114497832,0.98638734884285895
7,32000,274,0.91534698268379466,0.49179480198718739
7,32000,275,0.51805698585162319,0.83417528656865669
7,32000,276,0.68727441013987267,0.065012449816307452
7,32000,277,0.97286388362484977,0.51000933918068025
7,32000,278,0.45900570706083621,0.14315048162466551
7,32000,279,0.10803193475512189,0.11077116890456244
7,32000,280,0.41964789030425903,0.51991503010381701
7,32000,281,0.49069795111430836,0.23562125526334593
7,32000,282,0.81947352083972036,0.7576037103919091
7,32000,283,0.48521496754775484,0.86767506525823457
7,32000,284,0.99599637093517024,0.10845124262249052
7,32000,285,0.50335531804369882,0.7836839795685786
7,32000,286,0.090805210804670425,0.19726388842875414
7,32000,287,0.20039987985778901,0.9942740786358748
7,32000,288,0.50211069305194411,0.98088737095451539
7,32000,289,0.25163528231389237,0.035043561689432616
7,32000,290,0.38380257769938969,0.28542476332485611
7,32000,291,0.85630397526150248,0.61010000766706574
7,32000,292,0.52988677457517963,0.79598802442016248
7,32000,293,0.71228955239919334,0.45512877209579972
7,32000,294,0.37643012865357645,0.04398663048668737
7,32000,295,0.25738328292047746,0.4261726588569214
7,32000,296,0.34419650157698262,0.27521205844292224
7,32000,297,0.50773309634815766,0.91119778703776144
7,32000,298,0.48910446631976345,0.071638637541572084
7,32000,299,0.39715461247742212,0.22907408727757994
7,32000,300,0.69552071734306686,0.25458825252694506
7,32000,301,0.28232316251117767,0.19948821171006959
7,32000,302,0.88938637367945805,0.55247279904505142
7,32000,303,0.14663955443669854,0.46699085929221107
7,32000,304,0.27403700139675019,0.22078610646686209
7,32000,305,0.12941703413809705,0.69561748646667443
7,32000,306,0.8707015140552895,0.050768843014064438
7,32000,307,0.36677710663396568,0.78413632352683682
7,32000,308,0.87710288088541122,0.048683399410469536
7,32000,309,0.75724024389563427,0.37709253313502406
7,32000,310,0.0085392025085581445,0.91938542419035663
7,32000,311,0.25520199484956879,0.072648918397583223
7,32000,312,0.95718187749496986,0.48296999843141919
7,32000,313,0.91107404502317157,0.079286487359299565
7,32000,314,0.89303863302428144,0.089086174545572286
7,32000,315,0.78488846106212506,0.080210072551587616
7,32000,316,0.93805090524044965,0.1631125535744411
7,32000,317,0.70505306615836205,0.60657879754079369
7,32000,318,0.56551463670315649,0.40653239085408022
7,32000,319,0.98191478863841786,0.13096520834134792
7,32000,320,0.062037385156658825,0.69562863859855528
7,32000,321,0.23848114177495344,0.71114007718472649
7,32000,322,0.97526183970153557,0.23732264364173639
7,32000,323,0.86627875497697659,0.45282506916038251
7,32000,324,0.00021454936387670245,0.80003430604150194
7,32000,325,0.4762178757605352,0.3989514042141914
7,32000,326,0.17983577181644661,0.39062430962719102
7,32000,327,0.86238465543563803,0.40839510575143873
7,32000,328,0.46405561579161225,0.4549165587453341
7,32000,329,0.031791041656682943,0.78831056343234696
7,32000,330,0.0098966000957363392,0.092370256183858759
7,32000,331,0.91647137270752232,0.86243904584965925
7,32000,332,0.57295318089927838,0.11625988540543221
7,32000,333,0.64500442498391375,0.75051528604157769
7,32000,334,0.75062294066322377,0.088288842313895957
7,32000,335,0.07109764291889456,0.65496145064143474
7,32000,336,0.84296296333225007,0.59641871007393354
7,32000,337,0.5123472533842075,0.75858762163398508
7,32000,338,0.43369662641434165,0.72946322843647105
7,32000,339,0.32951504132161286,0.28618872803854906
7,32000,340,0.020825764793171251,0.12658026023130095
7,32000,341,0.00047703616029394686,0.46167955793165893
7,32000,342,0.74015957428577528,0.85686307934691064
7,32000,343,0.4079796870431231,0.87595980533215079
7,32000,344,0.48815547954704464,0.50798475085453831
7,32000,345,0.01757505977819188,0.13421496399109301
7,32000,346,0.57457888390219525,0.63465321114066597
7,32000,347,0.8356602213455302,0.056766602164206814
7,32000,348,0.85826204315056265,0.71494139591298378
7,32000,349,0.6210438549370485,0.022110395554976726
7,32000,350,0.22426399130543073,0.87055024139384662
7,32000,351,0.96261925655368286,0.96836089242990653
7,32000,352,0.57396877913878153,0.62572092149407033
7,32000,353,0.68818339237958659,0.10546153018292438
7,32000,354,0.7783748528809562,0.30866675018366946
7,32000,355,0.13073531831952859,0.21018226615526187
7,32000,356,0.88384465021054426,0.19322692816138515
7,32000,357,0.22420924631715841,0.0688614189730751
7,32000,358,0.23464336729131535,0.98841680611583038
7,32000,359,0.21171648368647322,0.075703647858614817
7,32000,360,0.21932180454724259,0.25796629455751652
7,32000,361,0.68536752810111556,0.34580472840167015
7,32000,362,0.27584558223982103,0.34178267930541972
7,32000,363,0.94826400859673998,0.11822434199873412
7,32000,364,0.64385452780639407,0.65936275747526474
7,32000,365,0.29307396914386691,0.99988787440337723
7,32000,366,0.91441505650321453,0.47136244570497099
7,32000,367,0.45438573147347494,0.59154089336228355
7,32000,368,0.15871485759271786,0.47527440454561876
7,32000,369,0.061581644993767011,0.93846033581932531
7,32000,370,0.0013657582072774919,0.084941775536993933
7,32000,371,0.66686716886351904,0.45980918293338202
7,32000,372,0.22316060265318502,0.1603823399807261
7,32000,373,0.85331386777292084,0.28093721531399241
7,32000,374,0.6418188373235707,0.27847441603361778
7,32000,375,0.56431866810881837,0.49123823034518543
7,32000,376,0.82915625469655652,0.6778791905981939
7,32000,377,0.75722971039839204,0.36201806332891939
7,32000,378,0.86819978184805313,0.44757324506455343
7,32000,379,0.58796865262115006,0.87206952834138063
7,32000,380,0.83696068813417168,0.34235783769119432
7,32000,381,0.70408784585733875,0.99024795551076172
7,32000,382,0.25238387864238876,0.77040252659960506
7,32000,383,0.92913083174434119,0.85634001110340119
7,32000,384,0.28468082705979803,0.37795206827406674
7,32000,385,0.16166676373610125,0.93176591540971498
7,32000,386,0.98799381025507949,0.65644878395608397
7,32000,387,0.063896953483798119,0.29166025999726414
7,32000,388,0.061821914889298488,0.066099346235796164
7,32000,389,0.53036124951056574,0.40911858149714359
7,32000,390,0.96828758146370131,0.62274593189847838
7,32000,391,0.76385357597535153,0.89136855651027957
7,32000,392,0.62265241234350133,0.2890021096537353
7,32000,393,0.8946047731760709,0.52417699704575171
7,32000,394,0.27155846388511168,0.78555060636447849
7,32000,395,0.82637888203779331,0.37932207848872845
7,32000,396,0.85040185967185877,0.3724483724184216
7,32000,397,0.97832147801072034,0.58105073774341232
7,32000,398,0.65961243316520424,0.7944711508468334
7,32000,399,0.98243703883060651,0.8325049461612517
7,32000,400,0.49484826191568665,0.5539751704032142
7,32000,401,0.11630933284217029,0.54228579527266818
7,32000,402,0.078015269150691124,0.68858936934563586
7,32000,403,0.49701187826160875,0.54929930457676712
7,32000,404,0.52244986854720321,0.72939678827153476
7,32000,405,0.81079633850260757,0.31682334248485639
7,32000,406,0.85032603946105723,0.45216212829307473
7,32000,407,0.77457417430455555,0.1234190651706164
7,32000,408,0.75127971258261761,0.92982849299223425
7,32000,409,0.57784663432568073,0.65902747656434479
7,32000,410,0.030801618227563651,0.78410646466988165
7,32000,411,0.11639403130848205,0.52479380657136832
7,32000,412,0.80022831055724442,0.070675884329344851
7,32000,413,0.96645556926294474,0.73711303866969491
7,32000,414,0.10939141228648898,0.64825217133340907
7,32000,415,0.34467476406769809,0.092156923259746309
7,32000,416,0.75727087289693862,0.9165764949366737
7,32000,417,0.88634166266188563,0.75075760974785488
7,32000,418,0.6203612541000213,0.14781836757699957
7,32000,419,0.25314169669192593,0.35506301244338162
7,32000,420,0.97599831951398586,0.76615393810939869
7,32000,421,0.61714115561543137,0.056843282060670547
7,32000,422,0.4758519521068727,0.54824720073965982
7,32000,423,0.82530152578565197,0.88334619455590557
7,32000,424,0.2364127239877227,0.34247805058556641
7,32000,425,0.71728143895239638,0.66629109874682801
7,32000,426,0.23384287404255275,0.36194608500490072
7,32000,427,0.540722578129742,0.74670625972309546
7,32000,428,0.0024950258297470333,0.3086047004965638
7,32000,429,0.87144502172230109,0.52544923509914465
7,32000,430,0.79158260416269255,0.6165926969167701
7,32000,431,0.053407584915886173,0.042140589327697188
7,32000,432,0.41049051305474438,0.59347258349737964
7,32000,433,0.65984978331704813,0.84568068767928906
7,32000,434,0.54871846497756194,0.45368159238537309
7,32000,435,0.98765281763795432,0.04234769186817245
7,32000,436,0.91726708158625736,0.51950331477743039
7,32000,437,0.9651848503017022,0.49068324320260037
7,32000,438,0.98275857843011216,0.42804733725456501
7,32000,439,0.0010964060273084867,0.29450937839291141
7,32000,440,0.13112143791357139,0.40985550454434827
7,32000,441,0.36735381159914088,0.13950252641335853
7,32000,442,0.21310834311113519,0.24696142888338279
7,32000,443,0.12329716414441386,0.29543261964746437
7,32000,444,0.44224128220710357,0.48646496781093151
7,32000,445,0.062596363439146221,0.20931601466436328
7,32000,446,0.4313526851392,0.93749642914172893
7,32000,447,0.55204210098862794,0.13938953655162953
7,32000,448,0.13474304516037733,0.74376223914753736
7,32000,449,0.0060351099318254903,0.44743231183921528
7,32000,450,0.12150381023833018,0.24193417325348163
7,32000,451,0.081097033873895288,0.28317482897598528
7,32000,452,0.12677235986221702,0.92632935080108947
7,32000,453,0.93481477156515458,0.81220033593503027
7,32000,454,0.69091935567618101,0.98057655593303406
7,32000,455,0.83277419986875356,0.97120935399132469
7,32000,456,0.8440882263623084,0.85942520667070355
7,32000,457,0.5550161954620052,0.17594045273105333
7,32000,458,0.88280446213350838,0.34136250969903076
7,32000,459,0.7591090041610028,0.017636478767922154
7,32000,460,0.14608126222007833,0.48221858182808597
7,32000,461,0.6224467409090636,0.45766542551862954
7,32000,462,0.5495038052804605,0.78088988695330663
7,32000,463,0.26312895743384712,0.25462815249839915
7,32000,464,0.65818527065061438,0.38826438024059695
7,32000,465,0.71444989037747697,0.86362683092032055
7,32000,466,0.26858528254153358,0.56067851496808252
7,32000,467,0.13968898877024241,0.62344296328005167
7,32000,468,0.56777262950628471,0.98573961306231295
7,32000,469,0.6235848706081194,0.73478592839318346
7,32000,470,0.44581250238772313,0.87474725948782672
7,32000,471,0.79187574689832252,0.62131845549916098
7,32000,472,0.92568373880007648,0.074353939786190926
7,32000,473,0.63030140023324543,0.53339318006613656
7,32000,474,0.15865775783872227,0.067275149409092155
7,32000,475,0.45268861242071728,0.14177498902108607
7,32000,476,0.36254529875460384,0.52688908637745879
7,32000,477,0.061007774586706892,0.3336134935145777
7,32000,478,0.91134706242024432,0.3975781453165621
7,32000,479,0.82430725702294794,0.1313649160603004
7,32000,480,0.00016600539364386514,0.49514974020695113
7,32000,481,0.081868043808560012,0.52341897431988027
7,32000,482,0.12367132434742577,0.61260447000220597
7,32000,483,0.61455571585950375,0.28475646870213961
7,32000,484,0.051066379250378678,0.51584575717576031
7,32000,485,0.67704040194494408,0.40285243400593573
7,32000,486,0.38748845978690738,0.99908696987068946
7,32000,487,0.44364463849028474,0.49628681298159016
7,32000,488,0.61843096237472628,0.53006969176386398
7,32000,489,0.84597606579556461,0.15749418620249292
7,32000,490,0.13367992017600924,0.76447777130292216
7,32000,491,0.04746655276854677,0.22816087333806373
7,32000,492,0.49100421655486337,0.59626473604644514
7,32000,493,0.79092823226331521,0.7747714456601118
7,32000,494,0.7022704695712354,0.74897158604873504
7,32000,495,0.96154033363148639,0.17712503713442759
7,32000,496,0.27973443099070017,0.27824227151923947
7,32000,497,0.39191867882185499,0.11972860708214834
7,32000,498,0.21380738775643263,0.2495401491683317
7,32000,499,0.78325894238239391,0.89893280638196393
7,32000,500,0.92453917290784604,0.29675307049290339
7,32000,501,0.56568304043867779,0.81931769598721826
7,32000,502,0.2616444086323273,0.95385458267680323
7,32000,503,0.96844307006315256,0.051984366192498688
7,32000,504,0.46022289884742273,0.55017694038263787
7,32000,505,0.89238426239945579,0.73368974166661793
7,32000,506,0.64833437578303799,0.48882870877441986
7,32000,507,0.39947246398905062,0.51554314173605631
7,32000,508,0.9614001097576379,0.93288777697538317
7,32000,509,0.52513843435086627,0.1586482164385502
7,32000,510,0.0085678175958701659,0.83591361267841457
7,32000,511,0.28787652359739041,0.27958603787413561
7,32000,512,0.27546307525464397,0.98666571511301593
7,32000,513,0.48967937854145915,0.074906089848647786
7,32000,514,0.018087209024766814,0.077462883369727772
7,32000,515,0.30172364050834227,0.15053660068904084
7,32000,516,0.15762508972242373,0.87458893609608057
7,32000,517,0.72190171658625302,0.28732774457159493
7,32000,518,0.22992191824041658,0.10777621064208295
7,32000,519,0.29064591993639111,0.52201895676215171
7,32000,520,0.10565331754687202,0.36968547807530844
7,32000,521,0.68817368638752285,0.24212463650570731
7,32000,522,0.16939424330302694,0.16079481181823405
7,32000,523,0.52889555989575143,0.44718376074143257
7,32000,524,0.63449918633790381,0.38355240542190583
7,32000,525,0.15383603485588565,0.20374141367166285
7,32000,526,0.17837628823962923,0.32107534241129726
7,32000,527,0.48069035025108187,0.22184189081526157
7,32000,528,0.36107607753453924,0.60992384824538093
7,32000,529,0.1854491521242318,0.18417982663046251
7,32000,530,0.55266953430103283,0.66104014863096139
7,32000,531,0.82899922161109085,0.029179316931539381
7,32000,532,0.85312958368085479,0.29304080631121598
7,32000,533,0.82898225846024909,0.89921583651506343
7,32000,534,0.12657913310614591,0.87834280041954327
7,32000,535,0.97920092048882723,0.74112083256752381
7,32000,536,0.93210669211567843,0.33592239580979177
7,32000,537,0.85596686488713669,0.27842114243803129
7,32000,538,0.11621116580406865,0.16579587540162902
7,32000,539,0.41583849046379262,0.43811293717738281
7,32000,540,0.02365796016843489,0.39140894576099694
7,32000,541,0.29641216202316695,0.96205731568919584
7,32000,542,0.3172115507373624,0.28928580305911983
7,32000,543,0.63112442287561066,0.050915561586984855
7,32000,544,0.77642720925316278,0.84008532795435853
7,32000,545,0.22751687072667356,0.22457698224291026
7,32000,546,0.0020200672703613132,0.92303154965232426
7,32000,547,0.50850740420521512,0.1191835801540137
7,32000,548,0.11083045956913085,0.48876650762872376
7,32000,549,0.14453924223685455,0.69378003383991871
7,32000,550,0.83923167472426319,0.12449333364919607
7,32000,551,0.066381515809794095,0.020090574852248012
7,32000,552,0.58860688882708534,0.54266083783968733
7,32000,553,0.77804152749717614,0.065741519843585158
7,32000,554,0.7361414491128403,0.71755741560327957
7,32000,555,0.05479932492002091,0.40083524898994144
7,32000,556,0.6052990015709524,0.33551265852241208
7,32000,557,0.57449000722191756,0.13709952175534201
7,32000,558,0.38114159712582291,0.63166268376477941
7,32000,559,0.78177221065813618,0.46800729229816285
7,32000,560,0.13201991208875632,0.65762588169678193
7,32000,561,0.78319750156520396,0.31213767263867953
7,32000,562,0.17772380639283131,0.40540691394651662
7,32000,563,0.94662143300106893,0.4346948749473708
7,32000,564,0.76074894868774767,0.48457384011007476
7,32000,565,0.38090253017345166,0.92062397880332003
7,32000,566,0.95904553477798216,0.066123756449635016
7,32000,567,0.3871595927015864,0.68401605450128888
7,32000,568,0.91984436533678826,0.70717898222752218
7,32000,569,0.93787754502931864,0.084119849102025412
7,32000,570,0.053499421794379894,0.92158414345379425
7,32000,571,0.50839505567811349,0.81866039198456009
7,32000,572,0.37972044909366048,0.70628597333071397
7,32000,573,0.46825598211468855,0.73811486505281088
7,32000,574,0.69463672032535595,0.3635659694245727
7,32000,575,0.44769673600453952,0.23064730848827367
7,32000,576,0.91106293947681261,0.21647061600690412
7,32000,577,0.73307230440832849,0.4828989158226199
7,32000,578,0.71226517631090436,0.99550698375472224
7,32000,579,0.68955295308749953,0.89373166111466085
7,32000,580,0.80599371869098657,0.62738642613268614
7,32000,581,0.69104076056202712,0.22644092555558085
7,32000,582,0.66697634850591336,0.84992603085975027
7,32000,583,0.52693253809033502,0.72914110075836791
7,32000,584,0.61944088771765393,0.73034586350121711
7,32000,585,0.91258356402688512,0.91431720969948915
7,32000,586,0.19616359718574994,0.83952265635754042
7,32000,587,0.68293552801459334,0.77923835608266945
7,32000,588,0.6578111387940333,0.6283550229497743
7,32000,589,0.053370167152847502,0.014277323134820996
7,32000,590,0.30268424867843968,0.050687527019443304
7,32000,591,0.92746994496479185,0.40308561450102748
7,32000,592,0.30175970846763245,0.39401504460050452
7,32000,593,0.37534871894827659,0.56993869981324741
7,32000,594,0.90577395583594711,0.40768655867035042
7,32000,595,0.49915299690580317,0.35975494139365638
7,32000,596,0.32992289426143956,0.54887901194852406
7,32000,597,0.008398062289754489,0.48618164095014726
7,32000,598,0.010336582884756206,0.137310184198186
7,32000,599,0.019411428366597584,0.34045992850389456
7,32000,600,0.083480708993253536,0.50917929337193291
7,32000,601,0.60396489104176343,0.58764767862389233
7,32000,602,0.74835129282979607,0.3502759074870006
7,32000,603,0.4223111315338659,0.32211396073228271
7,32000,604,0.74973718812440371,0.86750267493464128
7,32000,605,0.97176524364804306,0.12455508336076082
7,32000,606,0.52565783402268518,0.98283724070383982
7,32000,607,0.52910374942505589,0.65577678854357269
7,32000,608,0.18806806460847911,0.88291597848255687
7,32000,609,0.99427484431276159,0.72977386534492317
7,32000,610,0.87906445378969522,0.63847799591796628
7,32000,611,0.65328096630645827,0.16962922209099901
7,32000,612,0.084936701197593778,0.8401441926271902
7,32000,613,0.64771237305460616,0.027313441998261707
7,32000,614,0.56167192102114272,0.34482661725708408
7,32000,615,0.4912085874993336,0.094785248434681918
7,32000,616,0.14407559668223666,0.28038850009162491
7,32000,617,0.92688048245269816,0.00066395119981008783
7,32000,618,0.74985702792319275,0.28003199906636506
7,32000,619,0.43747525558465727,0.50228889578974201
7,32000,620,0.046625784998701535,0.031477732927504845
7,32000,621,0.61888151067367392,0.4862775113963631
7,32000,622,0.080957302774458201,0.3803456567762914
7,32000,623,0.21757025708192232,0.68567832165385312
7,32000,624,0.16310792291860549,0.24779273700320001
7,32000,625,0.046380174672355626,0.88640591114180634
7,32000,626,0.095048457408799539,0.038819084613955328
7,32000,627,0.12419256761033666,0.46286306085659468
7,32000,628,0.81570038022035041,0.37599144721878386
7,32000,629,0.11386217863744785,0.29661066996604213
7,32000,630,0.89241009491901491,0.42232053291675042
7,32000,631,0.43691391230429311,0.91981976354399042
7,32000,632,0.87094306979125391,0.92317625183638774
7,32000,633,0.30082664542215204,0.42296721890474465
7,32000,634,0.99105834600633635,0.90405493597162778
7,32000,635,0.47336629485427317,0.82377858447644869
7,32000,636,0.67409554610422096,0.40104915780505507
7,32000,637,0.62784710501693786,0.39678803675171792
7,32000,638,0.92656968266651119,0.70661352535972632
7,32000,639,0.51705932386021614,0.24627651720250704
7,32000,640,0.15274881416847436,0.80324013950453566
7,32000,641,0.47706268471505886,0.57205232749123414
7,32000,642,0.76076314538525258,0.59656313855241616
7,32000,643,0.27690448507895765,0.70125318530649927
7,32000,644,0.10591629365512049,0.63784933997715187
7,32000,645,0.087263535491003047,0.81346972029576592
7,32000,646,0.43238174955156883,0.93462268551713534
7,32000,647,0.72881295094679355,0.074002701312557873
7,32000,648,0.67592366619675326,0.5568434110628826
7,32000,649,0.28418857846861617,0.69773127044753813
7,32000,650,0.72162250632255187,0.091580064015132467
7,32000,651,0.78004712929333953,0.060508531079653566
7,32000,652,0.2818049739549684,0.80911353876962444
7,32000,653,0.38585301358345531,0.55916163701838584
7,32000,654,0.97847810266000812,0.23623514239675469
7,32000,655,0.91525623651636612,0.33335017098223252
7,32000,656,0.8120160292894647,0.37497316352742899
7,32000,657,0.21200964138961106,0.93724568484152038
7,32000,658,0.81105671641121746,0.52756160002503338
7,32000,659,0.7123801419854171,0.70132975311373347
7,32000,660,0.55323415424750322,0.47313653210762707
7,32000,661,0.68599337104237701,0.55409365305840663
7,32000,662,0.64554513784607293,0.78458409272709984
7,32000,663,0.92607542609638194,0.80417889292351563
7,32000,664,0.59755090709058512,0.38854205299686412
7,32000,665,0.72742606507618235,0.72775077439335589
7,32000,666,0.37596899290996255,0.77709876805340461
7,32000,667,0.89886739441060137,0.13923391195460458
7,32000,668,0.91081898954888874,0.38923653014241499
7,32000,669,0.051988595085563041,0.7829049262679133
7,32000,670,0.9714322084957121,0.31115151977740685
7,32000,671,0.022217392637041797,0.3696784090538186
7,32000,672,0.028462309171194945,0.98946812826753205
7,32000,673,0.62266270725646877,0.89967547025070904
7,32000,674,0.60725437717683328,0.8035429419034108
7,32000,675,0.81629654804739227,0.031824673922149785
7,32000,676,0.34069378946425982,0.79587151410998447
7,32000,677,0.54883224799451824,0.53040888053039614
7,32000,678,0.52636119691327665,0.13456670902079126
7,32000,679,0.91901275082892031,0.056787414678635947
7,32000,680,0.85992844426248261,0.57911846564015634
7,32000,681,0.86135809180453049,0.13918387410463706
7,32000,682,0.44117286746964479,0.46060505840695831
7,32000,683,0.42491911271700694,0.52074925510160386
7,32000,684,0.14805541186681512,0.026054597338542616
7,32000,685,0.49151276321147586,0.655081162553666
7,32000,686,0.61408608349522997,0.085664751421268462
7,32000,687,0.26537324543182655,0.46056771487351766
7,32000,688,0.54084432888331424,0.43694702821345205
7,32000,689,0.81313442865397412,0.8936320180738625
7,32000,690,0.17028797522808869,0.96916351037658588
7,32000,691,0.16786226409059837,0.28071192595861161
7,32000,692,0.91793973367688708,0.11753943513415328
7,32000,693,0.92068353397723868,0.63248542556512155
7,32000,694,0.63903680132497598,0.51279675935512414
7,32000,695,0.22236750331680624,0.48841841535307906
7,32000,696,0.16736109148603687,0.88911156406729963
7,32000,697,0.954314707954248,0.013248990353523019
7,32000,698,0.27262969399325165,0.89628342629787228
7,32000,699,0.40425036499428335,0.17439597459798925
7,32000,700,0.72364841888817755,0.80152140351346435
7,32000,701,0.22394135603723347,0.28115547033440302
7,32000,702,0.30637829563313046,0.12743477026375502
7,32000,703,0.78496651149650731,0.21498856803076652
7,32000,704,0.2704938546142408,0.617104700820301
7,32000,705,0.25213381214623004,0.83285480889120733
7,32000,706,0.43823442317970185,0.09081165039717673
7,32000,707,0.40108153459618057,0.91489134969631547
7,32000,708,0.0037880959441049539,0.99045926246881622
7,32000,709,0.65568295978728253,0.097555676690666046
7,32000,710,0.0079287053740986178,0.74142825564216608
7,32000,711,0.25791462478250426,0.65648710319172565
7,32000,712,0.23377846730431046,0.52715048959792488
7,32000,713,0.94520448974548776,0.58286510554207371
7,32000,714,0.24863932992558022,0.23505391187786395
7,32000,715,0.13758301524722186,0.14887165185808052
7,32000,716,0.14634995732387843,0.24752287665863332
7,32000,717,0.61089908566747197,0.072220949832235454
7,32000,718,0.024656531153806567,0.46744333470542498
7,32000,719,0.035811090054505855,0.65474863169911102
7,32000,720,0.23276524553474198,0.50890499082746532
7,32000,721,0.74825515871987824,0.21685689930374832
7,32000,722,0.017489056291883832,0.53187455347866941
7,32000,723,0.99828987706125671,0.77809580919679222
7,32000,724,0.97227393682644436,0.89830475064920645
7,32000,725,0.67244274286858852,0.97120042978863752
7,32000,726,0.21804989921690571,0.30071011883033544
7,32000,727,0.4707663684151705,0.56171835710878992
7,32000,728,0.99997338610843967,0.80564158396151586
7,32000,729,0.58114279768832777,0.35004484890868298
7,32000,730,0.92820383267557072,0.57165823207625566
7,32000,731,0.25314017423653284,0.6108145921210022
7,32000,732,0.090358282438387047,0.67721901191811407
7,32000,733,0.43753057616678737,0.33031943471961461
7,32000,734,0.74035333330268349,0.53506333475813816
7,32000,735,0.98212859667558849,0.93832708742976312
7,32000,736,0.044647405612608965,0.66956217012562946
7,32000,737,0.7758657183278983,0.24287615745968444
7,32000,738,0.63730010551065908,0.48322527783130798
7,32000,739,0.90632601880710395,0.77864608949044634
7,32000,740,0.59421295515696615,0.60589431046408715
7,32000,741,0.14527765078354396,0.38966812230066944
7,32000,742,0.92033272250241671,0.21554494336973135
7,32000,743,0.81196870639093155,0.75570154042891713
7,32000,744,0.58126224594344578,0.9744756890631967
7,32000,745,0.81027683283179286,0.11489410217188466
7,32000,746,0.49234753653903218,0.491788130308073
7,32000,747,0.2777338543693052,0.7352616526520962
7,32000,748,0.74481022955282139,0.718415988017993
7,32000,749,0.80045949490255586,0.16443133258482517
7,32000,750,0.97276900144584355,0.54054055375918175
7,32000,751,0.30336783466603895,0.39037186393790752
7,32000,752,0.12103993105510982,0.16174974907923512
7,32000,753,0.49125530609361345,0.45157322978007697
7,32000,754,0.42443948932339687,0.12254751783133433
7,32000,755,0.86793274291073286,0.67502542196034532
7,32000,756,0.99265676148825466,0.42936576236924001
7,32000,757,0.96149673253417312,0.6681602009746046
7,32000,758,0.9338193015089562,0.38310401638794972
7,32000,759,0.46078608997693193,0.09214358092055891
7,32000,760,0.95021705067830164,0.060174750404745223
7,32000,761,0.97669638562047922,0.54938896643674517
7,32000,762,0.65051257466962831,0.42630194450943593
7,32000,763,0.30666402354741812,0.25548536665497285
7,32000,764,0.96819943079025717,0.32815143943257818
7,32000,765,0.16833315331795848,0.049303527976529843
7,32000,766,0.46028189829090826,0.4840742870352277
7,32000,767,0.55103845351634595,0.95168047218521601
7,32000,768,0.34646120516540241,0.94824909698665749
7,32000,769,0.42019215698969176,0.67020856234319015
7,32000,770,0.0010440425461147825,0.2962139860591626
7,32000,771,0.040165780073764694,0.067918686277092258
7,32000,772,0.0047301837529108116,0.82208868485280928
7,32000,773,0.63813517218153248,0.36135922348328259
7,32000,774,0.22192806157274564,0.59861867615515263
7,32000,775,0.73859705953786958,0.26164323149076718
7,32000,776,0.30098481714590053,0.83438240481671588
7,32000,777,0.92981501073657047,0.34600097115383094
7,32000,778,0.9464118190731482,0.091777151393181253
7,32000,779,0.84874162486620119,0.67193581860314877
7,32000,780,0.47626515134443292,0.28206320428916376
7,32000,781,0.091606829506020976,0.021568283269062249
7,32000,782,0.10154917962174392,0.082605461561908539
7,32000,783,0.68724528895924863,0.63841968490147261
7,32000,784,0.51463104068964705,0.17386108328684821
7,32000,785,0.63745154532602866,0.39280465266389092
7,32000,786,0.53348500578257052,0.27084356989140912
7,32000,787,0.9036626615561919,0.94459315812646716
7,32000,788,0.56029978390388535,0.65202786821765479
7,32000,789,0.98106044788727098,0.91391178666599404
7,32000,790,0.98529963512404639,0.32981713339190621
7,32000,791,0.18267715434429352,0.4095958230565
7,32000,792,0.41539017885404411,0.45225167767594449
7,32000,793,0.61983078441439277,0.12788699884647708
7,32000,794,0.3686242390318305,0.34610617564979718
7,32000,795,0.55952707191822348,0.27033357300235594
7,32000,796,0.73969385575777924,0.69825210352573963
7,32000,797,0.48163615642659197,0.27913043687305866
7,32000,798,0.19490691956137204,0.39420664405200251
7,32000,799,0.59970002818820423,0.6593600596545437
7,32000,800,0.81597135656685227,0.70896589874319138
7,32000,801,0.91050901612947577,0.39732199265055007
7,32000,802,0.54546781061546379,0.40474765916974165
7,32000,803,0.81223911656916692,0.81700956732956087
7,32000,804,0.86711393110051627,0.58447815669852576
7,32000,805,0.69684612527719136,0.36930217507619634
7,32000,806,0.66813245327588211,0.17500101231927259
7,32000,807,0.53755700417818209,0.94347072887969463
7,32000,808,0.81590323825378153,0.42172799296748154
7,32000,809,0.28790710954635701,0.35681379221110487
7,32000,810,0.28670378189513007,0.19663391357670607
7,32000,811,0.22910463873588885,0.14732096499388111
7,32000,812,0.8386845636893363,0.0053622125658522304
7,32000,813,0.34696877952808641,0.44620502328393713
7,32000,814,0.63094942018392497,0.25592194557783654
7,32000,815,0.80283080967837939,0.34843308191955041
7,32000,816,0.91405136869494141,0.30544918769334128
7,32000,817,0.90908611949909846,0.31099226259296736
7,32000,818,0.74511007823907294,0.061299982469928439
7,32000,819,0.49571240050659837,0.21303177620675362
7,32000,820,0.614726022730963,0.79409465319035344
7,32000,821,0.64190529564868692,0.17571561221942969
7,32000,822,0.053232114743040432,0.56075642948293558
7,32000,823,0.85059663304083055,0.73775320841926828
7,32000,824,0.65506575529343047,0.46575592547730238
7,32000,825,0.96514029969451975,0.38977199779003258
7,32000,826,0.012074204793397561,0.92089966169446902
7,32000,827,0.020366515319629217,0.61213783443077341
7,32000,828,0.93462437248139196,0.80988033074315713
7,32000,829,0.46121866568363268,0.22410939517807191
7,32000,830,0.11585128590870628,0.0017979125340839698
7,32000,831,0.53807125990923776,0.3711798928151977
7,32000,832,0.10515711069941137,0.78188728538523189
7,32000,833,0.9018466598871604,0.94417490229333134
7,32000,834,0.42111085703218548,0.82103357912649377
7,32000,835,0.79143142696960345,0.036509973544484112
7,32000,836,0.33704590838101278,0.90228447008178481
7,32000,837,0.71862875137362447,0.070044587681467763
7,32000,838,0.28689529546837217,0.37642011605290315
7,32000,839,0.58837670872831471,0.9035102158606334
7,32000,840,0.10745595719640814,0.3563422385353916
7,32000,841,0.10466467042063816,0.57548599487901353
7,32000,842,0.95703780012044248,0.18747533187018167
7,32000,843,0.14172345137421677,0.71899668832633512
7,32000,844,0.87915538567040885,0.94295376676158482
7,32000,845,0.60185718442881164,0.39395420514529739
7,32000,846,0.70096779083082916,0.72848738831119153
7,32000,847,0.75311957547479025,0.78930849444812723
7,32000,848,0.25334951900880742,0.76720368468967659
7,32000,849,0.4751369758927787,0.42421443376091644
7,32000,850,0.59532243866234857,0.41760667168021653
7,32000,851,0.63685182985063526,0.14937027300644626
7,32000,852,0.11639891463053643,0.58471702718122953
7,32000,853,0.51180107814325781,0.38607792267918128
7,32000,854,0.12933865043784662,0.14741212905001444
7,32000,855,0.18121049312924639,0.66926704525501768
7,32000,856,0.29120134268596148,0.21292226000495787
7,32000,857,0.42450203065817843,0.30193218681652817
7,32000,858,0.60571763667239842,0.87774010032993544
7,32000,859,0.030405792204974066,0.76480020587359199
7,32000,860,0.94526815525762065,0.71515272108175565
7,32000,861,0.33810506807155216,0.019804245492024239
7,32000,862,0.86399976397744471,0.43981272022947149
7,32000,863,0.83092068359791038,0.96027399907428612
7,32000,864,0.99149771684341681,0.05342823892619613
7,32000,865,0.45281048560179482,0.2554761312980216
7,32000,866,0.71478422639885486,0.41796208001133012
7,32000,867,0.535494210071223,0.16154989483863516
7,32000,868,0.6368225982398168,0.077300153813099223
7,32000,869,0.54153176414694248,0.33245985490905933
7,32000,870,0.44834170621927166,0.38000212261591299
7,32000,871,0.53407697453781533,0.71146144695379165
7,32000,872,0.12289246016179646,0.49475746457111669
7,32000,873,0.31034182834076496,0.46805977611796079
7,32000,874,0.63939893173394147,0.55266562400254438
7,32000,875,0.23710339030892655,0.38952140929899459
7,32000,876,0.42987845439632638,0.40838097178299826
7,32000,877,0.46452992532051929,0.17589944152058359
7,32000,878,0.25157685908875105,0.0023186010676459748
7,32000,879,0.32191154740434125,0.41970311236092661
7,32000,880,0.9578786931422637,0.84877648836302777
7,32000,881,0.065781850145757978,0.75399663827679531
7,32000,882,0.73852298493864521,0.45070800651990073
7,32000,883,0.7092436603106933,0.50012829935955661
7,32000,884,0.34087304852786099,0.14856857497136156
7,32000,885,0.48699358586926988,0.97226074343720081
7,32000,886,0.7052896894533347,0.41338063500230893
7,32000,887,0.7345310177890092,0.019904415781853108
7,32000,888,0.91596219634545184,0.47235179346403466
7,32000,889,0.87485534302610279,0.44036677409421704
7,32000,890,0.49327526342483929,0.77804405312125269
7,32000,891,0.22878594263791643,0.89959916742853197
7,32000,892,0.47365638066550819,0.24113945231695702
7,32000,893,0.32759303512792315,0.72201764461422058
7,32000,894,0.19065185975296187,0.50750794411814293
7,32000,895,0.43272701131687497,0.51838706875006024
7,32000,896,0.29744585753860187,0.17794932881032038
7,32000,897,0.42576137160164712,0.056365853347198451
7,32000,898,0.62493416991804651,0.98563223890148732
7,32000,899,0.28800750086592053,0.65757830378399595
7,32000,900,0.91690646924038977,0.56883575315347135
7,32000,901,0.078686626113461042,0.94870432625071988
7,32000,902,0.88405059519137841,0.22084015708483404
7,32000,903,0.15642119690250575,0.78315867183081578
7,32000,904,0.61190470985745227,0.4655737774384533
7,32000,905,0.16422566688809165,0.37211553219008719
7,32000,906,0.71842354612890635,0.18683182287151229
7,32000,907,0.59112783827842263,0.10486558558767893
7,32000,908,0.56596239423182648,0.24650882934268958
7,32000,909,0.84366778917785523,0.3069337362895414
7,32000,910,0.77834275640294492,0.57830335714725178
7,32000,911,0.95419922130598434,0.46554754337318871
7,32000,912,0.84987714595787778,0.35646789329120854
7,32000,913,0.94673994730154887,0.51131131990278678
7,32000,914,0.50765773085370147,0.84240707236490753
7,32000,915,0.69078255775627007,0.39310164304118406
7,32000,916,0.76501207889423395,0.094961583586582271
7,32000,917,0.8812925247198008,0.87223194202765153
7,32000,918,0.97436435419526635,0.87082774838014132
7,32000,919,0.04484157591139485,0.31620928319140884
7,32000,920,0.17387384221878749,0.43827469741391101
7,32000,921,0.051057621628414422,0.21595187973382504
7,32000,922,0.46895621631071838,0.96147560219711325
7,32000,923,0.53780613829592638,0.13776013296892936
7,32000,924,0.39218938427308064,0.51888520167473851
7,32000,925,0.97747213120864762,0.62338095023575535
7,32000,926,0.00028165647785169704,0.21482722118205796
7,32000,927,0.90619150210165311,0.074996845790417627
7,32000,928,0.15265040528622728,0.13801717482001064
7,32000,929,0.32381647072151598,0.3218262660029978
7,32000,930,0.6215136200134237,0.44086795387089428
7,32000,931,0.41359314065117342,0.83178305352942594
7,32000,932,0.1049705626622386,0.63401893008505739
7,32000,933,0.59149134256002589,0.76440892695481
7,32000,934,0.89158299601180491,0.14233498874890466
7,32000,935,0.3083670405891753,0.60874797190409924
7,32000,936,0.25578067008973693,0.93678988624616244
7,32000,937,0.91002258416013138,0.96207980438020146
7,32000,938,0.058091032175046832,0.71565193515833514
7,32000,939,0.022317935576779076,0.01801432281117735
7,32000,940,0.60630833604817869,0.9121329341504395
7,32000,941,0.14982782944260326,0.085650170082404123
7,32000,942,0.83738972372973164,0.30392062467741149
7,32000,943,0.99113729541867668,0.98213022696907348
7,32000,944,0.94381917635007584,0.7086138301388154
7,32000,945,0.85110630332977566,0.39774293386099163
7,32000,946,0.99656398353845577,0.34981655897913944
7,32000,947,0.70483444322719135,0.06518823331353979
7,32000,948,0.065346498809360387,0.057616005946093549
7,32000,949,0.016019275059208839,0.6722392652356487
7,32000,950,0.8993110905787427,0.53013487655608071
7,32000,951,0.51172110080756039,0.88858686127085584
7,32000,952,0.028921605398009715,0.74422818475687968
7,32000,953,0.36300636637024353,0.44451953951473394
7,32000,954,0.13884299397642721,0.32039940520764765
7,32000,955,0.54227188578750662,0.39478081611653726
7,32000,956,0.84757315361549579,0.14707428499701236
7,32000,957,0.3501918254323636,0.46505535497189221
7,32000,958,0.53308637246441026,0.23682636459232967
7,32000,959,0.36004061320680725,0.59484124890309464
7,32000,960,0.66696263967498848,0.85203654275163521
7,32000,961,0.14548846908599833,0.23490296868163604
7,32000,962,0.93506012492598245,0.24433983600343889
7,32000,963,0.97992720856878424,0.90148322798369362
7,32000,964,0.92759846906327603,0.83366371435085518
7,32000,965,0.10415616594880329,0.71407489811635794
7,32000,966,0.79703669132142618,0.015009146229433773
7,32000,967,0.086875438121375603,0.12148431152471001
7,32000,968,0.31585838956743817,0.27398887039129399
7,32000,969,0.79434529525245834,0.54725547320670231
7,32000,970,0.53890152297937244,0.97644278001010876
7,32000,971,0.48409912100071995,0.79691120811369531
7,32000,972,0.81881474875772309,0.64845530149019959
7,32000,973,0.80326581613419623,0.72587392227873049
7,32000,974,0.94914356734485084,0.29768158900584701
7,32000,975,0.64829209844826552,0.5915298810100138
7,32000,976,0.67282591542794434,0.99194638670557034
7,32000,977,0.44480216629083946,0.27634592825504639
7,32000,978,0.52742756392756718,0.87870643843044349
7,32000,979,0.2840076017567631,0.14239439587648092
7,32000,980,0.60629265344463212,0.62536433338277664
7,32000,981,0.62816697227241569,0.67680386000945347
7,32000,982,0.65847774531511805,0.80529701046403956
7,32000,983,0.78319554523836321,0.82815785349123205
7,32000,984,0.51901415387458316,0.52601495505499507
7,32000,985,0.97054564198506077,0.78686353068820269
7,32000,986,0.19352097329802395,0.64344165281599364
7,32000,987,0.83719495586413917,0.51741195825887165
7,32000,988,0.90418072311952069,0.43272824128052689
7,32000,989,0.82997362280866804,0.26379202647178679
7,32000,990,0.36409747083828176,0.53037762406836386
7,32000,991,0.091522498555413834,0.98804544341236733
7,32000,992,0.78542126424725101,0.94088321760550975
7,32000,993,0.276462995764995,0.6461398052124081
7,32000,994,0.97450817077639562,0.78560911134772526
7,32000,995,0.3385755555012821,0.80895447354886363
7,32000,996,0.37092507649909595,0.17911731093770863
7,32000,997,0.27859687617522905,0.98202812717204957
7,32000,998,0.37285263598568735,0.039300361928367826
7,32000,999,0.80446415245825453,0.73097546684172654
7,128000,0,0.87039556895817016,0.94949196392260415
7,128000,1,0.35293738125528334,0.32715831075462526
7,128000,2,0.94551883857053398,0.19151769937597812
7,128000,3,0.1888292076567393,0.78384882963577007
7,128000,4,0.78288584141902318,0.8124290973646654
7,128000,5,0.68298377454988379,0.40037084182529792
7,128000,6,0.91974362493933493,0.49163770013837516
7,128000,7,0.098845058236725986,0.44344151937153303
7,128000,8,0.70288161436320917,0.0064479854943647339
7,128000,9,0.67965169526936742,0.6885744273014327
7,128000,10,0.1225014764091243,0.16478609870251143
7,128000,11,0.68695054614436957,0.44407255998176381
7,128000,12,0.079847534762497716,0.91613989211378055
7,128000,13,0.67141592502467329,0.35992821575730405
7,128000,14,0.93696979991740015,0.75600918824060115
7,128000,15,0.59996749705648156,0.50697949823507615
7,128000,16,0.83886341982238644,0.088966135657103346
7,128000,17,0.089111337744725239,0.6535995394061207
7,128000,18,0.54201889606607045,0.68886201063835006
7,128000,19,0.29337379798047558,0.41827075000445718
7,128000,20,0.25125206553951401,0.37094371436022877
7,128000,21,0.36224456339729227,0.42843013703493088
7,128000,22,0.72903034200458294,0.97191454609146821
7,128000,23,0.52397616370986266,0.18228422484332107
7,128000,24,0.82626724519613737,0.88550485658906419
7,128000,25,0.25597768198576681,0.59128245616186281
7,128000,26,0.65562756545701817,0.3181753285298059
7,128000,27,0.4617947972908516,0.68913149935625684
7,128000,28,0.89030046390677009,0.077101963821576441
7,128000,29,0.81645838860011799,0.45162554513813474
7,128000,30,0.94580488188247003,0.75461092028122601
7,128000,31,0.67961016404624208,0.42208182474999395
7,128000,32,0.69038634938674703,0.27755590287154241
7,128000,33,0.44469214049144901,0.81823155922420721
7,128000,34,0.0017038477792876571,0.072970437263669669
7,128000,35,0.45324399684216077,0.10078103316991456
7,128000,36,0.70361824285935282,0.92067021075737498
7,128000,37,0.70872050207080761,0.58237620676274693
7,128000,38,0.42869205599842919,0.46655915315186791
7,128000,39,0.89411053748327529,0.27442730340282845
7,128000,40,0.31779038123495196,0.6286760227874133
7,128000,41,0.31344704833811449,0.39569873277440748
7,128000,42,0.36846381263985084,0.7856870500069183
7,128000,43,0.85012186105126386,0.41099480037796926
7,128000,44,0.99527203227869721,0.97764590286102449
7,128000,45,0.2735805283973497,0.87778967689908372
7,128000,46,0.31257984498675295,0.51049340680084321
7,128000,47,0.21053646399355011,0.1338320529433201
7,128000,48,0.29937284314318663,0.13130554385400936
7,128000,49,0.019982007067988014,0.0081649438555705372
7,128000,50,0.35178413160218841,0.73423655525481024
7,128000,51,0.90984885642246283,0.7019040019152698
7,128000,52,0.36873398937856311,0.99517045546646088
7,128000,53,0.15887390666015247,0.39477432574245874
7,128000,54,0.85544660509328008,0.67838515110084108
7,128000,55,0.085988961004473285,0.52118126709382095
7,128000,56,0.96138078367259028,0.99256709922627462
7,128000,57,0.090818902433586465,0.11588999847589623
7,128000,58,0.85076447454680115,0.093980909832163589
7,128000,59,0.67016986950224844,0.82937842486320279
7,128000,60,0.20221039854176193,0.81634208826112897
7,128000,61,0.85699226899672787,0.073896136933915474
7,128000,62,0.99276105808206883,0.97240767974528297
7,128000,63,0.43525945901002328,0.087142254550908696
7,128000,64,0.57320231355804496,0.64463699286492382
7,128000,65,0.75326299326085699,0.98810835287920729
7,128000,66,0.83160474794286143,0.020045498679136464
7,128000,67,0.21680538012610565,0.53182388923319035
7,128000,68,0.37736370828941862,0.46587211317335409
7,128000,69,0.84024611202048316,0.39238297497553298
7,128000,70,0.76572277366712871,0.21476218323655755
7,128000,71,0.94869182408989938,0.25840568952114862
7,128000,72,0.2896705506504586,0.10600449129126074
7,128000,73,0.079173826126644101,0.8326712559071846
7,128000,74,0.88557279898892116,0.024716804709500686
7,128000,75,0.96112613727528451,0.31094404227744987
7,128000,76,0.42603062659977897,0.0053329342255142671
7,128000,77,0.032067108646355022,0.14643776272017708
7,128000,78,0.598265144471399,0.54086250207663888
7,128000,79,0.00047652833290753334,0.86616199817049866
7,128000,80,0.19416200040971973,0.64162697873213659
7,128000,81,0.94719472948278216,0.53222436677208429
7,128000,82,0.12390690891350076,0.8307012390713433
7,128000,83,0.24583730825437244,0.82762254594157247
7,128000,84,0.73593023973647465,0.29045392028257705
7,128000,85,0.37534836369369184,0.69341547701394757
7,128000,86,0.7916759362370388,0.15302278451745344
7,128000,87,0.45529036619665381,0.31690127774070431
7,128000,88,0.17575630155724714,0.084962060417396013
7,128000,89,0.47871789319327129,0.50418514750410393
7,128000,90,0.44050101610759318,0.67126842404843567
7,128000,91,0.61742358832693289,0.96596131364444071
7,128000,92,0.16827278128629006,0.48447249685129545
7,128000,93,0.42181678713727794,0.095203173540615665
7,128000,94,0.098272425642557198,0.83383863411234116
7,128000,95,0.95465017105235306,0.34160513721329405
7,128000,96,0.6071131149344815,0.07335798874669705
7,128000,97,0.2594075639180784,0.5765008010558067
7,128000,98,0.99923920651885967,0.35260396430931029
7,128000,99,0.0010715231039829392,0.36783431454934101
7,128000,100,0.84245475085516441,0.40456153833887004
7,128000,101,0.74690561769991815,0.24536267598426256
7,128000,102,0.37983684386874733,0.92872129407049786
7,128000,103,0.37598291073993051,0.7923961790256786
7,128000,104,0.67269822958527825,0.53378264103772
7,128000,105,0.5284554544592015,0.52384117613108838
7,128000,106,0.21210596014517197,0.33333473732970609
7,128000,107,0.24493637420631673,0.65483943555419444
7,128000,108,0.85566603120543605,0.58759309055610609
7,128000,109,0.12552884300442552,0.0011742324570799222
7,128000,110,0.64151196345290606,0.45437873352710556
7,128000,111,0.34971863587509489,0.46056244961188542
7,128000,112,0.034672439823452847,0.59844905861978281
7,128000,113,0.82998034789357333,0.80527856088173433
7,128000,114,0.64274219818688794,0.062255624878127962
7,128000,115,0.43586031378573203,0.21035689066294722
7,128000,116,0.87441801689398779,0.46492329387328124
7,128000,117,0.3413271145115197,0.2201615510140762
7,128000,118,0.92292463511423994,0.10355944253525363
7,128000,119,0.37486373740757784,0.37861386194807028
7,128000,120,0.85985470280216325,0.75249967433383003
7,128000,121,0.86722449619601538,0.20602041112581621
7,128000,122,0.73433091287230434,0.27767794597000695
7,128000,123,0.62439385113453993,0.062011958306717234
7,128000,124,0.075559155557111971,0.14327912924237024
7,128000,125,0.30406414505303764,0.23322194658384762
7,128000,126,0.4655018355272309,0.58523841919932984
7,128000,127,0.6586715702627417,0.45298311314379852
7,128000,128,0.45157711779833526,0.84594851649020109
7,128000,129,0.14821204721508319,0.53541394122176877
7,128000,130,0.91189675626940436,0.0024149664247550139
7,128000,131,0.098601752145793933,0.46017432539305059
7,128000,132,0.044384605251900973,0.69459065179780266
7,128000,133,0.89797425593259772,0.33809312876452446
7,128000,134,0.43604475632361051,0.87308563466556932
7,128000,135,0.66143150899079473,0.96716424096563069
7,128000,136,0.012994070565108913,0.73923742465355857
7,128000,137,0.51141938528139996,0.83473963556328579
7,128000,138,0.99805096534866877,0.31082427853355832
7,128000,139,0.62848144778954029,0.52371672702413052
7,128000,140,0.76082750406520827,0.1029087706857973
7,128000,141,0.85789716210741607,0.42644338898241196
7,128000,142,0.33583582965290654,0.27332193864964055
7,128000,143,0.03426550777196305,0.072248998513332191
7,128000,144,0.52446546648492753,0.83075442589517712
7,128000,145,0.47332080753850425,0.4983372988571475
7,128000,146,0.88855237047629088,0.45016980170105569
7,128000,147,0.27163760152348698,0.90670284976538396
7,128000,148,0.18205876228758988,0.86186586354810291
7,128000,149,0.85063116569615116,0.13263152533715936
7,128000,150,0.17374484654824357,0.36763710717085629
7,128000,151,0.78394784401995166,0.87084369024940811
7,128000,152,0.89791768349579193,0.15975938319393951
7,128000,153,0.43547458437966186,0.90037731605621274
7,128000,154,0.38662870295816654,0.56443006883710978
7,128000,155,0.93886152130258571,0.89070384381959122
7,128000,156,0.070746902073059309,0.46587208107502842
7,128000,157,0.7113234635021064,0.56817432482934671
7,128000,158,0.57324948127820607,0.62077958084768525
7,128000,159,0.14931646262703263,0.58617030823793193
7,128000,160,0.49565098715777534,0.92344917772488389
7,128000,161,0.46783813139999764,0.1048961859561994
7,128000,162,0.95293244267954902,0.23983518500133374
7,128000,163,0.1702600962250837,0.9467535880218656
7,128000,164,0.13677079635197339,0.61921994041280037
7,128000,165,0.94866133937508945,0.19287506929731191
7,128000,166,0.059963862916284569,0.94496901528773281
7,128000,167,0.64715275507019554,0.80623173435434192
7,128000,168,0.10638321762614245,0.078187300771578427
7,128000,169,0.11202429507690813,0.04976752165389435
7,128000,170,0.33577938701223908,0.19990749016527098
7,128000,171,0.80299258270282714,0.61864276794675688
7,128000,172,0.4840009747153059,0.43072737329421368
7,128000,173,0.90325865699080721,0.37446698745930368
7,128000,174,0.24894654678647909,0.21667114223346987
7,128000,175,0.45491477669618691,0.1200595233202936
7,128000,176,0.62783143460813573,0.96387719263260763
7,128000,177,0.40170921332632681,0.95435493079396672
7,128000,178,0.86356974487907956,0.30502500180571068
7,128000,179,0.93465056737133789,0.22704838862801716
7,128000,180,0.16285637852143797,0.34722830774258423
7,128000,181,0.93258289404110706,0.22998933163361643
7,128000,182,0.12779220975741609,0.17396513880993578
7,128000,183,0.57588789902091819,0.87258385804933192
7,128000,184,0.77356283032748419,0.9684079221353773
7,128000,185,0.63940001431697979,0.66089469020316516
7,128000,186,0.97049919124769202,0.36015847552231206
7,128000,187,0.37506946972658145,0.29352027891885007
7,128000,188,0.64013322697354369,0.88609470210003283
7,128000,189,0.79263293002427948,0.55689550468963911
7,128000,190,0.82329681635552121,0.30285898707305142
7,128000,191,0.92633936626656532,0.70774188138701077
7,128000,192,0.37351047591366304,0.81645098656697013
7,128000,193,0.45244147127722367,0.18709889370844554
7,128000,194,0.2052891211086196,0.2976552823236871
7,128000,195,0.99990223966098657,0.68845565405805154
7,128000,196,0.76493471469962571,0.50862675594104068
7,128000,197,0.62526398812493977,0.25518899104032844
7,128000,198,0.97059175937524356,0.35324301232596389
7,128000,199,0.68398440792600224,0.22609866638531526
7,128000,200,0.43725378050884917,0.4620710464789618
7,128000,201,0.076125443416325753,0.52585259567886378
7,128000,202,0.68158806458764376,0.65450742340595736
7,128000,203,0.34412548983633762,0.56837318184593166
7,128000,204,0.91161321570067322,0.6612442094191564
7,128000,205,0.70814359789718828,0.62047196324191178
7,128000,206,0.41043390247871719,0.22118385699082438
7,128000,207,0.29289844025097578,0.57961127197760154
7,128000,208,0.2011724413066798,0.60233347389356251
7,128000,209,0.83190518482263753,0.20673322099461466
7,128000,210,0.60303501966550366,0.022951240103824058
7,128000,211,0.87750283546814112,0.32431040597491384
7,128000,212,0.8492927652722253,0.032555977590911112
7,128000,213,0.98418062670502893,0.29078285628182121
7,128000,214,0.18799157325855664,0.36202859564953466
7,128000,215,0.15989162743018881,0.38165167521520527
7,128000,216,0.9953889179133294,0.92207942503470663
7,128000,217,0.40713920388756453,0.78972673441091934
7,128000,218,0.91406242814893268,0.56663517841062605
7,128000,219,0.61320126247735629,0.86022757839607078
7,128000,220,0.53996417756874071,0.34530774339146153
7,128000,221,0.71839447695829861,0.79618870731723579
7,128000,222,0.34726343377548413,0.92524248527975028
7,128000,223,0.52220499843486723,0.2265551779812349
7,128000,224,0.96198317116274468,0.052309922735215293
7,128000,225,0.8281114694039583,0.57524431849091406
7,128000,226,0.5836248498861567,0.90418474893490008
7,128000,227,0.069619752038262137,0.64173692409294614
7,128000,228,0.96086490907197342,0.12463274119081884
7,128000,229,0.78180012802793786,0.57497734033852632
7,128000,230,0.088909089199884855,0.99641342354680695
7,128000,231,0.70051138058043372,0.029460072597126415
7,128000,232,8.9400580080866109e-07,0.76131104060225474
7,128000,233,0.58363207119659632,0.63404651299377224
7,128000,234,0.6385675234359447,0.53696219556231028
7,128000,235,0.9518393788359738,0.73347732712270719
7,128000,236,0.94805080305591882,0.81136564122144805
7,128000,237,0.56225073329949238,0.91635128071337946
7,128000,238,0.11335277228463526,0.055450222062581302
7,128000,239,0.23943471925331922,0.81130772516449856
7,128000,240,0.34239339504490252,0.3271102704067419
7,128000,241,0.053542061072114983,0.59388869965169711
7,128000,242,0.49939862680289804,0.14664316994283924
7,128000,243,0.087076520567974172,0.24132216295150324
7,128000,244,0.97987334936164039,0.93213328964943032
7,128000,245,0.59741855870399629,0.51505597420230798
7,128000,246,0.24038294582517875,0.60818341926888264
7,128000,247,0.33389719201599266,0.01474780643643742
7,128000,248,0.75965176711148152,0.36450034868034975
7,128000,249,0.37771893210196733,0.87629722209325978
7,128000,250,0.7534925147604834,0.18833745324119328
7,128000,251,0.58182089460199582,0.96638275320010558
7,128000,252,0.33638265490357305,0.22471328541271729
7,128000,253,0.7749236762570384,0.21018932024316656
7,128000,254,0.13335196414401754,0.65763510014956594
7,128000,255,0.32098079804190643,0.026288600638142218
7,128000,256,0.26684677891406983,0.43810624014515659
7,128000,257,0.50835666879498731,0.45082977530936874
7,128000,258,0.61612131121862657,0.42805366439116438
7,128000,259,0.082453586504477844,0.76541675377786966
7,128000,260,0.99574393012545459,0.11132028553193953
7,128000,261,0.66347539432523606,0.31702802182686241
7,128000,262,0.94021704074245527,0.57654180203931171
7,128000,263,0.58798018967129662,0.88694087062734361
7,128000,264,0.47156305145529864,0.2396864728917211
7,128000,265,0.076194736709473715,0.20267415539510877
7,128000,266,0.60676025955000001,0.21833310938118569
7,128000,267,0.69593433588572762,0.87076430660097115
7,128000,268,0.07100142017814523,0.47698232246525607
7,128000,269,0.06408158962688125,0.11613738233554818
7,128000,270,0.1616964030885667,0.41180344085043941
7,128000,271,0.87930349824213994,0.68490891205604543
7,128000,272,0.73309852857326452,0.64696479657813832
7,128000,273,0.30680529887651259,0.21666482755634689
7,128000,274,0.0012688912324727002,0.30049555935779859
7,128000,275,0.86008691003937954,0.75944904357269627
7,128000,276,0.95345717363080118,0.022877934071194893
7,128000,277,0.79365344540789495,0.014968336064156304
7,128000,278,0.57617052061566121,0.85258760960570501
7,128000,279,0.62403534492233015,0.54646692417091813
7,128000,280,0.51212182159083053,0.49196316685995645
7,128000,281,0.78832358165139638,0.35858139015570756
7,128000,282,0.53275231763435971,0.61472855890728406
7,128000,283,0.86452266539506883,0.67671796737789647
7,128000,284,0.58150396621182865,0.61944988392645206
7,128000,285,0.70635629522912691,0.66039742431839932
7,128000,286,0.2045245316409216,0.046888119940190091
7,128000,287,0.66194059054847409,0.63803497342608484
7,128000,288,0.16922301460212155,0.86254965387609994
7,128000,289,0.48909353280936219,0.585706630554367
7,128000,290,0.9243607013705879,0.14352946298624156
7,128000,291,0.20438580369288609,0.080692438739686956
7,128000,292,0.074442222956919421,0.24503093857528901
7,128000,293,0.44095571315367188,0.013504488277769818
7,128000,294,0.59672218501926355,0.21631217641665521
7,128000,295,0.15375001305726713,0.98411186632658709
7,128000,296,0.2757536716655874,0.18921315478965633
7,128000,297,0.33852086373305035,0.67368622752230756
7,128000,298,0.32539596463908455,0.98524643057410033
7,128000,299,0.15493649351713235,0.50098878317588968
7,128000,300,0.9974735780800158,0.34072387690047123
7,128000,301,0.96531432060305711,0.25710411556864199
7,128000,302,0.16632429369782287,0.82727320258133641
7,128000,303,0.53910426689780544,0.20803017174557525
7,128000,304,0.67039244071906845,0.0013692315189915379
7,128000,305,0.7275506197693441,0.91254238049560021
7,128000,306,0.61037952961997999,0.043255972081792139
7,128000,307,0.91196105432376062,0.087350848549672164
7,128000,308,0.11124791854242705,0.1733622706369761
7,128000,309,0.40547727988422055,0.83094251494124238
7,128000,310,0.42220160714498378,0.10621787105078836
7,128000,311,0.2930691143565704,0.94320630401297278
7,128000,312,0.50750697818040258,0.20375519771956932
7,128000,313,0.31461461129857565,0.56809298155999033
7,128000,314,0.048416982705336661,0.55464105387249918
7,128000,315,0.93748539516960883,0.29858944234373203
7,128000,316,0.11932313714425888,0.50676839799070927
7,128000,317,0.57669682541284817,0.51473408401527998
7,128000,318,0.28947477649789138,0.32188004451726004
7,128000,319,0.84563229345803059,0.77746953182314404
7,128000,320,0.41141756247355327,0.1332348008283023
7,128000,321,0.53109197339037029,0.6342855310661395
7,128000,322,0.78004568329585144,0.25808009744696386
7,128000,323,0.73072778062251653,0.092222026170603738
7,128000,324,0.85593624231703269,0.49939716457948968
7,128000,325,0.090878978219682369,0.73371511418854041
7,128000,326,0.048408967596931148,0.21137075515997245
7,128000,327,0.22898288326148714,0.29377301732026828
7,128000,328,0.65344139039814442,0.75845403675978518
7,128000,329,0.66589613434782002,0.40850960646588069
7,128000,330,0.86135814658567567,0.18049260552783117
7,128000,331,0.20035175449027048,0.60608537910013494
7,128000,332,0.04696646949647288,0.028522384033358578
7,128000,333,0.90416002014257668,0.94537327488535039
7,128000,334,0.2755982446611992,0.23343961916893916
7,128000,335,0.73847149639199428,0.85562413018651817
7,128000,336,0.50821204799304454,0.60406380825608452
7,128000,337,0.70719714539146072,0.85403656143763906
7,128000,338,0.13835609263588278,0.79902176775903855
7,128000,339,0.52976873895027043,0.89014570529798254
7,128000,340,0.37231192177072475,0.94743501107252581
7,128000,341,0.036728010033618974,0.89098346592948952
7,128000,342,0.41216947521204789,0.16581124644164677
7,128000,343,0.31837579375010266,0.7913165770631998
7,128000,344,0.039234170573802019,0.81151560570504133
7,128000,345,0.50531423124161778,0.82135983108111588
7,128000,346,0.12631362093195866,0.3305656292696042
7,128000,347,0.82283718860466948,0.98895660681736541
7,128000,348,0.21190484653027067,0.67585389074922686
7,128000,349,0.95018474822091825,0.19392389562629064
7,128000,350,0.20316265212001158,0.92012565314003403
7,128000,351,0.48901711350227017,0.37193282114045795
7,128000,352,0.82249032600379124,0.17931231967263173
7,128000,353,0.56822271766033328,0.42525788523781771
7,128000,354,0.77029873462546772,0.57750263811835667
7,128000,355,0.94300369398285355,0.99304876675110942
7,128000,356,0.4541461585736225,0.23095702614031019
7,128000,357,0.80468910939280813,0.65977998901608825
7,128000,358,0.18538807394424436,0.46884633910145845
7,128000,359,0.078484043090949238,0.18407186599571077
7,128000,360,0.88940220500487632,0.45544664014518221
7,128000,361,0.1283220762889091,0.4631735932635983
7,128000,362,0.39786706658804394,0.56464601358935262
7,128000,363,0.95152138445285828,0.80572341166474759
7,128000,364,0.54915506338635145,0.80136977789744468
7,128000,365,0.11839117740244165,0.57390999560976508
7,128000,366,0.81334745744395243,0.99346380936364787
7,128000,367,0.22884388298760636,0.090763974008903542
7,128000,368,0.40797469596148334,0.58167361448987953
7,128000,369,0.62230954757586898,0.80685888371857573
7,128000,370,0.86299429964881313,0.14083056005560315
7,128000,371,0.041103538724748409,0.21828687571745053
7,128000,372,0.93370777942720762,0.52235381959508209
7,128000,373,0.53403026371823692,0.49989228150547338
7,128000,374,0.087824294404695483,0.95959252782736448
7,128000,375,0.6853001392142255,0.82581472754857899
7,128000,376,0.75754866587026892,0.98557215834192202
7,128000,377,0.571449569389057,0.9107015049506213
7,128000,378,0.42162823001063199,0.95724994368625271
7,128000,379,0.68313296698018522,0.16997059035794895
7,128000,380,0.79117415261641122,0.97647095470797751
7,128000,381,0.98712611846927656,0.10087536581486618
7,128000,382,0.070453281333275206,0.8122036068170535
7,128000,383,0.85254206633537466,0.18344286203554042
7,128000,384,0.42728621871352784,0.58443431953892921
7,128000,385,0.38005492071992775,0.55562681552823157
7,128000,386,0.9157522097453521,0.44937152564672128
7,128000,387,0.079371591639444183,0.87974586093904239
7,128000,388,0.6822608832709911,0.30201586684475124
7,128000,389,0.42877887185673336,0.22238831024316635
7,128000,390,0.085819205927970404,0.85751993891684708
7,128000,391,0.5515648026528065,0.22584854714894162
7,128000,392,0.90365343766557149,0.42183975085245956
7,128000,393,0.44267752981677411,0.47308415949470772
7,128000,394,0.77514307048586861,0.211582118993833
7,128000,395,0.7028445198491684,0.85504382770667098
7,128000,396,0.43556043085926716,0.37901078653427989
7,128000,397,0.47862807407980967,0.73241961057407134
7,128000,398,0.55862052677105756,0.48944860148315295
7,128000,399,0.1185094313160142,0.1804277024496411
7,128000,400,0.071769581843066296,0.8478612810877495
7,128000,401,0.60193934518910563,0.42566593545515835
7,128000,402,0.010269030876545557,0.024421482206907222
7,128000,403,0.83929219906022445,0.16211767503904803
7,128000,404,0.29298553414597378,0.377508579683276
7,128000,405,0.38896410301300427,0.040989495260430817
7,128000,406,0.5079780976409275,0.14342255655906794
7,128000,407,0.86449070172601661,0.23098008148390259
7,128000,408,0.15717039249434447,0.080792395712232207
7,128000,409,0.25697011747800652,0.69236802224733407
7,128000,410,0.38568678732374401,0.42475590737897945
7,128000,411,0.42001111094634025,0.4679597856875054
7,128000,412,0.43869272798518738,0.13689529455366667
7,128000,413,0.61604457368022036,0.77336003229029582
7,128000,414,0.73486328818640678,0.27660013738037698
7,128000,415,0.09918284242847511,0.23218244546036487
7,128000,416,0.97899752984595378,0.11840042616966334
7,128000,417,0.93317068400606662,0.73834424337528803
7,128000,418,0.68463564867556903,0.28412590283849276
7,128000,419,0.72611404863956597,0.15443589090302015
7,128000,420,0.67910864776055546,0.7883469111699829
7,128000,421,0.77869521310793977,0.77871332721815911
7,128000,422,0.92433413100486461,0.87032722832629739
7,128000,423,0.65349952399768729,0.74560215134449537
7,128000,424,0.32997329310687479,0.97862580154509249
7,128000,425,0.058032528630876802,0.5758796224800965
7,128000,426,0.33050683766937966,0.3161145559314531
7,128000,427,0.21387080615912413,0.29782822470163234
7,128000,428,0.17139985394730217,0.57835944991670074
7,128000,429,0.76207864404319103,0.98775428865831327
7,128000,430,0.9563879099159931,0.78616477033897114
7,128000,431,0.92263957074068192,0.97042117080304702
7,128000,432,0.036660508574685467,0.1640957812543973
7,128000,433,0.86842655627281751,0.14782277875855088
7,128000,434,0.2273633904009407,0.28098927963443515
7,128000,435,0.35605633205965814,0.30025295272075436
7,128000,436,0.25298941679277093,0.5051369596274583
7,128000,437,0.61085132219370608,0.80588371601862163
7,128000,438,0.91991451902860599,0.70892633743315447
7,128000,439,0.95688334990283763,0.61017842272306111
7,128000,440,0.52418257501378762,0.4949870936709414
7,128000,441,0.39393864217432284,0.10933437245089342
7,128000,442,0.23689597692460132,0.7455027677492414
7,128000,443,0.47603613344720108,0.68844232046813614
7,128000,444,0.66747324368491301,0.80396409946905545
7,128000,445,0.041046706685678794,0.42341720497547863
7,128000,446,0.58086759275674038,0.18433602293094548
7,128000,447,0.59019855155185319,0.4385905467855391
7,128000,448,0.35051117755312194,0.21710372037283976
7,128000,449,0.86946192003754574,0.25562143590094832
7,128000,450,0.1275467732646805,0.54390562674102827
7,128000,451,0.37628825520653886,0.52297178479022222
7,128000,452,0.093893910541135439,0.074094131115921488
7,128000,453,0.63589565772623358,0.11297800458685808
7,128000,454,0.8907397837358626,0.0033594495381728002
7,128000,455,0.69009438219916597,0.91289386435639686
7,128000,456,0.35060775897448709,0.41066236381197324
7,128000,457,0.74474518480905516,0.70017488017491836
7,128000,458,0.68811361698117479,0.042898498397364107
7,128000,459,0.82894694172043903,0.79648278702465114
7,128000,460,0.033351445450843856,0.70698081307449234
7,128000,461,0.28882300193756683,0.41899382702178189
7,128000,462,0.52637045636602253,0.7943913372718846
7,128000,463,0.44570268755736719,0.24163971262053505
7,128000,464,0.24471883047923451,0.85627018509503161
7,128000,465,0.92360016305168979,0.70010581734970323
7,128000,466,0.92964334898827217,0.70965743755755495
7,128000,467,0.52111261167722489,0.14069033543668052
7,128000,468,0.85788457185480804,0.47353896654190897
7,128000,469,0.47634495669383425,0.6363285601960611
7,128000,470,0.64530345727559102,0.23500439649550139
7,128000,471,0.4580340126780752,0.47895581662447129
7,128000,472,0.19462833237481389,0.28316202226586634
7,128000,473,0.9544665594170566,0.58812826700497001
7,128000,474,0.79806172826283672,0.10065493842212729
7,128000,475,0.70460517618906637,0.9521836513554327
7,128000,476,0.62709303500416269,0.77133877314800037
7,128000,477,0.64834749476876052,0.20886846300563625
7,128000,478,0.81730970902979649,0.18841322023942023
7,128000,479,0.4559092691035066,0.30154426219540137
7,128000,480,0.24905696566874946,0.64623299980467219
7,128000,481,0.67773985578371254,0.82480512032309461
7,128000,482,0.1787690266193509,0.40713577778516125
7,128000,483,0.030918947093292834,0.24667354755186793
7,128000,484,0.0082030978418175735,0.28627152940928824
7,128000,485,0.7225659289131009,0.25835841712252616
7,128000,486,0.36114697593152773,0.91009630895758975
7,128000,487,0.16333660519084389,0.70790816595335149
7,128000,488,0.59261679130227418,0.11010670104409047
7,128000,489,0.91740638874405234,0.34620244440897563
7,128000,490,0.52593600400427065,0.77740670337156093
7,128000,491,0.20941822963754123,0.088235447229396941
7,128000,492,0.96545638756278718,0.48059030289636007
7,128000,493,0.6179469174220884,0.48151217979458838
7,128000,494,0.91475819248176826,0.12503907261223604
7,128000,495,0.64419605565443971,0.1190032377526932
7,128000,496,0.72589757319521409,0.88702212918042422
7,128000,497,0.91732156842835233,0.46950167094645678
7,128000,498,0.6322653281669397,0.75095539231092434
7,128000,499,0.36025717381040129,0.15347802605501606
7,128000,500,0.61683172878897596,0.82979666862055756
7,128000,501,0.1117943496594716,0.86492500164608088
7,128000,502,0.55939268054907709,0.81026073810396315
7,128000,503,0.98528804986144525,0.22779605128004068
7,128000,504,0.45416349232265341,0.50553830384691978
7,128000,505,0.95996921635929333,0.92878641243713067
7,128000,506,0.020299539807485504,0.72398452351288078
7,128000,507,0.86229995667111958,0.75788788268376084
7,128000,508,0.23838135732926691,0.71598684110490263
7,128000,509,0.30711998546957048,0.78341113606092039
7,128000,510,0.8907379310453335,0.69793284926505561
7,128000,511,0.45378677511213544,0.72325435252787984
7,128000,512,0.51982002892257984,0.1535241201742433
7,128000,513,0.74700202276080085,0.042540318284813472
7,128000,514,0.21663819821809924,0.18296006320531857
7,128000,515,0.21856333292697228,0.69215481663192946
7,128000,516,0.12490561769086971,0.12928751602267013
7,128000,517,0.72830006636942557,0.44574320390906097
7,128000,518,0.76024389225493327,0.79505606309501486
7,128000,519,0.45914603464719528,0.21251370255888616
7,128000,520,0.60618118718518199,0.25069316354795951
7,128000,521,0.84097752325037745,0.4949446299016953
7,128000,522,0.17795404331739864,0.78819730962235979
7,128000,523,0.29333229992399051,0.19759259507640553
7,128000,524,0.28885157656465804,0.3017530299887462
7,128000,525,0.90212997047807619,0.61901750477850181
7,128000,526,0.23012977103151461,0.80538992277198085
7,128000,527,0.69774779023493805,0.11042405046105302
7,128000,528,0.055836083396601496,0.92740255414333073
7,128000,529,0.6450019792034235,0.0082479605157494262
7,128000,530,0.5317462637710263,0.25785497755667025
7,128000,531,0.059800919623999998,0.65820012470894429
7,128000,532,0.35423993673576293,0.83113844444627349
7,128000,533,0.56562947736047464,0.81061047199830205
7,128000,534,0.039996344659717908,0.45180549103367501
7,128000,535,0.69286230287769246,0.44308695027897443
7,128000,536,0.0043437704403305431,0.55039304018968871
7,128000,537,0.76009000499265156,0.64306379922001589
7,128000,538,0.27938019706110045,0.67601921970803769
7,128000,539,0.10923279077187466,0.61500119555586896
7,128000,540,0.094384184866514578,0.90342141261073095
7,128000,541,0.17796438204036386,0.37235553548452466
7,128000,542,0.10521525419188175,0.23260049824070902
7,128000,543,0.85929862172213145,0.80159698072267715
7,128000,544,0.42382176750461042,0.23675062577262826
7,128000,545,0.96118749529269054,0.59509584477657307
7,128000,546,0.95127747387562533,0.27974697535756027
7,128000,547,0.92374654433882231,0.34000145067856358
7,128000,548,0.044729672433189545,0.098571816841714704
7,128000,549,0.10497935934853482,0.52696323722617533
7,128000,550,0.34213688849967105,0.71805455300248033
7,128000,551,0.93226347393439368,0.59851882765630982
7,128000,552,0.35152731796778286,0.43015350353565407
7,128000,553,0.56668947431122774,0.5865924485825651
7,128000,554,0.45551634654144951,0.51943974334634802
7,128000,555,0.094856441838989183,0.22014346852332692
7,128000,556,0.47875347600544982,0.1405799891957179
7,128000,557,0.25726449680337937,0.80582227960083264
7,128000,558,0.14477561439848327,0.41484709747898424
7,128000,559,0.52570407068865355,0.760430090145781
7,128000,560,0.88752190393988895,0.80594212238348772
7,128000,561,0.9213456862263385,0.15934343201271059
7,128000,562,0.098152848231934473,0.9814862605837259
7,128000,563,0.96521279956343475,0.90479892045727894
7,128000,564,0.7595636002367655,0.81459888136986736
7,128000,565,0.10301425268708263,0.49046884927721979
7,128000,566,0.34757035087584104,0.56274456040182208
7,128000,567,0.3820349413734333,0.23675803972947501
7,128000,568,0.25344715354384068,0.9551434022158537
7,128000,569,0.60788066941039398,0.76200197159079541
7,128000,570,0.50103276104908745,0.4909680697129758
7,128000,571,0.80028949027329721,0.34026992868053918
7,128000,572,0.62090741882474576,0.24827935021031
7,128000,573,0.73561302489765257,0.72635338316263165
7,128000,574,0.087120071123074447,0.081035008477348444
7,128000,575,0.46156394664746725,0.20636397100468445
7,128000,576,0.87403757171148921,0.64526775297199801
7,128000,577,0.53616918133694802,0.48425174505008983
7,128000,578,0.52819244576769075,0.50467836255029275
7,128000,579,0.69630593346850356,0.40469142470290509
7,128000,580,0.98637530352801928,0.98761695215764012
7,128000,581,0.2738854973308858,0.076854505988530414
7,128000,582,0.35159837056947102,0.82547240905443231
7,128000,583,0.96908074778535103,0.75067087432703661
7,128000,584,0.9398494130032633,0.80074433059361205
7,128000,585,0.036466776854076344,0.86731837069338402
7,128000,586,0.65533645530446938,0.91796637378385715
7,128000,587,0.38696197531215559,0.32993102429622206
7,128000,588,0.13135740226119014,0.96053553747442244
7,128000,589,0.78377126156038923,0.4880080673158973
7,128000,590,0.62389298711434416,0.86220025113343879
7,128000,591,0.36077337497137563,0.24773981628826877
7,128000,592,0.61596864407750584,0.47874502561804566
7,128000,593,0.47339364816179041,0.38484856798929973
7,128000,594,0.66856704678958023,0.10282261435536373
7,128000,595,0.47432782793151074,0.70463362377772754
7,128000,596,0.69724408261743354,0.9939879639432444
7,128000,597,0.11140649163782414,0.27403783114247293
7,128000,598,0.76738360142333739,0.35638991961919253
7,128000,599,0.74681472662849446,0.6950162024697083
7,128000,600,0.95741395845369082,0.32094887448853643
7,128000,601,0.37065042846125285,0.57560716455618377
7,128000,602,0.018265844866482341,0.32969838040938804
7,128000,603,0.52662293196462895,0.61958633795549956
7,128000,604,0.18804113726179569,0.06739795095028038
7,128000,605,0.043311660402112755,0.66150368012035288
7,128000,606,0.12983496721373872,0.18919546182367245
7,128000,607,0.58456149564772586,0.25271669525186025
7,128000,608,0.73167145668806832,0.082614493801405106
7,128000,609,0.22798883866693903,0.61124278176890201
7,128000,610,0.91330565795499041,0.44810582121011544
7,128000,611,0.013367625155833143,0.57901596597584393
7,128000,612,0.47902143677900066,0.11688749478016101
7,128000,613,0.78521317521201373,0.70396253154982069
7,128000,614,0.98081798359332339,0.093881669256483502
7,128000,615,0.85153507375961968,0.59826191577732601
7,128000,616,0.086373530064075471,0.79513285566627001
7,128000,617,0.34208306053165172,0.082275283265606805
7,128000,618,0.11377430218254024,0.5973475155062058
7,128000,619,0.69395506648691119,0.88776350148212535
7,128000,620,0.093026850065534974,0.51392636491456645
7,128000,621,0.5256926770439494,0.0073894723328629596
7,128000,622,0.64836381044145686,0.40404144261009267
7,128000,623,0.73366498409331993,0.36929168160887882
7,128000,624,0.9843537975492479,0.49395049786064715
7,128000,625,0.11424084196002821,0.37743846526924613
7,128000,626,0.97066209781036794,0.81760703842553306
7,128000,627,0.92527941603315134,0.12733644894943918
7,128000,628,0.58184672878871102,0.24902704914317614
7,128000,629,0.12631896369990114,0.78745546518339449
7,128000,630,0.67978217169747723,0.10981246307875317
7,128000,631,0.82863754397995137,0.33210482803511171
7,128000,632,0.10424425216365682,0.5217478473872188
7,128000,633,0.54978350855515601,0.24606039190951084
7,128000,634,0.36691709840124237,0.57514657887405307
7,128000,635,0.1071967019117348,0.025340714526564712
7,128000,636,0.75316084863059574,0.50864696067360193
7,128000,637,0.072744573880381289,0.74787320865074725
7,128000,638,0.99879584803743315,0.72421326491867566
7,128000,639,0.58409489746403542,0.47532220852772578
7,128000,640,0.13919359780722762,0.76475504099688796
7,128000,641,0.3657383032378308,0.48611200116480036
7,128000,642,0.2242497600144655,0.5840379305736243
7,128000,643,0.19250819671571134,0.31635497541971253
7,128000,644,0.69935562867349332,0.0043807455313795577
7,128000,645,0.83365449719660867,0.13924428186776355
7,128000,646,0.062044992326908514,0.24064835191987122
7,128000,647,0.37643137280950012,0.10159618338343501
7,128000,648,0.97776490273445826,0.42327692017785362
7,128000,649,0.41413706383961407,0.25111443639821418
7,128000,650,0.71835463084591078,0.91000440507771108
7,128000,651,0.16570056853410664,0.37147232554029008
7,128000,652,0.41977347686417693,0.95479660802494459
7,128000,653,0.3237262528977688,0.62793130090420357
7,128000,654,0.56311026752103777,0.6708031351871353
7,128000,655,0.41631857385198612,0.35686537271769414
7,128000,656,0.32628717209829056,0.47750909079668458
7,128000,657,0.53742984213642497,0.40030603973811402
7,128000,658,0.35058231123511696,0.53262055554150367
7,128000,659,0.51445274979522604,0.082260109531869297
7,128000,660,0.55306968726899386,0.057519545767862945
7,128000,661,0.80603733374309505,0.91136052187827477
7,128000,662,0.90245827218073682,0.67974320530370447
7,128000,663,0.6126512795438509,0.11305928635873015
7,128000,664,0.007082805979187032,0.61479295073711115
7,128000,665,0.68398175038490994,0.069285986117897283
7,128000,666,0.9006099345631946,0.034353830102186629
7,128000,667,0.98774985860130604,0.86606359710983027
7,128000,668,0.50967578315528717,0.69588331603490494
7,128000,669,0.12445287111263302,0.82355353727343328
7,128000,670,0.57649753624732436,0.90943118928445088
7,128000,671,0.93757361771342007,0.37732123302931408
7,128000,672,0.47922716089411421,0.44216144028861371
7,128000,673,0.69320087968009081,0.13395412577742072
7,128000,674,0.013167788130073129,0.37500912873627379
7,128000,675,0.81551107186941818,0.28409538638352538
7,128000,676,0.61769526767784266,0.88960614781723446
7,128000,677,0.96892255107114167,0.20732161552216544
7,128000,678,0.91750318597563019,0.87216332950649789
7,128000,679,0.22341908535030305,0.10127493744503969
7,128000,680,0.11340061239468664,0.37854916719139314
7,128000,681,0.81997443404456583,0.89908622162061114
7,128000,682,0.059334912398816615,0.38890668890545932
7,128000,683,0.54986837323860505,0.94833378912291555
7,128000,684,0.64276515368809828,0.40547029666970369
7,128000,685,0.82835055264473878,0.78662273822229545
7,128000,686,0.9510560014230206,0.037603452467098321
7,128000,687,0.63077115642202841,0.92835159304113279
7,128000,688,0.9575371226707089,0.047085169705287769
7,128000,689,0.49774669917346526,0.49013787795220909
7,128000,690,0.076393773144916535,0.98670664932249441
7,128000,691,0.36642440783560798,0.10940929108384145
7,128000,692,0.50537951409091386,0.93571545255100519
7,128000,693,0.73366010394800873,0.62903540851124262
7,128000,694,0.69701907664753049,0.52421093666402474
7,128000,695,0.81595975610543803,0.073716518038432072
7,128000,696,0.11219690611968355,0.26859061985950811
7,128000,697,0.46778537868937975,0.30269396745917015
7,128000,698,0.5822142711625331,0.87841279815736084
7,128000,699,0.67576837144568036,0.099918361249236642
7,128000,700,0.21752249178872601,0.71532750795434064
7,128000,701,0.78775339379552645,0.86434726209217716
7,128000,702,0.41187332268061899,0.91936979554848797
7,128000,703,0.91687701855436177,0.57406556855656476
7,128000,704,0.54980815069064737,0.44944447163083034
7,128000,705,0.16891341733155518,0.60473963554727805
7,128000,706,0.53812863128552535,0.42546812966740438
7,128000,707,0.95765651911337224,0.14209541523989652
7,128000,708,0.90690307941594384,0.11128901317886888
7,128000,709,0.46279438537364259,0.77715250719353857
7,128000,710,0.51027741335064225,0.33392979548665991
7,128000,711,0.46760927542324782,0.52097824983466567
7,128000,712,0.46295724141335826,0.34210863928328256
7,128000,713,0.35444528244246298,0.11885727670525978
7,128000,714,0.80534398323365242,0.32491411099987727
7,128000,715,0.81336649809401806,0.20273015376936293
7,128000,716,0.34686466281177813,0.41848491007059885
7,128000,717,0.056298958326097555,0.5650811606466386
7,128000,718,0.80985959573044175,0.1222886068118282
7,128000,719,0.91943396107298725,0.086421886340356857
7,128000,720,0.96729277598031493,0.71915002815551554
7,128000,721,0.54184463876891897,0.16157633683354811
7,128000,722,0.90679170840502688,0.77056568515251345
7,128000,723,0.35090020155073226,0.44320154010173868
7,128000,724,0.6989112590852764,0.9865333982956046
7,128000,725,0.65709413304107345,0.11105027178938058
7,128000,726,0.95830637214124281,0.19361779474633031
7,128000,727,0.51395751274028989,0.27219510632063532
7,128000,728,0.75727130575135182,0.17264470907018334
7,128000,729,0.67865055921561646,0.56181642290377565
7,128000,730,0.034541323055319859,0.73169397491590982
7,128000,731,0.68112648137626519,0.66464461390636531
7,128000,732,0.51116459550310944,0.42136739765281911
7,128000,733,0.21861410817043761,0.64658418333200862
7,128000,734,0.43491329803665429,0.38063728980548645
7,128000,735,0.45389063250216066,0.40562062478896971
7,128000,736,0.90007464509439772,0.92802350972552639
7,128000,737,0.91798991522783968,0.71837111294059963
7,128000,738,0.90554401957819453,0.63652512840596898
7,128000,739,0.9754578440496432,0.66679693250755823
7,128000,740,0.51009038842028587,0.65713670572812222
7,128000,741,0.50988075171477409,0.076658373123779086
7,128000,742,0.098911177859517294,0.67973836294968992
7,128000,743,0.38727476393574711,0.37703859177713667
7,128000,744,0.8309362859835967,0.52307806201877671
7,128000,745,0.34784113810785328,0.016610916513932723
7,128000,746,0.035240164503263241,0.67940332474895437
7,128000,747,0.47923286412548882,0.56639313173277528
7,128000,748,0.96624597413458735,0.72723060940140494
7,128000,749,0.98499198182211245,0.66979996460040403
7,128000,750,0.6666566303803596,0.52795177904232005
7,128000,751,0.11832152975461796,0.8044427125015583
7,128000,752,0.041869772731942756,0.37055816707710332
7,128000,753,0.87131758082078881,0.068593134195860342
7,128000,754,0.76250687908935066,0.25083333610057618
7,128000,755,0.37147378791962637,0.92659165470178184
7,128000,756,0.34193646961540353,0.030658021153621741
7,128000,757,0.19872156127119067,0.94162895266078028
7,128000,758,0.058830585642140311,0.00024480745669129718
7,128000,759,0.46760266443696075,0.483634429736715
7,128000,760,0.655686697419814,0.53818553306443262
7,128000,761,0.15716245210028343,0.91764743018389161
7,128000,762,0.74056745003811075,0.83024330649369915
7,128000,763,0.34058168662795407,0.70763753473704261
7,128000,764,0.20697193643938744,0.043083205175447482
7,128000,765,0.51284199559977328,0.17316073044043637
7,128000,766,0.86892495277530268,0.81909330717259676
7,128000,767,0.68066643590151721,0.43830142121482346
7,128000,768,0.27151318819381304,0.067163538541793688
7,128000,769,0.14773299843574336,0.20687687259576756
7,128000,770,0.17789874219553786,0.59689678009591407
7,128000,771,0.11994795322789248,0.96800146360191219
7,128000,772,0.9923136041645535,0.82363249848260045
7,128000,773,0.39723836074280289,0.23822978208805343
7,128000,774,0.31700913136963904,0.47656871614492247
7,128000,775,0.38185063553225468,0.23969603116189567
7,128000,776,0.49497533065803712,0.0067354685240971057
7,128000,777,0.366933960836544,0.096161081214303182
7,128000,778,0.81516551714296481,0.6084053750783569
7,128000,779,0.76727857158024071,0.38251186802054848
7,128000,780,0.26991825553409271,0.60310510101592629
7,128000,781,0.61776480707071368,0.31252633684644415
7,128000,782,0.45099548509250542,0.28014349007770778
7,128000,783,0.7824321534630021,0.4047770947300251
7,128000,784,0.38033700940006959,0.039385992684261503
7,128000,785,0.068828636587075304,0.42436334793079605
7,128000,786,0.72664335564750737,0.45581877156395645
7,128000,787,0.086140244889330558,0.95322316407439611
7,128000,788,0.12405578221647501,0.35133941000043389
7,128000,789,0.18033945867008946,0.54064424788507992
7,128000,790,0.43804284829150525,0.3856923718282313
7,128000,791,0.60341404547414501,0.83808559585922593
7,128000,792,0.82062884307403172,0.82469944558400765
7,128000,793,0.95167629503388829,0.6397504088038386
7,128000,794,0.76108719742303743,0.66247653484505853
7,128000,795,0.11760569034519897,0.66494518705944494
7,128000,796,0.8978740193890099,0.9684893157369372
7,128000,797,0.097007282642870049,0.13763904104231242
7,128000,798,0.46191474055817117,0.13721109779988866
7,128000,799,0.85759523700018092,0.77412516912079399
7,128000,800,0.96274671335078543,0.68152090579073188
7,128000,801,0.36079517562231073,0.010214209234283202
7,128000,802,0.39014325909754483,0.5195983820415252
7,128000,803,0.37246660741042509,0.12314207779146515
7,128000,804,0.2023225775876821,0.76504556767930221
7,128000,805,0.95455198727683732,0.78107775910445776
7,128000,806,0.97724225454378322,0.30745140728963527
7,128000,807,0.92236424884812607,0.95398715305265092
7,128000,808,0.81617373550507644,0.99149734424068892
7,128000,809,0.97509417558188227,0.72195746407385331
7,128000,810,0.30468372073016925,0.34014811906299208
7,128000,811,0.60252721388871155,0.073314000912269361
7,128000,812,0.45179456155209596,0.54918495524048971
7,128000,813,0.53680627981010731,0.87899851228407522
7,128000,814,0.81986496338963755,0.41222942348311997
7,128000,815,0.65820960208424362,0.61840410584519767
7,128000,816,0.28021536292979032,0.36217631128061556
7,128000,817,0.28055625101325976,0.62319512953039924
7,128000,818,0.68138431585762338,0.27554239992759227
7,128000,819,0.37775215800589751,0.95424055556519327
7,128000,820,0.91538090497187585,0.44588986055646168
7,128000,821,0.81019962548680557,0.70114474964507734
7,128000,822,0.7344228464847834,0.65628192680608821
7,128000,823,0.064435616994706568,0.053762368365229893
7,128000,824,0.080849520065180119,0.42817885101767911
7,128000,825,0.98634740308741808,0.61373698600922555
7,128000,826,0.55070797028681795,0.43181403801188184
7,128000,827,0.48406141900078148,0.58761000080252979
7,128000,828,0.79593832127040653,0.90834818012206042
7,128000,829,0.5359229179294388,0.10076674726612114
7,128000,830,0.48809129357280412,0.43636258135908429
7,128000,831,0.62955832072980256,0.7060700428791109
7,128000,832,0.098435542534012238,0.69940169503422855
7,128000,833,0.85815648490805363,0.19324914907135879
7,128000,834,0.43287065937457414,0.25787720704715694
7,128000,835,0.79979273326975608,0.40554853227728355
7,128000,836,0.98421723770667613,0.63538070784014722
7,128000,837,0.79633794662777491,0.10925194582497927
7,128000,838,0.86280197187434537,0.40868859091208004
7,128000,839,0.4191854921669374,0.39693870301497941
7,128000,840,0.0098725379037647529,0.73551897719980674
7,128000,841,0.77600548863386676,0.52741982716010338
7,128000,842,0.04974546050350101,0.82552577316015474
7,128000,843,0.51037569957648921,0.36653537286592175
7,128000,844,0.42422895475498079,0.67848748852954266
7,128000,845,0.16374145221698769,0.52911640805909166
7,128000,846,0.65899993388547129,0.89120565137292029
7,128000,847,0.20707167286251202,0.29045135379680187
7,128000,848,0.45868570532205655,0.9621592740319318
7,128000,849,0.49197215229338265,0.653931672628428
7,128000,850,0.97393642431319727,0.46538252158052873
7,128000,851,0.55522542295999888,0.15186293837493209
7,128000,852,0.73718890042354568,0.47346977264803924
7,128000,853,0.89596549193359853,0.9219818463963988
7,128000,854,0.68728590319603178,0.56985478517860111
7,128000,855,0.63518050939276882,0.1465502210144676
7,128000,856,0.60223927309321013,0.41839358185895709
7,128000,857,0.98782317084365412,0.86750673469228623
7,128000,858,0.15864617813307316,0.67304363610513707
7,128000,859,0.92666740586233987,0.56294179181206683
7,128000,860,0.94595287133327732,0.19555641718489514
7,128000,861,0.98024689760815087,0.30826803897625171
7,128000,862,0.059105781421343456,0.65310745111879009
7,128000,863,0.66198942647957804,0.78385719669393628
7,128000,864,0.39620689328489539,0.44788663479648499
7,128000,865,0.59778163881127333,0.84258544625624554
7,128000,866,0.0048313836257955611,0.55151546017058661
7,128000,867,0.63879559257285923,0.1655164004088496
7,128000,868,0.65605869100463343,0.054486265556948285
7,128000,869,0.39012717139812658,0.89469371138977871
7,128000,870,0.30545740690374545,0.3020349886661664
7,128000,871,0.44525979604954014,0.15639561305252522
7,128000,872,0.62410739576611518,0.54946318868894695
7,128000,873,0.60508312833283662,0.80655090288154985
7,128000,874,0.46102223574260959,0.89210842646516197
7,128000,875,0.48834081991480116,0.83546914541142381
7,128000,876,0.197294826974034,0.23943483400515361
7,128000,877,0.27987182564513979,0.96321833165199477
7,128000,878,0.070426319732173184,0.75291680395118288
7,128000,879,0.64304980082427543,0.31652563746379836
7,128000,880,0.50474655497450205,0.71928837394285905
7,128000,881,0.97884167014189127,0.38064573739324292
7,128000,882,0.045501068912590273,0.91644147882573701
7,128000,883,0.56488654638740221,0.2855306453727452
7,128000,884,0.14395471836312099,0.17478344410108887
7,128000,885,0.38158128553818033,0.34703022264645733
7,128000,886,0.74876319487770104,0.40593727817177994
7,128000,887,0.85838547075114879,0.15907072572956546
7,128000,888,0.12262165758425568,0.26035792665383539
7,128000,889,0.63969770384616309,0.41624306252104237
7,128000,890,0.070056969564414456,0.73057459800422864
7,128000,891,0.98339208091125174,0.6282015358874502
7,128000,892,0.37625130467436863,0.0873453466246355
7,128000,893,0.97390521151786802,0.1869262232579052
7,128000,894,0.25961346723853629,0.39072952120755727
7,128000,895,0.8584350879951903,0.78034306898503281
7,128000,896,0.41648813385703959,0.64260175099020533
7,128000,897,0.53052042510972108,0.022683765343326896
7,128000,898,0.16472979714077526,0.78096712913106803
7,128000,899,0.84345373134405666,0.70237171756296202
7,128000,900,0.87518071886963522,0.36367862452448563
7,128000,901,0.9069585697661745,0.33120601093356877
7,128000,902,0.79865407913042918,0.98998319494794074
7,128000,903,0.66997906158167253,0.44974005395269329
7,128000,904,0.31295656368242608,0.42574719386659132
7,128000,905,0.10680906364005036,0.52867318655874052
7,128000,906,0.31823610273035513,0.46722280929636295
7,128000,907,0.41554001925846662,0.59176987566767469
7,128000,908,0.90812092883296081,0.78507135513906057
7,128000,909,0.022147728004117951,0.80325621306042327
7,128000,910,0.23408094820834055,0.30105938215109157
7,128000,911,0.11547160511576521,0.988795764838868
7,128000,912,0.50522165852315992,0.39459404130383957
7,128000,913,0.18874620181923332,0.57768333435002084
7,128000,914,0.76333907427084124,0.47546332628459775
7,128000,915,0.048286416548187265,0.32204656306108737
7,128000,916,0.29934281262684198,0.010877162643547258
7,128000,917,0.38500593547250256,0.23406606848107969
7,128000,918,0.90271064183093519,0.23303016831401754
7,128000,919,0.90036200498587726,0.56880669897179004
7,128000,920,0.55436355638707913,0.29077583635647325
7,128000,921,0.45069780318948527,0.16870587587281899
7,128000,922,0.83139212329015244,0.3129744267010382
7,128000,923,0.99738898383159902,0.69891920898408066
7,128000,924,0.39178603758815755,0.21731864930455119
7,128000,925,0.98931268083406187,0.81323078656004033
7,128000,926,0.63248060022296737,0.92053879374198699
7,128000,927,0.090754019132961147,0.060444972447549448
7,128000,928,0.12415971746491039,0.62937259788091404
7,128000,929,0.0026975452414161904,0.6652449173084326
7,128000,930,0.18631130946202196,0.13082294251849275
7,128000,931,0.36877741020003113,0.10956648093411639
7,128000,932,0.21482048803622406,0.86407319036133279
7,128000,933,0.82084577026285022,0.78925713754171367
7,128000,934,0.70691213319037738,0.063463772623589057
7,128000,935,0.42053650105960499,0.43305364065883034
7,128000,936,0.69674013957681824,0.20114721274060174
7,128000,937,0.85648414966894904,0.41593578695844491
7,128000,938,0.41585555637706417,0.30102787443873619
7,128000,939,0.48968926698312154,0.56325032190779711
7,128000,940,0.82593972091768275,0.0034320773251476254
7,128000,941,0.56415165524852451,0.27153245915677865
7,128000,942,0.40391027685365943,0.30844952481343391
7,128000,943,0.8667785552987517,0.15222412855073308
7,128000,944,0.32739479511440889,0.5477956091550793
7,128000,945,0.20503872918741103,0.65937694702867289
7,128000,946,0.56014746346238375,0.9540824319186233
7,128000,947,0.091241601630449323,0.9621541849445332
7,128000,948,0.2146252764154063,0.91737822449743422
7,128000,949,0.55444859054253837,0.17326654354286269
7,128000,950,0.3527312936196792,0.14541542114831421
7,128000,951,0.11988034780087806,0.78273265097447875
7,128000,952,0.42026807008693584,0.52065902460372615
7,128000,953,0.71854479855373121,0.62801540273235246
7,128000,954,0.73584797917190981,0.24255946880471507
7,128000,955,0.6832481140337352,0.88360471754330827
7,128000,956,0.86818253878185536,0.51084635895283892
7,128000,957,0.52285209320368786,0.68473760187188937
7,128000,958,0.033017032197035535,0.48160157601284104
7,128000,959,0.92718270500170763,0.75073910321276272
7,128000,960,0.22935912662921051,0.18486949622094065
7,128000,961,0.95771044765622559,0.80267986414910664
7,128000,962,0.85648990664788616,0.065543237062518286
7,128000,963,0.24391733030648982,0.51955312823762601
7,128000,964,0.25748616518914735,0.56346492799171344
7,128000,965,0.12977619309372851,0.64301321054057237
7,128000,966,0.89702392503305095,0.51832048370766692
7,128000,967,0.57232997063916802,0.87483494390641725
7,128000,968,0.98885917601166462,0.85952449958287047
7,128000,969,0.76317708610384505,0.73461782965258648
7,128000,970,0.45924142199582985,0.56575313289760354
7,128000,971,0.14427169653230995,0.39936582329226361
7,128000,972,0.53326611385842015,0.14273966987030273
7,128000,973,0.57231496872178655,0.57291062016692718
7,128000,974,0.84477629099159834,0.49985680894841811
7,128000,975,0.052760520890869751,0.86944028790955219
7,128000,976,0.089288127684892124,0.64456847965486475
7,128000,977,0.040195290268808345,0.94390481905528612
7,128000,978,0.80447124918462343,0.83258166673955936
7,128000,979,0.17528776120663025,0.55900906827044861
7,128000,980,0.8898741781661631,0.43620087745120512
7,128000,981,0.79660364587075927,0.89251466650681022
7,128000,982,0.44526343836534099,0.98590393375467267
7,128000,983,0.38229322416198602,0.94116553818147375
7,128000,984,0.9311448381799331,0.93770866948735387
7,128000,985,0.015532026852719627,0.52161630114978941
7,128000,986,0.1900096446698766,0.38778369122796225
7,128000,987,0.55322568096042024,0.38785664737427195
7,128000,988,0.8340109609940668,0.4977072492066581
7,128000,989,0.41012630919297743,0.27681184894574312
7,128000,990,0.032326567522382575,0.89233701253073028
7,128000,991,0.89659618879040759,0.61759575046028903
7,128000,992,0.85691248087718974,0.41636007971473638
7,128000,993,0.94937505838280833,0.85182631453144309
7,128000,994,0.84319342966208144,0.043651127458285248
7,128000,995,0.099936389808072582,0.32970999366405329
7,128000,996,0.46393444767905279,0.62147844129172369
7,128000,997,0.7141744528132713,0.36467198198033862
7,128000,998,0.25810838984702938,0.25361461215778963
7,128000,999,0.07432973492344995,0.31143419692768337
