nu,seed,p_squared,p_raw,kurtosis_hat
5,0,0.40987762335053596,0.73738808928436861,5.9989261369868645
5,1,0.98513758536815355,0.34131259495740429,7.5015177518370493
5,2,0.88225725776069042,0.54028713259611583,6.434362434153714
5,3,0.95615414279821809,0.30680769068841762,5.8459271014139809
5,4,0.75412810528873842,0.034103767842834538,6.3370980697070012
5,5,0.11446126331646161,0.61746243974438741,6.1003183407858375
5,6,0.4784494618564088,0.14414370828942985,6.1514113807187405
5,7,0.99186013785330696,0.67144773857857942,6.9848237963797164
5,8,0.82041794062161166,0.095954669655976627,6.3288932679591303
5,9,0.99992011032614592,0.14609002745858754,12.400148498675469
5,10,0.015201608597608728,0.42505139789684299,6.1232295611549006
5,11,0.071573572231170945,0.26032967947885327,5.9159413092606901
5,12,0.86983860579306427,0.53626845073146068,7.5347368737962519
5,13,0.87050447683859122,0.27349019247784073,8.317954169614179
5,14,0.98146701570200068,0.39248298540389515,9.2531835756325354
5,15,0.93820892273416434,0.97856388250768866,6.952704661109081
5,16,0.93883487449113578,0.74494978137097934,6.9354081336431266
5,17,0.81091597961176665,0.87269233106234034,7.0570968729225587
5,18,0.15219423135087734,0.8778563111060903,6.3311115424968767
5,19,0.19537976146833475,0.043553152409457146,6.0934732434411485
5,20,0.82531312243880717,0.20973784881732169,6.3091040588661009
5,21,0.98061449674703793,0.79979337110965776,6.5812032958281845
5,22,0.48802463683487785,0.030467508041570859,5.7142031125439035
5,23,3.274881163272606e-05,0.63072542394023401,6.5673656234293087
5,24,0.75281020749172312,0.61896752373891073,9.6787163309155044
5,25,0.95525270792156125,0.014518553042771077,7.5125131373672911
5,26,0.94197096809728764,0.90083414995679667,5.8663419505830143
5,27,0.98555019212361372,0.95408910082968645,7.6427659295338923
5,28,0.99992352646806171,0.32260583921906505,10.40616072574387
5,29,0.11439973798027644,0.38889748605810315,6.3592468339632671
5,30,0.99999570778171509,0.24862874266807644,14.20695356421504
5,31,0.60958600014036268,0.34785087040449703,6.344434950469215
5,32,0.84037664107892973,0.28221924664107212,8.8442121784202943
5,33,0.20086143114878408,0.82266184992994695,7.4601078581025337
5,34,0.77072786915655289,0.047505337083768077,7.2129141838921909
5,35,0.8301843515417533,0.60790521045986701,8.917637941125939
5,36,0.13381108011403756,0.49048120385405081,7.6852254953048202
5,37,0.639649129970288,0.97839409413165346,7.7525371518705759
5,38,0.26445446141944606,0.26217599217450632,5.4273458210539722
5,39,0.99999986182014622,0.19200199020130437,17.916470187920563
5,40,0.73660843747078086,0.29699633304394779,10.506019298647654
5,41,0.92764097123542522,0.96956670460484928,6.8462888203751007
5,42,0.99938598529007583,0.73459820299227008,27.854131140531628
5,43,0.96969387853054057,0.34312788813377154,8.1079727231747807
5,44,0.99692044648250322,0.94941151792737188,22.468186411172862
5,45,0.15614819622466453,0.58363971155437733,6.8552797320532566
5,46,0.90035998849993726,0.8846669965914512,5.3768470141860307
5,47,0.8003990889129351,0.12404710404537966,8.0982256420650458
5,48,0.7801494607631464,0.43837227491285963,6.6113619479568655
5,49,0.87044389111658682,0.5433630107322418,8.8344676567990579
5,50,0.692548217633701,0.6074734455255475,5.4298615024948234
5,51,0.2892902043895163,0.57953517132317744,5.9254458042507991
5,52,0.7258571750075935,0.025417908547600145,5.5675454324923033
5,53,0.59520043778737097,0.59947642109971389,5.8341171003302188
5,54,0.97944660151578544,0.88346060858439945,6.7115586745341611
5,55,0.5288603883907792,0.02720710403742746,7.6647592410155942
5,56,0.09868163524298787,0.64638174595036935,6.7906070571662323
5,57,0.59152818062420542,0.49283241601106786,5.1761163255301579
5,58,0.029591623401379701,0.31043573899585736,6.1881427513093499
5,59,0.060944993283779537,0.72570690220862466,6.0827078235394847
5,60,0.90812745258721317,0.58791465697410861,7.0124494375109494
5,61,0.35541011526356464,0.82919517811032306,8.3435804859574283
5,62,0.88159709575043588,0.32750589274347935,6.790786709197504
5,63,0.63948203059711384,0.11889915334447859,6.1206853512353412
5,64,0.51535353108887105,0.10005047852004509,7.7813085710598591
5,65,0.95174207544600664,0.39190152178346721,8.336836927351488
5,66,0.21435931349682324,0.87346549078877889,5.5871182496071601
5,67,0.93250730019127304,0.10885243217993745,5.7659728113481359
5,68,0.92082690538873757,0.64466596992275849,6.5618468429232104
5,69,0.97559116159346326,0.43420651075716016,9.3328863742217916
5,70,0.89972423565798232,0.85753331458797666,6.0783557305974529
5,71,0.67740297901461632,0.34159209462743584,6.6986103636070879
5,72,0.98746439946696163,0.086219700257252077,12.182263108966719
5,73,0.53366274311532524,0.35792269819694472,8.6984254674184918
5,74,0.96445604605718049,0.84366799644370394,5.146552067299802
5,75,0.32384567294057603,0.60905841305898767,7.6619379447133946
5,76,0.98022872743647949,0.67292247366315872,5.0553320582857726
5,77,0.94322642472845031,0.39623282467020399,8.826256513725145
5,78,0.72633034042799649,0.87182385460675171,10.982690939480801
5,79,0.0075029946544223694,0.10356198030845222,6.2751499238731405
5,80,0.094994876589027985,0.93864746558740753,6.5824445947850645
5,81,0.99999879900435451,0.54756187228406938,18.980155204787277
5,82,0.4594064479965102,0.78122578112239116,5.4896076128993672
5,83,0.76863248825655583,0.5890302390330816,7.5087148695502508
5,84,0.63950709365821523,0.832838906563243,7.5980403871365167
5,85,0.38275659400295403,0.090001081369088534,6.3361462832132132
5,86,0.70945020300008677,0.97954940856034567,5.0024604797804768
5,87,0.0012904052651453541,0.41883729161054395,5.5528350718599029
5,88,0.97546437356697646,0.240068001718201,6.9618885244807949
5,89,0.87484565171036988,0.52153126832141539,8.253931017495038
5,90,0.014011473179778531,0.26537184562030247,6.1322469955026628
5,91,0.23746211885288657,0.42568810034430193,8.0611090299161017
5,92,0.98541811379460886,0.19888013045459732,10.587810043403708
5,93,0.77490769964636641,0.77037748019259644,7.5118657479860849
5,94,0.94057850558459721,0.79849718929316416,9.7207340133698867
5,95,0.029566817920133812,0.2294322621564033,9.0812696303273377
5,96,0.99466074207311017,0.75242449404588774,8.3342196078646307
5,97,0.062895661237350228,0.33597011580371505,6.3249304312007233
5,98,0.072218433097541626,0.63667436755081841,6.3129756096736438
5,99,0.15907904444831567,0.3469860164103602,7.4626260688732611
5,100,0.9170581544882217,0.79049648840078557,7.1844906134291078
5,101,0.943131923738594,0.68868620940932546,17.376359132332681
5,102,0.30299136862331949,0.87978580179082333,10.902125269680941
5,103,0.89450780891555592,0.75732714829289127,8.2366924037482594
5,104,0.99307186372237244,0.4356537759859746,9.263410958129608
5,105,0.48066253458982988,0.24821724636613215,5.9413871334813892
5,106,0.99999763218950122,0.15285007698371628,18.855075790965124
5,107,0.15292188552005603,0.17482616625821817,7.2279974596778604
5,108,0.38651911107388293,0.12543453969012,6.7732246281371049
5,109,0.57909382916906982,0.70138708312931064,5.2580709799062415
5,110,0.7747076774175865,0.79656230298160047,6.523869735377211
5,111,0.68946570892713788,0.30307636415444517,6.0401869641870167
5,112,0.62088566656662192,0.70787424115001574,7.8377530155530959
5,113,0.20715292043540601,0.016098011358690982,6.1275465115984877
5,114,0.38643939405931582,0.30099412555564242,8.9168663180399204
5,115,0.70488473528860696,0.87006114838378834,6.3120405174170111
5,116,0.99739198914636529,0.21668170866910752,12.942827339156041
5,117,0.98101265926424353,0.91722110068492779,16.413757760530132
5,118,0.21521049319074276,0.76947114305907349,7.2660457069776871
5,119,0.59992473842076288,0.9461740357788494,8.5181095207116577
5,120,0.88429118041862265,0.54578867257560926,5.6820723051469111
5,121,0.70887052423947305,0.68929181634606063,8.6093044985304896
5,122,0.62847385010804779,0.76851036961094898,7.4095921661696273
5,123,0.57360203109657382,0.60092285534368894,7.0276627064017418
5,124,0.87934418137438042,0.5497094801924155,5.5338708729221731
5,125,0.90379669167982746,0.90020898269767269,6.2205293833366309
5,126,0.99578737959362296,0.24184482426795392,7.5500129023071958
5,127,0.10552858441102786,0.087963867672847695,6.8735815153382065
5,128,0.82672642702926558,0.95011650378326018,9.2876214116511022
5,129,0.99940668880488737,0.28754392442868709,8.5044650710524561
5,130,0.70516375772115625,0.77461483029452571,6.1394077393810456
5,131,0.98008911174543567,0.77853696907864578,10.880998035341692
5,132,0.8015669335306288,0.37018743671898435,7.2510085025496265
5,133,0.32626883252286287,0.56067393978082625,6.8384796229997438
5,134,0.9123030031090551,0.96348213509960445,5.7460868511466492
5,135,0.85624236749227822,0.86759188997846381,8.3014663964707243
5,136,0.95174784925356748,0.57091813801927149,7.7010838506873052
5,137,0.71960173030086805,0.17094325648814951,9.7614934353655372
5,138,0.072848047637277924,0.70436439110167048,7.2182309470263322
5,139,0.69692353087057679,0.5151650425106522,6.3917419249581169
5,140,0.70131323131997347,0.93924510542838724,6.1623282560733594
5,141,0.75875489683979824,0.043672773448830769,6.489884306068749
5,142,0.92368040894148629,0.24217702646393077,7.7624187517100873
5,143,0.13378097552436852,0.63448791218513589,9.7975699520662012
5,144,0.74637564441822413,0.70284881081127715,7.1193076760497256
5,145,0.99255159158398221,0.53545043072304466,14.663973943034662
5,146,0.75365971060525638,0.089145329972491499,5.7177542238803003
5,147,0.92743352497476506,0.34119140786887958,8.2560317132600112
5,148,0.021943961786688709,0.38887578407825618,5.006155614717839
5,149,0.10032393056583473,0.52442899640847307,5.7492425212425511
5,150,0.89683234472152873,0.24533435970243586,6.9458035171288603
5,151,0.98032304351177912,0.41778319562138216,6.7243730206034789
5,152,2.5542961654832734e-05,0.0072218878764800957,6.5848994834539978
5,153,0.885810049275635,0.75489249426448035,6.9081039907843289
5,154,0.74288159788834274,0.91139422217911159,5.8360535597740837
5,155,0.00027342105430777663,0.047244467507472743,8.8385368685056811
5,156,0.80264191317636202,0.0020120126630305273,6.9501921372078108
5,157,0.68432777792697941,0.88929003789733274,7.0417551453850127
5,158,0.24590733656953143,0.42731346237389906,6.1436182090613531
5,159,0.55650371511997909,0.86260343090301483,5.1318581413774185
5,160,0.10185309072738345,0.62011288213115345,5.0355478225846486
5,161,0.8090314596657121,0.59574417434222138,6.628851757839719
5,162,0.91059820925198809,0.71674260245314803,7.1817782070429033
5,163,0.98434828718050171,0.69566668012738142,6.8698617733750424
5,164,0.03591482094848817,0.30767135051371747,12.913479312255008
5,165,0.24292759967122615,0.96449597034145362,5.8964900884771234
5,166,0.82322820258057861,0.72970960616765301,6.848903629791411
5,167,0.85062340905317635,0.61995581608559303,6.361404327990571
5,168,0.95872794205484246,0.1094807735128225,11.681881815937631
5,169,0.40733856652740164,0.16875801568097848,6.5587697895621391
5,170,0.61313001703841352,0.16246605019989024,5.4437117473841798
5,171,0.11687276655426954,0.093410516237987032,10.218049936160238
5,172,0.012439015130378135,0.97720595668819188,6.5129071738941802
5,173,0.99225558238851175,0.050733744837107742,7.7425127962599118
5,174,0.43907330156182023,0.34937850542065063,6.8293198752407607
5,175,0.98959526641816831,0.057281115124931663,5.9137260824815741
5,176,0.58478311989709819,0.25912495955821663,6.0501649939229845
5,177,0.99172132278345093,0.68998759563594525,6.6360225313507186
5,178,0.13317171601234698,0.5523693883797034,6.8697011785501427
5,179,0.97458907018129304,0.23118182704301687,12.662402181186827
5,180,0.74791049575121826,0.73900350304294382,7.5842185982311889
5,181,0.83848759532677919,0.095883321451940007,7.5672653057255301
5,182,0.036039246738013078,0.79068268986024692,6.8443175174248863
5,183,2.3284492265768376e-06,0.0026707232055508106,7.058304947502112
5,184,0.99564453614175008,0.78071060127154168,8.0465951481841351
5,185,0.88322009298365634,0.29432620210438115,7.7509743508698845
5,186,0.97944483278510086,0.91560666875631447,10.648844740612361
5,187,0.2214949052618429,0.45914427228686261,7.5815664386420307
5,188,0.85957722984683693,0.093585338018014205,5.8941525695287069
5,189,0.39951212570783101,0.53595514556817925,5.8500226684951189
5,190,0.031219311234872954,0.352815671419836,10.423446724981966
5,191,0.74158372728372735,0.87057097144288487,7.4996882512780543
5,192,0.41880729378062015,0.88434935573161344,5.6701968387500044
5,193,0.37837507063406595,0.77829876069676951,6.8663998390921499
5,194,0.85388842670605913,0.13144372840009472,7.0119547470947126
5,195,0.31534584441091434,0.39267919247313154,5.5281135446858931
5,196,0.95577150970355729,0.49943980137889832,8.0729702737683482
5,197,0.99999874505060216,0.98234816392536894,24.40688717910502
5,198,0.77300657655482219,0.72671001449981865,6.107694298764355
5,199,0.94686778612902744,0.84540958130937238,25.94781618182807
5,200,0.0056239987144616702,0.74045506485916579,5.2735442123071135
5,201,0.97366901669976424,0.5950723795119004,11.087610604281371
5,202,0.59198002065709898,0.83243094154028241,7.0303598003363481
5,203,0.75146731177592385,0.47691821903193632,6.2524543325025919
5,204,0.78832219648653734,0.48019364247160179,6.3091963273494454
5,205,0.01720038396676388,0.65532125176027856,5.8061700299912653
5,206,0.36480262762330934,0.93874783287805708,6.0358848931252211
5,207,0.47558469172914586,0.096797111765240099,7.0549971611860709
5,208,0.65818279020034343,0.39567991507707023,5.7962439365264062
5,209,0.62348202181101209,0.39255362096672092,7.3427314296450144
5,210,0.6444842077021844,0.70461122352158045,5.8442449529412253
5,211,0.95345410366839778,0.15287323191443666,48.368981524826459
5,212,0.68472055101190321,0.082426960136722377,5.6679179739358254
5,213,0.6600371108334433,0.49610032293515371,11.39961460208621
5,214,0.89721008037144911,0.3488422746832649,7.2064717066572017
5,215,0.27521022436330111,0.45896096056645519,7.3931091249221046
5,216,0.34039718305186006,0.9125578677121613,5.8846789037185889
5,217,0.79965472397089099,0.71938667114276145,5.4705606963501943
5,218,0.98572028829703318,0.93096833434897741,9.6673258338379267
5,219,0.15227298683645002,0.70121825624797862,11.407563938704474
5,220,0.98373953634548617,0.84896556834965475,7.0202743812261614
5,221,0.92197155187993218,0.12096240294035578,7.4854257836598368
5,222,0.9886817092863438,0.26105699331238619,132.74300498602707
5,223,0.78446499874081432,0.21890084742391819,6.1910652277448932
5,224,0.16125000463477843,0.83031463731691202,6.5564430855475404
5,225,0.4591044648510616,0.26238347840297876,7.3474037560623016
5,226,0.99993692485668706,0.49855816218158555,24.332221632913338
5,227,0.4395171418129003,0.75433743105289552,7.2454048435981253
5,228,0.77201036036503357,0.8162303248032815,7.9869459401371339
5,229,0.97352427655976836,0.82065220151345697,8.0079563598183547
5,230,0.94833836231959523,0.91992332932573762,6.4139112834738743
5,231,0.72373756633096287,0.77589481674630112,17.597028502577629
5,232,0.98486396719501546,0.72465744642599472,6.9023903793826875
5,233,0.87234551688851092,0.56858574863318145,6.2512538307591345
5,234,0.1776633778652342,0.19206813470929374,6.0466659553226023
5,235,0.99608910870965006,0.45962667129340518,8.5196209580187325
5,236,0.99658322221009421,0.40365856700273245,5.9930308491880409
5,237,0.99269332589615122,0.10800635677401077,6.2844142290079175
5,238,2.5757599475212057e-06,0.74850695560610814,7.271021626487201
5,239,0.11655519493415011,0.35646531330857018,10.756479955126707
5,240,0.60178833161050849,0.037444539860221115,7.4451920028501828
5,241,0.97331470312536883,0.8367114688265076,13.787188228062481
5,242,0.9423010186732127,0.1314268263281797,4.9438463980865786
5,243,0.90276244199942191,0.10700970000380301,7.3369475520266771
5,244,0.32236086497225946,0.028371044595867961,6.4899969813095302
5,245,0.72131707335934214,0.14116235642750366,7.7861890166762935
5,246,0.45643246051675751,0.24308651848670318,6.1765709290131978
5,247,0.0041327105213771857,0.27262589265759829,6.7005490821551792
5,248,0.70812662027193374,0.7851856445066413,7.0788270146326662
5,249,0.9236523117029839,0.39607718542338466,6.8578286448200112
5,250,0.91493623863243068,0.43762920557867152,6.9179616847163263
5,251,2.0360143450975392e-09,0.37665048948433899,6.9213648556766199
5,252,0.953564517342951,0.51740406662219385,7.7290166779276577
5,253,0.64691553731828688,0.57008623695727012,6.1902701313024648
5,254,0.0013777871269094134,0.75239304245498884,7.4059808813540622
5,255,0.99399805417727038,0.081897778545098679,7.1028280985326653
5,256,0.92410764063134743,0.92067125673176675,11.641629401030009
5,257,0.99939715173094823,0.14135296072016246,6.327013263848734
5,258,0.62513481216792732,0.64317206264326043,5.4805144669280521
5,259,0.4020258422219371,0.30991770914822975,7.4394405047985916
5,260,0.0072582976496209086,0.90769504858415306,6.2713757725932453
5,261,0.93676203330008678,0.37308728414404002,7.1803437313898248
5,262,0.82129288804950407,0.77164925624816849,10.000925974819275
5,263,0.047577249945483464,0.37113451552735571,6.4975531999815921
5,264,0.14344667493465646,0.63928008232162647,5.4744097873113509
5,265,0.96808258103301004,0.33964983311000113,6.8166957990242087
5,266,0.9899229540046679,0.00088179180125009919,7.5557219216222293
5,267,0.63676271780077176,0.95679092885465689,9.2574395297728724
5,268,0.054848684621143833,0.9103750132525219,6.7593134687762255
5,269,0.18849614059892461,0.80697354146711564,5.7375836764345962
5,270,0.81406614896540364,0.17909754649264883,8.5540441559826235
5,271,0.72943921411211299,0.35851527419877444,11.220309168435808
5,272,0.85932108167096999,0.081462637571346155,6.1792893634377721
5,273,0.99697535347535593,0.86081679630844654,8.0993480767106796
5,274,0.97571022765629112,0.45525077615159198,8.4944983383315886
5,275,0.13346182547711161,0.57336870621750957,9.1607075247952565
5,276,0.33707247454746392,0.18337124816411926,9.6516309313176851
5,277,0.18395790458515385,0.14107942501311632,6.4940728381499149
5,278,0.96281173146602206,0.2608500251355339,9.2208979086877179
5,279,0.11800304697055286,0.44593698209673155,5.3140722607641022
5,280,0.66641665761070656,0.68749900731027225,6.1192171455150257
5,281,0.53526647312583386,0.40551770307034907,6.1270425740285548
5,282,0.10151644321894651,0.24242796439703662,6.0207130230636059
5,283,0.55360182047709539,0.37850362025693352,7.6663734123220948
5,284,0.02308371689843209,0.48372519527662938,5.7245047203755197
5,285,0.92274788346597525,0.76559284036962083,8.2938547543775076
5,286,0.67955595004525615,0.90083332687747431,7.438368815655128
5,287,0.28023477637184052,0.86417134071832724,8.1953582793740516
5,288,0.82465605116127194,0.11976295924324581,6.983172239178427
5,289,0.99145838195254865,0.06843147440086049,6.9500026748380819
5,290,0.44968781885379899,0.80155389409792099,6.969326638761344
5,291,0.58399954538928456,0.89647859897569904,5.4878776045456101
5,292,0.60720409886219073,0.44167759587299393,6.5211982727426561
5,293,0.70685700124676543,0.40661622430547489,5.7306223850279832
5,294,0.12095952366858351,0.97556917255256748,5.5124270439532177
5,295,0.95606791558680626,0.93444514987092986,6.2245103613784858
5,296,0.82821355312073164,0.06294615327681638,7.8754251020359609
5,297,0.9780709431422191,0.11298874012675109,8.5764563280466053
5,298,0.72889541178153028,0.39667907182536644,7.8570120816450331
5,299,0.98305654270211218,0.76895251583973645,5.7347012010118856
5,300,0.13651789884861679,0.92662676814345069,5.584729167820571
5,301,0.035282623359873116,0.14303497103835433,5.4159415202273635
5,302,0.4702827482146863,0.80367352713554585,5.0692474740596172
5,303,0.12439183780275903,0.74446803111573512,7.1339400026960256
5,304,0.81158720949284824,0.99859397872345002,5.9953437050932319
5,305,0.56281193351616954,0.95242078769278227,8.0960209908866876
5,306,0.95115703826990694,0.91176409531046776,7.6563104814492213
5,307,0.22086041812201804,0.90470226162812861,6.7388449940530668
5,308,0.4516994639892109,0.76499052960708558,6.2291411788733546
5,309,0.30020569566043392,0.28012899006517572,5.1403720518531832
5,310,0.97792147297914012,0.34774859737571834,6.6846971982629464
5,311,0.81594743817061544,0.64819057780681455,8.5398678076313157
5,312,0.90560132881801825,0.20817708286708486,5.3584488605868783
5,313,0.97553383478087241,0.68926729711843915,5.9923892132323404
5,314,0.87699955365880633,0.81390593890786245,7.3615998136809129
5,315,0.83702298806787612,0.83802518511702195,8.3286897001521574
5,316,0.9999999999999919,0.88099640318071659,146.9131869945364
5,317,0.78030579660527899,0.50903790035258478,6.1531085132266794
5,318,0.39392040004261847,0.86443772165761168,9.0973096189596969
5,319,0.66783017786568843,0.31292433919289497,9.7527072680343796
5,320,0.95122462247926187,0.5995356102936914,7.8532983295863596
5,321,0.3854979862308367,0.76227201635089858,7.260839741387402
5,322,0.41118159177668284,0.4523291282999965,18.422418373116006
5,323,0.031465070370106159,0.097012899262408345,8.754168524195002
5,324,0.23009760553211836,0.27171959725631539,5.6321703816678585
5,325,0.67971944340387436,0.92206119401298037,5.4250885121764068
5,326,0.98304589265124775,0.6959767695534792,9.737941318091103
5,327,0.42408143723041281,0.39515225385539737,8.3725726044074147
5,328,0.5154671800369055,0.11927056212536787,6.3301270217423324
5,329,0.4255050113767751,0.72107608426081293,6.7004052093164486
5,330,0.95981996158432648,0.46038924263311864,8.8336476848808019
5,331,0.12864728028703154,0.84842763613626704,6.2251899674032298
5,332,4.9889628648371466e-07,0.69532162979239642,10.082801323758147
5,333,0.99980099151495971,0.85815446292363906,8.4645241019049777
5,334,0.93009221884709981,0.80640527961578679,6.883744044662345
5,335,0.99803512485629353,0.49789117512481618,7.9266392951146214
5,336,0.39204796523768048,0.89743148681934726,15.588374831759495
5,337,0.23260622842685913,0.77774752398796254,7.0344877887178567
5,338,0.67123585664110796,0.064244828455616673,5.7756999375099234
5,339,0.70798921973065898,0.24120126063528122,8.7119590359140275
5,340,0.4564199774154506,0.76646027210040135,6.1868901896245312
5,341,0.98243061540817767,0.96238956587071922,45.773355208639543
5,342,0.99311135383215909,0.60396370195838645,8.7541612711497052
5,343,0.79082226048344895,0.2986949962066876,6.0553772019477199
5,344,0.74474479868978727,0.63450510815548877,6.4837851972514988
5,345,0.4859484875772313,0.89328429651357699,7.2697870401847391
5,346,0.072839928548115329,0.15447127953755319,7.4900223424970624
5,347,0.73267589693796875,0.65237966447244733,5.8687300291480895
5,348,0.0014537994402033366,0.28330335010391161,6.0831118121834553
5,349,0.99102712679138549,0.50232400267720601,15.146268009725601
5,350,0.00035459097631259365,0.50659709028536404,6.4058701637595101
5,351,0.89001705740574277,0.38808972405045677,5.9537179283006836
5,352,3.0208514056454004e-11,0.40704647122415205,16.613626865229808
5,353,0.99423381831518565,0.61190366027694543,6.775005903849495
5,354,0.58486366367968179,0.46795230894285256,5.8084465945543897
5,355,0.053615321466973891,0.94125026967620129,6.0755335317069292
5,356,0.87727559243958042,0.5451111005194067,6.2431815337761494
5,357,0.967494996318504,0.36747125446445777,8.2213199820604732
5,358,0.051470522303990796,0.027657441598380669,7.0396676546587642
5,359,0.84118567920735954,0.30213634684692953,5.9914061930214642
5,360,0.54770780206889758,0.07515469372496339,6.2797193511935765
5,361,0.76739620824745947,0.15223639810127934,5.8544436975144087
5,362,0.68385956458049801,0.35764205372009966,7.7276290698774144
5,363,0.46043966090805899,0.80042644084266645,6.24742786531744
5,364,0.49413479362354273,0.91095932507029376,6.5460059932330577
5,365,0.5658288500403903,0.63660739084558948,6.5928866077048998
5,366,0.17872560784569028,0.66833462899078178,7.3789938841219227
5,367,0.91156442681642069,0.89178843511613948,5.440230076568036
5,368,0.66114087410046485,0.51702967362130992,9.2558390051787178
5,369,0.0077890778565471823,0.32385066413665747,6.5315643443727849
5,370,0.11799717387651325,0.016116276375120243,5.8320470259658057
5,371,0.72784450783301535,0.80078166440680221,7.0227554941052661
5,372,0.97106032846996371,0.21276448417929247,5.3848371222272666
5,373,0.9063998154672489,0.66964998857373015,6.1836589928378203
5,374,0.13166319363962953,0.59039249167092944,5.8035556468491016
5,375,0.70245701238410474,0.6084591004360328,6.0731422288867059
5,376,0.75472355559543958,0.55733193675977377,6.6473862901140004
5,377,0.80743349764747463,0.81892258797762829,6.1546239535129619
5,378,0.99694255201821125,0.10858174275505994,12.272585482707962
5,379,0.24004880871623097,0.6370308968080165,5.9397455906426373
5,380,0.92096925834536891,0.68190620853025741,7.4769217116011566
5,381,0.23320675933496293,0.95665305763911934,6.7403447024455163
5,382,0.66027749996890261,0.90780363559336341,5.8086967219043224
5,383,6.6713705874955231e-06,0.31141844791955808,6.8978187199293961
5,384,0.80472640549479291,0.24760247428086057,7.6758153229326522
5,385,0.58831462118341227,0.5786533947914887,6.4838133430185962
5,386,0.85031495158916814,0.70917913033583857,6.7684206567140643
5,387,0.63119969012650534,0.40950711180749283,7.8809620648076306
5,388,0.80965830958706642,0.098224093980015234,7.9918821272893581
5,389,0.69986896570613111,0.36308644673461987,8.220646987696659
5,390,8.5186766974465373e-157,0.33784336677265375,16.247641232003598
5,391,0.39454547966355852,0.049879630077432298,7.4134360378652842
5,392,0.25443394040119766,0.3748103536523682,6.5169638152902616
5,393,0.077783617514697506,0.28085162293857036,6.2079406591623085
5,394,0.14244163965281079,0.53184471990058646,9.1920940054848863
5,395,0.055173290829814939,0.9116572619035882,6.4101923104343674
5,396,6.0500476871963094e-05,0.32542015533613877,7.086411880720342
5,397,0.036092033844069116,0.11727016071636551,6.7899739835464352
5,398,0.73750004170242267,0.29143317175952954,11.891070691807423
5,399,0.0012701194988630892,0.5456295255528133,9.2055563468961328
5,400,1.0658951444876076e-06,0.72114240892054426,10.760426191909112
5,401,0.57933143301832413,0.63461867019977825,6.2432814892312161
5,402,0.042905038992695349,0.81706389229445664,7.0635363353201237
5,403,0.94125918837542144,0.20054506065263242,5.927927488420063
5,404,0.99959371266215091,0.33481537920541277,9.880963274240619
5,405,0.16597591100745768,0.55918341969842889,5.5818619115687698
5,406,0.89558265141766336,0.2770327113573775,7.4007149296089088
5,407,0.79944003550620357,0.18935113578860305,7.6405342094855699
5,408,0.65506225070756963,0.50040269923593206,5.760310526067923
5,409,0.48070422217638065,0.45029034690700903,7.685773382088799
5,410,0.87816826497088707,0.80704456232625277,5.4950791891870576
5,411,0.46115663485862668,0.54190467278743548,6.9508905796130716
5,412,0.0034766373827553295,0.60137871427682099,6.2227921022158004
5,413,0.54002921799588188,0.63551361709168119,6.0099965032994938
5,414,0.51708304988717002,0.4008333362025237,11.22663576346992
5,415,0.81103348751555826,0.6536994445775427,7.1375680670387966
5,416,0.74813878509917109,0.62243500691167886,6.5448660110104013
5,417,0.75474958105452228,0.24302537699759313,6.8171548829390556
5,418,0.95159976843405081,0.078648524603067468,6.6928876855328454
5,419,0.09401249849332631,0.30205859335714924,5.8552666375511899
5,420,0.95914211438038244,0.71961890086043656,6.3401612060746775
5,421,0.81303200574041368,0.52698165088318971,5.7031971570257127
5,422,0.83924749566181511,0.31059276134786695,6.0015559163072796
5,423,0.66176699959565555,0.8401740372784523,8.2365198644005329
5,424,0.19271731699291422,0.13014172522518419,6.1867040230761425
5,425,0.23974805469900842,0.071678892362987703,10.417820369646849
5,426,0.0048768161479378572,0.97544592232533489,6.6743707476172851
5,427,0.40006822163965611,0.59151117297815337,7.0864087881252917
5,428,0.99722021734048216,0.34426016109143054,9.8133888855079459
5,429,0.92311854468214161,0.57715254396636428,10.645515545254495
5,430,0.87598904961756274,0.1866908470699693,8.1736029026629691
5,431,0.77158560011212762,0.55846258403283122,5.3672066836783054
5,432,0.19050810039265781,0.76188058980479201,4.9379201121286718
5,433,0.99999997752040581,0.68968425533152233,51.998781841485084
5,434,0.85458906054527572,0.77402412412352251,5.8179583887141799
5,435,0.74225662014473603,0.46023729635979005,9.881314192850164
5,436,0.55295569597920924,0.96856564207257667,7.1260498189022767
5,437,0.54525526017237758,0.32003656220118581,5.824026228221431
5,438,0.97411282038208424,0.37863934294210316,5.7035971789298499
5,439,0.17457884602286161,0.42375972059336209,8.3248319830800153
5,440,0.94140885896886206,0.56625637016916108,5.9445986978088197
5,441,0.9561510877818673,0.044840267808108077,5.8049688780271156
5,442,0.48534958974974018,0.24105906111706171,6.2547460379157132
5,443,0.44605040419976283,0.77500935533984638,6.3957920987625707
5,444,0.75008312237873342,0.69377790863216304,6.176849610322817
5,445,0.072673889654782844,0.28148275138569434,6.4868621042329684
5,446,0.92978974475266929,0.015532379838082533,8.0413565213214433
5,447,0.18644383113527227,0.034468256711052227,7.0183383726131527
5,448,0.99828996388823388,0.24966966698043125,13.230444707425978
5,449,0.99999999999983247,0.67496832968903919,70.8995721447873
5,450,0.56364974479881047,0.075846109177973547,7.5397184865310569
5,451,0.089730328290953759,0.06321276135875753,5.785973078617995
5,452,0.57654027009273912,0.3148962869114964,6.0860759370233373
5,453,0.2550936300846583,0.36429856612730399,6.301179507041387
5,454,0.85574765995958035,0.10852065255615277,7.3500928432503612
5,455,0.9718045025987091,0.62179953859565484,10.016478347807272
5,456,0.15020291145523185,0.29071011563964605,6.6574883675100578
5,457,0.43094420647924264,0.18960077247287682,6.2895513859007517
5,458,0.99966050105903015,0.64589759223546728,12.417740748941405
5,459,0.48127786789469007,0.36076928102715133,5.6287949167323559
5,460,0.84223872227265795,0.049536634422024405,7.0958744762391417
5,461,0.14693645808076913,0.17665716146452723,9.0036515452109676
5,462,0.000651032870248601,0.69106558495919235,6.4627171310316713
5,463,0.0036944925335297024,0.88374740742630442,6.2711060062675035
5,464,0.42326810227596101,0.35206572945211667,5.3197452639693266
5,465,0.76309024483222732,0.87297186374526814,6.2691465409190705
5,466,0.60931298044513238,0.75082668538610864,5.961699636711038
5,467,0.28479193418359544,0.67628026996225998,6.2946883202852
5,468,0.34980788665804408,0.57818963570308446,5.7448025056091483
5,469,0.01069197966707708,0.61254609841441499,6.2491729586370504
5,470,0.67271930724772833,0.670091462068654,6.1931688158021441
5,471,0.85025407445709511,0.4160726047486169,5.647233071231339
5,472,0.78849281842515617,0.58619103638545633,5.6813696973609442
5,473,0.86883349490448758,0.32418812411304587,6.425028803451819
5,474,0.77779208556193447,0.11575733742577311,6.8895098773718519
5,475,0.72104840177334484,0.41372051730736004,5.9433589131233635
5,476,0.80650230401641632,0.36817147111044829,6.4094242056443482
5,477,0.75318713098338641,0.80971628697717468,5.7832815882353161
5,478,0.65510096603970513,0.32704194508569362,8.6769401389167626
5,479,0.70007754845553127,0.71621473020345516,7.0076542037796088
5,480,0.8014227584366358,0.3996980157721311,5.847352794652739
5,481,0.6712918065038076,0.21305600911708514,6.1719648538762177
5,482,0.90712267179630501,0.26241501023461655,5.7280096191380414
5,483,0.046467029899020823,0.40717267354115533,4.9412163524677783
5,484,8.1254299612920019e-09,0.9665018918999102,8.1631314456897783
5,485,0.99623516841081561,0.041404384746713034,13.680460514957549
5,486,0.8664624972010373,0.0059641854178252452,7.7666336328047052
5,487,0.6501905943577696,0.4260077389167366,6.7015369918334651
5,488,0.99891720962706043,0.40740631287654722,15.780948733620749
5,489,0.99783041349567358,0.83914747336713713,9.6969342258314377
5,490,0.82633393074083517,0.76072107052661442,6.6703527507608165
5,491,0.0017841026495852179,0.19802659828611699,6.0505276435318969
5,492,0.081133368496359839,0.53718587222981451,5.1932725496053491
5,493,0.7905831739919067,0.3995025577215679,7.0596227691786204
5,494,0.07465738915320641,0.011976846389843525,7.6678651158012201
5,495,0.26524990665395431,0.5743390523790477,5.5930282545229542
5,496,0.45180365760579677,0.72365633373901417,6.5137010058833207
5,497,0.94344451723070843,0.018194286618037434,6.5783341075605675
5,498,0.21160301342823082,0.6468449900135812,7.1538799192466334
5,499,0.9122383979608778,0.89055796502338425,5.8703202551850353
5,500,0.11970579271655916,0.45543209073104363,5.4660812645608559
5,501,0.99766406501477378,0.72340879348502996,8.8963053063126694
5,502,0.8797512952745391,0.63774790202986531,7.5895928992372452
5,503,0.011310708492782501,0.19130170171110053,8.0968653711643057
5,504,0.244920938272012,0.37091709993258964,6.0238578025620955
5,505,0.63137414639026335,0.093219046378775094,7.5249073602538008
5,506,0.96027534221471689,0.79383769368450541,5.953643651900733
5,507,0.9364356769618325,0.03133783075083655,6.2851636234248263
5,508,0.50369807914403153,0.7986570043189275,6.1761691263239147
5,509,0.91443202850259475,0.85416179837206119,6.9898177218634023
5,510,0.55819697935527834,0.5584921999812491,6.4134344635451175
5,511,0.951159714844662,0.16285364153547782,6.5105197575473479
5,512,0.0019729517686970853,0.89984733167317044,6.3887116605847289
5,513,0.11770365436271396,0.73308798761123339,6.8757652244514222
5,514,0.2170016140983177,0.22989341075157271,5.9249639384400909
5,515,0.032468248647241758,0.98020097036523668,8.254561372529869
5,516,0.94598024632891886,0.24372419327718567,6.7759041023949642
5,517,0.81546269788968739,0.34376289582368125,7.5268121659200631
5,518,0.95507713744271405,0.68999253925056092,7.2001514770186503
5,519,0.21201239334975808,0.42999428386661842,6.7253987489006919
5,520,0.67141256185866505,0.61305489047635553,6.2306332531684525
5,521,0.75723774948810207,0.66257637833449412,6.2660220555043438
5,522,0.97562932568042293,0.28271748569772404,7.9576382916793982
5,523,0.98713586003139464,0.81555540115898151,5.9908122822003556
5,524,0.46172537420226878,0.94439589867289675,7.1850873539079601
5,525,0.99201066632288981,0.54060844836022171,8.4163638398684437
5,526,0.56414688497686127,0.7913164929377976,6.6225730773820777
5,527,0.7243217744899384,0.33530993799761133,6.5203510902916424
5,528,0.53904092198164144,0.56578569348967356,10.172980478569244
5,529,0.1999842197846837,0.47128547662754039,6.7313435368630881
5,530,0.48256518454659669,0.47876939382125694,5.602551703949616
5,531,0.94732988146387909,0.94773008241262957,11.797185963104207
5,532,0.25023261015917025,0.44270154025333092,5.5937315529736935
5,533,0.97317262567103036,0.079130720232526805,7.4332666385869386
5,534,0.84585137562715951,0.3841386454610688,6.6558776512358735
5,535,0.83425578480555784,0.35700697276469906,7.5305839838320949
5,536,0.9983377744030455,0.92417340267469794,19.164122638779354
5,537,0.94940384235752118,0.090981905543469438,6.6768350228302058
5,538,0.62969085087751309,0.2019028795986513,5.4734215261237251
5,539,0.97930098340961602,0.97164954525901093,7.474632304550985
5,540,0.99986170864765578,0.12328446420992539,5.8782033872191137
5,541,0.95283707514252125,0.18969861075093025,9.5273460813118618
5,542,0.14598592709423247,0.87138032350236738,5.533074680722172
5,543,0.0046998803759069011,0.015977275888786349,8.7313606762669824
5,544,0.46927372494318476,0.87319279885415413,8.0612661923508462
5,545,0.65155945119652026,0.75594030688677782,7.0842026088855112
5,546,0.91161938043454815,0.12259624620411817,6.0898241097797969
5,547,0.99941723175032315,0.70214889941044223,28.637709990867751
5,548,0.91944765552915908,0.67571475404203796,8.1867305149097085
5,549,0.95371475803598305,0.8254545558001033,7.5257439779917892
5,550,0.00017041295444691023,0.6794952473436553,7.1677338152604877
5,551,0.77051440503399182,0.31005736079282159,6.164057511933402
5,552,0.95792753564569777,0.61765385119598459,9.1619614248216301
5,553,0.96400207585933606,0.061490783022991324,10.14906740099511
5,554,0.72983444422142729,0.23117347922000597,5.1698707809428219
5,555,0.99898038490214081,0.81752666930767115,11.647462465706269
5,556,0.29902691467298526,0.24941575727418594,6.7955499991724562
5,557,0.97710614470613832,0.54807701189078117,6.0004605399069595
5,558,0.72831715553788778,0.043319807462803797,12.580225262683038
5,559,0.91309353591011544,0.30936789099152717,5.9266887862529813
5,560,0.9972169001862482,0.29996936554115827,10.106905458082563
5,561,0.97128965767364306,0.36540638670156733,7.6273822066312507
5,562,0.99890901929478326,0.62623259267490039,11.493194589357568
5,563,0.85177982416027698,0.00068419063978818857,5.1481771284154769
5,564,0.85183835749104264,0.20431549963233372,7.3555541988379654
5,565,0.59629444844071888,0.84955354214323897,9.6705806700235204
5,566,0.058397095902150059,0.95252425394845086,6.0097028290725847
5,567,0.21913388970632861,0.62423404772409274,8.952917857241431
5,568,0.66651890678624126,0.32279683576604051,6.4437921962805271
5,569,0.31089202356020962,0.18609815986123152,6.2033020002934052
5,570,0.96300841002993565,0.44093429264491851,5.8285303702929765
5,571,0.92649816459401779,0.75054090930426787,7.4332124349223996
5,572,7.2369026401067875e-06,0.56876526852220155,22.701004210341093
5,573,0.88717967363848971,0.19453754701011275,9.1329067623569973
5,574,0.8419432432611178,0.83129905010193639,7.0249326181169867
5,575,0.9339721126079471,0.6005519296227142,7.1813079276628367
5,576,0.52837155824487281,0.29916310268662377,7.0382587159240746
5,577,0.46750388302451151,0.27124809694737573,6.0607660297967545
5,578,0.38455715678932345,0.0073303077240118517,7.6516776968924054
5,579,0.17648793619564118,0.30926741852774708,5.8673196109204779
5,580,0.68247758346261977,0.5838701363888481,7.6056223827568115
5,581,0.97921123088439088,0.68019640040619866,5.9610189691998654
5,582,0.66531939782196714,0.57733504164932392,5.4900740142777247
5,583,0.32211386143021209,0.1258991637617177,7.1255949469251432
5,584,0.6243363080779708,0.71326082125186951,6.8876892725879229
5,585,0.65405694276127491,0.5719573367472085,9.0310629222061962
5,586,0.81646179324590173,0.28281847782848091,6.9901359926060733
5,587,0.044066123160336999,0.024099095818615933,6.2626291353417241
5,588,0.96237863988365058,0.99096863838186766,6.9991329926008357
5,589,0.045203389235121974,0.15569523816055938,10.015653234351063
5,590,0.89999283086294524,0.49541828177283598,7.4553731178088336
5,591,0.57155933642133872,0.84641394160401839,9.5550776171760212
5,592,0.63061969243104565,0.51603487102010759,5.8337157203661407
5,593,0.0011369061202078415,0.22398937216781897,6.6333447022509793
5,594,0.060142326904039631,0.053432545706925197,8.7603497963331733
5,595,0.65385377665874211,0.86251173309411611,5.7511047632519814
5,596,0.91189511571088488,0.88931066758137678,7.6926182692722085
5,597,0.47487981169250892,0.47340960895926654,7.094608616071846
5,598,0.40852576736277391,0.072833227433328915,6.6078859331868394
5,599,0.53517175295965713,0.2302167406072797,7.9635214242549015
5,600,0.043193778628213164,0.1473488292323441,6.0699539254967014
5,601,0.74530819906072343,0.380981115883545,7.8033724577498154
5,602,0.68034901193483011,0.82734829687161171,6.3931961591386823
5,603,0.0004831442311288439,0.028822363994357302,15.723021518847208
5,604,0.88795875534669044,0.7145424941921682,5.5686512802809469
5,605,1.2184882315657575e-05,0.18454555143502416,5.9826487123050756
5,606,0.11836811620456214,0.68301149381451176,5.6789465007721729
5,607,0.73427491953549351,0.10834710113217216,7.1260295285367983
5,608,0.96456308688297432,0.69158701406671508,6.2955554923243442
5,609,0.79922138616246707,0.72889604164023558,6.0263719607726092
5,610,0.7722246723301377,0.15412996357904596,6.7827150928102
5,611,0.95511888515197996,0.17991165506083792,6.4031354040197472
5,612,0.38207976132746274,0.094825619459424623,5.3531074468762956
5,613,0.80040582971540197,0.65807100287854525,6.1557841020366917
5,614,0.5292153360152676,0.5357888348358707,6.8905681889788726
5,615,0.14568242149665975,0.58950255521714179,6.3526540467200885
5,616,0.99176137906846973,0.75717486696526359,7.3296844900155085
5,617,0.94291170301890626,0.57306844056186379,6.4697901386364283
5,618,0.26300435943281081,0.29357858580338764,5.5007642314639495
5,619,0.88749927635362058,0.22564720726684023,7.3299375757624921
5,620,0.82602942958093339,0.69722310843896962,5.1570046368128617
5,621,0.34563064547625788,0.53018974372710681,7.7448984810963433
5,622,0.86354158250856905,0.94005899549528249,7.2275624049080536
5,623,0.99986974580390686,0.50334909445259957,12.404950415420139
5,624,0.99683645969870416,0.93294051288926838,5.7176151859746787
5,625,0.25494942811944094,0.17765728632617081,6.8986296253381285
5,626,0.98461504885401274,0.56829061965737171,7.0366605448886785
5,627,0.69971857418753647,0.039165713754477215,6.2099642306692218
5,628,0.78263359837069857,0.69124269215838863,7.3907667107842645
5,629,0.69775873567724922,0.5091860849744122,7.2447202719155914
5,630,0.037750116258508937,0.61241938871310997,7.2440135581897316
5,631,0.79144317898470196,0.66743732803115896,6.4781076862602101
5,632,0.88028242413760882,0.15529231851248804,8.2066575808130864
5,633,0.91797688665947508,0.54889657291257665,10.377538839849537
5,634,0.88588677391981652,0.41375354841411177,7.1880978603755707
5,635,0.52238635544117018,0.0024174418958756503,5.9382053830054842
5,636,0.53351186445928156,0.9648097299991234,5.8310122278507279
5,637,0.43777998201929164,0.65770662774891597,5.8800264186480904
5,638,0.30435069677380677,0.46417075347979264,7.1258972896570612
5,639,0.82653804867757974,0.54844934387994737,6.0888218828901612
5,640,0.014982469961463072,0.66876536775085038,8.4804759944848787
5,641,0.96102701004753088,0.0018656108442314709,7.8772422849569752
5,642,0.99997734224655765,0.054589036541860238,19.495608434805362
5,643,0.33200990964515265,0.8951871875642331,8.1418355097746442
5,644,0.31781558263864651,0.53245766093347346,5.7384795354941165
5,645,0.74810621110205955,0.2235385824826924,7.5844684323128506
5,646,0.99763082209667941,0.12055139804887093,6.2439984041275407
5,647,0.26014174720050409,0.64410072656268691,6.5774169419194486
5,648,0.99847941918552774,0.73861496738949284,13.463321477556477
5,649,0.29275182568952313,0.72037248710824175,5.8095512080533265
5,650,0.77975703748871761,0.96232176120216484,5.8472029746075629
5,651,0.30976604494407212,0.72757533291293042,6.0343610605891227
5,652,0.91538897720251866,0.37609993518628071,12.738184847896299
5,653,1.0968929684717369e-20,0.38528560128493056,7.3429820132843275
5,654,0.99998105130815318,0.035037214613510344,9.7306548472132288
5,655,0.63213890065480494,0.92124355117502754,7.1340772386570865
5,656,0.56468627926924519,0.7268702002096854,8.3567594874123632
5,657,0.0025530304195470915,0.010066669091581496,8.0810864819265333
5,658,0.1053098579303208,0.71032099311097918,16.990080229595989
5,659,0.99924389383163315,0.46615931601308858,7.3399090195319445
5,660,0.13878871850937002,0.38202751852060363,6.7426395367720566
5,661,0.95616442237633215,0.57636668086659815,6.0780344210356505
5,662,0.99949213679284143,0.86067148656167336,10.06891137213335
5,663,0.87657137086966896,0.97416574147439405,5.7574803816031208
5,664,0.67730117371413012,0.38467950326444017,8.3292740469373232
5,665,0.97514252328373463,0.52535577305085401,11.9573928913924
5,666,0.21163359482194216,0.40086219777367971,5.3228624830216491
5,667,0.93654088243450706,0.47929315838431186,9.2383813441035176
5,668,0.084822545334829746,0.45575986116667855,6.8956783294750963
5,669,0.49847082994120995,0.40579770287072192,5.6670287873971068
5,670,0.97066318925279338,0.45383032609970714,9.6852689553237887
5,671,0.81434740075644374,0.23849032384065011,7.5562097169256148
5,672,0.79039150610745179,0.80891721755815249,7.534542713929647
5,673,0.7346836338620627,0.036617241038978704,6.5174681560516934
5,674,0.99994443043980274,0.25765593978694257,16.523491589422715
5,675,0.6131856818881174,0.75134992345522689,6.1550001493678153
5,676,0.99999999999999822,0.49902004902635888,126.87624658602449
5,677,0.23708221775249738,0.79019791237586268,6.2097544916742109
5,678,0.036805691076328702,0.58142958560715086,7.2313459357431267
5,679,0.75865546541906825,0.20023255566334841,8.1466125239508749
5,680,0.95869245138770864,0.51854383690905681,6.0696751697730162
5,681,0.04394415130181157,0.12767364042416945,7.2212477996294755
5,682,2.2947395702799943e-10,0.13364574479570285,7.056153282279964
5,683,0.80939002919488345,0.85570469302589225,8.1998993088425021
5,684,0.99715259235504061,0.86228284677747546,10.346131155185935
5,685,0.85617108105237971,0.20235671893707186,7.8914302006525832
5,686,0.46439380956188758,0.35666628180400067,6.679191208528156
5,687,0.55784542078228294,0.37968088766054237,7.9681463030454571
5,688,0.25808699138720981,0.0060919151213305253,8.5656043492933946
5,689,0.0011414910181573477,0.054761493323837847,6.4400326779699339
5,690,0.24630216489148868,0.10528202136237227,10.274124028403499
5,691,0.60908349647482429,0.56314552201500079,10.292073645775922
5,692,0.91823762834493616,0.67900728436375679,7.3982690167250098
5,693,0.0060154538804393842,0.31127023767858009,7.5475772053456502
5,694,0.63093026500765848,0.6383079460382266,6.7765043457749359
5,695,0.22504009555802282,0.080776221341546411,8.7874566945150967
5,696,0.99945166448108302,0.32562577295565093,9.2485276882330236
5,697,0.9115177783090529,0.93558275750888775,7.2704268642573071
5,698,0.15586143658682466,0.19474890824673935,7.0042730725601494
5,699,0.96082160620748625,0.059595544168502525,8.2759709445773826
5,700,0.52860730920449361,0.83417810859228392,5.4534683992430217
5,701,0.99994996308890916,0.88823026090627655,16.495357836600171
5,702,0.99724866888097563,0.74280817382147102,5.9804203103230753
5,703,0.61434921203858939,0.90682352886275541,8.0975043225816314
5,704,0.48911115383707204,0.0044853817638870726,6.1916368635028016
5,705,0.31179872534910463,0.95598830529353918,6.3783888668297317
5,706,0.46379078838752075,0.81505488571745988,6.4422775069837863
5,707,0.52370625554365069,0.075451097546431922,6.6266358917668349
5,708,3.8695379874709964e-05,0.73866050298472763,7.0460908359124597
5,709,0.25660230902753883,0.91892167617164855,7.1473369481663402
5,710,0.99997981303837946,0.94172499667528486,13.043127950065763
5,711,0.78456569565565104,0.06994140458122855,7.0097841814415869
5,712,0.55824596957143258,0.17736257307403863,5.8854035832196896
5,713,0.97631846314339132,0.036211020474723028,9.7744590495113801
5,714,0.38918556007061561,0.89731599205495471,6.2085760075942273
5,715,0.9775211735289232,0.24227084571142482,7.6336705180264133
5,716,0.88675112868205475,0.2802211602410925,6.1085629664792229
5,717,0.37485167083419368,0.17413097967218694,5.6004573639172612
5,718,0.99607582919406201,0.98477105608875237,9.2230778115208665
5,719,0.507707503441305,0.79900942649907636,7.8358001364147727
5,720,0.94407479333481292,0.072096647876844028,9.3687115580854918
5,721,0.39061097487007368,0.15272706304950889,6.8988060883167961
5,722,0.93816058590671647,0.66253065492251939,6.6248937358367073
5,723,0.96457007934810124,0.24270230962460967,7.1765300753966823
5,724,0.07818861294232235,0.33049595610149207,6.1226666815704753
5,725,0.8860335358317375,0.25670499568302901,7.8924938660447292
5,726,0.8801652467970793,0.29406149761432115,5.5808229956186786
5,727,0.0010144075428673203,0.14485586862636268,6.7604954862187201
5,728,0.8836933316642761,0.85150587651847265,13.201756009280707
5,729,0.011822473886515321,0.27288737343795844,26.252480795504837
5,730,0.14225774824880325,0.94500387631874028,5.8971338216758458
5,731,0.48556355087082992,0.55783124370856063,5.6495880209088867
5,732,0.0041162110795184897,0.83779701284299135,5.4487260127083372
5,733,0.60161010857429176,0.50162550175672815,6.8568535680455911
5,734,0.6028091334617881,0.032567287618940878,5.8184997663258713
5,735,7.9782811025372339e-11,0.079976844407604775,9.8670500805229793
5,736,0.99590790881707358,0.4116322558745239,8.7069165666904205
5,737,0.89921734814331722,0.13794922529845927,5.3934436951802986
5,738,0.014921385497928551,0.78378131153947983,6.4523709287880848
5,739,0.99949954040094591,0.44107121768377872,8.2033788397637366
5,740,0.46988077262644345,0.098127588656619566,6.1961931431000172
5,741,0.16110313504689486,0.30384423960213131,6.2435937268680588
5,742,0.78896463865877964,0.60383359971429895,6.2081973972710882
5,743,0.079670895617307946,0.015191376793803855,6.7010967948104021
5,744,0.6788643275774795,0.66739316306587892,6.9166020021010395
5,745,0.25405643060793914,0.35553504759399346,5.0994485233060844
5,746,0.9028287264657513,0.23570074824120368,17.283212857106673
5,747,0.50152521076858703,0.97680966733959307,6.4979135476483325
5,748,0.99932863096293456,0.23620125140573933,9.540190476919804
5,749,0.87739006664565211,0.91435701619555976,6.24913964150221
5,750,0.99757660158942829,0.6350400862035247,6.6271916443376115
5,751,0.52655739784766187,0.0040122985407793077,8.0087559621355737
5,752,0.51357646035101912,0.94607295358333576,5.6949731465938145
5,753,0.29974285085194236,0.08446214013540787,6.3604657784582663
5,754,0.54474399507022475,0.84834393582927281,6.6897593363061274
5,755,0.9998247549313265,0.17681577828905706,8.7420050404150018
5,756,0.52938190545943453,0.028068907712680783,6.373365159183515
5,757,0.68877589627184665,0.52405731233677555,7.123531662459933
5,758,0.9978960801806418,0.6989531655223209,9.9223905429449211
5,759,0.14537134747775526,0.84868378205407469,6.6050250581928989
5,760,0.42513997160632511,0.72231971410965568,7.4717575555731335
5,761,0.99747919986982836,0.97112081024567376,14.050146187631441
5,762,0.083318972253293905,0.050034681350446454,5.2789346085556685
5,763,0.75264891358911479,0.33722844471144475,6.0721016910426506
5,764,0.45073107717484989,0.8910669154781955,7.5454256778501021
5,765,0.7426622153248571,0.56154736847809417,7.107397816607274
5,766,0.32942860678750924,0.18029998288100396,8.1605111896820546
5,767,0.52761604133697404,0.34811502283092433,6.770682814608211
5,768,0.50172747929806416,0.29136638106605256,5.5110399029059005
5,769,0.99944661818973801,0.71898896783901856,13.706357101974854
5,770,0.96396396937057272,0.038150226679568203,6.5459427682207254
5,771,0.63548352774306527,0.44313618158701901,7.1893488913071568
5,772,0.054135618169458027,0.41631968466427222,10.978442258000541
5,773,6.2252092427260415e-06,0.84729374880366604,6.3345856713891751
5,774,0.97299473633720623,0.6825823450640458,12.49126617338621
5,775,0.64459597753085929,0.84328264036700873,7.6125177650693825
5,776,0.95902507467187803,0.76644730609085365,5.5691505309144915
5,777,0.66173655082686478,0.19572655377230638,7.3781166714748192
5,778,0.99999891462631574,0.60826707719699113,17.638261833467897
5,779,0.44724714711004521,0.65046835449398421,19.37565694951946
5,780,0.085575725602931835,0.77978517204218156,5.7919488088137614
5,781,0.02694320293598566,0.89028908065170809,11.155752547096867
5,782,0.97474054278774747,0.33393086262020777,8.2771954162659735
5,783,0.89845048465522304,0.14355494900840693,9.1009076605307069
5,784,0.99999875233187785,0.53636631485064934,30.18907941670901
5,785,0.99880171750801361,0.88397670017697139,9.7815478435668268
5,786,0.95101931961018438,0.40677728217700232,5.9173080190030971
5,787,0.19469568038729698,0.80823773256719145,6.077062916298857
5,788,0.31146011798157147,0.46184449458462384,6.8671562773562087
5,789,0.21824609490595065,0.027865860701356077,5.6092722869732947
5,790,0.97615864471289115,0.52850252750732551,5.9723964084303338
5,791,0.24256685400388353,0.16276208360650862,7.3266760981582753
5,792,0.80649726345022943,0.83797156582031174,6.6711095894134766
5,793,0.87110104117022413,0.80462027997041952,6.3234560438339527
5,794,0.7550594468110261,0.66903913495037504,7.5962821629416215
5,795,0.95041563165870435,0.041327778584807261,7.4883124164672621
5,796,0.10685167044332665,0.35449164772682057,9.5033806615889702
5,797,0.53080894662519917,0.52603359705738462,5.9780884704683448
5,798,0.82565877293305923,0.085516967618322365,8.9180292014547646
5,799,0.15778456473663532,0.5447160611377615,7.8004104458783079
5,800,0.93550097569627511,0.32328272372703948,9.2475794206841631
5,801,0.94421908151357414,0.85824727594364225,6.2938379499561456
5,802,0.95915064973102038,0.21632098167936376,6.6711800227692972
5,803,0.0042054741641844827,0.55838817245758532,8.2505454240069884
5,804,0.81297517922682294,0.41478747744862138,7.9198577142407371
5,805,0.99997180705117128,0.49067291173129435,9.4819641398094188
5,806,0.97186997321676183,0.34264821473211055,6.8606926150542735
5,807,0.0031183641675789522,0.17330475956922362,5.7365273227819653
5,808,0.92579781831188201,0.18196371601091232,8.0922402985372504
5,809,9.7108153265578862e-15,0.60525076700075719,7.8137575333392402
5,810,0.72319423981057462,0.94749838126184049,6.7128804074198367
5,811,0.94354435978015938,0.71521673162136712,7.4594745243878258
5,812,0.62523072975414218,0.092250616444527742,6.6608906019212188
5,813,0.60804026769881359,0.71721521984414272,6.6420493943401331
5,814,0.87806904884116677,0.55557163959301981,5.2863435476307217
5,815,0.84258538444239084,0.59969307869870725,6.345934518101588
5,816,0.043551976797357235,0.98898334212598171,6.9414448922961265
5,817,0.99881621045307134,0.51174682692301665,12.121755451911634
5,818,0.99999638465744589,0.41062673362723112,14.145794979635411
5,819,0.83038508415742363,0.63859909751364918,5.7244313565135947
5,820,0.87476024965114063,0.26950493579049567,7.2239628857629574
5,821,0.93839512376497858,0.10437062251451742,6.3557407406032667
5,822,0.90543033251473926,0.71666493353116667,9.1141673504897902
5,823,0.94916684757925329,0.42890598922120587,6.0083462620230668
5,824,0.00047076345240736853,0.70099481294914912,6.2897174088679479
5,825,0.8741344078999207,0.54250887838637973,7.7191889732224821
5,826,0.039190626884350606,0.59021897642048349,7.6309008750553442
5,827,0.084393867829003863,0.037644852198006742,7.7973110221807538
5,828,0.10930981384246419,0.65990106513844904,14.736489345316171
5,829,0.9975654280758155,0.7226401923744904,14.237681155459626
5,830,0.78233333006933559,0.96364183471836751,7.4182307521185189
5,831,0.44107623110230165,0.64334350135089624,5.4508941372602022
5,832,0.85382541527580114,0.85880425169331531,5.7812051346592073
5,833,0.34934529226065808,0.18520551773134283,5.877039552935762
5,834,0.23393950799202851,0.2909758037579061,6.853705909478971
5,835,0.95702005978469362,0.61477597796257477,7.1148473495843243
5,836,0.36127884513576974,0.76492102123329164,6.6406479874778555
5,837,0.77082849122230868,0.29598329756310182,6.5135187823285703
5,838,0.97235995957299604,0.33777077713647014,7.3992178200787979
5,839,0.9810052694153889,0.16492099423653683,8.7850298769915938
5,840,0.49406699305563195,0.14709447807498005,7.2135366180059828
5,841,0.27723917764565986,0.8678379061050252,6.4977451349430027
5,842,0.96685747906835529,0.75611056826341094,8.6894388184045113
5,843,0.32293255814048744,0.10844200466055089,5.3932430972529071
5,844,0.48366310757358799,0.4759777133736447,6.2112664440422636
5,845,0.19274063556458826,0.30317336351070567,5.9411334614124556
5,846,0.92180571104453946,0.68759743740285195,6.8234713090268455
5,847,0.57847490187177752,0.10044478828568608,6.2909799334330243
5,848,0.9067684536328402,0.71436484003595413,5.4926329011575046
5,849,0.52726812296917047,0.85092106031559345,8.1952480485763726
5,850,0.94540585999741644,0.6381068884633061,9.1969170412423065
5,851,0.94277083082407331,0.65797362521959868,6.8370310398964973
5,852,0.96827056595706351,0.23826762693575373,6.3067915135914472
5,853,0.98160227053229976,0.74147207169371043,6.3598720737965655
5,854,0.96395678533358276,0.090025644883024641,8.7362413002688193
5,855,0.73913870677556337,0.82898104795464245,5.7566968316833647
5,856,0.0057622893674198856,0.1139158763083708,7.8362270249368366
5,857,0.094119178247252896,0.18317744002794548,5.1600829506229555
5,858,1.9069451774825036e-06,0.47830129011286149,15.461118056119483
5,859,0.68027501569927395,0.088161165870633051,6.2110381338945109
5,860,0.66158736486748704,0.73537629742204103,6.2988799272309857
5,861,0.35276077329613104,0.42660124168699604,6.4203397061069962
5,862,0.48278019893567981,0.30859867971868965,8.6368550288123913
5,863,0.91478555388255722,0.8536293630937366,8.8268959905067526
5,864,0.49645461429209226,0.42611281256038525,8.2104097016114697
5,865,0.75103377158812024,0.91043981327436929,6.9338953989586827
5,866,0.57693754951621279,0.41055157669068659,6.1216802364948633
5,867,0.28730407526411089,0.1796071937850299,5.7460315571735521
5,868,0.34865124672373116,0.31149998252054306,6.551175235047686
5,869,0.72892914741180037,0.11537078453046201,6.2071220803956626
5,870,0.80134016663159935,0.81307386547023275,5.6095323822509213
5,871,0.95596711250117716,0.19830140749362141,7.7117750137261298
5,872,0.89519832311445091,0.77612370008705056,7.3743499066391607
5,873,0.999404008637515,0.40517252292392275,9.464295134494046
5,874,0.9134308776101624,0.85428840898940017,5.2665855058198181
5,875,0.99896748888699649,0.99865184004134788,6.3623144927956332
5,876,0.69158028552695161,0.91365350106941623,5.4683715048776138
5,877,0.99999999999963163,0.228022585195051,144.95956858261428
5,878,0.99398697497250044,0.34328046636847642,7.2443918376824552
5,879,0.8248459258438734,0.77045674262355646,7.7699886719148727
5,880,0.9990837541454296,0.14284039678319535,34.302673110514931
5,881,0.96228531181087007,0.94958972224542348,5.7136616095729051
5,882,0.73967522618273551,0.91284790785797942,10.023571374665391
5,883,0.34008156831089253,0.76310849534242764,6.0311525122385126
5,884,0.90129632422374828,0.077894242767253485,6.4432841557170244
5,885,0.70247181088541055,0.86910952897381522,7.2372902799522816
5,886,0.93322318748297473,0.62800569658966288,7.8474586413126817
5,887,0.17900083871040093,0.11627038886148755,6.3451495818950967
5,888,0.85792170439062521,0.60486917672522122,5.7453974241329933
5,889,0.85435913259584551,0.080069487635953646,6.481053172960153
5,890,0.94690001073665819,0.51294742730231535,14.034184642054319
5,891,0.98959411520552965,0.14662819891755849,7.3257342812990718
5,892,0.83057695867127213,0.80682748939599436,8.2821193425996853
5,893,0.8783406609425165,0.21677676123113027,5.5964740792928289
5,894,0.96032456334652272,0.73428751126087666,7.33161144273594
5,895,0.37954648779999234,0.033818147219033666,9.1886027295738142
5,896,0.5640853406408699,0.55506477394379128,11.859444603112367
5,897,0.6359219346828644,0.71868595313550965,5.5839648266880584
5,898,0.89148793766189149,0.36819714093333755,9.8138112993893571
5,899,0.86397416115368109,0.38521110466062752,8.062842112209335
5,900,0.13041930875451305,0.22982542082612475,6.180000392944363
5,901,0.92668063791901301,0.49899279863932355,7.9809030931761367
5,902,0.98813556300513417,0.34054938300143534,8.811352430735262
5,903,0.28963876049621617,0.13228324415944615,6.4865246589375838
5,904,0.80662670943472925,0.16089433843691633,6.3336983404334655
5,905,0.43191155746516657,0.83955258545820211,7.2888013147401782
5,906,0.65731829238789374,0.070151163705419434,6.8529662622538998
5,907,0.83297470436198406,0.15506771619948639,5.6168934484291944
5,908,0.46962790992046999,0.7800713462586768,6.3696246838022299
5,909,0.98308607723107355,0.2338130138311918,9.6171223027460417
5,910,0.81460495866177773,0.55679099870101234,6.4465222076894779
5,911,0.83022299584376769,0.15402142375846883,5.8398430870566438
5,912,0.89561022344295593,0.87172684886023311,14.348198396121431
5,913,0.75258930002538826,0.73303402382261718,6.6020249717023969
5,914,0.18244848751305401,0.25144442896595859,6.3998929910806996
5,915,0.91365564690230794,0.44589685686945774,6.7406786610921925
5,916,0.23049918940728911,0.14953962327142345,6.9360360123464986
5,917,0.41998656754910663,0.43782868326482072,5.1027027237894425
5,918,0.49505524271792434,0.92208565575318402,8.4855248991724768
5,919,0.97427443989015317,0.99221681076106194,8.0179632380582042
5,920,0.98025160528938593,0.83888377775208989,6.3087292905838472
5,921,0.64798948497500253,0.003670231265482942,5.5354479451292242
5,922,0.69821862849580507,0.32704304474092699,5.8486773958969343
5,923,0.99783237878430386,0.38140372665882449,7.8003218822735771
5,924,0.97489650850399445,0.4694857384637191,8.3925759305801133
5,925,0.81153973526282419,0.815356669027548,7.3118945588345179
5,926,0.12958708165038621,0.36876076892986726,6.7109122650249287
5,927,0.91174494000858164,0.092773249266796032,6.6570663261920506
5,928,0.10064487718408076,0.65268944111360105,7.6044868431281802
5,929,0.77697756255284456,0.5279585319529273,6.184168689041134
5,930,0.61421177031820351,0.95201019083293348,6.2480890742851178
5,931,0.92664375502827367,0.48816367610757283,8.2523929509235536
5,932,0.43961686067511069,0.12606392559311511,7.1327631528737454
5,933,0.12966239131153193,0.51088968490199282,6.1200725447101147
5,934,0.20059717599295843,0.10980428514636244,6.4390488759681466
5,935,0.041882841533322133,0.62265791752704192,7.7198369243669536
5,936,0.72536487987173281,0.30429406350545241,7.8318976215666822
5,937,0.53718058481160236,0.027982124992695253,6.64465927008923
5,938,0.5655699596150624,0.84264337527087085,10.58608391060341
5,939,0.35883081153652058,0.0031964043871674959,15.466883053528509
5,940,0.4344640020468214,0.89035228441423264,6.0556520332925103
5,941,0.72849127979826123,0.37978347417722758,6.7367290245406837
5,942,0.0019617225899481077,0.98008431006581409,7.8355890877783025
5,943,0.97872373069801744,0.46296532258867662,5.9129512583917023
5,944,0.92844572246909041,0.87790014939568994,5.5520766188342368
5,945,0.40708118424752449,0.53338272902718364,5.336359330892523
5,946,0.9875929494830602,0.46620132225188837,6.2274143914124043
5,947,0.56666013549927308,0.2958960044668556,8.9549558038536485
5,948,0.99999410253585685,0.47291024464607934,9.3797443341372766
5,949,0.71330441292414903,0.49105027052047334,8.8367328009171651
5,950,0.30129320223924255,0.19993270158400442,6.0080004930428892
5,951,0.9001428601156295,0.19960162014726887,7.9420238940422863
5,952,0.87714428239794917,0.64904518788177634,6.1347890507445602
5,953,0.98732694272592292,0.76948792169422409,6.9424528091578912
5,954,0.1608943678885659,0.98717578282091223,6.5508639146641716
5,955,0.0292688928149657,0.62994416885823379,7.3102819845530211
5,956,0.55118293975607724,0.49275942914317228,6.8258583316837917
5,957,0.79502750256992138,0.97428709988354101,5.7728961183130556
5,958,0.20509405772700787,0.50843375855492934,5.973955735645947
5,959,0.22331272166383218,0.48741513992224184,5.6464029181536901
5,960,0.2039405990775727,0.97922168254287967,6.7257065812083958
5,961,0.87456174583709445,0.63901485869583974,7.4875807904744489
5,962,0.89812578656603215,0.013341041148840379,15.509197833594987
5,963,0.96563543748587266,0.64611407503752227,7.2687250892226505
5,964,0.97912456804584203,0.2827620431521517,6.8607866297340436
5,965,0.9943374055990204,0.96112622423904281,6.4963255306243806
5,966,0.96851574280402652,0.070659033548248096,5.9856519954167116
5,967,0.14637672323309792,0.97134959468720738,6.1768008105538179
5,968,0.99504135214830369,0.45184893757084144,7.7584968412224553
5,969,0.95594969501706617,0.92854937231903956,8.0042974300542209
5,970,0.55538619879081241,0.22085102878926716,5.6458241684757402
5,971,0.19027155502434839,0.66386945965002053,6.9530970736068678
5,972,0.38738641599313517,0.87258623354561249,7.8480318498999528
5,973,0.15552016307380875,0.73965181086705689,6.3890535354800688
5,974,0.82348452580530318,0.65378779761650785,6.3793424754078947
5,975,0.72540930861328046,0.23517576134519411,8.375179471164051
5,976,0.61342320799455308,0.90889868793624018,7.0516953494022685
5,977,0.14662166295416817,0.75666995415818283,6.942526805366267
5,978,0.076341212545335116,0.19309778728577659,9.2894249771692419
5,979,0.49907173715827691,0.93411895077506246,6.1190951407364143
5,980,0.15798676572142348,0.12132569355296335,7.8450150382824706
5,981,0.88392575918252136,0.45226661246194577,6.89157340270138
5,982,2.3227020468050696e-07,0.85721313718278713,8.1818826701379717
5,983,0.56204750276375848,0.96116576653360308,5.69790944454083
5,984,0.79119510978471663,0.015013495325467256,6.3800036920817362
5,985,0.90736504640979365,0.16120182463400382,7.3073677103761181
5,986,0.88942663044732317,0.83975574036444312,8.1793578359679611
5,987,0.99995758973733595,0.32161711913868535,14.573305351409742
5,988,0.96577777788918229,0.37238582112314284,5.1883252939820892
5,989,0.85041307335034844,0.37580050305163026,9.1888442630804015
5,990,0.66233897581586465,0.5934760847988414,6.1473575596938863
5,991,0.40259519995387333,0.96651057031551679,9.1746716531094403
5,992,0.9951559377260536,0.30596360390329524,7.2496616299170569
5,993,0.90028396738780447,0.62639645063508054,10.359037074878639
5,994,0.021087441145845407,0.79630993076243795,7.3993338020330572
5,995,0.82310131130290065,0.393888093991201,9.4111146761750142
5,996,0.81407706358178289,0.7021214976245449,6.3049090652737512
5,997,0.68945906109374078,0.73195091680939095,7.8391002684827384
5,998,0.88479896307281491,0.41736567740094932,6.7968054492727008
5,999,0.98289433422984274,0.22408190491061625,6.7915682282237011
6,0,0.22671139994580933,0.36284832994269289,5.4952100130096264
6,1,0.61688955497024356,0.26396226449829968,5.0059558906928796
6,2,0.043090779724016225,0.69394075815561318,4.9901796532419791
6,3,0.83208764269870139,0.2344276880537923,6.5261795338749273
6,4,0.22796100933947305,0.96059623651333959,4.7013396259145983
6,5,0.9641884703422251,0.35022762524574402,4.7345692155790839
6,6,0.97849416081524876,0.54024873651296634,5.0879163555654454
6,7,0.80062891064789221,0.92357131007730275,6.1833687103191748
6,8,0.3096509016455592,0.24340391294380562,4.6827791440520565
6,9,0.12400728230231388,0.70859815707279739,5.5450062215177915
6,10,0.74548001978061762,0.50102097118334998,6.5704220042954509
6,11,0.73777475263048831,0.88086174378824023,5.6004977320957892
6,12,0.20881040829096742,0.89420697979082775,5.1487595972927931
6,13,0.98139835844337286,0.83479996232236331,12.926253130916162
6,14,0.84550905903806384,0.022572966565740711,4.7241802410532276
6,15,0.56090866774028902,0.87098820961254853,6.3459102826814391
6,16,0.1809005558586943,0.47092953558257622,5.213194150082769
6,17,0.65988304360534955,0.64531704915426136,5.4630890098569607
6,18,0.70506465883404246,0.96517829033106772,5.4770389321377353
6,19,0.64416945410278603,0.28120291954770632,5.9194405729828974
6,20,0.39991981157582085,0.83521770090828495,5.6911388262754912
6,21,0.86995973661077919,0.15667007390006135,4.9032690549504263
6,22,0.28587667979146997,0.475680019121138,5.4633924051773706
6,23,0.51618216529751282,0.57371417812992753,6.1752033975223464
6,24,0.88727647583263336,0.025561183539723718,5.7837368615780269
6,25,0.48056171864569464,0.72017748053826325,7.395743592306923
6,26,0.35244731267519047,0.30090330548106975,5.7181034684643022
6,27,0.98846557339467445,0.19974021032219971,5.8146311469448237
6,28,0.87367837287542549,0.33937642811297725,5.014631292513438
6,29,0.87514714056475007,0.92906345667807155,9.2160720361213411
6,30,0.64964140121081781,0.68750961015146272,5.8308374192793595
6,31,0.28084049327555999,0.60509198283909504,5.2785385237739257
6,32,0.12880656650440303,0.62161626803599634,4.5373370229675505
6,33,0.55182848645755,0.21416476701249965,5.3094343177329621
6,34,0.7703440589461138,0.12894696803800851,5.0924968477343775
6,35,0.84107706316744146,0.87477631734903949,5.7128621028324931
6,36,0.38095456325032001,0.72805423865353891,4.8733646681078913
6,37,0.23924904155560911,0.76390930258773038,5.6176623166248758
6,38,0.97679812734937776,0.52351106601986097,5.4556724375344219
6,39,0.68962522439635199,0.84096664907918495,5.2093204723541069
6,40,0.9485114737849959,0.55085216519257774,8.6076051292146829
6,41,0.80819633504355382,0.30967320045495167,9.2078224428253037
6,42,0.4614244428688965,0.32878716060541968,5.351668298898228
6,43,0.47564658966869455,0.4245168324452101,6.1010303699109567
6,44,0.86816375858380801,0.21566010385652476,5.0832713362919524
6,45,0.83485199471398941,0.57369442737572185,4.9446610912418478
6,46,0.99991011281515185,0.55721004809474306,13.147692668416225
6,47,0.92281700523882004,0.76283320151339196,5.0751124883054155
6,48,0.73793386850153864,0.29146904349032099,5.3395709913958616
6,49,0.99213908811523543,0.55633548086486162,5.4095853618874168
6,50,0.77355801167127947,0.92348441739950471,5.0994883450316637
6,51,0.59390478582695538,0.21432498461389354,6.8241566667411755
6,52,0.71759394195702297,0.072180901862519575,5.777795011464927
6,53,0.46576197658280238,0.58534877422563114,5.5269784554592789
6,54,0.048046589560306108,0.18004882042839543,6.1692926748677523
6,55,0.578010642034123,0.91902662489960796,5.0528826795896471
6,56,0.83224248318889948,0.73061524577514159,6.4583791972105136
6,57,0.19172536696181403,0.60227182842299176,5.300912624866859
6,58,0.86217352762717281,0.1369638524491372,6.437542704676809
6,59,0.47232095021744613,0.10702650205915401,5.1935134373733263
6,60,0.71178107766599852,0.91059513515824253,6.7152628745311507
6,61,0.52967697988446338,0.60230144242479344,6.2764443888758237
6,62,0.92982344857597832,0.75371227553193476,5.4382345593130896
6,63,0.62354679689004944,0.24405454716498376,7.2686260160491765
6,64,0.78802776346408021,0.15878338043414009,6.0438214322118364
6,65,0.50445409556263265,0.48782655601247149,5.835881800482527
6,66,0.99992242691111832,0.46209372519773972,14.941011119985266
6,67,0.15191550753564015,0.91239449926565819,6.5878737481667606
6,68,0.45873808113571335,0.53589089251015376,4.8072777944893295
6,69,0.4057544285980339,0.40334823179295543,6.0882025213540061
6,70,0.54910845613228609,0.023282584254280935,5.2375122969352725
6,71,0.99714448356171648,0.68656993256971355,6.4415837795388509
6,72,0.80305108978321471,0.38070957844239106,4.6152400297682457
6,73,0.66733632785589603,0.41015199518715323,6.5519019340502513
6,74,0.15410707027387799,0.16690930989929201,5.4160911300826449
6,75,0.69491863073124294,0.24634981146849183,5.9421718397235059
6,76,0.10391404822589638,0.93568310613406314,5.9190047580641769
6,77,0.088776195948833375,0.81816500283613403,4.8235337788720098
6,78,0.78226337814264724,0.37951828644235719,6.0536960137679072
6,79,0.3557709928896603,0.72759478163416258,4.8422874685970898
6,80,0.54086972210861373,0.19523586732762002,5.7923286739409816
6,81,0.50834785686228545,0.19168273467772404,5.3991243372587236
6,82,0.96068630892101159,0.79163615957366684,6.5889056464099882
6,83,0.98309564201005639,0.63526599107836368,5.1336804981121409
6,84,0.41739680197192502,0.65587924638463213,4.9924845519190626
6,85,0.20673759284609813,0.68938690406231518,5.1221501485099061
6,86,0.9495720689077255,0.16462419673395731,6.0648939019495263
6,87,0.00022616999751068619,0.42440713185017376,5.3552291695522376
6,88,0.64448055604720378,0.9323752056909238,7.1761311355006434
6,89,0.39432627551752131,0.32706936101157225,7.5469136353796404
6,90,0.86648575176971843,0.33900470942899791,6.4640391912126285
6,91,0.71228166395510695,0.93180863322010066,5.0532810982237342
6,92,0.91192642746435126,0.17641691502053777,6.0820753276051178
6,93,0.84291553742303571,0.45071107379607001,6.4666920149373093
6,94,0.59724465034356478,0.42883995875987657,5.0006229979874446
6,95,0.98265109424155028,0.71870440764482679,4.9243775063707336
6,96,0.30599909685445048,0.32018714770083989,6.675334807337876
6,97,0.98900089011941461,0.94776528150848893,9.448098118844749
6,98,0.9097945644568235,0.32703514038964704,5.0380035397729621
6,99,0.45258565441226656,0.93950613533865368,5.0922404159196235
6,100,0.51246142108837778,0.75144573161233064,5.0664086755915827
6,101,0.8841195663879966,0.98464905924627566,5.2113141136001149
6,102,0.14446776268755343,0.28985880147734677,5.5821430264428997
6,103,0.68230577627358713,0.59112644028560579,5.359579839713005
6,104,0.2972018150945443,0.2638011705122299,5.8686002942841915
6,105,0.39551317736368158,0.68080535902920336,4.9248342918924921
6,106,0.79294334076352435,0.045160468762002463,5.5177400028106707
6,107,0.91227792000443964,0.77944921583129079,4.9351205525592636
6,108,0.88473267467146932,0.57690949525094726,6.7512757602993494
6,109,0.99999960611316319,0.64962142402001644,12.45483386636891
6,110,0.29114959169644161,0.82823961000175261,4.8594873792143609
6,111,0.4087022608675156,0.93109770724261121,4.9665116671807406
6,112,0.14047029225388996,0.86482978729256688,5.9042116181745365
6,113,0.60493537628210747,0.43768658446088859,5.4585836641035259
6,114,0.98437552784358628,0.98574667176210085,7.5226083433688959
6,115,0.92265087384839273,0.0038125230661431413,6.285370014834549
6,116,0.019811390440608249,0.62573832179680844,7.5958000675341601
6,117,0.029833203645821538,0.49162417499053113,5.1404184835204276
6,118,0.81896531868871392,0.48972757472827833,5.21617036467471
6,119,0.79226398173447676,0.56486802474466635,6.6042905512174706
6,120,0.13441736860528036,0.45912266662392864,5.1228203704003743
6,121,0.99994667879076904,0.5345468174177318,11.764239557884132
6,122,0.68011666481424826,0.090219867408209586,5.732959690647963
6,123,0.72828532047764483,0.89436737439810188,5.874336137954109
6,124,0.31185639421023653,0.2512554830099975,4.2334380302005314
6,125,0.62557716681986542,0.5833023274840714,6.015666705769922
6,126,0.18278781192401275,0.65620924638942835,4.8874488942590064
6,127,0.30737428478018991,0.36932197633061031,5.0970225851022954
6,128,0.59496614946768245,0.8609600746898145,5.1134084267407411
6,129,0.44541901766349251,0.054012254952991764,7.089171784054348
6,130,0.96957920076190329,0.37196959950347874,5.1839426152635477
6,131,0.30658292031635959,0.097642976141461502,6.8166194126593114
6,132,0.14670026910784473,0.68415654532921644,5.3654380882437929
6,133,0.71388126336036473,0.30392824651126099,4.9292143432070912
6,134,0.61673474962346941,0.84239314407720434,7.2088001454647701
6,135,0.92902292982786105,0.010789070867631291,7.0042563089380936
6,136,0.42147741230005414,0.76429093645514834,5.916910976714453
6,137,0.18590034699299901,0.68994713991599987,4.7110049696813379
6,138,0.57832349628171165,0.26443075606997241,4.9585281596452191
6,139,0.28076371126123473,0.37338433055887027,5.4958663159551495
6,140,0.98975264179830047,0.43651524884295417,5.4898762422853675
6,141,0.50951028086817496,0.40363759345728872,5.4260059103424059
6,142,0.68705982273286326,0.63025126908551665,5.3584696548427377
6,143,0.91791633136360073,0.89914832544474199,4.460467375517398
6,144,0.80298893955020911,0.62702037608727523,5.1751143915579112
6,145,0.97245132252275113,0.30637242096484146,5.6177533918406635
6,146,0.47573669136748187,0.76186377562069996,5.679954862056924
6,147,0.99993033585306568,0.36209200197172042,16.256076389093881
6,148,0.84474618757971309,0.06699573608563307,6.561564960372321
6,149,0.73320936573562312,0.40996734418656683,5.2970412870493329
6,150,0.5308509382551152,0.70346348356319488,5.5008326283482827
6,151,0.13068464562258034,0.037533201065805349,5.2300243052360145
6,152,0.54757254689493173,0.32073815597447797,5.923958494963264
6,153,0.52110122803172854,0.10447890045352863,4.6111148886729225
6,154,0.98089966378342208,0.94221979337576511,4.694239853305433
6,155,0.86546667686756629,0.87972940869342142,6.5394834132507818
6,156,0.81297360050240353,0.40286834461157173,6.8663566558959461
6,157,0.64775744220568265,0.74628815037936036,4.478409510586749
6,158,0.30312380926057614,0.55444553511301031,4.9279797369601104
6,159,0.63121689095588707,0.34335458731103041,5.3328499725499077
6,160,0.999559703685717,0.10578313866161886,9.3797784859408573
6,161,9.291267826591245e-05,0.83756307723744183,6.4297439156474852
6,162,0.97739141536430574,0.42961319760644839,7.7554931247550618
6,163,0.37430425536503475,0.31820117259369401,5.775088193899073
6,164,0.73822858984949336,0.90083909733075862,5.1453654820275769
6,165,0.17854577345156211,0.17586803627578276,6.0415295086203749
6,166,0.27504260653433088,0.85273656202430648,5.8178267991290751
6,167,0.00067980480782633165,0.37065866606391701,5.003524517127758
6,168,0.75445446454243803,0.20607136284509092,4.2561156848848229
6,169,0.19821899498735285,0.31532905264064165,5.925272507624328
6,170,0.79259961783958932,0.4764915187819232,5.0286676358501037
6,171,0.7781649238314855,0.12616950764136453,4.822194463338195
6,172,0.89471112257586938,0.25149536599786609,4.9341981275450992
6,173,0.77330442470000738,0.33884203222236037,6.0804937395245666
6,174,0.98971982228954858,0.30321125588867837,6.1189248293877698
6,175,0.3949497168519861,0.72598930830273767,4.6648565859284936
6,176,0.88009398358705093,0.49186134456227226,5.907303534597057
6,177,0.93162543113305052,0.51251450137783849,5.3533437866900098
6,178,0.59112596054615374,0.56361594554547523,5.5061502984119528
6,179,0.79466856640437167,0.42200996470987084,5.3751905528504205
6,180,0.27882354755398159,0.33860755851527713,5.7364859789411193
6,181,0.87503772881261255,0.21515866893179544,5.9478868189740179
6,182,0.85895113414352964,0.59723077218468468,6.1010719028112712
6,183,0.60449151562057768,0.19985341497117837,5.6754082363002496
6,184,0.21763951425801858,0.37306154864258906,4.6184171915593923
6,185,0.53573718655355163,0.51473709584566474,5.490485249095796
6,186,0.13049483212747112,0.53143750971656334,5.0238904796810795
6,187,0.27305513465050363,0.59144589590954066,5.1529373739535274
6,188,0.14235061379013575,0.15352757455468144,8.8637556469207759
6,189,0.67575492898769818,0.13163821592204777,5.0558802785667956
6,190,0.99893749451533831,0.54029389352144019,8.4481902394623187
6,191,0.025811144853218962,0.85203402588829258,5.0452266175367129
6,192,0.99942462514897379,0.82719322068302692,8.2053123266380208
6,193,0.68135982762570402,0.13732878792831058,7.1602819965144109
6,194,0.12451304482859529,0.11899316000579953,5.3020233483125159
6,195,0.040946849823420416,0.86525983219217506,5.8726189399340276
6,196,0.30394234257746411,0.047450009779574739,5.2899957970988414
6,197,0.95123595517504222,0.70417764193752475,8.7216432370837573
6,198,0.70752429482768353,0.50117817561603517,6.0012783044360303
6,199,0.80261817630158894,0.87189428374717581,4.7460826869708468
6,200,0.99222896345707623,0.67962129874826482,5.4571095032961958
6,201,0.7398893210242119,0.3958747090831416,4.5443135121026792
6,202,0.0004676968398946409,0.35867960715989716,6.2613966348613435
6,203,0.85530918011662571,0.93535178865917756,4.8660147140186076
6,204,0.29892429103380602,0.47823702008703461,6.0457613599659039
6,205,0.98780596494002959,0.38653787919707794,7.4872651725110844
6,206,0.102270612468671,0.47592432403278084,5.160692546402343
6,207,0.63020598170563946,0.0018119653025080674,6.7892021882150546
6,208,0.21200049954576233,0.39875283406870299,5.0500086215089439
6,209,0.98685092999932866,0.14591646977839529,5.8376055445201374
6,210,0.28398248923460767,0.24918519588034665,6.0080074660867258
6,211,0.77708765323881723,0.77574877418203803,7.1110106113317695
6,212,0.7379253336490974,0.5793273559833606,4.9432709736085272
6,213,0.022685257207779912,0.75097971053841728,5.1349916930527781
6,214,0.92085517941023254,0.95477363925025593,5.8526238108287005
6,215,0.03651720081941192,0.9017022217767825,5.9536482905548063
6,216,0.79094759282700999,0.94858920547710923,7.688907733009315
6,217,0.76109677236962603,0.95073579431028099,6.4504357553716298
6,218,0.63110769770258046,0.38597746188636367,5.2232912197133921
6,219,0.93346517374601601,0.60270435012951773,4.6867392581739473
6,220,0.18611850616306538,0.82597810676508887,5.5767215959782108
6,221,0.83751342181391419,0.60632658339765055,6.3943586501495231
6,222,0.075520476525337971,0.27631897722999382,5.9723618012697974
6,223,0.94081382737555652,0.95647922246512573,6.4770733418159976
6,224,0.83758295476617739,0.78078384078204222,6.2423627096163248
6,225,0.74400201708385127,0.33146492787638809,5.2845393132276541
6,226,0.99737916761114109,0.25549947397216333,10.602133747237355
6,227,0.14021313536422134,0.064807534110988774,5.553336485271835
6,228,0.16642340233420422,0.42129071638302279,6.6093342554741135
6,229,0.97886669278237914,0.43051107334762451,6.4612876650536171
6,230,0.77384845454560258,0.13157252735586109,5.4939386025188366
6,231,0.45997004284703191,0.060221068111573545,4.9059680453248786
6,232,0.88502750437544697,0.28017329258176105,7.749463053542355
6,233,0.020944074975853655,0.0034035108410068299,5.099307255314435
6,234,0.42890718369057379,0.42256627959846604,5.1387304532843849
6,235,0.043582496594740866,0.92572359721912867,5.347577418134156
6,236,0.74998749587765934,0.74711648693401722,5.2926435757125807
6,237,0.87381149480427367,0.76453714079506441,5.6346421754562313
6,238,2.9179604865930478e-09,0.76703468565693578,6.8300652012305756
6,239,0.98044237189329952,0.23878220035096326,6.8811911377077211
6,240,0.96200264352316034,0.58473926260916509,4.5302221607282318
6,241,0.77233259581034208,0.91908439265184494,5.4503405573142309
6,242,0.97774134726515327,0.52221656456547461,5.8410457300112304
6,243,0.99908516914895018,0.068838935382979707,4.9487335646635344
6,244,0.5330306662330303,0.34725494854473421,5.2795887945718585
6,245,0.66795233825103972,0.8300457385902601,5.05388323036017
6,246,0.83865281703303018,0.67447749914286759,6.3447819115484618
6,247,0.90385945891372665,0.8288437296749368,5.9300567522901195
6,248,0.8665889574496034,0.66759000064927476,5.1236532031410338
6,249,0.9610504967218606,0.88121380097926005,5.1501895972364746
6,250,0.49507999217731213,0.19064574021046354,5.2601814155908349
6,251,0.057483266754291017,0.50754702676914032,6.0076621929010958
6,252,0.90940021844301366,0.89618234964752752,5.6464872307056968
6,253,0.51997776337530854,0.34352582656285724,4.8277557897741001
6,254,0.84252173131411168,0.33912351989568251,4.3084669005086269
6,255,0.91282282430633832,0.9757098929271053,6.2536607722708473
6,256,0.28327256154846536,0.81434342208538535,4.7922073720746656
6,257,0.74950771312423425,0.003885078451214454,5.5793580698527556
6,258,0.95368378023601408,0.027961225971875739,5.5274972744549835
6,259,0.26658921182290718,0.29544274596278625,4.6870637254266079
6,260,0.94386143224534569,0.57172580484011326,4.6317726256129346
6,261,0.71312933249119026,0.72713703674895769,7.1502674941641446
6,262,0.75487335797269173,0.98428008852491289,5.813740475477128
6,263,0.31392132935479078,0.78242264326642641,4.8822246519712715
6,264,0.28351600123738763,0.29675964567558966,5.0657715842018494
6,265,0.69152882870350629,0.3367014445983379,5.0964118004878838
6,266,0.58499641031969873,0.48578417852452271,4.7520021115828959
6,267,0.97742864040144561,0.96522162376893172,7.3724393674127171
6,268,0.31093859564116039,0.64703434138132521,5.7532324134050103
6,269,0.75275998672728017,0.86217566943234891,5.8005029689638343
6,270,0.41357354720370504,0.26762062118929547,6.3942926240243771
6,271,0.58058404259656049,0.69934437541760497,6.7200728757492305
6,272,0.99638997798467277,0.67539959122460069,4.8220468725254237
6,273,0.28429849185367673,0.030504325478320691,5.1183723699153783
6,274,0.012555361520692178,0.81010480678572472,5.3038247323030268
6,275,0.044433494201023098,0.50206663023931741,5.2169875773317775
6,276,0.9214134253243712,0.042624898409048179,5.697244936588219
6,277,0.92880947546977688,0.89256115301578398,5.4092193953189733
6,278,0.049054794795597143,0.23122675019508038,4.8030253307298345
6,279,0.11087824697711,0.7251592779871443,5.116835408904854
6,280,0.65127220927445517,0.95818066194879803,7.1635457432870968
6,281,0.30006529155950967,0.089890985924037589,6.0692236347678596
6,282,0.80240965930910058,0.13000266089504478,5.6736397668836824
6,283,0.13506402184588912,0.24488352954053599,4.8894877629909725
6,284,0.75640815877920331,0.59746030787191606,5.8240191002568249
6,285,0.23737018900087406,0.1851796135066647,5.9480603573027606
6,286,0.2076101068488255,0.82062744604051352,6.3108851325718032
6,287,0.21835166966834918,0.48851988999901741,4.5603037581466088
6,288,0.95050459142882215,0.72957553678985521,5.7335026498675203
6,289,0.22394719629163204,0.21773466914719525,5.0287183969519997
6,290,0.69703661957033414,0.53678870046927196,5.8579976126265709
6,291,0.30075212443293414,0.5510125826694523,4.9872167592794776
6,292,0.20027989793511353,0.90537684899851678,5.0818982541293769
6,293,0.94897965270876261,0.26477532223603384,5.2176826060487942
6,294,0.57037274981361119,0.17891159813160357,5.4464664106828513
6,295,0.6317924853932696,0.48450858960072452,5.0881972742688566
6,296,0.88434769669490421,0.8383584854600028,5.8247232145889951
6,297,0.0917448325766832,0.14803056597556469,6.5592915221248766
6,298,0.95505767149241294,0.39896611682744582,6.199282256337332
6,299,0.44281750626342892,0.74048986163332042,5.3263970091693524
6,300,0.50950823957113545,0.9525824722417271,4.8544167841708754
6,301,0.89739602593120038,0.1342525421051273,7.849531446468391
6,302,0.50964111626908648,0.30861028186094752,5.8478620832281498
6,303,0.29369521748072625,0.55836445395336787,4.9796730893514987
6,304,0.95593440467229407,0.6117525522567101,5.9747309321442863
6,305,2.5901483170771837e-05,0.53434080641284776,6.0411900096171873
6,306,0.73245301189382184,0.43848108517627316,6.2618384644135761
6,307,0.48566987630679803,0.39359380693711127,6.0260940252626947
6,308,0.23076213755465963,0.55190608018289189,5.9435217358139836
6,309,0.47693485378455247,0.62809389218758283,5.2182213475675576
6,310,0.18711683425629297,0.35371216418926782,6.1301598490425668
6,311,0.18167745301365668,0.74618078002743393,4.6274753202987
6,312,0.2896885220733067,0.99585909230841341,4.9566002064026273
6,313,0.8878617390314868,0.41685247217215649,5.2503338395851946
6,314,0.98356333225115877,0.089961934668291346,6.4504019701953528
6,315,0.27467766334051313,0.72848596967834223,6.0349190203455931
6,316,0.8780498485534115,0.89427230071817088,6.4256163420583787
6,317,0.67383687989078123,0.97662431750372325,5.7905752241285002
6,318,0.5048619569422631,0.64153226075639558,5.4338652529720139
6,319,0.0024988736915244197,0.098960799550113152,6.4691415909760197
6,320,0.44480066029168358,0.26451308493259335,4.6508714865250056
6,321,0.62567844793344118,0.75295479399429688,8.2233201040850492
6,322,0.71156271567859175,0.21689350347790173,5.3327077133924981
6,323,0.68634876397889266,0.12072691075304229,5.2545164754574918
6,324,0.91730549379362514,0.88181372640104005,5.2600302486794117
6,325,0.53310409386717716,0.31454054376267976,4.5736125724317453
6,326,0.89720155576573968,0.95441958854383013,7.4756550290249217
6,327,0.095045609714273269,0.73327566803305066,6.2108873414200509
6,328,0.51612584861119248,0.060437027816747306,5.8873296071891437
6,329,0.12258991531138962,0.12897619847802935,4.5163835959601144
6,330,0.8762290595959833,0.99925165204447897,6.4970987942699443
6,331,0.78257242041189423,0.67872462879989626,6.2313486852928213
6,332,0.94125347854745833,0.041984813960668062,7.1536732187992316
6,333,0.29239649343541418,0.75281722357344771,6.005590230754045
6,334,0.23740060421797701,0.2902108088194581,5.2020474904280052
6,335,0.86594389505177749,0.98030721725556913,4.7818940234003371
6,336,0.8554806324856119,0.56398375823332225,5.6094285496919349
6,337,0.98561806861933654,0.37196932676029137,5.3232392569002203
6,338,0.41523829532275952,0.96349020739807889,5.548912582928474
6,339,0.95754494976336335,0.0075336221070514313,5.7215915067528416
6,340,0.94743738533992639,0.90532502613743715,8.3242892127168293
6,341,0.82552125209726246,0.10803755744984912,5.5107555040084168
6,342,0.96308007996345646,0.62968114639755468,8.301364187000301
6,343,0.10559768152847424,0.56313270286443307,4.901528359534252
6,344,0.98472863968902957,0.30167909138772564,7.4230180771706298
6,345,0.18571388233377059,0.8063006522162357,5.5143912174061542
6,346,0.19819851178230299,0.025225164107256004,5.490586047523851
6,347,0.96544161899093661,0.45238062398844936,5.0972796919651815
6,348,0.62373163583384972,0.31244556037864724,5.891498487348084
6,349,0.45930757448556891,0.16648993318160371,6.1789808517198894
6,350,0.96628031338880138,0.24096136587330713,6.2486784018920032
6,351,0.00092963011178534766,0.46527235292801916,4.7054805604467287
6,352,0.98650606952362541,0.67850806744619063,5.3902947013995952
6,353,0.30549537503002117,0.36623540397365245,5.2784751634533134
6,354,0.9285923752023888,0.76154598674727991,6.0150890664442196
6,355,0.65960077630664293,0.5739037109123809,5.5352693957646242
6,356,0.9407378717932845,0.94889456471419331,7.1472212457501119
6,357,0.96616655756711867,0.70234136599238273,9.1890635158141869
6,358,0.82390653876722242,0.3796648991176913,6.2883404239274228
6,359,0.83099826311617742,0.9129005896140221,5.5785137746121265
6,360,0.80936668283227897,0.73334251309410914,5.1269453046388342
6,361,0.0721689862950953,0.70644671595911546,5.1645679392017545
6,362,0.83676068357073352,0.41111307758511639,8.3458703280714559
6,363,0.00142844003106723,0.82318403079920677,4.905523123807753
6,364,0.16549562582478242,0.61278320289207455,5.4867906977429648
6,365,1.1733994149552578e-06,0.82317420260119145,6.1637741325680038
6,366,0.41498504021891652,0.77909614885361278,4.7695730097516122
6,367,0.96341270067718265,0.87249719957909844,12.006170121725587
6,368,0.4486201108797509,0.595052741293567,5.0484197948139817
6,369,0.49710371343518656,0.4550138103911644,4.9700168009537009
6,370,0.48515748822106985,0.24082865522696467,5.780672818592679
6,371,0.77122040205610409,0.60729747063078288,8.3866059914892936
6,372,0.80614586769318319,0.82112975510716602,5.709691934454848
6,373,0.89697231935724497,0.90080209830280544,5.4098149925119987
6,374,0.48876981981946266,0.65909251700837068,5.2763732613363574
6,375,0.78008406062717361,0.81806492697327005,5.6077436455511558
6,376,0.90218159447706725,0.93201337221203073,5.9196344122672127
6,377,0.67366906439247232,0.30172531952477039,6.571190267365405
6,378,0.69799687526066378,0.57076520317758284,6.1712810523965809
6,379,0.96910482761312289,0.20700586598719842,5.393237446276876
6,380,0.23384573650012494,0.39080126905040241,5.4952233866262636
6,381,0.38925455013869287,0.18070257537843029,5.4793112951977436
6,382,0.36866802632691348,0.75861996834899825,4.6934103985631914
6,383,0.64155925349442267,0.39452345717345988,5.4279734322605
6,384,0.42520056235897313,0.27672354454924514,5.529895903987037
6,385,0.61743268101256943,0.23527043779097903,4.8225422914344902
6,386,0.47133018622086298,0.61015184522884325,5.8129082363333762
6,387,0.25972843691066427,0.47217254725264535,5.6580897761267837
6,388,0.43069177432113986,0.88709623035985152,5.2706483517600775
6,389,0.67891204151051898,0.45938649081421157,5.2146944837669791
6,390,0.60363506042488579,0.78931225387265957,5.2762645290078547
6,391,0.06378588556280107,0.66564308640000369,5.2438176408974613
6,392,0.47646285090390472,0.5436842595615663,5.7715140550632684
6,393,0.94393653793601917,0.48019177860687789,5.200564705647988
6,394,0.63887134227256293,0.35454366494728101,6.2810346875301191
6,395,0.016355000941558125,0.64136285509944635,5.6373106026423825
6,396,0.98615918471253894,0.80265392033751448,7.2440625864370274
6,397,0.43249838039397986,0.75808297053351537,4.937272696077649
6,398,0.03794213308902409,0.43243736289699569,4.7676283247017164
6,399,0.12100546995216395,0.069337466091271074,5.2307811657886552
6,400,0.52301237711949677,0.046270329623319027,5.1678208832616379
6,401,0.74565239812298378,0.13094864030168374,6.2864406854719919
6,402,0.11842479658807602,0.44396114847048407,5.7861489312537362
6,403,0.49747774848514659,0.90086613708516039,5.6109061551067603
6,404,0.0094521781105803854,0.45233123465692632,9.1250088557256124
6,405,0.03227721442059045,0.75759000360082529,5.1154130763793972
6,406,0.52543513410877574,0.76166154529133823,5.569873719953728
6,407,0.64167363421886603,0.82807526281153365,5.1345226437065152
6,408,0.99238011268856041,0.42473015093645711,6.164996658884756
6,409,0.78080473002463235,0.95189879613453743,5.5231960009030594
6,410,0.70093733200658404,0.78436634367501268,5.2891619014911946
6,411,0.042247925649930594,0.55936452268591852,5.5851336330613632
6,412,1.7993651582728635e-05,0.4776676034342423,6.4209316355969399
6,413,0.056753947857784613,0.56572024122542164,6.5322799383156402
6,414,0.84212669826511521,0.76306365122613873,5.3392191188266942
6,415,0.89054363255288749,0.74598290815867785,5.1253765349182956
6,416,0.80772273884028878,0.53580351717497821,4.5396400861146891
6,417,0.92953012844227245,0.025464193072648078,5.7314865112546203
6,418,0.61567659135674546,0.53910167356832372,5.5151192527931974
6,419,0.79484104488289142,0.65460064165391452,6.2386159607071274
6,420,0.11144952264014875,0.43378869903519657,4.9682257004908683
6,421,0.56913278526479405,0.1538245993018042,5.4370905536705152
6,422,0.065396517002287435,0.27845438844176018,5.4101703020508731
6,423,0.017373597533962379,0.14732676850065701,5.9513119484631227
6,424,0.84778141365484905,0.78228873401196686,5.3096622893600651
6,425,0.89009780948657302,0.26187672369456533,5.7446389867012151
6,426,0.57834468264526107,0.34442225455853559,5.8391015724330888
6,427,0.85426369876154573,0.72701246497286365,6.5896056395426292
6,428,0.44255396638661498,0.62185711233496677,4.8172784292203366
6,429,0.21191361109677775,0.78485275070986449,6.6635695717006564
6,430,0.17552926643398392,0.15621045623990842,5.2419630779710573
6,431,0.14591340312647916,0.12758577054394871,5.350575688609025
6,432,0.45025579169457058,0.75791358770737505,5.5492810932839776
6,433,0.054612501450725236,0.74368298918743414,4.7756072797380833
6,434,0.38602338897327271,0.34671141861816296,4.7926910865172134
6,435,0.96696302809088042,0.29974740035153119,5.0217159045057533
6,436,1.4250196016457288e-06,0.42503799427377409,6.2587101733667323
6,437,0.42030859052516695,0.91944437078401375,5.1892188736415674
6,438,0.31402798750671179,0.65739835488671239,4.8782173306161338
6,439,0.85141259945820913,0.52409878651841557,4.9827109654015755
6,440,0.91747317883416724,0.8649286272733665,5.3208727151528441
6,441,0.86192738163036342,0.55360441140964012,5.8099776525955313
6,442,0.47274558550840495,0.24525870205815459,5.0546939675919322
6,443,0.0030128798072439544,0.49639061674581231,4.7070230916913651
6,444,0.97017871304182057,0.91041099654152435,5.2163427296187272
6,445,0.0030406465479154827,0.52601065936707503,5.6744036507046607
6,446,0.78359230107271483,0.76961590484825781,4.6114253107014029
6,447,0.58996107614923532,0.48560309754456332,6.2697237154569976
6,448,0.99251143932360542,0.76884522212895789,8.3392357466040146
6,449,0.89444124842122852,0.067529253542793724,4.7788165473095239
6,450,0.0006013645425844129,0.55004751335648638,6.8647049332132326
6,451,0.22095554117159311,0.9235119626825532,5.5663933026937435
6,452,0.033206671975729921,0.42253211812262897,5.8184345661581318
6,453,0.86053949723978729,0.84784906386257985,5.9535280312114125
6,454,0.97547954244813895,0.74521239551634699,6.4341312899186711
6,455,0.87192615073117885,0.70341849687616553,5.0500246261594857
6,456,0.0050386724517776926,0.30483667695376576,4.8579105340397222
6,457,0.44133539970595126,0.4492248954024966,4.9116918098180431
6,458,0.87070229732542237,0.37284124671766333,6.0768470596436455
6,459,0.77161174988146852,0.11675605882336995,6.4578701186141743
6,460,0.013818740336008451,0.0088969348095752059,10.489202695152079
6,461,0.98051118081104405,0.10215141273506609,9.9392926083731776
6,462,0.83545592921170531,0.0022043902676061227,5.5649521813311305
6,463,0.81847594481620245,0.2338452397192789,5.1947241987087853
6,464,0.14112764801754141,0.58570233314177789,5.7422205424567609
6,465,0.093533977679323782,0.47912301980585581,6.7089057146337296
6,466,0.81486565609826012,0.6555481599739178,5.9821629268409291
6,467,0.97546106101455676,0.52308976768104576,4.9278524257584522
6,468,0.95070636751144211,0.50516260996205131,5.0814497417443114
6,469,0.999401983613179,0.19293439502542492,8.0017879177862739
6,470,0.74491357244323375,0.75834889232040226,5.100967764499039
6,471,0.024507913891846842,0.41231585338964921,5.2905678682820474
6,472,0.80100791583693254,0.50253504680629546,4.9680539020981538
6,473,0.9380196724654104,0.75787336520638737,5.3811954170310115
6,474,0.95843768317813827,0.16495021287578343,4.9885043200445738
6,475,0.013620175290040894,0.85112892851545929,4.9893441995102688
6,476,0.90803506030292036,0.22025116330814318,6.1516997508813764
6,477,0.97581752463388594,0.71772437637095243,6.6738722826797083
6,478,0.99074251190988372,0.10272103080773549,5.8049845442726955
6,479,0.67883816096191807,0.8335348269858629,5.0691747825482283
6,480,0.3695869508856664,0.60077032369724304,5.4714013900907092
6,481,0.33030007672194656,0.94786585496178943,4.9434034220490295
6,482,0.97981127130511814,0.69700466078082624,11.70581128184233
6,483,0.22975697089423491,0.038732403408336828,5.0059154154308905
6,484,0.83940867638240546,0.50953260832671876,5.5478746244124242
6,485,0.91702499597745213,0.54000414674909136,4.7746786061970727
6,486,0.33061671191470576,0.051689007905301829,5.0769855653281484
6,487,0.11928600145777495,0.6993990188035073,5.773263445371267
6,488,0.62906766084839738,0.59673094406773064,6.8130697390264068
6,489,0.75494883456816952,0.32232987894572096,6.1462876017442261
6,490,0.99252692608634385,0.61859594167267551,5.3799110091747115
6,491,0.52909347014864261,0.36204358251110091,5.33930366804936
6,492,0.63684108308383414,0.19291420082023708,5.0748801744597927
6,493,0.93982622408132577,0.053120363697538177,6.2537922899089073
6,494,0.81442170469265318,0.20686492157618608,5.4729250105457963
6,495,0.9529891494140007,0.16429243292501863,4.8260837882418128
6,496,0.93207604702898827,0.32299360599032284,5.3077400298178938
6,497,0.42413362950388828,0.59435914001779599,5.1680203088836709
6,498,0.49359798560019619,0.35028584671623347,5.1108743874867022
6,499,0.19054360316430374,0.94042315464157489,5.3925708599941284
6,500,0.47564412725469241,0.30546973554100093,4.596010063721228
6,501,3.8449314355092007e-27,0.93739221062301048,8.5523182232655479
6,502,0.83703677327942949,0.46734765591045302,5.3055837270884671
6,503,0.66583013899689314,0.85171547987641627,4.9887434881473736
6,504,0.35503517177241822,0.95032758315689447,5.615143121805513
6,505,0.33986561681585048,0.9870117573512015,5.3563646899967443
6,506,0.47902508006716649,0.47119390294160513,5.7413675665589103
6,507,0.51743856148454248,0.31962894568512323,5.016654555610093
6,508,0.2164679458003711,0.090889416157916028,5.1160695385797021
6,509,0.00074217564929724659,0.11120023491668124,6.0851873425162761
6,510,0.92795942174429236,0.17143297975902355,5.6410582765351212
6,511,0.36141198043360029,0.59314421210289137,4.87324847904467
6,512,0.73034861660454908,0.11858195119994777,5.7264954272605975
6,513,0.0095142452886594377,0.67861520865633507,5.3279300043956468
6,514,0.74797832900430195,0.50018621129682317,5.3589449093932382
6,515,0.8092490348775403,0.20636433471322396,4.915404244077715
6,516,0.74686345105759755,0.94320118688306509,5.4348721917148843
6,517,0.84195350305050076,0.91749868078938768,5.0966692147430832
6,518,0.31848754972600324,0.30435805301648983,5.7366316036790854
6,519,0.80939156907285315,0.9089756534718767,6.8267645364743865
6,520,0.99343232032261419,0.72878864499365004,6.0715350313710985
6,521,0.75125819596362997,0.41203353252280767,5.6039634025324423
6,522,0.097567484041890237,0.29139842370472624,6.2357747211964751
6,523,0.98027787688164769,0.083322328791678724,6.0736421149250477
6,524,0.88906096840717408,0.92064950647534727,5.1199288573386807
6,525,0.5069022713617739,0.81903490685198688,4.8226138019186786
6,526,0.0021569814735215046,0.17958407859600969,31.790714161587587
6,527,0.97850649737890805,0.97121347275915104,7.4177454538842369
6,528,0.8164071826334145,0.39430438558605002,5.1964172753034417
6,529,0.59038520417830209,0.058815382801579698,5.8200819096685326
6,530,0.10514032387034945,0.41403514979532235,5.7438205962313322
6,531,0.67785588424134924,0.54888097924956258,5.0869081182151916
6,532,0.94506945452900559,0.8849925733766586,5.7532269823330608
6,533,0.48775295386610185,0.96927464174146793,5.6830732579058099
6,534,0.16588351951035499,0.35260135796649406,4.8317253387502852
6,535,0.99999993489904138,0.92559316581563111,26.762229811096361
6,536,0.86260910376889399,0.54264455871219242,5.6316297309795846
6,537,0.0065905608689059963,0.43927129213498922,5.3420422575906228
6,538,0.78247615063680387,0.44213544243464908,5.5238822209726548
6,539,0.95814895453533111,0.76011789136344277,5.8213035290418649
6,540,0.16736881253162794,0.98440980424499247,5.3779455120266624
6,541,0.3250757080186516,0.90413705716327764,4.7649904734392958
6,542,0.17836183708477127,0.57397131083495567,4.5577065869818014
6,543,0.93927640212978003,0.63084835581392051,6.1128899826184817
6,544,0.98878997210659103,0.17491093441744596,5.9429215522056058
6,545,0.091091680372693509,0.14918083116350356,5.9107547019373614
6,546,1.239815840668761e-12,0.66965257616970775,13.569659693285955
6,547,0.2563821385597394,0.81252010488263426,4.5495411623180742
6,548,0.0044814001598612345,0.67135790574614129,5.5009524044764984
6,549,0.6707442181186295,0.53529531297854394,6.7168033953219064
6,550,0.99130958301834426,0.25893378157607733,8.4059621223587513
6,551,0.34519497361513413,0.34537886499487097,5.0319710436985146
6,552,0.43114369753545168,0.88566241734955375,5.1014865060353722
6,553,0.3367128772116888,0.26184418937771625,5.1270351472130296
6,554,0.13224781986178707,0.59273347114111741,5.7355719172689934
6,555,0.2579559843114918,0.64386640278556062,5.7785892648517736
6,556,0.069643292838900764,0.19106219708499655,5.8509088509210638
6,557,0.94885222250433809,0.56282138940416659,5.1157462504475362
6,558,0.39826970849853133,0.98639171704797168,5.2907891931311859
6,559,0.39139121417690448,0.69653819810513962,5.7551310408437324
6,560,0.0317829085683606,0.5522712600869657,4.990357922114816
6,561,0.31655242347698698,0.70506391273692903,5.3919999408453112
6,562,0.50776572645372586,0.83474101702342973,5.1586648938159883
6,563,0.97228632688739758,0.65309114612006725,5.7289507941481874
6,564,2.3801907818263031e-09,0.15406571606259695,5.1128659024534731
6,565,0.33630732537710206,0.11546901440361142,6.0926772148131398
6,566,0.17920710337383117,0.59388506082555459,4.9429636599202267
6,567,0.2642577580511774,0.46607122315671135,6.4228044493570646
6,568,0.71030552521014578,0.96312421459809849,5.3997823413916235
6,569,0.96699675007864661,0.95139838409585753,5.0682232387862918
6,570,0.91859927423043575,0.35739305856767228,5.6393538644836276
6,571,0.05710187785936776,0.44826405672981251,12.10599333033344
6,572,0.93282730358688681,0.7205936954332377,5.0815867629163609
6,573,0.17255586595915898,0.86695529790032411,4.9414798584446036
6,574,0.93067876865990806,0.12294231152023945,5.5465013389574613
6,575,0.29440219059132811,0.55943941517934659,5.5453305634421266
6,576,0.44300814179099923,0.22655368211812252,4.7013798799373765
6,577,0.86046510326106918,0.1679068858158107,6.8811098529486854
6,578,0.084299195000796648,0.27580803675463739,4.695001606912129
6,579,0.50589973919239206,0.39915387266808749,7.3169492708117225
6,580,0.52115485769496162,0.35760030323070702,5.1357255247314191
6,581,0.9717046647057892,0.81848880451504213,8.5596818174669451
6,582,0.6895734754660755,0.050904302326037328,5.0784454195845523
6,583,0.64989003955353386,0.88513742806455187,7.2033567508240486
6,584,0.62718185165021278,0.11871497055439474,5.7117731374944736
6,585,0.92483990485945278,0.74977504634676451,4.8621511982540646
6,586,0.017249482465603257,0.73205280835777198,5.9571107891402537
6,587,0.09827725564142642,0.19347778023288023,5.4233447414638958
6,588,0.703983790461578,0.053727558608539026,5.9858974261943478
6,589,0.3464750335792911,0.41030120917632834,4.8642512816208976
6,590,0.92456591666177479,0.71818773432765226,6.6028824263045776
6,591,0.2029766840860126,0.21041191372071544,5.8541568642070487
6,592,0.85824416658023339,0.41857703919552508,5.4206210161884689
6,593,0.99988300328855906,0.45364689082789289,12.718243109545849
6,594,0.12432477782654543,0.2065619265778989,5.0040957779662794
6,595,0.14996692173298048,0.13412945664949014,4.9184201337642852
6,596,0.27949304289592769,0.31840628871374882,5.7145698840856003
6,597,0.48870367361627465,0.29528873564466723,5.0927312343725175
6,598,0.58603575032648803,0.0034998976054165963,5.7741409979810481
6,599,0.31482826306879885,0.47160279048391029,5.9863008683500558
6,600,0.95065115476584994,0.40504081875413711,5.1418975036563976
6,601,0.95528319675762363,0.77479104698374412,4.9901988952123801
6,602,0.95898966856432255,0.25551793330608702,6.3596502409965181
6,603,0.53637512551065414,0.69734671110424185,5.4976300625049426
6,604,0.035847783534966593,0.20447166026425739,4.7071067415666326
6,605,0.21679359737845877,0.87770667130058055,4.6577872215061147
6,606,0.99750004472455744,0.87946022280568648,8.4464611515473358
6,607,0.7440161142368672,0.95357687826724835,5.6441323237221281
6,608,0.83064440755896773,0.8687043821116005,7.1224633995413447
6,609,0.38574422319630775,0.063539866239351137,5.4284079494450195
6,610,0.95730310090142856,0.20417047199254978,6.4159007681937466
6,611,0.26188859618163496,0.87556585325804559,5.5027739992419038
6,612,0.034279944277650687,0.55521632303843849,5.4744354649311306
6,613,0.2599273489997761,0.66042789088704756,4.9039562361246674
6,614,0.82571419445592298,0.16299692196697677,5.6488671880557453
6,615,0.13024812370580846,0.45820997831964394,6.1904513075281704
6,616,0.66323199744369865,0.30513753651632136,5.4442598236281778
6,617,0.29295441209354151,0.87891342356847713,5.2428176372961186
6,618,0.25028793141798339,0.5555418390879433,6.642379639629266
6,619,0.45313143662855621,0.62400389208887097,4.7199479166146574
6,620,0.80488041527971421,0.30899903359924097,4.9620835505148175
6,621,0.54705556330180172,0.77567802764315963,6.2060005720265323
6,622,0.15198440961706333,0.17356102064771273,5.2919539796331883
6,623,0.95887953542286208,0.84852197496658488,6.3287988508096538
6,624,0.62694552461396846,0.86720146623945737,6.1131951555352702
6,625,0.95427829517528717,0.42733045342249143,5.2095911171712155
6,626,0.67751662024341308,0.58810778788217144,5.6270494306934191
6,627,0.66933308455558582,0.90777263685098986,5.0512229263457202
6,628,0.96926289102977947,0.39579518606863606,4.9366658964793695
6,629,0.15742247903384601,0.97750993743752723,4.4195204218121056
6,630,0.98681570371015859,0.38752997630090352,5.3906017255896801
6,631,0.98576648257015187,0.1973591164271786,5.9347257751799853
6,632,0.89199877861863397,0.24167030616519022,6.8193524597470612
6,633,0.023314668871838144,0.94201570910320531,5.2300999654182974
6,634,0.99997729391353241,0.94439974832319096,12.352147424319984
6,635,0.075396418509496382,0.60003760706190412,4.9388887590481687
6,636,0.11324169834979914,0.60426808211583227,5.3862049575009934
6,637,0.54349900632329429,0.84270850731141145,4.8389982294317306
6,638,0.94226069164874626,0.94081482709785347,5.2106463296787346
6,639,0.19238015054447544,0.096557355514641424,5.5225734040380923
6,640,0.58994729912470578,0.32324591708903216,5.6210276930504506
6,641,0.06252909413661234,0.68676173450377243,6.6447406396971278
6,642,0.63788847173592733,0.25839249297605388,5.5308349088297266
6,643,0.931384447461028,0.47680303099993038,5.8402101976058196
6,644,0.48534917794329124,0.38560302485866188,5.0681844192886825
6,645,0.94089768893121761,0.26466916645166694,5.5774654280035811
6,646,0.99112046421818567,0.26174868896278169,8.8794415461230969
6,647,0.72696097968222584,0.82213781776424888,5.2681668376006163
6,648,0.58973608584747739,0.65065594355545875,5.3858952961847688
6,649,0.30065719286400006,0.63829898607549418,5.260948366219333
6,650,0.6729587308762941,0.46403968808952623,4.8942859991005578
6,651,0.92282921532898721,0.31813495154818378,5.0734169720428337
6,652,0.10118801977167075,0.77022346939620678,5.5033115168909701
6,653,0.63858391819802318,0.21337174053162197,5.0529365454857791
6,654,0.95689772755021185,0.84722176627347201,5.6602987644054465
6,655,0.77790959602192422,0.62792015352364328,6.0913879356860265
6,656,0.83718983971109284,0.62030115868695412,5.5956125851486496
6,657,0.30545364576174466,0.74138369319925712,4.7899306036940192
6,658,0.33045819064226206,0.6401842498607665,6.1921613324480989
6,659,0.46228770022194321,0.47977639323838717,5.313124103970905
6,660,0.91393909453269195,0.80584656645015074,8.2377757413931469
6,661,0.36239128218708461,0.78977224036472027,6.4180957914189065
6,662,0.23086459013739144,0.20255863193140397,7.1236619408098836
6,663,0.69002962948029745,0.042197933876026258,4.9044103548312616
6,664,0.096394891208577804,0.79711279439897675,4.5464523615801733
6,665,0.88283135232262133,0.93741841477398313,5.4206298343888362
6,666,0.42585696432578318,0.75100925156372833,5.501872018968319
6,667,0.34575064401054872,0.3277301478279554,4.5549191075135891
6,668,0.15929742439881198,0.8284368070594843,5.2665952808129557
6,669,0.020353505844487911,0.26059588995073435,5.0575225233890517
6,670,0.98395115680571987,0.72042304118011491,5.3013586359584712
6,671,0.60194967397478227,0.77902512842337002,4.5414805186694149
6,672,0.62620106594931668,0.7838174303969675,5.3882786100953934
6,673,0.25785593244216931,0.91530127319810828,4.7633378972407847
6,674,0.71128178571134193,0.98422606154095593,7.0671088811721976
6,675,0.81846075407970298,0.04392779854332575,6.3640192177896404
6,676,0.47083439891480316,0.71838633698516363,4.9118726028500337
6,677,0.8509208065905175,0.70754939646268811,4.7102313324316629
6,678,0.83712505489887123,0.032350380778554837,5.9743363432431842
6,679,0.44786550713991657,0.62154659425703873,4.9559071298021413
6,680,0.81741002881213776,0.12400798191692036,5.781947022226773
6,681,0.88389058531511788,0.29832911433944498,5.4254061747599946
6,682,0.76059512086675574,0.89428183750045964,5.0755534800303703
6,683,0.036724089439376356,0.39783190347496344,5.5565000198554557
6,684,0.67351793847525598,0.10526217712842936,5.25088205841943
6,685,0.89166022230209963,0.43550059023950527,5.9068551192769192
6,686,0.90975018401653884,0.96879823843712665,5.1139488242085367
6,687,0.22958851256497578,0.11049075186259077,5.801088200475772
6,688,0.95931634997701443,0.88337245241147055,4.9328653079548141
6,689,0.5907673926866599,0.98538231592929093,5.0293870860882031
6,690,0.27391391402689896,0.62510158623460343,5.5924836171080603
6,691,0.018249872511100915,0.3695086788991051,4.8839318384073582
6,692,0.67474214132491439,0.35798716745231762,4.9500886366691939
6,693,0.68268899663406413,0.93565835738537217,5.3348011117252776
6,694,0.53878658667301493,0.58354664123186606,5.0920518361018026
6,695,0.42066303119381693,0.78766477546636005,5.240759651833077
6,696,0.38153570287844585,0.66676618054404879,4.5567691083486856
6,697,0.64757992002065712,0.44777273288873676,5.3170331742142718
6,698,0.25556520529340837,0.023016159389405405,11.16763567135359
6,699,0.27210515435251686,0.28298881447341423,5.0461701239431003
6,700,0.7124941221245773,0.013918713656887108,5.2197543830307813
6,701,0.98975559239953581,0.90220129346739353,7.1821291683861546
6,702,0.70167206377495006,0.78726508127251982,4.9315832919660618
6,703,0.27727702449235592,0.60617067940004388,4.9091491016412023
6,704,0.42289690311834832,0.37673532581969593,5.1706186662390197
6,705,0.96141828886955605,0.83196721836634246,8.01943784596447
6,706,5.2501987002504948e-06,0.68963305818697562,5.1312732241933663
6,707,7.3257204399151901e-09,0.67750011838689972,6.1404278904148688
6,708,0.92875599738746606,0.88960524362472271,5.0141973012786023
6,709,0.75132975330146468,0.81065949040331331,5.0406979490682673
6,710,0.99417565068765801,0.53284871370844034,7.1656242961567083
6,711,0.79655968254659182,0.27062857414573743,5.4374136324514559
6,712,0.044489130223435952,0.9095263425245842,5.1462443379370697
6,713,0.64281531480812437,0.69101888065481598,5.1795486101448764
6,714,0.96593025043655767,0.92985826827444018,6.4119536544295306
6,715,0.062208276179343408,0.020027058902951488,5.5929965904363952
6,716,0.96047124047239429,0.76583885589150891,6.5799326544958818
6,717,0.92734448426048188,0.72383213224222742,5.7704355547438118
6,718,0.99115944456622951,0.85042295957636083,7.2410726139698838
6,719,0.94059891912294891,0.21331174129348304,6.1588964374848834
6,720,0.84175167716111188,0.87782776416046027,5.3314190582598604
6,721,0.86620421516232904,0.24419699721559276,5.9804958937272934
6,722,0.49701356323527335,0.98405586994061944,6.1372487399540185
6,723,0.86488266896190802,0.56735891033407715,5.2242844697107351
6,724,1.1108496529761382e-11,0.47171413818331098,7.230555003116403
6,725,0.52431762677797766,0.070332315171359738,6.4406604529676619
6,726,0.28679840418322172,0.47339626056217676,6.121647910653409
6,727,0.45152209827635853,0.02452220683524578,4.7071532810638255
6,728,0.80804624771130307,0.95062028432760082,5.7798962350139513
6,729,0.28611380771642542,0.92159859189656379,5.4648937191164935
6,730,0.27220481876481156,0.77022597134487714,5.8330731248031027
6,731,0.86249687875858749,0.26220280871652535,5.7666464904157975
6,732,0.88535093464645143,0.57349678528776193,6.1119109332293249
6,733,0.28988023947133945,0.38134712019206729,5.4908193508354763
6,734,0.83006910157849578,0.8311200766329101,4.9154462483778714
6,735,0.34971243367362886,0.84995493812286527,5.4861163458039215
6,736,0.55768344135565129,0.17508147643389557,6.0962259701691099
6,737,0.99938824583618369,0.41962446901570188,9.5613754064587884
6,738,0.53463671712667205,0.62121956626718555,4.7588989747393411
6,739,0.81130183126890598,0.23066466988045978,5.1345011963594773
6,740,0.47323380737126697,0.03220653854716337,5.0948154345132144
6,741,0.82220224931992469,0.1414144023705706,4.6057400069338481
6,742,0.17768296644231549,0.63543220162001268,5.2878371618469187
6,743,0.81656154041665574,0.096577234164000353,5.1150774615007419
6,744,0.1550881629911901,0.49041083806338448,7.1734006996945121
6,745,0.078192961102208677,0.69804798308148197,6.05403710843333
6,746,0.74228752378624807,0.4487784195663832,5.3468488538154899
6,747,0.60955865562041267,0.20527893642721606,5.7395304583828901
6,748,2.6695983171404519e-15,0.93120216320713756,11.783029331080625
6,749,0.73576081860433917,0.94490300995209098,4.997918231679229
6,750,0.99943668436824418,0.092608293075463727,8.1518174826107614
6,751,0.92083568189124221,0.66358647245437841,6.0015143950548548
6,752,0.84927783822237823,0.48939075946714483,5.5118844813896057
6,753,0.95842613354396988,0.19295869943086205,6.7395384347073124
6,754,0.02606206108378235,0.28211659754233698,5.8863576511790736
6,755,0.47771239435921775,0.81707623187680589,6.0422589417390098
6,756,0.23412407917220224,0.50105018230876164,5.7181892628708706
6,757,0.50641527668928932,0.15363805266775454,6.5367103800035595
6,758,0.36385439926346302,0.23621153627507402,6.0660126935673304
6,759,0.67904217696205271,0.54188332736402978,5.9731425112171896
6,760,0.45177390238893106,0.16259746404670405,6.1632296363569292
6,761,0.66200821279413835,0.79771980292985289,5.8449233910113643
6,762,0.98633167886684958,0.81244133795934825,6.5582357804337832
6,763,0.4788799333556929,0.45185401945969561,5.0888788544770458
6,764,0.74748013159925764,0.38971131924943936,4.9123468925342815
6,765,0.82242103858334259,0.95853130570069078,5.6731885411239178
6,766,0.13546368222748409,0.44419456182329004,5.6312937821372495
6,767,0.93599331693605847,0.70889186469543719,6.1381973777818253
6,768,0.82715567988066496,0.0077396083254322248,5.0917381452078487
6,769,0.99081902672510802,0.30429821211850749,8.1233492412484836
6,770,0.66055792353172238,0.24428052533743058,5.0528680600416314
6,771,0.2508039367357211,0.42466044127462532,4.949823572347305
6,772,0.82669402604481057,0.21114465318905493,6.0293796292412845
6,773,0.63481075910650175,0.56748177909487629,5.0673169852433722
6,774,0.34410651833542572,0.76032004952849319,4.8739789832980627
6,775,0.046410599859257648,0.066479973264488804,5.8975306973896489
6,776,0.46540568001402294,0.78646645305874952,5.2311391076699039
6,777,0.29337970245712969,0.24814133457730886,4.8087731647004146
6,778,0.27759461746048814,0.31351508600380312,5.4432206060391524
6,779,0.60579637131171671,0.41946946873637697,5.8057922709089356
6,780,0.69095602542237822,0.12500817208414081,5.1753594918162085
6,781,0.86046063093742586,0.80131990979482848,6.2279886745760225
6,782,0.99566777456619282,0.9963751349028066,7.6300288426797627
6,783,0.18118593554287815,0.99296598592793606,6.0110578124829681
6,784,0.87077364312326222,0.45635844510983842,5.7604293993713807
6,785,0.74858098188570976,0.8109197189228734,5.5628037248472841
6,786,0.1684066159098658,0.0072149801937222502,6.6512909661772106
6,787,0.84025613569129898,0.86649249296452502,6.1678870759814854
6,788,0.30185481653846058,0.708024158517506,5.6411198836987131
6,789,0.824752005946501,0.010955820928314533,10.970799651381839
6,790,0.27469866267352755,0.27589482349302935,5.2623871145367822
6,791,0.9981965855141639,0.16329654480626679,8.7397698628739757
6,792,0.0007286020417823693,0.24035087077491438,5.1776967604902984
6,793,0.93057391397793854,0.1287563543860725,5.4591751611898411
6,794,0.025354403376677239,0.26121936464656209,5.5958099084683672
6,795,0.76571840040744377,0.83091592814113124,5.7718704439201272
6,796,0.007043593758130063,0.78206851253080667,4.9769388220898145
6,797,0.41960040721140995,0.25984663800255031,5.8529960484544414
6,798,0.51391981783598661,0.12204737757883907,4.5284512302668185
6,799,0.99985179584653983,0.72620821309117722,9.6107532635934732
6,800,0.00095847035179735167,0.30832304991389259,5.4703723256981398
6,801,0.63786478457385276,0.8304373647508474,4.7959200642815709
6,802,0.0099221961732744984,0.37371589269118455,5.4054414604437904
6,803,0.4718739203938882,0.96279473204192956,5.1640418259117311
6,804,0.72104533411273819,0.51490699616992808,4.8276068577208262
6,805,0.96637682315214468,0.2274439703417297,6.4580166823399088
6,806,0.61016678531422408,0.70281749862466147,5.3923595569292786
6,807,0.1552902769339613,0.71259402921845993,7.211574159538725
6,808,0.62469379848667961,0.90554657231779545,7.2147918527924464
6,809,0.64201529782998001,0.41395964302461208,7.5174574703376837
6,810,0.97803523572258177,0.56996652838756467,6.026205147347464
6,811,0.14139737791775719,0.11622482345057945,5.0944185001800451
6,812,0.41039884331195076,0.86843963067846919,4.7407057784334397
6,813,0.9130408877099303,0.49830304999000252,4.8557087116197728
6,814,0.8910543976014057,0.82646283450168956,4.7763430023350457
6,815,0.52351902324398258,0.01822351557284305,5.4520801926526579
6,816,0.13540002939760723,0.60547282589257978,5.2989622999715378
6,817,0.8290995219419206,0.60571914218885281,6.0216067355979712
6,818,0.7455895431592382,0.89375634347999111,5.5672833121736502
6,819,0.59517951177783535,0.60232187541916549,6.276858886524546
6,820,0.8225257367272536,0.26698108429519196,5.5228699694294221
6,821,0.0061324098780641398,0.79864236113805875,5.0408954839465387
6,822,0.4156100482710407,0.80789175358789755,5.4350904741993764
6,823,0.11669866309003316,0.27097947807103434,5.9566623980112858
6,824,0.62758078908859538,0.31653255147518949,6.0652614965972464
6,825,0.012452017675107011,0.090332859255937634,5.5916858993729468
6,826,0.68772860391698099,0.95814296581390102,5.4640820891970661
6,827,0.97369826706712548,0.19622840178388248,5.8366886235531368
6,828,0.64152667638710004,0.41664174559358963,4.9585178009546613
6,829,0.57150238188611024,0.80136928028849952,5.3087731940142104
6,830,0.65958893908750027,0.10227491477981071,6.798362562513395
6,831,0.99673171549977191,0.93359373620557817,9.2192792452640404
6,832,0.6442886497450544,0.65631110874152143,4.9532391944852971
6,833,0.62650262563293668,0.75685605631728836,5.5877537571638722
6,834,0.75077984961027633,0.64868986362092651,4.642976134075921
6,835,0.90764326887205882,0.075021362620156073,5.0438711937593963
6,836,0.94988490455999608,0.32607598847891217,4.6215685223656742
6,837,0.99163243198285778,0.40484672861505,5.2874442728111459
6,838,0.56371813143046778,0.21406551619193878,5.2120041222610221
6,839,0.88958976582298432,0.77531185675286929,4.8126945654996751
6,840,0.051218157062035481,0.4527653677665453,4.9770830876290768
6,841,0.47851874598969979,0.93552555372095514,5.1222032785656415
6,842,0.19542852381811701,0.024343811616704552,4.9842450199630814
6,843,0.39231690252727491,0.39521165585665469,5.7138460706721741
6,844,0.34331509861621412,0.57512586767744822,6.0315125253530644
6,845,0.38024713010091971,0.64774650946282997,5.3485281286974908
6,846,0.41380171512218256,0.79984912225568305,5.3631496203389206
6,847,0.81610144765652559,0.37488664722416104,4.5128089361114441
6,848,0.99879378120078532,0.75219572476205709,14.993496777812682
6,849,0.96506482899189083,0.063485727660028121,5.4188837160469552
6,850,0.29802372157125212,0.9508701170487236,5.3668047811724975
6,851,0.67868480065295722,0.87450233455535165,5.6162019657299451
6,852,0.4604217561029802,0.30501407726344038,5.2844276733013711
6,853,0.49813178573417294,0.099132342486926539,5.6882037147464155
6,854,0.68349541452918117,0.32967819660946379,4.7981366026577561
6,855,0.87983946951960634,0.76701029396338938,5.1232712498796529
6,856,0.71874843221522977,0.45272436600549787,5.5128283104969764
6,857,0.8602691645779319,0.99571482321507065,8.2913409297540426
6,858,0.16809444913066976,0.83626873491825171,4.7909147799545444
6,859,0.44104752119992563,0.051300296503685588,5.2156764082409177
6,860,0.45764326696477664,0.12070354537909167,5.241117712408851
6,861,0.68918910031615699,0.73103642876468478,5.8016896806767679
6,862,0.31184982373440717,0.32687349388622566,5.352809255892903
6,863,0.0008621107533574382,0.026067622073831835,5.6018884767958088
6,864,0.90885360633874424,0.73874629833380046,5.6023570780643226
6,865,0.51183697511430248,0.72231600484042702,4.6995589564885094
6,866,0.88225116161164685,0.2786358454043204,5.3343700702233461
6,867,0.18209326530729483,0.36497461969056871,5.4215944677405554
6,868,0.28955104839335072,0.95962853844727647,5.2407984243446215
6,869,0.86194166246225512,0.20805136929013829,4.7583566657104361
6,870,0.23705336875426031,0.42761924545187313,5.4563842072023103
6,871,0.93291697154096354,0.98423419640456289,5.4417077678166237
6,872,0.64917353611645301,0.70492380087671436,6.3708945338575873
6,873,0.95937183106071489,0.20530878378019449,6.2329904845702178
6,874,0.74165523590736726,0.35759683589770613,5.6757222651252901
6,875,0.52044912858342907,0.75938550883738487,4.740862152813051
6,876,0.8392037551682423,0.39726945199355834,5.7938843861410598
6,877,0.91360006153550732,0.43491388608906478,5.15900677487683
6,878,0.74021834208626269,0.27003622301770536,5.6256470826231144
6,879,0.72396646175359924,0.094297834451649215,5.5893378074269036
6,880,0.28832888807636387,0.64507372108817163,5.0978820204108324
6,881,0.77499974145233952,0.88195525890978022,5.0126655034644445
6,882,0.001413116507090625,0.079413669361744002,4.996330590858852
6,883,0.79243978434316797,0.6087037823053052,5.8627131973795592
6,884,0.84213507220163897,0.63256431717329598,5.4702165214457485
6,885,0.99546404835409441,0.53856246341536262,5.1687591326287627
6,886,0.19977826457879383,0.24852637713678402,6.233087117824625
6,887,0.12759010973450338,0.41744219837190133,6.8676524414067357
6,888,0.52902241875737976,0.91716125974599993,5.0786958527426176
6,889,0.63323376092101136,0.5598939712212252,5.1244884934144466
6,890,0.8726458652263549,0.38218178743143094,4.8192966799563042
6,891,0.90280389964016061,0.87173239126890967,6.0904013568596262
6,892,0.13935504812593466,0.83129950142505793,4.8403851852085564
6,893,0.46320832891260999,0.15517363313622634,5.0972160394600277
6,894,0.95244616535842608,0.83774383927077745,5.9554305634533478
6,895,0.93031427302390701,0.33861076551579694,6.0915173647370029
6,896,0.73539102801418421,0.27756635266606472,5.6118019613516372
6,897,0.54537830740520565,0.012379395432101595,5.5232145042076848
6,898,0.0071710212992000012,0.80364012161262599,5.0053095784696779
6,899,0.69756496712429428,0.057496728709083941,6.6943410548726847
6,900,0.96934932965224341,0.31981013194920804,11.647966834761931
6,901,0.9622175327739998,0.30123326582001264,10.046904482715565
6,902,0.040159074757686757,0.63679141431565256,5.0570995321578405
6,903,0.6155589203050309,0.63635420770120987,4.9543487376030404
6,904,0.11187597946946698,0.45233736882169145,5.9269053828006468
6,905,0.76774431772854679,0.89386331385595696,5.0881302315850379
6,906,0.62713720056075095,0.38720276754938132,5.3146810436915706
6,907,0.97080073554807089,0.061991684583002166,6.2793943510613399
6,908,0.96739516135665182,0.80762581308973447,7.9274606038873108
6,909,1.5060939638955745e-15,0.22001448102211382,7.6355606375999816
6,910,0.45564062106799014,0.095705494096300969,5.6545623849370381
6,911,0.96345020943001303,0.7865418326149729,8.3384042030996337
6,912,0.61595581635399332,0.92916783055434693,5.2447584049467268
6,913,0.73475124196938335,0.2254625355163335,5.462873414422595
6,914,0.77958846612645061,0.54543445118890432,5.5357055142435367
6,915,0.76606828492972689,0.37454693608838169,5.1773614435177926
6,916,0.79528288930917113,0.65593321192303478,5.738442581986213
6,917,0.61642235812973767,0.83958941930963227,4.5856852356300113
6,918,0.32487483370774783,0.024883827867128203,5.7907481374710965
6,919,0.47157371165851381,0.59442881326259023,5.9489107242819497
6,920,0.81296400883241349,0.73703151090322283,5.319629454143084
6,921,0.88023223790576377,0.63085566120460479,5.3631547078170492
6,922,0.15351101853335106,0.5761327540858272,4.897800675098706
6,923,0.74795090633790207,0.11602120113013463,7.4335054846114641
6,924,0.70777181355861429,0.40407748485721656,5.7786836783762228
6,925,0.9316554125201042,0.80913143206671234,4.7829867190776074
6,926,0.74753738542607884,0.96343046429552415,6.4760632628681511
6,927,0.67393592078167786,0.16697176527883054,5.2331941458549016
6,928,0.50196655124917278,0.51851540827604814,6.4637169477235057
6,929,0.85822559128746989,0.82140156820428412,5.9298743900504238
6,930,0.98394004057506756,0.5299145773979006,6.0977533918084221
6,931,0.99847686030411165,0.029229743132307202,8.9706400127300654
6,932,0.90446338005656335,0.27547838188215579,5.0304804964137197
6,933,0.5333746623208826,0.49266336887785067,7.4377740426481642
6,934,0.76207642152071486,0.7299952242654113,6.2251798884781024
6,935,0.55670551635458898,0.46815754255992281,5.9539257916421562
6,936,0.81531749972748158,0.36545777154601428,5.5080763532449009
6,937,0.054099663842869315,0.46607258632401127,7.7389951449734085
6,938,0.56074758452418627,0.6347389436635511,4.9421160067988286
6,939,0.39530702149105879,0.8250472194776548,7.2424437035934508
6,940,0.63091894670155457,0.5861690840469983,5.3757547846889402
6,941,0.9339622237930818,0.77874848906640615,5.2909966586129418
6,942,0.89299627879544463,0.069025579393663009,5.254487146545026
6,943,0.92839909506351814,0.27048852176334626,6.0870802514021927
6,944,0.63200541918175945,0.56684053327762829,5.5245554617486095
6,945,0.99755554011842718,0.58269045862684465,4.9832955574110924
6,946,0.8016203460354675,0.78824491853385847,5.4381620125070524
6,947,0.29610636294455278,0.05083955642445364,4.8399066779998279
6,948,0.053933301731087402,0.80226296026591859,5.0770037301177489
6,949,0.70449805026684309,0.98150388431984659,5.5212792827427277
6,950,0.83744723980269375,0.23664735578949619,5.7109185082433171
6,951,0.67743687155704246,0.77322878431737108,5.0367914457761387
6,952,0.88998874176007059,0.63340010445359352,5.413308671870567
6,953,0.027103893337929362,0.37928837622222955,6.3497997355959539
6,954,0.096469872936787354,0.073174896861630687,5.5615724839810623
6,955,0.044860929885837356,0.051694948195397689,6.1435013996644336
6,956,0.22322590242493368,0.40789752545951108,5.2721148082536491
6,957,0.75881094551374129,0.069131110327112763,5.1462043896346312
6,958,0.53631310158761647,0.3148270873193289,5.3146815040126461
6,959,0.11452543691506951,0.23980782195407074,4.9629814370378584
6,960,0.76761216267082311,0.50049852546244911,5.2481472899628017
6,961,0.93567580563118646,0.62787918847890967,8.0314755687082062
6,962,0.94993878207924753,0.84186574786042212,6.1810345560225617
6,963,0.54149464719106244,0.19336042078876498,5.2851038188482304
6,964,0.57229019948644533,0.037139062628563896,5.1222886172383664
6,965,0.22912263636277486,0.75423747928166363,5.0650156477706876
6,966,0.95009019691304974,0.52151344913790088,4.9781858264213765
6,967,0.23933647111834944,0.32844526809106184,8.4659616084060332
6,968,0.44733482369003019,0.82572982833023789,5.412341347092184
6,969,0.55043087305833382,0.026773967558890489,6.3639843100631674
6,970,2.8834116922796136e-17,0.0094503896991929778,6.5004718360005382
6,971,0.081177999185171781,0.17286118608982984,5.8756958075683841
6,972,0.92764744020480738,0.71768267184001344,7.1723790521868018
6,973,0.43970873852646303,0.72903969005826608,5.4994727411812168
6,974,0.90779987468855905,0.38274259816667272,6.0982170082535809
6,975,0.29207726441622611,0.99790013327217519,5.2939336576202791
6,976,0.81183713638538335,0.069820104477734526,4.9372801343424042
6,977,0.32809217781865119,0.1889392517595426,5.1608635661714244
6,978,0.052944377566727339,0.57280058943826961,4.9878913582529112
6,979,0.86109435392986766,0.52945935450768833,4.9657357644376861
6,980,0.75938337093964869,0.91337271099505013,5.4393143826105268
6,981,0.54240761639733881,0.77170903576112415,5.5869343499037027
6,982,0.3882469743728284,0.56706386432700751,5.5908783122763825
6,983,0.72034679311968475,0.86907064201482176,4.9434757484175291
6,984,0.19385054957193773,0.67886877912821486,6.0753683904639555
6,985,0.71773666031131,0.65032944098432055,5.6392563355661682
6,986,0.85305338258298669,0.72107891724318052,4.9709219519617882
6,987,0.91471331009864687,0.13681342874757862,4.6392989268037832
6,988,0.96827616908252301,0.5266917693125065,6.6602523105169569
6,989,0.92881051813055249,0.5556276526345173,7.3248353591774107
6,990,0.83645404549009117,0.12794604410758464,6.0232996513867789
6,991,0.79864159032461968,0.84090526288838696,5.9301148051395547
6,992,0.0065883310995833669,0.14169163204117657,6.0398117861542628
6,993,0.5714882609940819,0.22704856547193381,5.3669898223294972
6,994,0.017437168011291439,0.10407880187520249,5.5004138496479147
6,995,0.050824444286579722,0.071340226259095155,5.8349294446337368
6,996,0.91145456111768408,0.33510193015561801,5.527108257441582
6,997,0.080169847953202797,0.90058511136377073,5.8875973865687232
6,998,0.55178456225221717,0.11178863717433456,4.7680554134254072
6,999,0.050834068108182889,0.53959413768641651,5.279167999607707
7,0,0.36046433325710786,0.68160608318942428,3.9291391771103505
7,1,0.78021590119981254,0.69880800835344448,5.1920795330187506
7,2,0.85836689850452774,0.11066310711077526,4.8152985411402653
7,3,0.14306864491204094,0.94691470496714469,4.6570389383177178
7,4,0.63210262366779646,0.17316852847506492,4.8732271691440223
7,5,0.85768245848703661,0.538231395940452,4.6105023250823916
7,6,0.67101699460253539,0.012769264512529205,4.6429964087568703
7,7,0.59182440347504217,0.15202145121680702,4.5749025975461404
7,8,0.6036389777706429,0.43626483940840505,4.1194916393849077
7,9,0.16592908741533635,0.81495705570373411,4.6700181533908944
7,10,0.76287001277377375,0.10476281082169199,4.8657049443491092
7,11,0.65541168061743926,0.6266564610441393,4.3172022319365944
7,12,0.72446956581002953,0.068007491164580103,4.285975020924349
7,13,0.88551315667346675,0.60611559397306736,5.6031374554771949
7,14,0.17700507891769759,0.19544299803846391,4.3052133009895037
7,15,0.84075547344620494,0.2159667029325319,4.4637471528472767
7,16,0.76451499416592616,0.97730441137462132,5.3562640697776862
7,17,0.99278079917019524,0.75176810900654012,5.0697549105771209
7,18,0.028197545397795256,0.46107962897320953,4.4310930469654579
7,19,0.75373831912662537,0.1525488546990488,4.2040955893433125
7,20,0.17959514585563027,0.07531321518185996,4.5503737567191092
7,21,0.065840254079141902,0.45444211010295676,4.4175843510643764
7,22,0.74619310479266643,0.024669784276942591,4.9805682415258126
7,23,0.65707779540256683,0.98706763761124816,4.4791309680541822
7,24,0.65548636677772332,0.48058772636333746,4.4875200934799357
7,25,0.0045429185341407698,0.2790673061420853,4.9348754837419699
7,26,0.88581983002593312,0.43552293487660454,4.8034047364608243
7,27,0.28971826160084746,0.38492257576747824,5.257033736531378
7,28,0.20449974563073514,0.31171103360206126,4.394417437934556
7,29,0.45285169666169234,0.41891421780340943,4.9770361910192564
7,30,0.68819506166026168,0.27170935471617086,4.3019089725795991
7,31,0.89372460949091781,0.30837617913952658,4.8915945771169707
7,32,0.77317002334501483,0.41176715418012821,4.435259502327904
7,33,0.29714898498464182,0.084583804749325281,4.6255108031309149
7,34,0.98488461195225485,0.71459612066826028,4.2899693812358883
7,35,0.96607763434253291,0.46442733487037069,5.2267826765797194
7,36,0.82330329578563255,0.96619235874498111,4.8065311149559866
7,37,0.85148351423131907,0.15278733412387147,4.4829630205638091
7,38,0.65242875761152652,0.37414328776584466,4.7744446085871566
7,39,0.24766923233932311,0.54479301691443538,4.8389752552298253
7,40,6.6643351464116347e-05,0.38562532096507063,5.7479477214355637
7,41,0.81560105643931813,0.70957480549301011,5.3607654051353251
7,42,0.24897242501251507,0.22992528633038409,4.2546533950247989
7,43,0.98035009694685216,0.55186491138662275,7.5110871535223263
7,44,0.73329280140339659,0.92893434936331731,4.8581602110906701
7,45,0.72403181295211594,0.51140901376744918,4.3562262298667322
7,46,0.81777433259164334,0.30492757243220658,5.5943997892497794
7,47,0.69318116126350593,0.3246215350078282,5.365168071248795
7,48,0.66336042570210896,0.14789726269089967,4.5843719485233629
7,49,0.5521729440986316,0.67908433163676185,4.2986814909282005
7,50,0.47423306726051206,0.49931923613892704,5.3777397962796174
7,51,0.98254636722270006,0.23491293918646944,5.8065961508253254
7,52,0.68979545301343403,0.08400431188147392,5.851422537401854
7,53,0.98085488981350721,0.3565863836020694,5.1633284925804617
7,54,0.32941295954565303,0.56839676872029998,6.4214450792903017
7,55,0.22165010253038292,0.13179477163622899,4.5963411395128269
7,56,0.89439222260756412,0.22056294688970798,6.1181858255855399
7,57,0.75342906466278436,0.530417143462104,4.4925683887831553
7,58,0.97375246791043546,0.67364342741753436,4.5636847455359124
7,59,0.93265327684984023,0.09570315687965994,4.2588239232174763
7,60,0.36905014416322174,0.23425888359010535,5.0976104591191236
7,61,0.73385580197703837,0.83009970800303268,5.0750354952312691
7,62,0.24254025078625671,0.72554270448514402,4.6505092395256105
7,63,0.93759325764508783,0.55788450624105901,6.493349567032233
7,64,0.74824499337892825,0.091109813229538095,5.1216576738126118
7,65,0.25948736690756702,0.4501593179770611,4.9945174634155114
7,66,0.33847022462335719,0.43079640711508616,5.2917406738744406
7,67,0.53108252279768764,0.28081481732813357,5.84893897763481
7,68,0.0097985522009874006,0.94797690698402814,4.9812279899776035
7,69,0.47991995654369579,0.51672326646067257,7.9275378063421398
7,70,0.11799532180599868,0.23899639438226336,5.4607783884026846
7,71,0.62308539200041591,0.89535976705935461,4.5766476459425149
7,72,0.47005876592412443,0.037010701937899522,4.7154711152306685
7,73,0.55845451526989254,0.87865364059598838,4.476505196877846
7,74,0.51175178603164373,0.11088656821666901,4.0700262774276554
7,75,0.70427278526231207,0.56991156956751532,5.0002791444026959
7,76,0.79771477275744185,0.23457977057436966,5.1190124377734501
7,77,0.96522610966563582,0.43518471840545792,6.8301778672403435
7,78,0.76105654193178052,0.3907364307544125,5.1501833622720419
7,79,0.017813278712016878,0.27121619356164284,6.777321983391813
7,80,0.96249378196051927,0.84634966020730984,7.4581160952355763
7,81,0.87891891041382131,0.91237597682687521,4.7018429886543665
7,82,0.9197471258136739,0.5369308101796304,4.4440841243831581
7,83,0.82564281998508382,0.64764114355473301,5.249411001217589
7,84,0.4385845963455115,0.49280671088108163,4.3749752721685136
7,85,0.074511442090483854,0.11964047842812617,4.9468939293781844
7,86,0.34657255163118317,0.056602472272972708,4.9000534460824712
7,87,0.25928179709789889,0.3526180373564794,4.775581512091291
7,88,0.014119455480076435,0.47929650414152536,4.2455847001984948
7,89,0.24275503176176752,0.60232031591785751,4.5562586849149875
7,90,0.98827354994816907,0.38801306903984895,5.3122282172069974
7,91,0.75306393535513727,0.7336111892894891,4.8719889431369721
7,92,0.90437862743231268,0.61536616322045457,4.6738656774629153
7,93,0.19518217055209364,0.6055814362154277,5.0920169155783066
7,94,0.41419479976474288,0.739120209270826,4.6939194957591805
7,95,0.27544124368064848,0.68431981988813317,5.0032473414017602
7,96,0.91740841299121489,0.15160286748564764,4.7604266484884796
7,97,0.80387565643631587,0.22919263758110495,4.4037828214382655
7,98,0.33356852124974018,0.84336466142823696,5.2588152079353705
7,99,0.18534367837894852,0.033572214150738057,4.6275916731088804
7,100,0.45437904637308008,0.16446665666244586,4.329895422818427
7,101,0.99241102413747728,0.77867822178354584,4.8245035532561316
7,102,0.88712689864752492,0.36585781157428515,4.8672207466885613
7,103,0.43841726843272466,0.54651658584317364,4.429823527014662
7,104,0.96578600124782343,0.70670659279659331,4.5963425905576374
7,105,0.75167536550366831,0.7981080296087989,5.4209005464631561
7,106,0.89803135551575552,0.37782327436274632,5.7672022247643344
7,107,0.68102659307843971,0.12445033668376722,5.931092572668403
7,108,0.82344086131130623,0.61569912025854256,5.3010770640920226
7,109,0.98879795635984491,0.91374097717533398,7.57023331318819
7,110,0.80623343240133338,0.69222557080479019,4.9710113414131465
7,111,0.9007517687222828,0.88271668166814465,4.769421189354266
7,112,0.46234016803502143,0.062910984463556585,4.4707712007149016
7,113,0.48093366143082017,0.008393436378446759,4.3200212449034359
7,114,0.1710232285159288,0.49863544682926209,4.9172826422401119
7,115,0.7407064021883708,0.67609026879227141,4.6323838214843276
7,116,0.70543555296988991,0.067363772571600838,4.8041118589327212
7,117,0.95046148231826699,0.86645329908469515,4.3741853412757106
7,118,0.30317724825671494,0.4802684236976853,4.272924971835673
7,119,0.56727067184780977,0.38277082105318649,4.2615168146610962
7,120,0.73323082580826848,0.61975738022464666,4.7684165736249273
7,121,0.95004120598530206,0.086465048655487153,4.5302216274656804
7,122,0.95870142128453517,0.19486287985415254,4.6856321191745254
7,123,0.72532301244571273,0.76640940695919912,4.6859955762348875
7,124,0.72318897441376051,0.26763782824699905,4.495630126408682
7,125,0.16445925939207823,0.99847111812475153,4.8718957061974617
7,126,0.94116287975721236,0.52335159058721625,5.0689392629939904
7,127,0.9346460958670334,0.757500260333546,5.3456333999978485
7,128,0.075700195481964813,0.28418344425863462,4.6950144394662781
7,129,0.26444088416196176,0.89616250969795708,7.2527122419801096
7,130,0.65331032899948549,0.0038855242301262839,4.3805238412077578
7,131,0.99791614758276503,0.55221540100324229,4.3997008249449507
7,132,0.97410176491246714,0.62473542594660714,4.972083749155634
7,133,0.21845334311464756,0.18562336757455764,5.6993110244838299
7,134,0.64482059819204884,0.42468508473535183,5.9153356393490926
7,135,0.93373123198900931,0.28135834505117602,5.5405067054853978
7,136,0.4838997366767035,0.099377641141447287,4.9002136529365456
7,137,0.30304287321657647,0.74056012671419624,4.5263687730909856
7,138,0.14152274349903404,0.49958288634796366,4.999536280566752
7,139,0.67134698008509608,0.41795053303112728,5.8456621802297866
7,140,0.66568955789156081,0.52522273736435376,4.2117619449383499
7,141,0.84907615388847146,0.93728578391959139,4.4028232587510159
7,142,0.7541670282048939,0.077669290314742484,4.9705781706240781
7,143,0.70014169980285978,0.93875995320479988,5.6948075652109456
7,144,0.85756520713219464,0.52319692485504754,5.7931185095883446
7,145,0.50199600768526598,0.35023609956601603,4.6396556946925003
7,146,0.91319038054649793,0.71432111802022669,4.6613010679903573
7,147,0.95779698289740656,0.29634522666046575,4.6836884802409973
7,148,0.40951021324936299,0.40601382634038657,4.6416357389739682
7,149,0.55689351725667791,0.65564246541624616,4.7092682499653531
7,150,0.97378865142361293,0.63541953478633229,5.2750750037160739
7,151,0.76122969987352807,0.41129979281401213,4.654397465749871
7,152,0.18732114295781369,0.79121660687951012,5.582448046463993
7,153,0.24586618545946648,0.83025882709526466,4.3985466663253465
7,154,0.99775281845758201,0.46678208914606045,4.9845252769658801
7,155,0.81635836139309514,0.94886281397009065,4.8378755808534155
7,156,0.5756273499847252,0.010550095983765462,5.0985251711545079
7,157,0.028420352981768818,0.1638649608964719,4.9195822102097821
7,158,0.53969840381765466,0.72673031258189058,4.797298446783997
7,159,0.17156058711978994,0.74935943713993236,4.6802350775781019
7,160,0.85434987955053454,0.10945469388009528,5.5316509097840711
7,161,0.53016625352121505,0.0096504280927185056,4.6537536733247782
7,162,0.25586943902378378,0.4680064354717095,5.0273084976406084
7,163,0.96310731621545731,0.72525276214680978,4.6371626446332197
7,164,0.65165099141820815,0.63985989166165269,4.848417438138326
7,165,0.15793443089592368,0.66605591951510401,4.4705879573755345
7,166,0.83558609396408512,0.51939091068828502,4.6284402920164904
7,167,0.56943347711994519,0.031733096076025979,5.0147048113264816
7,168,0.62758044705060156,0.8785945992016666,5.2626715551563787
7,169,0.85476703834865364,0.89346711509223598,6.6278694084900209
7,170,0.38255979002616625,0.20686145633169747,5.0939747298214515
7,171,0.97394311039471948,0.68366112091540032,4.7759974417534874
7,172,0.26683644245582683,0.39781930130340887,4.6240107097659902
7,173,0.73674790384295474,0.87657993650313559,4.6648825215976961
7,174,0.68683009044566301,0.51629148798219171,6.0564290963603344
7,175,0.52513082325997973,0.072464183652216574,3.9197167577208463
7,176,0.024089934493100033,0.53749623246734668,4.3655883718207784
7,177,0.98261014756946385,0.58725998009119995,5.9455850691016092
7,178,0.24634811009238275,0.24070540111170483,4.3659199049647013
7,179,0.1609135246519125,0.6769587695497894,4.5953163623799211
7,180,0.96784718871126652,0.088081195073699423,5.3764666820083313
7,181,0.63534388702992106,0.21772829886648321,4.1521176834526221
7,182,0.14899276090341351,0.57154549250133191,4.3611131599907127
7,183,0.96205472678713633,0.86039016743603969,5.1498402304771096
7,184,0.36114136301394562,0.61035455748679179,4.1443655153693362
7,185,0.016273612369807795,0.54378375127251244,4.4631165049203556
7,186,0.21531113481667541,0.21538192456161681,4.4701038440238792
7,187,0.91772859559379372,0.29384396549158681,4.8497440706300301
7,188,0.73970132466532923,0.826802548523216,5.3506349134266209
7,189,0.98594781765554418,0.33830681154523973,5.1473133882975688
7,190,0.21675498102200158,0.71181328131066612,4.2134388838493031
7,191,0.77399255127371969,0.010449122968184841,4.6699511983682207
7,192,0.9884789054090547,0.34226937895034448,5.6526405175668941
7,193,0.09227106710003935,0.037432771856648311,5.8544631114031436
7,194,0.21511660873160363,0.2786104865784767,5.1028171108842839
7,195,0.35147146108520488,0.37989797372353773,5.1140156933823464
7,196,0.74400020268280254,0.92370211793622226,4.5607650119409753
7,197,0.17379624331467494,0.33179959203890669,4.5034142430274873
7,198,0.60703178647556377,0.28804952069725359,4.7600009801575265
7,199,0.078445176026965283,0.47238189255503626,5.6164022727552103
7,200,0.90800307802213753,0.32405043978072295,4.7016895700410322
7,201,0.17337518596692383,0.99759945001418615,4.5608073608459803
7,202,0.45652789401594818,0.15957384722064771,4.8224267066705648
7,203,0.22116487016190578,0.55129374238770856,4.3650079860666189
7,204,0.63565199850524279,0.12994282855571135,5.9674286386460986
7,205,0.19347201997110408,0.49708036158246915,5.0590102690803009
7,206,0.81382167101654712,0.016854892803080349,5.666034118144351
7,207,0.89965157547527619,0.42660080032396686,4.7313631073659312
7,208,0.96818379529223708,0.86582378492141621,4.9023713865193512
7,209,0.98788422484349536,0.35616157688143285,5.2510035459660962
7,210,0.7329968617821444,0.84824694265349665,4.6643615030292276
7,211,0.55462123668571317,0.27972654859568075,5.0307746377111311
7,212,0.94954998252433975,0.45642983974811335,5.1990410453194134
7,213,0.55445676031960123,0.14259391640875985,4.3817848383801641
7,214,0.96750140952939168,0.28951215119362206,4.3865700022432055
7,215,0.56861303268861785,0.49479116933694423,5.3213234895538069
7,216,0.026047580321045743,0.15307601005224586,5.005827044623544
7,217,0.40513214135489406,0.89500269994290094,4.68109470002927
7,218,0.56737499803148828,0.96007721651115441,4.3748196458749238
7,219,0.56039074207148187,0.31469869545329171,4.8871893107729347
7,220,0.43988200567217106,0.5749211595565078,4.2783222578219533
7,221,0.88846331381378707,0.020276453506942793,4.3486297284928126
7,222,0.96403821196146544,0.9721446902690859,6.4973281868316537
7,223,0.091599540015525616,0.044730986513654009,4.9757277663019535
7,224,0.023084792166527233,0.83715767924445228,4.7786101062334012
7,225,0.63823566961978928,0.73031881595119341,4.7481011747304427
7,226,0.59760887046832778,0.69802781714259532,5.3619949939846254
7,227,0.12359765514166005,0.95755975998392984,6.9425946307600883
7,228,0.16853730722479429,0.24378050005554194,4.5763857443831126
7,229,0.4872591121960711,0.47872710894954262,4.3888193424855144
7,230,0.00026266370234136644,0.036730007187968129,4.8398308562998205
7,231,0.34067810738124504,0.52599304510219413,4.4034088414999619
7,232,0.746115707633763,0.11230381030243473,5.8253530045141062
7,233,0.55872744530652785,0.64490917906723222,4.7826366736886037
7,234,0.018440577772867943,0.32075736912524788,4.8044213871583104
7,235,0.22124300230986607,0.32863321356425268,6.3092056476038296
7,236,0.26087896842836894,0.22777420974618232,4.635291079128681
7,237,0.43250082652228633,0.32712793348633717,4.8123427931396501
7,238,0.6080716015034664,0.23611448822740572,5.0823838698944446
7,239,0.79133937665090159,0.1448921202323305,4.8150400913549278
7,240,0.69218083686954301,0.51823083827496341,6.1982664980326128
7,241,0.13224158087866075,0.50652571148089154,5.1422249028860332
7,242,0.33010627111940927,0.20375323748010002,4.4921025932288066
7,243,0.56188594058865338,0.67023990253749999,4.5537434407000594
7,244,0.82189436287342876,0.78592229157324744,5.0692064329220647
7,245,0.99380734061597753,0.68236205652674553,7.8410740721902501
7,246,0.77069542724250395,0.8067312713625846,6.6431917336711539
7,247,0.97078298928209517,0.11053539728296526,5.3275934117399855
7,248,0.7116166047569018,0.73276026399699279,4.6215878736118423
7,249,0.96904285967275794,0.62127167253330284,4.4897647835992736
7,250,0.63440979848822809,0.89321647891568745,5.0397850083002762
7,251,0.94808218893290619,0.64375268729059654,4.89295268792758
7,252,0.78672052893261446,0.22895199907654001,5.0525646244000511
7,253,0.97542170970133857,0.67197780086801251,5.581325356777123
7,254,0.65635898497909051,0.068863609687041985,4.6800063860104322
7,255,0.64703025221524357,0.75420601341183158,4.6864977592617816
7,256,0.84484474246869545,0.6581054098862209,4.7602214637467517
7,257,0.30841477793567262,0.39221043535782096,4.420453931977999
7,258,0.24000854710804953,0.87350349443157005,4.7699465852823479
7,259,0.90502303700782272,0.0062043238608560968,4.4414078605825074
7,260,0.14833207153996811,0.95166763016469358,4.7635978092842599
7,261,0.59489271814025535,0.04916842635125427,4.6838841388396872
7,262,0.9688472783399914,0.50944133666824964,4.66479259455157
7,263,0.294499655589673,0.84492886538648859,4.4118371967785066
7,264,0.65313494946061479,0.34138973859667893,4.5129301328727838
7,265,0.27795905859109921,0.43081377290280526,4.9097553297216052
7,266,0.48199573545606467,0.81239338814253226,4.998097670603487
7,267,0.43072234159814554,0.90162342425111053,4.5375859701455168
7,268,0.11840935031999376,0.75579481865426423,4.4394295027797854
7,269,0.3391559643785248,0.76095017507191476,5.0722521912518834
7,270,0.87856702794907238,0.46951667601318303,5.1152530013262787
7,271,0.57361461437254491,0.41795661853218607,4.1904584913537866
7,272,0.41343531471572759,0.89139116595271062,4.8145215037767457
7,273,0.098379721544451459,0.61466269134240226,5.2435955713049243
7,274,0.98270326954776621,0.78529768941276834,4.8783703514983694
7,275,0.97944708483026144,0.14980696140852454,7.6458015962029924
7,276,0.93974211234442917,0.56734105068976637,4.4119452279997402
7,277,0.67824909242494424,0.50178797550083043,5.7596630078769504
7,278,0.61762864213976876,0.32626858634325701,5.1913137094157875
7,279,0.98715505530246095,0.7428143504714394,4.9294330690894954
7,280,0.62760344289786407,0.17821216820124697,4.5862165782156445
7,281,0.78951552883806442,0.83486169432313972,4.1297311249621291
7,282,0.0001194559566041097,0.52679914808571415,4.750776423402332
7,283,0.78699933546882006,0.93633040555376157,4.9001500542394592
7,284,0.93443056834144911,0.54565500075294648,4.5212525317256071
7,285,0.1663787828225709,0.49671681410563828,4.4664950419595231
7,286,0.76288079821375687,0.30793114703426916,4.1316807760257301
7,287,0.93218420634271926,0.98791776461678071,5.8385943883013685
7,288,0.94210304434727232,0.59030714146182328,4.8532079230150904
7,289,0.69398378400048999,0.11283007198065777,5.3569519993530257
7,290,0.54702721014460587,0.28550222772818612,5.234707628269236
7,291,0.11835770133447268,3.0117107212696908e-05,4.9966478893038175
7,292,0.90711049063900784,0.83663507839083029,4.6373678339755751
7,293,0.37836035646766752,0.94575332006880586,5.1622040992249305
7,294,0.00012458484608512884,0.37001146869090124,4.4359844820808449
7,295,0.99466889732483654,0.62194028012148572,4.5205482608669714
7,296,0.17394956444716533,0.011689479081827546,4.8782463899687585
7,297,0.14744261894439697,0.58749356811039077,5.5532267903302861
7,298,0.7686231019286055,0.37983479325029745,4.4006335137029104
7,299,0.63047272336894689,0.68499625385685159,4.3398019825393286
7,300,0.55559100578222254,0.75365752645606854,4.4773436375560225
7,301,0.39999154415457022,0.42564625666089223,5.0710358648834433
7,302,0.85486504286420506,0.86842595219194518,4.8431677696315374
7,303,0.61800291931840157,0.91296994188054104,4.5477057963986942
7,304,0.9239026092719026,0.012454626740047671,4.9545347257821692
7,305,0.94855164415821736,0.52391782468985915,4.5672839904261142
7,306,0.97452562022062994,0.48217351120337482,4.5538153439084592
7,307,0.77078146126515246,0.59226411524647049,4.6485535407818777
7,308,0.08940419552446896,0.82368330316880012,5.4770729249756576
7,309,0.97678672672791245,0.49657887486217789,6.2409699346591312
7,310,0.71476430093637899,0.52126867413547628,4.9846390207010742
7,311,0.19857528854586798,0.52521799760746501,4.5013342110320247
7,312,0.96497834266336813,0.069182416354951468,7.2067804370139568
7,313,0.11284350474202949,0.39560194218707223,4.9432342526061586
7,314,0.29573317141673339,0.078103415570927287,4.7960639035645833
7,315,0.48065648402733463,0.048676079220149326,4.9776865754229904
7,316,0.22107734489281367,0.8152131088411847,4.2273479214258636
7,317,0.88570146969962438,0.28630652453497807,5.6719662008333991
7,318,0.00079254663931150324,0.54092845787209232,5.5505072831526494
7,319,0.31918474329543495,0.64099006230259048,4.5852794815577607
7,320,0.5853903610077491,0.7246069423493966,4.5993636861102694
7,321,0.77819080529705731,0.37004026182277472,4.9604350404147119
7,322,0.90957617818410985,0.56562936171900624,4.5389399138317952
7,323,0.90113674051393977,0.08928387800719001,5.1469288339569479
7,324,0.29572279176959815,0.94831975665206558,4.534408943236234
7,325,0.23366369893047964,0.90500618441989056,4.5179648686989262
7,326,0.94547011997135411,0.88778394191571797,5.0592075919091624
7,327,0.29127039253831333,0.14773435298162879,4.7780691676763096
7,328,0.9000710549741836,0.54519859518428149,4.8483212530035962
7,329,0.99707482342026321,0.41714591697453668,6.4530987118829479
7,330,0.49705128347126937,0.42087857366487064,4.8525007744498225
7,331,0.22830463500249859,0.70127603035041308,4.5098197155883701
7,332,0.85321488447624261,0.95909415293380307,4.3776484593582321
7,333,0.075545138778923035,0.68375863735063036,5.0766437230425687
7,334,0.33591450813198348,0.015829260142957886,4.3302365876901625
7,335,0.67372947254399462,0.39712300320552563,5.4338540858363054
7,336,3.9029041195708576e-07,0.26044578917851485,5.0765510195506298
7,337,0.89288838360704315,0.33919613143206795,4.7533461195648723
7,338,0.47474198108524257,0.57440133916183489,4.8772114582007449
7,339,0.87771836121180657,0.062595538253963676,4.9448351213013293
7,340,0.88237503403423401,0.81997419500175361,4.2372961969639418
7,341,0.98195191885235766,0.33782123218490884,6.8172951888241817
7,342,0.75679691844567853,0.02564955632156582,5.8311765457613429
7,343,0.70595148910822403,0.91390923402689384,4.846018846827671
7,344,0.79615950632428911,0.56946404461215872,5.1412052096250713
7,345,0.085003673097381729,0.83541626794069634,4.517094430671202
7,346,0.80861062795307681,0.29332633078884446,4.6420057501052518
7,347,0.42641219490422416,0.59609279533114901,4.5634191921621952
7,348,0.012773079451019199,0.084291587477742555,4.6042047266076152
7,349,0.94916551060337295,0.36678804971453699,4.7844995108640411
7,350,0.30526105662951242,0.41116481308352393,5.2379215751191124
7,351,0.095674359597437197,0.10490212589657948,4.5366715667006901
7,352,0.67124088054820252,0.90595272237323976,4.7154806800786275
7,353,0.027828212907415259,0.38514988827647328,5.0228330804014014
7,354,0.79503934322002856,0.66596966482907394,4.8691293903726658
7,355,0.046739048314555678,0.84997035933202503,4.4617069264816793
7,356,0.16804048666495838,0.79302410880594443,4.9398238909787198
7,357,0.088801330916350271,0.40250606469097572,4.2845670209484297
7,358,0.66187130639621294,0.2407360501879918,4.1921130258864281
7,359,0.7342980596852795,0.57878838325617399,5.0393203864862146
7,360,0.70677665124307876,0.17998653831413478,5.1345760335501707
7,361,0.29023809602252865,0.096683432857217075,4.6668942072215787
7,362,0.82773510461188782,0.42925311595562249,4.7507971471382744
7,363,0.96774716657840842,0.86292158186057222,4.4567947729689328
7,364,0.81678631452509642,0.94499744607589564,5.1173844366833627
7,365,0.42664970420022386,0.10267949499090027,4.7908168394018897
7,366,0.73165173814618067,0.2625557330643315,4.1557511161007321
7,367,0.31373201612518842,0.067513060380842385,4.6491935611339192
7,368,0.41103754072040327,0.1762692334097424,4.7636473577053291
7,369,0.21202741453626267,0.77802121632310384,4.5420431104303631
7,370,0.02979399321918302,0.66906623309497126,5.739298615758722
7,371,0.300883025623784,0.67052728179460153,4.5532479405885375
7,372,0.072911360923956545,0.021547178724535369,4.8700673804948531
7,373,0.60116419927327724,0.04089586183933968,5.1119509115667627
7,374,0.3712395895487367,0.29637520702836145,5.8076438435594122
7,375,0.87643265860687669,0.65517305571421436,4.5296377774337397
7,376,0.95521057002051857,0.19502963364745676,4.6591090876359802
7,377,0.40025736125060574,0.52504338560036146,4.2173942827292832
7,378,0.00021943227627701768,0.059106319701040827,4.6129880344770582
7,379,0.53177770903372279,0.3362906023299273,4.5148292833701431
7,380,0.47292811306136884,0.83512125757924416,5.0821398746214168
7,381,0.60046067130521319,0.059370795049226072,4.3367711835695548
7,382,0.00078370328554212224,0.34950314212336581,4.4969573554071314
7,383,0.81346497152696051,0.052884922362367678,6.550212570388009
7,384,0.81196714386309987,0.81885013826051978,4.7282110629226919
7,385,0.47450899176178918,0.68911490117597762,4.6239467032728889
7,386,0.83881106100807301,0.76947710642272038,4.6619954539983937
7,387,0.47715016032594793,0.13193662667009046,4.7721317166135222
7,388,0.87089289263110337,0.76124450303638391,4.5193744460624066
7,389,0.56329150595896615,0.66086925030642829,4.4629282724595862
7,390,0.4957221665421967,0.64922452152092025,4.4033215429560055
7,391,0.17064514331900035,0.32754332177577067,4.8789279723010353
7,392,0.77781571146073902,0.11285009100783147,5.8276078214065219
7,393,0.86010246741506746,0.82504809144507152,4.1061367660203674
7,394,0.86793745687852364,0.73202893944788061,6.3464586369919811
7,395,0.64104661728688628,0.80696159489615527,4.6327303347062267
7,396,0.60709093880614096,0.65053115458776967,4.6419352748030196
7,397,0.68630287490938424,0.86638186674461459,5.0971012311628892
7,398,0.71513996547091441,0.1926273606658945,4.4030022254639354
7,399,0.74847385550745937,0.90794404879887003,5.1811252123237335
7,400,0.20751952746247504,0.71083109622415785,4.311571519313194
7,401,0.44023439991284097,0.20198978811762947,5.1871528526976025
7,402,0.55604204955382197,0.40762837440614635,4.842820669100969
7,403,0.63647797686149676,0.76684730986338367,4.8019648545993023
7,404,0.69704726499624725,0.40432861509962709,4.5507896585597978
7,405,0.95717547558810767,0.52129212579794992,4.9514367843892879
7,406,0.96120066003249682,0.1178173164806345,4.4112730266200089
7,407,0.77348118636900476,0.18824781063380197,4.7596443774423136
7,408,0.59737740210854173,0.28556917050754921,5.6653571722727438
7,409,0.44835580206536352,0.37326312333529899,4.3604513096505277
7,410,0.84983521397611139,0.60983116400938242,4.7338981449826552
7,411,0.98243371082915953,0.86221845754480086,4.5549774762036712
7,412,0.059754938435732437,0.32162918807849644,5.4845892494067296
7,413,0.62070537776708101,0.57412438009918143,4.3721748940166938
7,414,0.33198049089723136,0.22794305199997364,4.1358651977086316
7,415,0.51729002692081261,0.56009537677501342,4.833460585118627
7,416,0.6191837422924753,0.95238057927064523,5.3530491275435539
7,417,0.38066022037150116,0.55383538597291104,4.4996581231331776
7,418,0.41554334931595882,0.95591647600534935,4.9066760920465562
7,419,0.16823054419721986,0.45401728510703437,4.922303825078898
7,420,0.87292650260239379,0.04710168632190722,4.7272932822189331
7,421,0.97770039258277941,0.46242911949238386,6.9969751723206182
7,422,0.40570960515210763,0.93281286258628093,4.6267425204378343
7,423,0.82222879732710952,0.0063433547821180637,6.7457399082831015
7,424,0.99515829273861389,0.48508994818553897,4.5045382092360216
7,425,0.89252546559758461,0.26993350992762816,4.8143502187572977
7,426,0.26869023100765932,0.14499518367608072,4.4534415772826339
7,427,0.82343025396585301,0.0036829692795371451,5.1254010211523147
7,428,0.61128227304336902,0.96046169267901749,4.7483024504538722
7,429,0.76989982642073407,0.8590175570721974,5.4169467794958344
7,430,0.027606472792882652,0.47537604972291836,4.842381789717316
7,431,0.088697336489556314,0.70844735513459112,4.7733730753138435
7,432,0.66474099700639089,0.81414734331002891,4.7647152504448282
7,433,0.51855425947192813,0.17804836431406504,4.3750845355255761
7,434,0.27629256858402906,0.40752235415098081,6.2130316500480873
7,435,0.62387494304967339,0.30128634854703751,4.3821641875728963
7,436,0.0013831029341589733,0.64768545198602134,4.7125395354333719
7,437,0.072120823299013107,0.64658577137949891,4.4808787174280766
7,438,0.6247554490344055,0.12509479398827153,5.1073855706650182
7,439,0.37908887995581808,0.28107244885789018,4.4858556801660656
7,440,0.88681917061516413,0.36137800736803977,5.257454744618876
7,441,0.26180336325317316,0.23591193603868318,4.2621591207241121
7,442,0.90889960345261334,0.27744492031946011,4.7086302630301882
7,443,0.71968698034737921,0.53165564241474805,5.3915229697219287
7,444,0.70513473729147436,0.18793231620927883,4.5030923396346045
7,445,0.6304353727474421,0.049200243406254653,4.94960574268742
7,446,0.8441780945775601,0.73226917870593689,4.6639162837770618
7,447,0.62398543141165996,0.14475842363102132,5.8844284218231602
7,448,0.97443306202188118,0.44674784116825789,4.9394892002122273
7,449,0.40686369703299513,0.19325449793817817,4.6449758785978759
7,450,0.81704729865540471,0.034158988537642175,4.5067209374941717
7,451,0.87669515270595466,0.85885152334573012,4.3183861568837338
7,452,0.58669250727374778,0.79143590720771906,4.6504703126167533
7,453,0.79944093929281956,0.55056208118001682,7.71220337468925
7,454,0.93440680596517856,0.29858403001801986,6.9982438154948063
7,455,0.87226216847235438,0.19323536011051126,5.0207789591272523
7,456,0.98533479777766531,0.85559782693143605,4.3547844266962468
7,457,0.043351899485575794,0.36777089698233562,4.7413246557349122
7,458,0.07868865043891328,0.7552776802390766,5.6134347527339274
7,459,0.93566361812755239,0.25083514217894937,5.2731403110018462
7,460,0.90837550660338851,0.125940785030388,5.2287033761954458
7,461,0.51802544280011964,0.68345035378980912,4.394603125023095
7,462,0.25026565114943966,0.8334925709145018,4.4249336003038149
7,463,0.55751325428344578,0.75438435735655063,5.2850948337311001
7,464,0.31558661351563833,0.52306851230651208,5.0091117596610966
7,465,0.81309109505506372,0.75308496171675166,4.5953159861485648
7,466,0.029929161127933365,0.39312829001886734,4.620233303836276
7,467,0.00050192665086792757,0.8481476980171363,4.704071733426213
7,468,0.31644554781451728,0.13586317555127833,4.5660641159617876
7,469,0.29719937866572937,0.42817560638281482,6.2995790982731394
7,470,0.043388946894901942,0.33630334485596114,4.4592501680656023
7,471,0.10563675533322356,0.89929149513480555,5.5915380030797257
7,472,0.52622981530535151,0.37021384819254721,4.8380484232245768
7,473,0.2192511139286199,0.76329104784737734,4.7730755707751298
7,474,0.94757939325080964,0.90009301969263711,4.8342416491916822
7,475,0.17979609241079522,0.55434795988644359,4.6464274505041967
7,476,0.61292937816198634,0.92784617409708314,4.67909595602368
7,477,0.46550837347218743,0.80766278590578722,4.5242468989835292
7,478,0.025310630350312446,0.36086585503393293,4.7173929425111867
7,479,0.014184054282104046,0.51060848241396661,4.7521255242670435
7,480,0.51371527500299519,0.056359910759245749,4.5576295459541463
7,481,0.55214922813087419,0.19103624879727099,4.679041903266616
7,482,0.77007929615469917,0.8845525231639233,5.2856266807048327
7,483,0.77535968545075273,0.43420570988326712,4.3878581318468184
7,484,0.63517999286014781,0.66808072155157505,4.3799296727364911
7,485,0.86930397742280319,0.38284632523658396,5.006463299125401
7,486,0.61525179609858816,0.49942173661954992,4.8563732973183766
7,487,0.098946072863062978,0.59172723455721843,4.4809107780432686
7,488,4.8259548447453047e-13,0.63151114379861828,5.8708292502972288
7,489,0.38306232613444763,0.44175853663738557,4.3637349202142177
7,490,0.42371334697127377,0.32038127064273503,4.825156872069468
7,491,0.25417741406723054,0.6304366874187588,4.4229300018677042
7,492,0.50682552852811746,0.21981133801950264,4.7418642590176656
7,493,0.30826891016788588,0.70694911960679885,5.3146287471288503
7,494,0.9134257945689549,0.2892603226574057,4.9904119337642783
7,495,0.60256311038152799,0.7552724290502828,4.6947242655222423
7,496,0.94520046691198933,0.46367225300232151,5.4036580143955337
7,497,0.20880142721221245,0.54772391806319143,4.6955482611834398
7,498,0.0020649187346453266,0.85796999160310694,5.1975121068737469
7,499,0.001915596735000793,0.78299560994449791,5.4824172486676703
7,500,0.6830039911043797,0.65359415088683381,4.7717732884262967
7,501,0.14293629059258819,0.39641573602503322,4.2436761373542282
7,502,0.97877669581032589,0.48791933442338487,4.8652840797944696
7,503,0.84427115366611027,0.43282126397747178,5.0533140908316998
7,504,0.41450675781839402,0.63348079070414798,5.0476203650963001
7,505,0.57053464339117688,0.73444490362676396,5.2816008792607008
7,506,0.15709348421524083,0.75409257997547385,4.5287174670493906
7,507,0.039705447069957732,0.39021269751190196,4.9572469799762793
7,508,0.8863490573654601,0.78884755307395804,4.9345145331560332
7,509,0.62512564944304128,0.4177053833384658,4.604337259728819
7,510,0.099489273468361297,0.9465801747485213,4.4041017702359655
7,511,0.57153589956671869,0.5309168254356732,5.1329490835956229
7,512,0.6732007199259491,0.91906655655234526,5.599775787248471
7,513,0.74522828111642969,0.76496335776431257,4.5606676303744482
7,514,0.88529502977348085,0.84231883122874418,4.6206532987222078
7,515,0.25218571313874188,0.0063312875319660898,5.0613155527573888
7,516,0.93254226358895675,0.65590031314130148,5.3471917113218748
7,517,0.16996411151927063,0.37017013509954727,4.5045278246452591
7,518,0.74336603944826918,0.77018125219883138,4.9206087433939452
7,519,0.82869716501318125,0.75941848018437619,5.4361251566038895
7,520,0.89382747039616262,0.53426810516733747,5.5152271189587365
7,521,0.70645705393090297,0.85576127191605889,4.6339115523227772
7,522,0.76580779327237458,0.37156742353258054,4.649827832753803
7,523,0.76403672933540889,0.63257520656075528,7.3566935762071388
7,524,0.75631874601309945,0.29008957095828963,4.3295284200030064
7,525,0.12931569158027903,0.23737620572829568,5.3885468711228404
7,526,0.68465016703499049,0.39507601470097714,4.7578191988713225
7,527,0.44650559277596441,0.22161772678102962,4.8884191553019996
7,528,0.5959253139726125,0.97963286929099924,6.242162498123812
7,529,0.89568258548312019,0.85202519498566609,4.3142189093749126
7,530,0.54334487737352821,0.28605006875300232,4.2270143193377949
7,531,0.32238148899904562,0.053153586057165719,4.3194453297746751
7,532,0.23202837107281779,0.63363617232988478,4.3668378530242489
7,533,0.97750856114707707,0.81675437295064579,4.8696014508538772
7,534,0.44338146389635119,0.44987331615745219,4.4556926873891349
7,535,0.61789572053676478,0.24057029650923076,4.8087760995486368
7,536,0.19563057798809094,0.060147081587236244,5.0541466315704868
7,537,0.92796101455239566,0.99990872020199273,5.999139124981272
7,538,0.38695563708969138,0.052488729359439587,5.1819286481120237
7,539,0.44826498558702887,0.56137513263888861,4.6894105546046534
7,540,0.035840145185477984,0.67077917906424289,4.6516303867368149
7,541,0.48000880701965909,0.092690127910024123,4.5564839676698385
7,542,0.30068593086966466,0.86177275780794704,4.6561696778913824
7,543,0.77099439327067831,0.35384331447746625,4.2387763104241438
7,544,0.29427233981144224,0.04258635522006856,4.6994819688504377
7,545,0.24338303603620323,0.56634713826414596,4.8829498807769616
7,546,0.25916525932736689,0.75677823753142115,4.5129173214675946
7,547,0.16635323458767351,0.19493724339195656,4.7264951898526748
7,548,0.93117948044480481,0.90652993332392595,4.8863382281167773
7,549,0.34369752837434187,0.8748720521419977,4.4409840312418041
7,550,0.91926956634491463,0.095207431470589063,4.8195207707284577
7,551,0.94957230697594719,0.0092106833426178116,4.5937448334853368
7,552,0.98010600639358192,0.14354159510120632,9.5145070144742956
7,553,0.8685758495502176,0.068490132535226247,4.6512434437198547
7,554,0.11389244692728127,0.64154040722296191,4.777430595985086
7,555,0.93596156390223606,0.42434626589325097,4.3178765504382195
7,556,0.39232073586985838,0.25685787595554316,4.3311699102965671
7,557,0.8162317544103237,0.70679625828204362,6.4925625984347954
7,558,0.74217909856612385,0.14234110283062676,4.9890092663779413
7,559,0.79680467405792876,0.13738877513606301,4.3415538954625648
7,560,0.17469205839602198,0.25054769927061987,4.4636260753362871
7,561,0.25919871025810487,0.3194507817348195,4.7120465760528756
7,562,0.99103315482560916,0.4002294825189725,5.5098346200155319
7,563,0.51855135260695229,0.81318188188534535,4.8943679263772948
7,564,0.20807623043104329,0.46899407237568358,4.3329715477565722
7,565,0.36793393122487783,0.88342641304520331,4.6297426808549762
7,566,0.0479913622031896,0.58826354500450373,5.0691940814791581
7,567,0.59770377295832966,0.95779811816169758,4.569276928271691
7,568,0.56778999976361211,0.89912193208964108,4.3418784038712337
7,569,0.74502852079891835,0.54319130820993555,4.9355501670405744
7,570,0.068698467863692408,0.099698584209843275,4.7469636282177738
7,571,0.93312882965312494,0.41664280262887038,5.6537151283279812
7,572,0.57296472936398601,0.70121313871810675,5.6168972540775384
7,573,0.75575042155712624,0.87606818343420445,4.6283992637796372
7,574,0.78830617743631792,0.8518071913092109,4.6414416987971361
7,575,0.75962089552545353,0.44155066864998832,4.8423952041710434
7,576,0.99851453653176625,0.97434840940518819,10.233039191297868
7,577,0.049937171177510911,0.39797106701724844,5.1974320778918672
7,578,0.89397617296241472,0.054988569334793416,4.8771508332914513
7,579,0.31540162581446535,0.22052803272193261,4.6696736048836538
7,580,0.11990173578890966,0.58757126212178179,5.1497730535592732
7,581,0.79467812915010971,0.076473448745579306,4.5262976285840235
7,582,0.47238344286426281,0.99718450914157264,4.85372914943067
7,583,0.9763051972408846,0.46323952711169381,5.6051654856576798
7,584,0.37966716235677378,0.88159833052348502,4.6382665157218721
7,585,0.95357316358358923,0.73732565827480145,5.32437025726946
7,586,0.58650200745374481,0.94279023680508622,4.8267714972627642
7,587,0.71293120657756248,0.69694296809520662,4.727153338481628
7,588,0.61502100729064491,0.65116935499223039,4.9890332080758428
7,589,0.30244057193731277,0.21872740055053355,4.3406918732533493
7,590,0.17813826156056031,0.71730374236694128,5.9803050612359803
7,591,0.65066255508956172,0.21338997801662896,4.5016862742331378
7,592,0.42858781728828294,0.86109176143715815,4.7763146244352148
7,593,0.81342139275356362,0.16385601224066781,4.8277291097279234
7,594,0.81051874298287596,0.81730885467773451,6.4881630853065078
7,595,0.81119396920300368,0.30559675243165285,5.6591178759342542
7,596,0.018308085131701748,0.92548267918605964,4.7270244302640307
7,597,0.23843801139302229,0.084273876978333176,4.9128229140293298
7,598,0.55592244248492251,0.72916079918460164,4.561554300849167
7,599,0.84805880690959856,0.79654822406661419,4.4090650273739307
7,600,0.93726129319377272,0.38282589684063179,4.7439486284709664
7,601,0.36426615244944616,0.77044848345759553,4.9012118256837285
7,602,0.22120804691403184,0.68655832286506235,4.4639252323350807
7,603,0.33034075680556646,0.26468085757978993,4.9306730909806822
7,604,0.97591723053369372,0.81621314214538487,4.4914715443820921
7,605,0.91850580907182655,0.91404143307117591,5.2161353741008387
7,606,0.01333669988177183,0.26590140695077469,4.2917715215797658
7,607,0.80461754692857634,0.046657866056428451,4.4772238382694862
7,608,0.87336209302369672,0.47368616749768333,5.044084249680985
7,609,0.48715272178528091,0.13935755934745214,4.2961410227582597
7,610,0.63415576580675692,0.25830920008498193,4.6946301379809663
7,611,0.5352969052053187,0.060944553361509814,4.4737940129042029
7,612,0.7468285432302264,0.62109970109314527,6.0017328711368165
7,613,0.052972485785957237,0.60616784388596689,4.5305599339360656
7,614,0.5486654681372809,0.9351272886910742,4.3580875302908773
7,615,0.24977720252471144,0.82490230034089684,5.0285220905181038
7,616,0.99026086690575454,0.77299669119020564,5.421166310005253
7,617,0.80736299701281644,0.50024226488732382,4.7868667053367258
7,618,0.17008586008382873,0.90204641147022757,5.5568390368814828
7,619,0.50380408247011688,0.30390980145007895,4.8025674811872712
7,620,0.93207921208801758,0.69163785030848923,5.2833089201857657
7,621,0.15894748728121744,0.34945942077143793,4.2366039772642159
7,622,0.10657161918479957,0.14201270211235009,5.219458014162945
7,623,0.70566252022344345,0.38825200297865087,5.1073590414387358
7,624,0.98538287575689176,0.26222975722979275,4.5645328770069584
7,625,0.53954185028822443,0.81301632354295716,4.5907624399831999
7,626,0.79231696848525823,0.17035706933067074,4.5574755639768476
7,627,0.46158131775839384,0.64453279437643329,4.3836843302098893
7,628,0.53632092825276734,0.28060805689194457,4.9998891767713305
7,629,0.005624165993943657,0.62082397473897755,5.5353841351646356
7,630,0.23868649174141152,0.058484255115828582,4.7045882549094697
7,631,0.51871512047272228,0.25106427785395835,5.1767156738228852
7,632,0.79429715518503041,0.21620515590890332,5.2266893627123387
7,633,0.81525281045490083,0.8997573740348328,4.2167576934565609
7,634,0.73853658593386751,0.59168896184948294,4.6414914721771527
7,635,0.51899580562725844,0.37028447769613082,4.9704498693426817
7,636,0.81850731414893452,0.64405011709410531,5.0173535651783014
7,637,0.92063122913616768,0.34726380890933478,6.1930491446671851
7,638,0.21062451085374367,0.99822081961705955,4.573191465799022
7,639,0.2684029895056298,0.99051601630439989,4.9314863410388972
7,640,0.94449010507942155,0.92805144340112511,4.7599669921650118
7,641,0.22394934136544381,0.78045089025749603,4.067083205839511
7,642,0.67359726537236497,0.61545563322864338,4.5508733826654177
7,643,0.50219153057948895,0.29522170988259538,4.6702825563799699
7,644,0.044032172236046087,0.41783053185566288,4.5495580319021327
7,645,0.57465161635066164,0.26544895935638457,4.1948976999811922
7,646,0.40015761439243713,0.7924097405147561,5.1890097612549129
7,647,0.89844548960062887,0.99268722758483519,5.0123783798063277
7,648,0.98412453510735998,0.52629457128087642,4.4082545625811562
7,649,0.91323839734234213,0.94540057208484751,4.5357512873387478
7,650,0.63645296923953643,0.77030661115623678,4.6336295114616286
7,651,0.35338183288154118,0.15224019165016425,4.8874469017289188
7,652,0.50078703758651688,0.24593974938256202,4.8323678680435922
7,653,0.58651365274726852,0.72915299162494884,4.4112300003992901
7,654,0.97363110659061425,0.05262170958120805,4.4836174608022663
7,655,0.12670737902860119,0.38005386623315079,4.8901692424427088
7,656,0.1687951078434233,0.653101854685329,4.459970833870659
7,657,0.32277949021444013,0.56848302177126975,4.6255750390496928
7,658,0.70925892480276087,0.90601705644111608,5.1475546886921384
7,659,0.38427070969225069,0.00925392674164985,5.4145049123014628
7,660,0.5151288527162412,0.90879909792074887,5.5394512269679463
7,661,0.86057415129153547,0.34214818852285078,4.521713370769759
7,662,0.9563258158522141,0.75020568240318408,6.5094880655353276
7,663,0.25764578347615424,0.21473020854206301,4.3682066528978245
7,664,0.69200748440625037,0.98001860800306362,4.2993021824824558
7,665,0.8643303585396046,0.41974431050003413,4.8809929455467431
7,666,0.87859019156848783,0.26574563082092006,4.7800981010103314
7,667,0.72675681130282976,0.78250152157502528,4.7834268318667217
7,668,0.90394521066104006,0.11381358378444552,5.8500036909808024
7,669,0.26625040624514895,0.87220345377605846,4.2877852972850121
7,670,0.34745735269519279,0.075722874714372723,5.5888423350519991
7,671,0.69096399339603454,0.82095422575882615,4.5357817098498741
7,672,0.65547437160768762,0.49613268189517601,4.7006844110116228
7,673,0.67610267698203697,0.097467831862918589,4.6610503793450171
7,674,0.78682925574790896,0.068887664528636039,4.9616565790742637
7,675,0.48170522437005237,0.97353920740069733,5.1044390874749972
7,676,0.32250395536456256,0.0029564577568500796,4.6141546623511038
7,677,0.79420814927377714,0.27396271184955756,4.7208363943176268
7,678,0.88056194282184808,0.44668777371772989,5.5311293510675057
7,679,0.64723923289971175,0.62122178272674355,4.297814507368952
7,680,0.99065971685293996,0.19467564399558213,4.7157826269294159
7,681,0.80550761434669416,0.034466784472570226,5.443262139978895
7,682,0.37256796724664348,0.69797658046916922,4.4403160953882317
7,683,0.07926258060715255,0.62629423332343814,5.4718249563422603
7,684,0.73243571462607882,0.29118502484418712,4.5654085592647364
7,685,0.93291309983202397,0.1492662275660942,4.5476634060746175
7,686,0.25242678234160637,0.44919909391623791,4.6551226921202176
7,687,0.9945677099197251,0.11779937348522947,4.8379645582143684
7,688,0.22213030906901282,0.35434906570368208,4.992824816451356
7,689,0.89827034949265872,0.55274360400045441,4.2316286141061958
7,690,0.8359283498570369,0.17572841715091259,4.6000036953127328
7,691,0.32785705558116368,0.011955936620144283,4.734982086747384
7,692,0.35235342610962733,0.036100931394000238,4.6847770718269679
7,693,0.76842160269044646,0.51375355094077313,5.7977733008973207
7,694,0.82660973065774557,0.94081756483304302,5.4879298167308024
7,695,0.0079017032208054706,0.059639592669480254,5.1958445195083058
7,696,0.20822415266402891,0.30656599831776615,5.0840852576233617
7,697,0.13182094561838556,0.21530981546578207,5.2293656298386502
7,698,0.58046786291908448,0.47484432149374689,4.9149930706077622
7,699,0.4531370167238124,0.33974105862512077,4.9324694617242999
7,700,0.23281910739708242,0.25442835247979018,5.0009806186309032
7,701,0.076469776602692136,0.87601090060122844,4.7040499502045616
7,702,0.43043057868297846,0.9380092450567582,4.7286534425479658
7,703,0.68665825168884864,0.5913213538264539,4.7438960605128209
7,704,0.45154626223978983,0.88330820414802358,4.221133011443742
7,705,0.63429954854095283,0.72067973987510547,4.4274200839135656
7,706,0.85506195054705514,0.6229934591342523,4.5376360191960279
7,707,0.50724998383625364,0.18322411318946638,5.0364353520556868
7,708,0.81606596654442276,0.34776001142822538,4.3265120377615567
7,709,0.50705196560532717,0.3010413596745759,4.5437531789067993
7,710,0.52516875768547477,0.20358001695614875,6.6407459268707081
7,711,0.52122458530290428,0.947152086732447,4.6562698210649973
7,712,0.56559540960393984,0.8590930432578936,4.9104655168152851
7,713,0.64103233987893649,0.7343564650249732,4.4192149842897193
7,714,0.91303950131950462,0.83864131686209353,4.8639928949321583
7,715,0.35616145293047524,0.035081150449822095,4.8223730725630256
7,716,0.79890205274924453,0.14026293358212411,4.5483098487073379
7,717,0.0070968774553329759,0.53132425812939099,4.854129820077663
7,718,0.67682191995612528,0.15617394937857298,5.2982200049903305
7,719,0.57391367104279012,0.7744312731052011,4.7270871104655336
7,720,0.50256392529504756,0.92237853024519956,5.0213924075469381
7,721,0.42431078594956823,0.4326834054283818,4.8541498441824791
7,722,0.96294131422299634,0.045635960014571625,5.1364926518687977
7,723,0.70178382515874016,0.042195498834572173,4.4519789690780227
7,724,0.31688878031172529,0.10868312496971418,4.8016059950379466
7,725,0.66432371779773347,0.12015520946144052,4.7997488827386343
7,726,0.36162693475132363,0.13283640609138217,4.4525281797465999
7,727,0.8575650596313763,0.91619940935481614,4.8912553179261735
7,728,0.20123437793847254,0.43329968912217431,4.7190827536740683
7,729,0.51236062471238741,0.83447890507144173,4.9925761770438584
7,730,0.054915056661130758,0.37474938174220807,5.0064847935588874
7,731,0.79248101751099409,0.004128700705504181,4.5221645434465376
7,732,0.116957797857889,0.90952828234690508,4.8930936420526097
7,733,0.13137300119964548,0.0029709983262222049,4.7064111582283932
7,734,0.14071820896241732,0.89112183143937562,4.4805381786850482
7,735,0.50262021662566414,0.43887773110531275,4.5632411661608225
7,736,0.85306304370798569,0.012820235632299715,4.3472923100904337
7,737,0.78418329340766779,0.50291736931962205,4.8874219386363329
7,738,0.285993952282599,0.08577052207817297,4.3295146002798912
7,739,0.412356513433007,0.44289420481968178,4.682032465331563
7,740,0.91997372244072206,0.10856826609785299,4.4629372493357105
7,741,0.54919859713543429,0.13119627683679166,4.5536515970773337
7,742,0.19945565568871162,0.51563529723304879,4.7043257039498272
7,743,0.92627447042119138,0.14093144600104621,5.5490939839594482
7,744,0.96534346640555135,0.37317177767278265,4.7907677610945951
7,745,0.19722799335561614,0.94579568481960141,4.8622980745409574
7,746,0.048847599728036636,0.032505992093244604,4.7085641630154811
7,747,0.0055212186452724479,0.9458896565202447,4.9266331242249208
7,748,0.72497629948292008,0.12244779636675275,4.7279176752893113
7,749,0.82797699787691958,0.19853232998304365,5.2931755320428211
7,750,0.78067971704660599,0.89463795787193967,6.8282789470120386
7,751,0.89811229778953139,0.58562278267313839,4.6193215720234333
7,752,0.54573631213269735,0.52481769233431264,5.0423664972178139
7,753,0.38182957823723268,0.47673005944416214,5.6362858456241325
7,754,0.34720269606122522,0.021311224265375118,4.9393102636718185
7,755,0.62004523372337106,0.1903771030729402,4.9245195198979603
7,756,0.37763586065757948,0.57368501205396949,5.1011159827348447
7,757,0.97943938504615546,0.042220834923834813,7.069530888706427
7,758,0.37013450553119087,0.622152382418939,4.4900894566785521
7,759,0.7130257883345289,0.83435268520232797,4.814575562603804
7,760,0.89928885406289361,0.80989525079436686,5.5363982780717782
7,761,0.68699755363860804,0.4248424832729622,4.3731338069679788
7,762,0.67820158830431976,0.24770777033926453,4.2640665531969946
7,763,0.28290769342700151,0.41082239766963152,4.4963269549917557
7,764,0.9675447264349929,0.96698742007233973,4.9027942494176751
7,765,0.77714412939940092,0.98449171404439317,4.3647291529990406
7,766,0.73784525071366591,0.5017302808305647,4.5024717637136975
7,767,0.8408928706216261,0.63800733942432086,4.4456345877757411
7,768,0.93085455677367734,0.40998983221152435,4.1319380461104416
7,769,0.81130432696188537,0.68525038056650733,5.3892071056609723
7,770,4.9518594605492999e-06,0.30594483797653199,5.3554974993402542
7,771,0.6988196842358384,0.38214029824929407,5.5857195466273808
7,772,0.98488462947350042,0.70440780376169521,4.3570458969625179
7,773,0.22341215889185614,0.94219200185877283,4.9571474000621496
7,774,0.61023532198880792,0.6697168857570921,6.6045510550212967
7,775,0.73544630556076585,0.57296020517460666,4.5871080138494973
7,776,0.57201426081945372,0.37938335452375294,5.4781590792587131
7,777,0.056771988428225471,0.14622845240140425,4.8692267038126751
7,778,0.92975404485618374,0.16652876536494479,6.0639631826304701
7,779,0.82896106443520501,0.27630057726067875,4.3719890383423401
7,780,0.21626510440142854,0.13819371858462756,4.4863023186549178
7,781,0.58558967337219436,0.90933965251231086,4.7383649159827801
7,782,0.66295268490535764,0.43245050156811193,5.4222593052195185
7,783,0.6109982332688243,0.011002372913102401,10.009718166082337
7,784,0.0027906788964757226,0.00065444669414132259,5.0149604108729058
7,785,0.31551362987042059,0.37099532868971385,4.8321322247062399
7,786,0.13016488886084721,0.53325871602313013,4.3158834845046634
7,787,0.39320381135369964,0.29463032871583911,4.941299001853193
7,788,0.41508164017959831,0.75980747086151135,4.7846992137269053
7,789,0.097155859979501963,0.91462160937237147,4.5656899646013516
7,790,0.66313046639134499,0.33438837738314559,4.8572855184679726
7,791,0.8552802426641517,0.30077532113591043,4.3718196085787602
7,792,0.43904690395816903,0.86046245301787372,4.8149890106629014
7,793,0.24978883165539714,0.89261343791800818,4.7283611005725055
7,794,0.88200993186650622,0.44282277629373584,5.029636533400808
7,795,0.68767157124109046,0.47467123444289361,4.5102270095190127
7,796,0.4269802958975133,0.68509546434482171,4.5170737552475906
7,797,0.89564084346232942,0.89246422676042847,4.9252229428741074
7,798,0.36894461810444917,0.32330263713013557,5.057029292469351
7,799,0.41046152241607131,0.47164720163642015,4.558813483779149
7,800,0.79059409161093774,0.94838545069345992,4.1926933161845534
7,801,0.66178104799763737,0.79794887216325339,4.8069399469808802
7,802,0.33575715501772424,0.8957740952060792,4.9836261366580787
7,803,0.7330739973057695,0.41755694844914643,4.6100011669765957
7,804,0.37417238546955106,0.090908354468021049,5.3887799010268056
7,805,0.59888974850386356,0.3259802808684466,4.4327064834399863
7,806,0.53545334487634533,0.57544516599500029,4.6683403809940698
7,807,0.94694721198871767,0.58358608978687121,4.4419596385117712
7,808,0.82107696478518366,0.39463254156214916,4.5507227688581642
7,809,0.79352402960090096,0.79734986910881023,4.6668177362878716
7,810,0.37543663649666981,0.27056356730388287,5.2177196199929243
7,811,0.58078852754606447,0.77061475945721747,5.0257520047935262
7,812,0.52610280921248642,0.45562818795674137,5.109925520628023
7,813,0.39832392356120594,0.25275045134111873,4.8647349460624287
7,814,0.65723747463251536,0.0020339837902067968,4.4911256406217159
7,815,0.54927757103496067,0.29856249860030581,4.7788738673219351
7,816,0.37080199679039677,0.66409481240721802,4.4695112097996326
7,817,0.50143003565051814,0.6271845041519637,4.4370447113734519
7,818,0.42896049653221113,0.92052867432098406,4.6752276082876483
7,819,0.9016983347420382,0.88145012484086671,4.8584463975040695
7,820,0.77635405270465851,0.29705171777100103,5.0297919008980685
7,821,0.98913624759254593,0.90764177576464633,4.5701973062808365
7,822,0.56471524183124722,0.58917369631409078,4.3836174482225738
7,823,0.98220789899052807,0.20941591629156958,4.5631798906435987
7,824,0.11668496211563212,0.34294714201036786,4.4958228841397743
7,825,0.46954356426959787,0.22196460989176359,4.5470048222927346
7,826,0.16900903303755235,0.81485937210562731,3.945810251387265
7,827,0.63329195319599796,0.27153305849528947,4.1916735989671139
7,828,0.036916387048073311,0.76632086709551694,4.7984522569478489
7,829,0.026721711032135411,0.59419779892099323,4.6513981803892541
7,830,0.77072158856074946,0.013007854237426047,4.5955460204398513
7,831,0.13886505811672073,0.29080033198220828,4.7335551593836716
7,832,0.61971903347818025,0.32943215848394836,6.0141191742153843
7,833,0.088365290346951647,0.39826141830612383,4.652691478907542
7,834,0.78464584831578188,0.39368603560491022,5.6058016831370354
7,835,0.86623974554016381,0.61944138685446681,4.4031865414970639
7,836,0.10652545948862177,0.047229288560938019,4.1623779869203767
7,837,0.51491059220184821,0.83258798050630423,4.1813027366095934
7,838,0.34426007186774976,0.44203404805668517,4.4837586071821196
7,839,0.45949538182812633,0.70976742391906678,4.7397501419900117
7,840,0.79117675938836329,0.55315045160081955,4.507334388083267
7,841,0.59414334915778688,0.16741026634304618,5.0126122573007974
7,842,0.49238714529743133,0.29882449543810607,4.8252988094061351
7,843,0.51126584680949672,0.22811904807871525,5.700882045587071
7,844,0.45580817916593652,0.71413136017127921,3.9406844851642835
7,845,0.71464267105224533,0.76619521572605742,4.6658744257553382
7,846,0.9318091463595698,0.16440545302960516,4.5465736501922134
7,847,0.39470914514951494,0.26608376726368138,4.5548578424137123
7,848,0.89053253536822097,0.17942748517612081,5.1428399903318924
7,849,0.81350171146091421,0.10516477934703566,4.8366274975293884
7,850,0.66401246140544778,0.86028724411216184,4.5754242565599554
7,851,0.24041372058609137,0.68826831888854012,5.2755445516793671
7,852,0.96913755562810699,0.148685144874487,6.1863224074112502
7,853,0.00020591052820715451,0.064612035302728466,5.1945982758786835
7,854,0.22785495741611908,0.82859527056322879,4.6402259206326315
7,855,0.87736147795966823,0.53916910310042476,4.1110956941106673
7,856,0.98495081960288233,0.89377789963505383,5.2948674057727976
7,857,0.67831349315244005,0.22600704745753519,4.4386530395609771
7,858,0.82562128953523894,0.47025608438432853,5.1216952709695365
7,859,0.96305167552854221,0.71596172948157477,4.633101447247669
7,860,0.32590270420778172,0.56689112517309637,4.6335634334741158
7,861,0.57796602076216086,0.66864572306084158,5.0747042368636057
7,862,0.28497229314755501,0.43149739005477189,4.2506426948125213
7,863,0.033993218800823011,0.62566779905061176,5.1579590752769304
7,864,0.80465925874476563,0.5718128277423159,6.1597937318236102
7,865,0.51106559379331173,0.97451870588150735,4.3831853438873809
7,866,0.88293353659373719,0.31914617933381489,4.6355434920409211
7,867,0.36157378103328508,0.82472199323966389,5.0005051330991117
7,868,0.086786308179372662,0.59692569407888785,4.9945266310155967
7,869,0.43256647840657297,0.23041378374161953,5.2917024074224379
7,870,0.42475813919033029,0.39788683786296936,4.6378076631160585
7,871,0.32631460331631013,0.97405664295505812,4.4835060623470673
7,872,0.99275011402591729,0.97672669756603803,4.9654105633316394
7,873,0.96443053240803234,0.41108198817017833,4.5505144641950173
7,874,0.10378585955473843,0.07516775108529071,5.0237845572375992
7,875,0.34930890421880711,0.071440777007736392,4.5720225611206775
7,876,0.78021255195963779,0.14494266717912704,4.3853087771416677
7,877,0.94477849924137391,0.31991729259608093,4.5341256511895143
7,878,0.00068992101235940237,0.23468249714562103,4.7358756759608216
7,879,0.93535684576048472,0.83618970473972154,4.5913749286751022
7,880,0.7438773284684439,0.30811343462875829,5.0680493797936386
7,881,0.84201112129624334,0.95552067288398101,5.4563980537499654
7,882,0.76123926457128421,0.65197667734735421,4.8899938193442631
7,883,0.91077227062282307,0.19925806573379473,4.7911056968538448
7,884,0.73311072672988864,0.71147332003500174,4.5476495008106355
7,885,0.77418870984567123,0.83120102813312058,4.5265075864989299
7,886,0.65877481681241035,0.90763147231963759,4.5441476748652834
7,887,0.62338437044697104,0.087455591772814756,4.5317755164668361
7,888,0.76863176412638046,0.60268562965488615,4.9379450068842994
7,889,0.84386770234043684,0.08067946215764156,5.3417978117118725
7,890,0.7109026986792536,0.80187519764834547,4.6572587316518614
7,891,0.52357524965163038,0.75922571760538848,4.2398799635237676
7,892,0.3497660467762102,0.73326731476441709,5.277654673099704
7,893,0.4939087032481998,0.79637649702145352,5.0026214088202181
7,894,0.88826363758024085,0.33671178304085458,4.4922481044404821
7,895,0.21559406906408271,0.059696359282478156,4.0390342265138885
7,896,0.83924192615223048,0.38100214938358057,5.2917316697452446
7,897,0.66682041436638861,0.96353410243045068,4.7506540032155691
7,898,0.25326001658737829,0.52119055957192972,4.8096517515819812
7,899,0.17783887462515652,0.5983003662172347,5.5707219767096259
7,900,0.55398362601528173,0.056556517704749232,4.5490784365774353
7,901,0.01600354503977499,0.44505757938446178,4.6566598709787206
7,902,0.69650106722479477,0.67629472874012575,4.5645535915372255
7,903,0.76605317278808993,0.31709116047716068,4.5650140984342338
7,904,2.6363497526663505e-05,0.68033626654085233,5.3920356156738398
7,905,0.55665571676396963,0.98255558264043497,4.5235044672125557
7,906,0.10081534998838897,0.88507984142600826,4.5384537974252748
7,907,0.90127248497765744,0.47961678047395595,5.0800892826398547
7,908,0.90626244135252809,0.58850089441727838,4.6867486288633762
7,909,0.11972259453505719,0.87021950921691194,5.6486588014357926
7,910,0.39093012020095336,0.54066290899745395,4.8582496128121617
7,911,0.62138601926207626,0.16924601615439006,4.714877132649451
7,912,0.87149526765236329,0.42354779468240816,4.8243574372709261
7,913,0.31532395019959991,0.61972396893111892,4.4693317683113056
7,914,0.95066351186272557,0.94196754747627598,5.1043683694378901
7,915,0.48498920367562792,0.34892413970994068,4.5926446569951418
7,916,0.93692584746489704,0.6363963596150195,4.6141305317467793
7,917,0.77788317338312762,0.58541273361270607,4.4759195457894174
7,918,0.78959975045028885,0.56099166958727398,4.5191050393675223
7,919,0.83926694421943049,0.41408840094816102,4.2818736005535722
7,920,0.093649585369022445,0.67536190489458048,5.3083776140551517
7,921,0.63775374251120087,0.57711719547479434,4.9304912697817178
7,922,0.99823507706489689,0.4400643859246135,22.826409679423111
7,923,0.35822963350325532,0.55105309609472242,6.6746462961172774
7,924,0.19917583781312376,0.017526293587425714,5.1117870485561783
7,925,0.798690749837761,0.71094334169725826,5.1948273785985952
7,926,0.60211642812092059,0.33409117386638743,4.3354446300548979
7,927,0.93046516631666987,0.53808772983361686,6.0879312681572566
7,928,0.34474010787963244,0.9813284910579485,4.4285899140388558
7,929,0.2478331288960946,0.16623413892584313,4.564554322707612
7,930,0.6698404075138189,0.14998697305677758,4.5812839702514179
7,931,0.47955091389575988,0.66766301117482785,4.9621335583429858
7,932,0.4424641183784192,0.90571350276270424,4.6522012355034752
7,933,0.19119199804371145,0.091075438151420121,8.0798089919274148
7,934,0.92474201930679412,0.57392379047818132,4.9307831395345136
7,935,0.90580725372713022,0.9858237260043532,4.4856381413513828
7,936,0.0094835726882982734,0.87781417121076333,6.3065390642604973
7,937,0.54101037039023581,0.62234751195753479,6.348555421522839
7,938,0.62930603443646826,0.45145292560026112,4.9140034774249282
7,939,0.92544600504041641,0.45274602711067513,5.8498355358368928
7,940,0.78288648361693203,0.20488287953032303,5.9932822175154721
7,941,0.016674540391163086,0.068688176553591981,5.5527677935790258
7,942,0.14497643851370026,0.37655572709917184,4.1210058674247385
7,943,0.13222795274273899,0.40118348792876829,7.0073213802222876
7,944,0.58354576812170456,0.32544163337632326,6.187083300219375
7,945,0.76092206770341742,0.12310305365795636,4.7675211839202865
7,946,0.67080754106678508,0.54663622891451669,4.5083275941942826
7,947,0.8573627427383399,0.67088710966354659,5.6022354948357886
7,948,0.86955067223173776,0.17586728232163001,4.8970232991927016
7,949,0.2713914942905597,0.33231470367484761,4.6923820988099605
7,950,0.26172380161391734,0.79555237417342917,4.5482691206041981
7,951,0.89894331268117578,0.61287888643521282,6.7281757570689118
7,952,0.14997158882776673,0.81768214774889181,4.6807093516264064
7,953,0.71811005587240773,0.19381828936108192,5.3814400831950513
7,954,0.41991941089712864,0.18250130203068426,4.4082677459671116
7,955,0.40089408547566213,0.26569296611377202,4.4201763362149178
7,956,0.70426822407434952,0.49446489810280359,4.5397925604377187
7,957,0.99212615346501543,0.88271871531737944,4.3392699775812824
7,958,0.27652169375460384,0.99265996001685153,4.8606952917134665
7,959,0.86816066804865177,0.49361272801245215,4.6882175373755937
7,960,0.73634965776776595,0.55640354159030259,4.7095424751394432
7,961,0.5228340417653532,0.42455529086123533,9.9000613739115639
7,962,0.18087429950862186,0.85887417956123391,4.0801962047937907
7,963,0.42367255743781174,0.46238248909857871,4.436132242924165
7,964,0.97528375928074884,0.025182087606453317,5.5575082267363287
7,965,0.10741587525638721,0.10753564624295971,5.4866996132244177
7,966,0.26774994501786625,0.52448248005668041,4.4780183473872022
7,967,0.77520928503294784,0.5677804548006431,4.7981746077532668
7,968,0.99957549732119233,0.29314742155720463,4.9430404152661644
7,969,0.79410868357886288,0.61573997846668627,6.3119617553790333
7,970,0.61046873341649743,0.85618861948848557,5.6355505905454022
7,971,0.64503307546906763,0.22461749585375626,4.5022589588779134
7,972,0.82285152919556981,0.068517012292367702,4.4535454623240653
7,973,0.82261139835702812,0.28334071599253441,5.8338848346571064
7,974,0.84928080694457009,0.39292787041420169,4.8492001685351429
7,975,0.9256019884711485,0.67980355434789219,4.5392330038979098
7,976,0.63425492661905258,0.60642687886419322,4.3322996272583127
7,977,0.95257197220290768,0.2476904497296892,4.6190339862171834
7,978,0.59138740329985107,0.13742242993040982,4.7891045102307643
7,979,0.51244613485584622,0.90346272172935893,4.3226963461422896
7,980,0.98333552671268298,0.4426335954364099,5.702105692533161
7,981,0.99791056291856106,0.67992334170522906,4.989079869893267
7,982,0.84249619988139435,0.43983890519792551,4.6999770439400628
7,983,0.72546807117013468,0.098988004864662221,5.4830111118005158
7,984,0.089685878196420168,0.60113826732497011,4.7803763855315484
7,985,0.4423775444350751,0.28918635652562608,4.3027441832588371
7,986,0.00031465846270697993,0.25468305989456924,5.5103094595019355
7,987,0.70661909305392678,0.62760576019120162,4.8604320724317462
7,988,0.49143061299678226,0.99744811625442353,4.667300775710082
7,989,0.76412226088278912,0.48689861023151215,4.4367314700155118
7,990,0.64125151621352316,0.37869624969495375,4.6083572202347662
7,991,0.48763518941092576,0.45614118775354567,4.9734879585327079
7,992,0.77422090685366118,0.82534402156752318,4.2257987382994395
7,993,0.30414161245285626,0.41997555270731091,5.1303527893250047
7,994,0.099371064204769682,0.012404839102460855,5.7074198462711818
7,995,0.42247907830154702,0.014245528726841171,4.5252204410326264
7,996,0.49799276519692415,0.14464298959328306,4.8419464941847448
7,997,0.91448391258913342,0.29362053237343672,4.6457297184149207
7,998,0.87767452829001202,0.18981095247835042,4.61207933148936
7,999,0.93637734881613743,0.14931214028189757,5.9268761248677571
8.5,0,0.98584411160736984,0.86356569053787013,5.9506684961721295
8.5,1,0.092404251598404402,0.18960935146645605,4.1031288800678105
8.5,2,0.56554266573487322,0.86881416448555593,4.6646452724448517
8.5,3,0.39289376915774821,0.16343449077602909,4.5392997805469868
8.5,4,3.2929958173736387e-07,0.47471860638033558,4.3106450846631388
8.5,5,0.96870664989738819,0.79277770612084542,4.407186151884555
8.5,6,0.92407070810790537,0.65621353453967468,4.0100971785201498
8.5,7,0.094613451095253584,0.88787919437428953,4.4918686161329013
8.5,8,0.76061004160842138,0.042457548385631511,4.0660193273666048
8.5,9,0.10160103947355532,0.98046006832042898,4.3347693982507227
8.5,10,0.78462741818247406,0.49080745749817345,4.0999498640093375
8.5,11,0.30932768300862123,0.067950371788737335,3.7982529592990026
8.5,12,0.19634275603848522,0.78825566232990574,4.3080208822392487
8.5,13,0.71193333793721447,0.18523587828942104,4.487906920734039
8.5,14,0.48951271506989902,0.25269286461439466,4.038302665100594
8.5,15,0.21663357990324764,0.44980275182750717,4.5172374433924762
8.5,16,0.93016304545978623,0.77474936084483037,4.0946307035145919
8.5,17,0.83840999007558015,0.49640473537434837,4.5626568109746541
8.5,18,0.66067456624462118,0.68287860809491607,3.9678383908275894
8.5,19,0.49336918762218074,0.58696939956517169,5.606966882490763
8.5,20,0.70646382567972599,0.15494592583822092,4.2556587376049526
8.5,21,0.34638709157562791,0.8504521503750414,4.3167933493045005
8.5,22,0.86776736112735142,0.84066444232307802,4.0059635986624125
8.5,23,0.14909434416950071,0.6919641358332943,4.571454920518736
8.5,24,0.16202128390451406,0.7277855169365266,4.2005187624894802
8.5,25,0.60581508105612447,0.44963391175253614,4.2651325340579236
8.5,26,0.14774222707299467,0.55684960551607254,4.3380365129806862
8.5,27,0.87854450641737403,0.85988912238490789,3.904875890658996
8.5,28,0.033983905750198037,0.59916140122754269,4.1287249866423661
8.5,29,0.91369558797201578,0.67101669518089047,4.4896601691329172
8.5,30,0.43075318568899773,0.57007208094320405,3.9339484865093644
8.5,31,0.70911653333514246,0.16198653591455048,5.177787678537336
8.5,32,0.41738009083434163,0.071551381264083322,3.930008696249212
8.5,33,0.92987559917677332,0.62002898129507267,4.2306094417381814
8.5,34,0.58179516003518683,0.53881929462355438,4.2619288157728441
8.5,35,0.95339334273645693,0.97086405820074795,4.2494971569567719
8.5,36,0.4153258436586072,0.90444093074092946,3.9407990181917372
8.5,37,0.075904063982448075,0.31886400490428612,4.8244696714498101
8.5,38,0.34225553463838992,0.99921316856281339,5.3212419308286423
8.5,39,0.59393766387036651,0.9715272297805031,4.293860100677966
8.5,40,0.50611545007857162,0.97121221463802609,4.2020819417543533
8.5,41,0.94395452102602251,0.88140760678528263,4.1113610336630799
8.5,42,0.1082632087046575,0.13528880958258704,4.1069999316350314
8.5,43,0.92671785411534846,0.15066814644989568,4.4995116365310803
8.5,44,0.96424999640337761,0.10695504127239611,4.351070972797074
8.5,45,0.53226473108872585,0.086159440187128622,4.4847465713882393
8.5,46,0.026439145834351106,0.38045573814983397,4.1219686167037644
8.5,47,0.71621743715951758,0.080241246315979758,4.7965068847530832
8.5,48,0.0055862076411065066,0.4098189996707442,4.2780361496603954
8.5,49,0.98162850503099963,0.21330617956369979,4.1841475223654472
8.5,50,0.55188361496784588,0.36493434163371014,5.0043245191337444
8.5,51,0.074480148899322501,0.27706660901664515,4.5687843218661124
8.5,52,0.072060825568696349,0.2943614664459745,4.8648397275844948
8.5,53,0.33598591203652434,0.034025121447444684,4.3363266651719918
8.5,54,0.5666162352289329,0.087209434242196751,4.1238962215317558
8.5,55,0.33393661221240761,0.94598146433552888,4.0510592627572484
8.5,56,0.29443893039231683,0.90302632389502768,4.0725361889179466
8.5,57,0.96893510801462734,0.66198545612452742,3.9887375334528605
8.5,58,0.74930408874627086,0.90022300727101023,4.1067606880370686
8.5,59,0.64141854075819249,0.49610210048823111,4.9065765300166078
8.5,60,0.25415359489954292,0.39285161755755682,4.7929005518077767
8.5,61,0.11678477645682185,0.001205786163306874,4.7987293365326948
8.5,62,0.77831037180553575,0.67116552952072639,3.9582650273788822
8.5,63,0.20319040186777027,0.29283729081653509,4.497398934347081
8.5,64,0.038185307894633855,0.88755614151311835,4.2135348591509043
8.5,65,0.93728690808661508,0.97333410710018198,4.2633331984102689
8.5,66,0.56616561690791412,0.10581969991420022,4.5754593396721628
8.5,67,0.86762090674958814,0.099666796847038233,4.1616900385340747
8.5,68,0.090482188382459874,0.45509397772471477,4.1231199261556597
8.5,69,0.28791337904572928,0.0010128749875321183,4.3665358433034065
8.5,70,0.95989165843305757,0.50065179840788065,4.368829700054091
8.5,71,0.34573101469286688,0.68826891347547137,4.1931270404942875
8.5,72,0.99433536964624003,0.43247720329903155,3.8505769157079106
8.5,73,0.35659655139675567,0.094259867485086857,4.4401564637742537
8.5,74,0.35432516012462995,0.069502972663652407,4.1597801383373847
8.5,75,0.55308061477438231,0.075235219037362883,4.0404183764959898
8.5,76,0.55950187664770445,0.10917439507299723,5.0374029117490497
8.5,77,0.33933280498879698,0.23515492630665455,4.3641876702877527
8.5,78,0.40498476012889673,0.69424622024498606,4.3856756297400548
8.5,79,0.81350686737978184,0.84185599076217998,3.9260936125273562
8.5,80,0.87702225085280261,0.6401070163336029,4.1949656112511793
8.5,81,0.68605994029027739,0.58934752449222982,4.0365616404519651
8.5,82,0.76849120657915426,0.82194810572449051,4.7539195780115477
8.5,83,0.82778361808179435,0.56000113720700995,4.0603875174529165
8.5,84,0.86237067363296804,0.97426445564188324,4.6652203996718331
8.5,85,0.73293128796214435,0.28086346094114134,4.5059542606942742
8.5,86,0.10492468539653033,0.35433258102525572,4.1286778556332671
8.5,87,0.96103940508298635,0.23051465598554755,3.8668912314667305
8.5,88,0.52469963809455744,0.52106137252053852,4.4259501793399263
8.5,89,0.72565167412051845,0.57299334365266819,3.9424001773263453
8.5,90,0.71406370883167192,0.96159595737875603,4.4003926385510468
8.5,91,0.048855674789639564,0.33802849552701658,4.011256499008673
8.5,92,0.98113866928746518,0.39638309901873719,4.2971660925078714
8.5,93,0.97573858171943384,0.9572556984869216,4.8028691928752396
8.5,94,0.65685989077916074,0.58674525260716548,4.2362042474675956
8.5,95,0.36435989054385809,0.26704977406497887,4.2836560648306614
8.5,96,0.86214673861239766,0.64920903425303045,4.5764092098162754
8.5,97,0.93791236376398934,0.94953303194680905,4.4676535023602568
8.5,98,0.93672373173135071,0.97404806330654103,4.1678443630436934
8.5,99,0.96458290920306222,0.76510873022515846,4.2667118554336048
8.5,100,0.094363748071619638,0.31953857582112583,4.1694712289459694
8.5,101,0.99197436813314299,0.1414326509168396,5.1073993602723711
8.5,102,0.97037507802418643,0.14790680789424793,4.5941749508248826
8.5,103,0.23363964260673797,0.051429121729307255,4.2283317507138403
8.5,104,0.52340547837269114,0.29558162898814128,4.9908501847242501
8.5,105,0.66301393144634035,0.51507399004687993,4.0344686685426545
8.5,106,0.75072838002182118,0.096258551490564045,4.1639113390991707
8.5,107,0.61799633827798117,0.3602621206217192,4.1779429966284161
8.5,108,0.79409409920862728,0.9491482359285478,4.5100301996381669
8.5,109,0.48852352360528351,0.42862630516428679,4.4218557067903399
8.5,110,0.69512572867711342,0.85454552246460347,4.0708173927094196
8.5,111,0.0017242705638938587,0.093911780442535217,4.7115529675223051
8.5,112,0.49593322331667244,0.80468917792596806,4.4846600007973025
8.5,113,0.0062378228439788812,0.88062108638645376,4.6897414197236982
8.5,114,0.38949747095152532,0.050657960215451041,4.6378730775614754
8.5,115,0.73223679137807196,0.71631153347612175,4.2583022707878513
8.5,116,0.99479169505043752,0.44757801047125723,4.0996126899049621
8.5,117,0.89403862024152869,0.81352518012734354,4.2435861645194475
8.5,118,0.7178355495520532,0.25388400494374291,3.9677183912534431
8.5,119,0.94711307399863609,0.84548007343130616,4.0098589767715103
8.5,120,0.32773620453442881,0.10723434599469163,4.3533778597220243
8.5,121,0.053851376518485171,0.014658140351894562,4.0352856332032561
8.5,122,0.36699332995491346,0.79077650135962863,4.4077201184898964
8.5,123,0.3817458576408011,0.044137262505229036,4.2963729918717704
8.5,124,0.62950333224065869,0.69650693391189922,4.0257456282671464
8.5,125,0.94321263262318655,0.16192690079329308,4.2146838572151646
8.5,126,0.53903314909695843,0.65526338976608534,4.1876318050963013
8.5,127,0.037816704822089132,0.92381920993717692,3.9866311080606631
8.5,128,0.6876858799818284,0.42423367535116119,4.7570877779103578
8.5,129,0.29551251095535008,0.70655510323746418,4.0144723527137884
8.5,130,0.99882835934703396,0.41555142769983627,4.4995084811963482
8.5,131,0.34154387046043411,0.66412324089511821,4.2089887793619916
8.5,132,0.052119443357373098,0.75862336600565972,4.6304560422987695
8.5,133,0.94615269101510846,0.51483325993073126,4.3278589108582288
8.5,134,0.33086706258310083,0.21133012274072077,4.0020807849072453
8.5,135,0.63802480235733694,0.93850535847846406,4.2041686914569993
8.5,136,0.74564180717362571,0.35255341451997863,3.7941653614664768
8.5,137,0.79575072733496188,0.25490323780658131,3.9964805415430615
8.5,138,0.61696178174377503,0.86189541558494698,4.288437252128344
8.5,139,0.85359206451114811,0.22326621465194452,4.2770675119265213
8.5,140,0.4624878143332144,0.92988135013918716,4.1514866856940298
8.5,141,0.62763450951201027,0.97156466629069216,4.4600017902026874
8.5,142,0.42060294960042605,0.47820280197049381,4.4652957203786245
8.5,143,0.81640334370164702,0.87168859249970509,4.022364635207941
8.5,144,0.76481710427260496,0.096861843265408212,4.3577758510522289
8.5,145,0.47977273284885125,0.028653032228106709,4.2729549498000141
8.5,146,0.46664236816690574,0.66422379325651926,4.4953532226195909
8.5,147,0.84921479264264066,0.17814381133712606,4.0477272643033464
8.5,148,0.69426273306365149,0.26705204015161221,4.4846340887043992
8.5,149,0.00010140539073930186,0.78838763105807252,4.017128628099738
8.5,150,0.68142561495742737,0.50692884851642706,4.8244803993846004
8.5,151,0.91690644785762421,0.96504695178770983,4.1630272966988873
8.5,152,0.58563951145850024,0.90029050479883033,4.2884079744499193
8.5,153,0.45913634762565625,0.97229561349407823,3.9135964639015453
8.5,154,0.13252496970201486,0.40100635172398691,3.9339075272697146
8.5,155,0.05426640096930082,0.90644039006945043,4.1652516857567319
8.5,156,0.060041864683362776,0.78138658579450271,4.8650482218882942
8.5,157,0.62909358511400171,0.24946301725742792,3.9726158613560489
8.5,158,0.73409457843633974,0.091423809764960243,4.2123761718132968
8.5,159,0.87809496259619757,0.73433898021198762,4.9165484682459084
8.5,160,0.041587828815140171,0.34046177650820098,4.2879829293941221
8.5,161,0.8402220056423928,0.84260627146907918,4.1459752534217387
8.5,162,0.17717404423034525,0.844238813303963,4.4645807013666516
8.5,163,0.68567850582548784,0.0074591648808834095,3.9922870173655798
8.5,164,0.77092085648329101,0.4035923839739069,4.3169150215696872
8.5,165,0.37240079551846833,0.035479762289843057,3.8993723333510584
8.5,166,0.10430736401312303,0.9322808680832253,4.24145679481766
8.5,167,0.93624444090159198,0.82017837101522739,4.0671925574308512
8.5,168,0.72296463425130331,0.90400605157763581,4.6830298956499563
8.5,169,0.99447620473525844,0.75200248231570255,5.0226724877156412
8.5,170,0.79449344252213572,0.49252479231121082,4.3040722665001914
8.5,171,0.92665164493375807,0.57494845151762364,4.1426798816992285
8.5,172,0.01698342622803415,0.24732449878918317,4.245643469818833
8.5,173,0.91343388092225264,0.21067940855356557,4.3245910856926644
8.5,174,0.93053752843283988,0.19664807417477487,3.9257600511714701
8.5,175,0.99707638198085669,0.66454056480379919,7.000203313688762
8.5,176,0.58282313218070514,0.38688033645686493,4.0089593401431314
8.5,177,0.06342621709165247,0.071919086238301871,4.5327788654449117
8.5,178,0.69039055726782927,0.91763809507470051,3.9514835325229503
8.5,179,0.98449082912905383,0.39753037617890269,4.3609036143890876
8.5,180,0.41567764851045497,0.10501793138078769,4.6149907719056635
8.5,181,0.029490301243518483,0.74082328184362778,4.1319130747130988
8.5,182,0.82226606719517004,0.65492353566221262,5.3578720222034661
8.5,183,0.92776594157111114,0.75109757144728029,4.3241128040166759
8.5,184,0.43263533868824555,0.27166735237448192,4.3886952962115586
8.5,185,0.88792737623170992,0.69652029952476291,5.118295525062603
8.5,186,0.13665208869879619,0.85049411136206943,4.2875557798637116
8.5,187,0.69139327201900036,0.17795748856923646,4.5201845814968422
8.5,188,0.53826073951996944,0.83733674496565935,4.0086936799354262
8.5,189,0.30102313119463536,0.71377564908653524,3.9208812215667073
8.5,190,0.7517657198198423,0.38106438669034826,4.7922554041714225
8.5,191,0.77863324730102845,0.49928219410803831,4.6374780554746868
8.5,192,0.91020179027454029,0.99860239344656088,3.9107600536717055
8.5,193,0.80417222151549062,0.82610976111366552,4.3065604483101296
8.5,194,0.67866307692910455,0.21494423406357627,4.3602702095062273
8.5,195,0.93686746791314579,0.92881549804858266,4.225699976447121
8.5,196,0.014549331975758124,0.034210471184924075,4.3301356680226704
8.5,197,0.64214369854614217,0.27951663380466263,4.8619557993489799
8.5,198,0.67094817585289745,0.87988118898993406,4.1193597689045225
8.5,199,0.92289559377697927,0.69480315263508408,4.1187458511819734
8.5,200,0.18421874785659062,0.91003349719513982,4.2533573086114007
8.5,201,0.4211163552141059,0.94258253962255134,5.0116891697810093
8.5,202,0.62333832553630808,0.56586807022195651,3.9773494331997048
8.5,203,0.2937730563789217,0.79506857364712735,4.6897085895546367
8.5,204,0.99783173326406338,0.13710537646869334,6.523772970958265
8.5,205,0.8414786846264708,0.77348555635591554,4.3331636215986542
8.5,206,0.85672025306328903,0.86580790381998896,4.1818426590472875
8.5,207,0.79901958107960336,0.84357156287040347,4.3224690963485664
8.5,208,0.89155571146490653,0.088289603213381126,4.8888645910494102
8.5,209,0.80308649568364388,0.5898347516898812,4.3928436285207102
8.5,210,0.35179468473505598,0.86464884672336983,4.2630667749710094
8.5,211,0.92573991112256759,0.69832243450136378,3.8844752233436344
8.5,212,0.88228365847594559,0.65472493390465281,4.7933347766041461
8.5,213,0.72587050541041731,0.0085991943162362656,4.4374389557888598
8.5,214,0.73337956448436492,0.89399077581346897,4.6434833746223934
8.5,215,0.47012751215792004,0.91196371654070996,4.1850298741825291
8.5,216,0.945075738011671,0.078895994960667515,4.3097126969966144
8.5,217,0.041739576526748791,0.010688979392848161,4.1946638510503416
8.5,218,0.93608553504753944,0.040537827046333304,4.2064121544298603
8.5,219,0.54680414449275194,0.37960617352484666,4.1450739117657474
8.5,220,0.33994051960702748,0.25467293971058014,4.0145225798884816
8.5,221,0.73792233967315446,0.97999960218898963,4.1329608160790459
8.5,222,0.84196987116059385,0.59060857394689514,4.3195861745590172
8.5,223,0.37321953380887485,0.93160722479920677,4.0107074896986337
8.5,224,0.75230938681268122,0.57089789564110949,4.813504164120757
8.5,225,0.97779485681344536,0.75962970092331594,5.7028236070631806
8.5,226,0.81233825857430164,0.76142828472515511,4.7675614701658997
8.5,227,0.16680029670873717,0.88298635998182584,4.2247868799857153
8.5,228,0.050334559840728522,0.070744256062205954,4.4810802976347661
8.5,229,0.18510599490302307,0.69371624837427259,4.1424029608127482
8.5,230,0.37224547410374775,0.98273119527009389,4.2391285118535045
8.5,231,0.38661970749347396,0.40228485330381514,4.2686637115971546
8.5,232,0.49221584566531285,0.7469192099265326,3.9875552386866362
8.5,233,0.77034942123703176,0.64700040332507236,4.3514030328638968
8.5,234,0.10834557879484878,0.51864660578292654,4.07333454349346
8.5,235,0.09839752029967655,0.91424046267532988,4.069437202240989
8.5,236,0.91224515709185283,0.061624915185243274,4.0201058583217977
8.5,237,0.47992496830476483,0.87270050907637076,3.8097858756048368
8.5,238,0.63689944089546024,0.064388357821435899,4.352381499665829
8.5,239,0.00097970050325196182,0.84845159221800182,4.4706250858576926
8.5,240,0.83374877768698241,0.65644863105505513,4.0401608582579884
8.5,241,0.45396496410339382,0.438245041127309,4.247063117868537
8.5,242,0.9999935224745885,0.35411663034868995,4.2466792045223629
8.5,243,0.68153640429920403,0.56775612980477708,5.1700449201004437
8.5,244,0.82581007478316482,0.1232962563714394,4.0142999234517509
8.5,245,0.14765997254514854,0.75030379773562106,4.2521012607072022
8.5,246,0.91135511867487595,0.38574645126855428,5.0101685185388662
8.5,247,0.47241147754395396,0.10278162114059056,4.1224902517552913
8.5,248,0.85053015315740654,0.4991569309843088,3.9358615910281296
8.5,249,0.53331642242877131,0.71852802007769356,4.4715835511136985
8.5,250,0.22733968957207984,0.54407093483837399,4.4808682848427619
8.5,251,0.51272150726818988,0.86800979535127709,4.1143707885034537
8.5,252,0.36039190771829166,0.77494164082243144,4.5505899150424565
8.5,253,0.18360159672500803,0.11022682328138321,4.6485192733512521
8.5,254,0.7812901219968682,0.64613514969501495,4.2316291439622225
8.5,255,0.094254953855523418,0.864053655314027,4.2248716438742218
8.5,256,0.52896722096707227,0.95550978236222472,4.4312734845661783
8.5,257,0.14656144325989678,0.95055599381975864,4.3261150851177854
8.5,258,0.5483521329524309,0.59524395870532221,4.6275573988126721
8.5,259,0.31117900271128962,0.32579649726436066,4.2491745316171299
8.5,260,0.023470579187046019,0.50057364784954106,4.4237365267133075
8.5,261,0.90504772520476728,0.23155160811590705,4.9305772667126559
8.5,262,0.58488946773181072,0.27916982428629028,4.0033224529758602
8.5,263,0.087519636780503701,0.53511847127242362,4.7643031323976066
8.5,264,0.66359002904922237,0.30116515448028436,3.9238112669101866
8.5,265,0.86753787467305821,0.27111309881652046,4.0942945894603726
8.5,266,0.68830273772825712,0.60651773303158429,4.046860174822708
8.5,267,0.66463310484521798,0.82001489132626459,4.3988321419090477
8.5,268,0.93395242932923628,0.054225300740358966,4.0541606541939448
8.5,269,0.14002739603657779,0.51061079195029702,4.0594161313993657
8.5,270,0.96468685559042078,0.11946040915849743,4.1194141136476707
8.5,271,0.36663710177254893,0.3506304523914473,4.1188566163964691
8.5,272,0.59835908102591051,0.421485791746669,4.4664011792731593
8.5,273,0.54996295880989332,0.37691287878724367,4.1103983956771017
8.5,274,0.97396513324998091,0.28310168474185365,3.9493201288957658
8.5,275,0.9550672912255983,0.70682795634406981,4.8653565579594575
8.5,276,0.85367415942784641,0.32544171157750335,4.7702298721512664
8.5,277,0.44785049025967932,0.23265244566927901,4.0699111362545626
8.5,278,0.60268155272370694,0.76534156708358536,4.2192680425877995
8.5,279,0.22817968903232963,0.96945366562814594,4.5374184216994893
8.5,280,0.30080883098824124,0.35906315358089091,4.2191441935386793
8.5,281,0.94536545976385222,0.16557397026095211,4.0205828590104655
8.5,282,0.97539826249268502,0.43788537156143514,5.1392422109866276
8.5,283,0.11764497012120995,0.0010790161301861528,4.0003503513063912
8.5,284,0.85418975608643966,0.70035812957759569,4.0802879171764923
8.5,285,0.57231901460845469,0.46858100392820234,4.4081470101627387
8.5,286,0.40231306449600368,0.74301608720103007,4.1384373656038882
8.5,287,0.62922960010137408,0.52498117937416722,4.2657165483041153
8.5,288,0.62737573166266736,0.74615718406861942,4.3144898187713476
8.5,289,0.85070421896038961,0.75345450861248686,4.7913788845737475
8.5,290,0.13978920544665532,0.68057284531619,4.067392303908048
8.5,291,0.80932799174682002,0.70129450596847276,3.9501483831260518
8.5,292,0.31190501050494235,0.36267125238241027,4.3291390412416275
8.5,293,0.60248283238798339,0.2068786494519573,4.2953535089047614
8.5,294,0.38658028082502166,0.051515577625269995,4.1349523427602577
8.5,295,0.11174104702522691,0.66774003754100453,4.4538603723319206
8.5,296,0.086201078306745033,0.65228368855050045,4.1280196691398796
8.5,297,0.94225054467955371,0.38814791141484373,4.4676476295792655
8.5,298,0.25215908289480271,0.37608472206618127,4.025783163020269
8.5,299,0.78544574341891127,0.90976821250212769,4.3950050221075267
8.5,300,0.33278947080801252,0.80470055455506673,4.4183131100492421
8.5,301,0.81604740690065325,0.75760881641407507,4.20222120580185
8.5,302,0.31735240813099624,0.34157157152996837,4.0507878651912295
8.5,303,0.36898340261090051,0.053728383911316513,4.8635378581585291
8.5,304,0.45933841359752192,0.13651250627073833,4.1022905952455151
8.5,305,0.051567562548953227,0.22510586535339877,3.93964235325278
8.5,306,0.81090285826397768,0.54003260943595877,4.4362510995742586
8.5,307,0.5437466021391586,0.76328461209357856,4.0570164124607269
8.5,308,0.36269300898089774,0.30772298075916177,4.5198261913613385
8.5,309,0.23728146074533679,0.6235271359820036,4.025316437956028
8.5,310,0.45529791743629011,0.59853460776141154,3.8193369912982416
8.5,311,0.56020834048636103,0.6658782779784328,4.1573277445665733
8.5,312,0.9591756052023005,0.69056908903969272,5.7974702975456571
8.5,313,0.83120844059604937,0.37840382955325547,4.7036794022139947
8.5,314,0.45930533092004933,0.98372017284825819,4.6712673481018383
8.5,315,0.218074874999938,0.060299740772619889,4.6145909004472125
8.5,316,0.93208063294479193,0.57775995496627908,4.8368350206115576
8.5,317,0.090060528169511919,0.80192536189686692,4.1789629877695136
8.5,318,0.8587296791240645,0.71588794552599289,4.1523863330244675
8.5,319,0.62879865077484687,0.84625522124065466,4.566136946073005
8.5,320,0.98875634492674691,0.91121850197645393,6.7506301173846941
8.5,321,0.33668881528653299,0.47783411071525284,5.0047764517579987
8.5,322,0.89597698430768313,0.11083083480463519,4.7118032818586597
8.5,323,0.47993921998368316,0.20825936410838641,3.9408525139131179
8.5,324,0.86963817853031289,0.76674052453483799,4.4329967336375455
8.5,325,0.39299997462551428,0.75965171089243433,3.9063354209228516
8.5,326,0.61715222554809923,0.66466007069396449,4.5703706021172188
8.5,327,0.60664940144426782,0.67864064876439945,4.356606413762492
8.5,328,0.83002370434989359,0.37170971945685299,4.1598278389268435
8.5,329,0.80855483506534975,0.023493940013586949,4.5421983133155877
8.5,330,0.38896364691426993,0.7267753052983521,4.4934064945737084
8.5,331,0.96494094342295333,0.61847417336448973,4.0283153539713359
8.5,332,0.25163082474636789,0.027387974394696618,4.0670830136031828
8.5,333,0.74874350295674985,0.23751029768434254,4.2942902042937083
8.5,334,0.73388667164208277,0.26115771947708794,4.4844538936025851
8.5,335,0.81619962226291165,0.58244588616545956,4.2072586669872285
8.5,336,0.3817267039834138,0.9881146157768993,4.0732227713702693
8.5,337,0.71180063293893436,0.35497063785291094,3.9355525112625567
8.5,338,0.95749797152042193,0.11291063804279791,6.7785068645743207
8.5,339,0.55344076950811594,0.83669249404936219,4.1898627206438626
8.5,340,0.86959286328945806,0.067539153856423478,3.5518712689885401
8.5,341,0.90913526318333016,0.26170066411680487,4.4592799199669395
8.5,342,0.67485248723681091,0.95884815605529683,4.0489360972789621
8.5,343,0.13039955321309671,0.53300373595724293,4.2312294314714345
8.5,344,0.3230996356140608,0.98032712447475734,4.224046024528179
8.5,345,0.1006325053066046,0.81781826260867674,4.053541740694433
8.5,346,0.33317428889549155,0.53748320798594795,3.9934271277440572
8.5,347,0.07896329057016567,0.34813747558214458,4.162440228554348
8.5,348,0.72215251865960439,0.24932947341209499,4.4095695251260878
8.5,349,0.91604499397382222,0.22284071606520017,4.217065967918141
8.5,350,0.30319743288530082,0.82660948106875953,4.0762014092520271
8.5,351,0.25489926288629594,0.91144291037751535,4.4886539073091338
8.5,352,0.096253205503705655,0.40475300009009879,4.5420378611927603
8.5,353,0.38682718094845492,0.18156601473672773,4.3009745798762635
8.5,354,0.24803471615620001,0.96596265294581951,4.0405044055745032
8.5,355,0.91480435661514836,0.29102983306700186,3.97910168043073
8.5,356,0.057348116624777831,0.9338133036999583,4.0733323074181813
8.5,357,0.67138598615984124,0.11466165497897922,4.2705553777934186
8.5,358,0.60587655373605709,0.35037811986704814,4.1434137889074538
8.5,359,0.20152426534905069,0.72449929492886012,4.6309101981461556
8.5,360,0.70374950791728175,0.26242091243607218,4.0974949283205708
8.5,361,0.88564439746171719,0.94766683884160718,4.1777986317356817
8.5,362,0.72827402097199867,0.66832524521898484,4.0625642252705667
8.5,363,0.77657708533402769,0.068562551262832866,4.1418550361709068
8.5,364,0.02652096697296959,0.6927989501357309,4.9504087235189909
8.5,365,0.47944693988246057,0.082899250909928085,4.0988123768188327
8.5,366,0.86146861819117737,0.43499884933826716,4.8224472614852409
8.5,367,0.54564537535298152,0.3159318063563829,4.3981538948890657
8.5,368,0.72220828692455075,0.18512935839243294,3.8813505841569023
8.5,369,0.88919076805611963,0.10263762721874069,4.4293964359726719
8.5,370,0.95597197964253744,0.50092065046271839,4.4706691238924785
8.5,371,0.69569710944393748,0.93278444596959398,4.2121692829391177
8.5,372,0.9377134557182788,0.58733086903851728,4.2411294362705965
8.5,373,0.7915389471877512,0.43133097567770973,4.6056097093832875
8.5,374,0.74271061809993677,0.57676277517064678,4.3131157315665716
8.5,375,0.75391664398057323,0.13091365451942083,4.2537566808923666
8.5,376,0.042149044018842619,0.090427736519597193,4.544069380109292
8.5,377,0.68856942226283957,0.31118414042397874,4.0503895866627149
8.5,378,0.062459108876438053,0.91946932039747531,4.7080262954361149
8.5,379,0.050552695742467353,0.28422106456835883,4.0462475065279939
8.5,380,0.73266409418332845,0.2376479309468113,4.8083018429446778
8.5,381,0.80594037162534538,0.86623217438175004,4.1597597762363705
8.5,382,0.54263456725325088,0.97343143900791651,4.2494799753441477
8.5,383,0.52652064376916485,0.80411784236954231,4.2245168299917593
8.5,384,0.17317686857614911,0.67086429299000061,4.3261183015796307
8.5,385,0.26159774354833271,0.60794998153567392,4.2185246091607373
8.5,386,0.31785559108151568,0.97354175085812722,4.062284612169857
8.5,387,0.39891625825886157,0.40185477126857139,4.5130206441436895
8.5,388,0.41675760362962022,0.86859571754421716,4.7888118159771826
8.5,389,0.54261104772900248,0.82868914271367822,4.2886555821788059
8.5,390,0.98973785226358946,0.21288945817661956,4.1339587033793794
8.5,391,0.45635830501742031,0.50405497490546725,3.9867460363060063
8.5,392,0.42793225895827297,0.22411114431923801,4.2065472701920559
8.5,393,0.59395735735907407,0.36361701009304326,4.559086539279531
8.5,394,0.99820221431294853,0.76205309332675186,7.8866935536667819
8.5,395,0.37911613946679146,0.1265652812163412,4.0720512156426683
8.5,396,0.053971400006948542,0.86039833337770411,4.2462772978337284
8.5,397,0.80254315352269978,0.39445560580172179,4.5408068810221316
8.5,398,0.18739821311634047,0.26946042397256614,4.477046268737209
8.5,399,0.60528437985574202,0.43577708235733614,3.9897029000640343
8.5,400,0.251001718363765,0.3452860209339656,4.4892211498001684
8.5,401,0.9554509954509266,0.58878688134372958,5.0208351092993633
8.5,402,0.64038800652598382,0.38553820227076807,4.8431137597144946
8.5,403,0.025811350980232566,0.97535216695666416,3.9485263680189466
8.5,404,0.77456907599218883,0.55435643023458292,4.2196787115275338
8.5,405,0.77002214546942915,0.66255025613544349,4.3042041540621669
8.5,406,0.66999070245514825,0.73650347472652156,4.1453254046219401
8.5,407,0.18667431836457246,0.94865738056408122,3.9968599421299156
8.5,408,0.7867908454928455,0.4398879631523081,4.0781204259466701
8.5,409,0.15122812498018354,0.21853590254287175,4.5954253865480998
8.5,410,0.71375740270707966,0.30484553612218007,4.3465668810354474
8.5,411,0.77676630156492521,0.58371697406870904,4.3254705414910815
8.5,412,0.13319214907984328,0.59551414361494781,3.953746266482526
8.5,413,0.77521292149273102,0.46930722246034906,4.2170145394176064
8.5,414,0.94815138561928425,0.076473035552655319,4.2596302256980376
8.5,415,0.80067069576326699,0.87408534138760352,4.36700806578515
8.5,416,0.74114329877263185,0.27421572039843972,3.9313587024642804
8.5,417,0.7177115727889487,0.35949925758219031,4.4273740687903773
8.5,418,0.099635705630302149,0.79528764452786915,4.1937494274199461
8.5,419,0.68653044852634948,0.35948519733416706,4.455336356448556
8.5,420,0.40434401981114454,0.66358354914804996,4.3080060245613145
8.5,421,0.77632703214445598,0.6483194006276064,4.5515785226832346
8.5,422,0.72914619767780064,0.55437439171676983,3.960307032001936
8.5,423,0.45675867462512931,0.28618425466721847,4.4037449920199716
8.5,424,0.85618542115630425,0.71892838716836327,3.9779886881181947
8.5,425,0.1057238065772418,0.31678904009503106,4.0180482141616016
8.5,426,0.01548760305456422,0.74656355064708957,4.0651426710128886
8.5,427,0.71666415253307381,0.78453510745345145,4.6615605210949251
8.5,428,0.91800583606487007,0.013516147100373816,5.1080469536769817
8.5,429,0.36061970171590169,0.20614301049298556,4.4087036140746285
8.5,430,0.4446727869596856,0.43862331880549915,4.6283814764440834
8.5,431,0.96977713469951021,0.11291279378242698,4.0265560236237219
8.5,432,0.1097463017657066,0.11190289906935202,3.9780236912848821
8.5,433,0.78782698754298075,0.11040568779045311,4.7343046683200924
8.5,434,0.0013414902379868953,0.98974556096308308,4.1536115890927903
8.5,435,0.44547127254763724,0.41171884877966841,4.6499499228731045
8.5,436,0.29487831707066875,0.70598070232773169,4.1858240179942596
8.5,437,0.66085430322700145,0.55811593219756928,4.5919268929229391
8.5,438,0.82386388638610963,0.8574841142001739,4.1557144275454796
8.5,439,0.71447042301188923,0.98288413627573823,4.6332423237644464
8.5,440,0.86431711993784965,0.77501624968713423,4.1402242091502837
8.5,441,0.37554346158389956,0.90249125202196689,4.0292807391688745
8.5,442,0.53633693351055212,0.44900753776718505,3.9826098153468079
8.5,443,0.62722293361312564,0.70145276918737487,4.4315986311132836
8.5,444,0.8011122519975612,0.13907016025717206,4.1443575628720195
8.5,445,0.27907150584762536,0.28900740883427306,3.906355261524582
8.5,446,0.45258496460165504,0.10691041139997402,4.3965457565315518
8.5,447,0.071069204049214255,0.11192964527900374,4.2990377019071309
8.5,448,0.26834248952454826,0.27392436609060455,3.8964626607313608
8.5,449,0.2776330649987569,0.46751484635036733,4.7123635057997104
8.5,450,0.86509531096138992,0.020736172366506826,4.1754823341358209
8.5,451,0.54725847799642957,0.42907063770620468,4.1701928057626958
8.5,452,0.11695821280295468,0.38506940443005339,4.4751335569883937
8.5,453,0.48918409774216054,0.7404290430729642,4.8531355177504363
8.5,454,0.57575148384198993,0.12955176212398423,3.8973107398216862
8.5,455,0.8006340315639725,0.9691325626930164,4.0628154292217866
8.5,456,0.114726970518406,0.86075687861037753,4.591944021722921
8.5,457,0.038303017767904957,0.3843410972527464,4.2552179861941228
8.5,458,0.96827981471786273,0.2734673735857524,4.278591393116332
8.5,459,0.41801463719285031,0.38463759241035095,4.1316917439626533
8.5,460,0.44181212074065429,0.17217217145633484,4.1041752328190197
8.5,461,0.61295759854500764,0.71398874853711214,4.6664617238401842
8.5,462,0.029371739310490412,0.51105987409563725,4.2045702044559574
8.5,463,0.22871526444184784,0.020292491344363575,4.1193715949492935
8.5,464,0.032650744335894689,0.61303700636763925,3.6654407666396143
8.5,465,0.79855999378146758,0.20888046265281407,4.099531873973282
8.5,466,0.87329624296381425,0.4613249494433711,4.1676359001592678
8.5,467,0.010098852042211939,0.86802741547957263,4.8171601360496696
8.5,468,0.03341773730243288,0.33759332147776194,5.053422023226152
8.5,469,0.39186565704854676,0.39703065552221051,5.270054846148823
8.5,470,0.38478358021562853,0.048260224099225361,4.4063598567333218
8.5,471,0.36558065387614197,0.11868916186036728,4.1244563975678528
8.5,472,0.65360514097110956,0.8767042975689453,4.300942935107253
8.5,473,0.41855733402646911,0.33984287533926161,4.0870261258926242
8.5,474,0.91589323532142008,0.99604490151792735,4.3854993498121573
8.5,475,0.39304394178258439,0.80827132245905053,4.2461513135951483
8.5,476,0.78763002528161818,0.62566970932682886,4.5553425518458743
8.5,477,0.73330120195166493,0.95057339246360451,4.2051710249516523
8.5,478,0.97843199507089162,0.65438159414119224,3.8968456596330197
8.5,479,0.96257344284691915,0.32231888933742053,4.1110740811417985
8.5,480,0.060697798912687548,0.86637373899668058,4.3436257379918901
8.5,481,0.59710144458220094,0.48995027414708725,4.1395150928898214
8.5,482,0.22019898481565114,0.37692613593425611,4.2596897578336836
8.5,483,0.34293527941457019,0.30534547372247733,4.4849547136964958
8.5,484,0.85799319540800378,0.14774059596998815,4.5817390949269194
8.5,485,0.5801117274396701,0.90534502956345442,4.8695130005624634
8.5,486,0.34943002492618569,0.045106102535929254,4.5421762342030991
8.5,487,0.86440103277017744,0.66284926244281794,4.9022451802703575
8.5,488,0.56823290723979047,0.91383192827082915,4.3327171776880595
8.5,489,0.28393371593824368,0.19713369921868334,3.9069423879449263
8.5,490,0.98095388609457179,0.65083381335609625,4.2484337853499685
8.5,491,0.82603098095166616,0.70871343063123249,4.4134729131154149
8.5,492,0.82880250771361186,0.60932855044344669,4.0009519416247139
8.5,493,0.8053779139065218,0.17841921989555729,4.7249962042542855
8.5,494,0.42002378830949549,0.97305195359889851,4.5258331989781428
8.5,495,0.10604451045343465,0.066097541596251586,5.33554204960675
8.5,496,0.87716183906405498,0.57533523232193329,4.1707709874173595
8.5,497,0.98979540913309005,0.80569824946072122,6.6692709216484047
8.5,498,0.62537740622657978,0.61268266008123962,4.1236978103744129
8.5,499,0.0079595108967765362,0.42526194068477419,3.8940038461969362
8.5,500,0.43428407334323621,0.17463500342857538,4.7582820813075868
8.5,501,0.25985338106528083,0.61812126198410167,4.2424915985937686
8.5,502,0.66386948131485735,0.53185570249343861,4.2160471716305352
8.5,503,0.64749735219508375,0.14077643728217762,6.4070750216565182
8.5,504,0.77682988953231669,0.66408592614701967,4.2815342332914019
8.5,505,0.00084706651359204134,0.63039717225151559,4.3978764906457863
8.5,506,0.37472733571116973,0.33326034806795413,3.8252638815462414
8.5,507,0.22295409517094344,0.99466137945388644,4.5442276536296049
8.5,508,0.76586666122021396,0.94969755854981452,4.7262750539131062
8.5,509,0.29945272531762629,0.092572007351924723,4.3466624652471939
8.5,510,0.030392289984223112,0.33138856997553506,4.0616192213813687
8.5,511,0.97290113617767882,0.23794501676528301,4.1581407423220211
8.5,512,0.66611123523436333,0.54045781183448705,4.4539623788111609
8.5,513,0.62564929881614861,0.85778994168169376,4.3204749854447693
8.5,514,0.98224655907988501,0.1252337476036538,4.4812153646954584
8.5,515,0.98167135540173112,0.28887279130852772,4.611690726120675
8.5,516,0.68138169117403125,0.69495655164219139,4.0970622031942332
8.5,517,0.46101244778656625,0.74104747475313493,4.6435347644713403
8.5,518,0.50532368163388752,0.5343753964279776,4.3424362556584137
8.5,519,0.14088176480811279,0.28677103492442441,4.3296954937897345
8.5,520,0.9014449284153585,0.53069555973562932,4.1099602741369257
8.5,521,0.34655840656319487,0.32692355638879356,4.3472517635309709
8.5,522,0.85943937394130843,0.39776303098807242,4.3994520389966558
8.5,523,0.63239294048019246,0.79666655377129081,3.9349588252395598
8.5,524,0.11652902469449286,0.23670903312584721,4.1066110428191474
8.5,525,0.21645321267284898,0.71605027796869447,4.25424433216594
8.5,526,0.017724066007945505,0.3298457925501509,3.9428460994636558
8.5,527,0.62868402244524002,0.66876149490973991,4.0528331749054098
8.5,528,0.19786080837008049,0.80337190578477791,3.978979574096873
8.5,529,0.057748450951968469,0.96310877660244287,5.1883607384249402
8.5,530,0.26448810082482926,0.39218187476416272,4.262470951469628
8.5,531,0.73413629419634885,0.54843950676153719,3.8944162287299773
8.5,532,0.38000056295500545,0.039073715383315527,4.2269152632952514
8.5,533,0.29518105091432256,0.89001458075928774,4.4117925739306489
8.5,534,0.26975052539544048,0.30037593156448378,3.9724118998974491
8.5,535,0.65924032731678284,0.61075619520518376,4.1891373419578208
8.5,536,0.65524391614898359,0.36134516462085903,5.024120085753351
8.5,537,0.11064669018977517,0.64839452532061181,4.0383932918236063
8.5,538,0.8271624791777592,0.1682856936799087,4.442897807582999
8.5,539,0.20599593799920432,0.12136982270958734,4.093714724256138
8.5,540,0.77839401929517171,0.22950175144142559,4.0235466415418299
8.5,541,0.024831058934587494,0.0001759222936367623,4.0256254491821437
8.5,542,0.75842631117084636,0.8968000056885318,4.504242857489503
8.5,543,0.63179524456638614,0.50126604110759032,5.2044362531863273
8.5,544,0.083679338394421168,0.17478990397484442,4.4279123785675187
8.5,545,0.72587360701697112,0.056845013664720556,4.354586876606942
8.5,546,0.40049253663353618,0.73799481200753925,4.3303753548006885
8.5,547,0.62353429390929815,0.030790187059634096,4.0588831868477122
8.5,548,0.50546805599643219,0.59747453374988457,4.0376104593460971
8.5,549,0.17044611534193102,0.69315123639876475,4.0657613007802826
8.5,550,0.26382746266996293,0.68849179649654579,4.3438300481548726
8.5,551,0.46695899241156902,0.74033785118705275,3.9244038523185449
8.5,552,0.2164245738447591,0.26609711971482736,4.0186004973375757
8.5,553,0.78244832076407489,0.10339937402185828,4.2990049254488856
8.5,554,0.64203452876345357,0.4429763795314523,3.9443312789811968
8.5,555,0.75726226355824433,0.30523921326871284,4.2203326660243503
8.5,556,0.1783691855457798,0.36933027244132999,4.2843845270972771
8.5,557,0.62949956415536645,0.79283047168729459,4.1281496815395364
8.5,558,0.077259763052317132,0.29705377420204893,4.008463697981381
8.5,559,0.91653685194972911,0.56601885032719257,4.1562463176763691
8.5,560,0.97206666326965607,0.11702592230741024,5.4924074383783168
8.5,561,0.28403118831396762,0.21321653855639394,3.8280444910789728
8.5,562,0.55801187623977766,0.94990617316659642,3.8544905932501523
8.5,563,0.91136598683782599,0.61224595603151089,4.7983637395426904
8.5,564,0.30135265682627743,0.21537144322722557,4.2016595486156678
8.5,565,0.73373252776438469,0.48931633014326226,4.1073060286756293
8.5,566,0.26882682793515533,0.19512557274949266,4.2128144448437386
8.5,567,0.52452535215586216,0.95559469446733503,4.3343684380773597
8.5,568,0.25170212322154228,0.063201295835498578,4.1448360054688669
8.5,569,0.73261890279175401,0.72481926423767939,4.4160938028495815
8.5,570,0.56281299912403993,0.82607627032454667,3.8068291614474226
8.5,571,0.98534430176169951,0.95523237407763362,4.2559435637205798
8.5,572,0.23345825895552308,0.079530777566658509,3.9624336354133196
8.5,573,0.96196488400182867,0.71986449304977584,3.8513111600040699
8.5,574,0.29850676802030102,0.079098129185648444,4.0627940634126434
8.5,575,0.72735281607382851,0.64137473461459849,3.8834348838273427
8.5,576,0.88872721442713565,0.97789723088541358,4.2684880749310805
8.5,577,0.08851243489994115,0.02735173525956305,4.0798306389408676
8.5,578,0.18627362684919047,0.84903639869367731,4.1625390520070207
8.5,579,0.83059218712174865,0.34549671257163839,4.4110023212924627
8.5,580,0.78485970068121302,0.57511610050614226,4.231410468044964
8.5,581,0.23683966793645039,0.52598979718151961,4.5263101855392414
8.5,582,0.41251561186708929,0.15356850575282593,4.1402538146187036
8.5,583,0.55205692443357623,0.2849587456716573,4.2488795705155118
8.5,584,0.91558737045798699,0.42851965145027288,4.3636879428433879
8.5,585,0.25017847452251785,0.55977859177314937,4.3211891401639333
8.5,586,0.65695629552231638,0.47736700267039001,3.9720228867457967
8.5,587,0.90592672084713699,0.040580426489175543,4.1057651219537377
8.5,588,0.4862919487665962,0.62610767849612881,4.7861609506390792
8.5,589,0.00093559282716859378,0.0065237699620223164,3.8531914516736658
8.5,590,0.77749427022755824,0.65427497041733351,4.2549169968465286
8.5,591,0.74273931085119704,0.25749283792418765,4.1037922191009724
8.5,592,0.47456142693383874,0.38460997113425938,4.1987904896199462
8.5,593,0.39094366710764605,0.093559223426738627,3.8804421844618386
8.5,594,0.86026683422695327,0.93464323783117598,4.0612048511369956
8.5,595,0.60276943634097657,0.39144852071969111,4.0818447861761706
8.5,596,0.34811968420799244,0.95664072124002819,4.2117986592811505
8.5,597,0.45201659501391367,0.95099774327822573,3.9640386557393184
8.5,598,0.94165064186985714,0.69141984722783079,3.922796535475165
8.5,599,0.98687376735502241,0.26153415398242069,4.3725306492986595
8.5,600,0.27684562030225729,0.68598202960908117,4.1778351860445326
8.5,601,0.60152099480053811,0.3682903172763401,4.2886071731861586
8.5,602,0.49059468383201321,0.17048662527622774,4.4389503671059733
8.5,603,0.3567721645073022,0.53511542270485957,4.1399545107748263
8.5,604,0.31191857596035083,0.42068620533446144,4.1777323093604766
8.5,605,0.9841128252055914,0.8146956239920029,4.1216539536320074
8.5,606,0.8872708477170661,0.76072755312141849,4.2160321280189494
8.5,607,0.69758501266743334,0.75915821060329214,4.2798841137149628
8.5,608,0.17062907265094363,0.61091326372382171,4.0172448219333097
8.5,609,0.13502294670624851,0.70135454985973456,4.3312284992460324
8.5,610,0.50555465102036101,0.42505581321891961,3.9776176712737161
8.5,611,0.87813294861581259,0.8022052221359246,3.9234172971204342
8.5,612,0.80923993283306472,0.29802136868610313,4.0678249845570331
8.5,613,0.76793487199229182,0.36804131793276484,4.1649374408757076
8.5,614,0.32797122596491662,0.14599400908863394,4.6381990394996979
8.5,615,0.56234570843798359,0.20410516702829193,3.9983945906850296
8.5,616,0.019007394605353129,0.60230568910576876,4.6121648358762757
8.5,617,0.43947264913301071,0.78365654620821701,4.3176188880330049
8.5,618,0.0061480777795389291,0.91676616939594768,4.7393554637555093
8.5,619,0.87236522440432807,0.76839577421080796,4.7367959672189759
8.5,620,0.51684827311645132,0.21140710305413729,4.4479251295384143
8.5,621,0.83815906069090484,0.69840566666960702,4.0532352937909097
8.5,622,0.14540469262421207,0.21345559415330254,4.5527429281058209
8.5,623,0.068506132790549457,0.61575420810355319,4.3303075927011072
8.5,624,0.58814284569379216,0.43142394785976235,4.1019854253603105
8.5,625,0.56542891892357716,0.99034877853980263,4.1115588509022007
8.5,626,0.62224030265375063,0.80936247303192077,4.0599146398691834
8.5,627,0.4694935199016238,0.58851379273466253,4.5634029331906305
8.5,628,0.92298017786612196,0.96572560560461984,4.3804399544459063
8.5,629,0.84330946666614914,0.60716705482452316,4.6037159115927926
8.5,630,0.84511700111316923,0.087015063071833237,4.1157732580356994
8.5,631,0.42493213123047935,0.13343599072433937,4.2576451726908227
8.5,632,0.2215746277602462,0.47068152428235943,4.9663540603924412
8.5,633,0.10398678058771446,0.52205225725205762,4.1347906646410886
8.5,634,0.22383479740461915,0.38559083663466531,4.2178316106248479
8.5,635,0.25428249181344614,0.62148705029192641,4.0406625642138474
8.5,636,0.080176374574265907,0.59379089813138886,4.2254132481351343
8.5,637,0.74389738431904961,0.13974841353321818,4.3733261972265991
8.5,638,0.3255926629424673,0.45653571938319393,4.3452746538558431
8.5,639,0.27766984238720971,0.18478866832607743,3.9833883283103688
8.5,640,0.10438869294513703,0.2471909656306269,4.0388772469085383
8.5,641,0.040855553291190172,0.69727528286172025,4.7534090065201067
8.5,642,0.47807306454833487,0.26511189783875677,4.379063363270193
8.5,643,0.55264503989471581,0.25675952395145712,4.3781732482660694
8.5,644,0.84168802584266933,0.46446555530252565,4.453493218400209
8.5,645,0.15409014073715122,0.93961304399129175,4.714911892541739
8.5,646,0.88068292118371228,0.76500343013959293,4.2412731880899592
8.5,647,0.49649103393045935,0.80517328266908428,4.4189202800937624
8.5,648,0.53004631081423947,0.24659530485795686,4.4518750152139965
8.5,649,0.92611899369340578,0.36272963604327224,4.0337875102237435
8.5,650,0.92072290884140096,0.32814049838313886,4.4310230527880217
8.5,651,0.88788727571780668,0.94694751029885915,3.9130927160781779
8.5,652,0.99953392473538283,0.1020025531149653,4.4223629553509989
8.5,653,0.27732847968527496,0.05518045951869472,4.1459855508878007
8.5,654,0.39417066237261728,0.47696193686072941,4.1641123767820014
8.5,655,0.2191980182047106,0.84418452193284743,4.4898082541628241
8.5,656,0.85272302108851272,0.4269566339558421,4.1847728115565692
8.5,657,0.95591093641067815,0.37866662048989286,4.4363206610405053
8.5,658,0.59109889366644464,0.49544955712807515,4.346302097034509
8.5,659,0.67033671261781835,0.93518537630823606,3.9004783005070505
8.5,660,0.90941869662083086,0.50908843622887801,4.2101221921008376
8.5,661,0.15311149074293517,0.16177696863856519,4.2481482874760745
8.5,662,0.43933565714672629,0.78854844106092892,4.5410127320300555
8.5,663,0.64660469509501817,0.73520589477702913,4.1689991112745055
8.5,664,0.90194987857253173,0.10720642954223078,4.3710272251230364
8.5,665,0.3988342105511124,0.32791477788074974,4.138965514765311
8.5,666,0.46158389596268445,0.23473375827399592,4.398279293144209
8.5,667,0.15431217899375782,0.32691422322293401,4.540793725815413
8.5,668,0.69432234358082867,0.35706943094263777,3.9467414689234244
8.5,669,0.27679364121968691,0.072418164697936674,4.1620368823540561
8.5,670,0.90268505264704368,0.59013052256399989,4.1623138193457034
8.5,671,0.16742861586924199,0.9892190489490994,3.9047241680339577
8.5,672,0.68700885642316623,0.34290325988980191,3.8595047482222293
8.5,673,0.93187600585616603,0.34612848288451786,4.2762114339388866
8.5,674,0.040913641452002436,0.74751048534246722,4.3040514053744259
8.5,675,0.62321396637995918,0.44495081274713966,3.9728513290112564
8.5,676,0.16032965875335103,0.85474317088623586,4.4564126297284297
8.5,677,0.62903207974181341,0.95557506180721652,4.0829659563665759
8.5,678,0.80140394177017371,0.33899157636758748,4.2312072012625874
8.5,679,0.81771554479536146,0.6867248631182018,4.7205445018144445
8.5,680,0.0023685979922653481,0.060175188867389963,4.426899666695232
8.5,681,0.99835098569171599,0.37583857650732277,4.1443166974565733
8.5,682,0.81368893104462447,0.7415804826131992,4.3557977041751341
8.5,683,0.39394923632355877,0.93878316556879593,4.24563346119941
8.5,684,2.4168606371456166e-05,0.46506047955150231,4.1155767396264133
8.5,685,0.6664387424052779,0.58677469732011522,4.1076443121174266
8.5,686,0.29937535398624798,0.14655063920551642,4.2387299931572446
8.5,687,0.78401992138634324,0.95458573426790783,3.8078147336795229
8.5,688,0.77827300076917427,0.022772692388433744,4.4255008298909546
8.5,689,0.81331522802606415,0.099914853443831733,4.9556239880621611
8.5,690,0.39711599534366998,0.14779098901760154,4.1404806259008708
8.5,691,0.83134535255372444,0.12096116624241873,4.87071430630274
8.5,692,0.1916110794431381,0.99085064852928273,4.3039724061645064
8.5,693,0.90634615721365852,0.96356171485281639,4.2061852490176124
8.5,694,0.810687581990436,0.3244593510673075,4.5672728194127892
8.5,695,0.91621971263058055,0.18918536551022552,4.2683519383535087
8.5,696,0.51683684031828558,0.69274601813598824,3.7733765160431654
8.5,697,0.53446339496140294,0.09129833876727389,4.3688416906915997
8.5,698,0.52987679450306513,0.52314186939698937,3.8567207209526622
8.5,699,0.58108053869509724,0.9589808970779079,3.893194451606758
8.5,700,0.24409807100344172,0.0162661687674561,3.8774974945549894
8.5,701,0.17755785347329131,0.67103080979790131,3.9351457791664051
8.5,702,0.61812074302583564,0.21449716390005269,4.3749202956503526
8.5,703,0.69562774511212466,0.56666184493798999,4.0168880742774702
8.5,704,0.00018762851054660314,0.99307617281334482,4.6106100286660974
8.5,705,0.32173461051834246,0.16798706542968614,4.2570395918847739
8.5,706,0.41354087789701027,0.52708575249601997,4.5256212829506133
8.5,707,0.96239267899045533,0.57905651323869856,4.1030413779979122
8.5,708,0.87111142165704303,0.42332781838497224,4.6886327484204546
8.5,709,0.20869234851104632,0.74025990676314724,3.7919877337680989
8.5,710,0.0017804984432770788,0.47080751004165511,4.2105128225335307
8.5,711,0.5948451046960731,0.0012427346715608368,3.8805761357350788
8.5,712,0.49962716519976313,0.72008522013274656,4.0369333994737424
8.5,713,0.60943435131668855,0.61239644234358415,4.3293045553804044
8.5,714,0.20667822072734615,0.98202273853839483,3.9954161482619259
8.5,715,0.1660874186826253,0.093204180804052614,4.5629902466030217
8.5,716,0.69488721108785267,0.62582233454893987,4.4463087017817564
8.5,717,0.43928957509189664,0.38205137380063742,4.514201729818125
8.5,718,0.21797557659448824,0.89804575492529448,3.9851993103264709
8.5,719,0.45742913897639759,0.33598403792849491,4.0591886089020521
8.5,720,0.47674626511178553,0.75724356539610094,3.8042178890189526
8.5,721,0.86405350254246482,0.05687665466881564,4.7732090724628655
8.5,722,0.00018735588426688427,0.35951093751057095,4.5125676127715835
8.5,723,0.78934708886523641,0.46281676869863375,4.0910204271661339
8.5,724,0.98331971795318907,0.26288682310626488,5.0591915301259922
8.5,725,0.93199941976655742,0.484314437720888,4.8547098390412353
8.5,726,0.98925798283557365,0.94524089307327486,4.0413992447415232
8.5,727,0.96100165126647541,0.80990861259383018,4.5351279373042264
8.5,728,0.64135000271376208,0.46425112698471194,4.5072295168044931
8.5,729,0.56616679449268681,0.68682578614503831,3.9264331448216003
8.5,730,0.31048523422997726,0.32658840339888429,4.1442482990408935
8.5,731,0.01254921935666721,0.73288183526428274,4.2463065974443568
8.5,732,0.16806204874813294,0.54089001766214184,4.2189139716585364
8.5,733,0.30540403563774948,0.48640824861998466,4.1376965426389614
8.5,734,0.79338917545207732,0.64288272014586267,4.207293990895832
8.5,735,0.087572326476013373,0.36865915701497293,4.0532678904891668
8.5,736,0.96950712100245151,0.1693422252419545,4.8718848614510337
8.5,737,0.0075199224626457213,0.58429909459323581,4.7811507581353627
8.5,738,0.052692739492803294,0.18668043843397228,4.1634678045160749
8.5,739,0.50388261918174471,0.76652658061593926,4.713039333009486
8.5,740,0.52058212046083852,0.55941346797710079,4.1991076172198296
8.5,741,0.17163250524437912,0.088030960260781485,4.1649028391510328
8.5,742,0.20872776964606615,0.63766886459800964,4.2745739142925157
8.5,743,0.78369437376442985,0.027024279879703943,3.9592281752879086
8.5,744,0.77831871584689705,0.96306457636862297,4.859477229130122
8.5,745,0.78835175936041324,0.033611469506468941,4.4187036542519893
8.5,746,0.57921801856165911,0.60171423939902757,3.7098423134894345
8.5,747,0.064638719258996752,0.062410613154705107,4.376829916214767
8.5,748,0.80503707625569154,0.50740986015117095,3.9414670251066846
8.5,749,0.063484716708498631,0.022937270485738768,4.3089758542150376
8.5,750,0.1155505123412246,0.23758222093346884,4.1090271520163197
8.5,751,0.049092084242204612,0.58929406380123239,3.8648848955356883
8.5,752,0.27261488025979469,0.39372699207270567,4.4188973841075585
8.5,753,0.35381063732774459,0.41993763754927144,4.3995601940962539
8.5,754,0.6847902921314668,0.20987244664769381,4.3131092234740294
8.5,755,0.96999005717735431,0.37628963455046377,4.3170228424816051
8.5,756,0.37403631842256629,0.65705288362815129,4.6316226126536186
8.5,757,0.20204794614140226,0.92634761612472505,4.1341543742466698
8.5,758,0.016312735914739536,0.16094723583410345,4.4281703966044832
8.5,759,0.35615914942908256,0.68327031033055607,4.1090305628142838
8.5,760,0.51235357736445708,0.60069834666178945,4.4165635840074504
8.5,761,0.0099852443122634919,0.062176340686656152,4.2087400614572221
8.5,762,0.10262125095666989,0.39710986918172753,4.5447372627152607
8.5,763,0.69626251532135031,0.65861334722130238,4.007895973563115
8.5,764,0.12704220325605139,0.72786475479777624,4.2534664125597912
8.5,765,0.43467675974190456,0.080218475899660455,4.1562427757131886
8.5,766,0.50428043359906816,0.32384499419805518,3.9698554345102419
8.5,767,0.98752118945617673,0.087913987487291331,4.0344496108574583
8.5,768,0.34120996000624559,0.8816475110803923,4.2817297341774605
8.5,769,0.027852786046661047,0.97730011056878086,4.232212032563667
8.5,770,0.27870316267237205,0.81567870929005226,4.1184776773193112
8.5,771,0.69378500454519632,0.33781406868010477,4.5637722668518625
8.5,772,0.61872525811732959,0.39428556695774536,4.2732228643980896
8.5,773,0.069739380796704317,0.49166835119348251,4.2108322923224115
8.5,774,0.13329180416143419,0.74417955180126416,4.0894891081709419
8.5,775,0.98079929657951037,0.49957871447283053,4.4235444666968622
8.5,776,0.13981115591030591,0.82537527365734442,4.089713500456587
8.5,777,0.51088068684653021,0.76573465648949235,4.8682954763273978
8.5,778,0.82803759122694309,0.6460053092659902,3.7494603241085982
8.5,779,0.81513584542644235,0.84167203338425656,4.837977253194202
8.5,780,0.23826609683669717,0.70292896417058537,4.0607934849812048
8.5,781,0.65397962500518969,0.68231181617317549,4.1367425369580362
8.5,782,0.90003321989941654,0.88156374221186917,4.2171155815498373
8.5,783,0.0036168730166208358,0.84475897193107463,4.431095495051931
8.5,784,0.27960143770708784,0.9091597020040304,4.3912150846556166
8.5,785,0.13708294362813411,0.59073413503601802,3.9875026743683173
8.5,786,0.57943871516184797,0.68163214218383117,4.1930228909717533
8.5,787,0.45607818655983917,0.37311758190963518,4.5407930105971372
8.5,788,0.81182866330580195,0.9176726221020004,4.353913402623431
8.5,789,0.014100918674483655,0.15152716909147368,4.3412328324097542
8.5,790,0.25071408319910365,0.40662313595423399,4.3095925664079031
8.5,791,0.70561674613864167,0.075865138724805922,4.5334277801298812
8.5,792,0.24124937276954556,0.66581752760113067,4.7526937349958009
8.5,793,0.92797766329747344,0.92147256207308248,4.0720397455562818
8.5,794,0.70877171834426322,0.23967086119991962,4.7961809441259042
8.5,795,0.32742409042484383,0.17449712715143281,4.2410059233821844
8.5,796,0.39834332161698788,0.19930050103555452,4.0734112863413898
8.5,797,0.23485340597613044,0.95879960720863522,4.1581163379937163
8.5,798,0.86087089196608524,0.087022096230815485,4.0908787218435787
8.5,799,0.85959893161363454,0.38363488530934475,3.9760081747273381
8.5,800,0.56689752558707673,0.11894048520813265,4.207794204930936
8.5,801,0.53026389858616141,0.34842846808225758,4.3837909675365649
8.5,802,0.96309036469233,0.90085186340225476,4.3623274688433185
8.5,803,0.91803441128337415,0.83217089320347115,4.3766201112034206
8.5,804,0.48436929666418038,0.076578716922623261,4.0479731916560882
8.5,805,0.44081022517628493,0.82326942232366462,3.8014470027426541
8.5,806,0.36120443779393929,0.60636009268527191,4.3356943599540392
8.5,807,0.74966930337366278,0.410275282200115,4.2493932785315769
8.5,808,0.44550792318852855,0.97832723607836836,3.9180422523520071
8.5,809,0.51786748948718164,0.42355700795484397,3.8992404750826046
8.5,810,0.36759437981166776,0.0276982523906175,4.2070742199789644
8.5,811,0.046561136305853582,0.83814175242476763,4.058931837607533
8.5,812,0.90733471035457824,0.25446155465897674,5.0845598873094326
8.5,813,0.53104584676486499,0.55704825205349651,4.258581744328561
8.5,814,0.31467293851374245,0.22279067164770422,4.6280175949597133
8.5,815,0.56725587026010693,0.89719683749452672,4.3136593434151029
8.5,816,0.6441696996699684,0.51708883119990667,4.2341838764602953
8.5,817,0.68057575501478906,0.7277227781069644,4.5251142230229116
8.5,818,0.64532478985953023,0.74601147735056195,4.3391100726627929
8.5,819,0.64997024003274628,0.43917562911584257,4.634166974309303
8.5,820,0.89094076166740943,0.10305064788935185,4.1442992295149548
8.5,821,0.65790480471070423,0.87202104425037841,4.4222042086181981
8.5,822,0.98370925563932776,0.23271462480843394,4.7585420041467987
8.5,823,0.65524536928460342,0.53087163368681445,4.1917635584977919
8.5,824,0.88391760455139146,0.43032905746859484,5.0063756415561711
8.5,825,0.77327332623805611,0.99192463689999233,4.0862032374094825
8.5,826,0.60849342842278054,0.2794411755728437,4.4095114399363107
8.5,827,0.38547584634272647,0.082341386586235646,4.1461543143184931
8.5,828,0.4871551424418461,0.10360835966837076,3.9867309424033719
8.5,829,0.59249571809392532,0.82363762333101609,4.2385362008488636
8.5,830,0.71603489241976925,0.22520025896901658,4.2030000843929773
8.5,831,0.60430042477477142,0.14096447042210974,4.2768923556617731
8.5,832,0.063497696168870549,0.58483550840617426,4.4706403307541507
8.5,833,0.42471251738208315,0.55759674803161441,4.7520579072317242
8.5,834,0.063442081469417905,0.74773813065635952,4.8773876870560535
8.5,835,0.859380888151138,0.047979705904350987,4.0855053609827792
8.5,836,0.31974866990541945,0.78120070850563028,4.3484491321412033
8.5,837,0.22997173978171448,0.21543383073371958,4.0103098914242912
8.5,838,0.9147088986316354,0.48382410795680086,4.5178331847933464
8.5,839,0.43794299517039348,0.90289348933489111,3.9024460477723615
8.5,840,0.88062872218266253,0.36271512699899561,4.1901237218939986
8.5,841,0.58801352213906644,0.57025857439353067,4.3244328611136824
8.5,842,0.92282921958527853,0.4080827511724418,4.7887272755493466
8.5,843,0.21308075742633237,0.89870674943280782,4.3983800157200319
8.5,844,0.77920426487377814,0.27196225066895746,3.9406079991817196
8.5,845,0.65489245242780769,0.40032122236664625,4.0614583850759516
8.5,846,0.29376728226748972,0.24858399944966944,4.3860061845875622
8.5,847,0.34040740953393472,0.3815399939264324,4.1066067210998423
8.5,848,0.62015211356687994,0.98476015446487608,3.8222434682756412
8.5,849,0.72551407310791505,0.56633344128423113,4.2389397112200502
8.5,850,0.99931408960817292,0.9101808935964768,4.0873347865273582
8.5,851,0.016969013871621242,0.6217477249174691,4.3043708259156066
8.5,852,0.78934023361078198,0.70570651312138089,3.8026912613882287
8.5,853,0.18045319718077096,0.47651562076289022,4.207861159117499
8.5,854,0.90065533120095753,0.11091367261834799,4.2490789826748632
8.5,855,0.22034374980181398,0.16808678070432295,4.0943325356537956
8.5,856,0.53756143389782252,0.94399067385761626,4.2112724051632542
8.5,857,0.43191729658729711,0.56652022333598617,4.2347321059443415
8.5,858,0.47235009673884998,0.48783433427213219,4.3391889822668279
8.5,859,0.076544740267456807,0.52783253287118614,4.4239145197080729
8.5,860,0.032408790796497632,0.0083357937343032998,4.4725437445095722
8.5,861,0.89289281301284384,0.8705835569201219,3.9633100935338237
8.5,862,0.20230998070491779,0.081955983636433694,4.4549207434542453
8.5,863,0.029245858567576062,0.81446033811455432,4.6869389030586612
8.5,864,0.095943791199571901,0.92497049549362564,3.9822931509292698
8.5,865,0.092100445867917297,0.25201043560197595,4.4512466792365135
8.5,866,0.34720514277987002,0.94655589052149491,4.3489876084898187
8.5,867,0.27824763361269156,0.79410686182899604,4.3389888947461994
8.5,868,0.6818240219408388,0.64982245289225948,4.5972693147256694
8.5,869,0.58737889934034981,0.838252232104858,5.896670645793245
8.5,870,0.99709089672709306,0.57666610503023419,4.5600469293950514
8.5,871,0.98924969204917457,0.71221258699546475,4.2341837669808964
8.5,872,0.99525628336766292,0.31680690018806695,4.2432345290797073
8.5,873,0.96316112080068794,0.18090197418408363,4.4634596746464519
8.5,874,0.64237493917184552,0.25438552032246581,3.9037400550915793
8.5,875,0.97055238123657106,0.56787806806192509,4.5588299193599351
8.5,876,0.66634446626121957,0.46431671001991692,4.2450510094122631
8.5,877,0.95550990177145312,0.86513698915539283,4.3868951051565528
8.5,878,0.61394414289397403,0.071792562125527357,3.8541602975803739
8.5,879,0.77754392848800558,0.34345150233442007,4.2605396022729156
8.5,880,0.50943797903602728,0.25427926376105814,3.6581734466381008
8.5,881,0.89221846780671299,0.83808097727606445,4.3591062076451923
8.5,882,0.44167429280302639,0.28873278199031993,4.181336493363073
8.5,883,0.27230153861682072,0.11103870783532112,4.0813600505410443
8.5,884,0.45919191298212059,0.51568356318051223,4.3310589741534615
8.5,885,0.21955418999583057,0.55974549547082353,4.078002099431834
8.5,886,0.89871829702962436,0.61267592788220371,4.1944602843577261
8.5,887,0.40184807419905699,0.6045335305873103,4.0488603455731518
8.5,888,0.97864546190993273,0.61859639387315823,4.4632590698510262
8.5,889,0.68600918393345478,0.42010360406712,4.113903082881051
8.5,890,0.030411474921398691,0.70858287862493863,3.9506780946367379
8.5,891,0.37082964229091953,0.31021313793661398,4.0749949758439934
8.5,892,0.22881642121357479,0.57864906828910478,4.7665879853293704
8.5,893,0.1891444356339235,0.45628778857865654,3.7661077398662814
8.5,894,0.34082518486939284,0.37037915643510633,4.1702947766281238
8.5,895,0.51514474668770005,0.475679621332467,4.2715013952524092
8.5,896,0.83455241391753709,0.19527364072546799,4.3312453408031111
8.5,897,0.42006637780461598,0.048368522768692579,4.3240238470607686
8.5,898,0.64677595651561282,0.24693882314847801,4.1431037254158705
8.5,899,0.6525002905429228,0.47147601137210482,4.2734611058347758
8.5,900,0.026920699859168163,0.0078858575946273209,4.6168239468487178
8.5,901,0.99544684882240364,0.52978515844006491,4.8019137003189991
8.5,902,0.26925221587219422,0.89745289867187683,3.7644923342910572
8.5,903,0.079044429012943146,0.63126036300632993,4.3674482043204508
8.5,904,0.66853816684874012,0.24768283140009265,4.2651579905383104
8.5,905,0.41878907550916306,0.69183787833824306,3.9964431345577078
8.5,906,0.039740220728986982,0.36700484803118261,4.1795737921879317
8.5,907,0.13537280635857565,0.83691486991750619,4.7048746272140232
8.5,908,0.01330750819470998,0.86915081685021822,4.0242020915320467
8.5,909,0.59271899055217292,0.77115842080823738,4.132438791876611
8.5,910,0.22116615534020198,0.96575410634142267,3.9457680671664632
8.5,911,0.16022770184525972,0.24359604795501347,4.3849260920336253
8.5,912,0.97378929051340235,0.81369928050397933,3.8460067720665783
8.5,913,0.49260632094658008,0.93779763777862524,4.0806596520993175
8.5,914,0.72723024027623562,0.096484933764095157,5.4112375217938604
8.5,915,0.056193756519973034,0.50900767900217148,4.0784304586683282
8.5,916,0.56724723099150465,0.24459521121047154,4.3449383888817552
8.5,917,0.71273064555212806,0.087488340176623186,3.9645925602357361
8.5,918,0.47537357049673079,0.11459052899273375,4.7477653992389817
8.5,919,0.48226235702818077,0.10609368031407899,4.2435851952945578
8.5,920,0.47578423447903262,0.44100924381997281,3.8635698155076619
8.5,921,0.57278332875702653,0.34787357089312504,4.1306797192576257
8.5,922,0.87260629742553575,0.070458898859369776,4.2327759024294229
8.5,923,0.78833301171037373,0.82129613897040599,4.6471792459387036
8.5,924,0.83085721098370657,0.48966501677987251,4.2752403630941487
8.5,925,0.82661003812585132,0.6269765658633486,4.1057563711390888
8.5,926,0.28821323690431688,0.77819279740489877,4.4078080863732483
8.5,927,0.08354631566914146,0.89253922821497711,3.9230836937608999
8.5,928,0.24624594002786473,0.85256353147859143,4.7573443696131985
8.5,929,0.90360572726647304,0.32607294891937388,3.8320938906555218
8.5,930,0.59277522429603269,0.089522003842191084,4.1141858922656889
8.5,931,0.5617942152264207,0.72907199641005438,4.0926441645098661
8.5,932,0.71483113929329567,0.16224034159451553,4.4429127144186182
8.5,933,0.61174001624349261,0.2604627223988436,4.2524440790337872
8.5,934,0.109715846668553,0.28196297769890588,4.0189745651187501
8.5,935,0.7401414179588317,0.69379486365647458,4.2644180119186181
8.5,936,0.40032408673832104,0.76606261680027421,4.0915849446178951
8.5,937,0.73765984600272616,0.84411770099829098,4.2255976619168631
8.5,938,0.90866800509616585,0.57621932936095099,4.5269486081108408
8.5,939,0.84038156912410777,0.80019520224814666,4.3660705757238905
8.5,940,0.88547366649480286,0.75717309266703126,4.4964308324369933
8.5,941,0.80684022829726731,0.43954160351706772,4.7673776727603654
8.5,942,0.50935873102029228,0.41329777894240077,4.0839168486695003
8.5,943,0.52076034686673256,0.52142470520670525,4.0704121035972323
8.5,944,0.74975223620854548,0.29935558274419516,4.2319591431732828
8.5,945,0.82476039862066808,0.47233655734030078,4.2095573252577543
8.5,946,0.91037387141430703,0.38212729650567395,4.2520138755393191
8.5,947,0.59504829891263356,0.6070100188921651,4.4588923444810789
8.5,948,0.94446232375228933,0.077814424825750739,4.5588573516340904
8.5,949,0.98438081502725827,0.16581822601511348,4.1055555999086257
8.5,950,0.58943485378571436,0.60791351391458848,4.1116211122010693
8.5,951,0.095154492779674943,0.089515557714070118,4.6393959344344866
8.5,952,0.79508475116655841,0.50389500873448312,4.4094441119257279
8.5,953,0.55254036031443809,0.47511555915114545,4.0790968092365256
8.5,954,0.39575542827395699,0.87735783216511065,4.0840627143264321
8.5,955,0.12129672288174796,0.68632193420209853,4.1266035921211968
8.5,956,0.41857443933563571,0.49106130781253121,4.1382208080390681
8.5,957,0.76366799415967113,0.15675496619377846,4.3760611108271306
8.5,958,0.70946045889479215,0.14894193705689635,4.2294729663821382
8.5,959,0.095275327728367096,0.4173385863606211,4.017130800652283
8.5,960,0.10699973694679364,0.024634682333519599,4.2205767528839591
8.5,961,0.71362813007502091,0.59719356382254152,4.4332608906448465
8.5,962,0.46944219444548818,0.83766933758167805,4.2699406216504698
8.5,963,0.65867371036870526,0.059192213208030767,3.9621436121536013
8.5,964,0.038603465674646134,0.088535078204963577,3.8923324631419649
8.5,965,0.19228828981931073,0.21024600599672669,4.2480798162270892
8.5,966,0.96059094779780418,0.73710139682608355,4.2251568053103341
8.5,967,0.97843118903892157,0.8524204415950063,4.2867663578415875
8.5,968,0.56162325702751137,0.6011432442051613,4.3262972720017379
8.5,969,0.91997851735270553,0.0084564322056659216,4.0604924719550288
8.5,970,0.89525621043221748,0.96338039164950984,4.5032073819256446
8.5,971,0.64874857007250664,0.058840479206666713,4.1869975762701293
8.5,972,0.8207902745075415,0.082773563839058872,4.5010506280138864
8.5,973,0.86906103946056867,0.6241910545892122,4.4421306301614036
8.5,974,0.092400500200012323,0.051385958060553752,4.2559835827090566
8.5,975,0.91099736494085382,0.13757059923266751,3.8419813090539892
8.5,976,0.55753882847563785,0.11032320721338482,4.3595140016666969
8.5,977,0.27020672339504059,0.79798141488598007,4.2568962093318925
8.5,978,0.13114675843035048,0.52677573583042858,4.3545366784604314
8.5,979,0.55052213653515714,0.57142162875466973,4.2451878155743987
8.5,980,0.45701876733378238,0.42416275855609348,3.9474518021211291
8.5,981,0.013257485546530341,0.09101376308027509,4.4895011064444503
8.5,982,0.9651206944144809,0.89312211944463327,4.3126780675810288
8.5,983,0.44067445863981025,0.81945836290381469,4.4569316649774429
8.5,984,0.86221266663488794,0.9501841551144411,4.2692236529838663
8.5,985,0.35148594685027867,0.094764330093602717,3.9586029617105223
8.5,986,0.87003123693107631,0.55253336558688715,3.9910103126129268
8.5,987,0.94534363189880433,0.30158671620117206,4.2104411397069974
8.5,988,0.2393757324841016,0.092031872158356051,4.4658354014737274
8.5,989,0.69392860163887282,0.22532991316710979,4.2408526955665886
8.5,990,0.24722138592404114,0.28829290079751008,4.0655563090590841
8.5,991,0.28152180995768922,0.25789231110394795,4.7627408663403141
8.5,992,0.21753752074894389,0.72331313454185686,4.2206123295062499
8.5,993,0.040485787311702381,0.13863920227236612,4.2209525734586553
8.5,994,0.56005142739576153,0.40816525522209424,4.2169928259914533
8.5,995,0.70576327030268171,0.05440677007242728,4.3541521619627641
8.5,996,0.10708229507267904,0.24967288658760528,3.9316657831615691
8.5,997,0.35699810184392061,0.0045722919190627738,3.9466523384425227
8.5,998,0.45813732576336985,0.15706882801464736,4.1171895104606948
8.5,999,0.93412133615152382,0.034870585883414622,3.9246523398284143
12,0,0.95404401643033787,0.16257966109584163,4.0414705602915983
12,1,0.61762477993394649,0.48717829529802015,3.7058698591696455
12,2,0.7554317050003666,0.38773348626228382,3.675643377122273
12,3,0.32743442302250908,0.56418276443054638,3.7048395682690605
12,4,0.71344770003662428,0.87783221507837894,3.7531192458328584
12,5,0.35961423113716451,0.35084976821016656,3.9071009360497442
12,6,0.69529298087657365,0.15885708276231739,3.6594668346236499
12,7,0.086126390225953017,0.036859532381604138,3.7478959850495008
12,8,0.43923655552704022,0.43280065680750024,3.471936816722462
12,9,0.86705670122433265,0.47099900252548366,3.6052375083426753
12,10,0.036767012844512698,0.95081296273761384,3.5629161603147881
12,11,0.40322166003984905,0.47472502020317986,3.5607811531784166
12,12,0.37372196512704986,0.75249012427530315,3.7463851473661531
12,13,0.21901686905119902,0.47637304948879788,3.6389745098507098
12,14,0.69294128595460946,0.24146010681783012,3.8389495459610492
12,15,0.71824291943587371,0.62216867231045669,3.6991714593951457
12,16,0.62309731204221774,0.81264517768230504,3.721986773682334
12,17,0.40304875756777864,0.88713926560870571,3.6278531599898911
12,18,0.92771720753110798,0.91749921563720782,3.7403420300274672
12,19,0.21197144579475513,0.12507951896716776,3.6187515568975175
12,20,0.39876111095024191,0.32423406512943953,3.8788230403693911
12,21,0.1970911509226711,0.4356964506795134,3.9001704330081965
12,22,0.034638138224645815,0.21006438188242976,3.9438902478053488
12,23,0.80972551803781889,0.56659843060099602,3.7134279113189921
12,24,0.038592076381594446,0.45764621264026584,3.5083299017431417
12,25,0.47296613447020186,0.85831954202342031,4.0066995210365812
12,26,0.64878032917818973,0.18239921900150527,3.969993095035989
12,27,0.31667414090730855,0.2920429031201186,3.5011811419094969
12,28,0.24586161075122209,0.95113853990875397,3.8439993411892797
12,29,0.90622006993692172,0.19995792470511731,4.0679088906567022
12,30,0.61406915414466623,0.27139861056651471,3.6812864021592473
12,31,0.27864774983648205,0.98316867270438468,3.7614006317736881
12,32,0.02643097777757069,0.86767169220056251,3.6382112457730371
12,33,0.57384349210081542,0.1109207847804274,3.7676215814489424
12,34,0.11392041111614531,0.60456484963154955,3.7597751288472816
12,35,0.67119084539505569,0.52071150997203675,3.7406121468241689
12,36,0.39197804355769489,0.4506399533563798,3.6652819600897732
12,37,0.9487353042868546,0.35997426050459252,3.587761059602633
12,38,0.9340687924763571,0.16126435889741489,3.7511522954203262
12,39,0.51934904497980772,0.74772739199638605,3.6678182982978114
12,40,0.30989923703275007,0.74203925792922254,3.6099599124901363
12,41,0.16000038408155232,0.92460886804387299,3.8513676740880749
12,42,0.3163077309874624,0.99874132521711567,3.7797735883780961
12,43,0.68373601250990057,0.15644655784521033,3.8050722831130646
12,44,0.82304520525951874,0.72917603441108492,3.4920225220840031
12,45,0.18860268237294642,0.64431475201751276,3.7564250673681219
12,46,0.68442733803555844,0.46160607230994688,3.8320446885522368
12,47,0.17430790649693367,0.23446115709349788,3.7592502692163881
12,48,0.324720308672796,0.044830875295345324,3.4384102922543183
12,49,0.13585011398003871,0.74262039107687261,3.8447862626759335
12,50,0.22485810579251109,0.33321439132117736,3.8472638451177308
12,51,0.93755891617289111,0.4474350989175685,3.8401460332309991
12,52,0.13630456297823942,0.52252041811002159,3.8097177591557805
12,53,0.8122938747736258,0.36690078135072302,3.8953003461807709
12,54,0.54592348656287226,0.31047070127871845,3.855416770589279
12,55,0.80995979302676069,0.36551538295791469,3.6640404177077612
12,56,0.34801372804103697,0.69775649078440916,3.6823787092124705
12,57,0.82177513313902306,0.97916291880409367,3.712341405025501
12,58,0.035836491485774107,0.1993293476492797,3.8620339275440849
12,59,0.39318042013848076,0.26864876050569436,3.6000958814773396
12,60,0.52315546402933422,0.96991359981712255,3.7136114304220125
12,61,0.94765622571918973,0.95467893197619624,3.5713646242389632
12,62,0.52042718515705699,0.27567743202037437,3.7148460366487246
12,63,0.88612995797621152,0.151788501003638,3.897260010305156
12,64,0.47110937715546142,0.099558711961825475,4.028313558636178
12,65,0.64695291752311557,0.4019421356893304,3.5884936507887799
12,66,0.17240623894601242,0.24062068792693458,3.8242918118840263
12,67,0.91552460196934227,0.74447106151096554,3.5641882647069294
12,68,0.94281330687206621,0.20087012193717066,3.7215936235783649
12,69,0.8058489606659105,0.61004652092003508,3.7447196754161829
12,70,0.50370810425649115,0.20008321176218,3.7594959060961375
12,71,0.12758480454551158,0.1023773880575313,4.0408033545730495
12,72,0.3040342795239519,0.37896152694468715,3.719852342809721
12,73,0.5520475468000261,0.81311618232337124,3.6376667617222984
12,74,0.60095196531314832,0.87340931587779069,3.5215952807643447
12,75,0.29738865017824362,0.91151397010440849,3.7129020772582773
12,76,0.72192070147691978,0.51865743385075613,3.8049147558936007
12,77,0.6518861140351655,0.48175884711119932,3.6914401518140054
12,78,0.66084870605773482,0.038051602792255571,3.6500840287386951
12,79,0.63442071017880708,0.33381732255698743,3.8255734662166665
12,80,0.87438954387102596,0.36275564648798975,3.5909514976183519
12,81,0.32286790919759878,0.94624621999954761,3.8768039392662659
12,82,0.43107598114931694,0.78079901453198397,3.9206071642506202
12,83,0.93091331241867137,0.030042821723770076,3.6481716403036279
12,84,0.48706853652617466,0.67315429065797328,3.6814941956837921
12,85,0.94584966370550727,0.11051643028274613,3.7754854441701018
12,86,0.17985714143776055,0.16320776674064258,3.5412786495237536
12,87,0.15110463131299848,0.25180831334448384,3.5141545993928802
12,88,0.9109142901133136,0.36874612004817525,3.6449404423177314
12,89,0.087689846786251913,0.063343512240855354,3.752370322657951
12,90,0.070654464333076913,0.1176335302700673,3.378306752093486
12,91,0.12299129646976914,0.073079534489227438,3.666166129354528
12,92,0.22106907359715566,0.99735658464081101,3.8117123766346244
12,93,0.21664981555656196,0.27137397475922137,3.8086706603287368
12,94,0.18956293467783597,0.87235198937210223,4.1426351996619202
12,95,0.29104901494778757,0.38322379760237624,3.6766941153963097
12,96,0.20946762546749853,0.17141227236771236,4.0654811683250207
12,97,0.06404795908860593,0.64344030257623641,3.6099148428246823
12,98,0.27492227990449603,0.16205685334295766,3.5309943154037944
12,99,0.70226062537230305,0.7509681839789224,4.0531481671608747
12,100,0.60182642959081556,0.33515680166355216,3.719865189620275
12,101,0.008682536772531101,0.11103742616263532,3.8321269179620185
12,102,0.58264297825599454,0.085749212804474659,3.7097613981652775
12,103,0.93463221805879815,0.55199379931153791,3.8794269763370006
12,104,0.92879067494991341,0.32963116508776813,3.9782719559115196
12,105,0.95178601785481498,0.35891997672972614,5.7484585112202877
12,106,0.18186469708067618,0.86691646178955495,3.7624916875818406
12,107,0.033772827903089775,0.48636127104041083,3.5908191337068618
12,108,0.43983212730311794,0.20749202363873304,3.7359560310322233
12,109,0.11046917508609394,0.7117400707165622,3.5951013762025901
12,110,0.74601579658398443,0.75529666559240383,3.5946103192042433
12,111,0.86169687242776694,0.1692433912639297,3.9151654025489271
12,112,0.074589192684379732,0.056318638582599882,3.8930063296749555
12,113,0.46107511054492556,0.92823795073745918,3.5632765550778434
12,114,0.56602351192247247,0.99489074643580833,3.6344888575552439
12,115,0.54030817025262379,0.48749484648282371,3.8123360248514051
12,116,0.6862067520817291,0.89913441964244067,3.592242191510711
12,117,0.75787253902167784,0.80203668353937974,3.6688863163657204
12,118,0.51193748036318765,0.55099545922389492,3.800445790994988
12,119,0.2792371642085093,0.9875846150374461,3.9760996072119097
12,120,0.33937593920523174,0.45917104872797165,3.9545531910207914
12,121,0.68553556426068185,0.58418237104121951,3.5563059368206424
12,122,0.94674167605670767,0.49863345466668529,3.6055388716311589
12,123,0.034162972214679774,0.10678862193653459,3.6069812375053911
12,124,0.48416141912108146,0.50789976332984055,3.9498842291352285
12,125,0.55475246400244538,0.69734020173405342,3.7914560546579126
12,126,0.41799004758123876,0.70460022650695286,3.8072502649596101
12,127,0.025975513381753565,0.68597212535419505,3.6699618814273962
12,128,0.93680491654662013,0.37961662737779672,3.809518316660466
12,129,0.051938623213280986,0.43952499017510838,3.6970725236520199
12,130,0.67287437070425105,0.81007619721249791,3.7564269061300117
12,131,0.75141480288141738,0.47986153519037389,3.7454869655769518
12,132,0.95934926432794065,0.61259559749645498,3.8856036838756496
12,133,0.5571625687891486,0.95014544677231327,3.6470002921056444
12,134,0.64149983268741984,0.26728673430000266,3.7809318734018778
12,135,0.22884276510723017,0.066806126193586529,3.6815207069953644
12,136,0.1157991692947318,0.17675305962279961,3.5968647513356657
12,137,0.53318779114059534,0.10020400933602014,3.4795441902590953
12,138,0.58119307094473782,0.22484446581862916,3.7697571223211432
12,139,0.43939444825248497,0.47630203521020298,3.8222580583229919
12,140,0.13232327879048716,0.79125184586379993,3.4720773026196441
12,141,0.029031236165291831,0.42378212123703835,3.6311146647644827
12,142,0.2413103683817078,0.57180793004993924,3.714945604904583
12,143,0.91676984585864219,0.53320471064534636,3.6063239741971125
12,144,0.4136249658248643,0.26460859131939779,3.7391022842404529
12,145,0.91391059962142596,0.76814955806017404,3.7826665354551552
12,146,0.40980677352327344,0.052074076178023204,3.7238723247877785
12,147,0.99450520840659629,0.66252609035635002,3.7965323862207541
12,148,0.59883285498695105,0.99323315174024407,4.4794861383121685
12,149,0.13163211341871073,0.34820608661071994,3.6327554246314473
12,150,0.66704598870975051,0.24615692271336617,3.7049287658661796
12,151,0.45706184816644696,0.86927646981387496,3.7747700120436409
12,152,0.9809756886281098,0.7206291637462342,3.6604362334736216
12,153,0.080779946203864875,0.48440598905997878,4.0621597812748718
12,154,0.57377351126787501,0.74441482978547258,3.8438082381535632
12,155,0.42777945837467413,0.81583372103336316,3.773358377751189
12,156,0.26311503186385971,0.6965545955563982,3.8176149290707522
12,157,0.88781388190259192,0.60429692692561232,3.8186717612737451
12,158,0.70955081774985818,0.39638325067066038,3.4679790353110898
12,159,0.36598129604011459,0.28229929438270807,3.7238840034676399
12,160,0.74499107477225124,0.36226153352563839,3.3878705176995485
12,161,0.27361730180595345,0.1067423545008867,3.7530763825523867
12,162,0.90323731786593808,0.8571447136434176,3.7150948258888028
12,163,0.84599126263075097,0.52686273330857347,3.417682098991305
12,164,0.86488163077168845,0.30915218506165271,3.7261211622736141
12,165,0.45615487359076867,0.99196106161011577,4.0792029136064096
12,166,0.55944700290653793,0.98099326574297163,3.6673755929680629
12,167,0.95596632806198467,0.17056689847967549,3.6467076523424198
12,168,0.77311034805312939,0.12313768623216752,3.6922438522426737
12,169,0.2600015401991968,0.24506481422575543,3.6277852423267793
12,170,0.2770142492378308,0.23213255954876419,3.8960250159694025
12,171,0.65985794055497493,0.44979746932974912,3.8955013736848749
12,172,0.76847622698617113,0.64963681994710254,3.7482742338578858
12,173,0.81331373375938343,0.32419084571837331,3.6761924732987588
12,174,0.21311435547478416,0.66822262338119987,4.1638308758949227
12,175,0.54137328025600417,0.24742171048218831,3.5874443297798848
12,176,0.81309008565379015,0.43634221302957299,3.7524835709730202
12,177,0.61681155380157482,0.04479901762039093,3.5406643024754043
12,178,0.12337622621594588,0.42061943881824515,3.6577828520494546
12,179,0.0068659830033747779,0.72666023250372991,3.8963056840796484
12,180,0.36150177744038359,0.61951823755800217,3.8461121963085687
12,181,0.97917622026912698,0.69755895287589587,3.8391387779956583
12,182,0.40654218027253541,0.73423223509700486,3.688837511787499
12,183,0.85023422952562877,0.27499443695380249,3.9623896537171039
12,184,0.11187467074858265,0.8781188838973033,3.5667171458751112
12,185,0.023231119473640247,0.4128339908260113,3.7279776040462669
12,186,0.76002698726768136,0.29702680609228871,3.7576895499311833
12,187,0.42671740831181015,0.87073955903287081,3.6687020852677916
12,188,0.22596576452426706,0.14039718997285297,3.9358844142504865
12,189,0.45776993544098915,0.8366340883804334,3.5917270267389774
12,190,0.9426625084866076,0.31569047381576532,3.4998579559334315
12,191,0.62638000831240404,0.32190093443309625,3.7789231671999604
12,192,0.027383073568042565,0.92775134767027823,3.569441534323865
12,193,0.78326336571894528,0.81763990637712403,3.4278971088703547
12,194,0.71882280802724585,0.48005493071760275,3.6355446453013713
12,195,0.33413613129114889,0.57175255113618806,3.7724741808500446
12,196,0.088773100298214516,0.90943220967655214,3.6815541386691524
12,197,0.56631167187628173,0.1008838925878891,3.9617285472211163
12,198,0.42447679821861806,0.57674635565553156,3.9495165712041627
12,199,0.49118077282611072,0.6434303673942714,3.8138976248396954
12,200,0.37129088450835618,0.9330764795953399,3.7731535606731854
12,201,0.73396189011222235,0.57109539958759603,3.5475850484761331
12,202,0.23814847788766158,0.48318545808823832,3.7939107094272995
12,203,0.013845298023953971,0.65126814982527581,3.6960815958796189
12,204,0.64770040070063351,0.70718981748530119,3.8736903524112711
12,205,0.0041115290321448892,0.91340545999850287,3.4982159059602198
12,206,0.27924040316166177,0.93029369486654256,3.5729421448496672
12,207,0.95673499720898536,0.048702797822262812,3.5615874381240591
12,208,0.1992821627913158,0.88237455427504363,3.8504549916453867
12,209,0.84605731420186503,0.28726387945648485,3.9695867030496981
12,210,0.85119748952932106,0.37908977523488313,3.5792635877706127
12,211,0.86151093995042638,0.28557748056030385,3.9376098046745103
12,212,0.77197633039279978,0.93678319817098887,3.6213534269916074
12,213,0.37506080664789326,0.87359956327724175,3.9657510080761638
12,214,0.20290936637566531,0.57767948814615688,3.6511207853470644
12,215,0.354449430234339,0.27523187852384035,4.0197293528199225
12,216,0.48616415376902966,0.93137635182031087,3.7252036553100303
12,217,0.87975277675524133,0.37905299298536216,3.6504794658008368
12,218,0.27746997815565783,0.63617792949788754,3.7785540159933229
12,219,0.78042100997063546,0.33236874540969857,3.7611661479294383
12,220,0.72847888159835239,0.31129853699353582,4.0081043547670738
12,221,0.31697907028372496,0.90457931910829215,3.7458992674080935
12,222,0.89491838021872339,0.39332530157305517,3.669683517372619
12,223,0.65504675249311128,0.44506668478077316,3.5612412160117191
12,224,0.33014518717496466,0.26383929726973721,3.7805696897518719
12,225,0.092280961544958393,0.77372763568698488,3.6070058780396597
12,226,0.063830078836140725,0.77033407648748253,3.7425260317786551
12,227,0.45108688251379658,0.94337343044489474,3.7245162048825748
12,228,0.75275624443116462,0.16183098977376778,3.887065490946267
12,229,0.40518420242041947,0.49686891360016905,3.6986468747245795
12,230,0.52415973667438864,0.0755827318943737,3.9217142730333783
12,231,0.86414686577235766,0.16732718111947673,3.6966740473467046
12,232,0.20657576639340403,0.82674878142058905,4.0874209090151599
12,233,0.37052580382310163,0.062192223230549355,3.7064046571393754
12,234,0.67772522900971466,0.0065898993280138884,3.8850672750114046
12,235,0.26438611640480475,0.66555376986263093,3.6600580655982391
12,236,0.94891537176165797,0.35803926406487396,3.6403513951048647
12,237,0.74020125190038,0.61780568986801232,3.8239636489443702
12,238,0.44442148045775287,0.22370480417207209,4.1222195099603551
12,239,0.10281958330660124,0.069580271321428508,3.5833556883606885
12,240,0.57567652109221845,0.19399411147644405,3.7354004445897586
12,241,0.50789167690558767,0.33468614162297655,3.8267095084407399
12,242,0.74187502451735532,0.018521204472100001,3.4781398089476037
12,243,0.16370500414883149,0.50921018147594344,3.615560734104923
12,244,0.71995633822810212,0.57148353028065302,3.8141916844899542
12,245,0.96818533632833426,0.97870366890760385,3.9036585482670914
12,246,0.085360851770635834,0.64702877246961621,3.7993500544637904
12,247,0.87349943859305812,0.90028627563045194,3.7490716376698097
12,248,0.049363760319733323,0.90440620573859121,3.6459454524825721
12,249,0.22803869422032408,0.22250093648964661,3.8255023345371555
12,250,0.59541722282187315,0.73660762253950873,3.7890312276455589
12,251,0.17705582893517871,0.93192620953646665,3.6534132131752748
12,252,0.75008539179149047,0.31978023207650358,3.5824674456174814
12,253,0.85317679678717995,0.38655510624674339,3.8748414715854667
12,254,0.75908587257457971,0.40473799907942776,3.7158821121195262
12,255,0.88372659969835887,0.29027247087707009,3.755116389022882
12,256,0.25189190172915099,0.92772173465078112,3.7598365448863569
12,257,0.62328788416560088,0.65349000740964491,3.7432335317285088
12,258,0.19236408880401829,0.51550656492419489,3.8022669117374104
12,259,0.52356591927574569,0.51408671791794192,4.2205010066856694
12,260,0.16979964237242248,0.79425791142228575,3.8327438413435546
12,261,0.2797971465272005,0.39334589168362821,3.8251259863998972
12,262,0.53893528728206741,0.89330747681380906,3.8444107660946849
12,263,0.66529591975871805,0.9092890755446208,3.5350495316858161
12,264,0.16251035718890039,0.84294504514370527,3.7042200183306937
12,265,0.32160383433032458,0.85750629443228021,3.539074689913698
12,266,0.73181292054869651,0.46714513339235186,3.8600721371167861
12,267,0.8864178473623423,0.53692770400383227,3.6120971170913556
12,268,0.93766900157014654,0.93682393475543801,3.6860461847295523
12,269,0.79657442858580019,0.72196509031181488,3.7521621763817556
12,270,0.80596173924007741,0.58950276904539467,3.8337433800900786
12,271,0.36112259428061483,0.65780233675696509,3.5558125029766741
12,272,0.49569371921934025,0.31598830890782253,3.8137592427034845
12,273,0.96897642393774797,0.3338036572972341,3.7951592221613222
12,274,0.39822155706288503,0.12097703834351264,3.7076758924293438
12,275,0.45272196408290766,0.13022398412338868,3.8694797275230908
12,276,0.45043321733465225,0.8957397346132917,3.6768553688706898
12,277,0.95860890103580254,0.025867547965802703,3.8901662300207835
12,278,0.4090334189420784,0.7035124830563968,3.759234717772916
12,279,0.44187023937405884,0.90857632681285583,3.818246745050704
12,280,0.41494010544056131,0.17311339124303771,3.700704918678118
12,281,0.81399239294972447,0.65269928226327778,3.5553476619923408
12,282,0.95624560328793529,0.98479185902270427,3.7086871633463478
12,283,0.53082019897875587,0.24144108626907565,3.6713901289499455
12,284,0.97585837640377393,0.25491919721562406,3.9608083162256493
12,285,0.8709385040694495,0.95051418761444106,3.4801859610881376
12,286,0.46987494687793363,0.1550510232348109,3.6355466768558364
12,287,0.92815864230302447,0.83264234517969371,3.7505412903641941
12,288,0.019514022810088041,0.26204314157769948,3.6761377151105989
12,289,0.83223312576067854,0.19627505252863545,3.6954311671781919
12,290,0.67681534948565236,0.7784280916636459,4.1120694072415329
12,291,0.027672730367409238,0.28082211197839324,3.6022525711656046
12,292,0.6509294391114161,0.28539796204855333,3.6040946703006442
12,293,0.28468050344475554,0.051353932182127013,3.4730142340027541
12,294,0.99035484688192377,0.2516155613165712,3.72349019966863
12,295,0.71783420320558,0.93587203213535675,3.7446787874908862
12,296,0.87749396371614852,0.49290532067773218,3.576761846130073
12,297,0.4882176781135904,0.9713061395659417,3.6771549895079718
12,298,0.064615959011351948,0.37099153022871389,3.6919204617050605
12,299,0.59707876717313657,0.26492888931597547,3.7644443570652304
12,300,0.20400555878035898,0.78743453732624735,3.5222664289601564
12,301,0.17539986751864869,0.74013742264127569,3.735132253093262
12,302,0.50243436863096202,0.53848334822521726,3.718826410094684
12,303,0.58307595107780053,0.59044902445492331,3.8612818887653462
12,304,0.13185741731125311,0.92079455849228709,3.9045245309892485
12,305,0.70861416942058031,0.16513580084317894,3.6090139763079754
12,306,0.92446006591831353,0.53480113872808965,3.5286689590045888
12,307,0.70335995233059945,0.019956664293098194,3.4217316686484018
12,308,0.57351263420103538,0.30696637392336318,3.7637100485521731
12,309,0.21974302616422148,0.17753208622080938,3.6881935920179805
12,310,0.53949218164073054,0.76160009274175144,3.6360190744970593
12,311,0.5810281557157928,0.024811226811458132,3.8263185798111556
12,312,0.36114388512439882,0.6613174537674712,3.6280637413254659
12,313,0.75543733379347966,0.51538592287259211,3.5764796436110755
12,314,0.78631163821681227,0.35015748680136566,3.7208973617921264
12,315,0.046490692234051778,0.11332335468789068,4.4718874776885578
12,316,0.60724149882440137,0.22515598822067734,3.9375239671918747
12,317,0.77686957731731821,0.27150061054010249,3.5444130327848229
12,318,0.76047620375687075,0.85096349722017295,3.6423061144599753
12,319,0.63103572847716638,0.041239486805546413,3.7356583841915176
12,320,0.12752512966717763,0.99114084245843481,3.863135167922795
12,321,0.89180223584136786,0.6879825453935855,3.5691910412794412
12,322,0.93674177586006635,0.33566972845572968,3.6046315647577707
12,323,0.95060891836638728,0.42250995783777107,3.7602715513937062
12,324,0.55756511116943019,0.5546284745185559,3.5031576796356774
12,325,0.32739278686832318,0.70762441798957132,3.7388432456152758
12,326,0.22372039523987686,0.97835363498575101,3.8390191697185645
12,327,0.82925087044075352,0.26431103089650748,4.0054472108974677
12,328,0.13271092118701694,0.49695601840561265,3.7040300727123352
12,329,0.0027781046649068509,0.83043164079674248,3.6248144985769075
12,330,0.93433163240164752,0.80444007800214556,3.6534525102056805
12,331,0.27324872887815144,0.8386505211097075,3.6820772951616925
12,332,0.85911099640250976,0.54727117561305205,3.8111602143144139
12,333,0.75004455924199376,0.34597368955822816,3.9203374197022645
12,334,0.60932793864260004,0.73819763615805367,3.7070811219358735
12,335,0.43415357058978454,0.048120700016439789,3.6184172078706691
12,336,0.39067625793701788,0.42243252223413663,3.7397834024662573
12,337,0.77504952542509331,0.15956665734515069,3.7061531952367681
12,338,0.81919419470619448,0.012499459078714857,4.0298836550650527
12,339,0.69196415803854538,0.55024463920249722,3.6575313869460411
12,340,0.43121768251729425,0.95032410553409763,3.794151512167542
12,341,0.21800446787322786,0.0028347943479732382,3.6439441639807777
12,342,0.2996247817732724,0.64228304194922758,3.9276505330183045
12,343,0.24471626809817545,0.73776628341693129,3.9371601903585036
12,344,0.1772827524430205,0.20083952285359261,3.6477266624284916
12,345,0.73311326160238621,0.88617163296923607,3.8685872987038135
12,346,0.80061942906801065,0.76149345166633409,3.5621845863330797
12,347,0.92869736870609232,0.89761617963390405,3.8109935819461733
12,348,0.73747267814673245,0.25145648325874936,4.3082786357710603
12,349,0.79642190700621618,0.057385272077816164,3.7951317224723722
12,350,0.64630215456158069,0.32927843850369054,3.8128871695322522
12,351,0.70116424286153634,0.71675641386783495,3.8512452612474446
12,352,0.10598598675024064,0.38935904376457664,3.7060337653621338
12,353,0.62519628561084106,0.28608513829738275,3.7375061344040339
12,354,0.2079393981381058,0.75326960591131653,3.8829735739880369
12,355,0.5541439001074745,0.1293307745810969,4.0495414758194199
12,356,0.48580774671211957,0.26790078783238064,3.5910982294206928
12,357,0.90248287035575481,0.83167854824960186,3.845565217002604
12,358,0.7041548716758852,0.98405352151831293,3.641442096813154
12,359,0.01088004133193024,0.68768265514927041,3.6734947104398317
12,360,0.78524527663908683,0.9961748727265447,3.6249014767857664
12,361,0.33406533849222642,0.63715338047710068,3.5960741181539086
12,362,0.41608131625139033,0.22143243411899877,3.718447619788551
12,363,0.60614179396498757,0.55518192688072932,3.6346887023109002
12,364,0.27149333815517002,0.13894155856885995,3.6618056712597626
12,365,0.72309744948706367,0.85774360949076933,3.5926218345453926
12,366,0.46676857271378425,0.99020150178658295,3.7607462570116605
12,367,0.68999628475011932,0.70310395219362343,3.5542850176497525
12,368,0.53445160356971733,0.30141200220473574,3.800613777461002
12,369,0.58916275151499431,0.0063799740994387785,3.8428378103720591
12,370,0.85179504914451265,0.20247102924832669,3.6612833964827001
12,371,0.037066372910332851,0.89679536300966278,3.9846954229677869
12,372,0.92910211022622202,0.11260937862085313,4.1008549321955723
12,373,0.73452354125048536,0.92343877938307517,3.8177804074010564
12,374,0.59100034562693482,0.023984373455633229,3.6471051995138595
12,375,0.096601349003490294,0.45127668733994381,3.7881061278192294
12,376,0.18856293067177365,0.78328185915692883,3.8194883325976083
12,377,0.56844291297825422,0.45581570708557728,3.941860471319353
12,378,0.97380126617154783,0.22965115458101351,3.8178211241479887
12,379,0.013587328327448399,0.73109245749569851,3.6593126855804585
12,380,0.055188433921636942,0.96423547786147179,3.7517528344815805
12,381,0.15126376952519538,0.64491038803862266,4.0964884238820671
12,382,0.94234429069597514,0.80119945456120634,3.9214971982000155
12,383,0.91326624993474514,0.40553212496652147,3.5965726249211323
12,384,0.90276283976369698,0.24127674732381302,3.9692798063699439
12,385,0.029281213982479549,0.696906553448574,3.8593310093119282
12,386,0.28999786307007569,0.30360783380476802,3.8282832515899616
12,387,0.64320968307463056,0.75844597820750137,3.6452809377448965
12,388,0.9996831596176321,0.44505604298117479,5.7658123009300093
12,389,0.56031012778799527,0.71906450035217095,3.8579736377368739
12,390,0.73484962937049669,0.30606198952614483,3.8355749858652044
12,391,0.0086619770655785282,0.0031718831524208866,3.7039563364441364
12,392,0.2582628554689832,0.45476726233665399,3.7831756838894006
12,393,0.045046897317422403,0.84442462190365819,3.9390150397274288
12,394,0.69468763928653288,0.59752385266614993,3.6499124360546085
12,395,0.24827571731151279,0.5333031273725034,3.6391860654956174
12,396,0.9654734105166638,0.76476844044900083,3.702141624446778
12,397,0.022548316213098496,0.77798741263236248,3.6198639167264695
12,398,0.58271803742822681,0.81870406991128486,4.0003220083667159
12,399,0.87745017136928738,0.77503538337018363,3.7487654075532477
12,400,0.70196420222606648,0.86501638553555305,3.5424798150700423
12,401,0.67107260223232479,0.58194070179737867,3.6405486347605169
12,402,0.66003906651933719,0.3938915957452116,3.5783886076119162
12,403,0.20975249572612711,0.29133223324561175,3.5720956971651869
12,404,0.88245624356678232,0.21894578626797312,3.7815401405773139
12,405,0.84176958504488386,0.77596969658578252,3.6830454273942457
12,406,0.7486352633049087,0.1528341737859796,3.6084685199426549
12,407,0.019910274350504246,0.61882267712820971,3.6279876634936263
12,408,0.42658710742700651,0.13921830436180019,3.8111740388677897
12,409,0.46549620869577457,0.72004604356179458,3.5480559793362141
12,410,0.78131331591463016,0.40807473259530486,3.600693830997411
12,411,0.19440236770360961,0.2408447370247144,3.5697670844856799
12,412,0.97174789484447732,0.59835862528264983,3.9432585534146631
12,413,0.15045800371486875,0.54477918827933336,3.950733518366373
12,414,0.92440088630814765,0.75499028851958183,3.7501221645635168
12,415,0.92318321326380337,0.26900142279552652,3.6090963309545114
12,416,0.66837025438596731,0.61033936387280074,3.5418700136830368
12,417,0.99427785320750184,0.77110909208505107,3.7319410472036991
12,418,0.59722949197171571,0.02406479954119372,3.6418544977823282
12,419,0.32083294888990094,0.4765511720125325,3.5984078323935074
12,420,0.55832604780057538,0.49004808994850757,3.5702104023572385
12,421,0.72975026885226746,0.37792678613965386,3.803514914362804
12,422,0.3207290567355699,0.058806645378777916,3.7688449156223616
12,423,0.23246393635107371,0.55138869621329545,4.0743208493945717
12,424,0.89192328259039788,0.91634033892370093,3.7056795514763512
12,425,0.30985475019877612,0.51130491393535649,4.0644375158717914
12,426,0.93320069345439527,0.88666423966254193,3.5295499465557794
12,427,0.8349912512148141,0.21085588230725999,3.7028798440129482
12,428,0.30405053475710986,0.050521324174658738,4.3796931012386997
12,429,0.50458758177388696,0.24392215283577165,3.7020525214715616
12,430,0.76628749746863511,0.89265932285042304,3.6714183294603413
12,431,0.51561603702092274,0.8125628825955733,4.0691074419016564
12,432,0.68398219913120273,0.37701813051463889,3.6962883586231339
12,433,0.80568665138088025,0.87434741497461177,3.7813284383522201
12,434,0.45814101329560752,0.15797440690947182,4.051501763164155
12,435,0.7768978548205091,0.99070344286480472,3.7155130042574633
12,436,0.9059302662109997,0.34987879118357301,4.1832707584285629
12,437,0.61475319770020231,0.12358107868208645,3.6381577199314572
12,438,0.36050580354927786,0.64669003741284903,3.5912519060411983
12,439,0.68112775145458138,0.89218909108652589,3.7209788446019534
12,440,0.38390911230687824,0.13122849690206181,3.6001061771779166
12,441,0.23694204308580086,0.49222910519180574,3.942629834314809
12,442,0.63041794404469342,0.75389782229435331,3.725306756999315
12,443,0.18140593055618176,0.87258822070080466,3.7067374068531054
12,444,0.71055650325365538,0.12513364787761069,3.5388370910638898
12,445,0.12097650700029537,0.48884220899072239,3.561841867699397
12,446,0.81248138851033613,0.88393243545694811,3.6325705174777925
12,447,0.21846271902507711,0.049969914305241184,3.7256676985208368
12,448,0.81841199971757495,0.86904284518735142,3.5917495450300212
12,449,0.68938185480047842,0.35675416358495121,3.933634655777432
12,450,0.28530446292572598,0.89960564345914162,3.7930794994409376
12,451,0.17458589559285001,0.67634922619984161,3.8451277811366049
12,452,0.84513991175354208,0.30996437141837307,3.7441161613471348
12,453,0.80243829034114733,0.76001618465464116,3.6313085894557635
12,454,0.69063333481448275,0.53044980973310718,3.6071569421544472
12,455,0.77029061837319235,0.44462805333467104,3.7641144816912968
12,456,0.95824395318397027,0.28040317654852154,3.9256287677993251
12,457,0.56666714344396496,0.52609718142660478,3.6537845299681204
12,458,0.10583338112810416,0.18253532315706805,3.5476501398348916
12,459,0.53311840942813227,0.64798394161922079,3.5699536921785202
12,460,0.73289854964343737,0.18325062715265283,3.9306890325290258
12,461,0.89817183214737184,0.56159429886328527,3.6464265288140063
12,462,0.44648576950292301,0.41831158238049182,3.8210062459808389
12,463,0.51554590432003544,0.37082512956654873,3.5963505496901846
12,464,0.78702572789199277,0.33701697683442616,3.4726144939253447
12,465,0.35843325667647596,0.4236306749072532,3.4673769895045736
12,466,0.93715096538752052,0.17424522775784901,3.750929045070384
12,467,0.91712076413426336,0.82684660135528287,3.7421240305202539
12,468,0.89135215117599442,0.75145735081736875,3.951206411982926
12,469,0.44467548918376587,0.75201213592550087,3.630761764583152
12,470,0.032392927222889965,0.99891128540031526,3.5623714800896948
12,471,0.60972180283870669,0.9725794679201194,3.5682043493497733
12,472,0.32495517943415492,0.60311496929807584,3.8642412784345326
12,473,0.49211259753908476,0.14172962748254103,4.0293131032701579
12,474,0.79445073624115681,0.10184128895442375,3.5687805048583359
12,475,0.55426333067707767,0.27134300666238276,3.7410437932408498
12,476,0.82037929061715631,0.82423503925389796,3.6750966143825323
12,477,0.076784775025639185,0.94933132774529105,3.6326310368590784
12,478,0.47481754412110455,0.76491372178752748,3.6582314296334992
12,479,0.31965170774674773,0.57594830516220341,3.8454557675609466
12,480,0.93661093404430529,0.1674174590415583,3.6199819167320655
12,481,0.033019634654506823,0.33096945819807433,3.8906087862205041
12,482,0.75252447878702489,0.55943467546403869,3.5754729660832707
12,483,0.66375280760542366,0.57755229654308615,3.9562444612000598
12,484,0.8286660032019042,0.44099054465080595,3.8223113488510077
12,485,0.50321620080199181,0.55494297237210743,3.7002844352351336
12,486,0.38526582907514223,0.81604208732102246,4.0325984162177111
12,487,0.65899690083436835,0.28408526464266309,3.477191953311273
12,488,0.074299598742822756,0.31507371729850958,3.5792226829227221
12,489,0.52081536101792092,0.037507602651597562,3.5291378721124369
12,490,0.69236163150366981,0.17662516654496252,3.9227598890126671
12,491,0.27860258983515102,0.96026984078888911,3.711097758905991
12,492,0.36431022746418301,0.1410354597634787,3.6863882199177875
12,493,0.85230783155969614,0.8712328337419577,3.8719139686907336
12,494,0.98211296916431445,0.85645941445743123,3.7175477822473466
12,495,0.25210400245803372,0.51210983028557933,3.812504711221353
12,496,0.36413659116603347,0.32386130899629217,3.8250409042671545
12,497,0.71023026994847205,0.44118816263151234,3.8265136986871782
12,498,0.78808298603007798,0.31391578846590201,3.7937595627325287
12,499,0.69061464031184516,0.26437309784577195,3.8201750108142889
12,500,0.4096760786599481,0.12436165863148331,4.3209046808158202
12,501,0.082468722062177452,0.26810369967563985,3.5188737787870914
12,502,0.99671739518407809,0.67712824817230333,3.587289409790857
12,503,0.065482979014187551,0.67985123477490328,4.1107406631599845
12,504,0.51550932180952991,0.3572077815839706,3.6859982971859826
12,505,0.70307779864003628,0.75381279758656949,3.7638077506099172
12,506,0.93452980822767362,0.094737768293504665,3.7365118854275314
12,507,0.11366253253652638,0.41085868055357067,3.6248628644491032
12,508,0.11062493157001724,0.44281888339266012,3.5874187709668264
12,509,0.93350075407170174,0.92093662393672604,3.6182107247260866
12,510,0.57076647102395239,0.18203788584919087,3.7132468090158088
12,511,0.31908210442457818,0.68013546961753801,3.862297065303764
12,512,0.74971764265906349,0.57629553592922012,4.1842122184302486
12,513,0.6859736994070248,0.86709179817861015,3.695546093569948
12,514,0.37226210260934856,0.72760755509041664,4.8250236145948762
12,515,0.012653834249062579,0.30221854252139907,3.7493594005874953
12,516,0.31124029653886576,0.41576362121769589,3.5048072726630188
12,517,0.49617369942275602,0.25603482667540861,3.9617765380510517
12,518,0.12283337089303732,0.89695110414152679,3.7487935512974899
12,519,0.74502502837468687,0.90816003152440916,3.6248790449209727
12,520,0.96347856844110913,0.67379122798295188,3.986587064570803
12,521,0.53396400629322638,0.032103009972385216,3.4302592003163039
12,522,0.5163323397822891,0.7244314421024356,3.9262369634171654
12,523,0.75234555854282736,0.23841191272223086,3.6627261764790888
12,524,0.74240562625535778,0.66266107259618023,3.8816281857434936
12,525,0.23479357338092444,0.43260669752978143,3.7484241635523317
12,526,0.64997929497334106,0.77492464996482791,3.6488868593011481
12,527,0.93271242845807323,0.94063406555906814,3.5264895064659951
12,528,0.87936673653044217,0.80197746207915999,3.4236071891635689
12,529,0.48893401094320477,0.90169665845973013,4.0696340381621967
12,530,0.89341622895418382,0.50217884709756322,3.7800452113959553
12,531,0.95069664806308751,0.56160833420411516,3.8547570824751678
12,532,0.30682164814615903,0.93857847949113327,3.7079304461892679
12,533,0.32113272096149548,0.29744657483815568,3.9217837757559861
12,534,0.82248463076272615,0.97957977012571584,3.6044565769406907
12,535,0.06987236403605572,0.85068921238233419,3.7560522947754178
12,536,0.42827324390606519,0.75414425451830958,3.6648119702176531
12,537,0.20847292819144847,0.56433568199686068,3.6815826217696057
12,538,0.91109952431818486,0.61495768359027747,3.9507262047044014
12,539,0.55061879785784495,0.36699745961661417,3.8455560171277994
12,540,0.090476202802005273,0.26117196074182025,3.6900991915847192
12,541,0.27722366505624219,0.36595462325782596,3.8787449155449778
12,542,0.38572919754190649,0.23806536993788843,3.7145786987780864
12,543,0.70241244683392789,0.65864323658771939,3.7930862922706705
12,544,0.71504117253605992,0.87965361120484964,3.640533989509295
12,545,0.14137763139198753,0.13845165019559422,3.7667902589757691
12,546,0.20379520186859765,0.29902645036336528,3.8575773915699139
12,547,0.43918047959968592,0.89845549740134767,3.7766469256022259
12,548,0.032351375329637312,0.93644178076620999,3.7772227849132558
12,549,0.90497002041424779,0.35169975718254887,3.969490353336468
12,550,0.87873138571594833,0.96394217479925781,3.5357646932366582
12,551,0.78162499701623167,0.66193130153486601,3.6200429576465565
12,552,0.61911202634727824,0.10881907898241301,3.8500745692880805
12,553,0.17906241120946303,0.27534507357495491,3.6299461466994023
12,554,0.37676545368933029,0.71032376109969297,3.8145505322742119
12,555,0.78642435726393944,0.67412820409030227,3.5345864390828048
12,556,0.060979410862235135,0.48101279582991219,3.5823560191261024
12,557,0.818439317261203,0.5076860955193887,3.6206529174078432
12,558,0.28677096264812507,0.58872628668279381,3.6997123086739578
12,559,0.42399884506931679,0.40103693099221105,3.6460322688495306
12,560,0.77815653763570514,0.60577750030080624,3.9944940450900854
12,561,0.51841241616085099,0.20653657373996082,3.8046135044575613
12,562,0.48216259401673334,0.059593652415861446,4.2731050655832838
12,563,0.24911015373510831,0.34910007738310789,3.5471875286500616
12,564,0.72377223496485743,0.85081873241336481,3.5159067430250315
12,565,0.94434602788094579,0.61742240098420831,3.6337435515930254
12,566,0.44460964443175616,0.50945647419787743,3.6949987261441226
12,567,0.074018326410632801,0.48986057173247488,3.8187997907872187
12,568,0.14245737687861978,0.79066954504563536,3.6741838087376015
12,569,0.82350601693831504,0.47663884518665012,3.949186850438557
12,570,0.5260270965800522,0.95936698012841093,3.5927685192386747
12,571,0.1016902078103453,0.145730523376084,3.8107426026372195
12,572,0.1246087975464126,0.53322748967352751,3.8868020983354397
12,573,0.969740530278007,0.80533042443443326,3.7080064361254235
12,574,0.77859402279031487,0.5283023932602402,4.0406018144879585
12,575,0.84311060130382254,0.13818396620629661,3.6637145837209659
12,576,0.75184657959643375,0.64388921815905875,3.730748786726763
12,577,0.14883192358010497,0.77557538993336728,3.5771063484719474
12,578,0.54390698331967213,0.9901037544509429,3.7386457460131561
12,579,0.18676538640263979,0.54340563815060905,3.6933232528142916
12,580,0.46497946650823085,0.70164220745084582,3.5714805657279776
12,581,0.41716074211847587,0.023705187356073919,3.5446642768286987
12,582,0.61869584543921474,0.86932998024158148,3.8256258525313691
12,583,0.12517685272776707,0.35917207800265005,3.8008973160695017
12,584,0.48032651121288217,0.89270311455099038,4.6309842297273835
12,585,0.95778400079071568,0.0013474577774577094,3.9060682247722829
12,586,0.8656654042371803,0.080358798228785291,4.1325390844552095
12,587,0.64802980148671674,0.26141625678479607,3.5545506009932972
12,588,0.67155362565397547,0.060258847304293803,3.6380328343354105
12,589,0.57193211532209287,0.21985978566906828,3.7174057549749335
12,590,0.70149476442442749,0.42692530858571454,3.8640568481820927
12,591,0.21915740592108363,0.45378641146075671,3.8099717634472596
12,592,0.071964522097992603,0.38505746040422983,3.6238246881053162
12,593,0.49675761412943598,0.64814454529256371,3.7141687365005129
12,594,0.0073440926610822783,0.77235987227965852,3.7363991586011127
12,595,0.51846860503108583,0.16989846785457596,3.7612207033486986
12,596,0.11489488047357467,0.33662981664287372,3.8296551375803802
12,597,0.93586203095535614,0.021407259392696793,3.9343177588949536
12,598,0.71469777848291738,0.023376265811198758,3.8959458551283088
12,599,0.68457063212783498,0.090870329864764829,3.7281096147659563
12,600,0.81842511554869135,0.82991906280058703,3.9403621442825654
12,601,0.24506012527358673,0.26107054670678892,3.7768515582778948
12,602,0.54137970678937375,0.16341495874271197,3.5215098721629161
12,603,0.071555226117860402,0.9104942415729913,3.5470086320624192
12,604,0.2965082152731548,0.80286792053512712,3.7273302347780635
12,605,0.27040788472822841,0.97225900931371334,3.8814221506469377
12,606,0.24512347440594093,0.92400934510556154,3.7706741604935035
12,607,0.98991443577235838,0.38146256282865698,4.0556384567381594
12,608,0.32215286810957411,0.88461445858526089,3.6704599238063076
12,609,0.8774399178494352,0.059389262785340888,3.7292647309200198
12,610,0.25492790566075174,0.23292199003581196,3.7212925956173208
12,611,0.16823505022952281,0.64811355444820717,4.1102057209699447
12,612,0.29202154429951638,0.9055512638550447,3.6501342945022128
12,613,0.082815827672988979,0.80797408651174452,3.3575298181626638
12,614,0.26883983508771764,0.24796346376900891,3.7552947491146424
12,615,0.19677793607001487,0.20479327671305403,3.6023679019016401
12,616,0.23289593205884696,0.11832990133119152,3.6729264196023039
12,617,0.99753096674968222,0.091958420209101735,3.8747431272668162
12,618,0.5969734464041937,0.19625370415153293,3.500211568009338
12,619,0.76603978428962827,0.5643453447849911,3.7629369121985836
12,620,0.92116541521035278,0.35929542261389408,3.6592877226446725
12,621,0.6297767295463006,0.52038216905967549,3.6829268611666768
12,622,0.40278224699200071,0.1147825626752247,3.9681669219995515
12,623,0.13700680806385965,0.78813661174892458,3.678073681689396
12,624,0.78064154697165944,0.59691671657802281,3.7939326079432218
12,625,0.53765191472042673,0.57998601639955238,3.7961865181340495
12,626,0.35364856736421563,0.24860475451668429,3.6087604224341265
12,627,0.60020793292857477,0.19264012366538483,3.6216360399125223
12,628,0.35409046858974341,0.90503169978071041,3.6008410613492328
12,629,0.66851330112715723,0.22427455638574842,3.8852257261579841
12,630,0.98970647643647636,0.6503754998528456,3.7458549391694631
12,631,0.34431837036948526,0.24418360381360754,3.7215073089771424
12,632,0.74059590052193525,0.96199105578153343,3.5619677098782017
12,633,0.73142906097900617,0.47419656885444639,3.6340442278169709
12,634,0.17887760227180438,0.34504719547393387,3.8124923019492973
12,635,0.5738654468005896,0.1888252766401336,3.9155344263052436
12,636,0.48153535365186317,0.75447922355877994,3.7462378140329409
12,637,0.58579171460089241,0.89002455490850985,3.4483142807187246
12,638,0.21197940210431565,0.47040267357504528,3.7143853433128391
12,639,0.81224770597199947,0.07627340993551654,3.543352289960092
12,640,0.26619450720527116,0.19925043745025495,3.7408197957353555
12,641,0.23741141719994882,0.083485249076525644,3.6433789567720729
12,642,0.98615001553361181,0.047753961944716927,4.1128913648978367
12,643,0.17255581966332195,0.39984886667846287,3.5807754430999696
12,644,0.9356329683406297,0.83800315174204987,3.6455353964064132
12,645,0.62880532355391283,0.9625832725583916,3.7039702203970011
12,646,0.059035982596792505,0.70632020894079017,3.6913432628544185
12,647,0.89573566279987005,0.50856401048670574,3.9198318577736058
12,648,0.22813952023386147,0.57090918951323333,3.7100781574425299
12,649,0.24932297187621552,0.85333432572156453,3.4950489112352465
12,650,0.052689347451928721,0.55319164626404893,3.7956855152155042
12,651,0.7232710815021427,0.32998514787443239,3.6965034817364844
12,652,0.14029132409136671,0.82894356543856573,3.5617886876965112
12,653,0.48994181898771072,0.054723954204900123,3.7708835504216611
12,654,0.38871225460197856,0.33866419158684119,3.8010214912650091
12,655,0.47176893215498605,0.88183909108652481,3.750790284160487
12,656,0.59067094876562587,0.089441758572362196,3.7139978565527065
12,657,0.57707172300986453,0.7492744418165298,3.750548943242304
12,658,0.18691476981597838,0.049603110046418313,3.9823606165993586
12,659,0.058444510153100808,0.54004062070017522,3.5033712858811565
12,660,0.2618291214438489,0.36893252922051678,3.6283162763863235
12,661,0.86858595250299375,0.82472917192553763,3.7348544153633805
12,662,0.56259954783279775,0.79126819174199381,3.7661637541476223
12,663,0.37467064257911781,0.65317798570707364,3.7988741624517952
12,664,0.92292064562662746,0.99318498809558398,3.465305786718949
12,665,0.7189756894108511,0.77243063686075752,3.8453068142529574
12,666,0.92711297059652387,0.92483670499405779,3.8462000770135627
12,667,0.45866266641591369,0.87689711144196902,3.5395929668649431
12,668,0.14418190690380228,0.48596627419122584,3.9342959466123748
12,669,0.55565174919629512,0.25359575413743352,3.9065625544133202
12,670,0.021836984731409576,0.33855637996669624,3.596419174972731
12,671,0.79026368067907926,0.59955388406945842,3.7792740109171854
12,672,0.66318628990155948,0.29795219397505723,3.6837001445892654
12,673,0.1588166791469604,0.55270053642770178,3.6433475810300799
12,674,0.45266881044170115,0.5391722674175683,3.6648813666029092
12,675,0.703022906320245,0.74381368962162897,3.6550900078297714
12,676,0.35812188249930338,0.85552953714141244,3.5366443767355964
12,677,0.77683285008567271,0.99881873602431637,3.6555724223235182
12,678,0.83870227420680088,0.055169665974212287,3.8281652882331536
12,679,0.14486204115779241,0.90061959315146112,3.7334545565456296
12,680,0.79608981087261099,0.37880469216684454,3.9396380828536217
12,681,0.26166929407855988,0.022371530805549315,3.7762168281721755
12,682,0.18763761099429666,0.19610003549900093,3.7465883442209069
12,683,0.65360277756777474,0.18493461453767776,3.6549862601661376
12,684,0.35776853849032858,0.30885825942110279,3.7004396034011826
12,685,0.64066539501091069,0.64805129401855899,3.7427568195528029
12,686,0.1633427327740008,0.007763196617791966,3.681837146232311
12,687,0.745760620455028,0.15215506116859073,3.6978348970001189
12,688,0.94191433065349006,0.59199151660065463,4.2715882385049859
12,689,0.19097304401328585,0.55983198632854481,3.7479715439532115
12,690,0.180213909688412,0.1767291451106166,3.71960068167777
12,691,0.46181312882225745,0.91261330257506035,3.532382984828319
12,692,0.74533828498908528,0.42710882483798168,3.629434167934074
12,693,0.89628861215941369,0.051614713413082734,3.4978985479217304
12,694,0.69410367172229637,0.14744901055792697,3.5650815515675682
12,695,0.80479110429749068,0.80507631350090203,3.5040340947594215
12,696,0.69591404997835726,0.061597075464561911,4.1011936627753105
12,697,0.34789615153971676,0.25265962815728699,3.8633569460613497
12,698,0.81785155806340371,0.27183561265022482,3.7182727246112171
12,699,0.7916141672358108,0.32095698406515671,3.7906053758776466
12,700,0.36387902757592983,0.61727713274160667,3.8517958700478343
12,701,0.036642451422744783,0.73245936899194442,3.711381213149715
12,702,0.2018279592029765,0.86371002223038007,3.9096351947710155
12,703,0.32158046490999126,0.95210761813001865,3.5053005121695846
12,704,0.99666517460441706,0.1754233848380706,3.5525580194346902
12,705,0.026837243970479728,0.44584607566482698,3.6596348383918857
12,706,0.96371295565869441,0.75891192630490867,3.7465807200330978
12,707,0.53882863023064176,0.92033038841869463,3.6126074200043123
12,708,0.9703689422818863,0.9856244211791263,3.9596301954087356
12,709,0.29770263688935766,0.052895431212598473,3.7191674714963163
12,710,0.92722184967471455,0.78900453526521863,3.6526365003335881
12,711,0.23956240103566076,0.018823229540225871,3.7819362038136899
12,712,0.5205330802191217,0.65492258554695737,3.5471608263880312
12,713,0.91105544867470856,0.26971853565568765,3.733251596136888
12,714,0.61533396719878319,0.71431259472904973,3.9384219961381608
12,715,0.95482902274034198,0.92606302650266925,3.3904235384502881
12,716,0.78153256198754617,0.55623487700206609,3.6873461067856343
12,717,0.25950952045723419,0.051498357800129568,3.8232731091434449
12,718,0.51285430584840019,0.81426039554536112,3.5123611987724965
12,719,0.9060447525463442,0.82742186338107293,3.5120121053351658
12,720,0.98209677796334605,0.35032954931568455,3.835917306459224
12,721,0.38915481093340915,0.57738057141444599,3.7273491348582652
12,722,0.73523132614923381,0.94504601955661482,4.0283614134774082
12,723,0.020537761306771353,0.35184686417834482,3.7472454294863176
12,724,0.70344408849915352,0.10135103323605953,3.5788109773170773
12,725,0.1574168098352155,0.33809011404796968,3.7403905108768405
12,726,0.14370576371808649,0.053805679649032503,3.6514936372801152
12,727,0.79577501836646924,0.77636753508245904,3.6160210553279004
12,728,0.6181593710869947,0.61237078027599279,3.8957449529068842
12,729,0.71247214261773439,0.20246053434932232,3.8155140239630714
12,730,0.36466224250482049,0.73205394851811711,3.8172473145518295
12,731,0.65201469769385734,0.83091544403849116,4.1091241652901216
12,732,0.56339270142009668,0.27751381106555179,3.7863099906462701
12,733,0.58377806837044788,0.64792487531974829,3.5602928474806106
12,734,0.55898115794837921,0.50181246855834827,3.8554510942264342
12,735,0.37031565081677792,0.89840191951316029,3.9443493949983117
12,736,0.18592099466302667,0.54115125113830764,3.5972189238541397
12,737,0.091700032669534998,0.24816242141794909,3.6283225891550699
12,738,0.67833173492308352,0.57735070277253075,3.7352769712040867
12,739,0.27198123840712224,0.0056940089831551861,3.840426948521841
12,740,0.14622890748805528,0.76112179636920663,3.6828326729816188
12,741,0.91074217587795836,0.19944273978399349,3.822270025120456
12,742,0.020413215140535866,0.18168124498642732,3.6629684010381234
12,743,0.53501445568459971,0.66175323586587564,3.6576994617419922
12,744,0.048964411766317405,0.48442814279163904,4.017646507442711
12,745,0.13297699612461647,0.53459008402470931,3.5555597588822101
12,746,0.38674834347240439,0.064938224563359181,3.9017101985870366
12,747,0.71098443064010342,0.38933059761964522,3.5699474745535547
12,748,0.43379513693631133,0.32032482722149158,3.5892787524376062
12,749,0.55243953590762651,0.5042837886631123,4.2679125471628749
12,750,0.23585564141993476,0.98227795099883131,4.0254130672132913
12,751,0.054792653455441834,0.94983668246252984,3.9821187018612161
12,752,1.4662131317403829e-07,0.91305748555989552,3.684604025700986
12,753,0.8804707577323726,0.3813257394418948,3.5838103982733971
12,754,0.59033657044582644,0.34373034511854306,3.5580179404874355
12,755,0.76381735062268019,0.3208058403340055,3.7992057359490206
12,756,0.028299237557243773,0.21632314376826114,3.8187134587070446
12,757,0.92058142262308684,0.58814813064403737,3.7484482616163985
12,758,0.081539174328448219,0.67755630379080622,3.6125365378980194
12,759,0.90227813551704406,0.72234384886835601,3.6010446635246294
12,760,0.23078669364554683,0.84604673362339722,3.590414944480516
12,761,0.5009057690386588,0.18852963612553103,3.4173254099328552
12,762,0.86319989162242483,0.37719451932887654,3.7477159666857127
12,763,0.8124867301217884,0.30351650243324196,3.8310781463841743
12,764,0.074715727294402942,0.29477093557486345,3.6343062538800326
12,765,0.19915610215440491,0.61129012555945961,4.3970715000005471
12,766,0.02473288536977996,0.55542684242274842,3.6870580489594649
12,767,0.37467525690789599,0.024064871362087816,3.5963913974160646
12,768,0.61260110511324317,0.94289685887335717,3.7435884506408184
12,769,0.16287796749324762,0.90932259065831977,3.494470840264178
12,770,0.095991041903371974,0.87881558825957917,3.7550585722216074
12,771,0.17159257771007913,0.38939587754665539,3.6505042227908917
12,772,0.17868611144729038,0.45693735064682356,3.7217527725963375
12,773,0.4761865951594263,0.45212190016276405,3.808601636482952
12,774,0.0087051741038545391,0.74997559935248859,3.757096642810156
12,775,0.12169280212693133,0.55133085593081277,3.711738878853819
12,776,0.33467270786252357,0.93757900559173357,3.6698357712522984
12,777,0.90159072622195002,0.67567088644954043,3.6354901258338885
12,778,0.54933898164960993,0.10325847948477333,3.5804216097397457
12,779,0.80185850255402935,0.40520544254564306,3.6245910696957013
12,780,0.12553681276048051,0.89761522608949029,3.7002528182740861
12,781,0.24430129960267311,0.68776839657874289,3.5384912892549449
12,782,0.95868770011327431,0.85311537181855934,3.880094846858086
12,783,0.93729980611343722,0.24708199311837575,3.9477121620661153
12,784,0.1901164088292491,0.47719616222303052,3.7572189934912008
12,785,0.62369664989919493,0.92610922446776855,3.7018788271683447
12,786,0.72274620507257203,0.078692532949464628,3.6657541908450835
12,787,0.13078336156899467,0.75931143714171734,3.6784285064746971
12,788,0.45408422400511905,0.17677557971444571,3.6768723575454767
12,789,0.88973015203379113,0.4221192853368041,3.6060015001149184
12,790,0.69690939831089715,0.79687866437594257,3.4996498828230149
12,791,0.57487548603314265,0.91978317191782832,3.4744620817815854
12,792,0.71745627152782698,0.39321521691275446,3.838678761935499
12,793,0.76448965960449511,0.89956359912661521,3.6466208668400295
12,794,0.511376336937442,0.19613540042780866,3.7541264473157421
12,795,0.58058346167702068,0.44146429587140595,3.7154928556293072
12,796,0.49540216886549615,0.11834446991206668,3.8817795159318274
12,797,0.78583689767250742,0.88826928187981258,3.4938131777871355
12,798,0.42006174280020664,0.231333946849548,3.6212743659501916
12,799,0.87609897463348008,0.49891598933515302,3.738010079302331
12,800,0.70950887654577177,0.51558376566993691,3.553438015612409
12,801,0.32307795576378745,0.69038323623091014,3.8449597180698247
12,802,0.7963357739057122,0.45775043156468681,3.8384519052325063
12,803,0.43253713731619708,0.13648358841382885,3.7381417137085591
12,804,0.42064721141100653,0.240526132563329,3.6525824877839055
12,805,0.11474411474185482,0.36012005543527009,3.835878471170679
12,806,0.13435118736585588,0.63782617051271662,3.6413159931326184
12,807,0.46184978797798415,0.65220559062014694,3.9203210985571166
12,808,0.34673219918952897,0.97230432666445343,3.7532660963967501
12,809,0.61976207044958131,0.55710221207728938,3.7815150759264444
12,810,0.36882919293974509,0.13564635922209267,3.5457469047558181
12,811,0.78596809636018339,0.54799291568726405,3.7645176539097265
12,812,0.81010728525984721,0.33074494873408905,4.0930066934668909
12,813,0.57800069028021661,0.24402953366036118,4.0287511711731359
12,814,0.17434953886821616,0.92544895671465921,3.6158525118763865
12,815,0.69970852181001697,0.94621864392428923,3.5210881195474917
12,816,0.30590508038916148,0.65021862211449433,3.8579091760425452
12,817,0.80114560984583938,0.042473436264875875,3.7673219595906997
12,818,0.13818406565997604,0.51348322730456997,4.0036868419165996
12,819,0.79996020456636741,0.80013847232486857,3.6989684128321803
12,820,0.92843811127852816,0.43466733939127572,3.750947428626298
12,821,0.31311854729475935,0.45961302243547286,3.689147597291385
12,822,0.99851682128124852,0.86582248421593966,3.6125724339502625
12,823,0.84336030902867054,0.023467664116353905,3.6630660989948276
12,824,0.59793014633836949,0.010496401194547015,3.8795730535814359
12,825,0.26772416096786705,0.72183873018433076,3.5947046182873295
12,826,0.85900199490949969,0.84792844454004601,3.734297238231143
12,827,0.58307134973002439,0.65822471396175508,3.9135232378348066
12,828,0.26611838169397489,0.12374285864420657,3.9106650544705044
12,829,0.31463858085553986,0.18886212012367196,3.8429619370581403
12,830,0.42636069909828556,0.49919346455313007,3.737566272222093
12,831,0.61399358876270016,0.93264990480851151,3.5575628164969206
12,832,0.95493643641487547,0.86145533463747992,4.3498703601451032
12,833,0.32355807201864695,0.75436929008696718,3.7869793562537439
12,834,0.46730766425521275,0.60581736961513666,3.9121144150210783
12,835,0.9072551855597969,0.52710858814096673,3.8614626770793468
12,836,0.86436086132189915,0.82591359452988256,3.6449788112888353
12,837,0.74418495712260613,0.20825998881502905,3.7388245969486507
12,838,0.43900937401859036,0.11342065464420699,3.8194639196041824
12,839,0.81247394970785125,0.41852044208691164,4.3034116459988132
12,840,0.73677763949892228,0.0652510440438724,4.1010221941339315
12,841,0.05931897016011764,0.87361889214170918,3.53893170223781
12,842,0.036351716159812503,0.68268251192691809,3.71133341799161
12,843,0.783101872033233,0.78483449328403398,3.7096846893538493
12,844,0.9304643197280249,0.7535357240012629,3.7168728345388264
12,845,0.79719022829064001,0.24747344932613893,3.6072457576599084
12,846,0.95158482953384649,0.96880674778678444,3.8093916046276743
12,847,0.18347924489924416,0.82120672327158395,4.0274399332086244
12,848,0.34328716282770877,0.27036404476848641,3.6775985379884144
12,849,0.97252844918879677,0.75949812172340414,3.7259724687873663
12,850,0.57232126904607972,0.60576359722388085,3.8337681082601396
12,851,0.9037722180824096,0.9179621915541909,3.7413420109453637
12,852,0.89985234699561356,0.14781270551439993,3.9420666696185309
12,853,0.31411377701375398,0.73474034435818514,4.0925165482980503
12,854,0.95481396633033533,0.0026441972432270336,3.9811829270348889
12,855,0.12228508518916502,0.91772024042575395,3.6250182825777935
12,856,0.39917223038873412,0.22554714789745758,3.6392363448807683
12,857,0.10585569925856241,0.67886317302646104,3.8098874394610927
12,858,0.76415215136087533,0.89524496469945614,3.4879389276978157
12,859,0.32404340229110351,0.70669003182733514,3.6491806716641868
12,860,0.85302044524612974,0.17623844036315225,3.8134758609163879
12,861,0.12028455911409894,0.22190839795999359,3.6531419670250505
12,862,0.8832141115669413,0.27714198730486683,3.6828870992483855
12,863,0.32825984019402543,0.80333545933671213,3.7305503671996605
12,864,0.6878581695915198,0.36300762603637471,3.7095629260799794
12,865,0.12150723131822287,0.095934863679668525,3.7197661521567631
12,866,0.5430860802077222,0.98656294600759753,3.8990704378898995
12,867,0.24942366406523109,0.80765129524860169,3.8077431525802878
12,868,0.27637418376332484,0.28316676313789663,3.9178074625948778
12,869,0.13509581740443227,0.51869626316781237,4.3091889090885616
12,870,0.92756491363986449,0.16468239429759551,3.6472049050641466
12,871,0.13675151142751146,0.081073380169693093,3.5090235492972193
12,872,0.071776494535663066,0.93097983170613441,3.9222590782030378
12,873,0.48631734364431001,0.44570634900006451,3.8037106152026414
12,874,0.34082211104966281,0.66344493329591037,3.7824580443924871
12,875,0.487674366603009,0.072307635718749444,3.8108285165514344
12,876,0.18505889821935523,0.843818539183677,3.6198682595114917
12,877,0.98977996413193814,0.71072603506811705,3.7181865334568287
12,878,0.53591316792237831,0.71663993862478059,3.7396302331795348
12,879,0.38140063967852628,0.057831809142515421,3.6333132557094885
12,880,0.10771965437591312,0.75905444830332669,3.690221577805791
12,881,0.084023695725219019,0.82289052988488176,3.6418143816790631
12,882,0.45193544717476186,0.5924335921478936,3.6911955917401769
12,883,0.30007466505293001,0.63956774704074859,3.6240471948330346
12,884,0.55601701044957907,0.014483506779589182,3.6693501082087634
12,885,0.5836506269431887,0.39485239986599396,3.7391468182951155
12,886,0.34669797903444605,0.44458889922154854,3.6300570430197197
12,887,0.38929966193396393,0.9098809773968406,3.7784215156366177
12,888,0.00049245731753532872,0.78361367216354905,3.9629689589958916
12,889,0.93503313175693681,0.88423352812019529,3.5784527681435963
12,890,0.77243988702762445,0.48930408168842709,3.7800679981571723
12,891,0.35161737713249513,0.26749806804118209,3.8399030331850845
12,892,0.63489642397605972,0.38302410040648677,3.8350167890997202
12,893,0.83787411579610194,0.30875267625691716,3.883741674631862
12,894,0.97137072314182804,0.76769877988196744,3.8165576885100285
12,895,0.70597322350164093,0.82093874418212143,3.6674248849786726
12,896,0.79003449069410325,0.090031210157217073,3.7177723397413605
12,897,0.15241772847479176,0.81681515962807349,3.5803199308327072
12,898,0.41880271126011526,0.08098313570514537,3.8376672747491516
12,899,0.059974344012105399,0.29092608725884289,3.8151905085992879
12,900,0.86935503534081426,0.32101457996202393,3.6431399910889093
12,901,0.084161078599961844,0.24993329353636412,3.7205533065516185
12,902,0.85416871755024526,0.42164428670683446,3.6917014301657645
12,903,0.51903264701525109,0.80195524709716626,3.639374092864935
12,904,0.63102075764868837,0.99723662023486614,3.7138223565661406
12,905,0.66918249213789149,0.011643230993553667,3.6101824335699391
12,906,0.73218845204794469,0.61545326433410386,3.5177401582891932
12,907,0.27630018130645084,0.88354258440609246,3.7089269289258784
12,908,0.37448700195757245,0.33092444899193801,3.8351630079232786
12,909,0.91049775003768685,0.7918248997716536,3.6066858027420774
12,910,0.46714099069963089,0.52827351811629941,4.0041247672305822
12,911,0.90210037941595211,0.23842076636170095,3.7328300020827108
12,912,0.16733064420515031,0.92824988494768013,3.843675285584061
12,913,0.13439590779321767,0.22361624281545914,3.7858462496551013
12,914,0.31059579148486283,0.89212410772836681,3.636111724787324
12,915,0.18828929869540795,0.42451303279268343,3.8737549620240208
12,916,0.85129314004492018,0.20159663619587936,3.9876026627589547
12,917,0.20892361038795068,0.095373903117132994,3.6156299564334371
12,918,0.033987718778659387,0.27834097527797302,3.5268668536157617
12,919,0.9052119004854402,0.80189536522632754,3.6873485546445801
12,920,0.35940833187088855,0.61917124379508426,3.7755260646497262
12,921,0.82067937987978279,0.60160395819211199,3.6788423805936286
12,922,0.69041819054255216,0.64507545315131409,3.8557582750613579
12,923,0.71477270850119612,0.75392887551450971,3.9436495273079712
12,924,0.44646566506003321,0.26684233231092158,3.7256132517215095
12,925,0.37525354673684852,0.92686407774030399,3.427458514316355
12,926,0.2573319813404874,0.19948088907764108,3.6758601442727805
12,927,0.21668007469167813,0.092545935550984018,3.9744856487783826
12,928,0.013567665793373821,0.32167051252763074,4.1540161860969684
12,929,0.3644677904636775,0.8021966906789737,3.6553077787222192
12,930,0.11245654192029801,0.43396649708591839,3.4511918732371027
12,931,0.9717799888669334,0.53439852415348787,3.688489215897361
12,932,0.31984074613470342,0.26886793684039417,3.6176183675870459
12,933,0.47720251236005451,0.11934654123121119,3.7561045375332305
12,934,0.77001320441593923,0.11519074574805736,3.9159388251413678
12,935,0.51570063873428507,0.48039034844924233,3.7310904768402033
12,936,0.41500245023833515,0.7034121292684351,3.8974930090303257
12,937,0.27173750782503325,0.78671414953479513,3.762145826213295
12,938,0.77347052240323211,0.073672246719687598,4.0262709157480447
12,939,0.40966716793413971,0.98605826797127727,4.1535497542639499
12,940,0.86679433233415493,0.094134512396031461,3.6218671681363421
12,941,0.097101685699821902,0.18317163956370358,3.9415067630107719
12,942,0.97492717585177258,0.22511898317472451,4.111687174364322
12,943,0.80705062069409905,0.15280387822801117,3.9705664218837176
12,944,0.46657821549490752,0.13870584617663281,3.8908801767937731
12,945,0.67542886881971098,0.7882613884599684,3.5913404409612997
12,946,0.55286873344856335,0.40685017189381667,3.6398142597847811
12,947,0.67846291489249411,0.091454924995243742,3.7913669287122227
12,948,0.43846761852630212,0.091005134545215929,4.159851473120276
12,949,0.99325416445859516,0.76681903174409016,3.6336651103811781
12,950,0.74363526513284128,0.59701049597118705,3.4740692604791401
12,951,0.56969419368541629,0.078731589800777296,3.4030822975854731
12,952,0.25971363284647014,0.62965217649278349,3.7892452540054653
12,953,0.10013668123860832,0.55233425378520951,3.8531465821155493
12,954,0.18120259804165156,0.35096083312850457,3.922074981537901
12,955,0.34950292828779683,0.60113641452735656,3.6362310651936114
12,956,0.97239847450027939,0.99981960211628418,3.6293882922038825
12,957,0.40046108664707147,0.99430948538041175,3.5862285714501074
12,958,0.87128821339201012,0.19449842762579492,3.6218842144013461
12,959,0.24348095284513818,0.59086639834626209,4.2275532629789154
12,960,0.76408480211619634,0.14811933997342619,3.9873399370358231
12,961,0.70195309814164408,0.77935934208148183,3.8941571439347809
12,962,0.31674133663488974,0.83808305902051083,4.0598478643544507
12,963,0.4428845760581549,0.56063442072068159,3.6194975978551938
12,964,0.70705527485361519,0.74252401738740492,3.6306244482412779
12,965,0.050624656700221621,0.062050863215403852,4.0429563670143258
12,966,0.42595957916937383,0.19736113007601999,3.6433613741906083
12,967,0.25340351370904418,0.50085080497823631,3.8973162038841087
12,968,0.17397874201843525,0.0048621450201445111,3.5697652119829053
12,969,0.37986605067018081,0.52259249107991967,3.8228911869101072
12,970,0.95642041669086209,0.93629629090456379,3.5369934349157042
12,971,0.46908803101850527,0.54619195638269713,3.8970021225916365
12,972,0.4752617142335922,0.29567972089051209,3.8546980009550058
12,973,0.45132148694323748,0.075042478232178675,3.6783274142732858
12,974,0.23023931635485803,0.23742816087835872,3.8445785156443129
12,975,0.12350312397873285,0.59685612258326992,3.9524867468249005
12,976,0.66514507145574142,0.021286795614185387,3.7211249574327652
12,977,0.27727085512624833,0.62301774128548559,3.8806471342097986
12,978,0.19315067849183759,0.99635764946095307,3.6707420666175214
12,979,0.81332225243865586,0.35973912247855955,3.8282046503678995
12,980,0.97035113620014823,0.13566215595494474,3.9347646454106617
12,981,0.27680680879879693,0.88077376620597769,3.4716196218839661
12,982,0.69885966943157862,0.11246624748721507,3.8404818087786645
12,983,0.67983362121520552,0.25011171241656521,3.5833197476397225
12,984,0.68459013173826544,0.74926364109638743,4.0387081089569801
12,985,0.73848072035561052,0.29697553510051478,3.9255295021460177
12,986,0.2349406703026288,0.020094344472192601,3.8276305742340164
12,987,0.9168973892129928,0.5849936134371817,3.705221734655594
12,988,0.13496843353919383,0.9871075480518946,3.5630627331840818
12,989,0.81585177956300137,0.90063059681791036,3.7511750973730553
12,990,0.32908610681136224,0.91387268636294883,3.648237449123096
12,991,0.23807575581772905,0.17402195256778566,3.7713525580942906
12,992,0.54622381019894206,0.9023690954232062,3.8752214909729341
12,993,0.75355483548177005,0.25961952594464688,3.6344698724760711
12,994,0.34090479676150776,0.68638509053682739,3.7939192188666837
12,995,0.014863065638148836,0.62772274427245955,3.8481195802609238
12,996,0.29962597317226425,0.80544524777889837,3.7822177485121657
12,997,0.62365415750773145,0.8669654553556243,3.580654511607996
12,998,0.93466535220819447,0.40648779478052277,3.8804138263723114
12,999,0.27060778046723727,0.88511277440113978,3.7989622144421822
30,0,0.47723999557194763,0.32144649459909375,3.2974619792271316
30,1,0.84605409272315657,0.26683448125691284,3.1297403919860334
30,2,0.28377734901058788,0.54330674104158427,3.1681422396732004
30,3,0.32127733008344778,0.32772377166341415,3.1483965677584544
30,4,0.33331687246625336,0.68796016271764004,3.1615403168058291
30,5,0.87502521152205226,0.047332158995828558,3.26617477752733
30,6,0.86198536524128999,0.53473287583288243,3.0756778406917733
30,7,0.76127252679255797,0.94921397679834463,3.3381041533594717
30,8,0.37652095782700196,0.47858905724906042,3.3127684263205959
30,9,0.75443344331042783,0.061191529080081769,3.3606673138458092
30,10,0.19315018437649503,0.94262208659758784,3.180949986498407
30,11,0.076641919388985652,0.057623430582271047,3.2730184036459069
30,12,0.31503605652722255,0.42163764252794761,3.1816290384868053
30,13,0.63499148184326382,0.69427925640663291,3.1898757765038108
30,14,0.13600253095728135,0.51042394004191149,3.1714628232097883
30,15,0.86133060835447961,0.9947348565751547,3.2099175900703067
30,16,0.1346612528835692,0.77987888377730774,3.2458929610068115
30,17,0.45458806419845316,0.61901919146188833,3.3426428757912565
30,18,0.61409784318588334,0.61798242518315261,3.145400616205098
30,19,0.069603254073178814,0.97266536861931441,3.2112328534270458
30,20,0.99319828464525262,0.84985288651017821,3.3294816917901211
30,21,0.34348573040035013,0.87120050397194759,3.3072670266776334
30,22,0.93116930610873572,0.81524812875166619,3.2533754548230158
30,23,0.16387237002821675,0.22542896575856838,3.358209245389447
30,24,0.31557955335075749,0.061776541207004911,3.424465251009146
30,25,0.82030982684178033,0.82760802006537637,3.2799533285830327
30,26,0.096662767162362315,0.30195975954480414,3.213198182529942
30,27,0.43338351701077793,0.59859925276086612,3.167149581608705
30,28,0.8632765319812834,0.085125673733673662,3.3278160774223053
30,29,0.98520101343495037,0.67082977522650866,3.0899276228363091
30,30,0.99336484001280967,0.47255214291165026,3.1650636427820196
30,31,0.10867514778011525,0.75053552651724487,3.2415260341249756
30,32,0.20950364658837767,0.21932365254620836,3.2318032869673639
30,33,0.95985302271028639,0.020833637452648972,3.2593012620580377
30,34,0.71929394302706373,0.5700642952450119,3.2267460129585062
30,35,0.35196382749153032,0.14411644723283012,3.234375175698478
30,36,0.27277052132145374,0.18666189022519553,3.2593132227416453
30,37,0.65081980932402006,0.4240920059895113,3.3617390773093647
30,38,0.54182154500446733,0.9958341258680059,3.1581377917737981
30,39,0.99758439950050659,0.4610697346526903,3.0925855015125849
30,40,0.15002122958191288,0.77825323177693317,3.3215636224046379
30,41,0.17683703868719458,0.57787920332042531,3.1825055751324824
30,42,0.92287807713537828,0.64451866353849319,3.3302195513847326
30,43,0.9280257089728059,0.57166628595201585,3.2659683989929662
30,44,0.83378156160309114,0.84040467266040408,3.1914935369193063
30,45,0.19071503963811359,0.65893022046553473,3.2522952333511963
30,46,0.75538905494773079,0.19126201786412428,3.3258315830340255
30,47,0.50057753050518339,0.93835803474437118,3.249480623825467
30,48,0.77421557103380767,0.59497704956827335,3.1631751707750073
30,49,0.30721977696912367,0.52081885065079869,3.0578938712151165
30,50,0.19269712478252801,0.21326893268098193,3.297113350092638
30,51,0.14696178460217871,0.57621589717702493,3.1023504891912514
30,52,0.95486810451285731,0.96393347630832749,3.4219694182804505
30,53,0.61422138384939007,0.7281861112737924,3.1539292344886256
30,54,0.79830700869160098,0.41256541508069738,3.1466875922696835
30,55,0.82620526539370021,0.87506896675694412,3.2513906559955736
30,56,0.65772237324694738,0.85879260308427063,3.3351346601860472
30,57,0.80625393100030252,0.53846810655208721,3.3102610059542128
30,58,0.012786097746865489,0.94374706784622353,3.3321745496637205
30,59,0.61116128914842782,0.77898958216412151,3.1683725756552645
30,60,0.47067829902248814,0.72959351093351099,3.3509756809254889
30,61,0.1031521625445873,0.4977314606397355,3.0940296722492833
30,62,0.87513489804001154,0.57640681874469601,3.314666374425312
30,63,0.83977953546520534,0.24740238898887465,3.2430669345614769
30,64,0.81147840375435976,0.42815178593085507,3.1225043311895355
30,65,0.9971857047941548,0.93250614699935808,3.1805927629353739
30,66,0.61772777665256917,0.55002824315679388,3.2630653523760542
30,67,0.42073880906746264,0.31304375529649453,3.1848108104981465
30,68,0.97567102413859841,0.30467593367195911,3.1480934221780195
30,69,0.4437061970135967,0.47445069623552938,3.3396054085794695
30,70,0.59476702461038711,0.024906162908466815,3.2056870685209202
30,71,0.067738321679218436,0.55793770970172951,3.1674526258152409
30,72,0.32113816074393331,0.064423114751880825,3.254388540332898
30,73,0.18850633251407611,0.24852675696124532,3.192078708741442
30,74,0.70336894215105961,0.38687572967806638,3.2032045273299783
30,75,0.52264687609761806,0.65937823108019034,3.1446203659547201
30,76,0.69423717801983298,0.64768199729968434,3.325711410389466
30,77,0.81551158122050216,0.17210209303003193,3.1304043342182446
30,78,0.91164769324680339,0.097019156631950057,3.3478087109769965
30,79,0.31758839823963281,0.34757978143008444,3.2304885830620611
30,80,0.010679995130852181,0.77415783003596139,3.1822832616873717
30,81,0.82235567944874277,0.33799635330637745,3.3229136833392898
30,82,0.96983248127278265,0.64136009350946299,3.1786663228377683
30,83,0.49618719999014727,0.7400710459974098,3.4053693898549877
30,84,0.29256900625520932,0.054729885403258051,3.2127614900991852
30,85,0.16665601667443986,0.31786202736621938,3.3456317151811619
30,86,0.72335565036848359,0.19826515249171114,3.3656122763661105
30,87,0.3559091329254776,0.99010352219438813,3.1997429787411691
30,88,0.81831548835721279,0.62395829629416788,3.2070093251907914
30,89,0.38820329951927218,0.06348753454019973,3.4549473631441368
30,90,0.74922619954731029,0.57294778253111533,3.1268215599354408
30,91,0.43342819805375515,0.1970699868363103,3.1106682113336568
30,92,0.34299737264626778,0.86549781122701586,3.1761150087340821
30,93,0.52312025876215273,0.36367457163004285,3.3385302109861246
30,94,0.2488041740631271,0.0094457075999092137,3.1472268423332568
30,95,0.6667213562426495,0.87967577598434321,3.2120848963464486
30,96,0.44835497407241209,0.28245056301410354,3.2194250706909573
30,97,0.093442798966055007,0.26439796195683118,3.2355489951408622
30,98,0.22293115776051359,0.084760337041879616,3.2297922917200799
30,99,0.77783071260724213,0.16931663913304723,3.267403113222997
30,100,0.90529820800729388,0.13464512606321041,3.3774329368252385
30,101,0.95592229398303863,0.28503608585680407,3.2435573039937968
30,102,0.14808868432861366,0.28510330326812233,3.1651762251651521
30,103,0.49520207431864016,0.32983562535847405,3.1847075365097117
30,104,0.65033845062287077,0.21309683884455136,3.3556604040755715
30,105,0.67775075385442873,0.30417060551372099,3.3191786742149381
30,106,0.2127401006290445,0.06060084585489757,3.2791182138333936
30,107,0.53863660951280656,0.54184267380780804,3.4755552045764309
30,108,0.81836109928890144,0.92066612650964419,3.1940504827467815
30,109,0.30573174136455172,0.14530316552706538,3.3809787900515351
30,110,0.29577345992682735,0.63954697892291912,3.2311086696151454
30,111,0.48469317309935955,0.88784592816596819,3.315875331694254
30,112,0.48699965402566059,0.29304109804735262,3.2712954289052512
30,113,0.93356026495200273,0.79461473510794534,3.2133066484118271
30,114,0.078888699527450812,0.57232013009908989,3.2729662049872714
30,115,0.94640243569607707,1.4791910377555335e-05,3.2918863614099489
30,116,0.33966754722775039,0.28152911135214298,3.3977088272266034
30,117,0.8915716284860089,0.028991401447428389,3.3134884758756309
30,118,0.89920192947452282,0.64731124151498731,3.2571299342798961
30,119,0.53042563968873779,0.62648874387900644,3.2391376876783164
30,120,0.53720280952822019,0.34241243259591181,3.2300524333281455
30,121,0.40974666884411026,0.69447444400572556,3.2042078477131328
30,122,0.21585133004419238,0.90164282086738234,3.1577888695896532
30,123,0.10047820432432096,0.22896197380248495,3.2355220123933681
30,124,0.93035920141707606,0.68704626777895472,3.1410634630546914
30,125,0.71156528157051802,0.26121045177964725,3.1777782260532526
30,126,0.22292534906833911,0.36378960253110343,3.1783399184171306
30,127,0.0028197972946113954,0.15523254550250923,3.243207055341105
30,128,0.71215752448200542,0.35835491197449448,3.1582791384324498
30,129,0.46379628122547178,0.79754979723166186,3.2592085315728596
30,130,0.9229055737331251,0.44272615856676217,3.3086409690941112
30,131,0.91256860569183285,0.52586633775256431,3.2408470457060936
30,132,0.055691044146684701,0.74134298967022882,3.1919176139887657
30,133,0.33686692085079201,0.00035142365199152681,3.3059992728659453
30,134,0.45035896089158833,0.57405382015636885,3.2212534550939145
30,135,0.14947446484148219,0.54150186073075335,3.2549582081648469
30,136,0.0072412522204362909,0.14014727964747867,3.1835733799122359
30,137,0.41439073066606702,0.4046268851908158,3.1995329832703896
30,138,0.66659552755468487,0.75543611292691693,3.1913174577480339
30,139,0.79506055657240615,0.24649526000799526,3.3558535768015401
30,140,0.92098381593539058,0.39138570285279112,3.2237722709005934
30,141,0.84724094052120891,0.31016262813926981,3.3052963326146849
30,142,0.49277932610710873,0.73352753712506491,3.2367899423255104
30,143,0.39992373727400704,0.11439711982279828,3.1037091521522573
30,144,0.92627199606440058,0.011733841265610719,3.1438910674955927
30,145,0.78913170544894318,0.83786591784861619,3.0634021859177003
30,146,0.83104066416153155,0.22176810400614314,3.196803948386111
30,147,0.22621502859405729,0.86757371164670682,3.1125064014495343
30,148,0.67286410617495862,0.96450296093010623,3.1745228938390846
30,149,0.1487948322402626,0.30640366502710681,3.2456302114786868
30,150,0.48375172596431171,0.79089781828051453,3.1451215085641988
30,151,0.26811197584831026,0.71812457807396091,3.2229990383248368
30,152,0.19346431688575602,0.9569137664612305,3.2582044776115802
30,153,0.041271589617532606,0.13932542840428069,3.1711258608112773
30,154,0.90837644044095822,0.50909593893486271,3.2569327011977074
30,155,0.54521947331356091,0.81373957131681995,3.2402695018704812
30,156,0.16655954397867834,0.90476668788845749,3.1276953657862832
30,157,0.64017616234471841,0.58746080216653807,3.3161459212079114
30,158,0.45447241426931106,0.47063308018825134,3.2981678598123745
30,159,0.77948659815949561,0.72495527822952432,3.1149850026568844
30,160,0.48093201010752762,0.45743040563378307,3.2684631542096909
30,161,0.73917828445471767,0.832797561615223,3.2376517216014582
30,162,0.48813940311508897,0.35778420014606699,3.0679832994429068
30,163,0.51121540532817211,0.21144953689289969,3.3300656394082
30,164,0.77279058966738823,0.45273743968306407,3.2471984205164395
30,165,0.64257149673158731,0.26342674536315575,3.2057297601488153
30,166,0.81563933540251621,0.98133692558295826,3.2784512899652318
30,167,0.35787899383306432,0.92196749398936262,3.3162186709733334
30,168,0.12232343772619822,0.64726407291012455,3.1132755490808472
30,169,0.36448370027893617,0.13288757610502647,3.2474362023732306
30,170,0.58606683818289929,0.8038239828901369,3.1909949201155725
30,171,0.91913438710261308,0.83841207775550597,3.2141842683231805
30,172,0.99968561766414676,0.96204101238430284,3.2850201455743933
30,173,0.47950248323410261,0.40986527833915276,3.3335818515107647
30,174,0.82830452247353781,0.048621905792060868,3.0694634270330816
30,175,0.24863339647165247,0.046829024018502738,3.2550738702823923
30,176,0.60138365070969435,0.45647402355266775,3.1553041898604319
30,177,0.012147404897662022,0.46550355501948593,3.2486034645674011
30,178,0.11875876302693605,0.38319480643168136,3.2281938641035572
30,179,0.027841921302181761,0.4338410692834398,3.3345215693459851
30,180,0.73472188194698251,0.59518334980531407,3.200373952521268
30,181,0.45620037418637582,0.59954623781108696,3.1548555026672682
30,182,0.38445371305836429,0.081358317719903192,3.2312095612239911
30,183,0.14653633555084122,0.84955206531363436,3.167416432079011
30,184,0.19790995566212685,0.28961542218605074,3.2461919697744621
30,185,0.19600485608387211,0.11138176074656847,3.141247752046457
30,186,0.98745040077071966,0.45177725629840171,3.3736595360637902
30,187,0.45342793721752095,0.54975943055690446,3.2554927234372415
30,188,0.01119578600859775,0.84332328254878108,3.1694978575205077
30,189,0.79060079256072735,0.78506863410587935,3.1650151704579383
30,190,0.9698427404980432,0.33867428543334016,3.3363797994747695
30,191,0.40385222481708821,0.23336365379949306,3.2724685206028661
30,192,0.37171313275799622,0.26822804315123017,3.1244430689061518
30,193,0.68606197814580194,0.55280485858882544,3.2683112830346968
30,194,0.78619713858217477,0.76602598161354463,3.1854495569052808
30,195,0.21311423049582351,0.59417658797235207,3.141287806432723
30,196,0.94334730991704807,0.33520794535748166,3.1557833264315907
30,197,0.28061162078367752,0.0075863759047321991,3.2153873183930171
30,198,0.65331667112973935,0.85491111876051029,3.1641644670107407
30,199,0.38251652972601735,0.21414794139688217,3.2064696870213165
30,200,0.94677350072616473,0.01740123834445137,3.3459757361296676
30,201,0.10232447344481843,0.072003255433297997,3.2812250205890297
30,202,0.48324429763516119,0.071428722039664438,3.2223235243983175
30,203,0.10118364506700107,0.8099764632999843,3.2481889842746372
30,204,0.23679289507522977,0.59840814209876203,3.1974535456518245
30,205,0.34882757566587341,0.85583957659030596,3.1269444216712845
30,206,0.68799722903857941,0.89223183891924751,3.2800233732260109
30,207,0.91615042772717159,0.46594785644907266,3.2457469693474907
30,208,0.64977249571538187,0.41356833137249976,3.1444435110968079
30,209,0.34099114563246286,0.34309422033318071,3.2188715637844521
30,210,0.72585053259618615,0.62226589927532971,3.172217898666108
30,211,0.15926218263589925,0.7612737220457515,3.2610105655489061
30,212,0.28926814902523595,0.77018358606255777,3.084239328980086
30,213,0.80859228939376737,0.35159577603867298,3.2266584129829301
30,214,0.028929602982003269,0.50663928792908886,3.2896627992271639
30,215,0.064669614943011086,0.093647032835571575,3.2420919268179693
30,216,0.70847258426051607,0.477664310279871,3.2236915550590295
30,217,0.99258250452786911,0.19514114633984925,3.1708918648169946
30,218,0.93191744193044201,0.65563531231203276,3.1236503492658958
30,219,0.72476141827290907,0.10782106115613406,3.2038471879433956
30,220,0.17207368479962096,0.99551864690029712,3.2419061957577218
30,221,0.83996928760987799,0.17539819725071354,3.2508758387534007
30,222,0.21391114402433828,0.6897927138305695,3.1939174989482906
30,223,0.41230116678823675,0.54568302077069575,3.3939911978746293
30,224,0.85875955444968333,0.78800310277719843,3.1834331566999623
30,225,0.13362563764155291,0.64357153622173491,3.1375918665215483
30,226,0.064581355944769825,0.24719148469870031,3.2002747553814124
30,227,0.01110410222683818,0.22031672577595471,3.3006303259639487
30,228,0.47137604460566929,0.47585941214239291,3.3281268948911755
30,229,0.29920573795809868,0.70489727268847302,3.2413813646611533
30,230,0.071478427848400694,0.14616498195790359,3.2022993052941917
30,231,0.22456355535351016,0.40172513173813462,3.2611303031933141
30,232,0.34676913043992752,0.32554271007983443,3.2447931679200894
30,233,0.28749687970237081,0.58874010300000279,3.2807011026222184
30,234,0.99145572434027118,0.35385944740347913,3.1950984339601232
30,235,0.71600207001952865,0.049291501532147175,3.2064075698600489
30,236,0.70047731329958596,0.12235173663132543,3.2295454450937608
30,237,0.066165131287013082,0.4350959435021573,3.2606749550569618
30,238,0.59775622592428435,0.87987720220210874,3.3358200891002938
30,239,0.66862849568565874,0.89225665802621956,3.226043197922055
30,240,0.35526952384277399,0.53463886339420319,3.2000792702221652
30,241,0.44448732376759476,0.65525345900875065,3.2617941310201854
30,242,0.8319471594326554,0.33992269390571644,3.2146300625838418
30,243,0.47477412115434781,0.34173505419545031,3.2155792232658227
30,244,0.97985329177946434,0.89186352896135956,3.267426805240329
30,245,0.43303698602205476,0.83713170785154234,3.2783812404692303
30,246,0.84836117709745551,0.91844478822279629,3.2206543318273528
30,247,0.81796341370498316,0.6505613725910826,3.2673604607718625
30,248,0.34618995102441197,0.88048370111303609,3.3023653836993461
30,249,0.88916623007079809,0.35584821921253662,3.2069500489246425
30,250,0.65671774263187976,0.27718032941117321,3.148221707761345
30,251,0.43419431978074596,0.62445771158866892,3.2251554870016106
30,252,0.23570615871417419,0.54857370070899703,3.1739731920329901
30,253,0.28855294564791911,0.40670274633374714,3.3337423549252332
30,254,0.063566905426936507,0.91668426280062587,3.2129746065793565
30,255,0.51630718075932358,0.32054468938640052,3.1304519619638347
30,256,0.94594972584399561,0.8654723204916821,3.2578732888079855
30,257,0.29030367979617688,0.76038107763990048,3.2270756470312465
30,258,0.81918437058577331,0.28715391757350628,3.3269190429538478
30,259,0.83010270777590278,0.22699042080212059,3.3352914951138013
30,260,0.98427592458704161,0.76618367008643995,3.201968869291091
30,261,0.85963252914450206,0.99064758155135291,3.3198770092913032
30,262,0.47239453418581123,0.62984482345683168,3.3501307275353001
30,263,0.14272531679032954,0.043339928324257329,3.343243158499825
30,264,0.87905401953684625,0.097251017598734987,3.3120129909457656
30,265,0.046423653513694679,0.4814540667988787,3.1910058081130535
30,266,0.82323854765463789,0.94228773654246134,3.241801777770271
30,267,0.91864060860680952,0.81270223046935852,3.212498127600659
30,268,0.624208624555872,0.7677505844827297,3.1050143476710996
30,269,0.86578497366404306,0.25035100502698732,3.0808216394837125
30,270,0.43425732337304279,0.40589560122556811,3.2289369150225045
30,271,0.66166323433081176,0.66917585905347954,3.2119267722274794
30,272,0.97041728788240278,0.15733992902796642,3.4000009816081853
30,273,0.95897787147917479,0.44436851822031442,3.2179705065782542
30,274,0.67156625596633623,0.37149338503521651,3.0372842423226056
30,275,0.035756252873805031,0.47144954309851927,3.1404763892708067
30,276,0.0003266276505301288,0.25213782957719855,3.2222389794833468
30,277,0.6277977303777269,0.11798016473406049,3.2357155198166647
30,278,0.65773031534382842,0.70807332364463749,3.2095284919660081
30,279,0.18240602431551642,0.9521269656828748,3.1867983417958463
30,280,0.30764356385792102,0.04192625719684643,3.2225736220779897
30,281,0.66868543038205597,0.22600262988581016,3.2613084672079355
30,282,0.53267169767377809,0.66133565242785053,3.1781755244251335
30,283,0.35589096143839494,0.86788528652692865,3.2209997271153115
30,284,0.25145385553291755,0.51718427623294905,3.2191738262922058
30,285,0.61069088689278161,0.72935922420933708,3.3132202375447704
30,286,0.65294313226053657,0.26540745674322536,3.1808129133106968
30,287,0.63629833645220923,0.94778471104997386,3.3364228148706587
30,288,0.0097036612594312722,0.14094866824317573,3.0522228410311212
30,289,0.1220904722250403,0.9970555559353772,3.2881991945172473
30,290,0.010757285748464372,0.31611644545243733,3.3628248479947116
30,291,0.78064460508327693,0.57725339523013719,3.1340734167077522
30,292,0.40428430424452888,0.94655492247112305,3.2227823394997364
30,293,0.016892402584989134,0.72720989576565498,3.1153970868990917
30,294,0.46960075285100134,0.19560860478551315,3.1321953508685958
30,295,0.49367550008356509,0.30792512796515192,3.2634471191907695
30,296,0.15740927503307048,0.67095485825159673,3.2308869701525622
30,297,0.65782335033014372,0.61498333510172731,3.1248022658589378
30,298,0.36838954967778409,0.46949523363768031,3.426131483784562
30,299,0.40268939272289062,0.67870334107100538,3.0945963814823125
30,300,0.62862751445126241,0.39865057071077353,3.2837993958187846
30,301,0.29085593909520185,0.92757259384111468,3.2774597134073038
30,302,0.94127828107878408,0.58129030029355044,3.3441896527872972
30,303,0.017407493791943895,0.65236415162208239,3.2957524391305659
30,304,0.27744206268146993,0.49724866958903158,3.1725459450725131
30,305,0.64568522835298647,0.14801028700865407,3.1625847016802853
30,306,0.64757862427598312,0.62732565569055843,3.0977515718479776
30,307,0.75673296645869326,0.76260650710980049,3.1145128193128833
30,308,0.09095579089555135,0.31350561280555073,3.2513075196035839
30,309,0.9987220708187855,0.82918510146138924,3.2892533911865942
30,310,0.23286490170526764,0.37460271413046364,3.3839048136186336
30,311,0.47762740864176467,0.65210520093472146,3.2779398448487713
30,312,0.68921108551901078,0.035883029748069499,3.2283027505913529
30,313,0.15160224318999627,0.25931152534037577,3.3111393365327082
30,314,0.47941537420758384,0.98369363092481954,3.268517797324638
30,315,0.38860388011739505,0.44143846584106744,3.2623064968794169
30,316,0.45310290287964933,0.0041947872794439187,3.3791417558532539
30,317,0.6715733204636547,0.54941797376049795,3.2669165976020835
30,318,0.95943626357823064,0.27733354727632004,3.1923895778545113
30,319,0.8055393370101851,0.17479944481590876,3.1651097107342365
30,320,0.37479627609643767,0.90447491684069792,3.3987703235154152
30,321,0.18550517902595359,0.83299032340786217,3.3335589317152725
30,322,0.85931840876987531,0.87288954171577415,3.129723160886773
30,323,0.59460078400152272,0.90577632777228789,3.1815175234826296
30,324,0.36538843284477207,0.9558175244429733,3.1675105036549556
30,325,0.38934870963155055,0.95897063852266851,3.3507771614968429
30,326,0.75353018917331727,0.27140705240384733,3.1260710353463668
30,327,0.38059759613271393,0.6515940981438777,3.3262692152455338
30,328,0.30768081266498876,0.66930226314743002,3.3266599748622774
30,329,0.18897766942084887,0.43725718306899597,3.1601324174161047
30,330,0.21929922713834915,0.039766943564621224,3.1855074958078879
30,331,0.022927446437124539,0.56698518150761057,3.2696395377257406
30,332,0.69196614915076038,0.029290144774283839,3.1981492386959647
30,333,0.18149723014372535,0.42780650728894903,3.1776980709400293
30,334,0.2441859405038567,0.77471878891897472,3.1504000823257474
30,335,0.90825733618965354,0.16337201073284904,3.21848248614433
30,336,0.99771662538561634,0.91781829321039998,3.1572607606853071
30,337,0.97588417165574659,0.86144261966922842,3.0646955595543059
30,338,0.35447924011665038,0.39359651213180386,3.1871761412025057
30,339,0.42857279045452051,0.6992197101464741,3.1734815827418044
30,340,0.50934806443896208,0.51650791526411699,3.3055979960148822
30,341,0.9089997806198582,0.8046420410422358,3.3025646977193741
30,342,0.99745522502835238,0.080678223796606857,3.222541604558288
30,343,0.32296197548230826,0.73079554846380768,3.1932874011115011
30,344,0.85389582048742541,0.12116984973575409,3.3472286584706414
30,345,0.025170721070001786,0.23390773021616854,3.2269472402196304
30,346,0.50423674444642907,0.34737039068670456,3.1914747310469962
30,347,0.87538820327506706,0.87826251141648981,3.22112336616728
30,348,0.49943797861172745,0.66669571713454712,3.157109537563386
30,349,0.044206145911392623,0.1197171165776653,3.1353952907623559
30,350,0.39059730915559759,0.23473864250098037,3.2178713764003719
30,351,0.26378360619126606,0.68823703835110916,3.4193905277460348
30,352,0.20340450053252171,0.23713919888937207,3.1016170732849639
30,353,0.13837047145496995,0.68109347351029192,3.1422900868423969
30,354,0.12000319926691384,0.10677732031131373,3.334536082899036
30,355,0.71625019665978873,0.67084133231492316,3.1695966674915925
30,356,0.3297856466213604,0.34857975055569312,3.2555681547137958
30,357,0.10991907193082844,0.2223097345957705,3.3056172060324127
30,358,0.31703482440857095,0.56358967365751211,3.2735245025423345
30,359,0.077631076746676603,0.91331586111816221,3.1294520113241884
30,360,0.82911845685295904,0.28634704639480485,3.3449607959852878
30,361,0.18017043409266298,0.087521676846028879,3.2712500581501684
30,362,0.52568258090681996,0.1284851167024782,3.2288648933921436
30,363,0.87957757431572259,0.77059027745639497,3.3086192726909704
30,364,0.10330235681881321,0.87720809862441562,3.2474541553739265
30,365,0.1839905018564239,0.58421808773568773,3.2562826535000249
30,366,0.47936616063632387,0.035687584975740781,3.3483642605636184
30,367,0.080333417792138942,0.48801745617514869,3.1454326017266938
30,368,0.20332865224843802,0.50792747044183972,3.325304312010485
30,369,0.83038473499531007,0.84374855391450232,3.1423850969739711
30,370,0.96644296347286351,0.55771168591321874,3.2657178777474734
30,371,0.15574199840571487,0.84621901606107541,3.1079823314902764
30,372,0.71481454921742615,0.29343065171816474,3.1968194215820938
30,373,0.22350047053133537,0.035934964854244321,3.1266906159372394
30,374,0.33382136720752764,0.79928033377080654,3.2019675146759186
30,375,0.55806303606967367,0.44556897622272301,3.2202104043619237
30,376,0.23025241698239055,0.56691500955009533,3.2923144562291999
30,377,0.021855367284021793,0.36780401062531398,3.3920314421742441
30,378,0.37110869740683317,0.44423233043232524,3.2226352628337014
30,379,0.99951021445613109,0.45512228114970654,3.2703782558693368
30,380,0.35050749109936963,0.61267866761218448,3.3719153053655875
30,381,0.15125342437222486,0.90351384641498633,3.3913325901369769
30,382,0.62882676242393754,0.43008147748102771,3.2120523940800334
30,383,0.58919549803230198,0.97610319580726901,3.1735510719228142
30,384,0.809744014271359,0.74747331352331203,3.3487813392941281
30,385,0.55503109353468394,0.79100259281829766,3.0771392701708158
30,386,0.017217427124961812,0.79220960914898353,3.1417598444652137
30,387,0.80467820321601835,0.10529599840046258,3.2141942268169932
30,388,0.32555325727237716,0.42092665575254457,3.2326328329473202
30,389,0.76105168927769262,0.9421016667244998,3.3490123537001741
30,390,0.074118585328002889,0.74747030296230221,3.2630425113225012
30,391,0.97936618098241146,0.73527069722510929,3.1670622495931857
30,392,0.06985601750274012,0.01747193334086929,3.2537148040053392
30,393,0.36781231420655286,0.56196399866171931,3.1609999647668245
30,394,0.57929559639624761,0.74465865248868024,3.1104386131869233
30,395,0.085147645281759471,0.021882724377366637,3.3387858748511881
30,396,0.89889849261721444,0.51813000532080522,3.2454113257815242
30,397,0.17434630517976665,0.091351049134557535,3.1998403513276954
30,398,0.52963970720220488,0.10031102790539723,3.1090098986874568
30,399,0.43878081280696291,0.64875695554729651,3.2108464909005625
30,400,0.31257026361296042,0.71776548862680745,3.3996067666879015
30,401,0.72880854168350184,0.072195554740056608,3.2068372772935834
30,402,0.31858976021638646,0.50728401938419743,3.1656213835093738
30,403,0.12472806669088761,0.67022073828578688,3.2335273647779079
30,404,0.94914908059274439,0.40225451829636039,3.1848968187537672
30,405,0.076548166820719493,0.36362732032247019,3.2144059463322745
30,406,0.010664549191308293,0.89026212617914369,3.1616629663603035
30,407,0.013968506097781417,0.49588980544490247,3.354410707289591
30,408,0.51108974182844102,0.52215527213108104,3.0864266749685556
30,409,0.44137817639256227,0.0047558092603784486,3.4329591626663443
30,410,0.34603535595054785,0.2127025922405128,3.0468559650439913
30,411,0.81159230800292259,0.91645385167940474,3.238131343749493
30,412,0.68446729483247049,0.35282917074605263,3.1688080322261323
30,413,0.44914369470742938,0.10853717082711532,3.3454206789535537
30,414,0.427437307474613,0.94376581360083056,3.1014121213988823
30,415,0.46106899803770196,0.53690781147639055,3.1909858918579315
30,416,0.77639965958353285,0.29048072608565012,3.3989014679197926
30,417,0.056132262216971221,0.22161715594326722,3.2324946951139002
30,418,0.95007644046932904,0.74986186029719581,3.3403480931520728
30,419,0.81237141667092139,0.64872482576828649,3.2025957429002503
30,420,0.8516937454771909,0.36928198966225545,3.2828333529478311
30,421,0.7134459224382943,0.93073501273953907,3.2073270028939009
30,422,0.50951522930965276,0.83248449475019415,3.1291025286913192
30,423,0.52892912638786127,0.51020034602615716,3.5064077328063985
30,424,0.91168374422147602,0.29023543864353202,3.1738204372317109
30,425,0.96700128446068323,0.18537655552103161,3.1730586764216691
30,426,0.60270922408157257,0.79306473449798787,3.290161688365322
30,427,0.77586648565099336,0.23888959283795019,3.1719527731946062
30,428,0.40043905275554914,0.18811264622095653,3.3347838545189754
30,429,0.57247202640495432,0.78755006662896765,3.1501088036210292
30,430,0.31992515883345007,0.9741882216932265,3.3376352161544229
30,431,0.36953101454578119,0.88530864325975955,3.1462239099266713
30,432,0.85098025747975137,0.36440332902393174,3.1883696863554047
30,433,0.94291638855488979,0.6275761980625375,3.1732217731911021
30,434,0.53394891907822362,0.22489376911544101,3.2706034885843192
30,435,0.30742897893712867,0.47219022478337436,3.1595586933602782
30,436,0.80497911729361471,0.78812991607939642,3.2317189707363374
30,437,0.28585114497517378,0.10909686045850746,3.2844019645926195
30,438,0.84308954600386166,0.75945842477632763,3.1277768294122179
30,439,0.77749727903982746,0.16203349545146906,3.3053438566760902
30,440,0.92819917233283011,0.58929141294545706,3.2067093620782807
30,441,0.05096041946152724,0.61793648640686971,3.2062886542765163
30,442,0.11980192263731083,0.085990460281073766,3.1507852596357604
30,443,0.30630395397807442,0.73758410453439793,3.117674179953283
30,444,0.64885697320952285,0.70631123987477251,3.1331223073045598
30,445,0.68100822594219945,0.57762757644690033,3.2032218546435995
30,446,0.19957273126682817,0.22485357824982977,3.1849130948823219
30,447,0.49507536631253513,0.37224637589806714,3.1712843456186861
30,448,0.42447000041402616,0.55257745477288278,3.1511147455525732
30,449,0.4471341417511262,0.42468477840276664,3.1218920673726771
30,450,0.37848513256795913,0.94012421923249345,3.3183698386840499
30,451,0.073307020338444384,0.29265843819925663,3.1169990315847307
30,452,0.94803735585923032,0.54760450341578626,3.0857081047136217
30,453,0.21207439075885776,0.28290612671471421,3.0842762059375404
30,454,0.90037641128018642,0.70471577455444656,3.2709752420732983
30,455,0.71366868074582068,0.97141530681086496,3.1808981339959965
30,456,0.34709005286248262,0.27893387672773218,3.2234543376232216
30,457,0.65414990566105202,0.12168713686883678,3.2441369725455442
30,458,0.48323577131889439,0.10015937281279194,3.2734210631146743
30,459,0.036843413936763512,0.46913159191554976,3.2677947482923702
30,460,0.68489444680128075,0.89392405676389119,3.3555188423873217
30,461,0.56209103641725455,0.3897094814597491,3.1618741565535875
30,462,0.020767171724873731,0.89447122403633106,3.3101618301925844
30,463,0.13808379113022762,0.30852395305451097,3.2277997033359656
30,464,0.49206066953032024,0.81508525345847005,3.3345783491665979
30,465,0.95549497113393989,0.7093947071137634,3.262567050465607
30,466,0.32415298347954635,0.22374028539641114,3.2187937437415237
30,467,0.84454535973607336,0.9248036129342061,3.2831057267483716
30,468,0.69323570370373522,0.88043342765199795,3.2392828477818583
30,469,0.15303704483899414,0.16621592846944,3.266823621864714
30,470,0.51298653529683413,0.090312420548456299,3.2823950135927245
30,471,0.22309699058718208,0.50975070171286696,3.1135325342959415
30,472,0.93307668702186697,0.42916451085340335,3.1365733947984946
30,473,0.16150812438750514,0.32131951503912648,3.2033804044406136
30,474,0.71446148828712996,0.877832561467907,3.3387054001384993
30,475,0.9534213132421373,0.16256202583452162,3.2704264696451748
30,476,0.12373947942452294,0.41403759309405347,3.3394589942217747
30,477,0.50908124580142433,0.90031593647184494,3.1649627731746222
30,478,0.40375184327569713,0.63460294432273723,3.1792101018461683
30,479,0.58207290779388043,0.91489462412162914,3.2729307484732324
30,480,0.44867362535252708,0.67059008178336632,3.232827385638271
30,481,0.19737011730972101,0.26091999059449711,3.2562285238911399
30,482,0.71903384112930724,0.25150023606076383,3.1903667710543067
30,483,0.082273541745942327,0.29219669635912066,3.2547632173139744
30,484,0.3993259126011422,0.85569831947983954,3.297162040574432
30,485,0.15070160735285948,0.65779300211264713,3.1454774714357572
30,486,0.84238634534590573,0.37504350250852392,3.2313816509383693
30,487,0.12647455276383102,0.95293268443017742,3.2991961237023752
30,488,0.28260591541676794,0.81628431004896029,3.3523303490332044
30,489,0.97159815023554308,0.90896642625137625,3.1832293236427232
30,490,0.001746684580284621,0.7163420928455082,3.3342617091111766
30,491,0.95536340991060409,0.3017798234100314,3.126425694027422
30,492,0.029390640411829067,0.64152917606803994,3.1549729291805981
30,493,0.73079578475400575,0.95903953382106033,3.205953624759871
30,494,0.52888587633135109,0.63296825937769041,3.3289137624866596
30,495,0.033435144436057308,0.75604485540167921,3.2674937549950585
30,496,0.36150753190550355,0.90853027919102181,3.1505270351577415
30,497,0.4008744807095998,0.10787248175307775,3.4397595990950554
30,498,0.69585397286678763,0.12074802410328719,3.2858479422025768
30,499,0.6722249468290673,0.041538792327744892,3.1198859697288839
30,500,0.2794234932310381,0.69872910586939962,3.3083579438472137
30,501,0.55371396418305596,0.59349724949820082,3.3074103316127741
30,502,0.41497550018414286,0.74054080182127813,3.2159189880185726
30,503,0.90152466181310875,0.21779036918787434,3.2207681897613458
30,504,0.74130654741355329,0.83330976706026227,3.1594147768684575
30,505,0.52875542594262681,0.5980581281224906,3.1698024391234148
30,506,0.90416160147823477,0.54061709492376075,3.4500793215356249
30,507,0.030031617360644393,0.36928713582861278,3.1295624111649092
30,508,0.20896129987907955,0.82076438653664252,3.1770846526650955
30,509,0.19448054486053529,0.66362427559209869,3.1040989053296717
30,510,0.6769779577045334,0.22195018438382841,3.3018408588319743
30,511,0.07065367631950166,0.61603571630994292,3.1709678756415753
30,512,0.52286396476406305,0.60065644201558877,3.3901168475513388
30,513,0.5478002609290723,0.60003096722557769,3.3075727963137789
30,514,0.24607736576296729,0.64000096310320331,3.1478235018480301
30,515,0.22683547180539762,0.39910359851087007,3.1046255913106471
30,516,0.47607792776810665,0.37050703202555824,3.2396703237814419
30,517,0.11412207621294351,0.37820514036037495,3.308376043876148
30,518,0.26899160253906279,0.37520752616149794,3.133781430797228
30,519,0.095321013899338378,0.027893898677895605,3.2359511363979609
30,520,0.72435496311689096,0.74402240575718048,3.1427265199164278
30,521,0.25522353529766972,0.15542802856832463,3.2381579687443498
30,522,0.65113907842866747,0.65105435478959994,3.2937235872393429
30,523,0.076420390773621602,0.0192733925105396,3.2664629634624243
30,524,0.040997587043446124,0.68358101575460339,3.2353448108025891
30,525,0.91864961646944598,0.76075677766911276,3.124204966121086
30,526,0.15557105127619594,0.76412878965392095,3.2742610702903967
30,527,0.16189581430278213,0.60066249625776613,3.3959136102684364
30,528,0.19969597134427344,0.19552972392013054,3.2043424001400389
30,529,0.39949072414342579,0.047656359585643515,3.1862621802013362
30,530,0.5322198401659568,0.35088605110393467,3.2456380956175175
30,531,0.75422720095972229,0.91818084892452301,3.2653166222755616
30,532,0.1647713109877959,0.51266584980526686,3.2233015636795415
30,533,0.68433680352738091,0.50518234654893057,3.4162326300630563
30,534,0.27963255911485779,0.62382947827524582,3.2149548011499127
30,535,0.3188106565145376,0.036167831082990397,3.2496707142560113
30,536,0.73041209950356345,0.51536317469010395,3.2390687571875385
30,537,0.8376221789098881,0.53216790803987979,3.2148845883629615
30,538,0.63934404209787088,0.24897258437801928,3.2098956132188619
30,539,0.6153876759941983,0.197527030478163,3.2982364748535802
30,540,0.86946150480554873,0.96341629606751522,3.155133763898216
30,541,0.96630796085216031,0.42381246731999145,3.2021794252855615
30,542,0.13832841086447634,0.58099176358324511,3.2312691584733906
30,543,0.73279084666556016,0.93323546299053817,3.2823864628105333
30,544,0.058549915314566513,0.06356915444099677,3.2526491614013748
30,545,0.4903951061807641,0.57634373019703389,3.2025049704987194
30,546,0.11449698506476029,0.6356550928276995,3.2279548012672969
30,547,0.86934212024666357,0.51084515488546856,3.1209919778559039
30,548,0.19514778119758178,0.75192253289288513,3.1815201979721994
30,549,0.0067235929703961458,0.59217834948804426,3.186408240403408
30,550,0.37721562537296988,0.23016664159957695,3.1840655482184084
30,551,0.60937288069874485,0.50423027109518892,3.3047907483259391
30,552,0.0095201611358626658,0.11441615213547497,3.2134169157156154
30,553,0.80264835434056259,0.88327769243673204,3.271339404480039
30,554,0.037745346158928494,0.42245493786443661,3.2104251417103966
30,555,0.57075238427417763,0.16867986389738493,3.1870650381281687
30,556,0.77313764947125541,0.8808934391555997,3.2511923568900727
30,557,0.82173897377123062,0.73729957270525581,3.217381516658627
30,558,0.14828275795970056,0.46601023090283722,3.2647966562108235
30,559,0.39436689721540569,0.38086359877513903,3.2739810024996641
30,560,0.501225197462007,0.44876366480274466,3.2875029896084675
30,561,0.75275340044542116,0.67601423937614369,3.2203077558725446
30,562,0.21212962198116883,0.11203923810621914,3.1076537254454877
30,563,0.21123385881578313,0.029303091479932989,3.336170567092581
30,564,0.56465072037897845,0.27427967638377776,3.1652495667390554
30,565,0.53399804342294932,0.39244529417588186,3.198954575351951
30,566,0.26221802863484989,0.48407569384551952,3.2289828586222131
30,567,0.31692887588027807,0.73629081444635847,3.2784050814353085
30,568,0.63443284871591388,0.78077993586148109,3.2695077741556688
30,569,0.90517507501046146,0.075401536368674665,3.1726792361428315
30,570,0.87458165082409689,0.21349786446679611,3.1785025367635336
30,571,0.61074213620163931,0.53627580823862098,3.3234039757940215
30,572,0.56577327847740144,0.52407882480134227,3.1496393416126378
30,573,0.88382326246772913,0.23256721973069183,3.3136045568705219
30,574,0.94134471120200947,0.24986039073035196,3.2866005689994648
30,575,0.53984240055840915,0.53693639615648603,3.1659385353273168
30,576,0.1226436553798822,0.9619702506698965,3.1217181519538002
30,577,0.38065931463298125,0.28840449403900853,3.3324570887521259
30,578,0.27772217853601699,0.77389213676939606,3.2729591743479709
30,579,0.62029126911524546,0.22143285724934567,3.3213237930475104
30,580,0.21660455794256908,0.94291853887628341,3.1894732962381473
30,581,0.059317179908331262,0.36007447330249726,3.2212407991499412
30,582,0.92091288044226793,0.77535644679807092,3.2234647208238272
30,583,0.46232811802286067,0.13796271602798615,3.1243715341137546
30,584,0.03527330173439671,0.17892384448238982,3.0454392924333646
30,585,0.11923945177324097,0.50748712746703695,3.2426855195422726
30,586,0.84837407044983648,0.98357729464814236,3.1522086552878315
30,587,0.80387462277412103,0.0213339393659157,3.2146134898033485
30,588,0.81809917322004144,0.89179701478875495,3.3072968785681236
30,589,0.97810294365681683,0.86635170465159683,3.1322319699583945
30,590,0.89997445658202668,0.36925878508356097,3.1732312072318489
30,591,0.78278233056725621,0.87542486626663396,3.2876738902070808
30,592,0.59470385791824265,0.53945449272803114,3.2845588770675653
30,593,0.21773197821798765,0.11834361959998813,3.2742034075612985
30,594,0.77688218598256853,0.079454544425455534,3.1977162481360457
30,595,0.17593539538869421,0.98076614989234656,3.2493783160852612
30,596,0.48998103695771944,0.48787841443017488,3.2956573610057682
30,597,0.83037275473626715,0.60648974925567378,3.1594335187041338
30,598,0.76844989690219789,0.90156818717654508,3.3772132511339326
30,599,0.80333980393351057,0.57702201536285569,3.2636150217990423
30,600,0.70139479198330135,0.76051893890567479,3.3915907635171254
30,601,0.31054582672425018,0.86235082714794165,3.1987094158938763
30,602,0.27889572576560939,0.71986599072055846,3.0509859721865245
30,603,0.10395852458847285,0.054430934819286785,3.3369256711111843
30,604,0.93046741649558729,0.35090250141533336,3.1910421177026533
30,605,0.068670364640978573,0.66906698493516725,3.3261129110480487
30,606,0.19153262498491094,0.67039672654998883,3.0601174419283783
30,607,0.050219587566567234,0.99510161944962672,3.2169771494137196
30,608,0.96735682589383976,0.94368410234009426,3.1967765233084928
30,609,0.39818692611300344,0.31312610603212188,3.2417065233149804
30,610,0.16001220427891369,0.62125405256740418,3.2287199904240214
30,611,0.13095874889287321,0.2798819391253381,3.2102130623982497
30,612,0.81400767241715921,0.66240829510549692,3.3699781202914725
30,613,0.074951071139917252,0.91038362598848888,3.1088606596662558
30,614,0.92087810187661523,0.70703241480803458,3.131117964818535
30,615,0.24929487445563658,0.71962965834154957,3.4981005798880043
30,616,0.60470882032302653,0.78645840777381315,3.1636545840196924
30,617,0.96284153138282103,0.85155164501779734,3.2593301981190863
30,618,0.002985343255426264,0.47848378157961458,3.4411001483699128
30,619,0.43725268018715879,0.51440163594111687,3.2103228942128963
30,620,0.74596406177360253,0.10341735714390955,3.2092882953116679
30,621,0.21309591007783207,0.15805572060620166,3.2352841959407979
30,622,0.019375631052186936,0.42159627774547553,3.1047981082677434
30,623,0.88496928105867456,0.65090801246666952,3.2914603725703793
30,624,0.559046966950144,0.81349152587860929,3.236481572942477
30,625,0.23627548694326664,0.60052497869078425,3.0834570743811458
30,626,0.48442012613874463,0.5566402608968869,3.2031060738971915
30,627,0.044039095983321515,0.85590057068311554,3.2777429440881973
30,628,0.60493853996732572,0.51297795850551453,3.2706072621460818
30,629,0.51471141470585846,0.94080126565254074,3.2216538505064287
30,630,0.9756993883223245,0.76156608848348206,3.1883944550653021
30,631,0.8527006210946475,0.067029175643181782,3.2063276605256052
30,632,0.58028122955068406,0.78808221123490685,3.2991290803223623
30,633,0.73467100165982924,0.162149788238478,3.3751041142634732
30,634,0.83012040778071816,0.76578552877089912,3.2528912928900011
30,635,0.55883412293937673,0.19729940074346844,3.2955457414774303
30,636,0.59702420675400325,0.86716471725661814,3.2114481815447715
30,637,0.60074194877665243,0.026055076651101496,3.1594827301175727
30,638,0.8339248521484719,0.84431970439556836,3.2368606582698138
30,639,0.47612161920399831,0.038992654956544741,3.1439111565445428
30,640,0.81818523863407422,0.17585535270098038,3.1786321384426075
30,641,0.35870071912997575,0.090942201907830381,3.1822362347314823
30,642,0.77525023221848632,0.93686009325422259,3.2549464730886251
30,643,0.52211810452969665,0.22985013930364481,3.1575764632357459
30,644,0.22635627789599375,0.7653920771722319,3.3165085619301644
30,645,0.137482435249972,0.83345535953944894,3.2689427484598701
30,646,0.028196411277477632,0.66836981178143029,3.1806322635447839
30,647,0.1027645468360404,0.36822745870378248,3.175159435477227
30,648,0.94446084204572456,0.86816287868230779,3.2516061485145227
30,649,0.089886297084309286,0.80925024343087348,3.281432727536524
30,650,0.22081342206292814,0.40047456990983177,3.2460352818730693
30,651,0.68478954342056586,0.98460086275994463,3.2873126466375946
30,652,0.10223072648714457,0.73370016935230498,3.2425908908515981
30,653,0.97608813313383069,0.054606030436367567,3.1293862569725239
30,654,0.329663630349325,0.63750131194451154,3.3425560075653338
30,655,0.66071734236368584,0.47228091358452795,3.3427039821853115
30,656,0.50097587861336002,0.12032492935446003,3.237868262897635
30,657,0.40447198741271628,0.60296864241703529,3.1012656962217093
30,658,0.92794738398115328,0.75919331828501124,3.2107803324782878
30,659,0.29768806346769255,0.17811877889125977,3.2150737194797756
30,660,0.28915276032356485,0.045163294208236761,3.2007579529187251
30,661,0.037144703235072234,0.3371367673998017,3.2909126018922286
30,662,0.6788306057783271,0.87329618450784507,3.1225503298969288
30,663,0.88611287876164757,0.051439164752020684,3.4129610523694858
30,664,0.36076283912601553,0.81097769421846222,3.2798310488130249
30,665,0.46048419574043653,0.22911323258205485,3.1994410976127003
30,666,0.70597207851643595,0.77725301466707519,3.2076186434072862
30,667,0.017549524502238116,0.65493924292235561,3.3466420453684358
30,668,0.80621260951383711,0.29124420951135532,3.1761526439058452
30,669,0.097275634216258636,0.13048996919350617,3.3504547315996667
30,670,0.10664129277402565,0.78304389192493218,3.1541027605016381
30,671,0.76924643552326499,0.30819291452885328,3.1717475105653823
30,672,0.62294868625443756,0.5292309285803809,3.4121681483293491
30,673,0.58048275920951908,0.46468248575824023,3.2564894199549133
30,674,0.6577604883210022,0.15572901937546901,3.1998938733098314
30,675,0.0069220282703494947,0.086445486817826683,3.1493303462519324
30,676,0.81298904812670481,0.72564390858891414,3.2244736658946254
30,677,0.61775634861503648,0.49482451393172289,3.1836766278823214
30,678,0.43952196161241125,0.021558980379727002,3.2713445864276052
30,679,0.18949479744931993,0.46208459434619464,3.4467805722923157
30,680,0.90951979252972948,0.68006328740055433,3.0683520714341386
30,681,0.028502029838603622,0.71117967191165044,3.10709179005236
30,682,0.19327020165602371,0.76253485707771829,3.1602302784520115
30,683,0.83746906197619797,0.95202999648940023,3.2131672867641838
30,684,0.24976639382199381,0.7365717629034616,3.1690984973441583
30,685,0.99712411537443091,0.13331699340857714,3.2543683755424393
30,686,0.085658252923710362,0.62216700272054826,3.2197273668410173
30,687,0.41920760850945965,0.64457976826490238,3.1363232092706745
30,688,0.97404901265203114,0.39604886345091106,3.1582443280291228
30,689,0.17860525603807076,0.61782850189805694,3.1742745689540799
30,690,0.99758087730462408,0.55261165197831852,3.1620945309442545
30,691,0.31480345046061287,0.73168317370067426,3.2489532258006628
30,692,0.54373663117052096,0.58434812148157211,3.3012627068731932
30,693,0.57191331588813177,0.32214701971274173,3.2001957193803259
30,694,0.052202310395850174,0.98301872245252309,3.3157847251826849
30,695,0.24610909922126464,0.57860254813653911,3.2199037241347366
30,696,0.56622505521837863,0.45151463870454994,3.2087772609026182
30,697,0.093836739803277572,0.47627467270598112,3.1515183545207948
30,698,0.54062378675081724,0.95144894164413152,3.2769920872284293
30,699,0.69305859934892744,0.76376568641828502,3.1942600012587357
30,700,0.71314485561783791,0.85582698123921874,3.2632944692153836
30,701,0.56165308907394951,0.66217703922716087,3.2100580359930131
30,702,0.87480476793800088,0.70982225428066525,3.262213269918981
30,703,0.05030808493390293,0.76404831341806823,3.2904619514271483
30,704,0.69894334061529173,0.55304567860296039,3.3858691490422199
30,705,0.75479888972726084,0.27945987145595702,3.2003436873065692
30,706,0.12090495078613196,0.55444466536146364,3.2415987645820743
30,707,0.26312380034804284,0.85742784848900988,3.2466099797578183
30,708,0.19590567020478816,0.33252747722339665,3.2426981326456503
30,709,0.27506571749965952,0.098987242066507761,3.2171337090885497
30,710,0.01395729864902758,0.79487033481892122,3.4452516480613795
30,711,0.097659912357494813,0.72757137919564185,3.382138063359573
30,712,0.92359348790195572,0.1438133320859018,3.2989691177754481
30,713,0.65877697230663879,0.65945480670421797,3.3471070227129704
30,714,0.14041540884129711,0.52308038056687434,3.1743120672161358
30,715,0.095872800818730675,0.22895492346924051,3.2868343923876178
30,716,0.42497553051228149,0.57779476892990211,3.2486482127748122
30,717,0.64419635236078299,0.6223105335047322,3.2588511527448598
30,718,0.96139745838158019,0.80995198174282124,3.2226037741245364
30,719,0.1219479151481583,0.28951718720312747,3.2543839676873465
30,720,0.88441945613762651,0.10759104172374238,3.2441603021053362
30,721,0.15993191791397351,0.29918496271956441,3.1441843865081975
30,722,0.58461103695503136,0.34205262702954609,3.1887024359983061
30,723,0.017563911539825321,0.94892622688515416,3.1341285559961789
30,724,0.67362704707049759,0.93113438052987596,3.2131422889406624
30,725,0.088426281413493762,0.59289944653943227,3.1098958954739921
30,726,0.5140902777267502,0.24264659219220844,3.1861434948685603
30,727,0.83079653143187204,0.15751921928815138,3.3007593725998845
30,728,0.81352700254354526,0.9817959617779678,3.0918749672482515
30,729,0.78901834743754728,0.6215025594614989,3.3148858485255723
30,730,0.80923281153639515,0.23319267304649655,3.2765245268078105
30,731,0.36447017107599489,0.61163081441742495,3.1924499448795394
30,732,0.077618347319033956,0.34771943540987182,3.3085594479906297
30,733,0.81064247317379734,0.99881828877171852,3.4601858326990045
30,734,0.10145056413572613,0.80916568758091567,3.2926676394965249
30,735,0.87746024384195798,0.66796446648685626,3.2460037892495244
30,736,0.99207141684041111,0.43079206808775511,3.1521616304854625
30,737,0.050226136995595028,0.98636877953416513,3.5186635915406228
30,738,0.76993692095462829,0.84198343655360797,3.1809820920760252
30,739,0.9360165942548182,0.18239716083404375,3.2596056628273744
30,740,0.23217578113322201,0.79419669392541703,3.1390921927835138
30,741,0.6360697248689805,0.76688146361695009,3.3232667140911802
30,742,0.37859149543313658,0.91159952730629756,3.1837391340995502
30,743,0.31100597421459131,0.44755821954925856,3.2678897336212027
30,744,0.818724596004343,0.58349199725656664,3.2704067381745965
30,745,0.81812300682697048,0.070715621312776353,3.1936875660101309
30,746,0.5125037979370074,0.23039793588106472,3.2844468556154882
30,747,0.38251292532871684,0.80467285346474893,3.2359769978433581
30,748,0.72189726782540942,0.22037353827288378,3.2356459064163219
30,749,0.86951404219008266,0.15289496888487095,3.1988123268510762
30,750,0.52251515519777381,0.70399653346957769,3.2822579210860785
30,751,0.91794901932668171,0.83367792796641571,3.244714821698198
30,752,0.014172734429030409,0.032948355513465616,3.0373336264522037
30,753,0.15076370607454823,0.89655604085859186,3.132743122233669
30,754,0.23322690847597488,0.78201709743791747,3.1349900768442325
30,755,0.37710834880061844,0.20700195685552333,3.2402745348323325
30,756,0.84778593515274259,0.42699658687741987,3.2571610837381701
30,757,0.32153748140491933,0.5162970375255751,3.2537831353029287
30,758,0.96249536832316895,0.60504245385170308,3.2941536227064021
30,759,0.14049629243263625,0.51969854778327007,3.0677420289843864
30,760,0.95656392609801522,0.50586132767842895,3.2753391353727537
30,761,0.47213320797017899,0.73126089451722265,3.2674105947015404
30,762,0.18464525725087999,0.079119801605084195,3.1027244126931164
30,763,0.099464294950755039,0.11860381746707968,3.2124659420817223
30,764,0.54502824345139333,0.90255140403258338,3.1965179036535476
30,765,0.73687509741145896,0.33186824623734257,3.2111420873656726
30,766,0.66728929132117154,0.096276735974099983,3.2343143092400588
30,767,0.95730611320622661,0.16754823312943776,3.3011770490809091
30,768,0.79851538516359488,0.17881990658921884,3.1921912137875799
30,769,0.60685110845702495,0.43244202848071628,3.1213740494603774
30,770,0.13067594569879826,0.52940647296024657,3.1989805315796147
30,771,0.41654142706021269,0.51187527544521771,3.1644479505323861
30,772,0.087229924068661688,0.21494609874699527,3.2935828235179425
30,773,0.069375477829531074,0.49321156995784254,3.2025892736755788
30,774,0.29769983264162653,0.14177239216071338,3.2286835241830274
30,775,0.23242254088859238,0.097168622389441878,3.2510151488901822
30,776,0.042504673883038829,0.55163836839682068,3.1304303477175628
30,777,0.57592567151842178,0.71745578403690802,3.1794777162710997
30,778,0.13796151973297419,0.8081017420982588,3.3839000424687038
30,779,0.58507315415251349,0.58955716056448271,3.2644796702196865
30,780,0.71860624658098848,0.55289537231925223,3.2475213558826805
30,781,0.99089425673498477,0.2054927569944322,3.2008268385916705
30,782,0.54441222098777042,0.25645192302456565,3.3629424264949628
30,783,0.74220892576755693,0.89181708598011322,3.1818449349540976
30,784,0.83837339570695579,0.81495734569181766,3.2232794361216262
30,785,0.52177539527217898,0.472095093156913,3.2180565632015727
30,786,0.96592509172438279,0.73053414227110403,3.1851256162634978
30,787,0.21149723334108728,0.97521969903108163,3.0353685511485424
30,788,0.89046052255783037,0.49437613718549112,3.1776691604858991
30,789,0.79342681432368489,0.30394606059356322,3.4017486838935906
30,790,0.45420423637978485,0.30108534394298381,3.261360527055011
30,791,0.70424857987929967,0.40129502671339501,3.2488099801018695
30,792,0.4227601131913783,0.54374356615925945,3.2812237819358834
30,793,0.89798280243205819,0.62798487969450389,3.3705955770592109
30,794,0.19235778303915807,0.80176719996781132,3.2846170796984815
30,795,0.19319248001838882,0.43625056316407745,3.1982739172511794
30,796,0.15600927110544502,0.75988653966417452,3.2288294697205675
30,797,0.11178739776728809,0.593934803502565,3.2696922171325302
30,798,0.068237614445918832,0.24966245095651102,3.3054830998902149
30,799,0.0046749541116950441,0.60980911221916834,3.3235023306670888
30,800,0.65795245842141037,0.58507590577229929,3.1402882913563621
30,801,0.90231419237448129,0.067525427450538092,3.164811236225991
30,802,0.13066341401167755,0.43406696678274098,3.2855524347772831
30,803,0.3030942003501616,0.36658958445150014,3.2440749355221423
30,804,0.53788580777521311,0.50274753047496668,3.1738798443203042
30,805,0.19429137885421485,0.77037917672101153,3.349065302149846
30,806,0.94720497304296836,0.78515189057645252,3.2288626841113253
30,807,0.52174738748834404,0.79718417235363126,3.2069332984667076
30,808,0.66928854053850662,0.99300472533526984,3.213627241944498
30,809,0.78111942255457356,0.23061997234010384,3.1728656783783231
30,810,0.88514113201750455,0.74659424611720437,3.2838214075230279
30,811,0.36119425110793846,0.22675548389382091,3.1918787942039715
30,812,0.25996016735912836,0.89617541926288746,3.4022938990229359
30,813,0.50215515400449984,0.68924969249897705,3.2518786837988634
30,814,0.99194903936084899,0.10185740682964441,3.2601278655674562
30,815,0.045577279794555565,0.32216198502076104,3.4036762068875039
30,816,0.22636152151242966,0.75636612853918839,3.2060288237392212
30,817,0.27993923527287856,0.50391786543961747,3.2079978220390086
30,818,0.31970023915885293,0.1988323921618943,3.2050370540965276
30,819,0.67262613094032497,0.66593318882527197,3.4282481205787683
30,820,0.46705987492275225,0.9834751570946515,3.1327508979749972
30,821,0.51421942545890309,0.11061359888763865,3.302670576198905
30,822,0.52853260789623846,0.35920239653753366,3.1896794272746769
30,823,0.75719795905384168,0.86878469132350467,3.1877774810788235
30,824,0.79007409182143229,0.89766112596358461,3.2200494645907591
30,825,0.26841707094130324,0.94307691728009468,3.2346952208371862
30,826,0.55887398967197632,0.17483581561011716,3.3236327965016206
30,827,0.88921485635187481,0.066169670199081917,3.1715577419457031
30,828,0.87027611038486985,0.36482310016375041,3.4651931200180481
30,829,0.83998614920487547,0.83134207679556726,3.1644286286702852
30,830,0.75607368148909204,0.70381913015040898,3.3082439518179347
30,831,0.10826134207385218,0.41959839030035195,3.2143038941652811
30,832,0.36301590138564721,0.71782937977692562,3.225152869329079
30,833,0.31646369750982939,0.9471999944795283,3.2235090426760786
30,834,0.95979124536395011,0.9898759317930329,3.2263821767063683
30,835,0.84708500780694895,0.0454077754919405,3.1354675616302115
30,836,0.66316025843788085,0.89240335934212534,3.2264491499959829
30,837,0.98684859313769946,0.78327905096777706,3.0915639443845739
30,838,0.82782737637368053,0.94030133720306397,3.2879071927263137
30,839,0.91849292065296884,0.96628419589694647,3.1412082740388598
30,840,0.042276057361717946,0.021841275597648594,3.2098150136304113
30,841,0.18128086469338117,0.83994065410360386,3.3010444809673505
30,842,0.0021591218102699631,0.40802706065833727,3.0940583606389294
30,843,0.682017884991307,0.97678330360676768,3.2469109512529939
30,844,0.097304886760084086,0.48057813082121004,3.1627554822065971
30,845,0.85414031067567742,0.43135715639189154,3.1449243162994525
30,846,0.98060537736888342,0.017604752475239221,3.1851000111842929
30,847,0.80100398693908303,0.59289002425989101,3.2579663101837624
30,848,0.39710828350033361,0.95395347069060965,3.1631919749417516
30,849,0.11675347935401301,0.97757168556723917,3.225557381826305
30,850,0.25682459526253959,0.20162359554812087,3.0919462581582966
30,851,0.029982712795164783,0.17330647065670512,3.1390567547522878
30,852,0.92704077515058825,0.68859879019668813,3.1967410419749935
30,853,0.44774247170392045,0.29265982949253111,3.2371214677415288
30,854,0.98343222139235087,0.82878827823655898,3.2941310950783613
30,855,0.24597823484217873,0.91692871015562893,3.1472091984378983
30,856,0.81518920554371765,0.91792569412837333,3.2353749550586106
30,857,0.76665029193407486,0.11873784674017025,3.2327309328098286
30,858,0.014275876122284157,0.56415831649566506,3.3464536100161939
30,859,0.95961878108336618,0.93162605795986764,3.2486996617746819
30,860,0.70481955889669967,0.074072606200131577,3.304274156741037
30,861,0.91838014966815151,0.81804283323173332,3.220829986052816
30,862,0.4307262494124558,0.93839837439697371,3.1956958219770897
30,863,0.57242238413150992,0.20913983613096024,3.1883302985843986
30,864,0.076259467489745478,0.80509076862815754,3.2060356546458988
30,865,0.76962032706452244,0.13174011248583442,3.2251665158785134
30,866,0.90879761152223815,0.6174725524776834,3.2719457187732526
30,867,0.69065866637176421,0.83798852840878479,3.2282345583764069
30,868,0.058224988857934604,0.20927957126594077,3.4134338488582481
30,869,0.99953228449330367,0.25489300957030508,3.1830190751319192
30,870,0.75500627498153206,0.98552275268988976,3.1998155711186409
30,871,0.53283457294187597,0.46628552987786498,3.3464648486959998
30,872,0.73252840776499495,0.04427643573524951,3.1802327941794046
30,873,0.88080755978257008,0.12514778248983091,3.2343647027834375
30,874,0.75662730767877828,0.64035073698170741,3.1706640387336718
30,875,0.22373867596764299,0.99768762846225956,3.2316601044024447
30,876,0.98496812382776688,0.98502729506418507,3.1943132247644423
30,877,0.45704732201448345,0.37730394808217971,3.2719776885816088
30,878,0.50646610520883129,0.060214643003187455,3.2558377992799619
30,879,0.5602569498639044,0.25860527425374763,3.2617851615691102
30,880,0.63417702043269986,0.54417528834075801,3.3062311567264335
30,881,0.39358632916300712,0.96950811323263486,3.3144785563110299
30,882,0.8104138828542764,0.65253153066657987,3.337632309471346
30,883,0.45397097020632776,0.20732512766663072,3.2086153807362172
30,884,0.82390616617729051,0.050186568524123183,3.2243547441932323
30,885,0.3614444856385528,0.22738236635269549,3.2768140415888705
30,886,0.95750747076041298,0.94493808098496868,3.215171673419301
30,887,0.82627777755809362,0.41474583744051796,3.3215152000708108
30,888,0.82256248664665588,0.46684911550836805,3.261605800054602
30,889,0.70263986574754767,0.15754025043985218,3.1446684815250161
30,890,0.91237110771256069,0.87321065858693525,3.3272325348646197
30,891,0.87195500441910345,0.6881749590459485,3.1196039219410379
30,892,0.024001609719923201,0.50090825013764617,3.2085525148876246
30,893,0.068213336145226025,0.27753277019016714,3.3614582302654714
30,894,0.96699293531538644,0.69132377251889654,3.2746459263244088
30,895,0.13757181120090761,0.00089102745398196429,3.1324568052855333
30,896,0.79746253409365597,0.96319668684639426,3.1708804688599499
30,897,0.5802095804605556,0.30767161190201242,3.2056520214571198
30,898,0.032855487034160191,0.41029103772139985,3.248162757235614
30,899,0.40318430666911609,0.51095079152202838,3.35942664450956
30,900,0.33062999674901011,0.22714620583754819,3.2212376177317661
30,901,0.14603032922755307,0.1355013985748165,3.1442490431189447
30,902,0.4529344243026715,0.84220160544404699,3.3095332110920035
30,903,0.72011471613893741,0.74508066567528042,3.3393198487606881
30,904,0.25602567390937664,0.60585316489112517,3.314813171053518
30,905,0.5186427731224138,0.93884984539401029,3.1602188859010338
30,906,0.90928292311822012,0.94125702802464828,3.3076098641587799
30,907,0.61190546681645563,0.75423459838367679,3.3504333791412049
30,908,0.35747936269054698,0.37117590646571946,3.2527382044509401
30,909,0.98151159335557403,0.91798938497543192,3.731705051044254
30,910,0.089429919421614976,0.99918342358189016,3.2497623733974157
30,911,0.43659288303326066,0.13116048936204025,3.1414184698704695
30,912,0.34471719219665975,0.77600623287393367,3.1229167275127421
30,913,0.74285548533873269,0.49478121474679193,3.1316613585678796
30,914,0.22318455761406267,0.93243813971391698,3.2638829430709277
30,915,0.43153841249795249,0.21500787058269658,3.2472600935962896
30,916,0.12968606873111294,0.59309263905705911,3.1535347293692202
30,917,0.066046792652210931,0.49334694270457802,3.2982387734613026
30,918,0.19523831847958806,0.24996921603326303,3.242412265331402
30,919,0.73932215518852895,0.9202320817365659,3.1495676322678379
30,920,0.88316562802908272,0.1259098968726938,3.4683719113037155
30,921,0.64948666861976168,0.48751787256705659,3.1957987863311192
30,922,0.050572828142991598,0.6486441023422157,3.1622611805738541
30,923,0.9411500559802326,0.32504700498157674,3.1563670358132203
30,924,0.93154524773563674,0.0086102018732971373,3.2654632986477821
30,925,0.53060186678186638,0.490783547750828,3.2297714475169443
30,926,0.43473842911336735,0.37686419585555947,3.3287104467439268
30,927,0.68555243253262488,0.10843455542151056,3.1730917983715186
30,928,0.41746736722129441,0.046823896497553558,3.2319668525513361
30,929,0.44856127642809962,0.66403234592082527,3.2161495028065192
30,930,0.50511767496214,0.74130769888448833,3.1686084281402338
30,931,0.15377382197443337,0.1034502748935055,3.2796531137130476
30,932,0.36451344349720566,0.36867504387372546,3.1820270246785904
30,933,0.57549917565981068,0.00085730635364523317,3.349989568817167
30,934,0.36163560371493381,0.85457152427483962,3.1778013533726095
30,935,0.25974385886586288,0.04933945603331745,3.1319103783878703
30,936,0.72972366246495124,0.4958118916250791,3.3011133248010744
30,937,0.36745226581637785,0.49012116849731235,3.38116802641321
30,938,0.6836107761773359,0.81645986935334958,3.3916087654861471
30,939,0.20317307289006309,0.50963689330808004,3.2320830373353693
30,940,0.73374085570929015,0.31925614116835471,3.2436495781888186
30,941,0.36611540339652632,0.76497322724010663,3.126941863515448
30,942,0.79472047661671585,0.12089891000812662,3.2531806788106201
30,943,0.9134329296646283,0.9443980454421822,3.2772597146673696
30,944,0.96799400581216422,0.8664859897274666,3.1681398403481551
30,945,0.46825994711121199,0.36435638786509583,3.1755892065725231
30,946,0.76408102652429766,0.15838176051535799,3.3168369370810091
30,947,0.81488045726995473,0.66927771042706552,3.1590455249238918
30,948,0.23824805051814435,0.43480861891835498,3.110314945798518
30,949,0.026723783865185688,0.76916353415781802,3.1727238032100757
30,950,0.85936383342013523,0.31574149992845468,3.1276341850811948
30,951,0.13251213426696462,0.46793854902277121,3.1628594157508165
30,952,0.12920056584574285,0.51136818791465555,3.323282244271887
30,953,0.69491151163162423,0.14236205315967101,3.115729011191283
30,954,0.042659660202892517,0.22615419329837322,3.1464611688544131
30,955,0.58678261403174514,0.78548380665804807,3.3359347313021015
30,956,0.95133088654003517,0.22461665613984116,3.1666334018008042
30,957,0.70195991968638372,0.68179506118316291,3.2073731910268108
30,958,0.20332451335065088,0.8644108632470886,3.2433146031953095
30,959,0.86689239980454058,0.36869697466629386,3.0792313587259628
30,960,0.67676606862181143,0.90215396326690256,3.2542208790057741
30,961,0.53846707775715519,0.55641398219000826,3.1994809338485979
30,962,0.54450000744229765,0.98476355101312874,3.2043292262957355
30,963,0.52248027880061465,0.61884896075129747,3.2079091924408765
30,964,0.11495472690056287,0.058902110793290982,3.2841359574077065
30,965,0.21894355765197981,0.53718609962948283,3.1549101680373624
30,966,0.38388734247432699,0.96098840521060613,3.2268006057181862
30,967,0.43994887768714186,0.93297288629574382,3.1576668467865425
30,968,0.9579345180727652,0.36941699555959473,3.1445718244184064
30,969,0.18673571251437232,0.15127070081921529,3.2142819687813078
30,970,0.45671348385697552,0.40290843252256464,3.2279925912078906
30,971,0.33189594746546225,0.66066656817335812,3.2402238547273514
30,972,0.51373710974718512,0.34754688390338123,3.3160872860585702
30,973,0.23570740192391981,0.27084697372456107,3.2446193231600859
30,974,0.38270512958416125,0.76025774969114068,3.3216190497465825
30,975,0.47020612768173797,0.70515926859360867,3.0685869726815178
30,976,0.53897385353887206,0.50011813277048001,3.2876829570672128
30,977,0.87874131005092737,0.23270908819192301,3.2780138554515954
30,978,0.50572390785381116,0.84206163258108735,3.1337558946152213
30,979,0.38773541911957204,0.87054740934878372,3.1631451868581602
30,980,0.036905888401288604,0.70829365800372823,3.2288455898977912
30,981,0.15131783900341145,0.40968103264800954,3.1581483679434492
30,982,0.048754862028483018,0.72752637307979007,3.261321540103459
30,983,0.89832740668488464,0.31210300923555295,3.1755829339503054
30,984,0.48281334142371146,0.78901006091600823,3.2408624149398872
30,985,0.88294425635822871,0.049195733604505423,3.1653645227291727
30,986,0.98020601637367744,0.83677472671721165,3.3738276491037902
30,987,0.12448886094599879,0.28551482482084894,3.2533892951116528
30,988,0.91317077871081631,0.4882197719590522,3.2071852580330917
30,989,0.12644726556223435,0.10119366919661794,3.2356393764238596
30,990,0.68230398218301958,0.70622668134257527,3.2510172840987428
30,991,0.23535537229268244,0.12448125553447419,3.1984691084484402
30,992,0.85169142511411411,0.96664943117052138,3.227105066089675
30,993,0.31274605937361216,0.7338320866411423,3.2289830351851654
30,994,0.12179173112766649,0.7435868315588583,3.258292087742563
30,995,0.013978751735426963,0.31040182677428213,3.2141247192056355
30,996,0.27779387870568262,0.9852722268395101,3.4042957037356549
30,997,0.65977440054579395,0.092107600056665587,3.1914996029634572
30,998,0.050749226181767214,0.201624394515275,3.2070922255803564
30,999,0.42514934659748937,0.99166603662527186,3.2581207775055234
