source,ticker,c,arm,onset_position,onset_index,delay,detected
Real_BTC,BTC,0.10000000000000001,Concept,0,516,216,True
Real_BTC,BTC,0.10000000000000001,Concept,1,546,218,True
Real_BTC,BTC,0.10000000000000001,Concept,2,577,180,True
Real_BTC,BTC,0.10000000000000001,Concept,3,608,124,True
Real_BTC,BTC,0.10000000000000001,Concept,4,638,124,True
Real_BTC,BTC,0.10000000000000001,Concept,5,669,115,True
Real_BTC,BTC,0.10000000000000001,Concept,6,699,90,True
Real_BTC,BTC,0.10000000000000001,Concept,7,730,130,True
Real_BTC,BTC,0.10000000000000001,Concept,8,761,130,True
Real_BTC,BTC,0.10000000000000001,Concept,9,789,-1,False
Real_BTC,BTC,0.10000000000000001,Concept,10,820,-1,False
Real_BTC,BTC,0.10000000000000001,Concept,11,850,-1,False
Real_BTC,BTC,0.10000000000000001,Concept,12,881,-1,False
Real_BTC,BTC,0.10000000000000001,Concept,13,911,-1,False
Real_BTC,BTC,0.10000000000000001,Concept,14,942,-1,False
Real_BTC,BTC,0.10000000000000001,Concept,15,973,-1,False
Real_BTC,BTC,0.10000000000000001,Concept,16,1003,-1,False
Real_BTC,BTC,0.10000000000000001,Concept,17,1034,-1,False
Real_BTC,BTC,0.10000000000000001,Concept,18,1064,-1,False
Real_BTC,BTC,0.10000000000000001,Concept,19,1095,-1,False
Real_BTC,BTC,0.10000000000000001,Concept,20,1126,-1,False
Real_BTC,BTC,0.10000000000000001,Concept,21,1154,-1,False
Real_BTC,BTC,0.10000000000000001,Concept,22,1185,-1,False
Real_BTC,BTC,0.10000000000000001,Concept,23,1215,-1,False
Real_BTC,BTC,0.10000000000000001,Concept,24,1246,-1,False
Real_BTC,BTC,0.10000000000000001,Concept,25,1276,-1,False
Real_BTC,BTC,0.10000000000000001,Concept,26,1307,-1,False
Real_BTC,BTC,0.10000000000000001,Concept,27,1338,-1,False
Real_BTC,BTC,0.10000000000000001,Concept,28,1368,-1,False
Real_BTC,BTC,0.10000000000000001,Concept,29,1399,191,True
Real_BTC,BTC,0.10000000000000001,Concept,30,1429,154,True
Real_BTC,BTC,0.10000000000000001,Concept,31,1460,120,True
Real_BTC,BTC,0.10000000000000001,Concept,32,1491,92,True
Real_BTC,BTC,0.10000000000000001,Concept,33,1519,74,True
Real_BTC,BTC,0.10000000000000001,Concept,34,1550,-1,False
Real_BTC,BTC,0.10000000000000001,Concept,35,1580,-1,False
Real_BTC,BTC,0.10000000000000001,Concept,36,1611,-1,False
Real_BTC,BTC,0.10000000000000001,Concept,37,1641,-1,False
Real_BTC,BTC,0.10000000000000001,Concept,38,1672,-1,False
Real_BTC,BTC,0.10000000000000001,Concept,39,1703,490,True
Real_BTC,BTC,0.10000000000000001,Concept,40,1733,460,True
Real_BTC,BTC,0.10000000000000001,Concept,41,1764,414,True
Real_BTC,BTC,0.10000000000000001,Concept,42,1794,359,True
Real_BTC,BTC,0.10000000000000001,Concept,43,1825,328,True
Real_BTC,BTC,0.10000000000000001,Concept,44,1856,292,True
Real_BTC,BTC,0.10000000000000001,Concept,45,1885,243,True
Real_BTC,BTC,0.10000000000000001,Concept,46,1916,203,True
Real_BTC,BTC,0.10000000000000001,Concept,47,1946,175,True
Real_BTC,BTC,0.10000000000000001,Concept,48,1977,151,True
Real_BTC,BTC,0.10000000000000001,Concept,49,2007,121,True
Real_BTC,BTC,0.10000000000000001,Concept,50,2038,111,True
Real_BTC,BTC,0.10000000000000001,Concept,51,2069,90,True
Real_BTC,BTC,0.10000000000000001,Concept,52,2099,77,True
Real_BTC,BTC,0.10000000000000001,Concept,53,2130,-1,False
Real_BTC,BTC,0.10000000000000001,Concept,54,2160,-1,False
Real_BTC,BTC,0.10000000000000001,Concept,55,2191,-1,False
Real_BTC,BTC,0.10000000000000001,Concept,56,2222,-1,False
Real_BTC,BTC,0.10000000000000001,Concept,57,2250,-1,False
Real_BTC,BTC,0.10000000000000001,Concept,58,2281,-1,False
Real_BTC,BTC,0.10000000000000001,Concept,59,2311,-1,False
Real_BTC,BTC,0.10000000000000001,Concept,60,2342,-1,False
Real_BTC,BTC,0.10000000000000001,Concept,61,2372,-1,False
Real_BTC,BTC,0.10000000000000001,Concept,62,2403,-1,False
Real_BTC,BTC,0.10000000000000001,Concept,63,2434,-1,False
Real_BTC,BTC,0.10000000000000001,Concept,64,2464,-1,False
Real_BTC,BTC,0.10000000000000001,Concept,65,2495,-1,False
Real_BTC,BTC,0.10000000000000001,Concept,66,2525,-1,False
Real_BTC,BTC,0.10000000000000001,Concept,67,2556,-1,False
Real_BTC,BTC,0.10000000000000001,Concept,68,2587,-1,False
Real_BTC,BTC,0.10000000000000001,Concept,69,2615,-1,False
Real_BTC,BTC,0.10000000000000001,Concept,70,2646,-1,False
Real_BTC,BTC,0.10000000000000001,Concept,71,2676,-1,False
Real_BTC,BTC,0.10000000000000001,Concept,72,2707,-1,False
Real_BTC,BTC,0.10000000000000001,Concept,73,2737,211,True
Real_BTC,BTC,0.10000000000000001,Concept,74,2768,180,True
Real_BTC,BTC,0.10000000000000001,Concept,75,2799,142,True
Real_BTC,BTC,0.10000000000000001,Concept,76,2829,114,True
Real_BTC,BTC,0.10000000000000001,Concept,77,2860,88,True
Real_BTC,BTC,0.10000000000000001,Concept,78,2890,57,True
Real_BTC,BTC,0.10000000000000001,Concept,79,2921,173,True
Real_BTC,BTC,0.10000000000000001,Concept,80,2952,231,True
Real_BTC,BTC,0.10000000000000001,Concept,81,2980,165,True
Real_BTC,BTC,0.10000000000000001,Concept,82,3011,171,True
Real_BTC,BTC,0.10000000000000001,Concept,83,3041,142,True
Real_BTC,BTC,0.10000000000000001,Concept,84,3072,117,True
Real_BTC,BTC,0.10000000000000001,Concept,85,3102,99,True
Real_BTC,BTC,0.10000000000000001,Concept,86,3133,98,True
Real_BTC,BTC,0.10000000000000001,Concept,87,3164,61,True
Real_BTC,BTC,0.10000000000000001,Concept,88,3194,137,True
Real_BTC,BTC,0.10000000000000001,Concept,89,3225,-1,False
Real_BTC,BTC,0.10000000000000001,Concept,90,3255,-1,False
Real_BTC,BTC,0.10000000000000001,Concept,91,3286,-1,False
Real_BTC,BTC,0.10000000000000001,Concept,92,3317,-1,False
Real_BTC,BTC,0.10000000000000001,Concept,93,3346,-1,False
Real_BTC,BTC,0.10000000000000001,Concept,94,3377,-1,False
Real_BTC,BTC,0.10000000000000001,Concept,95,3407,-1,False
Real_BTC,BTC,0.10000000000000001,Concept,96,3438,-1,False
Real_BTC,BTC,0.10000000000000001,Concept,97,3468,-1,False
Real_BTC,BTC,0.10000000000000001,Concept,98,3499,-1,False
Real_BTC,BTC,0.10000000000000001,Concept,99,3530,-1,False
Real_BTC,BTC,0.10000000000000001,Concept,100,3560,-1,False
Real_BTC,BTC,0.10000000000000001,Concept,101,3591,-1,False
Real_BTC,BTC,0.10000000000000001,Concept,102,3621,-1,False
Real_BTC,BTC,0.10000000000000001,Concept,103,3652,-1,False
Real_BTC,BTC,0.10000000000000001,Concept,104,3683,-1,False
Real_BTC,BTC,0.10000000000000001,Concept,105,3711,-1,False
Real_BTC,BTC,0.10000000000000001,Eco,0,516,344,True
Real_BTC,BTC,0.10000000000000001,Eco,1,546,322,True
Real_BTC,BTC,0.10000000000000001,Eco,2,577,280,True
Real_BTC,BTC,0.10000000000000001,Eco,3,608,249,True
Real_BTC,BTC,0.10000000000000001,Eco,4,638,219,True
Real_BTC,BTC,0.10000000000000001,Eco,5,669,202,True
Real_BTC,BTC,0.10000000000000001,Eco,6,699,173,True
Real_BTC,BTC,0.10000000000000001,Eco,7,730,334,True
Real_BTC,BTC,0.10000000000000001,Eco,8,761,302,True
Real_BTC,BTC,0.10000000000000001,Eco,9,789,275,True
Real_BTC,BTC,0.10000000000000001,Eco,10,820,241,True
Real_BTC,BTC,0.10000000000000001,Eco,11,850,219,True
Real_BTC,BTC,0.10000000000000001,Eco,12,881,189,True
Real_BTC,BTC,0.10000000000000001,Eco,13,911,168,True
Real_BTC,BTC,0.10000000000000001,Eco,14,942,-1,False
Real_BTC,BTC,0.10000000000000001,Eco,15,973,-1,False
Real_BTC,BTC,0.10000000000000001,Eco,16,1003,-1,False
Real_BTC,BTC,0.10000000000000001,Eco,17,1034,-1,False
Real_BTC,BTC,0.10000000000000001,Eco,18,1064,377,True
Real_BTC,BTC,0.10000000000000001,Eco,19,1095,327,True
Real_BTC,BTC,0.10000000000000001,Eco,20,1126,-1,False
Real_BTC,BTC,0.10000000000000001,Eco,21,1154,-1,False
Real_BTC,BTC,0.10000000000000001,Eco,22,1185,-1,False
Real_BTC,BTC,0.10000000000000001,Eco,23,1215,-1,False
Real_BTC,BTC,0.10000000000000001,Eco,24,1246,-1,False
Real_BTC,BTC,0.10000000000000001,Eco,25,1276,-1,False
Real_BTC,BTC,0.10000000000000001,Eco,26,1307,-1,False
Real_BTC,BTC,0.10000000000000001,Eco,27,1338,-1,False
Real_BTC,BTC,0.10000000000000001,Eco,28,1368,268,True
Real_BTC,BTC,0.10000000000000001,Eco,29,1399,193,True
Real_BTC,BTC,0.10000000000000001,Eco,30,1429,202,True
Real_BTC,BTC,0.10000000000000001,Eco,31,1460,145,True
Real_BTC,BTC,0.10000000000000001,Eco,32,1491,102,True
Real_BTC,BTC,0.10000000000000001,Eco,33,1519,108,True
Real_BTC,BTC,0.10000000000000001,Eco,34,1550,82,True
Real_BTC,BTC,0.10000000000000001,Eco,35,1580,261,True
Real_BTC,BTC,0.10000000000000001,Eco,36,1611,-1,False
Real_BTC,BTC,0.10000000000000001,Eco,37,1641,-1,False
Real_BTC,BTC,0.10000000000000001,Eco,38,1672,477,True
Real_BTC,BTC,0.10000000000000001,Eco,39,1703,443,True
Real_BTC,BTC,0.10000000000000001,Eco,40,1733,408,True
Real_BTC,BTC,0.10000000000000001,Eco,41,1764,385,True
Real_BTC,BTC,0.10000000000000001,Eco,42,1794,340,True
Real_BTC,BTC,0.10000000000000001,Eco,43,1825,309,True
Real_BTC,BTC,0.10000000000000001,Eco,44,1856,291,True
Real_BTC,BTC,0.10000000000000001,Eco,45,1885,261,True
Real_BTC,BTC,0.10000000000000001,Eco,46,1916,243,True
Real_BTC,BTC,0.10000000000000001,Eco,47,1946,283,True
Real_BTC,BTC,0.10000000000000001,Eco,48,1977,252,True
Real_BTC,BTC,0.10000000000000001,Eco,49,2007,222,True
Real_BTC,BTC,0.10000000000000001,Eco,50,2038,200,True
Real_BTC,BTC,0.10000000000000001,Eco,51,2069,128,True
Real_BTC,BTC,0.10000000000000001,Eco,52,2099,97,True
Real_BTC,BTC,0.10000000000000001,Eco,53,2130,110,True
Real_BTC,BTC,0.10000000000000001,Eco,54,2160,-1,False
Real_BTC,BTC,0.10000000000000001,Eco,55,2191,-1,False
Real_BTC,BTC,0.10000000000000001,Eco,56,2222,-1,False
Real_BTC,BTC,0.10000000000000001,Eco,57,2250,-1,False
Real_BTC,BTC,0.10000000000000001,Eco,58,2281,-1,False
Real_BTC,BTC,0.10000000000000001,Eco,59,2311,-1,False
Real_BTC,BTC,0.10000000000000001,Eco,60,2342,-1,False
Real_BTC,BTC,0.10000000000000001,Eco,61,2372,-1,False
Real_BTC,BTC,0.10000000000000001,Eco,62,2403,-1,False
Real_BTC,BTC,0.10000000000000001,Eco,63,2434,-1,False
Real_BTC,BTC,0.10000000000000001,Eco,64,2464,-1,False
Real_BTC,BTC,0.10000000000000001,Eco,65,2495,-1,False
Real_BTC,BTC,0.10000000000000001,Eco,66,2525,-1,False
Real_BTC,BTC,0.10000000000000001,Eco,67,2556,-1,False
Real_BTC,BTC,0.10000000000000001,Eco,68,2587,-1,False
Real_BTC,BTC,0.10000000000000001,Eco,69,2615,-1,False
Real_BTC,BTC,0.10000000000000001,Eco,70,2646,-1,False
Real_BTC,BTC,0.10000000000000001,Eco,71,2676,-1,False
Real_BTC,BTC,0.10000000000000001,Eco,72,2707,-1,False
Real_BTC,BTC,0.10000000000000001,Eco,73,2737,367,True
Real_BTC,BTC,0.10000000000000001,Eco,74,2768,378,True
Real_BTC,BTC,0.10000000000000001,Eco,75,2799,299,True
Real_BTC,BTC,0.10000000000000001,Eco,76,2829,380,True
Real_BTC,BTC,0.10000000000000001,Eco,77,2860,357,True
Real_BTC,BTC,0.10000000000000001,Eco,78,2890,328,True
Real_BTC,BTC,0.10000000000000001,Eco,79,2921,273,True
Real_BTC,BTC,0.10000000000000001,Eco,80,2952,287,True
Real_BTC,BTC,0.10000000000000001,Eco,81,2980,238,True
Real_BTC,BTC,0.10000000000000001,Eco,82,3011,282,True
Real_BTC,BTC,0.10000000000000001,Eco,83,3041,285,True
Real_BTC,BTC,0.10000000000000001,Eco,84,3072,253,True
Real_BTC,BTC,0.10000000000000001,Eco,85,3102,228,True
Real_BTC,BTC,0.10000000000000001,Eco,86,3133,195,True
Real_BTC,BTC,0.10000000000000001,Eco,87,3164,163,True
Real_BTC,BTC,0.10000000000000001,Eco,88,3194,150,True
Real_BTC,BTC,0.10000000000000001,Eco,89,3225,-1,False
Real_BTC,BTC,0.10000000000000001,Eco,90,3255,-1,False
Real_BTC,BTC,0.10000000000000001,Eco,91,3286,-1,False
Real_BTC,BTC,0.10000000000000001,Eco,92,3317,-1,False
Real_BTC,BTC,0.10000000000000001,Eco,93,3346,-1,False
Real_BTC,BTC,0.10000000000000001,Eco,94,3377,-1,False
Real_BTC,BTC,0.10000000000000001,Eco,95,3407,-1,False
Real_BTC,BTC,0.10000000000000001,Eco,96,3438,-1,False
Real_BTC,BTC,0.10000000000000001,Eco,97,3468,-1,False
Real_BTC,BTC,0.10000000000000001,Eco,98,3499,-1,False
Real_BTC,BTC,0.10000000000000001,Eco,99,3530,-1,False
Real_BTC,BTC,0.10000000000000001,Eco,100,3560,-1,False
Real_BTC,BTC,0.10000000000000001,Eco,101,3591,-1,False
Real_BTC,BTC,0.10000000000000001,Eco,102,3621,-1,False
Real_BTC,BTC,0.10000000000000001,Eco,103,3652,-1,False
Real_BTC,BTC,0.10000000000000001,Eco,104,3683,-1,False
Real_BTC,BTC,0.10000000000000001,Eco,105,3711,-1,False
Real_BTC,BTC,0.14999999999999999,Concept,0,516,158,True
Real_BTC,BTC,0.14999999999999999,Concept,1,546,166,True
Real_BTC,BTC,0.14999999999999999,Concept,2,577,130,True
Real_BTC,BTC,0.14999999999999999,Concept,3,608,66,True
Real_BTC,BTC,0.14999999999999999,Concept,4,638,89,True
Real_BTC,BTC,0.14999999999999999,Concept,5,669,95,True
Real_BTC,BTC,0.14999999999999999,Concept,6,699,83,True
Real_BTC,BTC,0.14999999999999999,Concept,7,730,120,True
Real_BTC,BTC,0.14999999999999999,Concept,8,761,95,True
Real_BTC,BTC,0.14999999999999999,Concept,9,789,95,True
Real_BTC,BTC,0.14999999999999999,Concept,10,820,52,True
Real_BTC,BTC,0.14999999999999999,Concept,11,850,-1,False
Real_BTC,BTC,0.14999999999999999,Concept,12,881,-1,False
Real_BTC,BTC,0.14999999999999999,Concept,13,911,-1,False
Real_BTC,BTC,0.14999999999999999,Concept,14,942,-1,False
Real_BTC,BTC,0.14999999999999999,Concept,15,973,-1,False
Real_BTC,BTC,0.14999999999999999,Concept,16,1003,-1,False
Real_BTC,BTC,0.14999999999999999,Concept,17,1034,-1,False
Real_BTC,BTC,0.14999999999999999,Concept,18,1064,-1,False
Real_BTC,BTC,0.14999999999999999,Concept,19,1095,-1,False
Real_BTC,BTC,0.14999999999999999,Concept,20,1126,-1,False
Real_BTC,BTC,0.14999999999999999,Concept,21,1154,-1,False
Real_BTC,BTC,0.14999999999999999,Concept,22,1185,-1,False
Real_BTC,BTC,0.14999999999999999,Concept,23,1215,-1,False
Real_BTC,BTC,0.14999999999999999,Concept,24,1246,-1,False
Real_BTC,BTC,0.14999999999999999,Concept,25,1276,-1,False
Real_BTC,BTC,0.14999999999999999,Concept,26,1307,326,True
Real_BTC,BTC,0.14999999999999999,Concept,27,1338,292,True
Real_BTC,BTC,0.14999999999999999,Concept,28,1368,200,True
Real_BTC,BTC,0.14999999999999999,Concept,29,1399,149,True
Real_BTC,BTC,0.14999999999999999,Concept,30,1429,117,True
Real_BTC,BTC,0.14999999999999999,Concept,31,1460,88,True
Real_BTC,BTC,0.14999999999999999,Concept,32,1491,58,True
Real_BTC,BTC,0.14999999999999999,Concept,33,1519,50,True
Real_BTC,BTC,0.14999999999999999,Concept,34,1550,480,True
Real_BTC,BTC,0.14999999999999999,Concept,35,1580,471,True
Real_BTC,BTC,0.14999999999999999,Concept,36,1611,443,True
Real_BTC,BTC,0.14999999999999999,Concept,37,1641,445,True
Real_BTC,BTC,0.14999999999999999,Concept,38,1672,414,True
Real_BTC,BTC,0.14999999999999999,Concept,39,1703,383,True
Real_BTC,BTC,0.14999999999999999,Concept,40,1733,351,True
Real_BTC,BTC,0.14999999999999999,Concept,41,1764,305,True
Real_BTC,BTC,0.14999999999999999,Concept,42,1794,275,True
Real_BTC,BTC,0.14999999999999999,Concept,43,1825,244,True
Real_BTC,BTC,0.14999999999999999,Concept,44,1856,198,True
Real_BTC,BTC,0.14999999999999999,Concept,45,1885,169,True
Real_BTC,BTC,0.14999999999999999,Concept,46,1916,122,True
Real_BTC,BTC,0.14999999999999999,Concept,47,1946,139,True
Real_BTC,BTC,0.14999999999999999,Concept,48,1977,109,True
Real_BTC,BTC,0.14999999999999999,Concept,49,2007,79,True
Real_BTC,BTC,0.14999999999999999,Concept,50,2038,92,True
Real_BTC,BTC,0.14999999999999999,Concept,51,2069,80,True
Real_BTC,BTC,0.14999999999999999,Concept,52,2099,66,True
Real_BTC,BTC,0.14999999999999999,Concept,53,2130,-1,False
Real_BTC,BTC,0.14999999999999999,Concept,54,2160,-1,False
Real_BTC,BTC,0.14999999999999999,Concept,55,2191,-1,False
Real_BTC,BTC,0.14999999999999999,Concept,56,2222,-1,False
Real_BTC,BTC,0.14999999999999999,Concept,57,2250,-1,False
Real_BTC,BTC,0.14999999999999999,Concept,58,2281,-1,False
Real_BTC,BTC,0.14999999999999999,Concept,59,2311,-1,False
Real_BTC,BTC,0.14999999999999999,Concept,60,2342,-1,False
Real_BTC,BTC,0.14999999999999999,Concept,61,2372,-1,False
Real_BTC,BTC,0.14999999999999999,Concept,62,2403,-1,False
Real_BTC,BTC,0.14999999999999999,Concept,63,2434,-1,False
Real_BTC,BTC,0.14999999999999999,Concept,64,2464,-1,False
Real_BTC,BTC,0.14999999999999999,Concept,65,2495,-1,False
Real_BTC,BTC,0.14999999999999999,Concept,66,2525,-1,False
Real_BTC,BTC,0.14999999999999999,Concept,67,2556,-1,False
Real_BTC,BTC,0.14999999999999999,Concept,68,2587,-1,False
Real_BTC,BTC,0.14999999999999999,Concept,69,2615,-1,False
Real_BTC,BTC,0.14999999999999999,Concept,70,2646,-1,False
Real_BTC,BTC,0.14999999999999999,Concept,71,2676,-1,False
Real_BTC,BTC,0.14999999999999999,Concept,72,2707,236,True
Real_BTC,BTC,0.14999999999999999,Concept,73,2737,196,True
Real_BTC,BTC,0.14999999999999999,Concept,74,2768,165,True
Real_BTC,BTC,0.14999999999999999,Concept,75,2799,134,True
Real_BTC,BTC,0.14999999999999999,Concept,76,2829,104,True
Real_BTC,BTC,0.14999999999999999,Concept,77,2860,73,True
Real_BTC,BTC,0.14999999999999999,Concept,78,2890,47,True
Real_BTC,BTC,0.14999999999999999,Concept,79,2921,105,True
Real_BTC,BTC,0.14999999999999999,Concept,80,2952,151,True
Real_BTC,BTC,0.14999999999999999,Concept,81,2980,123,True
Real_BTC,BTC,0.14999999999999999,Concept,82,3011,93,True
Real_BTC,BTC,0.14999999999999999,Concept,83,3041,92,True
Real_BTC,BTC,0.14999999999999999,Concept,84,3072,67,True
Real_BTC,BTC,0.14999999999999999,Concept,85,3102,71,True
Real_BTC,BTC,0.14999999999999999,Concept,86,3133,67,True
Real_BTC,BTC,0.14999999999999999,Concept,87,3164,53,True
Real_BTC,BTC,0.14999999999999999,Concept,88,3194,64,True
Real_BTC,BTC,0.14999999999999999,Concept,89,3225,106,True
Real_BTC,BTC,0.14999999999999999,Concept,90,3255,-1,False
Real_BTC,BTC,0.14999999999999999,Concept,91,3286,-1,False
Real_BTC,BTC,0.14999999999999999,Concept,92,3317,-1,False
Real_BTC,BTC,0.14999999999999999,Concept,93,3346,-1,False
Real_BTC,BTC,0.14999999999999999,Concept,94,3377,-1,False
Real_BTC,BTC,0.14999999999999999,Concept,95,3407,-1,False
Real_BTC,BTC,0.14999999999999999,Concept,96,3438,488,True
Real_BTC,BTC,0.14999999999999999,Concept,97,3468,461,True
Real_BTC,BTC,0.14999999999999999,Concept,98,3499,-1,False
Real_BTC,BTC,0.14999999999999999,Concept,99,3530,399,True
Real_BTC,BTC,0.14999999999999999,Concept,100,3560,-1,False
Real_BTC,BTC,0.14999999999999999,Concept,101,3591,-1,False
Real_BTC,BTC,0.14999999999999999,Concept,102,3621,-1,False
Real_BTC,BTC,0.14999999999999999,Concept,103,3652,-1,False
Real_BTC,BTC,0.14999999999999999,Concept,104,3683,-1,False
Real_BTC,BTC,0.14999999999999999,Concept,105,3711,-1,False
Real_BTC,BTC,0.14999999999999999,Eco,0,516,267,True
Real_BTC,BTC,0.14999999999999999,Eco,1,546,243,True
Real_BTC,BTC,0.14999999999999999,Eco,2,577,204,True
Real_BTC,BTC,0.14999999999999999,Eco,3,608,175,True
Real_BTC,BTC,0.14999999999999999,Eco,4,638,151,True
Real_BTC,BTC,0.14999999999999999,Eco,5,669,184,True
Real_BTC,BTC,0.14999999999999999,Eco,6,699,158,True
Real_BTC,BTC,0.14999999999999999,Eco,7,730,243,True
Real_BTC,BTC,0.14999999999999999,Eco,8,761,212,True
Real_BTC,BTC,0.14999999999999999,Eco,9,789,244,True
Real_BTC,BTC,0.14999999999999999,Eco,10,820,202,True
Real_BTC,BTC,0.14999999999999999,Eco,11,850,209,True
Real_BTC,BTC,0.14999999999999999,Eco,12,881,188,True
Real_BTC,BTC,0.14999999999999999,Eco,13,911,158,True
Real_BTC,BTC,0.14999999999999999,Eco,14,942,128,True
Real_BTC,BTC,0.14999999999999999,Eco,15,973,-1,False
Real_BTC,BTC,0.14999999999999999,Eco,16,1003,-1,False
Real_BTC,BTC,0.14999999999999999,Eco,17,1034,-1,False
Real_BTC,BTC,0.14999999999999999,Eco,18,1064,-1,False
Real_BTC,BTC,0.14999999999999999,Eco,19,1095,-1,False
Real_BTC,BTC,0.14999999999999999,Eco,20,1126,-1,False
Real_BTC,BTC,0.14999999999999999,Eco,21,1154,480,True
Real_BTC,BTC,0.14999999999999999,Eco,22,1185,446,True
Real_BTC,BTC,0.14999999999999999,Eco,23,1215,-1,False
Real_BTC,BTC,0.14999999999999999,Eco,24,1246,389,True
Real_BTC,BTC,0.14999999999999999,Eco,25,1276,360,True
Real_BTC,BTC,0.14999999999999999,Eco,26,1307,-1,False
Real_BTC,BTC,0.14999999999999999,Eco,27,1338,298,True
Real_BTC,BTC,0.14999999999999999,Eco,28,1368,226,True
Real_BTC,BTC,0.14999999999999999,Eco,29,1399,188,True
Real_BTC,BTC,0.14999999999999999,Eco,30,1429,161,True
Real_BTC,BTC,0.14999999999999999,Eco,31,1460,129,True
Real_BTC,BTC,0.14999999999999999,Eco,32,1491,98,True
Real_BTC,BTC,0.14999999999999999,Eco,33,1519,75,True
Real_BTC,BTC,0.14999999999999999,Eco,34,1550,77,True
Real_BTC,BTC,0.14999999999999999,Eco,35,1580,136,True
Real_BTC,BTC,0.14999999999999999,Eco,36,1611,422,True
Real_BTC,BTC,0.14999999999999999,Eco,37,1641,477,True
Real_BTC,BTC,0.14999999999999999,Eco,38,1672,447,True
Real_BTC,BTC,0.14999999999999999,Eco,39,1703,416,True
Real_BTC,BTC,0.14999999999999999,Eco,40,1733,383,True
Real_BTC,BTC,0.14999999999999999,Eco,41,1764,355,True
Real_BTC,BTC,0.14999999999999999,Eco,42,1794,314,True
Real_BTC,BTC,0.14999999999999999,Eco,43,1825,283,True
Real_BTC,BTC,0.14999999999999999,Eco,44,1856,263,True
Real_BTC,BTC,0.14999999999999999,Eco,45,1885,233,True
Real_BTC,BTC,0.14999999999999999,Eco,46,1916,203,True
Real_BTC,BTC,0.14999999999999999,Eco,47,1946,238,True
Real_BTC,BTC,0.14999999999999999,Eco,48,1977,208,True
Real_BTC,BTC,0.14999999999999999,Eco,49,2007,178,True
Real_BTC,BTC,0.14999999999999999,Eco,50,2038,157,True
Real_BTC,BTC,0.14999999999999999,Eco,51,2069,121,True
Real_BTC,BTC,0.14999999999999999,Eco,52,2099,90,True
Real_BTC,BTC,0.14999999999999999,Eco,53,2130,99,True
Real_BTC,BTC,0.14999999999999999,Eco,54,2160,133,True
Real_BTC,BTC,0.14999999999999999,Eco,55,2191,-1,False
Real_BTC,BTC,0.14999999999999999,Eco,56,2222,-1,False
Real_BTC,BTC,0.14999999999999999,Eco,57,2250,-1,False
Real_BTC,BTC,0.14999999999999999,Eco,58,2281,-1,False
Real_BTC,BTC,0.14999999999999999,Eco,59,2311,-1,False
Real_BTC,BTC,0.14999999999999999,Eco,60,2342,-1,False
Real_BTC,BTC,0.14999999999999999,Eco,61,2372,-1,False
Real_BTC,BTC,0.14999999999999999,Eco,62,2403,-1,False
Real_BTC,BTC,0.14999999999999999,Eco,63,2434,-1,False
Real_BTC,BTC,0.14999999999999999,Eco,64,2464,-1,False
Real_BTC,BTC,0.14999999999999999,Eco,65,2495,-1,False
Real_BTC,BTC,0.14999999999999999,Eco,66,2525,-1,False
Real_BTC,BTC,0.14999999999999999,Eco,67,2556,-1,False
Real_BTC,BTC,0.14999999999999999,Eco,68,2587,-1,False
Real_BTC,BTC,0.14999999999999999,Eco,69,2615,-1,False
Real_BTC,BTC,0.14999999999999999,Eco,70,2646,-1,False
Real_BTC,BTC,0.14999999999999999,Eco,71,2676,-1,False
Real_BTC,BTC,0.14999999999999999,Eco,72,2707,338,True
Real_BTC,BTC,0.14999999999999999,Eco,73,2737,255,True
Real_BTC,BTC,0.14999999999999999,Eco,74,2768,240,True
Real_BTC,BTC,0.14999999999999999,Eco,75,2799,199,True
Real_BTC,BTC,0.14999999999999999,Eco,76,2829,199,True
Real_BTC,BTC,0.14999999999999999,Eco,77,2860,230,True
Real_BTC,BTC,0.14999999999999999,Eco,78,2890,202,True
Real_BTC,BTC,0.14999999999999999,Eco,79,2921,169,True
Real_BTC,BTC,0.14999999999999999,Eco,80,2952,245,True
Real_BTC,BTC,0.14999999999999999,Eco,81,2980,202,True
Real_BTC,BTC,0.14999999999999999,Eco,82,3011,220,True
Real_BTC,BTC,0.14999999999999999,Eco,83,3041,211,True
Real_BTC,BTC,0.14999999999999999,Eco,84,3072,183,True
Real_BTC,BTC,0.14999999999999999,Eco,85,3102,184,True
Real_BTC,BTC,0.14999999999999999,Eco,86,3133,141,True
Real_BTC,BTC,0.14999999999999999,Eco,87,3164,122,True
Real_BTC,BTC,0.14999999999999999,Eco,88,3194,134,True
Real_BTC,BTC,0.14999999999999999,Eco,89,3225,373,True
Real_BTC,BTC,0.14999999999999999,Eco,90,3255,345,True
Real_BTC,BTC,0.14999999999999999,Eco,91,3286,315,True
Real_BTC,BTC,0.14999999999999999,Eco,92,3317,318,True
Real_BTC,BTC,0.14999999999999999,Eco,93,3346,-1,False
Real_BTC,BTC,0.14999999999999999,Eco,94,3377,-1,False
Real_BTC,BTC,0.14999999999999999,Eco,95,3407,-1,False
Real_BTC,BTC,0.14999999999999999,Eco,96,3438,-1,False
Real_BTC,BTC,0.14999999999999999,Eco,97,3468,-1,False
Real_BTC,BTC,0.14999999999999999,Eco,98,3499,-1,False
Real_BTC,BTC,0.14999999999999999,Eco,99,3530,345,True
Real_BTC,BTC,0.14999999999999999,Eco,100,3560,-1,False
Real_BTC,BTC,0.14999999999999999,Eco,101,3591,-1,False
Real_BTC,BTC,0.14999999999999999,Eco,102,3621,-1,False
Real_BTC,BTC,0.14999999999999999,Eco,103,3652,-1,False
Real_BTC,BTC,0.14999999999999999,Eco,104,3683,-1,False
Real_BTC,BTC,0.14999999999999999,Eco,105,3711,-1,False
Real_BTC,BTC,0.20000000000000001,Concept,0,516,118,True
Real_BTC,BTC,0.20000000000000001,Concept,1,546,97,True
Real_BTC,BTC,0.20000000000000001,Concept,2,577,67,True
Real_BTC,BTC,0.20000000000000001,Concept,3,608,44,True
Real_BTC,BTC,0.20000000000000001,Concept,4,638,70,True
Real_BTC,BTC,0.20000000000000001,Concept,5,669,90,True
Real_BTC,BTC,0.20000000000000001,Concept,6,699,63,True
Real_BTC,BTC,0.20000000000000001,Concept,7,730,118,True
Real_BTC,BTC,0.20000000000000001,Concept,8,761,95,True
Real_BTC,BTC,0.20000000000000001,Concept,9,789,80,True
Real_BTC,BTC,0.20000000000000001,Concept,10,820,52,True
Real_BTC,BTC,0.20000000000000001,Concept,11,850,215,True
Real_BTC,BTC,0.20000000000000001,Concept,12,881,-1,False
Real_BTC,BTC,0.20000000000000001,Concept,13,911,-1,False
Real_BTC,BTC,0.20000000000000001,Concept,14,942,-1,False
Real_BTC,BTC,0.20000000000000001,Concept,15,973,-1,False
Real_BTC,BTC,0.20000000000000001,Concept,16,1003,-1,False
Real_BTC,BTC,0.20000000000000001,Concept,17,1034,498,True
Real_BTC,BTC,0.20000000000000001,Concept,18,1064,-1,False
Real_BTC,BTC,0.20000000000000001,Concept,19,1095,473,True
Real_BTC,BTC,0.20000000000000001,Concept,20,1126,442,True
Real_BTC,BTC,0.20000000000000001,Concept,21,1154,429,True
Real_BTC,BTC,0.20000000000000001,Concept,22,1185,383,True
Real_BTC,BTC,0.20000000000000001,Concept,23,1215,375,True
Real_BTC,BTC,0.20000000000000001,Concept,24,1246,337,True
Real_BTC,BTC,0.20000000000000001,Concept,25,1276,292,True
Real_BTC,BTC,0.20000000000000001,Concept,26,1307,259,True
Real_BTC,BTC,0.20000000000000001,Concept,27,1338,193,True
Real_BTC,BTC,0.20000000000000001,Concept,28,1368,145,True
Real_BTC,BTC,0.20000000000000001,Concept,29,1399,114,True
Real_BTC,BTC,0.20000000000000001,Concept,30,1429,84,True
Real_BTC,BTC,0.20000000000000001,Concept,31,1460,60,True
Real_BTC,BTC,0.20000000000000001,Concept,32,1491,45,True
Real_BTC,BTC,0.20000000000000001,Concept,33,1519,48,True
Real_BTC,BTC,0.20000000000000001,Concept,34,1550,80,True
Real_BTC,BTC,0.20000000000000001,Concept,35,1580,370,True
Real_BTC,BTC,0.20000000000000001,Concept,36,1611,407,True
Real_BTC,BTC,0.20000000000000001,Concept,37,1641,387,True
Real_BTC,BTC,0.20000000000000001,Concept,38,1672,354,True
Real_BTC,BTC,0.20000000000000001,Concept,39,1703,325,True
Real_BTC,BTC,0.20000000000000001,Concept,40,1733,288,True
Real_BTC,BTC,0.20000000000000001,Concept,41,1764,257,True
Real_BTC,BTC,0.20000000000000001,Concept,42,1794,224,True
Real_BTC,BTC,0.20000000000000001,Concept,43,1825,195,True
Real_BTC,BTC,0.20000000000000001,Concept,44,1856,173,True
Real_BTC,BTC,0.20000000000000001,Concept,45,1885,144,True
Real_BTC,BTC,0.20000000000000001,Concept,46,1916,107,True
Real_BTC,BTC,0.20000000000000001,Concept,47,1946,84,True
Real_BTC,BTC,0.20000000000000001,Concept,48,1977,57,True
Real_BTC,BTC,0.20000000000000001,Concept,49,2007,45,True
Real_BTC,BTC,0.20000000000000001,Concept,50,2038,72,True
Real_BTC,BTC,0.20000000000000001,Concept,51,2069,55,True
Real_BTC,BTC,0.20000000000000001,Concept,52,2099,49,True
Real_BTC,BTC,0.20000000000000001,Concept,53,2130,-1,False
Real_BTC,BTC,0.20000000000000001,Concept,54,2160,-1,False
Real_BTC,BTC,0.20000000000000001,Concept,55,2191,-1,False
Real_BTC,BTC,0.20000000000000001,Concept,56,2222,-1,False
Real_BTC,BTC,0.20000000000000001,Concept,57,2250,-1,False
Real_BTC,BTC,0.20000000000000001,Concept,58,2281,-1,False
Real_BTC,BTC,0.20000000000000001,Concept,59,2311,-1,False
Real_BTC,BTC,0.20000000000000001,Concept,60,2342,-1,False
Real_BTC,BTC,0.20000000000000001,Concept,61,2372,-1,False
Real_BTC,BTC,0.20000000000000001,Concept,62,2403,-1,False
Real_BTC,BTC,0.20000000000000001,Concept,63,2434,-1,False
Real_BTC,BTC,0.20000000000000001,Concept,64,2464,479,True
Real_BTC,BTC,0.20000000000000001,Concept,65,2495,453,True
Real_BTC,BTC,0.20000000000000001,Concept,66,2525,423,True
Real_BTC,BTC,0.20000000000000001,Concept,67,2556,392,True
Real_BTC,BTC,0.20000000000000001,Concept,68,2587,356,True
Real_BTC,BTC,0.20000000000000001,Concept,69,2615,326,True
Real_BTC,BTC,0.20000000000000001,Concept,70,2646,290,True
Real_BTC,BTC,0.20000000000000001,Concept,71,2676,260,True
Real_BTC,BTC,0.20000000000000001,Concept,72,2707,219,True
Real_BTC,BTC,0.20000000000000001,Concept,73,2737,126,True
Real_BTC,BTC,0.20000000000000001,Concept,74,2768,154,True
Real_BTC,BTC,0.20000000000000001,Concept,75,2799,115,True
Real_BTC,BTC,0.20000000000000001,Concept,76,2829,104,True
Real_BTC,BTC,0.20000000000000001,Concept,77,2860,73,True
Real_BTC,BTC,0.20000000000000001,Concept,78,2890,47,True
Real_BTC,BTC,0.20000000000000001,Concept,79,2921,98,True
Real_BTC,BTC,0.20000000000000001,Concept,80,2952,136,True
Real_BTC,BTC,0.20000000000000001,Concept,81,2980,108,True
Real_BTC,BTC,0.20000000000000001,Concept,82,3011,80,True
Real_BTC,BTC,0.20000000000000001,Concept,83,3041,81,True
Real_BTC,BTC,0.20000000000000001,Concept,84,3072,59,True
Real_BTC,BTC,0.20000000000000001,Concept,85,3102,59,True
Real_BTC,BTC,0.20000000000000001,Concept,86,3133,60,True
Real_BTC,BTC,0.20000000000000001,Concept,87,3164,50,True
Real_BTC,BTC,0.20000000000000001,Concept,88,3194,59,True
Real_BTC,BTC,0.20000000000000001,Concept,89,3225,97,True
Real_BTC,BTC,0.20000000000000001,Concept,90,3255,319,True
Real_BTC,BTC,0.20000000000000001,Concept,91,3286,350,True
Real_BTC,BTC,0.20000000000000001,Concept,92,3317,359,True
Real_BTC,BTC,0.20000000000000001,Concept,93,3346,433,True
Real_BTC,BTC,0.20000000000000001,Concept,94,3377,402,True
Real_BTC,BTC,0.20000000000000001,Concept,95,3407,372,True
Real_BTC,BTC,0.20000000000000001,Concept,96,3438,328,True
Real_BTC,BTC,0.20000000000000001,Concept,97,3468,311,True
Real_BTC,BTC,0.20000000000000001,Concept,98,3499,280,True
Real_BTC,BTC,0.20000000000000001,Concept,99,3530,249,True
Real_BTC,BTC,0.20000000000000001,Concept,100,3560,251,True
Real_BTC,BTC,0.20000000000000001,Concept,101,3591,252,True
Real_BTC,BTC,0.20000000000000001,Concept,102,3621,223,True
Real_BTC,BTC,0.20000000000000001,Concept,103,3652,272,True
Real_BTC,BTC,0.20000000000000001,Concept,104,3683,246,True
Real_BTC,BTC,0.20000000000000001,Concept,105,3711,213,True
Real_BTC,BTC,0.20000000000000001,Eco,0,516,205,True
Real_BTC,BTC,0.20000000000000001,Eco,1,546,180,True
Real_BTC,BTC,0.20000000000000001,Eco,2,577,144,True
Real_BTC,BTC,0.20000000000000001,Eco,3,608,122,True
Real_BTC,BTC,0.20000000000000001,Eco,4,638,95,True
Real_BTC,BTC,0.20000000000000001,Eco,5,669,121,True
Real_BTC,BTC,0.20000000000000001,Eco,6,699,151,True
Real_BTC,BTC,0.20000000000000001,Eco,7,730,142,True
Real_BTC,BTC,0.20000000000000001,Eco,8,761,125,True
Real_BTC,BTC,0.20000000000000001,Eco,9,789,166,True
Real_BTC,BTC,0.20000000000000001,Eco,10,820,135,True
Real_BTC,BTC,0.20000000000000001,Eco,11,850,183,True
Real_BTC,BTC,0.20000000000000001,Eco,12,881,186,True
Real_BTC,BTC,0.20000000000000001,Eco,13,911,156,True
Real_BTC,BTC,0.20000000000000001,Eco,14,942,127,True
Real_BTC,BTC,0.20000000000000001,Eco,15,973,97,True
Real_BTC,BTC,0.20000000000000001,Eco,16,1003,-1,False
Real_BTC,BTC,0.20000000000000001,Eco,17,1034,-1,False
Real_BTC,BTC,0.20000000000000001,Eco,18,1064,-1,False
Real_BTC,BTC,0.20000000000000001,Eco,19,1095,495,True
Real_BTC,BTC,0.20000000000000001,Eco,20,1126,464,True
Real_BTC,BTC,0.20000000000000001,Eco,21,1154,436,True
Real_BTC,BTC,0.20000000000000001,Eco,22,1185,404,True
Real_BTC,BTC,0.20000000000000001,Eco,23,1215,391,True
Real_BTC,BTC,0.20000000000000001,Eco,24,1246,346,True
Real_BTC,BTC,0.20000000000000001,Eco,25,1276,317,True
Real_BTC,BTC,0.20000000000000001,Eco,26,1307,298,True
Real_BTC,BTC,0.20000000000000001,Eco,27,1338,256,True
Real_BTC,BTC,0.20000000000000001,Eco,28,1368,218,True
Real_BTC,BTC,0.20000000000000001,Eco,29,1399,155,True
Real_BTC,BTC,0.20000000000000001,Eco,30,1429,139,True
Real_BTC,BTC,0.20000000000000001,Eco,31,1460,112,True
Real_BTC,BTC,0.20000000000000001,Eco,32,1491,90,True
Real_BTC,BTC,0.20000000000000001,Eco,33,1519,71,True
Real_BTC,BTC,0.20000000000000001,Eco,34,1550,73,True
Real_BTC,BTC,0.20000000000000001,Eco,35,1580,96,True
Real_BTC,BTC,0.20000000000000001,Eco,36,1611,241,True
Real_BTC,BTC,0.20000000000000001,Eco,37,1641,391,True
Real_BTC,BTC,0.20000000000000001,Eco,38,1672,361,True
Real_BTC,BTC,0.20000000000000001,Eco,39,1703,330,True
Real_BTC,BTC,0.20000000000000001,Eco,40,1733,300,True
Real_BTC,BTC,0.20000000000000001,Eco,41,1764,272,True
Real_BTC,BTC,0.20000000000000001,Eco,42,1794,239,True
Real_BTC,BTC,0.20000000000000001,Eco,43,1825,208,True
Real_BTC,BTC,0.20000000000000001,Eco,44,1856,182,True
Real_BTC,BTC,0.20000000000000001,Eco,45,1885,152,True
Real_BTC,BTC,0.20000000000000001,Eco,46,1916,137,True
Real_BTC,BTC,0.20000000000000001,Eco,47,1946,195,True
Real_BTC,BTC,0.20000000000000001,Eco,48,1977,172,True
Real_BTC,BTC,0.20000000000000001,Eco,49,2007,146,True
Real_BTC,BTC,0.20000000000000001,Eco,50,2038,147,True
Real_BTC,BTC,0.20000000000000001,Eco,51,2069,109,True
Real_BTC,BTC,0.20000000000000001,Eco,52,2099,85,True
Real_BTC,BTC,0.20000000000000001,Eco,53,2130,68,True
Real_BTC,BTC,0.20000000000000001,Eco,54,2160,102,True
Real_BTC,BTC,0.20000000000000001,Eco,55,2191,311,True
Real_BTC,BTC,0.20000000000000001,Eco,56,2222,-1,False
Real_BTC,BTC,0.20000000000000001,Eco,57,2250,-1,False
Real_BTC,BTC,0.20000000000000001,Eco,58,2281,-1,False
Real_BTC,BTC,0.20000000000000001,Eco,59,2311,-1,False
Real_BTC,BTC,0.20000000000000001,Eco,60,2342,-1,False
Real_BTC,BTC,0.20000000000000001,Eco,61,2372,-1,False
Real_BTC,BTC,0.20000000000000001,Eco,62,2403,-1,False
Real_BTC,BTC,0.20000000000000001,Eco,63,2434,-1,False
Real_BTC,BTC,0.20000000000000001,Eco,64,2464,-1,False
Real_BTC,BTC,0.20000000000000001,Eco,65,2495,-1,False
Real_BTC,BTC,0.20000000000000001,Eco,66,2525,-1,False
Real_BTC,BTC,0.20000000000000001,Eco,67,2556,-1,False
Real_BTC,BTC,0.20000000000000001,Eco,68,2587,-1,False
Real_BTC,BTC,0.20000000000000001,Eco,69,2615,-1,False
Real_BTC,BTC,0.20000000000000001,Eco,70,2646,445,True
Real_BTC,BTC,0.20000000000000001,Eco,71,2676,320,True
Real_BTC,BTC,0.20000000000000001,Eco,72,2707,245,True
Real_BTC,BTC,0.20000000000000001,Eco,73,2737,197,True
Real_BTC,BTC,0.20000000000000001,Eco,74,2768,198,True
Real_BTC,BTC,0.20000000000000001,Eco,75,2799,167,True
Real_BTC,BTC,0.20000000000000001,Eco,76,2829,167,True
Real_BTC,BTC,0.20000000000000001,Eco,77,2860,140,True
Real_BTC,BTC,0.20000000000000001,Eco,78,2890,130,True
Real_BTC,BTC,0.20000000000000001,Eco,79,2921,100,True
Real_BTC,BTC,0.20000000000000001,Eco,80,2952,160,True
Real_BTC,BTC,0.20000000000000001,Eco,81,2980,132,True
Real_BTC,BTC,0.20000000000000001,Eco,82,3011,198,True
Real_BTC,BTC,0.20000000000000001,Eco,83,3041,175,True
Real_BTC,BTC,0.20000000000000001,Eco,84,3072,146,True
Real_BTC,BTC,0.20000000000000001,Eco,85,3102,146,True
Real_BTC,BTC,0.20000000000000001,Eco,86,3133,122,True
Real_BTC,BTC,0.20000000000000001,Eco,87,3164,93,True
Real_BTC,BTC,0.20000000000000001,Eco,88,3194,99,True
Real_BTC,BTC,0.20000000000000001,Eco,89,3225,128,True
Real_BTC,BTC,0.20000000000000001,Eco,90,3255,171,True
Real_BTC,BTC,0.20000000000000001,Eco,91,3286,262,True
Real_BTC,BTC,0.20000000000000001,Eco,92,3317,271,True
Real_BTC,BTC,0.20000000000000001,Eco,93,3346,433,True
Real_BTC,BTC,0.20000000000000001,Eco,94,3377,-1,False
Real_BTC,BTC,0.20000000000000001,Eco,95,3407,436,True
Real_BTC,BTC,0.20000000000000001,Eco,96,3438,403,True
Real_BTC,BTC,0.20000000000000001,Eco,97,3468,313,True
Real_BTC,BTC,0.20000000000000001,Eco,98,3499,280,True
Real_BTC,BTC,0.20000000000000001,Eco,99,3530,242,True
Real_BTC,BTC,0.20000000000000001,Eco,100,3560,233,True
Real_BTC,BTC,0.20000000000000001,Eco,101,3591,285,True
Real_BTC,BTC,0.20000000000000001,Eco,102,3621,-1,False
Real_BTC,BTC,0.20000000000000001,Eco,103,3652,-1,False
Real_BTC,BTC,0.20000000000000001,Eco,104,3683,-1,False
Real_BTC,BTC,0.20000000000000001,Eco,105,3711,-1,False
Real_BTC,BTC,0.25,Concept,0,516,90,True
Real_BTC,BTC,0.25,Concept,1,546,79,True
Real_BTC,BTC,0.25,Concept,2,577,37,True
Real_BTC,BTC,0.25,Concept,3,608,33,True
Real_BTC,BTC,0.25,Concept,4,638,45,True
Real_BTC,BTC,0.25,Concept,5,669,58,True
Real_BTC,BTC,0.25,Concept,6,699,58,True
Real_BTC,BTC,0.25,Concept,7,730,73,True
Real_BTC,BTC,0.25,Concept,8,761,90,True
Real_BTC,BTC,0.25,Concept,9,789,70,True
Real_BTC,BTC,0.25,Concept,10,820,40,True
Real_BTC,BTC,0.25,Concept,11,850,173,True
Real_BTC,BTC,0.25,Concept,12,881,184,True
Real_BTC,BTC,0.25,Concept,13,911,154,True
Real_BTC,BTC,0.25,Concept,14,942,96,True
Real_BTC,BTC,0.25,Concept,15,973,106,True
Real_BTC,BTC,0.25,Concept,16,1003,67,True
Real_BTC,BTC,0.25,Concept,17,1034,357,True
Real_BTC,BTC,0.25,Concept,18,1064,327,True
Real_BTC,BTC,0.25,Concept,19,1095,296,True
Real_BTC,BTC,0.25,Concept,20,1126,265,True
Real_BTC,BTC,0.25,Concept,21,1154,239,True
Real_BTC,BTC,0.25,Concept,22,1185,206,True
Real_BTC,BTC,0.25,Concept,23,1215,186,True
Real_BTC,BTC,0.25,Concept,24,1246,147,True
Real_BTC,BTC,0.25,Concept,25,1276,118,True
Real_BTC,BTC,0.25,Concept,26,1307,85,True
Real_BTC,BTC,0.25,Concept,27,1338,56,True
Real_BTC,BTC,0.25,Concept,28,1368,43,True
Real_BTC,BTC,0.25,Concept,29,1399,109,True
Real_BTC,BTC,0.25,Concept,30,1429,79,True
Real_BTC,BTC,0.25,Concept,31,1460,58,True
Real_BTC,BTC,0.25,Concept,32,1491,45,True
Real_BTC,BTC,0.25,Concept,33,1519,48,True
Real_BTC,BTC,0.25,Concept,34,1550,73,True
Real_BTC,BTC,0.25,Concept,35,1580,138,True
Real_BTC,BTC,0.25,Concept,36,1611,331,True
Real_BTC,BTC,0.25,Concept,37,1641,309,True
Real_BTC,BTC,0.25,Concept,38,1672,279,True
Real_BTC,BTC,0.25,Concept,39,1703,283,True
Real_BTC,BTC,0.25,Concept,40,1733,253,True
Real_BTC,BTC,0.25,Concept,41,1764,222,True
Real_BTC,BTC,0.25,Concept,42,1794,192,True
Real_BTC,BTC,0.25,Concept,43,1825,172,True
Real_BTC,BTC,0.25,Concept,44,1856,165,True
Real_BTC,BTC,0.25,Concept,45,1885,134,True
Real_BTC,BTC,0.25,Concept,46,1916,78,True
Real_BTC,BTC,0.25,Concept,47,1946,79,True
Real_BTC,BTC,0.25,Concept,48,1977,55,True
Real_BTC,BTC,0.25,Concept,49,2007,40,True
Real_BTC,BTC,0.25,Concept,50,2038,72,True
Real_BTC,BTC,0.25,Concept,51,2069,55,True
Real_BTC,BTC,0.25,Concept,52,2099,46,True
Real_BTC,BTC,0.25,Concept,53,2130,67,True
Real_BTC,BTC,0.25,Concept,54,2160,341,True
Real_BTC,BTC,0.25,Concept,55,2191,401,True
Real_BTC,BTC,0.25,Concept,56,2222,370,True
Real_BTC,BTC,0.25,Concept,57,2250,345,True
Real_BTC,BTC,0.25,Concept,58,2281,314,True
Real_BTC,BTC,0.25,Concept,59,2311,-1,False
Real_BTC,BTC,0.25,Concept,60,2342,250,True
Real_BTC,BTC,0.25,Concept,61,2372,215,True
Real_BTC,BTC,0.25,Concept,62,2403,-1,False
Real_BTC,BTC,0.25,Concept,63,2434,499,True
Real_BTC,BTC,0.25,Concept,64,2464,469,True
Real_BTC,BTC,0.25,Concept,65,2495,438,True
Real_BTC,BTC,0.25,Concept,66,2525,408,True
Real_BTC,BTC,0.25,Concept,67,2556,377,True
Real_BTC,BTC,0.25,Concept,68,2587,341,True
Real_BTC,BTC,0.25,Concept,69,2615,308,True
Real_BTC,BTC,0.25,Concept,70,2646,257,True
Real_BTC,BTC,0.25,Concept,71,2676,227,True
Real_BTC,BTC,0.25,Concept,72,2707,126,True
Real_BTC,BTC,0.25,Concept,73,2737,91,True
Real_BTC,BTC,0.25,Concept,74,2768,90,True
Real_BTC,BTC,0.25,Concept,75,2799,60,True
Real_BTC,BTC,0.25,Concept,76,2829,90,True
Real_BTC,BTC,0.25,Concept,77,2860,71,True
Real_BTC,BTC,0.25,Concept,78,2890,46,True
Real_BTC,BTC,0.25,Concept,79,2921,45,True
Real_BTC,BTC,0.25,Concept,80,2952,114,True
Real_BTC,BTC,0.25,Concept,81,2980,87,True
Real_BTC,BTC,0.25,Concept,82,3011,78,True
Real_BTC,BTC,0.25,Concept,83,3041,71,True
Real_BTC,BTC,0.25,Concept,84,3072,51,True
Real_BTC,BTC,0.25,Concept,85,3102,43,True
Real_BTC,BTC,0.25,Concept,86,3133,50,True
Real_BTC,BTC,0.25,Concept,87,3164,48,True
Real_BTC,BTC,0.25,Concept,88,3194,42,True
Real_BTC,BTC,0.25,Concept,89,3225,87,True
Real_BTC,BTC,0.25,Concept,90,3255,93,True
Real_BTC,BTC,0.25,Concept,91,3286,288,True
Real_BTC,BTC,0.25,Concept,92,3317,284,True
Real_BTC,BTC,0.25,Concept,93,3346,255,True
Real_BTC,BTC,0.25,Concept,94,3377,224,True
Real_BTC,BTC,0.25,Concept,95,3407,194,True
Real_BTC,BTC,0.25,Concept,96,3438,163,True
Real_BTC,BTC,0.25,Concept,97,3468,133,True
Real_BTC,BTC,0.25,Concept,98,3499,102,True
Real_BTC,BTC,0.25,Concept,99,3530,71,True
Real_BTC,BTC,0.25,Concept,100,3560,106,True
Real_BTC,BTC,0.25,Concept,101,3591,189,True
Real_BTC,BTC,0.25,Concept,102,3621,177,True
Real_BTC,BTC,0.25,Concept,103,3652,190,True
Real_BTC,BTC,0.25,Concept,104,3683,160,True
Real_BTC,BTC,0.25,Concept,105,3711,133,True
Real_BTC,BTC,0.25,Eco,0,516,183,True
Real_BTC,BTC,0.25,Eco,1,546,171,True
Real_BTC,BTC,0.25,Eco,2,577,133,True
Real_BTC,BTC,0.25,Eco,3,608,111,True
Real_BTC,BTC,0.25,Eco,4,638,88,True
Real_BTC,BTC,0.25,Eco,5,669,112,True
Real_BTC,BTC,0.25,Eco,6,699,92,True
Real_BTC,BTC,0.25,Eco,7,730,137,True
Real_BTC,BTC,0.25,Eco,8,761,110,True
Real_BTC,BTC,0.25,Eco,9,789,96,True
Real_BTC,BTC,0.25,Eco,10,820,70,True
Real_BTC,BTC,0.25,Eco,11,850,123,True
Real_BTC,BTC,0.25,Eco,12,881,179,True
Real_BTC,BTC,0.25,Eco,13,911,149,True
Real_BTC,BTC,0.25,Eco,14,942,124,True
Real_BTC,BTC,0.25,Eco,15,973,96,True
Real_BTC,BTC,0.25,Eco,16,1003,67,True
Real_BTC,BTC,0.25,Eco,17,1034,-1,False
Real_BTC,BTC,0.25,Eco,18,1064,-1,False
Real_BTC,BTC,0.25,Eco,19,1095,487,True
Real_BTC,BTC,0.25,Eco,20,1126,445,True
Real_BTC,BTC,0.25,Eco,21,1154,403,True
Real_BTC,BTC,0.25,Eco,22,1185,353,True
Real_BTC,BTC,0.25,Eco,23,1215,356,True
Real_BTC,BTC,0.25,Eco,24,1246,305,True
Real_BTC,BTC,0.25,Eco,25,1276,280,True
Real_BTC,BTC,0.25,Eco,26,1307,275,True
Real_BTC,BTC,0.25,Eco,27,1338,244,True
Real_BTC,BTC,0.25,Eco,28,1368,187,True
Real_BTC,BTC,0.25,Eco,29,1399,152,True
Real_BTC,BTC,0.25,Eco,30,1429,122,True
Real_BTC,BTC,0.25,Eco,31,1460,91,True
Real_BTC,BTC,0.25,Eco,32,1491,74,True
Real_BTC,BTC,0.25,Eco,33,1519,69,True
Real_BTC,BTC,0.25,Eco,34,1550,55,True
Real_BTC,BTC,0.25,Eco,35,1580,56,True
Real_BTC,BTC,0.25,Eco,36,1611,211,True
Real_BTC,BTC,0.25,Eco,37,1641,225,True
Real_BTC,BTC,0.25,Eco,38,1672,280,True
Real_BTC,BTC,0.25,Eco,39,1703,272,True
Real_BTC,BTC,0.25,Eco,40,1733,231,True
Real_BTC,BTC,0.25,Eco,41,1764,234,True
Real_BTC,BTC,0.25,Eco,42,1794,191,True
Real_BTC,BTC,0.25,Eco,43,1825,189,True
Real_BTC,BTC,0.25,Eco,44,1856,175,True
Real_BTC,BTC,0.25,Eco,45,1885,143,True
Real_BTC,BTC,0.25,Eco,46,1916,117,True
Real_BTC,BTC,0.25,Eco,47,1946,172,True
Real_BTC,BTC,0.25,Eco,48,1977,155,True
Real_BTC,BTC,0.25,Eco,49,2007,127,True
Real_BTC,BTC,0.25,Eco,50,2038,137,True
Real_BTC,BTC,0.25,Eco,51,2069,104,True
Real_BTC,BTC,0.25,Eco,52,2099,76,True
Real_BTC,BTC,0.25,Eco,53,2130,66,True
Real_BTC,BTC,0.25,Eco,54,2160,82,True
Real_BTC,BTC,0.25,Eco,55,2191,245,True
Real_BTC,BTC,0.25,Eco,56,2222,250,True
Real_BTC,BTC,0.25,Eco,57,2250,-1,False
Real_BTC,BTC,0.25,Eco,58,2281,-1,False
Real_BTC,BTC,0.25,Eco,59,2311,-1,False
Real_BTC,BTC,0.25,Eco,60,2342,296,True
Real_BTC,BTC,0.25,Eco,61,2372,242,True
Real_BTC,BTC,0.25,Eco,62,2403,-1,False
Real_BTC,BTC,0.25,Eco,63,2434,-1,False
Real_BTC,BTC,0.25,Eco,64,2464,-1,False
Real_BTC,BTC,0.25,Eco,65,2495,-1,False
Real_BTC,BTC,0.25,Eco,66,2525,477,True
Real_BTC,BTC,0.25,Eco,67,2556,410,True
Real_BTC,BTC,0.25,Eco,68,2587,379,True
Real_BTC,BTC,0.25,Eco,69,2615,378,True
Real_BTC,BTC,0.25,Eco,70,2646,320,True
Real_BTC,BTC,0.25,Eco,71,2676,263,True
Real_BTC,BTC,0.25,Eco,72,2707,224,True
Real_BTC,BTC,0.25,Eco,73,2737,178,True
Real_BTC,BTC,0.25,Eco,74,2768,168,True
Real_BTC,BTC,0.25,Eco,75,2799,140,True
Real_BTC,BTC,0.25,Eco,76,2829,137,True
Real_BTC,BTC,0.25,Eco,77,2860,132,True
Real_BTC,BTC,0.25,Eco,78,2890,108,True
Real_BTC,BTC,0.25,Eco,79,2921,87,True
Real_BTC,BTC,0.25,Eco,80,2952,139,True
Real_BTC,BTC,0.25,Eco,81,2980,112,True
Real_BTC,BTC,0.25,Eco,82,3011,159,True
Real_BTC,BTC,0.25,Eco,83,3041,153,True
Real_BTC,BTC,0.25,Eco,84,3072,137,True
Real_BTC,BTC,0.25,Eco,85,3102,123,True
Real_BTC,BTC,0.25,Eco,86,3133,101,True
Real_BTC,BTC,0.25,Eco,87,3164,79,True
Real_BTC,BTC,0.25,Eco,88,3194,80,True
Real_BTC,BTC,0.25,Eco,89,3225,119,True
Real_BTC,BTC,0.25,Eco,90,3255,98,True
Real_BTC,BTC,0.25,Eco,91,3286,140,True
Real_BTC,BTC,0.25,Eco,92,3317,171,True
Real_BTC,BTC,0.25,Eco,93,3346,263,True
Real_BTC,BTC,0.25,Eco,94,3377,402,True
Real_BTC,BTC,0.25,Eco,95,3407,261,True
Real_BTC,BTC,0.25,Eco,96,3438,198,True
Real_BTC,BTC,0.25,Eco,97,3468,165,True
Real_BTC,BTC,0.25,Eco,98,3499,129,True
Real_BTC,BTC,0.25,Eco,99,3530,105,True
Real_BTC,BTC,0.25,Eco,100,3560,203,True
Real_BTC,BTC,0.25,Eco,101,3591,200,True
Real_BTC,BTC,0.25,Eco,102,3621,307,True
Real_BTC,BTC,0.25,Eco,103,3652,-1,False
Real_BTC,BTC,0.25,Eco,104,3683,-1,False
Real_BTC,BTC,0.25,Eco,105,3711,218,True
Real_BTC,BTC,0.34999999999999998,Concept,0,516,85,True
Real_BTC,BTC,0.34999999999999998,Concept,1,546,62,True
Real_BTC,BTC,0.34999999999999998,Concept,2,577,35,True
Real_BTC,BTC,0.34999999999999998,Concept,3,608,33,True
Real_BTC,BTC,0.34999999999999998,Concept,4,638,35,True
Real_BTC,BTC,0.34999999999999998,Concept,5,669,48,True
Real_BTC,BTC,0.34999999999999998,Concept,6,699,50,True
Real_BTC,BTC,0.34999999999999998,Concept,7,730,50,True
Real_BTC,BTC,0.34999999999999998,Concept,8,761,68,True
Real_BTC,BTC,0.34999999999999998,Concept,9,789,62,True
Real_BTC,BTC,0.34999999999999998,Concept,10,820,35,True
Real_BTC,BTC,0.34999999999999998,Concept,11,850,160,True
Real_BTC,BTC,0.34999999999999998,Concept,12,881,151,True
Real_BTC,BTC,0.34999999999999998,Concept,13,911,121,True
Real_BTC,BTC,0.34999999999999998,Concept,14,942,91,True
Real_BTC,BTC,0.34999999999999998,Concept,15,973,94,True
Real_BTC,BTC,0.34999999999999998,Concept,16,1003,67,True
Real_BTC,BTC,0.34999999999999998,Concept,17,1034,307,True
Real_BTC,BTC,0.34999999999999998,Concept,18,1064,287,True
Real_BTC,BTC,0.34999999999999998,Concept,19,1095,246,True
Real_BTC,BTC,0.34999999999999998,Concept,20,1126,215,True
Real_BTC,BTC,0.34999999999999998,Concept,21,1154,187,True
Real_BTC,BTC,0.34999999999999998,Concept,22,1185,156,True
Real_BTC,BTC,0.34999999999999998,Concept,23,1215,126,True
Real_BTC,BTC,0.34999999999999998,Concept,24,1246,105,True
Real_BTC,BTC,0.34999999999999998,Concept,25,1276,90,True
Real_BTC,BTC,0.34999999999999998,Concept,26,1307,63,True
Real_BTC,BTC,0.34999999999999998,Concept,27,1338,45,True
Real_BTC,BTC,0.34999999999999998,Concept,28,1368,33,True
Real_BTC,BTC,0.34999999999999998,Concept,29,1399,103,True
Real_BTC,BTC,0.34999999999999998,Concept,30,1429,74,True
Real_BTC,BTC,0.34999999999999998,Concept,31,1460,48,True
Real_BTC,BTC,0.34999999999999998,Concept,32,1491,38,True
Real_BTC,BTC,0.34999999999999998,Concept,33,1519,33,True
Real_BTC,BTC,0.34999999999999998,Concept,34,1550,40,True
Real_BTC,BTC,0.34999999999999998,Concept,35,1580,53,True
Real_BTC,BTC,0.34999999999999998,Concept,36,1611,134,True
Real_BTC,BTC,0.34999999999999998,Concept,37,1641,128,True
Real_BTC,BTC,0.34999999999999998,Concept,38,1672,149,True
Real_BTC,BTC,0.34999999999999998,Concept,39,1703,128,True
Real_BTC,BTC,0.34999999999999998,Concept,40,1733,118,True
Real_BTC,BTC,0.34999999999999998,Concept,41,1764,94,True
Real_BTC,BTC,0.34999999999999998,Concept,42,1794,67,True
Real_BTC,BTC,0.34999999999999998,Concept,43,1825,65,True
Real_BTC,BTC,0.34999999999999998,Concept,44,1856,88,True
Real_BTC,BTC,0.34999999999999998,Concept,45,1885,68,True
Real_BTC,BTC,0.34999999999999998,Concept,46,1916,58,True
Real_BTC,BTC,0.34999999999999998,Concept,47,1946,58,True
Real_BTC,BTC,0.34999999999999998,Concept,48,1977,37,True
Real_BTC,BTC,0.34999999999999998,Concept,49,2007,30,True
Real_BTC,BTC,0.34999999999999998,Concept,50,2038,70,True
Real_BTC,BTC,0.34999999999999998,Concept,51,2069,50,True
Real_BTC,BTC,0.34999999999999998,Concept,52,2099,36,True
Real_BTC,BTC,0.34999999999999998,Concept,53,2130,60,True
Real_BTC,BTC,0.34999999999999998,Concept,54,2160,101,True
Real_BTC,BTC,0.34999999999999998,Concept,55,2191,243,True
Real_BTC,BTC,0.34999999999999998,Concept,56,2222,215,True
Real_BTC,BTC,0.34999999999999998,Concept,57,2250,219,True
Real_BTC,BTC,0.34999999999999998,Concept,58,2281,193,True
Real_BTC,BTC,0.34999999999999998,Concept,59,2311,163,True
Real_BTC,BTC,0.34999999999999998,Concept,60,2342,132,True
Real_BTC,BTC,0.34999999999999998,Concept,61,2372,109,True
Real_BTC,BTC,0.34999999999999998,Concept,62,2403,100,True
Real_BTC,BTC,0.34999999999999998,Concept,63,2434,150,True
Real_BTC,BTC,0.34999999999999998,Concept,64,2464,123,True
Real_BTC,BTC,0.34999999999999998,Concept,65,2495,147,True
Real_BTC,BTC,0.34999999999999998,Concept,66,2525,117,True
Real_BTC,BTC,0.34999999999999998,Concept,67,2556,222,True
Real_BTC,BTC,0.34999999999999998,Concept,68,2587,205,True
Real_BTC,BTC,0.34999999999999998,Concept,69,2615,176,True
Real_BTC,BTC,0.34999999999999998,Concept,70,2646,157,True
Real_BTC,BTC,0.34999999999999998,Concept,71,2676,127,True
Real_BTC,BTC,0.34999999999999998,Concept,72,2707,96,True
Real_BTC,BTC,0.34999999999999998,Concept,73,2737,64,True
Real_BTC,BTC,0.34999999999999998,Concept,74,2768,65,True
Real_BTC,BTC,0.34999999999999998,Concept,75,2799,50,True
Real_BTC,BTC,0.34999999999999998,Concept,76,2829,58,True
Real_BTC,BTC,0.34999999999999998,Concept,77,2860,58,True
Real_BTC,BTC,0.34999999999999998,Concept,78,2890,38,True
Real_BTC,BTC,0.34999999999999998,Concept,79,2921,33,True
Real_BTC,BTC,0.34999999999999998,Concept,80,2952,70,True
Real_BTC,BTC,0.34999999999999998,Concept,81,2980,60,True
Real_BTC,BTC,0.34999999999999998,Concept,82,3011,73,True
Real_BTC,BTC,0.34999999999999998,Concept,83,3041,63,True
Real_BTC,BTC,0.34999999999999998,Concept,84,3072,49,True
Real_BTC,BTC,0.34999999999999998,Concept,85,3102,40,True
Real_BTC,BTC,0.34999999999999998,Concept,86,3133,47,True
Real_BTC,BTC,0.34999999999999998,Concept,87,3164,48,True
Real_BTC,BTC,0.34999999999999998,Concept,88,3194,40,True
Real_BTC,BTC,0.34999999999999998,Concept,89,3225,52,True
Real_BTC,BTC,0.34999999999999998,Concept,90,3255,70,True
Real_BTC,BTC,0.34999999999999998,Concept,91,3286,50,True
Real_BTC,BTC,0.34999999999999998,Concept,92,3317,165,True
Real_BTC,BTC,0.34999999999999998,Concept,93,3346,227,True
Real_BTC,BTC,0.34999999999999998,Concept,94,3377,222,True
Real_BTC,BTC,0.34999999999999998,Concept,95,3407,181,True
Real_BTC,BTC,0.34999999999999998,Concept,96,3438,138,True
Real_BTC,BTC,0.34999999999999998,Concept,97,3468,109,True
Real_BTC,BTC,0.34999999999999998,Concept,98,3499,90,True
Real_BTC,BTC,0.34999999999999998,Concept,99,3530,69,True
Real_BTC,BTC,0.34999999999999998,Concept,100,3560,71,True
Real_BTC,BTC,0.34999999999999998,Concept,101,3591,89,True
Real_BTC,BTC,0.34999999999999998,Concept,102,3621,140,True
Real_BTC,BTC,0.34999999999999998,Concept,103,3652,113,True
Real_BTC,BTC,0.34999999999999998,Concept,104,3683,98,True
Real_BTC,BTC,0.34999999999999998,Concept,105,3711,78,True
Real_BTC,BTC,0.34999999999999998,Eco,0,516,134,True
Real_BTC,BTC,0.34999999999999998,Eco,1,546,123,True
Real_BTC,BTC,0.34999999999999998,Eco,2,577,89,True
Real_BTC,BTC,0.34999999999999998,Eco,3,608,82,True
Real_BTC,BTC,0.34999999999999998,Eco,4,638,79,True
Real_BTC,BTC,0.34999999999999998,Eco,5,669,64,True
Real_BTC,BTC,0.34999999999999998,Eco,6,699,82,True
Real_BTC,BTC,0.34999999999999998,Eco,7,730,122,True
Real_BTC,BTC,0.34999999999999998,Eco,8,761,96,True
Real_BTC,BTC,0.34999999999999998,Eco,9,789,83,True
Real_BTC,BTC,0.34999999999999998,Eco,10,820,53,True
Real_BTC,BTC,0.34999999999999998,Eco,11,850,104,True
Real_BTC,BTC,0.34999999999999998,Eco,12,881,154,True
Real_BTC,BTC,0.34999999999999998,Eco,13,911,124,True
Real_BTC,BTC,0.34999999999999998,Eco,14,942,115,True
Real_BTC,BTC,0.34999999999999998,Eco,15,973,94,True
Real_BTC,BTC,0.34999999999999998,Eco,16,1003,66,True
Real_BTC,BTC,0.34999999999999998,Eco,17,1034,333,True
Real_BTC,BTC,0.34999999999999998,Eco,18,1064,444,True
Real_BTC,BTC,0.34999999999999998,Eco,19,1095,307,True
Real_BTC,BTC,0.34999999999999998,Eco,20,1126,245,True
Real_BTC,BTC,0.34999999999999998,Eco,21,1154,204,True
Real_BTC,BTC,0.34999999999999998,Eco,22,1185,152,True
Real_BTC,BTC,0.34999999999999998,Eco,23,1215,179,True
Real_BTC,BTC,0.34999999999999998,Eco,24,1246,143,True
Real_BTC,BTC,0.34999999999999998,Eco,25,1276,127,True
Real_BTC,BTC,0.34999999999999998,Eco,26,1307,193,True
Real_BTC,BTC,0.34999999999999998,Eco,27,1338,175,True
Real_BTC,BTC,0.34999999999999998,Eco,28,1368,153,True
Real_BTC,BTC,0.34999999999999998,Eco,29,1399,131,True
Real_BTC,BTC,0.34999999999999998,Eco,30,1429,103,True
Real_BTC,BTC,0.34999999999999998,Eco,31,1460,82,True
Real_BTC,BTC,0.34999999999999998,Eco,32,1491,60,True
Real_BTC,BTC,0.34999999999999998,Eco,33,1519,61,True
Real_BTC,BTC,0.34999999999999998,Eco,34,1550,42,True
Real_BTC,BTC,0.34999999999999998,Eco,35,1580,53,True
Real_BTC,BTC,0.34999999999999998,Eco,36,1611,109,True
Real_BTC,BTC,0.34999999999999998,Eco,37,1641,181,True
Real_BTC,BTC,0.34999999999999998,Eco,38,1672,159,True
Real_BTC,BTC,0.34999999999999998,Eco,39,1703,142,True
Real_BTC,BTC,0.34999999999999998,Eco,40,1733,119,True
Real_BTC,BTC,0.34999999999999998,Eco,41,1764,109,True
Real_BTC,BTC,0.34999999999999998,Eco,42,1794,95,True
Real_BTC,BTC,0.34999999999999998,Eco,43,1825,127,True
Real_BTC,BTC,0.34999999999999998,Eco,44,1856,136,True
Real_BTC,BTC,0.34999999999999998,Eco,45,1885,101,True
Real_BTC,BTC,0.34999999999999998,Eco,46,1916,90,True
Real_BTC,BTC,0.34999999999999998,Eco,47,1946,101,True
Real_BTC,BTC,0.34999999999999998,Eco,48,1977,117,True
Real_BTC,BTC,0.34999999999999998,Eco,49,2007,103,True
Real_BTC,BTC,0.34999999999999998,Eco,50,2038,101,True
Real_BTC,BTC,0.34999999999999998,Eco,51,2069,76,True
Real_BTC,BTC,0.34999999999999998,Eco,52,2099,60,True
Real_BTC,BTC,0.34999999999999998,Eco,53,2130,60,True
Real_BTC,BTC,0.34999999999999998,Eco,54,2160,72,True
Real_BTC,BTC,0.34999999999999998,Eco,55,2191,99,True
Real_BTC,BTC,0.34999999999999998,Eco,56,2222,176,True
Real_BTC,BTC,0.34999999999999998,Eco,57,2250,188,True
Real_BTC,BTC,0.34999999999999998,Eco,58,2281,197,True
Real_BTC,BTC,0.34999999999999998,Eco,59,2311,167,True
Real_BTC,BTC,0.34999999999999998,Eco,60,2342,127,True
Real_BTC,BTC,0.34999999999999998,Eco,61,2372,104,True
Real_BTC,BTC,0.34999999999999998,Eco,62,2403,211,True
Real_BTC,BTC,0.34999999999999998,Eco,63,2434,245,True
Real_BTC,BTC,0.34999999999999998,Eco,64,2464,209,True
Real_BTC,BTC,0.34999999999999998,Eco,65,2495,362,True
Real_BTC,BTC,0.34999999999999998,Eco,66,2525,329,True
Real_BTC,BTC,0.34999999999999998,Eco,67,2556,275,True
Real_BTC,BTC,0.34999999999999998,Eco,68,2587,258,True
Real_BTC,BTC,0.34999999999999998,Eco,69,2615,285,True
Real_BTC,BTC,0.34999999999999998,Eco,70,2646,251,True
Real_BTC,BTC,0.34999999999999998,Eco,71,2676,180,True
Real_BTC,BTC,0.34999999999999998,Eco,72,2707,144,True
Real_BTC,BTC,0.34999999999999998,Eco,73,2737,111,True
Real_BTC,BTC,0.34999999999999998,Eco,74,2768,134,True
Real_BTC,BTC,0.34999999999999998,Eco,75,2799,120,True
Real_BTC,BTC,0.34999999999999998,Eco,76,2829,105,True
Real_BTC,BTC,0.34999999999999998,Eco,77,2860,89,True
Real_BTC,BTC,0.34999999999999998,Eco,78,2890,79,True
Real_BTC,BTC,0.34999999999999998,Eco,79,2921,74,True
Real_BTC,BTC,0.34999999999999998,Eco,80,2952,88,True
Real_BTC,BTC,0.34999999999999998,Eco,81,2980,88,True
Real_BTC,BTC,0.34999999999999998,Eco,82,3011,97,True
Real_BTC,BTC,0.34999999999999998,Eco,83,3041,99,True
Real_BTC,BTC,0.34999999999999998,Eco,84,3072,104,True
Real_BTC,BTC,0.34999999999999998,Eco,85,3102,106,True
Real_BTC,BTC,0.34999999999999998,Eco,86,3133,83,True
Real_BTC,BTC,0.34999999999999998,Eco,87,3164,64,True
Real_BTC,BTC,0.34999999999999998,Eco,88,3194,62,True
Real_BTC,BTC,0.34999999999999998,Eco,89,3225,101,True
Real_BTC,BTC,0.34999999999999998,Eco,90,3255,88,True
Real_BTC,BTC,0.34999999999999998,Eco,91,3286,69,True
Real_BTC,BTC,0.34999999999999998,Eco,92,3317,104,True
Real_BTC,BTC,0.34999999999999998,Eco,93,3346,201,True
Real_BTC,BTC,0.34999999999999998,Eco,94,3377,219,True
Real_BTC,BTC,0.34999999999999998,Eco,95,3407,181,True
Real_BTC,BTC,0.34999999999999998,Eco,96,3438,162,True
Real_BTC,BTC,0.34999999999999998,Eco,97,3468,131,True
Real_BTC,BTC,0.34999999999999998,Eco,98,3499,102,True
Real_BTC,BTC,0.34999999999999998,Eco,99,3530,79,True
Real_BTC,BTC,0.34999999999999998,Eco,100,3560,76,True
Real_BTC,BTC,0.34999999999999998,Eco,101,3591,143,True
Real_BTC,BTC,0.34999999999999998,Eco,102,3621,171,True
Real_BTC,BTC,0.34999999999999998,Eco,103,3652,174,True
Real_BTC,BTC,0.34999999999999998,Eco,104,3683,159,True
Real_BTC,BTC,0.34999999999999998,Eco,105,3711,130,True
Real_BTC,BTC,0.5,Concept,0,516,68,True
Real_BTC,BTC,0.5,Concept,1,546,52,True
Real_BTC,BTC,0.5,Concept,2,577,35,True
Real_BTC,BTC,0.5,Concept,3,608,33,True
Real_BTC,BTC,0.5,Concept,4,638,28,True
Real_BTC,BTC,0.5,Concept,5,669,38,True
Real_BTC,BTC,0.5,Concept,6,699,33,True
Real_BTC,BTC,0.5,Concept,7,730,45,True
Real_BTC,BTC,0.5,Concept,8,761,60,True
Real_BTC,BTC,0.5,Concept,9,789,58,True
Real_BTC,BTC,0.5,Concept,10,820,33,True
Real_BTC,BTC,0.5,Concept,11,850,120,True
Real_BTC,BTC,0.5,Concept,12,881,131,True
Real_BTC,BTC,0.5,Concept,13,911,101,True
Real_BTC,BTC,0.5,Concept,14,942,69,True
Real_BTC,BTC,0.5,Concept,15,973,64,True
Real_BTC,BTC,0.5,Concept,16,1003,64,True
Real_BTC,BTC,0.5,Concept,17,1034,245,True
Real_BTC,BTC,0.5,Concept,18,1064,217,True
Real_BTC,BTC,0.5,Concept,19,1095,186,True
Real_BTC,BTC,0.5,Concept,20,1126,150,True
Real_BTC,BTC,0.5,Concept,21,1154,122,True
Real_BTC,BTC,0.5,Concept,22,1185,91,True
Real_BTC,BTC,0.5,Concept,23,1215,75,True
Real_BTC,BTC,0.5,Concept,24,1246,53,True
Real_BTC,BTC,0.5,Concept,25,1276,58,True
Real_BTC,BTC,0.5,Concept,26,1307,53,True
Real_BTC,BTC,0.5,Concept,27,1338,43,True
Real_BTC,BTC,0.5,Concept,28,1368,33,True
Real_BTC,BTC,0.5,Concept,29,1399,90,True
Real_BTC,BTC,0.5,Concept,30,1429,66,True
Real_BTC,BTC,0.5,Concept,31,1460,40,True
Real_BTC,BTC,0.5,Concept,32,1491,30,True
Real_BTC,BTC,0.5,Concept,33,1519,30,True
Real_BTC,BTC,0.5,Concept,34,1550,33,True
Real_BTC,BTC,0.5,Concept,35,1580,53,True
Real_BTC,BTC,0.5,Concept,36,1611,94,True
Real_BTC,BTC,0.5,Concept,37,1641,79,True
Real_BTC,BTC,0.5,Concept,38,1672,65,True
Real_BTC,BTC,0.5,Concept,39,1703,63,True
Real_BTC,BTC,0.5,Concept,40,1733,88,True
Real_BTC,BTC,0.5,Concept,41,1764,73,True
Real_BTC,BTC,0.5,Concept,42,1794,51,True
Real_BTC,BTC,0.5,Concept,43,1825,42,True
Real_BTC,BTC,0.5,Concept,44,1856,78,True
Real_BTC,BTC,0.5,Concept,45,1885,63,True
Real_BTC,BTC,0.5,Concept,46,1916,35,True
Real_BTC,BTC,0.5,Concept,47,1946,50,True
Real_BTC,BTC,0.5,Concept,48,1977,35,True
Real_BTC,BTC,0.5,Concept,49,2007,28,True
Real_BTC,BTC,0.5,Concept,50,2038,50,True
Real_BTC,BTC,0.5,Concept,51,2069,40,True
Real_BTC,BTC,0.5,Concept,52,2099,30,True
Real_BTC,BTC,0.5,Concept,53,2130,43,True
Real_BTC,BTC,0.5,Concept,54,2160,56,True
Real_BTC,BTC,0.5,Concept,55,2191,70,True
Real_BTC,BTC,0.5,Concept,56,2222,58,True
Real_BTC,BTC,0.5,Concept,57,2250,114,True
Real_BTC,BTC,0.5,Concept,58,2281,130,True
Real_BTC,BTC,0.5,Concept,59,2311,112,True
Real_BTC,BTC,0.5,Concept,60,2342,82,True
Real_BTC,BTC,0.5,Concept,61,2372,64,True
Real_BTC,BTC,0.5,Concept,62,2403,78,True
Real_BTC,BTC,0.5,Concept,63,2434,68,True
Real_BTC,BTC,0.5,Concept,64,2464,75,True
Real_BTC,BTC,0.5,Concept,65,2495,95,True
Real_BTC,BTC,0.5,Concept,66,2525,77,True
Real_BTC,BTC,0.5,Concept,67,2556,85,True
Real_BTC,BTC,0.5,Concept,68,2587,117,True
Real_BTC,BTC,0.5,Concept,69,2615,129,True
Real_BTC,BTC,0.5,Concept,70,2646,125,True
Real_BTC,BTC,0.5,Concept,71,2676,99,True
Real_BTC,BTC,0.5,Concept,72,2707,73,True
Real_BTC,BTC,0.5,Concept,73,2737,41,True
Real_BTC,BTC,0.5,Concept,74,2768,55,True
Real_BTC,BTC,0.5,Concept,75,2799,43,True
Real_BTC,BTC,0.5,Concept,76,2829,33,True
Real_BTC,BTC,0.5,Concept,77,2860,43,True
Real_BTC,BTC,0.5,Concept,78,2890,35,True
Real_BTC,BTC,0.5,Concept,79,2921,33,True
Real_BTC,BTC,0.5,Concept,80,2952,43,True
Real_BTC,BTC,0.5,Concept,81,2980,43,True
Real_BTC,BTC,0.5,Concept,82,3011,50,True
Real_BTC,BTC,0.5,Concept,83,3041,54,True
Real_BTC,BTC,0.5,Concept,84,3072,45,True
Real_BTC,BTC,0.5,Concept,85,3102,38,True
Real_BTC,BTC,0.5,Concept,86,3133,40,True
Real_BTC,BTC,0.5,Concept,87,3164,35,True
Real_BTC,BTC,0.5,Concept,88,3194,32,True
Real_BTC,BTC,0.5,Concept,89,3225,42,True
Real_BTC,BTC,0.5,Concept,90,3255,58,True
Real_BTC,BTC,0.5,Concept,91,3286,43,True
Real_BTC,BTC,0.5,Concept,92,3317,30,True
Real_BTC,BTC,0.5,Concept,93,3346,108,True
Real_BTC,BTC,0.5,Concept,94,3377,110,True
Real_BTC,BTC,0.5,Concept,95,3407,143,True
Real_BTC,BTC,0.5,Concept,96,3438,113,True
Real_BTC,BTC,0.5,Concept,97,3468,97,True
Real_BTC,BTC,0.5,Concept,98,3499,78,True
Real_BTC,BTC,0.5,Concept,99,3530,49,True
Real_BTC,BTC,0.5,Concept,100,3560,46,True
Real_BTC,BTC,0.5,Concept,101,3591,63,True
Real_BTC,BTC,0.5,Concept,102,3621,115,True
Real_BTC,BTC,0.5,Concept,103,3652,110,True
Real_BTC,BTC,0.5,Concept,104,3683,88,True
Real_BTC,BTC,0.5,Concept,105,3711,68,True
Real_BTC,BTC,0.5,Eco,0,516,97,True
Real_BTC,BTC,0.5,Eco,1,546,98,True
Real_BTC,BTC,0.5,Eco,2,577,70,True
Real_BTC,BTC,0.5,Eco,3,608,56,True
Real_BTC,BTC,0.5,Eco,4,638,60,True
Real_BTC,BTC,0.5,Eco,5,669,56,True
Real_BTC,BTC,0.5,Eco,6,699,63,True
Real_BTC,BTC,0.5,Eco,7,730,109,True
Real_BTC,BTC,0.5,Eco,8,761,85,True
Real_BTC,BTC,0.5,Eco,9,789,78,True
Real_BTC,BTC,0.5,Eco,10,820,49,True
Real_BTC,BTC,0.5,Eco,11,850,91,True
Real_BTC,BTC,0.5,Eco,12,881,133,True
Real_BTC,BTC,0.5,Eco,13,911,103,True
Real_BTC,BTC,0.5,Eco,14,942,89,True
Real_BTC,BTC,0.5,Eco,15,973,86,True
Real_BTC,BTC,0.5,Eco,16,1003,61,True
Real_BTC,BTC,0.5,Eco,17,1034,174,True
Real_BTC,BTC,0.5,Eco,18,1064,229,True
Real_BTC,BTC,0.5,Eco,19,1095,196,True
Real_BTC,BTC,0.5,Eco,20,1126,149,True
Real_BTC,BTC,0.5,Eco,21,1154,128,True
Real_BTC,BTC,0.5,Eco,22,1185,94,True
Real_BTC,BTC,0.5,Eco,23,1215,108,True
Real_BTC,BTC,0.5,Eco,24,1246,88,True
Real_BTC,BTC,0.5,Eco,25,1276,81,True
Real_BTC,BTC,0.5,Eco,26,1307,82,True
Real_BTC,BTC,0.5,Eco,27,1338,110,True
Real_BTC,BTC,0.5,Eco,28,1368,97,True
Real_BTC,BTC,0.5,Eco,29,1399,99,True
Real_BTC,BTC,0.5,Eco,30,1429,78,True
Real_BTC,BTC,0.5,Eco,31,1460,63,True
Real_BTC,BTC,0.5,Eco,32,1491,51,True
Real_BTC,BTC,0.5,Eco,33,1519,46,True
Real_BTC,BTC,0.5,Eco,34,1550,40,True
Real_BTC,BTC,0.5,Eco,35,1580,49,True
Real_BTC,BTC,0.5,Eco,36,1611,79,True
Real_BTC,BTC,0.5,Eco,37,1641,111,True
Real_BTC,BTC,0.5,Eco,38,1672,92,True
Real_BTC,BTC,0.5,Eco,39,1703,103,True
Real_BTC,BTC,0.5,Eco,40,1733,89,True
Real_BTC,BTC,0.5,Eco,41,1764,86,True
Real_BTC,BTC,0.5,Eco,42,1794,64,True
Real_BTC,BTC,0.5,Eco,43,1825,64,True
Real_BTC,BTC,0.5,Eco,44,1856,107,True
Real_BTC,BTC,0.5,Eco,45,1885,77,True
Real_BTC,BTC,0.5,Eco,46,1916,61,True
Real_BTC,BTC,0.5,Eco,47,1946,79,True
Real_BTC,BTC,0.5,Eco,48,1977,66,True
Real_BTC,BTC,0.5,Eco,49,2007,73,True
Real_BTC,BTC,0.5,Eco,50,2038,79,True
Real_BTC,BTC,0.5,Eco,51,2069,62,True
Real_BTC,BTC,0.5,Eco,52,2099,47,True
Real_BTC,BTC,0.5,Eco,53,2130,53,True
Real_BTC,BTC,0.5,Eco,54,2160,64,True
Real_BTC,BTC,0.5,Eco,55,2191,69,True
Real_BTC,BTC,0.5,Eco,56,2222,68,True
Real_BTC,BTC,0.5,Eco,57,2250,142,True
Real_BTC,BTC,0.5,Eco,58,2281,134,True
Real_BTC,BTC,0.5,Eco,59,2311,118,True
Real_BTC,BTC,0.5,Eco,60,2342,83,True
Real_BTC,BTC,0.5,Eco,61,2372,67,True
Real_BTC,BTC,0.5,Eco,62,2403,79,True
Real_BTC,BTC,0.5,Eco,63,2434,113,True
Real_BTC,BTC,0.5,Eco,64,2464,109,True
Real_BTC,BTC,0.5,Eco,65,2495,138,True
Real_BTC,BTC,0.5,Eco,66,2525,116,True
Real_BTC,BTC,0.5,Eco,67,2556,107,True
Real_BTC,BTC,0.5,Eco,68,2587,117,True
Real_BTC,BTC,0.5,Eco,69,2615,148,True
Real_BTC,BTC,0.5,Eco,70,2646,152,True
Real_BTC,BTC,0.5,Eco,71,2676,130,True
Real_BTC,BTC,0.5,Eco,72,2707,100,True
Real_BTC,BTC,0.5,Eco,73,2737,70,True
Real_BTC,BTC,0.5,Eco,74,2768,83,True
Real_BTC,BTC,0.5,Eco,75,2799,83,True
Real_BTC,BTC,0.5,Eco,76,2829,83,True
Real_BTC,BTC,0.5,Eco,77,2860,73,True
Real_BTC,BTC,0.5,Eco,78,2890,58,True
Real_BTC,BTC,0.5,Eco,79,2921,48,True
Real_BTC,BTC,0.5,Eco,80,2952,64,True
Real_BTC,BTC,0.5,Eco,81,2980,60,True
Real_BTC,BTC,0.5,Eco,82,3011,76,True
Real_BTC,BTC,0.5,Eco,83,3041,68,True
Real_BTC,BTC,0.5,Eco,84,3072,66,True
Real_BTC,BTC,0.5,Eco,85,3102,74,True
Real_BTC,BTC,0.5,Eco,86,3133,68,True
Real_BTC,BTC,0.5,Eco,87,3164,52,True
Real_BTC,BTC,0.5,Eco,88,3194,45,True
Real_BTC,BTC,0.5,Eco,89,3225,67,True
Real_BTC,BTC,0.5,Eco,90,3255,70,True
Real_BTC,BTC,0.5,Eco,91,3286,58,True
Real_BTC,BTC,0.5,Eco,92,3317,39,True
Real_BTC,BTC,0.5,Eco,93,3346,94,True
Real_BTC,BTC,0.5,Eco,94,3377,144,True
Real_BTC,BTC,0.5,Eco,95,3407,114,True
Real_BTC,BTC,0.5,Eco,96,3438,118,True
Real_BTC,BTC,0.5,Eco,97,3468,103,True
Real_BTC,BTC,0.5,Eco,98,3499,84,True
Real_BTC,BTC,0.5,Eco,99,3530,66,True
Real_BTC,BTC,0.5,Eco,100,3560,54,True
Real_BTC,BTC,0.5,Eco,101,3591,74,True
Real_BTC,BTC,0.5,Eco,102,3621,116,True
Real_BTC,BTC,0.5,Eco,103,3652,111,True
Real_BTC,BTC,0.5,Eco,104,3683,106,True
Real_BTC,BTC,0.5,Eco,105,3711,80,True
Real_BTC,BTC,0.59999999999999998,Concept,0,516,55,True
Real_BTC,BTC,0.59999999999999998,Concept,1,546,49,True
Real_BTC,BTC,0.59999999999999998,Concept,2,577,35,True
Real_BTC,BTC,0.59999999999999998,Concept,3,608,33,True
Real_BTC,BTC,0.59999999999999998,Concept,4,638,28,True
Real_BTC,BTC,0.59999999999999998,Concept,5,669,38,True
Real_BTC,BTC,0.59999999999999998,Concept,6,699,33,True
Real_BTC,BTC,0.59999999999999998,Concept,7,730,45,True
Real_BTC,BTC,0.59999999999999998,Concept,8,761,55,True
Real_BTC,BTC,0.59999999999999998,Concept,9,789,55,True
Real_BTC,BTC,0.59999999999999998,Concept,10,820,33,True
Real_BTC,BTC,0.59999999999999998,Concept,11,850,105,True
Real_BTC,BTC,0.59999999999999998,Concept,12,881,123,True
Real_BTC,BTC,0.59999999999999998,Concept,13,911,99,True
Real_BTC,BTC,0.59999999999999998,Concept,14,942,69,True
Real_BTC,BTC,0.59999999999999998,Concept,15,973,64,True
Real_BTC,BTC,0.59999999999999998,Concept,16,1003,59,True
Real_BTC,BTC,0.59999999999999998,Concept,17,1034,180,True
Real_BTC,BTC,0.59999999999999998,Concept,18,1064,188,True
Real_BTC,BTC,0.59999999999999998,Concept,19,1095,146,True
Real_BTC,BTC,0.59999999999999998,Concept,20,1126,115,True
Real_BTC,BTC,0.59999999999999998,Concept,21,1154,93,True
Real_BTC,BTC,0.59999999999999998,Concept,22,1185,63,True
Real_BTC,BTC,0.59999999999999998,Concept,23,1215,68,True
Real_BTC,BTC,0.59999999999999998,Concept,24,1246,53,True
Real_BTC,BTC,0.59999999999999998,Concept,25,1276,55,True
Real_BTC,BTC,0.59999999999999998,Concept,26,1307,53,True
Real_BTC,BTC,0.59999999999999998,Concept,27,1338,38,True
Real_BTC,BTC,0.59999999999999998,Concept,28,1368,30,True
Real_BTC,BTC,0.59999999999999998,Concept,29,1399,83,True
Real_BTC,BTC,0.59999999999999998,Concept,30,1429,62,True
Real_BTC,BTC,0.59999999999999998,Concept,31,1460,40,True
Real_BTC,BTC,0.59999999999999998,Concept,32,1491,30,True
Real_BTC,BTC,0.59999999999999998,Concept,33,1519,28,True
Real_BTC,BTC,0.59999999999999998,Concept,34,1550,33,True
Real_BTC,BTC,0.59999999999999998,Concept,35,1580,53,True
Real_BTC,BTC,0.59999999999999998,Concept,36,1611,79,True
Real_BTC,BTC,0.59999999999999998,Concept,37,1641,76,True
Real_BTC,BTC,0.59999999999999998,Concept,38,1672,60,True
Real_BTC,BTC,0.59999999999999998,Concept,39,1703,48,True
Real_BTC,BTC,0.59999999999999998,Concept,40,1733,65,True
Real_BTC,BTC,0.59999999999999998,Concept,41,1764,60,True
Real_BTC,BTC,0.59999999999999998,Concept,42,1794,43,True
Real_BTC,BTC,0.59999999999999998,Concept,43,1825,37,True
Real_BTC,BTC,0.59999999999999998,Concept,44,1856,73,True
Real_BTC,BTC,0.59999999999999998,Concept,45,1885,60,True
Real_BTC,BTC,0.59999999999999998,Concept,46,1916,35,True
Real_BTC,BTC,0.59999999999999998,Concept,47,1946,48,True
Real_BTC,BTC,0.59999999999999998,Concept,48,1977,35,True
Real_BTC,BTC,0.59999999999999998,Concept,49,2007,28,True
Real_BTC,BTC,0.59999999999999998,Concept,50,2038,45,True
Real_BTC,BTC,0.59999999999999998,Concept,51,2069,38,True
Real_BTC,BTC,0.59999999999999998,Concept,52,2099,30,True
Real_BTC,BTC,0.59999999999999998,Concept,53,2130,40,True
Real_BTC,BTC,0.59999999999999998,Concept,54,2160,56,True
Real_BTC,BTC,0.59999999999999998,Concept,55,2191,68,True
Real_BTC,BTC,0.59999999999999998,Concept,56,2222,55,True
Real_BTC,BTC,0.59999999999999998,Concept,57,2250,57,True
Real_BTC,BTC,0.59999999999999998,Concept,58,2281,108,True
Real_BTC,BTC,0.59999999999999998,Concept,59,2311,98,True
Real_BTC,BTC,0.59999999999999998,Concept,60,2342,75,True
Real_BTC,BTC,0.59999999999999998,Concept,61,2372,59,True
Real_BTC,BTC,0.59999999999999998,Concept,62,2403,71,True
Real_BTC,BTC,0.59999999999999998,Concept,63,2434,68,True
Real_BTC,BTC,0.59999999999999998,Concept,64,2464,68,True
Real_BTC,BTC,0.59999999999999998,Concept,65,2495,75,True
Real_BTC,BTC,0.59999999999999998,Concept,66,2525,67,True
Real_BTC,BTC,0.59999999999999998,Concept,67,2556,75,True
Real_BTC,BTC,0.59999999999999998,Concept,68,2587,62,True
Real_BTC,BTC,0.59999999999999998,Concept,69,2615,64,True
Real_BTC,BTC,0.59999999999999998,Concept,70,2646,110,True
Real_BTC,BTC,0.59999999999999998,Concept,71,2676,93,True
Real_BTC,BTC,0.59999999999999998,Concept,72,2707,61,True
Real_BTC,BTC,0.59999999999999998,Concept,73,2737,41,True
Real_BTC,BTC,0.59999999999999998,Concept,74,2768,40,True
Real_BTC,BTC,0.59999999999999998,Concept,75,2799,40,True
Real_BTC,BTC,0.59999999999999998,Concept,76,2829,30,True
Real_BTC,BTC,0.59999999999999998,Concept,77,2860,43,True
Real_BTC,BTC,0.59999999999999998,Concept,78,2890,33,True
Real_BTC,BTC,0.59999999999999998,Concept,79,2921,33,True
Real_BTC,BTC,0.59999999999999998,Concept,80,2952,43,True
Real_BTC,BTC,0.59999999999999998,Concept,81,2980,43,True
Real_BTC,BTC,0.59999999999999998,Concept,82,3011,45,True
Real_BTC,BTC,0.59999999999999998,Concept,83,3041,51,True
Real_BTC,BTC,0.59999999999999998,Concept,84,3072,40,True
Real_BTC,BTC,0.59999999999999998,Concept,85,3102,35,True
Real_BTC,BTC,0.59999999999999998,Concept,86,3133,35,True
Real_BTC,BTC,0.59999999999999998,Concept,87,3164,33,True
Real_BTC,BTC,0.59999999999999998,Concept,88,3194,30,True
Real_BTC,BTC,0.59999999999999998,Concept,89,3225,35,True
Real_BTC,BTC,0.59999999999999998,Concept,90,3255,58,True
Real_BTC,BTC,0.59999999999999998,Concept,91,3286,43,True
Real_BTC,BTC,0.59999999999999998,Concept,92,3317,30,True
Real_BTC,BTC,0.59999999999999998,Concept,93,3346,80,True
Real_BTC,BTC,0.59999999999999998,Concept,94,3377,77,True
Real_BTC,BTC,0.59999999999999998,Concept,95,3407,76,True
Real_BTC,BTC,0.59999999999999998,Concept,96,3438,85,True
Real_BTC,BTC,0.59999999999999998,Concept,97,3468,82,True
Real_BTC,BTC,0.59999999999999998,Concept,98,3499,72,True
Real_BTC,BTC,0.59999999999999998,Concept,99,3530,46,True
Real_BTC,BTC,0.59999999999999998,Concept,100,3560,39,True
Real_BTC,BTC,0.59999999999999998,Concept,101,3591,40,True
Real_BTC,BTC,0.59999999999999998,Concept,102,3621,75,True
Real_BTC,BTC,0.59999999999999998,Concept,103,3652,85,True
Real_BTC,BTC,0.59999999999999998,Concept,104,3683,82,True
Real_BTC,BTC,0.59999999999999998,Concept,105,3711,68,True
Real_BTC,BTC,0.59999999999999998,Eco,0,516,86,True
Real_BTC,BTC,0.59999999999999998,Eco,1,546,84,True
Real_BTC,BTC,0.59999999999999998,Eco,2,577,60,True
Real_BTC,BTC,0.59999999999999998,Eco,3,608,51,True
Real_BTC,BTC,0.59999999999999998,Eco,4,638,49,True
Real_BTC,BTC,0.59999999999999998,Eco,5,669,51,True
Real_BTC,BTC,0.59999999999999998,Eco,6,699,60,True
Real_BTC,BTC,0.59999999999999998,Eco,7,730,95,True
Real_BTC,BTC,0.59999999999999998,Eco,8,761,78,True
Real_BTC,BTC,0.59999999999999998,Eco,9,789,68,True
Real_BTC,BTC,0.59999999999999998,Eco,10,820,47,True
Real_BTC,BTC,0.59999999999999998,Eco,11,850,63,True
Real_BTC,BTC,0.59999999999999998,Eco,12,881,91,True
Real_BTC,BTC,0.59999999999999998,Eco,13,911,102,True
Real_BTC,BTC,0.59999999999999998,Eco,14,942,79,True
Real_BTC,BTC,0.59999999999999998,Eco,15,973,80,True
Real_BTC,BTC,0.59999999999999998,Eco,16,1003,56,True
Real_BTC,BTC,0.59999999999999998,Eco,17,1034,162,True
Real_BTC,BTC,0.59999999999999998,Eco,18,1064,179,True
Real_BTC,BTC,0.59999999999999998,Eco,19,1095,151,True
Real_BTC,BTC,0.59999999999999998,Eco,20,1126,107,True
Real_BTC,BTC,0.59999999999999998,Eco,21,1154,94,True
Real_BTC,BTC,0.59999999999999998,Eco,22,1185,67,True
Real_BTC,BTC,0.59999999999999998,Eco,23,1215,77,True
Real_BTC,BTC,0.59999999999999998,Eco,24,1246,77,True
Real_BTC,BTC,0.59999999999999998,Eco,25,1276,63,True
Real_BTC,BTC,0.59999999999999998,Eco,26,1307,68,True
Real_BTC,BTC,0.59999999999999998,Eco,27,1338,62,True
Real_BTC,BTC,0.59999999999999998,Eco,28,1368,78,True
Real_BTC,BTC,0.59999999999999998,Eco,29,1399,81,True
Real_BTC,BTC,0.59999999999999998,Eco,30,1429,69,True
Real_BTC,BTC,0.59999999999999998,Eco,31,1460,53,True
Real_BTC,BTC,0.59999999999999998,Eco,32,1491,45,True
Real_BTC,BTC,0.59999999999999998,Eco,33,1519,38,True
Real_BTC,BTC,0.59999999999999998,Eco,34,1550,38,True
Real_BTC,BTC,0.59999999999999998,Eco,35,1580,45,True
Real_BTC,BTC,0.59999999999999998,Eco,36,1611,65,True
Real_BTC,BTC,0.59999999999999998,Eco,37,1641,80,True
Real_BTC,BTC,0.59999999999999998,Eco,38,1672,80,True
Real_BTC,BTC,0.59999999999999998,Eco,39,1703,74,True
Real_BTC,BTC,0.59999999999999998,Eco,40,1733,75,True
Real_BTC,BTC,0.59999999999999998,Eco,41,1764,72,True
Real_BTC,BTC,0.59999999999999998,Eco,42,1794,57,True
Real_BTC,BTC,0.59999999999999998,Eco,43,1825,48,True
Real_BTC,BTC,0.59999999999999998,Eco,44,1856,95,True
Real_BTC,BTC,0.59999999999999998,Eco,45,1885,67,True
Real_BTC,BTC,0.59999999999999998,Eco,46,1916,56,True
Real_BTC,BTC,0.59999999999999998,Eco,47,1946,66,True
Real_BTC,BTC,0.59999999999999998,Eco,48,1977,56,True
Real_BTC,BTC,0.59999999999999998,Eco,49,2007,54,True
Real_BTC,BTC,0.59999999999999998,Eco,50,2038,68,True
Real_BTC,BTC,0.59999999999999998,Eco,51,2069,54,True
Real_BTC,BTC,0.59999999999999998,Eco,52,2099,43,True
Real_BTC,BTC,0.59999999999999998,Eco,53,2130,46,True
Real_BTC,BTC,0.59999999999999998,Eco,54,2160,58,True
Real_BTC,BTC,0.59999999999999998,Eco,55,2191,65,True
Real_BTC,BTC,0.59999999999999998,Eco,56,2222,57,True
Real_BTC,BTC,0.59999999999999998,Eco,57,2250,68,True
Real_BTC,BTC,0.59999999999999998,Eco,58,2281,116,True
Real_BTC,BTC,0.59999999999999998,Eco,59,2311,102,True
Real_BTC,BTC,0.59999999999999998,Eco,60,2342,73,True
Real_BTC,BTC,0.59999999999999998,Eco,61,2372,59,True
Real_BTC,BTC,0.59999999999999998,Eco,62,2403,69,True
Real_BTC,BTC,0.59999999999999998,Eco,63,2434,68,True
Real_BTC,BTC,0.59999999999999998,Eco,64,2464,81,True
Real_BTC,BTC,0.59999999999999998,Eco,65,2495,99,True
Real_BTC,BTC,0.59999999999999998,Eco,66,2525,90,True
Real_BTC,BTC,0.59999999999999998,Eco,67,2556,82,True
Real_BTC,BTC,0.59999999999999998,Eco,68,2587,76,True
Real_BTC,BTC,0.59999999999999998,Eco,69,2615,97,True
Real_BTC,BTC,0.59999999999999998,Eco,70,2646,114,True
Real_BTC,BTC,0.59999999999999998,Eco,71,2676,98,True
Real_BTC,BTC,0.59999999999999998,Eco,72,2707,78,True
Real_BTC,BTC,0.59999999999999998,Eco,73,2737,62,True
Real_BTC,BTC,0.59999999999999998,Eco,74,2768,69,True
Real_BTC,BTC,0.59999999999999998,Eco,75,2799,57,True
Real_BTC,BTC,0.59999999999999998,Eco,76,2829,68,True
Real_BTC,BTC,0.59999999999999998,Eco,77,2860,69,True
Real_BTC,BTC,0.59999999999999998,Eco,78,2890,50,True
Real_BTC,BTC,0.59999999999999998,Eco,79,2921,45,True
Real_BTC,BTC,0.59999999999999998,Eco,80,2952,56,True
Real_BTC,BTC,0.59999999999999998,Eco,81,2980,54,True
Real_BTC,BTC,0.59999999999999998,Eco,82,3011,59,True
Real_BTC,BTC,0.59999999999999998,Eco,83,3041,57,True
Real_BTC,BTC,0.59999999999999998,Eco,84,3072,55,True
Real_BTC,BTC,0.59999999999999998,Eco,85,3102,59,True
Real_BTC,BTC,0.59999999999999998,Eco,86,3133,60,True
Real_BTC,BTC,0.59999999999999998,Eco,87,3164,49,True
Real_BTC,BTC,0.59999999999999998,Eco,88,3194,41,True
Real_BTC,BTC,0.59999999999999998,Eco,89,3225,54,True
Real_BTC,BTC,0.59999999999999998,Eco,90,3255,63,True
Real_BTC,BTC,0.59999999999999998,Eco,91,3286,56,True
Real_BTC,BTC,0.59999999999999998,Eco,92,3317,36,True
Real_BTC,BTC,0.59999999999999998,Eco,93,3346,78,True
Real_BTC,BTC,0.59999999999999998,Eco,94,3377,104,True
Real_BTC,BTC,0.59999999999999998,Eco,95,3407,79,True
Real_BTC,BTC,0.59999999999999998,Eco,96,3438,103,True
Real_BTC,BTC,0.59999999999999998,Eco,97,3468,83,True
Real_BTC,BTC,0.59999999999999998,Eco,98,3499,74,True
Real_BTC,BTC,0.59999999999999998,Eco,99,3530,58,True
Real_BTC,BTC,0.59999999999999998,Eco,100,3560,49,True
Real_BTC,BTC,0.59999999999999998,Eco,101,3591,62,True
Real_BTC,BTC,0.59999999999999998,Eco,102,3621,80,True
Real_BTC,BTC,0.59999999999999998,Eco,103,3652,93,True
Real_BTC,BTC,0.59999999999999998,Eco,104,3683,89,True
Real_BTC,BTC,0.59999999999999998,Eco,105,3711,68,True
Real_BTC,BTC,0.75,Concept,0,516,50,True
Real_BTC,BTC,0.75,Concept,1,546,48,True
Real_BTC,BTC,0.75,Concept,2,577,32,True
Real_BTC,BTC,0.75,Concept,3,608,30,True
Real_BTC,BTC,0.75,Concept,4,638,28,True
Real_BTC,BTC,0.75,Concept,5,669,33,True
Real_BTC,BTC,0.75,Concept,6,699,30,True
Real_BTC,BTC,0.75,Concept,7,730,43,True
Real_BTC,BTC,0.75,Concept,8,761,33,True
Real_BTC,BTC,0.75,Concept,9,789,50,True
Real_BTC,BTC,0.75,Concept,10,820,30,True
Real_BTC,BTC,0.75,Concept,11,850,63,True
Real_BTC,BTC,0.75,Concept,12,881,88,True
Real_BTC,BTC,0.75,Concept,13,911,93,True
Real_BTC,BTC,0.75,Concept,14,942,61,True
Real_BTC,BTC,0.75,Concept,15,973,52,True
Real_BTC,BTC,0.75,Concept,16,1003,33,True
Real_BTC,BTC,0.75,Concept,17,1034,142,True
Real_BTC,BTC,0.75,Concept,18,1064,153,True
Real_BTC,BTC,0.75,Concept,19,1095,121,True
Real_BTC,BTC,0.75,Concept,20,1126,90,True
Real_BTC,BTC,0.75,Concept,21,1154,69,True
Real_BTC,BTC,0.75,Concept,22,1185,43,True
Real_BTC,BTC,0.75,Concept,23,1215,55,True
Real_BTC,BTC,0.75,Concept,24,1246,45,True
Real_BTC,BTC,0.75,Concept,25,1276,33,True
Real_BTC,BTC,0.75,Concept,26,1307,43,True
Real_BTC,BTC,0.75,Concept,27,1338,38,True
Real_BTC,BTC,0.75,Concept,28,1368,30,True
Real_BTC,BTC,0.75,Concept,29,1399,63,True
Real_BTC,BTC,0.75,Concept,30,1429,46,True
Real_BTC,BTC,0.75,Concept,31,1460,33,True
Real_BTC,BTC,0.75,Concept,32,1491,30,True
Real_BTC,BTC,0.75,Concept,33,1519,28,True
Real_BTC,BTC,0.75,Concept,34,1550,33,True
Real_BTC,BTC,0.75,Concept,35,1580,48,True
Real_BTC,BTC,0.75,Concept,36,1611,62,True
Real_BTC,BTC,0.75,Concept,37,1641,63,True
Real_BTC,BTC,0.75,Concept,38,1672,43,True
Real_BTC,BTC,0.75,Concept,39,1703,35,True
Real_BTC,BTC,0.75,Concept,40,1733,35,True
Real_BTC,BTC,0.75,Concept,41,1764,43,True
Real_BTC,BTC,0.75,Concept,42,1794,35,True
Real_BTC,BTC,0.75,Concept,43,1825,35,True
Real_BTC,BTC,0.75,Concept,44,1856,63,True
Real_BTC,BTC,0.75,Concept,45,1885,55,True
Real_BTC,BTC,0.75,Concept,46,1916,33,True
Real_BTC,BTC,0.75,Concept,47,1946,40,True
Real_BTC,BTC,0.75,Concept,48,1977,35,True
Real_BTC,BTC,0.75,Concept,49,2007,28,True
Real_BTC,BTC,0.75,Concept,50,2038,42,True
Real_BTC,BTC,0.75,Concept,51,2069,35,True
Real_BTC,BTC,0.75,Concept,52,2099,28,True
Real_BTC,BTC,0.75,Concept,53,2130,40,True
Real_BTC,BTC,0.75,Concept,54,2160,36,True
Real_BTC,BTC,0.75,Concept,55,2191,50,True
Real_BTC,BTC,0.75,Concept,56,2222,40,True
Real_BTC,BTC,0.75,Concept,57,2250,45,True
Real_BTC,BTC,0.75,Concept,58,2281,75,True
Real_BTC,BTC,0.75,Concept,59,2311,90,True
Real_BTC,BTC,0.75,Concept,60,2342,65,True
Real_BTC,BTC,0.75,Concept,61,2372,44,True
Real_BTC,BTC,0.75,Concept,62,2403,48,True
Real_BTC,BTC,0.75,Concept,63,2434,48,True
Real_BTC,BTC,0.75,Concept,64,2464,43,True
Real_BTC,BTC,0.75,Concept,65,2495,60,True
Real_BTC,BTC,0.75,Concept,66,2525,59,True
Real_BTC,BTC,0.75,Concept,67,2556,45,True
Real_BTC,BTC,0.75,Concept,68,2587,52,True
Real_BTC,BTC,0.75,Concept,69,2615,49,True
Real_BTC,BTC,0.75,Concept,70,2646,65,True
Real_BTC,BTC,0.75,Concept,71,2676,68,True
Real_BTC,BTC,0.75,Concept,72,2707,56,True
Real_BTC,BTC,0.75,Concept,73,2737,38,True
Real_BTC,BTC,0.75,Concept,74,2768,33,True
Real_BTC,BTC,0.75,Concept,75,2799,38,True
Real_BTC,BTC,0.75,Concept,76,2829,28,True
Real_BTC,BTC,0.75,Concept,77,2860,40,True
Real_BTC,BTC,0.75,Concept,78,2890,30,True
Real_BTC,BTC,0.75,Concept,79,2921,28,True
Real_BTC,BTC,0.75,Concept,80,2952,40,True
Real_BTC,BTC,0.75,Concept,81,2980,40,True
Real_BTC,BTC,0.75,Concept,82,3011,40,True
Real_BTC,BTC,0.75,Concept,83,3041,34,True
Real_BTC,BTC,0.75,Concept,84,3072,35,True
Real_BTC,BTC,0.75,Concept,85,3102,33,True
Real_BTC,BTC,0.75,Concept,86,3133,35,True
Real_BTC,BTC,0.75,Concept,87,3164,30,True
Real_BTC,BTC,0.75,Concept,88,3194,28,True
Real_BTC,BTC,0.75,Concept,89,3225,35,True
Real_BTC,BTC,0.75,Concept,90,3255,40,True
Real_BTC,BTC,0.75,Concept,91,3286,40,True
Real_BTC,BTC,0.75,Concept,92,3317,30,True
Real_BTC,BTC,0.75,Concept,93,3346,78,True
Real_BTC,BTC,0.75,Concept,94,3377,60,True
Real_BTC,BTC,0.75,Concept,95,3407,46,True
Real_BTC,BTC,0.75,Concept,96,3438,50,True
Real_BTC,BTC,0.75,Concept,97,3468,72,True
Real_BTC,BTC,0.75,Concept,98,3499,65,True
Real_BTC,BTC,0.75,Concept,99,3530,41,True
Real_BTC,BTC,0.75,Concept,100,3560,39,True
Real_BTC,BTC,0.75,Concept,101,3591,33,True
Real_BTC,BTC,0.75,Concept,102,3621,55,True
Real_BTC,BTC,0.75,Concept,103,3652,50,True
Real_BTC,BTC,0.75,Concept,104,3683,77,True
Real_BTC,BTC,0.75,Concept,105,3711,63,True
Real_BTC,BTC,0.75,Eco,0,516,70,True
Real_BTC,BTC,0.75,Eco,1,546,67,True
Real_BTC,BTC,0.75,Eco,2,577,50,True
Real_BTC,BTC,0.75,Eco,3,608,43,True
Real_BTC,BTC,0.75,Eco,4,638,44,True
Real_BTC,BTC,0.75,Eco,5,669,47,True
Real_BTC,BTC,0.75,Eco,6,699,34,True
Real_BTC,BTC,0.75,Eco,7,730,60,True
Real_BTC,BTC,0.75,Eco,8,761,68,True
Real_BTC,BTC,0.75,Eco,9,789,63,True
Real_BTC,BTC,0.75,Eco,10,820,40,True
Real_BTC,BTC,0.75,Eco,11,850,50,True
Real_BTC,BTC,0.75,Eco,12,881,82,True
Real_BTC,BTC,0.75,Eco,13,911,93,True
Real_BTC,BTC,0.75,Eco,14,942,72,True
Real_BTC,BTC,0.75,Eco,15,973,68,True
Real_BTC,BTC,0.75,Eco,16,1003,52,True
Real_BTC,BTC,0.75,Eco,17,1034,65,True
Real_BTC,BTC,0.75,Eco,18,1064,135,True
Real_BTC,BTC,0.75,Eco,19,1095,120,True
Real_BTC,BTC,0.75,Eco,20,1126,81,True
Real_BTC,BTC,0.75,Eco,21,1154,73,True
Real_BTC,BTC,0.75,Eco,22,1185,58,True
Real_BTC,BTC,0.75,Eco,23,1215,64,True
Real_BTC,BTC,0.75,Eco,24,1246,53,True
Real_BTC,BTC,0.75,Eco,25,1276,53,True
Real_BTC,BTC,0.75,Eco,26,1307,57,True
Real_BTC,BTC,0.75,Eco,27,1338,50,True
Real_BTC,BTC,0.75,Eco,28,1368,40,True
Real_BTC,BTC,0.75,Eco,29,1399,57,True
Real_BTC,BTC,0.75,Eco,30,1429,61,True
Real_BTC,BTC,0.75,Eco,31,1460,47,True
Real_BTC,BTC,0.75,Eco,32,1491,40,True
Real_BTC,BTC,0.75,Eco,33,1519,34,True
Real_BTC,BTC,0.75,Eco,34,1550,36,True
Real_BTC,BTC,0.75,Eco,35,1580,42,True
Real_BTC,BTC,0.75,Eco,36,1611,60,True
Real_BTC,BTC,0.75,Eco,37,1641,66,True
Real_BTC,BTC,0.75,Eco,38,1672,62,True
Real_BTC,BTC,0.75,Eco,39,1703,55,True
Real_BTC,BTC,0.75,Eco,40,1733,58,True
Real_BTC,BTC,0.75,Eco,41,1764,61,True
Real_BTC,BTC,0.75,Eco,42,1794,45,True
Real_BTC,BTC,0.75,Eco,43,1825,41,True
Real_BTC,BTC,0.75,Eco,44,1856,83,True
Real_BTC,BTC,0.75,Eco,45,1885,61,True
Real_BTC,BTC,0.75,Eco,46,1916,43,True
Real_BTC,BTC,0.75,Eco,47,1946,52,True
Real_BTC,BTC,0.75,Eco,48,1977,50,True
Real_BTC,BTC,0.75,Eco,49,2007,43,True
Real_BTC,BTC,0.75,Eco,50,2038,55,True
Real_BTC,BTC,0.75,Eco,51,2069,49,True
Real_BTC,BTC,0.75,Eco,52,2099,38,True
Real_BTC,BTC,0.75,Eco,53,2130,44,True
Real_BTC,BTC,0.75,Eco,54,2160,37,True
Real_BTC,BTC,0.75,Eco,55,2191,49,True
Real_BTC,BTC,0.75,Eco,56,2222,53,True
Real_BTC,BTC,0.75,Eco,57,2250,56,True
Real_BTC,BTC,0.75,Eco,58,2281,93,True
Real_BTC,BTC,0.75,Eco,59,2311,88,True
Real_BTC,BTC,0.75,Eco,60,2342,59,True
Real_BTC,BTC,0.75,Eco,61,2372,49,True
Real_BTC,BTC,0.75,Eco,62,2403,61,True
Real_BTC,BTC,0.75,Eco,63,2434,58,True
Real_BTC,BTC,0.75,Eco,64,2464,55,True
Real_BTC,BTC,0.75,Eco,65,2495,75,True
Real_BTC,BTC,0.75,Eco,66,2525,68,True
Real_BTC,BTC,0.75,Eco,67,2556,59,True
Real_BTC,BTC,0.75,Eco,68,2587,54,True
Real_BTC,BTC,0.75,Eco,69,2615,64,True
Real_BTC,BTC,0.75,Eco,70,2646,92,True
Real_BTC,BTC,0.75,Eco,71,2676,79,True
Real_BTC,BTC,0.75,Eco,72,2707,67,True
Real_BTC,BTC,0.75,Eco,73,2737,44,True
Real_BTC,BTC,0.75,Eco,74,2768,56,True
Real_BTC,BTC,0.75,Eco,75,2799,50,True
Real_BTC,BTC,0.75,Eco,76,2829,56,True
Real_BTC,BTC,0.75,Eco,77,2860,58,True
Real_BTC,BTC,0.75,Eco,78,2890,43,True
Real_BTC,BTC,0.75,Eco,79,2921,37,True
Real_BTC,BTC,0.75,Eco,80,2952,46,True
Real_BTC,BTC,0.75,Eco,81,2980,41,True
Real_BTC,BTC,0.75,Eco,82,3011,49,True
Real_BTC,BTC,0.75,Eco,83,3041,50,True
Real_BTC,BTC,0.75,Eco,84,3072,44,True
Real_BTC,BTC,0.75,Eco,85,3102,52,True
Real_BTC,BTC,0.75,Eco,86,3133,49,True
Real_BTC,BTC,0.75,Eco,87,3164,44,True
Real_BTC,BTC,0.75,Eco,88,3194,37,True
Real_BTC,BTC,0.75,Eco,89,3225,43,True
Real_BTC,BTC,0.75,Eco,90,3255,51,True
Real_BTC,BTC,0.75,Eco,91,3286,44,True
Real_BTC,BTC,0.75,Eco,92,3317,32,True
Real_BTC,BTC,0.75,Eco,93,3346,65,True
Real_BTC,BTC,0.75,Eco,94,3377,65,True
Real_BTC,BTC,0.75,Eco,95,3407,60,True
Real_BTC,BTC,0.75,Eco,96,3438,73,True
Real_BTC,BTC,0.75,Eco,97,3468,72,True
Real_BTC,BTC,0.75,Eco,98,3499,57,True
Real_BTC,BTC,0.75,Eco,99,3530,49,True
Real_BTC,BTC,0.75,Eco,100,3560,41,True
Real_BTC,BTC,0.75,Eco,101,3591,44,True
Real_BTC,BTC,0.75,Eco,102,3621,58,True
Real_BTC,BTC,0.75,Eco,103,3652,60,True
Real_BTC,BTC,0.75,Eco,104,3683,75,True
Real_BTC,BTC,0.75,Eco,105,3711,58,True
Real_BTC,BTC,1,Concept,0,516,43,True
Real_BTC,BTC,1,Concept,1,546,40,True
Real_BTC,BTC,1,Concept,2,577,30,True
Real_BTC,BTC,1,Concept,3,608,28,True
Real_BTC,BTC,1,Concept,4,638,28,True
Real_BTC,BTC,1,Concept,5,669,33,True
Real_BTC,BTC,1,Concept,6,699,28,True
Real_BTC,BTC,1,Concept,7,730,38,True
Real_BTC,BTC,1,Concept,8,761,30,True
Real_BTC,BTC,1,Concept,9,789,48,True
Real_BTC,BTC,1,Concept,10,820,28,True
Real_BTC,BTC,1,Concept,11,850,53,True
Real_BTC,BTC,1,Concept,12,881,68,True
Real_BTC,BTC,1,Concept,13,911,58,True
Real_BTC,BTC,1,Concept,14,942,41,True
Real_BTC,BTC,1,Concept,15,973,44,True
Real_BTC,BTC,1,Concept,16,1003,30,True
Real_BTC,BTC,1,Concept,17,1034,47,True
Real_BTC,BTC,1,Concept,18,1064,135,True
Real_BTC,BTC,1,Concept,19,1095,100,True
Real_BTC,BTC,1,Concept,20,1126,68,True
Real_BTC,BTC,1,Concept,21,1154,50,True
Real_BTC,BTC,1,Concept,22,1185,33,True
Real_BTC,BTC,1,Concept,23,1215,35,True
Real_BTC,BTC,1,Concept,24,1246,35,True
Real_BTC,BTC,1,Concept,25,1276,33,True
Real_BTC,BTC,1,Concept,26,1307,38,True
Real_BTC,BTC,1,Concept,27,1338,30,True
Real_BTC,BTC,1,Concept,28,1368,30,True
Real_BTC,BTC,1,Concept,29,1399,63,True
Real_BTC,BTC,1,Concept,30,1429,46,True
Real_BTC,BTC,1,Concept,31,1460,30,True
Real_BTC,BTC,1,Concept,32,1491,30,True
Real_BTC,BTC,1,Concept,33,1519,28,True
Real_BTC,BTC,1,Concept,34,1550,33,True
Real_BTC,BTC,1,Concept,35,1580,38,True
Real_BTC,BTC,1,Concept,36,1611,39,True
Real_BTC,BTC,1,Concept,37,1641,55,True
Real_BTC,BTC,1,Concept,38,1672,40,True
Real_BTC,BTC,1,Concept,39,1703,33,True
Real_BTC,BTC,1,Concept,40,1733,30,True
Real_BTC,BTC,1,Concept,41,1764,38,True
Real_BTC,BTC,1,Concept,42,1794,30,True
Real_BTC,BTC,1,Concept,43,1825,28,True
Real_BTC,BTC,1,Concept,44,1856,35,True
Real_BTC,BTC,1,Concept,45,1885,53,True
Real_BTC,BTC,1,Concept,46,1916,33,True
Real_BTC,BTC,1,Concept,47,1946,40,True
Real_BTC,BTC,1,Concept,48,1977,32,True
Real_BTC,BTC,1,Concept,49,2007,28,True
Real_BTC,BTC,1,Concept,50,2038,30,True
Real_BTC,BTC,1,Concept,51,2069,33,True
Real_BTC,BTC,1,Concept,52,2099,28,True
Real_BTC,BTC,1,Concept,53,2130,40,True
Real_BTC,BTC,1,Concept,54,2160,34,True
Real_BTC,BTC,1,Concept,55,2191,43,True
Real_BTC,BTC,1,Concept,56,2222,38,True
Real_BTC,BTC,1,Concept,57,2250,35,True
Real_BTC,BTC,1,Concept,58,2281,38,True
Real_BTC,BTC,1,Concept,59,2311,73,True
Real_BTC,BTC,1,Concept,60,2342,50,True
Real_BTC,BTC,1,Concept,61,2372,31,True
Real_BTC,BTC,1,Concept,62,2403,36,True
Real_BTC,BTC,1,Concept,63,2434,38,True
Real_BTC,BTC,1,Concept,64,2464,33,True
Real_BTC,BTC,1,Concept,65,2495,48,True
Real_BTC,BTC,1,Concept,66,2525,44,True
Real_BTC,BTC,1,Concept,67,2556,40,True
Real_BTC,BTC,1,Concept,68,2587,42,True
Real_BTC,BTC,1,Concept,69,2615,33,True
Real_BTC,BTC,1,Concept,70,2646,50,True
Real_BTC,BTC,1,Concept,71,2676,58,True
Real_BTC,BTC,1,Concept,72,2707,39,True
Real_BTC,BTC,1,Concept,73,2737,33,True
Real_BTC,BTC,1,Concept,74,2768,33,True
Real_BTC,BTC,1,Concept,75,2799,33,True
Real_BTC,BTC,1,Concept,76,2829,28,True
Real_BTC,BTC,1,Concept,77,2860,33,True
Real_BTC,BTC,1,Concept,78,2890,30,True
Real_BTC,BTC,1,Concept,79,2921,28,True
Real_BTC,BTC,1,Concept,80,2952,33,True
Real_BTC,BTC,1,Concept,81,2980,33,True
Real_BTC,BTC,1,Concept,82,3011,35,True
Real_BTC,BTC,1,Concept,83,3041,31,True
Real_BTC,BTC,1,Concept,84,3072,33,True
Real_BTC,BTC,1,Concept,85,3102,30,True
Real_BTC,BTC,1,Concept,86,3133,33,True
Real_BTC,BTC,1,Concept,87,3164,28,True
Real_BTC,BTC,1,Concept,88,3194,28,True
Real_BTC,BTC,1,Concept,89,3225,35,True
Real_BTC,BTC,1,Concept,90,3255,35,True
Real_BTC,BTC,1,Concept,91,3286,38,True
Real_BTC,BTC,1,Concept,92,3317,28,True
Real_BTC,BTC,1,Concept,93,3346,65,True
Real_BTC,BTC,1,Concept,94,3377,52,True
Real_BTC,BTC,1,Concept,95,3407,31,True
Real_BTC,BTC,1,Concept,96,3438,40,True
Real_BTC,BTC,1,Concept,97,3468,49,True
Real_BTC,BTC,1,Concept,98,3499,50,True
Real_BTC,BTC,1,Concept,99,3530,41,True
Real_BTC,BTC,1,Concept,100,3560,34,True
Real_BTC,BTC,1,Concept,101,3591,33,True
Real_BTC,BTC,1,Concept,102,3621,43,True
Real_BTC,BTC,1,Concept,103,3652,40,True
Real_BTC,BTC,1,Concept,104,3683,54,True
Real_BTC,BTC,1,Concept,105,3711,55,True
Real_BTC,BTC,1,Eco,0,516,50,True
Real_BTC,BTC,1,Eco,1,546,55,True
Real_BTC,BTC,1,Eco,2,577,40,True
Real_BTC,BTC,1,Eco,3,608,36,True
Real_BTC,BTC,1,Eco,4,638,35,True
Real_BTC,BTC,1,Eco,5,669,40,True
Real_BTC,BTC,1,Eco,6,699,32,True
Real_BTC,BTC,1,Eco,7,730,53,True
Real_BTC,BTC,1,Eco,8,761,57,True
Real_BTC,BTC,1,Eco,9,789,56,True
Real_BTC,BTC,1,Eco,10,820,37,True
Real_BTC,BTC,1,Eco,11,850,39,True
Real_BTC,BTC,1,Eco,12,881,65,True
Real_BTC,BTC,1,Eco,13,911,57,True
Real_BTC,BTC,1,Eco,14,942,64,True
Real_BTC,BTC,1,Eco,15,973,61,True
Real_BTC,BTC,1,Eco,16,1003,45,True
Real_BTC,BTC,1,Eco,17,1034,44,True
Real_BTC,BTC,1,Eco,18,1064,92,True
Real_BTC,BTC,1,Eco,19,1095,97,True
Real_BTC,BTC,1,Eco,20,1126,68,True
Real_BTC,BTC,1,Eco,21,1154,54,True
Real_BTC,BTC,1,Eco,22,1185,46,True
Real_BTC,BTC,1,Eco,23,1215,48,True
Real_BTC,BTC,1,Eco,24,1246,45,True
Real_BTC,BTC,1,Eco,25,1276,43,True
Real_BTC,BTC,1,Eco,26,1307,44,True
Real_BTC,BTC,1,Eco,27,1338,39,True
Real_BTC,BTC,1,Eco,28,1368,33,True
Real_BTC,BTC,1,Eco,29,1399,44,True
Real_BTC,BTC,1,Eco,30,1429,49,True
Real_BTC,BTC,1,Eco,31,1460,39,True
Real_BTC,BTC,1,Eco,32,1491,33,True
Real_BTC,BTC,1,Eco,33,1519,32,True
Real_BTC,BTC,1,Eco,34,1550,32,True
Real_BTC,BTC,1,Eco,35,1580,36,True
Real_BTC,BTC,1,Eco,36,1611,44,True
Real_BTC,BTC,1,Eco,37,1641,54,True
Real_BTC,BTC,1,Eco,38,1672,42,True
Real_BTC,BTC,1,Eco,39,1703,45,True
Real_BTC,BTC,1,Eco,40,1733,40,True
Real_BTC,BTC,1,Eco,41,1764,47,True
Real_BTC,BTC,1,Eco,42,1794,37,True
Real_BTC,BTC,1,Eco,43,1825,35,True
Real_BTC,BTC,1,Eco,44,1856,65,True
Real_BTC,BTC,1,Eco,45,1885,57,True
Real_BTC,BTC,1,Eco,46,1916,36,True
Real_BTC,BTC,1,Eco,47,1946,42,True
Real_BTC,BTC,1,Eco,48,1977,40,True
Real_BTC,BTC,1,Eco,49,2007,35,True
Real_BTC,BTC,1,Eco,50,2038,44,True
Real_BTC,BTC,1,Eco,51,2069,41,True
Real_BTC,BTC,1,Eco,52,2099,34,True
Real_BTC,BTC,1,Eco,53,2130,39,True
Real_BTC,BTC,1,Eco,54,2160,35,True
Real_BTC,BTC,1,Eco,55,2191,42,True
Real_BTC,BTC,1,Eco,56,2222,39,True
Real_BTC,BTC,1,Eco,57,2250,41,True
Real_BTC,BTC,1,Eco,58,2281,62,True
Real_BTC,BTC,1,Eco,59,2311,71,True
Real_BTC,BTC,1,Eco,60,2342,51,True
Real_BTC,BTC,1,Eco,61,2372,39,True
Real_BTC,BTC,1,Eco,62,2403,44,True
Real_BTC,BTC,1,Eco,63,2434,44,True
Real_BTC,BTC,1,Eco,64,2464,38,True
Real_BTC,BTC,1,Eco,65,2495,51,True
Real_BTC,BTC,1,Eco,66,2525,56,True
Real_BTC,BTC,1,Eco,67,2556,44,True
Real_BTC,BTC,1,Eco,68,2587,43,True
Real_BTC,BTC,1,Eco,69,2615,46,True
Real_BTC,BTC,1,Eco,70,2646,51,True
Real_BTC,BTC,1,Eco,71,2676,63,True
Real_BTC,BTC,1,Eco,72,2707,50,True
Real_BTC,BTC,1,Eco,73,2737,35,True
Real_BTC,BTC,1,Eco,74,2768,39,True
Real_BTC,BTC,1,Eco,75,2799,38,True
Real_BTC,BTC,1,Eco,76,2829,34,True
Real_BTC,BTC,1,Eco,77,2860,42,True
Real_BTC,BTC,1,Eco,78,2890,37,True
Real_BTC,BTC,1,Eco,79,2921,28,True
Real_BTC,BTC,1,Eco,80,2952,39,True
Real_BTC,BTC,1,Eco,81,2980,35,True
Real_BTC,BTC,1,Eco,82,3011,38,True
Real_BTC,BTC,1,Eco,83,3041,39,True
Real_BTC,BTC,1,Eco,84,3072,36,True
Real_BTC,BTC,1,Eco,85,3102,37,True
Real_BTC,BTC,1,Eco,86,3133,42,True
Real_BTC,BTC,1,Eco,87,3164,36,True
Real_BTC,BTC,1,Eco,88,3194,33,True
Real_BTC,BTC,1,Eco,89,3225,33,True
Real_BTC,BTC,1,Eco,90,3255,35,True
Real_BTC,BTC,1,Eco,91,3286,39,True
Real_BTC,BTC,1,Eco,92,3317,29,True
Real_BTC,BTC,1,Eco,93,3346,48,True
Real_BTC,BTC,1,Eco,94,3377,49,True
Real_BTC,BTC,1,Eco,95,3407,42,True
Real_BTC,BTC,1,Eco,96,3438,45,True
Real_BTC,BTC,1,Eco,97,3468,52,True
Real_BTC,BTC,1,Eco,98,3499,48,True
Real_BTC,BTC,1,Eco,99,3530,41,True
Real_BTC,BTC,1,Eco,100,3560,36,True
Real_BTC,BTC,1,Eco,101,3591,36,True
Real_BTC,BTC,1,Eco,102,3621,44,True
Real_BTC,BTC,1,Eco,103,3652,42,True
Real_BTC,BTC,1,Eco,104,3683,52,True
Real_BTC,BTC,1,Eco,105,3711,47,True
Real_BTC,BTC,1.25,Concept,0,516,40,True
Real_BTC,BTC,1.25,Concept,1,546,38,True
Real_BTC,BTC,1.25,Concept,2,577,30,True
Real_BTC,BTC,1.25,Concept,3,608,28,True
Real_BTC,BTC,1.25,Concept,4,638,28,True
Real_BTC,BTC,1.25,Concept,5,669,30,True
Real_BTC,BTC,1.25,Concept,6,699,28,True
Real_BTC,BTC,1.25,Concept,7,730,35,True
Real_BTC,BTC,1.25,Concept,8,761,30,True
Real_BTC,BTC,1.25,Concept,9,789,48,True
Real_BTC,BTC,1.25,Concept,10,820,28,True
Real_BTC,BTC,1.25,Concept,11,850,53,True
Real_BTC,BTC,1.25,Concept,12,881,60,True
Real_BTC,BTC,1.25,Concept,13,911,50,True
Real_BTC,BTC,1.25,Concept,14,942,31,True
Real_BTC,BTC,1.25,Concept,15,973,42,True
Real_BTC,BTC,1.25,Concept,16,1003,30,True
Real_BTC,BTC,1.25,Concept,17,1034,35,True
Real_BTC,BTC,1.25,Concept,18,1064,90,True
Real_BTC,BTC,1.25,Concept,19,1095,63,True
Real_BTC,BTC,1.25,Concept,20,1126,60,True
Real_BTC,BTC,1.25,Concept,21,1154,43,True
Real_BTC,BTC,1.25,Concept,22,1185,33,True
Real_BTC,BTC,1.25,Concept,23,1215,33,True
Real_BTC,BTC,1.25,Concept,24,1246,33,True
Real_BTC,BTC,1.25,Concept,25,1276,30,True
Real_BTC,BTC,1.25,Concept,26,1307,33,True
Real_BTC,BTC,1.25,Concept,27,1338,30,True
Real_BTC,BTC,1.25,Concept,28,1368,28,True
Real_BTC,BTC,1.25,Concept,29,1399,48,True
Real_BTC,BTC,1.25,Concept,30,1429,38,True
Real_BTC,BTC,1.25,Concept,31,1460,30,True
Real_BTC,BTC,1.25,Concept,32,1491,30,True
Real_BTC,BTC,1.25,Concept,33,1519,28,True
Real_BTC,BTC,1.25,Concept,34,1550,28,True
Real_BTC,BTC,1.25,Concept,35,1580,30,True
Real_BTC,BTC,1.25,Concept,36,1611,39,True
Real_BTC,BTC,1.25,Concept,37,1641,38,True
Real_BTC,BTC,1.25,Concept,38,1672,33,True
Real_BTC,BTC,1.25,Concept,39,1703,33,True
Real_BTC,BTC,1.25,Concept,40,1733,30,True
Real_BTC,BTC,1.25,Concept,41,1764,38,True
Real_BTC,BTC,1.25,Concept,42,1794,28,True
Real_BTC,BTC,1.25,Concept,43,1825,28,True
Real_BTC,BTC,1.25,Concept,44,1856,33,True
Real_BTC,BTC,1.25,Concept,45,1885,45,True
Real_BTC,BTC,1.25,Concept,46,1916,30,True
Real_BTC,BTC,1.25,Concept,47,1946,30,True
Real_BTC,BTC,1.25,Concept,48,1977,32,True
Real_BTC,BTC,1.25,Concept,49,2007,28,True
Real_BTC,BTC,1.25,Concept,50,2038,30,True
Real_BTC,BTC,1.25,Concept,51,2069,30,True
Real_BTC,BTC,1.25,Concept,52,2099,28,True
Real_BTC,BTC,1.25,Concept,53,2130,30,True
Real_BTC,BTC,1.25,Concept,54,2160,30,True
Real_BTC,BTC,1.25,Concept,55,2191,43,True
Real_BTC,BTC,1.25,Concept,56,2222,35,True
Real_BTC,BTC,1.25,Concept,57,2250,33,True
Real_BTC,BTC,1.25,Concept,58,2281,30,True
Real_BTC,BTC,1.25,Concept,59,2311,65,True
Real_BTC,BTC,1.25,Concept,60,2342,43,True
Real_BTC,BTC,1.25,Concept,61,2372,28,True
Real_BTC,BTC,1.25,Concept,62,2403,28,True
Real_BTC,BTC,1.25,Concept,63,2434,38,True
Real_BTC,BTC,1.25,Concept,64,2464,30,True
Real_BTC,BTC,1.25,Concept,65,2495,45,True
Real_BTC,BTC,1.25,Concept,66,2525,42,True
Real_BTC,BTC,1.25,Concept,67,2556,35,True
Real_BTC,BTC,1.25,Concept,68,2587,35,True
Real_BTC,BTC,1.25,Concept,69,2615,33,True
Real_BTC,BTC,1.25,Concept,70,2646,43,True
Real_BTC,BTC,1.25,Concept,71,2676,40,True
Real_BTC,BTC,1.25,Concept,72,2707,39,True
Real_BTC,BTC,1.25,Concept,73,2737,30,True
Real_BTC,BTC,1.25,Concept,74,2768,33,True
Real_BTC,BTC,1.25,Concept,75,2799,33,True
Real_BTC,BTC,1.25,Concept,76,2829,28,True
Real_BTC,BTC,1.25,Concept,77,2860,33,True
Real_BTC,BTC,1.25,Concept,78,2890,28,True
Real_BTC,BTC,1.25,Concept,79,2921,28,True
Real_BTC,BTC,1.25,Concept,80,2952,33,True
Real_BTC,BTC,1.25,Concept,81,2980,33,True
Real_BTC,BTC,1.25,Concept,82,3011,30,True
Real_BTC,BTC,1.25,Concept,83,3041,29,True
Real_BTC,BTC,1.25,Concept,84,3072,30,True
Real_BTC,BTC,1.25,Concept,85,3102,28,True
Real_BTC,BTC,1.25,Concept,86,3133,33,True
Real_BTC,BTC,1.25,Concept,87,3164,28,True
Real_BTC,BTC,1.25,Concept,88,3194,28,True
Real_BTC,BTC,1.25,Concept,89,3225,33,True
Real_BTC,BTC,1.25,Concept,90,3255,30,True
Real_BTC,BTC,1.25,Concept,91,3286,38,True
Real_BTC,BTC,1.25,Concept,92,3317,28,True
Real_BTC,BTC,1.25,Concept,93,3346,53,True
Real_BTC,BTC,1.25,Concept,94,3377,52,True
Real_BTC,BTC,1.25,Concept,95,3407,31,True
Real_BTC,BTC,1.25,Concept,96,3438,35,True
Real_BTC,BTC,1.25,Concept,97,3468,40,True
Real_BTC,BTC,1.25,Concept,98,3499,45,True
Real_BTC,BTC,1.25,Concept,99,3530,38,True
Real_BTC,BTC,1.25,Concept,100,3560,29,True
Real_BTC,BTC,1.25,Concept,101,3591,33,True
Real_BTC,BTC,1.25,Concept,102,3621,35,True
Real_BTC,BTC,1.25,Concept,103,3652,33,True
Real_BTC,BTC,1.25,Concept,104,3683,45,True
Real_BTC,BTC,1.25,Concept,105,3711,48,True
Real_BTC,BTC,1.25,Eco,0,516,43,True
Real_BTC,BTC,1.25,Eco,1,546,46,True
Real_BTC,BTC,1.25,Eco,2,577,36,True
Real_BTC,BTC,1.25,Eco,3,608,32,True
Real_BTC,BTC,1.25,Eco,4,638,31,True
Real_BTC,BTC,1.25,Eco,5,669,36,True
Real_BTC,BTC,1.25,Eco,6,699,30,True
Real_BTC,BTC,1.25,Eco,7,730,50,True
Real_BTC,BTC,1.25,Eco,8,761,39,True
Real_BTC,BTC,1.25,Eco,9,789,50,True
Real_BTC,BTC,1.25,Eco,10,820,36,True
Real_BTC,BTC,1.25,Eco,11,850,35,True
Real_BTC,BTC,1.25,Eco,12,881,56,True
Real_BTC,BTC,1.25,Eco,13,911,49,True
Real_BTC,BTC,1.25,Eco,14,942,55,True
Real_BTC,BTC,1.25,Eco,15,973,55,True
Real_BTC,BTC,1.25,Eco,16,1003,38,True
Real_BTC,BTC,1.25,Eco,17,1034,36,True
Real_BTC,BTC,1.25,Eco,18,1064,75,True
Real_BTC,BTC,1.25,Eco,19,1095,77,True
Real_BTC,BTC,1.25,Eco,20,1126,59,True
Real_BTC,BTC,1.25,Eco,21,1154,45,True
Real_BTC,BTC,1.25,Eco,22,1185,41,True
Real_BTC,BTC,1.25,Eco,23,1215,38,True
Real_BTC,BTC,1.25,Eco,24,1246,38,True
Real_BTC,BTC,1.25,Eco,25,1276,36,True
Real_BTC,BTC,1.25,Eco,26,1307,39,True
Real_BTC,BTC,1.25,Eco,27,1338,34,True
Real_BTC,BTC,1.25,Eco,28,1368,30,True
Real_BTC,BTC,1.25,Eco,29,1399,30,True
Real_BTC,BTC,1.25,Eco,30,1429,42,True
Real_BTC,BTC,1.25,Eco,31,1460,36,True
Real_BTC,BTC,1.25,Eco,32,1491,30,True
Real_BTC,BTC,1.25,Eco,33,1519,30,True
Real_BTC,BTC,1.25,Eco,34,1550,29,True
Real_BTC,BTC,1.25,Eco,35,1580,30,True
Real_BTC,BTC,1.25,Eco,36,1611,36,True
Real_BTC,BTC,1.25,Eco,37,1641,46,True
Real_BTC,BTC,1.25,Eco,38,1672,35,True
Real_BTC,BTC,1.25,Eco,39,1703,37,True
Real_BTC,BTC,1.25,Eco,40,1733,34,True
Real_BTC,BTC,1.25,Eco,41,1764,39,True
Real_BTC,BTC,1.25,Eco,42,1794,34,True
Real_BTC,BTC,1.25,Eco,43,1825,31,True
Real_BTC,BTC,1.25,Eco,44,1856,39,True
Real_BTC,BTC,1.25,Eco,45,1885,53,True
Real_BTC,BTC,1.25,Eco,46,1916,33,True
Real_BTC,BTC,1.25,Eco,47,1946,36,True
Real_BTC,BTC,1.25,Eco,48,1977,35,True
Real_BTC,BTC,1.25,Eco,49,2007,30,True
Real_BTC,BTC,1.25,Eco,50,2038,37,True
Real_BTC,BTC,1.25,Eco,51,2069,37,True
Real_BTC,BTC,1.25,Eco,52,2099,31,True
Real_BTC,BTC,1.25,Eco,53,2130,34,True
Real_BTC,BTC,1.25,Eco,54,2160,32,True
Real_BTC,BTC,1.25,Eco,55,2191,38,True
Real_BTC,BTC,1.25,Eco,56,2222,36,True
Real_BTC,BTC,1.25,Eco,57,2250,36,True
Real_BTC,BTC,1.25,Eco,58,2281,37,True
Real_BTC,BTC,1.25,Eco,59,2311,57,True
Real_BTC,BTC,1.25,Eco,60,2342,44,True
Real_BTC,BTC,1.25,Eco,61,2372,35,True
Real_BTC,BTC,1.25,Eco,62,2403,35,True
Real_BTC,BTC,1.25,Eco,63,2434,37,True
Real_BTC,BTC,1.25,Eco,64,2464,36,True
Real_BTC,BTC,1.25,Eco,65,2495,41,True
Real_BTC,BTC,1.25,Eco,66,2525,42,True
Real_BTC,BTC,1.25,Eco,67,2556,36,True
Real_BTC,BTC,1.25,Eco,68,2587,36,True
Real_BTC,BTC,1.25,Eco,69,2615,35,True
Real_BTC,BTC,1.25,Eco,70,2646,42,True
Real_BTC,BTC,1.25,Eco,71,2676,39,True
Real_BTC,BTC,1.25,Eco,72,2707,43,True
Real_BTC,BTC,1.25,Eco,73,2737,29,True
Real_BTC,BTC,1.25,Eco,74,2768,34,True
Real_BTC,BTC,1.25,Eco,75,2799,32,True
Real_BTC,BTC,1.25,Eco,76,2829,28,True
Real_BTC,BTC,1.25,Eco,77,2860,35,True
Real_BTC,BTC,1.25,Eco,78,2890,31,True
Real_BTC,BTC,1.25,Eco,79,2921,26,True
Real_BTC,BTC,1.25,Eco,80,2952,32,True
Real_BTC,BTC,1.25,Eco,81,2980,30,True
Real_BTC,BTC,1.25,Eco,82,3011,31,True
Real_BTC,BTC,1.25,Eco,83,3041,33,True
Real_BTC,BTC,1.25,Eco,84,3072,31,True
Real_BTC,BTC,1.25,Eco,85,3102,33,True
Real_BTC,BTC,1.25,Eco,86,3133,36,True
Real_BTC,BTC,1.25,Eco,87,3164,33,True
Real_BTC,BTC,1.25,Eco,88,3194,30,True
Real_BTC,BTC,1.25,Eco,89,3225,29,True
Real_BTC,BTC,1.25,Eco,90,3255,30,True
Real_BTC,BTC,1.25,Eco,91,3286,33,True
Real_BTC,BTC,1.25,Eco,92,3317,26,True
Real_BTC,BTC,1.25,Eco,93,3346,36,True
Real_BTC,BTC,1.25,Eco,94,3377,44,True
Real_BTC,BTC,1.25,Eco,95,3407,34,True
Real_BTC,BTC,1.25,Eco,96,3438,40,True
Real_BTC,BTC,1.25,Eco,97,3468,43,True
Real_BTC,BTC,1.25,Eco,98,3499,42,True
Real_BTC,BTC,1.25,Eco,99,3530,36,True
Real_BTC,BTC,1.25,Eco,100,3560,34,True
Real_BTC,BTC,1.25,Eco,101,3591,33,True
Real_BTC,BTC,1.25,Eco,102,3621,36,True
Real_BTC,BTC,1.25,Eco,103,3652,36,True
Real_BTC,BTC,1.25,Eco,104,3683,42,True
Real_BTC,BTC,1.25,Eco,105,3711,39,True
Real_BTC,BTC,1.5,Concept,0,516,40,True
Real_BTC,BTC,1.5,Concept,1,546,38,True
Real_BTC,BTC,1.5,Concept,2,577,30,True
Real_BTC,BTC,1.5,Concept,3,608,28,True
Real_BTC,BTC,1.5,Concept,4,638,28,True
Real_BTC,BTC,1.5,Concept,5,669,30,True
Real_BTC,BTC,1.5,Concept,6,699,28,True
Real_BTC,BTC,1.5,Concept,7,730,35,True
Real_BTC,BTC,1.5,Concept,8,761,30,True
Real_BTC,BTC,1.5,Concept,9,789,45,True
Real_BTC,BTC,1.5,Concept,10,820,28,True
Real_BTC,BTC,1.5,Concept,11,850,40,True
Real_BTC,BTC,1.5,Concept,12,881,53,True
Real_BTC,BTC,1.5,Concept,13,911,43,True
Real_BTC,BTC,1.5,Concept,14,942,29,True
Real_BTC,BTC,1.5,Concept,15,973,42,True
Real_BTC,BTC,1.5,Concept,16,1003,30,True
Real_BTC,BTC,1.5,Concept,17,1034,33,True
Real_BTC,BTC,1.5,Concept,18,1064,78,True
Real_BTC,BTC,1.5,Concept,19,1095,50,True
Real_BTC,BTC,1.5,Concept,20,1126,45,True
Real_BTC,BTC,1.5,Concept,21,1154,40,True
Real_BTC,BTC,1.5,Concept,22,1185,33,True
Real_BTC,BTC,1.5,Concept,23,1215,30,True
Real_BTC,BTC,1.5,Concept,24,1246,33,True
Real_BTC,BTC,1.5,Concept,25,1276,28,True
Real_BTC,BTC,1.5,Concept,26,1307,28,True
Real_BTC,BTC,1.5,Concept,27,1338,30,True
Real_BTC,BTC,1.5,Concept,28,1368,28,True
Real_BTC,BTC,1.5,Concept,29,1399,38,True
Real_BTC,BTC,1.5,Concept,30,1429,28,True
Real_BTC,BTC,1.5,Concept,31,1460,30,True
Real_BTC,BTC,1.5,Concept,32,1491,30,True
Real_BTC,BTC,1.5,Concept,33,1519,28,True
Real_BTC,BTC,1.5,Concept,34,1550,28,True
Real_BTC,BTC,1.5,Concept,35,1580,30,True
Real_BTC,BTC,1.5,Concept,36,1611,39,True
Real_BTC,BTC,1.5,Concept,37,1641,38,True
Real_BTC,BTC,1.5,Concept,38,1672,33,True
Real_BTC,BTC,1.5,Concept,39,1703,30,True
Real_BTC,BTC,1.5,Concept,40,1733,30,True
Real_BTC,BTC,1.5,Concept,41,1764,28,True
Real_BTC,BTC,1.5,Concept,42,1794,28,True
Real_BTC,BTC,1.5,Concept,43,1825,28,True
Real_BTC,BTC,1.5,Concept,44,1856,30,True
Real_BTC,BTC,1.5,Concept,45,1885,43,True
Real_BTC,BTC,1.5,Concept,46,1916,28,True
Real_BTC,BTC,1.5,Concept,47,1946,30,True
Real_BTC,BTC,1.5,Concept,48,1977,30,True
Real_BTC,BTC,1.5,Concept,49,2007,28,True
Real_BTC,BTC,1.5,Concept,50,2038,30,True
Real_BTC,BTC,1.5,Concept,51,2069,30,True
Real_BTC,BTC,1.5,Concept,52,2099,28,True
Real_BTC,BTC,1.5,Concept,53,2130,30,True
Real_BTC,BTC,1.5,Concept,54,2160,28,True
Real_BTC,BTC,1.5,Concept,55,2191,38,True
Real_BTC,BTC,1.5,Concept,56,2222,33,True
Real_BTC,BTC,1.5,Concept,57,2250,30,True
Real_BTC,BTC,1.5,Concept,58,2281,30,True
Real_BTC,BTC,1.5,Concept,59,2311,60,True
Real_BTC,BTC,1.5,Concept,60,2342,35,True
Real_BTC,BTC,1.5,Concept,61,2372,28,True
Real_BTC,BTC,1.5,Concept,62,2403,28,True
Real_BTC,BTC,1.5,Concept,63,2434,33,True
Real_BTC,BTC,1.5,Concept,64,2464,30,True
Real_BTC,BTC,1.5,Concept,65,2495,40,True
Real_BTC,BTC,1.5,Concept,66,2525,38,True
Real_BTC,BTC,1.5,Concept,67,2556,30,True
Real_BTC,BTC,1.5,Concept,68,2587,30,True
Real_BTC,BTC,1.5,Concept,69,2615,33,True
Real_BTC,BTC,1.5,Concept,70,2646,33,True
Real_BTC,BTC,1.5,Concept,71,2676,40,True
Real_BTC,BTC,1.5,Concept,72,2707,36,True
Real_BTC,BTC,1.5,Concept,73,2737,28,True
Real_BTC,BTC,1.5,Concept,74,2768,33,True
Real_BTC,BTC,1.5,Concept,75,2799,30,True
Real_BTC,BTC,1.5,Concept,76,2829,28,True
Real_BTC,BTC,1.5,Concept,77,2860,33,True
Real_BTC,BTC,1.5,Concept,78,2890,28,True
Real_BTC,BTC,1.5,Concept,79,2921,28,True
Real_BTC,BTC,1.5,Concept,80,2952,28,True
Real_BTC,BTC,1.5,Concept,81,2980,30,True
Real_BTC,BTC,1.5,Concept,82,3011,30,True
Real_BTC,BTC,1.5,Concept,83,3041,28,True
Real_BTC,BTC,1.5,Concept,84,3072,30,True
Real_BTC,BTC,1.5,Concept,85,3102,28,True
Real_BTC,BTC,1.5,Concept,86,3133,33,True
Real_BTC,BTC,1.5,Concept,87,3164,28,True
Real_BTC,BTC,1.5,Concept,88,3194,28,True
Real_BTC,BTC,1.5,Concept,89,3225,33,True
Real_BTC,BTC,1.5,Concept,90,3255,30,True
Real_BTC,BTC,1.5,Concept,91,3286,35,True
Real_BTC,BTC,1.5,Concept,92,3317,28,True
Real_BTC,BTC,1.5,Concept,93,3346,38,True
Real_BTC,BTC,1.5,Concept,94,3377,47,True
Real_BTC,BTC,1.5,Concept,95,3407,29,True
Real_BTC,BTC,1.5,Concept,96,3438,30,True
Real_BTC,BTC,1.5,Concept,97,3468,40,True
Real_BTC,BTC,1.5,Concept,98,3499,40,True
Real_BTC,BTC,1.5,Concept,99,3530,33,True
Real_BTC,BTC,1.5,Concept,100,3560,29,True
Real_BTC,BTC,1.5,Concept,101,3591,33,True
Real_BTC,BTC,1.5,Concept,102,3621,33,True
Real_BTC,BTC,1.5,Concept,103,3652,30,True
Real_BTC,BTC,1.5,Concept,104,3683,35,True
Real_BTC,BTC,1.5,Concept,105,3711,33,True
Real_BTC,BTC,1.5,Eco,0,516,38,True
Real_BTC,BTC,1.5,Eco,1,546,40,True
Real_BTC,BTC,1.5,Eco,2,577,33,True
Real_BTC,BTC,1.5,Eco,3,608,30,True
Real_BTC,BTC,1.5,Eco,4,638,28,True
Real_BTC,BTC,1.5,Eco,5,669,32,True
Real_BTC,BTC,1.5,Eco,6,699,27,True
Real_BTC,BTC,1.5,Eco,7,730,46,True
Real_BTC,BTC,1.5,Eco,8,761,36,True
Real_BTC,BTC,1.5,Eco,9,789,45,True
Real_BTC,BTC,1.5,Eco,10,820,34,True
Real_BTC,BTC,1.5,Eco,11,850,33,True
Real_BTC,BTC,1.5,Eco,12,881,47,True
Real_BTC,BTC,1.5,Eco,13,911,42,True
Real_BTC,BTC,1.5,Eco,14,942,41,True
Real_BTC,BTC,1.5,Eco,15,973,49,True
Real_BTC,BTC,1.5,Eco,16,1003,37,True
Real_BTC,BTC,1.5,Eco,17,1034,35,True
Real_BTC,BTC,1.5,Eco,18,1064,57,True
Real_BTC,BTC,1.5,Eco,19,1095,61,True
Real_BTC,BTC,1.5,Eco,20,1126,50,True
Real_BTC,BTC,1.5,Eco,21,1154,42,True
Real_BTC,BTC,1.5,Eco,22,1185,37,True
Real_BTC,BTC,1.5,Eco,23,1215,35,True
Real_BTC,BTC,1.5,Eco,24,1246,34,True
Real_BTC,BTC,1.5,Eco,25,1276,32,True
Real_BTC,BTC,1.5,Eco,26,1307,32,True
Real_BTC,BTC,1.5,Eco,27,1338,31,True
Real_BTC,BTC,1.5,Eco,28,1368,26,True
Real_BTC,BTC,1.5,Eco,29,1399,27,True
Real_BTC,BTC,1.5,Eco,30,1429,36,True
Real_BTC,BTC,1.5,Eco,31,1460,33,True
Real_BTC,BTC,1.5,Eco,32,1491,27,True
Real_BTC,BTC,1.5,Eco,33,1519,28,True
Real_BTC,BTC,1.5,Eco,34,1550,27,True
Real_BTC,BTC,1.5,Eco,35,1580,26,True
Real_BTC,BTC,1.5,Eco,36,1611,32,True
Real_BTC,BTC,1.5,Eco,37,1641,38,True
Real_BTC,BTC,1.5,Eco,38,1672,32,True
Real_BTC,BTC,1.5,Eco,39,1703,33,True
Real_BTC,BTC,1.5,Eco,40,1733,30,True
Real_BTC,BTC,1.5,Eco,41,1764,34,True
Real_BTC,BTC,1.5,Eco,42,1794,31,True
Real_BTC,BTC,1.5,Eco,43,1825,29,True
Real_BTC,BTC,1.5,Eco,44,1856,32,True
Real_BTC,BTC,1.5,Eco,45,1885,48,True
Real_BTC,BTC,1.5,Eco,46,1916,30,True
Real_BTC,BTC,1.5,Eco,47,1946,31,True
Real_BTC,BTC,1.5,Eco,48,1977,31,True
Real_BTC,BTC,1.5,Eco,49,2007,27,True
Real_BTC,BTC,1.5,Eco,50,2038,30,True
Real_BTC,BTC,1.5,Eco,51,2069,33,True
Real_BTC,BTC,1.5,Eco,52,2099,29,True
Real_BTC,BTC,1.5,Eco,53,2130,31,True
Real_BTC,BTC,1.5,Eco,54,2160,30,True
Real_BTC,BTC,1.5,Eco,55,2191,35,True
Real_BTC,BTC,1.5,Eco,56,2222,34,True
Real_BTC,BTC,1.5,Eco,57,2250,32,True
Real_BTC,BTC,1.5,Eco,58,2281,32,True
Real_BTC,BTC,1.5,Eco,59,2311,44,True
Real_BTC,BTC,1.5,Eco,60,2342,38,True
Real_BTC,BTC,1.5,Eco,61,2372,29,True
Real_BTC,BTC,1.5,Eco,62,2403,32,True
Real_BTC,BTC,1.5,Eco,63,2434,33,True
Real_BTC,BTC,1.5,Eco,64,2464,32,True
Real_BTC,BTC,1.5,Eco,65,2495,35,True
Real_BTC,BTC,1.5,Eco,66,2525,36,True
Real_BTC,BTC,1.5,Eco,67,2556,33,True
Real_BTC,BTC,1.5,Eco,68,2587,28,True
Real_BTC,BTC,1.5,Eco,69,2615,29,True
Real_BTC,BTC,1.5,Eco,70,2646,30,True
Real_BTC,BTC,1.5,Eco,71,2676,32,True
Real_BTC,BTC,1.5,Eco,72,2707,36,True
Real_BTC,BTC,1.5,Eco,73,2737,26,True
Real_BTC,BTC,1.5,Eco,74,2768,29,True
Real_BTC,BTC,1.5,Eco,75,2799,27,True
Real_BTC,BTC,1.5,Eco,76,2829,25,True
Real_BTC,BTC,1.5,Eco,77,2860,29,True
Real_BTC,BTC,1.5,Eco,78,2890,26,True
Real_BTC,BTC,1.5,Eco,79,2921,23,True
Real_BTC,BTC,1.5,Eco,80,2952,28,True
Real_BTC,BTC,1.5,Eco,81,2980,27,True
Real_BTC,BTC,1.5,Eco,82,3011,28,True
Real_BTC,BTC,1.5,Eco,83,3041,29,True
Real_BTC,BTC,1.5,Eco,84,3072,28,True
Real_BTC,BTC,1.5,Eco,85,3102,30,True
Real_BTC,BTC,1.5,Eco,86,3133,32,True
Real_BTC,BTC,1.5,Eco,87,3164,30,True
Real_BTC,BTC,1.5,Eco,88,3194,28,True
Real_BTC,BTC,1.5,Eco,89,3225,25,True
Real_BTC,BTC,1.5,Eco,90,3255,26,True
Real_BTC,BTC,1.5,Eco,91,3286,28,True
Real_BTC,BTC,1.5,Eco,92,3317,25,True
Real_BTC,BTC,1.5,Eco,93,3346,29,True
Real_BTC,BTC,1.5,Eco,94,3377,38,True
Real_BTC,BTC,1.5,Eco,95,3407,32,True
Real_BTC,BTC,1.5,Eco,96,3438,35,True
Real_BTC,BTC,1.5,Eco,97,3468,38,True
Real_BTC,BTC,1.5,Eco,98,3499,38,True
Real_BTC,BTC,1.5,Eco,99,3530,33,True
Real_BTC,BTC,1.5,Eco,100,3560,28,True
Real_BTC,BTC,1.5,Eco,101,3591,30,True
Real_BTC,BTC,1.5,Eco,102,3621,32,True
Real_BTC,BTC,1.5,Eco,103,3652,29,True
Real_BTC,BTC,1.5,Eco,104,3683,33,True
Real_BTC,BTC,1.5,Eco,105,3711,31,True
Real_ETH,ETH,0.10000000000000001,Concept,0,507,98,True
Real_ETH,ETH,0.10000000000000001,Concept,1,537,406,True
Real_ETH,ETH,0.10000000000000001,Concept,2,568,375,True
Real_ETH,ETH,0.10000000000000001,Concept,3,598,-1,False
Real_ETH,ETH,0.10000000000000001,Concept,4,629,470,True
Real_ETH,ETH,0.10000000000000001,Concept,5,660,439,True
Real_ETH,ETH,0.10000000000000001,Concept,6,690,409,True
Real_ETH,ETH,0.10000000000000001,Concept,7,721,346,True
Real_ETH,ETH,0.10000000000000001,Concept,8,751,319,True
Real_ETH,ETH,0.10000000000000001,Concept,9,782,295,True
Real_ETH,ETH,0.10000000000000001,Concept,10,813,296,True
Real_ETH,ETH,0.10000000000000001,Concept,11,842,302,True
Real_ETH,ETH,0.10000000000000001,Concept,12,873,236,True
Real_ETH,ETH,0.10000000000000001,Concept,13,903,241,True
Real_ETH,ETH,0.10000000000000001,Concept,14,934,210,True
Real_ETH,ETH,0.10000000000000001,Concept,15,964,180,True
Real_ETH,ETH,0.10000000000000001,Concept,16,995,283,True
Real_ETH,ETH,0.10000000000000001,Concept,17,1026,-1,False
Real_ETH,ETH,0.10000000000000001,Concept,18,1056,-1,False
Real_ETH,ETH,0.10000000000000001,Concept,19,1087,-1,False
Real_ETH,ETH,0.10000000000000001,Concept,20,1117,-1,False
Real_ETH,ETH,0.10000000000000001,Concept,21,1148,-1,False
Real_ETH,ETH,0.10000000000000001,Concept,22,1179,-1,False
Real_ETH,ETH,0.10000000000000001,Concept,23,1207,-1,False
Real_ETH,ETH,0.10000000000000001,Concept,24,1238,-1,False
Real_ETH,ETH,0.10000000000000001,Concept,25,1268,-1,False
Real_ETH,ETH,0.10000000000000001,Concept,26,1299,-1,False
Real_ETH,ETH,0.10000000000000001,Concept,27,1329,-1,False
Real_ETH,ETH,0.10000000000000001,Concept,28,1360,-1,False
Real_ETH,ETH,0.10000000000000001,Concept,29,1391,-1,False
Real_ETH,ETH,0.10000000000000001,Concept,30,1421,-1,False
Real_ETH,ETH,0.10000000000000001,Concept,31,1452,-1,False
Real_ETH,ETH,0.10000000000000001,Concept,32,1482,-1,False
Real_ETH,ETH,0.10000000000000001,Concept,33,1513,-1,False
Real_ETH,ETH,0.10000000000000001,Concept,34,1544,-1,False
Real_ETH,ETH,0.10000000000000001,Concept,35,1572,-1,False
Real_ETH,ETH,0.10000000000000001,Concept,36,1603,-1,False
Real_ETH,ETH,0.10000000000000001,Concept,37,1633,-1,False
Real_ETH,ETH,0.10000000000000001,Concept,38,1664,-1,False
Real_ETH,ETH,0.10000000000000001,Concept,39,1694,-1,False
Real_ETH,ETH,0.10000000000000001,Concept,40,1725,489,True
Real_ETH,ETH,0.10000000000000001,Concept,41,1756,458,True
Real_ETH,ETH,0.10000000000000001,Concept,42,1786,103,True
Real_ETH,ETH,0.10000000000000001,Concept,43,1817,73,True
Real_ETH,ETH,0.10000000000000001,Concept,44,1847,43,True
Real_ETH,ETH,0.10000000000000001,Concept,45,1878,32,True
Real_ETH,ETH,0.10000000000000001,Concept,46,1909,184,True
Real_ETH,ETH,0.10000000000000001,Concept,47,1937,157,True
Real_ETH,ETH,0.10000000000000001,Concept,48,1968,130,True
Real_ETH,ETH,0.10000000000000001,Concept,49,1998,99,True
Real_ETH,ETH,0.10000000000000001,Concept,50,2029,70,True
Real_ETH,ETH,0.10000000000000001,Concept,51,2059,90,True
Real_ETH,ETH,0.10000000000000001,Concept,52,2090,86,True
Real_ETH,ETH,0.10000000000000001,Concept,53,2121,55,True
Real_ETH,ETH,0.10000000000000001,Concept,54,2151,54,True
Real_ETH,ETH,0.10000000000000001,Concept,55,2182,-1,False
Real_ETH,ETH,0.10000000000000001,Concept,56,2212,-1,False
Real_ETH,ETH,0.10000000000000001,Concept,57,2243,-1,False
Real_ETH,ETH,0.10000000000000001,Concept,58,2274,-1,False
Real_ETH,ETH,0.10000000000000001,Concept,59,2303,-1,False
Real_ETH,ETH,0.10000000000000001,Concept,60,2334,-1,False
Real_ETH,ETH,0.10000000000000001,Concept,61,2364,-1,False
Real_ETH,ETH,0.10000000000000001,Concept,62,2395,-1,False
Real_ETH,ETH,0.10000000000000001,Concept,63,2425,-1,False
Real_ETH,ETH,0.10000000000000001,Concept,64,2456,-1,False
Real_ETH,ETH,0.10000000000000001,Concept,65,2487,-1,False
Real_ETH,ETH,0.10000000000000001,Concept,66,2517,-1,False
Real_ETH,ETH,0.10000000000000001,Concept,67,2548,-1,False
Real_ETH,ETH,0.10000000000000001,Concept,68,2578,-1,False
Real_ETH,ETH,0.10000000000000001,Concept,69,2609,-1,False
Real_ETH,ETH,0.10000000000000001,Concept,70,2640,-1,False
Real_ETH,ETH,0.10000000000000001,Concept,71,2668,-1,False
Real_ETH,ETH,0.10000000000000001,Eco,0,507,487,True
Real_ETH,ETH,0.10000000000000001,Eco,1,537,450,True
Real_ETH,ETH,0.10000000000000001,Eco,2,568,439,True
Real_ETH,ETH,0.10000000000000001,Eco,3,598,428,True
Real_ETH,ETH,0.10000000000000001,Eco,4,629,463,True
Real_ETH,ETH,0.10000000000000001,Eco,5,660,366,True
Real_ETH,ETH,0.10000000000000001,Eco,6,690,317,True
Real_ETH,ETH,0.10000000000000001,Eco,7,721,305,True
Real_ETH,ETH,0.10000000000000001,Eco,8,751,256,True
Real_ETH,ETH,0.10000000000000001,Eco,9,782,309,True
Real_ETH,ETH,0.10000000000000001,Eco,10,813,295,True
Real_ETH,ETH,0.10000000000000001,Eco,11,842,274,True
Real_ETH,ETH,0.10000000000000001,Eco,12,873,234,True
Real_ETH,ETH,0.10000000000000001,Eco,13,903,284,True
Real_ETH,ETH,0.10000000000000001,Eco,14,934,262,True
Real_ETH,ETH,0.10000000000000001,Eco,15,964,232,True
Real_ETH,ETH,0.10000000000000001,Eco,16,995,277,True
Real_ETH,ETH,0.10000000000000001,Eco,17,1026,244,True
Real_ETH,ETH,0.10000000000000001,Eco,18,1056,211,True
Real_ETH,ETH,0.10000000000000001,Eco,19,1087,183,True
Real_ETH,ETH,0.10000000000000001,Eco,20,1117,-1,False
Real_ETH,ETH,0.10000000000000001,Eco,21,1148,-1,False
Real_ETH,ETH,0.10000000000000001,Eco,22,1179,-1,False
Real_ETH,ETH,0.10000000000000001,Eco,23,1207,-1,False
Real_ETH,ETH,0.10000000000000001,Eco,24,1238,-1,False
Real_ETH,ETH,0.10000000000000001,Eco,25,1268,-1,False
Real_ETH,ETH,0.10000000000000001,Eco,26,1299,-1,False
Real_ETH,ETH,0.10000000000000001,Eco,27,1329,-1,False
Real_ETH,ETH,0.10000000000000001,Eco,28,1360,-1,False
Real_ETH,ETH,0.10000000000000001,Eco,29,1391,-1,False
Real_ETH,ETH,0.10000000000000001,Eco,30,1421,-1,False
Real_ETH,ETH,0.10000000000000001,Eco,31,1452,-1,False
Real_ETH,ETH,0.10000000000000001,Eco,32,1482,-1,False
Real_ETH,ETH,0.10000000000000001,Eco,33,1513,-1,False
Real_ETH,ETH,0.10000000000000001,Eco,34,1544,-1,False
Real_ETH,ETH,0.10000000000000001,Eco,35,1572,-1,False
Real_ETH,ETH,0.10000000000000001,Eco,36,1603,-1,False
Real_ETH,ETH,0.10000000000000001,Eco,37,1633,-1,False
Real_ETH,ETH,0.10000000000000001,Eco,38,1664,-1,False
Real_ETH,ETH,0.10000000000000001,Eco,39,1694,492,True
Real_ETH,ETH,0.10000000000000001,Eco,40,1725,-1,False
Real_ETH,ETH,0.10000000000000001,Eco,41,1756,460,True
Real_ETH,ETH,0.10000000000000001,Eco,42,1786,427,True
Real_ETH,ETH,0.10000000000000001,Eco,43,1817,481,True
Real_ETH,ETH,0.10000000000000001,Eco,44,1847,454,True
Real_ETH,ETH,0.10000000000000001,Eco,45,1878,355,True
Real_ETH,ETH,0.10000000000000001,Eco,46,1909,378,True
Real_ETH,ETH,0.10000000000000001,Eco,47,1937,345,True
Real_ETH,ETH,0.10000000000000001,Eco,48,1968,329,True
Real_ETH,ETH,0.10000000000000001,Eco,49,1998,300,True
Real_ETH,ETH,0.10000000000000001,Eco,50,2029,258,True
Real_ETH,ETH,0.10000000000000001,Eco,51,2059,241,True
Real_ETH,ETH,0.10000000000000001,Eco,52,2090,208,True
Real_ETH,ETH,0.10000000000000001,Eco,53,2121,171,True
Real_ETH,ETH,0.10000000000000001,Eco,54,2151,154,True
Real_ETH,ETH,0.10000000000000001,Eco,55,2182,-1,False
Real_ETH,ETH,0.10000000000000001,Eco,56,2212,-1,False
Real_ETH,ETH,0.10000000000000001,Eco,57,2243,-1,False
Real_ETH,ETH,0.10000000000000001,Eco,58,2274,-1,False
Real_ETH,ETH,0.10000000000000001,Eco,59,2303,-1,False
Real_ETH,ETH,0.10000000000000001,Eco,60,2334,-1,False
Real_ETH,ETH,0.10000000000000001,Eco,61,2364,-1,False
Real_ETH,ETH,0.10000000000000001,Eco,62,2395,-1,False
Real_ETH,ETH,0.10000000000000001,Eco,63,2425,-1,False
Real_ETH,ETH,0.10000000000000001,Eco,64,2456,-1,False
Real_ETH,ETH,0.10000000000000001,Eco,65,2487,-1,False
Real_ETH,ETH,0.10000000000000001,Eco,66,2517,-1,False
Real_ETH,ETH,0.10000000000000001,Eco,67,2548,-1,False
Real_ETH,ETH,0.10000000000000001,Eco,68,2578,-1,False
Real_ETH,ETH,0.10000000000000001,Eco,69,2609,-1,False
Real_ETH,ETH,0.10000000000000001,Eco,70,2640,-1,False
Real_ETH,ETH,0.10000000000000001,Eco,71,2668,-1,False
Real_ETH,ETH,0.14999999999999999,Concept,0,507,58,True
Real_ETH,ETH,0.14999999999999999,Concept,1,537,59,True
Real_ETH,ETH,0.14999999999999999,Concept,2,568,156,True
Real_ETH,ETH,0.14999999999999999,Concept,3,598,228,True
Real_ETH,ETH,0.14999999999999999,Concept,4,629,270,True
Real_ETH,ETH,0.14999999999999999,Concept,5,660,239,True
Real_ETH,ETH,0.14999999999999999,Concept,6,690,136,True
Real_ETH,ETH,0.14999999999999999,Concept,7,721,100,True
Real_ETH,ETH,0.14999999999999999,Concept,8,751,73,True
Real_ETH,ETH,0.14999999999999999,Concept,9,782,118,True
Real_ETH,ETH,0.14999999999999999,Concept,10,813,129,True
Real_ETH,ETH,0.14999999999999999,Concept,11,842,113,True
Real_ETH,ETH,0.14999999999999999,Concept,12,873,114,True
Real_ETH,ETH,0.14999999999999999,Concept,13,903,160,True
Real_ETH,ETH,0.14999999999999999,Concept,14,934,140,True
Real_ETH,ETH,0.14999999999999999,Concept,15,964,110,True
Real_ETH,ETH,0.14999999999999999,Concept,16,995,113,True
Real_ETH,ETH,0.14999999999999999,Concept,17,1026,107,True
Real_ETH,ETH,0.14999999999999999,Concept,18,1056,88,True
Real_ETH,ETH,0.14999999999999999,Concept,19,1087,69,True
Real_ETH,ETH,0.14999999999999999,Concept,20,1117,60,True
Real_ETH,ETH,0.14999999999999999,Concept,21,1148,-1,False
Real_ETH,ETH,0.14999999999999999,Concept,22,1179,-1,False
Real_ETH,ETH,0.14999999999999999,Concept,23,1207,-1,False
Real_ETH,ETH,0.14999999999999999,Concept,24,1238,-1,False
Real_ETH,ETH,0.14999999999999999,Concept,25,1268,-1,False
Real_ETH,ETH,0.14999999999999999,Concept,26,1299,-1,False
Real_ETH,ETH,0.14999999999999999,Concept,27,1329,-1,False
Real_ETH,ETH,0.14999999999999999,Concept,28,1360,-1,False
Real_ETH,ETH,0.14999999999999999,Concept,29,1391,-1,False
Real_ETH,ETH,0.14999999999999999,Concept,30,1421,-1,False
Real_ETH,ETH,0.14999999999999999,Concept,31,1452,-1,False
Real_ETH,ETH,0.14999999999999999,Concept,32,1482,-1,False
Real_ETH,ETH,0.14999999999999999,Concept,33,1513,-1,False
Real_ETH,ETH,0.14999999999999999,Concept,34,1544,-1,False
Real_ETH,ETH,0.14999999999999999,Concept,35,1572,-1,False
Real_ETH,ETH,0.14999999999999999,Concept,36,1603,-1,False
Real_ETH,ETH,0.14999999999999999,Concept,37,1633,-1,False
Real_ETH,ETH,0.14999999999999999,Concept,38,1664,248,True
Real_ETH,ETH,0.14999999999999999,Concept,39,1694,195,True
Real_ETH,ETH,0.14999999999999999,Concept,40,1725,164,True
Real_ETH,ETH,0.14999999999999999,Concept,41,1756,133,True
Real_ETH,ETH,0.14999999999999999,Concept,42,1786,103,True
Real_ETH,ETH,0.14999999999999999,Concept,43,1817,73,True
Real_ETH,ETH,0.14999999999999999,Concept,44,1847,43,True
Real_ETH,ETH,0.14999999999999999,Concept,45,1878,32,True
Real_ETH,ETH,0.14999999999999999,Concept,46,1909,122,True
Real_ETH,ETH,0.14999999999999999,Concept,47,1937,95,True
Real_ETH,ETH,0.14999999999999999,Concept,48,1968,101,True
Real_ETH,ETH,0.14999999999999999,Concept,49,1998,72,True
Real_ETH,ETH,0.14999999999999999,Concept,50,2029,58,True
Real_ETH,ETH,0.14999999999999999,Concept,51,2059,40,True
Real_ETH,ETH,0.14999999999999999,Concept,52,2090,61,True
Real_ETH,ETH,0.14999999999999999,Concept,53,2121,37,True
Real_ETH,ETH,0.14999999999999999,Concept,54,2151,39,True
Real_ETH,ETH,0.14999999999999999,Concept,55,2182,119,True
Real_ETH,ETH,0.14999999999999999,Concept,56,2212,93,True
Real_ETH,ETH,0.14999999999999999,Concept,57,2243,67,True
Real_ETH,ETH,0.14999999999999999,Concept,58,2274,-1,False
Real_ETH,ETH,0.14999999999999999,Concept,59,2303,-1,False
Real_ETH,ETH,0.14999999999999999,Concept,60,2334,-1,False
Real_ETH,ETH,0.14999999999999999,Concept,61,2364,-1,False
Real_ETH,ETH,0.14999999999999999,Concept,62,2395,421,True
Real_ETH,ETH,0.14999999999999999,Concept,63,2425,-1,False
Real_ETH,ETH,0.14999999999999999,Concept,64,2456,-1,False
Real_ETH,ETH,0.14999999999999999,Concept,65,2487,329,True
Real_ETH,ETH,0.14999999999999999,Concept,66,2517,-1,False
Real_ETH,ETH,0.14999999999999999,Concept,67,2548,-1,False
Real_ETH,ETH,0.14999999999999999,Concept,68,2578,-1,False
Real_ETH,ETH,0.14999999999999999,Concept,69,2609,-1,False
Real_ETH,ETH,0.14999999999999999,Concept,70,2640,-1,False
Real_ETH,ETH,0.14999999999999999,Concept,71,2668,-1,False
Real_ETH,ETH,0.14999999999999999,Eco,0,507,310,True
Real_ETH,ETH,0.14999999999999999,Eco,1,537,280,True
Real_ETH,ETH,0.14999999999999999,Eco,2,568,366,True
Real_ETH,ETH,0.14999999999999999,Eco,3,598,384,True
Real_ETH,ETH,0.14999999999999999,Eco,4,629,358,True
Real_ETH,ETH,0.14999999999999999,Eco,5,660,325,True
Real_ETH,ETH,0.14999999999999999,Eco,6,690,295,True
Real_ETH,ETH,0.14999999999999999,Eco,7,721,267,True
Real_ETH,ETH,0.14999999999999999,Eco,8,751,235,True
Real_ETH,ETH,0.14999999999999999,Eco,9,782,211,True
Real_ETH,ETH,0.14999999999999999,Eco,10,813,211,True
Real_ETH,ETH,0.14999999999999999,Eco,11,842,184,True
Real_ETH,ETH,0.14999999999999999,Eco,12,873,152,True
Real_ETH,ETH,0.14999999999999999,Eco,13,903,241,True
Real_ETH,ETH,0.14999999999999999,Eco,14,934,216,True
Real_ETH,ETH,0.14999999999999999,Eco,15,964,186,True
Real_ETH,ETH,0.14999999999999999,Eco,16,995,244,True
Real_ETH,ETH,0.14999999999999999,Eco,17,1026,213,True
Real_ETH,ETH,0.14999999999999999,Eco,18,1056,140,True
Real_ETH,ETH,0.14999999999999999,Eco,19,1087,163,True
Real_ETH,ETH,0.14999999999999999,Eco,20,1117,278,True
Real_ETH,ETH,0.14999999999999999,Eco,21,1148,-1,False
Real_ETH,ETH,0.14999999999999999,Eco,22,1179,-1,False
Real_ETH,ETH,0.14999999999999999,Eco,23,1207,-1,False
Real_ETH,ETH,0.14999999999999999,Eco,24,1238,-1,False
Real_ETH,ETH,0.14999999999999999,Eco,25,1268,-1,False
Real_ETH,ETH,0.14999999999999999,Eco,26,1299,-1,False
Real_ETH,ETH,0.14999999999999999,Eco,27,1329,-1,False
Real_ETH,ETH,0.14999999999999999,Eco,28,1360,-1,False
Real_ETH,ETH,0.14999999999999999,Eco,29,1391,-1,False
Real_ETH,ETH,0.14999999999999999,Eco,30,1421,-1,False
Real_ETH,ETH,0.14999999999999999,Eco,31,1452,-1,False
Real_ETH,ETH,0.14999999999999999,Eco,32,1482,-1,False
Real_ETH,ETH,0.14999999999999999,Eco,33,1513,-1,False
Real_ETH,ETH,0.14999999999999999,Eco,34,1544,-1,False
Real_ETH,ETH,0.14999999999999999,Eco,35,1572,-1,False
Real_ETH,ETH,0.14999999999999999,Eco,36,1603,-1,False
Real_ETH,ETH,0.14999999999999999,Eco,37,1633,-1,False
Real_ETH,ETH,0.14999999999999999,Eco,38,1664,433,True
Real_ETH,ETH,0.14999999999999999,Eco,39,1694,277,True
Real_ETH,ETH,0.14999999999999999,Eco,40,1725,346,True
Real_ETH,ETH,0.14999999999999999,Eco,41,1756,293,True
Real_ETH,ETH,0.14999999999999999,Eco,42,1786,263,True
Real_ETH,ETH,0.14999999999999999,Eco,43,1817,356,True
Real_ETH,ETH,0.14999999999999999,Eco,44,1847,339,True
Real_ETH,ETH,0.14999999999999999,Eco,45,1878,270,True
Real_ETH,ETH,0.14999999999999999,Eco,46,1909,281,True
Real_ETH,ETH,0.14999999999999999,Eco,47,1937,252,True
Real_ETH,ETH,0.14999999999999999,Eco,48,1968,246,True
Real_ETH,ETH,0.14999999999999999,Eco,49,1998,220,True
Real_ETH,ETH,0.14999999999999999,Eco,50,2029,187,True
Real_ETH,ETH,0.14999999999999999,Eco,51,2059,193,True
Real_ETH,ETH,0.14999999999999999,Eco,52,2090,189,True
Real_ETH,ETH,0.14999999999999999,Eco,53,2121,132,True
Real_ETH,ETH,0.14999999999999999,Eco,54,2151,140,True
Real_ETH,ETH,0.14999999999999999,Eco,55,2182,-1,False
Real_ETH,ETH,0.14999999999999999,Eco,56,2212,-1,False
Real_ETH,ETH,0.14999999999999999,Eco,57,2243,-1,False
Real_ETH,ETH,0.14999999999999999,Eco,58,2274,-1,False
Real_ETH,ETH,0.14999999999999999,Eco,59,2303,-1,False
Real_ETH,ETH,0.14999999999999999,Eco,60,2334,-1,False
Real_ETH,ETH,0.14999999999999999,Eco,61,2364,-1,False
Real_ETH,ETH,0.14999999999999999,Eco,62,2395,-1,False
Real_ETH,ETH,0.14999999999999999,Eco,63,2425,-1,False
Real_ETH,ETH,0.14999999999999999,Eco,64,2456,-1,False
Real_ETH,ETH,0.14999999999999999,Eco,65,2487,355,True
Real_ETH,ETH,0.14999999999999999,Eco,66,2517,346,True
Real_ETH,ETH,0.14999999999999999,Eco,67,2548,315,True
Real_ETH,ETH,0.14999999999999999,Eco,68,2578,-1,False
Real_ETH,ETH,0.14999999999999999,Eco,69,2609,-1,False
Real_ETH,ETH,0.14999999999999999,Eco,70,2640,-1,False
Real_ETH,ETH,0.14999999999999999,Eco,71,2668,-1,False
Real_ETH,ETH,0.20000000000000001,Concept,0,507,58,True
Real_ETH,ETH,0.20000000000000001,Concept,1,537,54,True
Real_ETH,ETH,0.20000000000000001,Concept,2,568,108,True
Real_ETH,ETH,0.20000000000000001,Concept,3,598,126,True
Real_ETH,ETH,0.20000000000000001,Concept,4,629,96,True
Real_ETH,ETH,0.20000000000000001,Concept,5,660,97,True
Real_ETH,ETH,0.20000000000000001,Concept,6,690,119,True
Real_ETH,ETH,0.20000000000000001,Concept,7,721,98,True
Real_ETH,ETH,0.20000000000000001,Concept,8,751,73,True
Real_ETH,ETH,0.20000000000000001,Concept,9,782,43,True
Real_ETH,ETH,0.20000000000000001,Concept,10,813,129,True
Real_ETH,ETH,0.20000000000000001,Concept,11,842,113,True
Real_ETH,ETH,0.20000000000000001,Concept,12,873,97,True
Real_ETH,ETH,0.20000000000000001,Concept,13,903,83,True
Real_ETH,ETH,0.20000000000000001,Concept,14,934,61,True
Real_ETH,ETH,0.20000000000000001,Concept,15,964,46,True
Real_ETH,ETH,0.20000000000000001,Concept,16,995,113,True
Real_ETH,ETH,0.20000000000000001,Concept,17,1026,84,True
Real_ETH,ETH,0.20000000000000001,Concept,18,1056,78,True
Real_ETH,ETH,0.20000000000000001,Concept,19,1087,66,True
Real_ETH,ETH,0.20000000000000001,Concept,20,1117,60,True
Real_ETH,ETH,0.20000000000000001,Concept,21,1148,130,True
Real_ETH,ETH,0.20000000000000001,Concept,22,1179,-1,False
Real_ETH,ETH,0.20000000000000001,Concept,23,1207,-1,False
Real_ETH,ETH,0.20000000000000001,Concept,24,1238,-1,False
Real_ETH,ETH,0.20000000000000001,Concept,25,1268,-1,False
Real_ETH,ETH,0.20000000000000001,Concept,26,1299,-1,False
Real_ETH,ETH,0.20000000000000001,Concept,27,1329,-1,False
Real_ETH,ETH,0.20000000000000001,Concept,28,1360,-1,False
Real_ETH,ETH,0.20000000000000001,Concept,29,1391,-1,False
Real_ETH,ETH,0.20000000000000001,Concept,30,1421,491,True
Real_ETH,ETH,0.20000000000000001,Concept,31,1452,460,True
Real_ETH,ETH,0.20000000000000001,Concept,32,1482,-1,False
Real_ETH,ETH,0.20000000000000001,Concept,33,1513,399,True
Real_ETH,ETH,0.20000000000000001,Concept,34,1544,348,True
Real_ETH,ETH,0.20000000000000001,Concept,35,1572,320,True
Real_ETH,ETH,0.20000000000000001,Concept,36,1603,289,True
Real_ETH,ETH,0.20000000000000001,Concept,37,1633,257,True
Real_ETH,ETH,0.20000000000000001,Concept,38,1664,225,True
Real_ETH,ETH,0.20000000000000001,Concept,39,1694,195,True
Real_ETH,ETH,0.20000000000000001,Concept,40,1725,164,True
Real_ETH,ETH,0.20000000000000001,Concept,41,1756,133,True
Real_ETH,ETH,0.20000000000000001,Concept,42,1786,98,True
Real_ETH,ETH,0.20000000000000001,Concept,43,1817,68,True
Real_ETH,ETH,0.20000000000000001,Concept,44,1847,41,True
Real_ETH,ETH,0.20000000000000001,Concept,45,1878,32,True
Real_ETH,ETH,0.20000000000000001,Concept,46,1909,68,True
Real_ETH,ETH,0.20000000000000001,Concept,47,1937,44,True
Real_ETH,ETH,0.20000000000000001,Concept,48,1968,59,True
Real_ETH,ETH,0.20000000000000001,Concept,49,1998,47,True
Real_ETH,ETH,0.20000000000000001,Concept,50,2029,46,True
Real_ETH,ETH,0.20000000000000001,Concept,51,2059,37,True
Real_ETH,ETH,0.20000000000000001,Concept,52,2090,56,True
Real_ETH,ETH,0.20000000000000001,Concept,53,2121,30,True
Real_ETH,ETH,0.20000000000000001,Concept,54,2151,36,True
Real_ETH,ETH,0.20000000000000001,Concept,55,2182,94,True
Real_ETH,ETH,0.20000000000000001,Concept,56,2212,80,True
Real_ETH,ETH,0.20000000000000001,Concept,57,2243,49,True
Real_ETH,ETH,0.20000000000000001,Concept,58,2274,37,True
Real_ETH,ETH,0.20000000000000001,Concept,59,2303,466,True
Real_ETH,ETH,0.20000000000000001,Concept,60,2334,480,True
Real_ETH,ETH,0.20000000000000001,Concept,61,2364,445,True
Real_ETH,ETH,0.20000000000000001,Concept,62,2395,409,True
Real_ETH,ETH,0.20000000000000001,Concept,63,2425,379,True
Real_ETH,ETH,0.20000000000000001,Concept,64,2456,355,True
Real_ETH,ETH,0.20000000000000001,Concept,65,2487,279,True
Real_ETH,ETH,0.20000000000000001,Concept,66,2517,287,True
Real_ETH,ETH,0.20000000000000001,Concept,67,2548,256,True
Real_ETH,ETH,0.20000000000000001,Concept,68,2578,226,True
Real_ETH,ETH,0.20000000000000001,Concept,69,2609,205,True
Real_ETH,ETH,0.20000000000000001,Concept,70,2640,174,True
Real_ETH,ETH,0.20000000000000001,Concept,71,2668,136,True
Real_ETH,ETH,0.20000000000000001,Eco,0,507,217,True
Real_ETH,ETH,0.20000000000000001,Eco,1,537,247,True
Real_ETH,ETH,0.20000000000000001,Eco,2,568,251,True
Real_ETH,ETH,0.20000000000000001,Eco,3,598,228,True
Real_ETH,ETH,0.20000000000000001,Eco,4,629,290,True
Real_ETH,ETH,0.20000000000000001,Eco,5,660,241,True
Real_ETH,ETH,0.20000000000000001,Eco,6,690,239,True
Real_ETH,ETH,0.20000000000000001,Eco,7,721,234,True
Real_ETH,ETH,0.20000000000000001,Eco,8,751,189,True
Real_ETH,ETH,0.20000000000000001,Eco,9,782,189,True
Real_ETH,ETH,0.20000000000000001,Eco,10,813,181,True
Real_ETH,ETH,0.20000000000000001,Eco,11,842,153,True
Real_ETH,ETH,0.20000000000000001,Eco,12,873,122,True
Real_ETH,ETH,0.20000000000000001,Eco,13,903,194,True
Real_ETH,ETH,0.20000000000000001,Eco,14,934,175,True
Real_ETH,ETH,0.20000000000000001,Eco,15,964,152,True
Real_ETH,ETH,0.20000000000000001,Eco,16,995,161,True
Real_ETH,ETH,0.20000000000000001,Eco,17,1026,155,True
Real_ETH,ETH,0.20000000000000001,Eco,18,1056,124,True
Real_ETH,ETH,0.20000000000000001,Eco,19,1087,132,True
Real_ETH,ETH,0.20000000000000001,Eco,20,1117,153,True
Real_ETH,ETH,0.20000000000000001,Eco,21,1148,243,True
Real_ETH,ETH,0.20000000000000001,Eco,22,1179,-1,False
Real_ETH,ETH,0.20000000000000001,Eco,23,1207,-1,False
Real_ETH,ETH,0.20000000000000001,Eco,24,1238,-1,False
Real_ETH,ETH,0.20000000000000001,Eco,25,1268,-1,False
Real_ETH,ETH,0.20000000000000001,Eco,26,1299,-1,False
Real_ETH,ETH,0.20000000000000001,Eco,27,1329,-1,False
Real_ETH,ETH,0.20000000000000001,Eco,28,1360,-1,False
Real_ETH,ETH,0.20000000000000001,Eco,29,1391,-1,False
Real_ETH,ETH,0.20000000000000001,Eco,30,1421,-1,False
Real_ETH,ETH,0.20000000000000001,Eco,31,1452,-1,False
Real_ETH,ETH,0.20000000000000001,Eco,32,1482,-1,False
Real_ETH,ETH,0.20000000000000001,Eco,33,1513,-1,False
Real_ETH,ETH,0.20000000000000001,Eco,34,1544,-1,False
Real_ETH,ETH,0.20000000000000001,Eco,35,1572,-1,False
Real_ETH,ETH,0.20000000000000001,Eco,36,1603,-1,False
Real_ETH,ETH,0.20000000000000001,Eco,37,1633,392,True
Real_ETH,ETH,0.20000000000000001,Eco,38,1664,285,True
Real_ETH,ETH,0.20000000000000001,Eco,39,1694,212,True
Real_ETH,ETH,0.20000000000000001,Eco,40,1725,247,True
Real_ETH,ETH,0.20000000000000001,Eco,41,1756,209,True
Real_ETH,ETH,0.20000000000000001,Eco,42,1786,185,True
Real_ETH,ETH,0.20000000000000001,Eco,43,1817,208,True
Real_ETH,ETH,0.20000000000000001,Eco,44,1847,211,True
Real_ETH,ETH,0.20000000000000001,Eco,45,1878,171,True
Real_ETH,ETH,0.20000000000000001,Eco,46,1909,218,True
Real_ETH,ETH,0.20000000000000001,Eco,47,1937,201,True
Real_ETH,ETH,0.20000000000000001,Eco,48,1968,205,True
Real_ETH,ETH,0.20000000000000001,Eco,49,1998,187,True
Real_ETH,ETH,0.20000000000000001,Eco,50,2029,160,True
Real_ETH,ETH,0.20000000000000001,Eco,51,2059,154,True
Real_ETH,ETH,0.20000000000000001,Eco,52,2090,143,True
Real_ETH,ETH,0.20000000000000001,Eco,53,2121,112,True
Real_ETH,ETH,0.20000000000000001,Eco,54,2151,131,True
Real_ETH,ETH,0.20000000000000001,Eco,55,2182,124,True
Real_ETH,ETH,0.20000000000000001,Eco,56,2212,232,True
Real_ETH,ETH,0.20000000000000001,Eco,57,2243,325,True
Real_ETH,ETH,0.20000000000000001,Eco,58,2274,-1,False
Real_ETH,ETH,0.20000000000000001,Eco,59,2303,-1,False
Real_ETH,ETH,0.20000000000000001,Eco,60,2334,-1,False
Real_ETH,ETH,0.20000000000000001,Eco,61,2364,-1,False
Real_ETH,ETH,0.20000000000000001,Eco,62,2395,-1,False
Real_ETH,ETH,0.20000000000000001,Eco,63,2425,407,True
Real_ETH,ETH,0.20000000000000001,Eco,64,2456,373,True
Real_ETH,ETH,0.20000000000000001,Eco,65,2487,318,True
Real_ETH,ETH,0.20000000000000001,Eco,66,2517,310,True
Real_ETH,ETH,0.20000000000000001,Eco,67,2548,281,True
Real_ETH,ETH,0.20000000000000001,Eco,68,2578,254,True
Real_ETH,ETH,0.20000000000000001,Eco,69,2609,223,True
Real_ETH,ETH,0.20000000000000001,Eco,70,2640,192,True
Real_ETH,ETH,0.20000000000000001,Eco,71,2668,161,True
Real_ETH,ETH,0.25,Concept,0,507,56,True
Real_ETH,ETH,0.25,Concept,1,537,54,True
Real_ETH,ETH,0.25,Concept,2,568,103,True
Real_ETH,ETH,0.25,Concept,3,598,119,True
Real_ETH,ETH,0.25,Concept,4,629,93,True
Real_ETH,ETH,0.25,Concept,5,660,64,True
Real_ETH,ETH,0.25,Concept,6,690,104,True
Real_ETH,ETH,0.25,Concept,7,721,86,True
Real_ETH,ETH,0.25,Concept,8,751,63,True
Real_ETH,ETH,0.25,Concept,9,782,34,True
Real_ETH,ETH,0.25,Concept,10,813,91,True
Real_ETH,ETH,0.25,Concept,11,842,101,True
Real_ETH,ETH,0.25,Concept,12,873,59,True
Real_ETH,ETH,0.25,Concept,13,903,73,True
Real_ETH,ETH,0.25,Concept,14,934,49,True
Real_ETH,ETH,0.25,Concept,15,964,26,True
Real_ETH,ETH,0.25,Concept,16,995,71,True
Real_ETH,ETH,0.25,Concept,17,1026,72,True
Real_ETH,ETH,0.25,Concept,18,1056,53,True
Real_ETH,ETH,0.25,Concept,19,1087,64,True
Real_ETH,ETH,0.25,Concept,20,1117,50,True
Real_ETH,ETH,0.25,Concept,21,1148,102,True
Real_ETH,ETH,0.25,Concept,22,1179,96,True
Real_ETH,ETH,0.25,Concept,23,1207,68,True
Real_ETH,ETH,0.25,Concept,24,1238,132,True
Real_ETH,ETH,0.25,Concept,25,1268,-1,False
Real_ETH,ETH,0.25,Concept,26,1299,90,True
Real_ETH,ETH,0.25,Concept,27,1329,62,True
Real_ETH,ETH,0.25,Concept,28,1360,-1,False
Real_ETH,ETH,0.25,Concept,29,1391,499,True
Real_ETH,ETH,0.25,Concept,30,1421,468,True
Real_ETH,ETH,0.25,Concept,31,1452,437,True
Real_ETH,ETH,0.25,Concept,32,1482,408,True
Real_ETH,ETH,0.25,Concept,33,1513,377,True
Real_ETH,ETH,0.25,Concept,34,1544,346,True
Real_ETH,ETH,0.25,Concept,35,1572,317,True
Real_ETH,ETH,0.25,Concept,36,1603,286,True
Real_ETH,ETH,0.25,Concept,37,1633,257,True
Real_ETH,ETH,0.25,Concept,38,1664,220,True
Real_ETH,ETH,0.25,Concept,39,1694,178,True
Real_ETH,ETH,0.25,Concept,40,1725,156,True
Real_ETH,ETH,0.25,Concept,41,1756,125,True
Real_ETH,ETH,0.25,Concept,42,1786,91,True
Real_ETH,ETH,0.25,Concept,43,1817,65,True
Real_ETH,ETH,0.25,Concept,44,1847,38,True
Real_ETH,ETH,0.25,Concept,45,1878,32,True
Real_ETH,ETH,0.25,Concept,46,1909,63,True
Real_ETH,ETH,0.25,Concept,47,1937,44,True
Real_ETH,ETH,0.25,Concept,48,1968,47,True
Real_ETH,ETH,0.25,Concept,49,1998,34,True
Real_ETH,ETH,0.25,Concept,50,2029,39,True
Real_ETH,ETH,0.25,Concept,51,2059,31,True
Real_ETH,ETH,0.25,Concept,52,2090,39,True
Real_ETH,ETH,0.25,Concept,53,2121,26,True
Real_ETH,ETH,0.25,Concept,54,2151,36,True
Real_ETH,ETH,0.25,Concept,55,2182,71,True
Real_ETH,ETH,0.25,Concept,56,2212,67,True
Real_ETH,ETH,0.25,Concept,57,2243,45,True
Real_ETH,ETH,0.25,Concept,58,2274,19,True
Real_ETH,ETH,0.25,Concept,59,2303,453,True
Real_ETH,ETH,0.25,Concept,60,2334,428,True
Real_ETH,ETH,0.25,Concept,61,2364,392,True
Real_ETH,ETH,0.25,Concept,62,2395,361,True
Real_ETH,ETH,0.25,Concept,63,2425,337,True
Real_ETH,ETH,0.25,Concept,64,2456,300,True
Real_ETH,ETH,0.25,Concept,65,2487,268,True
Real_ETH,ETH,0.25,Concept,66,2517,239,True
Real_ETH,ETH,0.25,Concept,67,2548,208,True
Real_ETH,ETH,0.25,Concept,68,2578,184,True
Real_ETH,ETH,0.25,Concept,69,2609,153,True
Real_ETH,ETH,0.25,Concept,70,2640,122,True
Real_ETH,ETH,0.25,Concept,71,2668,88,True
Real_ETH,ETH,0.25,Eco,0,507,166,True
Real_ETH,ETH,0.25,Eco,1,537,166,True
Real_ETH,ETH,0.25,Eco,2,568,227,True
Real_ETH,ETH,0.25,Eco,3,598,215,True
Real_ETH,ETH,0.25,Eco,4,629,192,True
Real_ETH,ETH,0.25,Eco,5,660,161,True
Real_ETH,ETH,0.25,Eco,6,690,136,True
Real_ETH,ETH,0.25,Eco,7,721,198,True
Real_ETH,ETH,0.25,Eco,8,751,168,True
Real_ETH,ETH,0.25,Eco,9,782,150,True
Real_ETH,ETH,0.25,Eco,10,813,173,True
Real_ETH,ETH,0.25,Eco,11,842,146,True
Real_ETH,ETH,0.25,Eco,12,873,113,True
Real_ETH,ETH,0.25,Eco,13,903,163,True
Real_ETH,ETH,0.25,Eco,14,934,158,True
Real_ETH,ETH,0.25,Eco,15,964,135,True
Real_ETH,ETH,0.25,Eco,16,995,154,True
Real_ETH,ETH,0.25,Eco,17,1026,125,True
Real_ETH,ETH,0.25,Eco,18,1056,95,True
Real_ETH,ETH,0.25,Eco,19,1087,99,True
Real_ETH,ETH,0.25,Eco,20,1117,146,True
Real_ETH,ETH,0.25,Eco,21,1148,127,True
Real_ETH,ETH,0.25,Eco,22,1179,214,True
Real_ETH,ETH,0.25,Eco,23,1207,233,True
Real_ETH,ETH,0.25,Eco,24,1238,361,True
Real_ETH,ETH,0.25,Eco,25,1268,-1,False
Real_ETH,ETH,0.25,Eco,26,1299,-1,False
Real_ETH,ETH,0.25,Eco,27,1329,264,True
Real_ETH,ETH,0.25,Eco,28,1360,-1,False
Real_ETH,ETH,0.25,Eco,29,1391,-1,False
Real_ETH,ETH,0.25,Eco,30,1421,-1,False
Real_ETH,ETH,0.25,Eco,31,1452,-1,False
Real_ETH,ETH,0.25,Eco,32,1482,-1,False
Real_ETH,ETH,0.25,Eco,33,1513,444,True
Real_ETH,ETH,0.25,Eco,34,1544,409,True
Real_ETH,ETH,0.25,Eco,35,1572,399,True
Real_ETH,ETH,0.25,Eco,36,1603,350,True
Real_ETH,ETH,0.25,Eco,37,1633,290,True
Real_ETH,ETH,0.25,Eco,38,1664,227,True
Real_ETH,ETH,0.25,Eco,39,1694,189,True
Real_ETH,ETH,0.25,Eco,40,1725,198,True
Real_ETH,ETH,0.25,Eco,41,1756,169,True
Real_ETH,ETH,0.25,Eco,42,1786,151,True
Real_ETH,ETH,0.25,Eco,43,1817,160,True
Real_ETH,ETH,0.25,Eco,44,1847,155,True
Real_ETH,ETH,0.25,Eco,45,1878,124,True
Real_ETH,ETH,0.25,Eco,46,1909,151,True
Real_ETH,ETH,0.25,Eco,47,1937,144,True
Real_ETH,ETH,0.25,Eco,48,1968,166,True
Real_ETH,ETH,0.25,Eco,49,1998,153,True
Real_ETH,ETH,0.25,Eco,50,2029,142,True
Real_ETH,ETH,0.25,Eco,51,2059,131,True
Real_ETH,ETH,0.25,Eco,52,2090,116,True
Real_ETH,ETH,0.25,Eco,53,2121,94,True
Real_ETH,ETH,0.25,Eco,54,2151,101,True
Real_ETH,ETH,0.25,Eco,55,2182,116,True
Real_ETH,ETH,0.25,Eco,56,2212,101,True
Real_ETH,ETH,0.25,Eco,57,2243,182,True
Real_ETH,ETH,0.25,Eco,58,2274,283,True
Real_ETH,ETH,0.25,Eco,59,2303,-1,False
Real_ETH,ETH,0.25,Eco,60,2334,495,True
Real_ETH,ETH,0.25,Eco,61,2364,469,True
Real_ETH,ETH,0.25,Eco,62,2395,468,True
Real_ETH,ETH,0.25,Eco,63,2425,380,True
Real_ETH,ETH,0.25,Eco,64,2456,343,True
Real_ETH,ETH,0.25,Eco,65,2487,263,True
Real_ETH,ETH,0.25,Eco,66,2517,281,True
Real_ETH,ETH,0.25,Eco,67,2548,256,True
Real_ETH,ETH,0.25,Eco,68,2578,238,True
Real_ETH,ETH,0.25,Eco,69,2609,207,True
Real_ETH,ETH,0.25,Eco,70,2640,187,True
Real_ETH,ETH,0.25,Eco,71,2668,142,True
Real_ETH,ETH,0.34999999999999998,Concept,0,507,39,True
Real_ETH,ETH,0.34999999999999998,Concept,1,537,47,True
Real_ETH,ETH,0.34999999999999998,Concept,2,568,38,True
Real_ETH,ETH,0.34999999999999998,Concept,3,598,74,True
Real_ETH,ETH,0.34999999999999998,Concept,4,629,51,True
Real_ETH,ETH,0.34999999999999998,Concept,5,660,54,True
Real_ETH,ETH,0.34999999999999998,Concept,6,690,59,True
Real_ETH,ETH,0.34999999999999998,Concept,7,721,59,True
Real_ETH,ETH,0.34999999999999998,Concept,8,751,42,True
Real_ETH,ETH,0.34999999999999998,Concept,9,782,26,True
Real_ETH,ETH,0.34999999999999998,Concept,10,813,86,True
Real_ETH,ETH,0.34999999999999998,Concept,11,842,68,True
Real_ETH,ETH,0.34999999999999998,Concept,12,873,42,True
Real_ETH,ETH,0.34999999999999998,Concept,13,903,37,True
Real_ETH,ETH,0.34999999999999998,Concept,14,934,39,True
Real_ETH,ETH,0.34999999999999998,Concept,15,964,24,True
Real_ETH,ETH,0.34999999999999998,Concept,16,995,58,True
Real_ETH,ETH,0.34999999999999998,Concept,17,1026,54,True
Real_ETH,ETH,0.34999999999999998,Concept,18,1056,43,True
Real_ETH,ETH,0.34999999999999998,Concept,19,1087,64,True
Real_ETH,ETH,0.34999999999999998,Concept,20,1117,40,True
Real_ETH,ETH,0.34999999999999998,Concept,21,1148,49,True
Real_ETH,ETH,0.34999999999999998,Concept,22,1179,71,True
Real_ETH,ETH,0.34999999999999998,Concept,23,1207,61,True
Real_ETH,ETH,0.34999999999999998,Concept,24,1238,127,True
Real_ETH,ETH,0.34999999999999998,Concept,25,1268,121,True
Real_ETH,ETH,0.34999999999999998,Concept,26,1299,90,True
Real_ETH,ETH,0.34999999999999998,Concept,27,1329,62,True
Real_ETH,ETH,0.34999999999999998,Concept,28,1360,99,True
Real_ETH,ETH,0.34999999999999998,Concept,29,1391,215,True
Real_ETH,ETH,0.34999999999999998,Concept,30,1421,184,True
Real_ETH,ETH,0.34999999999999998,Concept,31,1452,416,True
Real_ETH,ETH,0.34999999999999998,Concept,32,1482,396,True
Real_ETH,ETH,0.34999999999999998,Concept,33,1513,93,True
Real_ETH,ETH,0.34999999999999998,Concept,34,1544,270,True
Real_ETH,ETH,0.34999999999999998,Concept,35,1572,219,True
Real_ETH,ETH,0.34999999999999998,Concept,36,1603,205,True
Real_ETH,ETH,0.34999999999999998,Concept,37,1633,175,True
Real_ETH,ETH,0.34999999999999998,Concept,38,1664,101,True
Real_ETH,ETH,0.34999999999999998,Concept,39,1694,64,True
Real_ETH,ETH,0.34999999999999998,Concept,40,1725,72,True
Real_ETH,ETH,0.34999999999999998,Concept,41,1756,51,True
Real_ETH,ETH,0.34999999999999998,Concept,42,1786,31,True
Real_ETH,ETH,0.34999999999999998,Concept,43,1817,55,True
Real_ETH,ETH,0.34999999999999998,Concept,44,1847,32,True
Real_ETH,ETH,0.34999999999999998,Concept,45,1878,27,True
Real_ETH,ETH,0.34999999999999998,Concept,46,1909,59,True
Real_ETH,ETH,0.34999999999999998,Concept,47,1937,44,True
Real_ETH,ETH,0.34999999999999998,Concept,48,1968,34,True
Real_ETH,ETH,0.34999999999999998,Concept,49,1998,27,True
Real_ETH,ETH,0.34999999999999998,Concept,50,2029,34,True
Real_ETH,ETH,0.34999999999999998,Concept,51,2059,26,True
Real_ETH,ETH,0.34999999999999998,Concept,52,2090,26,True
Real_ETH,ETH,0.34999999999999998,Concept,53,2121,24,True
Real_ETH,ETH,0.34999999999999998,Concept,54,2151,31,True
Real_ETH,ETH,0.34999999999999998,Concept,55,2182,34,True
Real_ETH,ETH,0.34999999999999998,Concept,56,2212,64,True
Real_ETH,ETH,0.34999999999999998,Concept,57,2243,42,True
Real_ETH,ETH,0.34999999999999998,Concept,58,2274,19,True
Real_ETH,ETH,0.34999999999999998,Concept,59,2303,142,True
Real_ETH,ETH,0.34999999999999998,Concept,60,2334,196,True
Real_ETH,ETH,0.34999999999999998,Concept,61,2364,166,True
Real_ETH,ETH,0.34999999999999998,Concept,62,2395,136,True
Real_ETH,ETH,0.34999999999999998,Concept,63,2425,108,True
Real_ETH,ETH,0.34999999999999998,Concept,64,2456,76,True
Real_ETH,ETH,0.34999999999999998,Concept,65,2487,47,True
Real_ETH,ETH,0.34999999999999998,Concept,66,2517,41,True
Real_ETH,ETH,0.34999999999999998,Concept,67,2548,207,True
Real_ETH,ETH,0.34999999999999998,Concept,68,2578,177,True
Real_ETH,ETH,0.34999999999999998,Concept,69,2609,146,True
Real_ETH,ETH,0.34999999999999998,Concept,70,2640,115,True
Real_ETH,ETH,0.34999999999999998,Concept,71,2668,87,True
Real_ETH,ETH,0.34999999999999998,Eco,0,507,81,True
Real_ETH,ETH,0.34999999999999998,Eco,1,537,117,True
Real_ETH,ETH,0.34999999999999998,Eco,2,568,147,True
Real_ETH,ETH,0.34999999999999998,Eco,3,598,167,True
Real_ETH,ETH,0.34999999999999998,Eco,4,629,162,True
Real_ETH,ETH,0.34999999999999998,Eco,5,660,135,True
Real_ETH,ETH,0.34999999999999998,Eco,6,690,121,True
Real_ETH,ETH,0.34999999999999998,Eco,7,721,103,True
Real_ETH,ETH,0.34999999999999998,Eco,8,751,96,True
Real_ETH,ETH,0.34999999999999998,Eco,9,782,119,True
Real_ETH,ETH,0.34999999999999998,Eco,10,813,142,True
Real_ETH,ETH,0.34999999999999998,Eco,11,842,122,True
Real_ETH,ETH,0.34999999999999998,Eco,12,873,94,True
Real_ETH,ETH,0.34999999999999998,Eco,13,903,96,True
Real_ETH,ETH,0.34999999999999998,Eco,14,934,92,True
Real_ETH,ETH,0.34999999999999998,Eco,15,964,105,True
Real_ETH,ETH,0.34999999999999998,Eco,16,995,112,True
Real_ETH,ETH,0.34999999999999998,Eco,17,1026,109,True
Real_ETH,ETH,0.34999999999999998,Eco,18,1056,88,True
Real_ETH,ETH,0.34999999999999998,Eco,19,1087,78,True
Real_ETH,ETH,0.34999999999999998,Eco,20,1117,119,True
Real_ETH,ETH,0.34999999999999998,Eco,21,1148,115,True
Real_ETH,ETH,0.34999999999999998,Eco,22,1179,178,True
Real_ETH,ETH,0.34999999999999998,Eco,23,1207,158,True
Real_ETH,ETH,0.34999999999999998,Eco,24,1238,155,True
Real_ETH,ETH,0.34999999999999998,Eco,25,1268,190,True
Real_ETH,ETH,0.34999999999999998,Eco,26,1299,146,True
Real_ETH,ETH,0.34999999999999998,Eco,27,1329,119,True
Real_ETH,ETH,0.34999999999999998,Eco,28,1360,229,True
Real_ETH,ETH,0.34999999999999998,Eco,29,1391,343,True
Real_ETH,ETH,0.34999999999999998,Eco,30,1421,215,True
Real_ETH,ETH,0.34999999999999998,Eco,31,1452,362,True
Real_ETH,ETH,0.34999999999999998,Eco,32,1482,377,True
Real_ETH,ETH,0.34999999999999998,Eco,33,1513,294,True
Real_ETH,ETH,0.34999999999999998,Eco,34,1544,266,True
Real_ETH,ETH,0.34999999999999998,Eco,35,1572,287,True
Real_ETH,ETH,0.34999999999999998,Eco,36,1603,269,True
Real_ETH,ETH,0.34999999999999998,Eco,37,1633,223,True
Real_ETH,ETH,0.34999999999999998,Eco,38,1664,147,True
Real_ETH,ETH,0.34999999999999998,Eco,39,1694,117,True
Real_ETH,ETH,0.34999999999999998,Eco,40,1725,156,True
Real_ETH,ETH,0.34999999999999998,Eco,41,1756,132,True
Real_ETH,ETH,0.34999999999999998,Eco,42,1786,110,True
Real_ETH,ETH,0.34999999999999998,Eco,43,1817,118,True
Real_ETH,ETH,0.34999999999999998,Eco,44,1847,110,True
Real_ETH,ETH,0.34999999999999998,Eco,45,1878,92,True
Real_ETH,ETH,0.34999999999999998,Eco,46,1909,109,True
Real_ETH,ETH,0.34999999999999998,Eco,47,1937,110,True
Real_ETH,ETH,0.34999999999999998,Eco,48,1968,103,True
Real_ETH,ETH,0.34999999999999998,Eco,49,1998,102,True
Real_ETH,ETH,0.34999999999999998,Eco,50,2029,104,True
Real_ETH,ETH,0.34999999999999998,Eco,51,2059,105,True
Real_ETH,ETH,0.34999999999999998,Eco,52,2090,91,True
Real_ETH,ETH,0.34999999999999998,Eco,53,2121,69,True
Real_ETH,ETH,0.34999999999999998,Eco,54,2151,81,True
Real_ETH,ETH,0.34999999999999998,Eco,55,2182,100,True
Real_ETH,ETH,0.34999999999999998,Eco,56,2212,89,True
Real_ETH,ETH,0.34999999999999998,Eco,57,2243,125,True
Real_ETH,ETH,0.34999999999999998,Eco,58,2274,115,True
Real_ETH,ETH,0.34999999999999998,Eco,59,2303,255,True
Real_ETH,ETH,0.34999999999999998,Eco,60,2334,247,True
Real_ETH,ETH,0.34999999999999998,Eco,61,2364,219,True
Real_ETH,ETH,0.34999999999999998,Eco,62,2395,346,True
Real_ETH,ETH,0.34999999999999998,Eco,63,2425,187,True
Real_ETH,ETH,0.34999999999999998,Eco,64,2456,127,True
Real_ETH,ETH,0.34999999999999998,Eco,65,2487,105,True
Real_ETH,ETH,0.34999999999999998,Eco,66,2517,212,True
Real_ETH,ETH,0.34999999999999998,Eco,67,2548,188,True
Real_ETH,ETH,0.34999999999999998,Eco,68,2578,226,True
Real_ETH,ETH,0.34999999999999998,Eco,69,2609,194,True
Real_ETH,ETH,0.34999999999999998,Eco,70,2640,163,True
Real_ETH,ETH,0.34999999999999998,Eco,71,2668,131,True
Real_ETH,ETH,0.5,Concept,0,507,29,True
Real_ETH,ETH,0.5,Concept,1,537,42,True
Real_ETH,ETH,0.5,Concept,2,568,36,True
Real_ETH,ETH,0.5,Concept,3,598,41,True
Real_ETH,ETH,0.5,Concept,4,629,37,True
Real_ETH,ETH,0.5,Concept,5,660,19,True
Real_ETH,ETH,0.5,Concept,6,690,34,True
Real_ETH,ETH,0.5,Concept,7,721,29,True
Real_ETH,ETH,0.5,Concept,8,751,29,True
Real_ETH,ETH,0.5,Concept,9,782,26,True
Real_ETH,ETH,0.5,Concept,10,813,61,True
Real_ETH,ETH,0.5,Concept,11,842,63,True
Real_ETH,ETH,0.5,Concept,12,873,34,True
Real_ETH,ETH,0.5,Concept,13,903,29,True
Real_ETH,ETH,0.5,Concept,14,934,29,True
Real_ETH,ETH,0.5,Concept,15,964,19,True
Real_ETH,ETH,0.5,Concept,16,995,48,True
Real_ETH,ETH,0.5,Concept,17,1026,42,True
Real_ETH,ETH,0.5,Concept,18,1056,31,True
Real_ETH,ETH,0.5,Concept,19,1087,46,True
Real_ETH,ETH,0.5,Concept,20,1117,38,True
Real_ETH,ETH,0.5,Concept,21,1148,44,True
Real_ETH,ETH,0.5,Concept,22,1179,48,True
Real_ETH,ETH,0.5,Concept,23,1207,41,True
Real_ETH,ETH,0.5,Concept,24,1238,39,True
Real_ETH,ETH,0.5,Concept,25,1268,91,True
Real_ETH,ETH,0.5,Concept,26,1299,60,True
Real_ETH,ETH,0.5,Concept,27,1329,40,True
Real_ETH,ETH,0.5,Concept,28,1360,36,True
Real_ETH,ETH,0.5,Concept,29,1391,67,True
Real_ETH,ETH,0.5,Concept,30,1421,39,True
Real_ETH,ETH,0.5,Concept,31,1452,51,True
Real_ETH,ETH,0.5,Concept,32,1482,76,True
Real_ETH,ETH,0.5,Concept,33,1513,81,True
Real_ETH,ETH,0.5,Concept,34,1544,56,True
Real_ETH,ETH,0.5,Concept,35,1572,43,True
Real_ETH,ETH,0.5,Concept,36,1603,132,True
Real_ETH,ETH,0.5,Concept,37,1633,103,True
Real_ETH,ETH,0.5,Concept,38,1664,71,True
Real_ETH,ETH,0.5,Concept,39,1694,34,True
Real_ETH,ETH,0.5,Concept,40,1725,35,True
Real_ETH,ETH,0.5,Concept,41,1756,41,True
Real_ETH,ETH,0.5,Concept,42,1786,21,True
Real_ETH,ETH,0.5,Concept,43,1817,50,True
Real_ETH,ETH,0.5,Concept,44,1847,29,True
Real_ETH,ETH,0.5,Concept,45,1878,22,True
Real_ETH,ETH,0.5,Concept,46,1909,26,True
Real_ETH,ETH,0.5,Concept,47,1937,37,True
Real_ETH,ETH,0.5,Concept,48,1968,24,True
Real_ETH,ETH,0.5,Concept,49,1998,27,True
Real_ETH,ETH,0.5,Concept,50,2029,34,True
Real_ETH,ETH,0.5,Concept,51,2059,26,True
Real_ETH,ETH,0.5,Concept,52,2090,22,True
Real_ETH,ETH,0.5,Concept,53,2121,24,True
Real_ETH,ETH,0.5,Concept,54,2151,29,True
Real_ETH,ETH,0.5,Concept,55,2182,31,True
Real_ETH,ETH,0.5,Concept,56,2212,39,True
Real_ETH,ETH,0.5,Concept,57,2243,39,True
Real_ETH,ETH,0.5,Concept,58,2274,19,True
Real_ETH,ETH,0.5,Concept,59,2303,84,True
Real_ETH,ETH,0.5,Concept,60,2334,91,True
Real_ETH,ETH,0.5,Concept,61,2364,90,True
Real_ETH,ETH,0.5,Concept,62,2395,109,True
Real_ETH,ETH,0.5,Concept,63,2425,89,True
Real_ETH,ETH,0.5,Concept,64,2456,59,True
Real_ETH,ETH,0.5,Concept,65,2487,42,True
Real_ETH,ETH,0.5,Concept,66,2517,41,True
Real_ETH,ETH,0.5,Concept,67,2548,66,True
Real_ETH,ETH,0.5,Concept,68,2578,151,True
Real_ETH,ETH,0.5,Concept,69,2609,125,True
Real_ETH,ETH,0.5,Concept,70,2640,94,True
Real_ETH,ETH,0.5,Concept,71,2668,64,True
Real_ETH,ETH,0.5,Eco,0,507,62,True
Real_ETH,ETH,0.5,Eco,1,537,63,True
Real_ETH,ETH,0.5,Eco,2,568,103,True
Real_ETH,ETH,0.5,Eco,3,598,111,True
Real_ETH,ETH,0.5,Eco,4,629,95,True
Real_ETH,ETH,0.5,Eco,5,660,93,True
Real_ETH,ETH,0.5,Eco,6,690,96,True
Real_ETH,ETH,0.5,Eco,7,721,88,True
Real_ETH,ETH,0.5,Eco,8,751,68,True
Real_ETH,ETH,0.5,Eco,9,782,64,True
Real_ETH,ETH,0.5,Eco,10,813,106,True
Real_ETH,ETH,0.5,Eco,11,842,90,True
Real_ETH,ETH,0.5,Eco,12,873,67,True
Real_ETH,ETH,0.5,Eco,13,903,81,True
Real_ETH,ETH,0.5,Eco,14,934,68,True
Real_ETH,ETH,0.5,Eco,15,964,62,True
Real_ETH,ETH,0.5,Eco,16,995,92,True
Real_ETH,ETH,0.5,Eco,17,1026,81,True
Real_ETH,ETH,0.5,Eco,18,1056,66,True
Real_ETH,ETH,0.5,Eco,19,1087,63,True
Real_ETH,ETH,0.5,Eco,20,1117,79,True
Real_ETH,ETH,0.5,Eco,21,1148,89,True
Real_ETH,ETH,0.5,Eco,22,1179,85,True
Real_ETH,ETH,0.5,Eco,23,1207,68,True
Real_ETH,ETH,0.5,Eco,24,1238,123,True
Real_ETH,ETH,0.5,Eco,25,1268,125,True
Real_ETH,ETH,0.5,Eco,26,1299,106,True
Real_ETH,ETH,0.5,Eco,27,1329,91,True
Real_ETH,ETH,0.5,Eco,28,1360,93,True
Real_ETH,ETH,0.5,Eco,29,1391,115,True
Real_ETH,ETH,0.5,Eco,30,1421,107,True
Real_ETH,ETH,0.5,Eco,31,1452,141,True
Real_ETH,ETH,0.5,Eco,32,1482,139,True
Real_ETH,ETH,0.5,Eco,33,1513,117,True
Real_ETH,ETH,0.5,Eco,34,1544,156,True
Real_ETH,ETH,0.5,Eco,35,1572,149,True
Real_ETH,ETH,0.5,Eco,36,1603,161,True
Real_ETH,ETH,0.5,Eco,37,1633,156,True
Real_ETH,ETH,0.5,Eco,38,1664,119,True
Real_ETH,ETH,0.5,Eco,39,1694,94,True
Real_ETH,ETH,0.5,Eco,40,1725,92,True
Real_ETH,ETH,0.5,Eco,41,1756,98,True
Real_ETH,ETH,0.5,Eco,42,1786,89,True
Real_ETH,ETH,0.5,Eco,43,1817,83,True
Real_ETH,ETH,0.5,Eco,44,1847,76,True
Real_ETH,ETH,0.5,Eco,45,1878,70,True
Real_ETH,ETH,0.5,Eco,46,1909,71,True
Real_ETH,ETH,0.5,Eco,47,1937,76,True
Real_ETH,ETH,0.5,Eco,48,1968,79,True
Real_ETH,ETH,0.5,Eco,49,1998,73,True
Real_ETH,ETH,0.5,Eco,50,2029,69,True
Real_ETH,ETH,0.5,Eco,51,2059,74,True
Real_ETH,ETH,0.5,Eco,52,2090,73,True
Real_ETH,ETH,0.5,Eco,53,2121,61,True
Real_ETH,ETH,0.5,Eco,54,2151,62,True
Real_ETH,ETH,0.5,Eco,55,2182,70,True
Real_ETH,ETH,0.5,Eco,56,2212,75,True
Real_ETH,ETH,0.5,Eco,57,2243,65,True
Real_ETH,ETH,0.5,Eco,58,2274,86,True
Real_ETH,ETH,0.5,Eco,59,2303,135,True
Real_ETH,ETH,0.5,Eco,60,2334,173,True
Real_ETH,ETH,0.5,Eco,61,2364,166,True
Real_ETH,ETH,0.5,Eco,62,2395,162,True
Real_ETH,ETH,0.5,Eco,63,2425,131,True
Real_ETH,ETH,0.5,Eco,64,2456,100,True
Real_ETH,ETH,0.5,Eco,65,2487,81,True
Real_ETH,ETH,0.5,Eco,66,2517,68,True
Real_ETH,ETH,0.5,Eco,67,2548,91,True
Real_ETH,ETH,0.5,Eco,68,2578,158,True
Real_ETH,ETH,0.5,Eco,69,2609,139,True
Real_ETH,ETH,0.5,Eco,70,2640,121,True
Real_ETH,ETH,0.5,Eco,71,2668,93,True
Real_ETH,ETH,0.59999999999999998,Concept,0,507,27,True
Real_ETH,ETH,0.59999999999999998,Concept,1,537,42,True
Real_ETH,ETH,0.59999999999999998,Concept,2,568,36,True
Real_ETH,ETH,0.59999999999999998,Concept,3,598,41,True
Real_ETH,ETH,0.59999999999999998,Concept,4,629,34,True
Real_ETH,ETH,0.59999999999999998,Concept,5,660,19,True
Real_ETH,ETH,0.59999999999999998,Concept,6,690,34,True
Real_ETH,ETH,0.59999999999999998,Concept,7,721,29,True
Real_ETH,ETH,0.59999999999999998,Concept,8,751,24,True
Real_ETH,ETH,0.59999999999999998,Concept,9,782,24,True
Real_ETH,ETH,0.59999999999999998,Concept,10,813,34,True
Real_ETH,ETH,0.59999999999999998,Concept,11,842,54,True
Real_ETH,ETH,0.59999999999999998,Concept,12,873,24,True
Real_ETH,ETH,0.59999999999999998,Concept,13,903,27,True
Real_ETH,ETH,0.59999999999999998,Concept,14,934,29,True
Real_ETH,ETH,0.59999999999999998,Concept,15,964,19,True
Real_ETH,ETH,0.59999999999999998,Concept,16,995,48,True
Real_ETH,ETH,0.59999999999999998,Concept,17,1026,42,True
Real_ETH,ETH,0.59999999999999998,Concept,18,1056,31,True
Real_ETH,ETH,0.59999999999999998,Concept,19,1087,36,True
Real_ETH,ETH,0.59999999999999998,Concept,20,1117,33,True
Real_ETH,ETH,0.59999999999999998,Concept,21,1148,41,True
Real_ETH,ETH,0.59999999999999998,Concept,22,1179,36,True
Real_ETH,ETH,0.59999999999999998,Concept,23,1207,41,True
Real_ETH,ETH,0.59999999999999998,Concept,24,1238,39,True
Real_ETH,ETH,0.59999999999999998,Concept,25,1268,89,True
Real_ETH,ETH,0.59999999999999998,Concept,26,1299,58,True
Real_ETH,ETH,0.59999999999999998,Concept,27,1329,40,True
Real_ETH,ETH,0.59999999999999998,Concept,28,1360,36,True
Real_ETH,ETH,0.59999999999999998,Concept,29,1391,49,True
Real_ETH,ETH,0.59999999999999998,Concept,30,1421,29,True
Real_ETH,ETH,0.59999999999999998,Concept,31,1452,31,True
Real_ETH,ETH,0.59999999999999998,Concept,32,1482,66,True
Real_ETH,ETH,0.59999999999999998,Concept,33,1513,60,True
Real_ETH,ETH,0.59999999999999998,Concept,34,1544,46,True
Real_ETH,ETH,0.59999999999999998,Concept,35,1572,32,True
Real_ETH,ETH,0.59999999999999998,Concept,36,1603,111,True
Real_ETH,ETH,0.59999999999999998,Concept,37,1633,90,True
Real_ETH,ETH,0.59999999999999998,Concept,38,1664,59,True
Real_ETH,ETH,0.59999999999999998,Concept,39,1694,29,True
Real_ETH,ETH,0.59999999999999998,Concept,40,1725,24,True
Real_ETH,ETH,0.59999999999999998,Concept,41,1756,34,True
Real_ETH,ETH,0.59999999999999998,Concept,42,1786,19,True
Real_ETH,ETH,0.59999999999999998,Concept,43,1817,41,True
Real_ETH,ETH,0.59999999999999998,Concept,44,1847,29,True
Real_ETH,ETH,0.59999999999999998,Concept,45,1878,22,True
Real_ETH,ETH,0.59999999999999998,Concept,46,1909,21,True
Real_ETH,ETH,0.59999999999999998,Concept,47,1937,37,True
Real_ETH,ETH,0.59999999999999998,Concept,48,1968,24,True
Real_ETH,ETH,0.59999999999999998,Concept,49,1998,21,True
Real_ETH,ETH,0.59999999999999998,Concept,50,2029,31,True
Real_ETH,ETH,0.59999999999999998,Concept,51,2059,24,True
Real_ETH,ETH,0.59999999999999998,Concept,52,2090,22,True
Real_ETH,ETH,0.59999999999999998,Concept,53,2121,22,True
Real_ETH,ETH,0.59999999999999998,Concept,54,2151,24,True
Real_ETH,ETH,0.59999999999999998,Concept,55,2182,29,True
Real_ETH,ETH,0.59999999999999998,Concept,56,2212,27,True
Real_ETH,ETH,0.59999999999999998,Concept,57,2243,39,True
Real_ETH,ETH,0.59999999999999998,Concept,58,2274,19,True
Real_ETH,ETH,0.59999999999999998,Concept,59,2303,64,True
Real_ETH,ETH,0.59999999999999998,Concept,60,2334,54,True
Real_ETH,ETH,0.59999999999999998,Concept,61,2364,36,True
Real_ETH,ETH,0.59999999999999998,Concept,62,2395,46,True
Real_ETH,ETH,0.59999999999999998,Concept,63,2425,79,True
Real_ETH,ETH,0.59999999999999998,Concept,64,2456,57,True
Real_ETH,ETH,0.59999999999999998,Concept,65,2487,42,True
Real_ETH,ETH,0.59999999999999998,Concept,66,2517,38,True
Real_ETH,ETH,0.59999999999999998,Concept,67,2548,44,True
Real_ETH,ETH,0.59999999999999998,Concept,68,2578,139,True
Real_ETH,ETH,0.59999999999999998,Concept,69,2609,117,True
Real_ETH,ETH,0.59999999999999998,Concept,70,2640,86,True
Real_ETH,ETH,0.59999999999999998,Concept,71,2668,59,True
Real_ETH,ETH,0.59999999999999998,Eco,0,507,54,True
Real_ETH,ETH,0.59999999999999998,Eco,1,537,52,True
Real_ETH,ETH,0.59999999999999998,Eco,2,568,85,True
Real_ETH,ETH,0.59999999999999998,Eco,3,598,91,True
Real_ETH,ETH,0.59999999999999998,Eco,4,629,81,True
Real_ETH,ETH,0.59999999999999998,Eco,5,660,69,True
Real_ETH,ETH,0.59999999999999998,Eco,6,690,81,True
Real_ETH,ETH,0.59999999999999998,Eco,7,721,74,True
Real_ETH,ETH,0.59999999999999998,Eco,8,751,63,True
Real_ETH,ETH,0.59999999999999998,Eco,9,782,48,True
Real_ETH,ETH,0.59999999999999998,Eco,10,813,88,True
Real_ETH,ETH,0.59999999999999998,Eco,11,842,82,True
Real_ETH,ETH,0.59999999999999998,Eco,12,873,59,True
Real_ETH,ETH,0.59999999999999998,Eco,13,903,68,True
Real_ETH,ETH,0.59999999999999998,Eco,14,934,60,True
Real_ETH,ETH,0.59999999999999998,Eco,15,964,58,True
Real_ETH,ETH,0.59999999999999998,Eco,16,995,78,True
Real_ETH,ETH,0.59999999999999998,Eco,17,1026,73,True
Real_ETH,ETH,0.59999999999999998,Eco,18,1056,53,True
Real_ETH,ETH,0.59999999999999998,Eco,19,1087,58,True
Real_ETH,ETH,0.59999999999999998,Eco,20,1117,69,True
Real_ETH,ETH,0.59999999999999998,Eco,21,1148,78,True
Real_ETH,ETH,0.59999999999999998,Eco,22,1179,73,True
Real_ETH,ETH,0.59999999999999998,Eco,23,1207,63,True
Real_ETH,ETH,0.59999999999999998,Eco,24,1238,111,True
Real_ETH,ETH,0.59999999999999998,Eco,25,1268,111,True
Real_ETH,ETH,0.59999999999999998,Eco,26,1299,90,True
Real_ETH,ETH,0.59999999999999998,Eco,27,1329,64,True
Real_ETH,ETH,0.59999999999999998,Eco,28,1360,80,True
Real_ETH,ETH,0.59999999999999998,Eco,29,1391,88,True
Real_ETH,ETH,0.59999999999999998,Eco,30,1421,80,True
Real_ETH,ETH,0.59999999999999998,Eco,31,1452,106,True
Real_ETH,ETH,0.59999999999999998,Eco,32,1482,111,True
Real_ETH,ETH,0.59999999999999998,Eco,33,1513,90,True
Real_ETH,ETH,0.59999999999999998,Eco,34,1544,80,True
Real_ETH,ETH,0.59999999999999998,Eco,35,1572,128,True
Real_ETH,ETH,0.59999999999999998,Eco,36,1603,126,True
Real_ETH,ETH,0.59999999999999998,Eco,37,1633,124,True
Real_ETH,ETH,0.59999999999999998,Eco,38,1664,95,True
Real_ETH,ETH,0.59999999999999998,Eco,39,1694,70,True
Real_ETH,ETH,0.59999999999999998,Eco,40,1725,83,True
Real_ETH,ETH,0.59999999999999998,Eco,41,1756,84,True
Real_ETH,ETH,0.59999999999999998,Eco,42,1786,73,True
Real_ETH,ETH,0.59999999999999998,Eco,43,1817,74,True
Real_ETH,ETH,0.59999999999999998,Eco,44,1847,63,True
Real_ETH,ETH,0.59999999999999998,Eco,45,1878,57,True
Real_ETH,ETH,0.59999999999999998,Eco,46,1909,63,True
Real_ETH,ETH,0.59999999999999998,Eco,47,1937,63,True
Real_ETH,ETH,0.59999999999999998,Eco,48,1968,63,True
Real_ETH,ETH,0.59999999999999998,Eco,49,1998,62,True
Real_ETH,ETH,0.59999999999999998,Eco,50,2029,61,True
Real_ETH,ETH,0.59999999999999998,Eco,51,2059,64,True
Real_ETH,ETH,0.59999999999999998,Eco,52,2090,59,True
Real_ETH,ETH,0.59999999999999998,Eco,53,2121,53,True
Real_ETH,ETH,0.59999999999999998,Eco,54,2151,55,True
Real_ETH,ETH,0.59999999999999998,Eco,55,2182,62,True
Real_ETH,ETH,0.59999999999999998,Eco,56,2212,70,True
Real_ETH,ETH,0.59999999999999998,Eco,57,2243,60,True
Real_ETH,ETH,0.59999999999999998,Eco,58,2274,66,True
Real_ETH,ETH,0.59999999999999998,Eco,59,2303,96,True
Real_ETH,ETH,0.59999999999999998,Eco,60,2334,105,True
Real_ETH,ETH,0.59999999999999998,Eco,61,2364,140,True
Real_ETH,ETH,0.59999999999999998,Eco,62,2395,141,True
Real_ETH,ETH,0.59999999999999998,Eco,63,2425,111,True
Real_ETH,ETH,0.59999999999999998,Eco,64,2456,90,True
Real_ETH,ETH,0.59999999999999998,Eco,65,2487,70,True
Real_ETH,ETH,0.59999999999999998,Eco,66,2517,61,True
Real_ETH,ETH,0.59999999999999998,Eco,67,2548,75,True
Real_ETH,ETH,0.59999999999999998,Eco,68,2578,142,True
Real_ETH,ETH,0.59999999999999998,Eco,69,2609,127,True
Real_ETH,ETH,0.59999999999999998,Eco,70,2640,98,True
Real_ETH,ETH,0.59999999999999998,Eco,71,2668,79,True
Real_ETH,ETH,0.75,Concept,0,507,22,True
Real_ETH,ETH,0.75,Concept,1,537,24,True
Real_ETH,ETH,0.75,Concept,2,568,28,True
Real_ETH,ETH,0.75,Concept,3,598,34,True
Real_ETH,ETH,0.75,Concept,4,629,29,True
Real_ETH,ETH,0.75,Concept,5,660,19,True
Real_ETH,ETH,0.75,Concept,6,690,21,True
Real_ETH,ETH,0.75,Concept,7,721,19,True
Real_ETH,ETH,0.75,Concept,8,751,24,True
Real_ETH,ETH,0.75,Concept,9,782,22,True
Real_ETH,ETH,0.75,Concept,10,813,29,True
Real_ETH,ETH,0.75,Concept,11,842,34,True
Real_ETH,ETH,0.75,Concept,12,873,24,True
Real_ETH,ETH,0.75,Concept,13,903,24,True
Real_ETH,ETH,0.75,Concept,14,934,24,True
Real_ETH,ETH,0.75,Concept,15,964,19,True
Real_ETH,ETH,0.75,Concept,16,995,46,True
Real_ETH,ETH,0.75,Concept,17,1026,39,True
Real_ETH,ETH,0.75,Concept,18,1056,21,True
Real_ETH,ETH,0.75,Concept,19,1087,22,True
Real_ETH,ETH,0.75,Concept,20,1117,30,True
Real_ETH,ETH,0.75,Concept,21,1148,41,True
Real_ETH,ETH,0.75,Concept,22,1179,34,True
Real_ETH,ETH,0.75,Concept,23,1207,31,True
Real_ETH,ETH,0.75,Concept,24,1238,32,True
Real_ETH,ETH,0.75,Concept,25,1268,84,True
Real_ETH,ETH,0.75,Concept,26,1299,57,True
Real_ETH,ETH,0.75,Concept,27,1329,40,True
Real_ETH,ETH,0.75,Concept,28,1360,36,True
Real_ETH,ETH,0.75,Concept,29,1391,44,True
Real_ETH,ETH,0.75,Concept,30,1421,22,True
Real_ETH,ETH,0.75,Concept,31,1452,29,True
Real_ETH,ETH,0.75,Concept,32,1482,34,True
Real_ETH,ETH,0.75,Concept,33,1513,46,True
Real_ETH,ETH,0.75,Concept,34,1544,46,True
Real_ETH,ETH,0.75,Concept,35,1572,27,True
Real_ETH,ETH,0.75,Concept,36,1603,24,True
Real_ETH,ETH,0.75,Concept,37,1633,79,True
Real_ETH,ETH,0.75,Concept,38,1664,52,True
Real_ETH,ETH,0.75,Concept,39,1694,29,True
Real_ETH,ETH,0.75,Concept,40,1725,24,True
Real_ETH,ETH,0.75,Concept,41,1756,31,True
Real_ETH,ETH,0.75,Concept,42,1786,19,True
Real_ETH,ETH,0.75,Concept,43,1817,31,True
Real_ETH,ETH,0.75,Concept,44,1847,24,True
Real_ETH,ETH,0.75,Concept,45,1878,19,True
Real_ETH,ETH,0.75,Concept,46,1909,21,True
Real_ETH,ETH,0.75,Concept,47,1937,32,True
Real_ETH,ETH,0.75,Concept,48,1968,24,True
Real_ETH,ETH,0.75,Concept,49,1998,21,True
Real_ETH,ETH,0.75,Concept,50,2029,26,True
Real_ETH,ETH,0.75,Concept,51,2059,24,True
Real_ETH,ETH,0.75,Concept,52,2090,22,True
Real_ETH,ETH,0.75,Concept,53,2121,22,True
Real_ETH,ETH,0.75,Concept,54,2151,24,True
Real_ETH,ETH,0.75,Concept,55,2182,27,True
Real_ETH,ETH,0.75,Concept,56,2212,27,True
Real_ETH,ETH,0.75,Concept,57,2243,39,True
Real_ETH,ETH,0.75,Concept,58,2274,19,True
Real_ETH,ETH,0.75,Concept,59,2303,57,True
Real_ETH,ETH,0.75,Concept,60,2334,41,True
Real_ETH,ETH,0.75,Concept,61,2364,31,True
Real_ETH,ETH,0.75,Concept,62,2395,44,True
Real_ETH,ETH,0.75,Concept,63,2425,61,True
Real_ETH,ETH,0.75,Concept,64,2456,57,True
Real_ETH,ETH,0.75,Concept,65,2487,37,True
Real_ETH,ETH,0.75,Concept,66,2517,33,True
Real_ETH,ETH,0.75,Concept,67,2548,34,True
Real_ETH,ETH,0.75,Concept,68,2578,42,True
Real_ETH,ETH,0.75,Concept,69,2609,109,True
Real_ETH,ETH,0.75,Concept,70,2640,79,True
Real_ETH,ETH,0.75,Concept,71,2668,57,True
Real_ETH,ETH,0.75,Eco,0,507,44,True
Real_ETH,ETH,0.75,Eco,1,537,47,True
Real_ETH,ETH,0.75,Eco,2,568,65,True
Real_ETH,ETH,0.75,Eco,3,598,72,True
Real_ETH,ETH,0.75,Eco,4,629,64,True
Real_ETH,ETH,0.75,Eco,5,660,56,True
Real_ETH,ETH,0.75,Eco,6,690,61,True
Real_ETH,ETH,0.75,Eco,7,721,65,True
Real_ETH,ETH,0.75,Eco,8,751,55,True
Real_ETH,ETH,0.75,Eco,9,782,42,True
Real_ETH,ETH,0.75,Eco,10,813,77,True
Real_ETH,ETH,0.75,Eco,11,842,69,True
Real_ETH,ETH,0.75,Eco,12,873,53,True
Real_ETH,ETH,0.75,Eco,13,903,59,True
Real_ETH,ETH,0.75,Eco,14,934,53,True
Real_ETH,ETH,0.75,Eco,15,964,45,True
Real_ETH,ETH,0.75,Eco,16,995,68,True
Real_ETH,ETH,0.75,Eco,17,1026,65,True
Real_ETH,ETH,0.75,Eco,18,1056,50,True
Real_ETH,ETH,0.75,Eco,19,1087,54,True
Real_ETH,ETH,0.75,Eco,20,1117,63,True
Real_ETH,ETH,0.75,Eco,21,1148,66,True
Real_ETH,ETH,0.75,Eco,22,1179,64,True
Real_ETH,ETH,0.75,Eco,23,1207,57,True
Real_ETH,ETH,0.75,Eco,24,1238,88,True
Real_ETH,ETH,0.75,Eco,25,1268,95,True
Real_ETH,ETH,0.75,Eco,26,1299,73,True
Real_ETH,ETH,0.75,Eco,27,1329,58,True
Real_ETH,ETH,0.75,Eco,28,1360,66,True
Real_ETH,ETH,0.75,Eco,29,1391,68,True
Real_ETH,ETH,0.75,Eco,30,1421,60,True
Real_ETH,ETH,0.75,Eco,31,1452,75,True
Real_ETH,ETH,0.75,Eco,32,1482,86,True
Real_ETH,ETH,0.75,Eco,33,1513,76,True
Real_ETH,ETH,0.75,Eco,34,1544,60,True
Real_ETH,ETH,0.75,Eco,35,1572,77,True
Real_ETH,ETH,0.75,Eco,36,1603,103,True
Real_ETH,ETH,0.75,Eco,37,1633,95,True
Real_ETH,ETH,0.75,Eco,38,1664,76,True
Real_ETH,ETH,0.75,Eco,39,1694,61,True
Real_ETH,ETH,0.75,Eco,40,1725,71,True
Real_ETH,ETH,0.75,Eco,41,1756,57,True
Real_ETH,ETH,0.75,Eco,42,1786,60,True
Real_ETH,ETH,0.75,Eco,43,1817,68,True
Real_ETH,ETH,0.75,Eco,44,1847,52,True
Real_ETH,ETH,0.75,Eco,45,1878,47,True
Real_ETH,ETH,0.75,Eco,46,1909,55,True
Real_ETH,ETH,0.75,Eco,47,1937,54,True
Real_ETH,ETH,0.75,Eco,48,1968,54,True
Real_ETH,ETH,0.75,Eco,49,1998,53,True
Real_ETH,ETH,0.75,Eco,50,2029,52,True
Real_ETH,ETH,0.75,Eco,51,2059,54,True
Real_ETH,ETH,0.75,Eco,52,2090,52,True
Real_ETH,ETH,0.75,Eco,53,2121,50,True
Real_ETH,ETH,0.75,Eco,54,2151,49,True
Real_ETH,ETH,0.75,Eco,55,2182,54,True
Real_ETH,ETH,0.75,Eco,56,2212,60,True
Real_ETH,ETH,0.75,Eco,57,2243,55,True
Real_ETH,ETH,0.75,Eco,58,2274,53,True
Real_ETH,ETH,0.75,Eco,59,2303,80,True
Real_ETH,ETH,0.75,Eco,60,2334,76,True
Real_ETH,ETH,0.75,Eco,61,2364,75,True
Real_ETH,ETH,0.75,Eco,62,2395,111,True
Real_ETH,ETH,0.75,Eco,63,2425,89,True
Real_ETH,ETH,0.75,Eco,64,2456,74,True
Real_ETH,ETH,0.75,Eco,65,2487,66,True
Real_ETH,ETH,0.75,Eco,66,2517,53,True
Real_ETH,ETH,0.75,Eco,67,2548,59,True
Real_ETH,ETH,0.75,Eco,68,2578,84,True
Real_ETH,ETH,0.75,Eco,69,2609,106,True
Real_ETH,ETH,0.75,Eco,70,2640,90,True
Real_ETH,ETH,0.75,Eco,71,2668,68,True
Real_ETH,ETH,1,Concept,0,507,22,True
Real_ETH,ETH,1,Concept,1,537,22,True
Real_ETH,ETH,1,Concept,2,568,22,True
Real_ETH,ETH,1,Concept,3,598,34,True
Real_ETH,ETH,1,Concept,4,629,24,True
Real_ETH,ETH,1,Concept,5,660,19,True
Real_ETH,ETH,1,Concept,6,690,19,True
Real_ETH,ETH,1,Concept,7,721,19,True
Real_ETH,ETH,1,Concept,8,751,24,True
Real_ETH,ETH,1,Concept,9,782,22,True
Real_ETH,ETH,1,Concept,10,813,29,True
Real_ETH,ETH,1,Concept,11,842,32,True
Real_ETH,ETH,1,Concept,12,873,22,True
Real_ETH,ETH,1,Concept,13,903,22,True
Real_ETH,ETH,1,Concept,14,934,22,True
Real_ETH,ETH,1,Concept,15,964,19,True
Real_ETH,ETH,1,Concept,16,995,19,True
Real_ETH,ETH,1,Concept,17,1026,32,True
Real_ETH,ETH,1,Concept,18,1056,19,True
Real_ETH,ETH,1,Concept,19,1087,19,True
Real_ETH,ETH,1,Concept,20,1117,27,True
Real_ETH,ETH,1,Concept,21,1148,29,True
Real_ETH,ETH,1,Concept,22,1179,19,True
Real_ETH,ETH,1,Concept,23,1207,19,True
Real_ETH,ETH,1,Concept,24,1238,27,True
Real_ETH,ETH,1,Concept,25,1268,77,True
Real_ETH,ETH,1,Concept,26,1299,42,True
Real_ETH,ETH,1,Concept,27,1329,25,True
Real_ETH,ETH,1,Concept,28,1360,26,True
Real_ETH,ETH,1,Concept,29,1391,34,True
Real_ETH,ETH,1,Concept,30,1421,19,True
Real_ETH,ETH,1,Concept,31,1452,24,True
Real_ETH,ETH,1,Concept,32,1482,34,True
Real_ETH,ETH,1,Concept,33,1513,29,True
Real_ETH,ETH,1,Concept,34,1544,34,True
Real_ETH,ETH,1,Concept,35,1572,21,True
Real_ETH,ETH,1,Concept,36,1603,24,True
Real_ETH,ETH,1,Concept,37,1633,39,True
Real_ETH,ETH,1,Concept,38,1664,37,True
Real_ETH,ETH,1,Concept,39,1694,27,True
Real_ETH,ETH,1,Concept,40,1725,21,True
Real_ETH,ETH,1,Concept,41,1756,29,True
Real_ETH,ETH,1,Concept,42,1786,19,True
Real_ETH,ETH,1,Concept,43,1817,27,True
Real_ETH,ETH,1,Concept,44,1847,22,True
Real_ETH,ETH,1,Concept,45,1878,19,True
Real_ETH,ETH,1,Concept,46,1909,21,True
Real_ETH,ETH,1,Concept,47,1937,24,True
Real_ETH,ETH,1,Concept,48,1968,24,True
Real_ETH,ETH,1,Concept,49,1998,21,True
Real_ETH,ETH,1,Concept,50,2029,26,True
Real_ETH,ETH,1,Concept,51,2059,19,True
Real_ETH,ETH,1,Concept,52,2090,22,True
Real_ETH,ETH,1,Concept,53,2121,22,True
Real_ETH,ETH,1,Concept,54,2151,21,True
Real_ETH,ETH,1,Concept,55,2182,27,True
Real_ETH,ETH,1,Concept,56,2212,24,True
Real_ETH,ETH,1,Concept,57,2243,32,True
Real_ETH,ETH,1,Concept,58,2274,19,True
Real_ETH,ETH,1,Concept,59,2303,49,True
Real_ETH,ETH,1,Concept,60,2334,34,True
Real_ETH,ETH,1,Concept,61,2364,24,True
Real_ETH,ETH,1,Concept,62,2395,26,True
Real_ETH,ETH,1,Concept,63,2425,51,True
Real_ETH,ETH,1,Concept,64,2456,43,True
Real_ETH,ETH,1,Concept,65,2487,35,True
Real_ETH,ETH,1,Concept,66,2517,33,True
Real_ETH,ETH,1,Concept,67,2548,27,True
Real_ETH,ETH,1,Concept,68,2578,32,True
Real_ETH,ETH,1,Concept,69,2609,44,True
Real_ETH,ETH,1,Concept,70,2640,33,True
Real_ETH,ETH,1,Concept,71,2668,44,True
Real_ETH,ETH,1,Eco,0,507,40,True
Real_ETH,ETH,1,Eco,1,537,40,True
Real_ETH,ETH,1,Eco,2,568,50,True
Real_ETH,ETH,1,Eco,3,598,54,True
Real_ETH,ETH,1,Eco,4,629,46,True
Real_ETH,ETH,1,Eco,5,660,43,True
Real_ETH,ETH,1,Eco,6,690,43,True
Real_ETH,ETH,1,Eco,7,721,50,True
Real_ETH,ETH,1,Eco,8,751,44,True
Real_ETH,ETH,1,Eco,9,782,36,True
Real_ETH,ETH,1,Eco,10,813,65,True
Real_ETH,ETH,1,Eco,11,842,59,True
Real_ETH,ETH,1,Eco,12,873,45,True
Real_ETH,ETH,1,Eco,13,903,48,True
Real_ETH,ETH,1,Eco,14,934,47,True
Real_ETH,ETH,1,Eco,15,964,40,True
Real_ETH,ETH,1,Eco,16,995,54,True
Real_ETH,ETH,1,Eco,17,1026,53,True
Real_ETH,ETH,1,Eco,18,1056,43,True
Real_ETH,ETH,1,Eco,19,1087,45,True
Real_ETH,ETH,1,Eco,20,1117,49,True
Real_ETH,ETH,1,Eco,21,1148,51,True
Real_ETH,ETH,1,Eco,22,1179,56,True
Real_ETH,ETH,1,Eco,23,1207,50,True
Real_ETH,ETH,1,Eco,24,1238,60,True
Real_ETH,ETH,1,Eco,25,1268,81,True
Real_ETH,ETH,1,Eco,26,1299,61,True
Real_ETH,ETH,1,Eco,27,1329,49,True
Real_ETH,ETH,1,Eco,28,1360,53,True
Real_ETH,ETH,1,Eco,29,1391,55,True
Real_ETH,ETH,1,Eco,30,1421,49,True
Real_ETH,ETH,1,Eco,31,1452,53,True
Real_ETH,ETH,1,Eco,32,1482,62,True
Real_ETH,ETH,1,Eco,33,1513,58,True
Real_ETH,ETH,1,Eco,34,1544,50,True
Real_ETH,ETH,1,Eco,35,1572,50,True
Real_ETH,ETH,1,Eco,36,1603,59,True
Real_ETH,ETH,1,Eco,37,1633,74,True
Real_ETH,ETH,1,Eco,38,1664,63,True
Real_ETH,ETH,1,Eco,39,1694,45,True
Real_ETH,ETH,1,Eco,40,1725,56,True
Real_ETH,ETH,1,Eco,41,1756,50,True
Real_ETH,ETH,1,Eco,42,1786,49,True
Real_ETH,ETH,1,Eco,43,1817,55,True
Real_ETH,ETH,1,Eco,44,1847,43,True
Real_ETH,ETH,1,Eco,45,1878,41,True
Real_ETH,ETH,1,Eco,46,1909,44,True
Real_ETH,ETH,1,Eco,47,1937,42,True
Real_ETH,ETH,1,Eco,48,1968,44,True
Real_ETH,ETH,1,Eco,49,1998,46,True
Real_ETH,ETH,1,Eco,50,2029,42,True
Real_ETH,ETH,1,Eco,51,2059,44,True
Real_ETH,ETH,1,Eco,52,2090,44,True
Real_ETH,ETH,1,Eco,53,2121,44,True
Real_ETH,ETH,1,Eco,54,2151,39,True
Real_ETH,ETH,1,Eco,55,2182,47,True
Real_ETH,ETH,1,Eco,56,2212,46,True
Real_ETH,ETH,1,Eco,57,2243,45,True
Real_ETH,ETH,1,Eco,58,2274,36,True
Real_ETH,ETH,1,Eco,59,2303,63,True
Real_ETH,ETH,1,Eco,60,2334,52,True
Real_ETH,ETH,1,Eco,61,2364,57,True
Real_ETH,ETH,1,Eco,62,2395,73,True
Real_ETH,ETH,1,Eco,63,2425,73,True
Real_ETH,ETH,1,Eco,64,2456,56,True
Real_ETH,ETH,1,Eco,65,2487,48,True
Real_ETH,ETH,1,Eco,66,2517,45,True
Real_ETH,ETH,1,Eco,67,2548,40,True
Real_ETH,ETH,1,Eco,68,2578,59,True
Real_ETH,ETH,1,Eco,69,2609,60,True
Real_ETH,ETH,1,Eco,70,2640,70,True
Real_ETH,ETH,1,Eco,71,2668,55,True
Real_ETH,ETH,1.25,Concept,0,507,19,True
Real_ETH,ETH,1.25,Concept,1,537,22,True
Real_ETH,ETH,1.25,Concept,2,568,22,True
Real_ETH,ETH,1.25,Concept,3,598,31,True
Real_ETH,ETH,1.25,Concept,4,629,22,True
Real_ETH,ETH,1.25,Concept,5,660,19,True
Real_ETH,ETH,1.25,Concept,6,690,19,True
Real_ETH,ETH,1.25,Concept,7,721,19,True
Real_ETH,ETH,1.25,Concept,8,751,24,True
Real_ETH,ETH,1.25,Concept,9,782,19,True
Real_ETH,ETH,1.25,Concept,10,813,29,True
Real_ETH,ETH,1.25,Concept,11,842,32,True
Real_ETH,ETH,1.25,Concept,12,873,22,True
Real_ETH,ETH,1.25,Concept,13,903,22,True
Real_ETH,ETH,1.25,Concept,14,934,22,True
Real_ETH,ETH,1.25,Concept,15,964,19,True
Real_ETH,ETH,1.25,Concept,16,995,19,True
Real_ETH,ETH,1.25,Concept,17,1026,29,True
Real_ETH,ETH,1.25,Concept,18,1056,19,True
Real_ETH,ETH,1.25,Concept,19,1087,19,True
Real_ETH,ETH,1.25,Concept,20,1117,27,True
Real_ETH,ETH,1.25,Concept,21,1148,24,True
Real_ETH,ETH,1.25,Concept,22,1179,19,True
Real_ETH,ETH,1.25,Concept,23,1207,19,True
Real_ETH,ETH,1.25,Concept,24,1238,22,True
Real_ETH,ETH,1.25,Concept,25,1268,37,True
Real_ETH,ETH,1.25,Concept,26,1299,27,True
Real_ETH,ETH,1.25,Concept,27,1329,23,True
Real_ETH,ETH,1.25,Concept,28,1360,19,True
Real_ETH,ETH,1.25,Concept,29,1391,32,True
Real_ETH,ETH,1.25,Concept,30,1421,19,True
Real_ETH,ETH,1.25,Concept,31,1452,24,True
Real_ETH,ETH,1.25,Concept,32,1482,29,True
Real_ETH,ETH,1.25,Concept,33,1513,29,True
Real_ETH,ETH,1.25,Concept,34,1544,22,True
Real_ETH,ETH,1.25,Concept,35,1572,21,True
Real_ETH,ETH,1.25,Concept,36,1603,24,True
Real_ETH,ETH,1.25,Concept,37,1633,34,True
Real_ETH,ETH,1.25,Concept,38,1664,35,True
Real_ETH,ETH,1.25,Concept,39,1694,22,True
Real_ETH,ETH,1.25,Concept,40,1725,21,True
Real_ETH,ETH,1.25,Concept,41,1756,26,True
Real_ETH,ETH,1.25,Concept,42,1786,19,True
Real_ETH,ETH,1.25,Concept,43,1817,27,True
Real_ETH,ETH,1.25,Concept,44,1847,22,True
Real_ETH,ETH,1.25,Concept,45,1878,19,True
Real_ETH,ETH,1.25,Concept,46,1909,21,True
Real_ETH,ETH,1.25,Concept,47,1937,22,True
Real_ETH,ETH,1.25,Concept,48,1968,22,True
Real_ETH,ETH,1.25,Concept,49,1998,19,True
Real_ETH,ETH,1.25,Concept,50,2029,19,True
Real_ETH,ETH,1.25,Concept,51,2059,19,True
Real_ETH,ETH,1.25,Concept,52,2090,22,True
Real_ETH,ETH,1.25,Concept,53,2121,19,True
Real_ETH,ETH,1.25,Concept,54,2151,19,True
Real_ETH,ETH,1.25,Concept,55,2182,22,True
Real_ETH,ETH,1.25,Concept,56,2212,24,True
Real_ETH,ETH,1.25,Concept,57,2243,27,True
Real_ETH,ETH,1.25,Concept,58,2274,19,True
Real_ETH,ETH,1.25,Concept,59,2303,29,True
Real_ETH,ETH,1.25,Concept,60,2334,34,True
Real_ETH,ETH,1.25,Concept,61,2364,22,True
Real_ETH,ETH,1.25,Concept,62,2395,24,True
Real_ETH,ETH,1.25,Concept,63,2425,31,True
Real_ETH,ETH,1.25,Concept,64,2456,41,True
Real_ETH,ETH,1.25,Concept,65,2487,26,True
Real_ETH,ETH,1.25,Concept,66,2517,20,True
Real_ETH,ETH,1.25,Concept,67,2548,24,True
Real_ETH,ETH,1.25,Concept,68,2578,32,True
Real_ETH,ETH,1.25,Concept,69,2609,29,True
Real_ETH,ETH,1.25,Concept,70,2640,28,True
Real_ETH,ETH,1.25,Concept,71,2668,29,True
Real_ETH,ETH,1.25,Eco,0,507,35,True
Real_ETH,ETH,1.25,Eco,1,537,35,True
Real_ETH,ETH,1.25,Eco,2,568,36,True
Real_ETH,ETH,1.25,Eco,3,598,43,True
Real_ETH,ETH,1.25,Eco,4,629,38,True
Real_ETH,ETH,1.25,Eco,5,660,36,True
Real_ETH,ETH,1.25,Eco,6,690,35,True
Real_ETH,ETH,1.25,Eco,7,721,39,True
Real_ETH,ETH,1.25,Eco,8,751,37,True
Real_ETH,ETH,1.25,Eco,9,782,33,True
Real_ETH,ETH,1.25,Eco,10,813,56,True
Real_ETH,ETH,1.25,Eco,11,842,55,True
Real_ETH,ETH,1.25,Eco,12,873,41,True
Real_ETH,ETH,1.25,Eco,13,903,42,True
Real_ETH,ETH,1.25,Eco,14,934,40,True
Real_ETH,ETH,1.25,Eco,15,964,35,True
Real_ETH,ETH,1.25,Eco,16,995,44,True
Real_ETH,ETH,1.25,Eco,17,1026,47,True
Real_ETH,ETH,1.25,Eco,18,1056,38,True
Real_ETH,ETH,1.25,Eco,19,1087,41,True
Real_ETH,ETH,1.25,Eco,20,1117,44,True
Real_ETH,ETH,1.25,Eco,21,1148,47,True
Real_ETH,ETH,1.25,Eco,22,1179,50,True
Real_ETH,ETH,1.25,Eco,23,1207,43,True
Real_ETH,ETH,1.25,Eco,24,1238,40,True
Real_ETH,ETH,1.25,Eco,25,1268,64,True
Real_ETH,ETH,1.25,Eco,26,1299,54,True
Real_ETH,ETH,1.25,Eco,27,1329,43,True
Real_ETH,ETH,1.25,Eco,28,1360,44,True
Real_ETH,ETH,1.25,Eco,29,1391,48,True
Real_ETH,ETH,1.25,Eco,30,1421,42,True
Real_ETH,ETH,1.25,Eco,31,1452,45,True
Real_ETH,ETH,1.25,Eco,32,1482,48,True
Real_ETH,ETH,1.25,Eco,33,1513,45,True
Real_ETH,ETH,1.25,Eco,34,1544,43,True
Real_ETH,ETH,1.25,Eco,35,1572,43,True
Real_ETH,ETH,1.25,Eco,36,1603,46,True
Real_ETH,ETH,1.25,Eco,37,1633,57,True
Real_ETH,ETH,1.25,Eco,38,1664,52,True
Real_ETH,ETH,1.25,Eco,39,1694,40,True
Real_ETH,ETH,1.25,Eco,40,1725,44,True
Real_ETH,ETH,1.25,Eco,41,1756,43,True
Real_ETH,ETH,1.25,Eco,42,1786,35,True
Real_ETH,ETH,1.25,Eco,43,1817,47,True
Real_ETH,ETH,1.25,Eco,44,1847,38,True
Real_ETH,ETH,1.25,Eco,45,1878,34,True
Real_ETH,ETH,1.25,Eco,46,1909,39,True
Real_ETH,ETH,1.25,Eco,47,1937,38,True
Real_ETH,ETH,1.25,Eco,48,1968,39,True
Real_ETH,ETH,1.25,Eco,49,1998,39,True
Real_ETH,ETH,1.25,Eco,50,2029,40,True
Real_ETH,ETH,1.25,Eco,51,2059,40,True
Real_ETH,ETH,1.25,Eco,52,2090,39,True
Real_ETH,ETH,1.25,Eco,53,2121,41,True
Real_ETH,ETH,1.25,Eco,54,2151,38,True
Real_ETH,ETH,1.25,Eco,55,2182,42,True
Real_ETH,ETH,1.25,Eco,56,2212,40,True
Real_ETH,ETH,1.25,Eco,57,2243,42,True
Real_ETH,ETH,1.25,Eco,58,2274,34,True
Real_ETH,ETH,1.25,Eco,59,2303,52,True
Real_ETH,ETH,1.25,Eco,60,2334,47,True
Real_ETH,ETH,1.25,Eco,61,2364,46,True
Real_ETH,ETH,1.25,Eco,62,2395,48,True
Real_ETH,ETH,1.25,Eco,63,2425,53,True
Real_ETH,ETH,1.25,Eco,64,2456,48,True
Real_ETH,ETH,1.25,Eco,65,2487,42,True
Real_ETH,ETH,1.25,Eco,66,2517,37,True
Real_ETH,ETH,1.25,Eco,67,2548,34,True
Real_ETH,ETH,1.25,Eco,68,2578,45,True
Real_ETH,ETH,1.25,Eco,69,2609,45,True
Real_ETH,ETH,1.25,Eco,70,2640,50,True
Real_ETH,ETH,1.25,Eco,71,2668,47,True
Real_ETH,ETH,1.5,Concept,0,507,19,True
Real_ETH,ETH,1.5,Concept,1,537,19,True
Real_ETH,ETH,1.5,Concept,2,568,19,True
Real_ETH,ETH,1.5,Concept,3,598,26,True
Real_ETH,ETH,1.5,Concept,4,629,22,True
Real_ETH,ETH,1.5,Concept,5,660,19,True
Real_ETH,ETH,1.5,Concept,6,690,19,True
Real_ETH,ETH,1.5,Concept,7,721,19,True
Real_ETH,ETH,1.5,Concept,8,751,22,True
Real_ETH,ETH,1.5,Concept,9,782,19,True
Real_ETH,ETH,1.5,Concept,10,813,29,True
Real_ETH,ETH,1.5,Concept,11,842,32,True
Real_ETH,ETH,1.5,Concept,12,873,19,True
Real_ETH,ETH,1.5,Concept,13,903,22,True
Real_ETH,ETH,1.5,Concept,14,934,19,True
Real_ETH,ETH,1.5,Concept,15,964,19,True
Real_ETH,ETH,1.5,Concept,16,995,19,True
Real_ETH,ETH,1.5,Concept,17,1026,27,True
Real_ETH,ETH,1.5,Concept,18,1056,19,True
Real_ETH,ETH,1.5,Concept,19,1087,19,True
Real_ETH,ETH,1.5,Concept,20,1117,24,True
Real_ETH,ETH,1.5,Concept,21,1148,24,True
Real_ETH,ETH,1.5,Concept,22,1179,19,True
Real_ETH,ETH,1.5,Concept,23,1207,19,True
Real_ETH,ETH,1.5,Concept,24,1238,19,True
Real_ETH,ETH,1.5,Concept,25,1268,37,True
Real_ETH,ETH,1.5,Concept,26,1299,27,True
Real_ETH,ETH,1.5,Concept,27,1329,22,True
Real_ETH,ETH,1.5,Concept,28,1360,19,True
Real_ETH,ETH,1.5,Concept,29,1391,27,True
Real_ETH,ETH,1.5,Concept,30,1421,19,True
Real_ETH,ETH,1.5,Concept,31,1452,22,True
Real_ETH,ETH,1.5,Concept,32,1482,24,True
Real_ETH,ETH,1.5,Concept,33,1513,19,True
Real_ETH,ETH,1.5,Concept,34,1544,22,True
Real_ETH,ETH,1.5,Concept,35,1572,21,True
Real_ETH,ETH,1.5,Concept,36,1603,21,True
Real_ETH,ETH,1.5,Concept,37,1633,29,True
Real_ETH,ETH,1.5,Concept,38,1664,29,True
Real_ETH,ETH,1.5,Concept,39,1694,19,True
Real_ETH,ETH,1.5,Concept,40,1725,21,True
Real_ETH,ETH,1.5,Concept,41,1756,26,True
Real_ETH,ETH,1.5,Concept,42,1786,19,True
Real_ETH,ETH,1.5,Concept,43,1817,24,True
Real_ETH,ETH,1.5,Concept,44,1847,22,True
Real_ETH,ETH,1.5,Concept,45,1878,19,True
Real_ETH,ETH,1.5,Concept,46,1909,19,True
Real_ETH,ETH,1.5,Concept,47,1937,19,True
Real_ETH,ETH,1.5,Concept,48,1968,22,True
Real_ETH,ETH,1.5,Concept,49,1998,19,True
Real_ETH,ETH,1.5,Concept,50,2029,19,True
Real_ETH,ETH,1.5,Concept,51,2059,19,True
Real_ETH,ETH,1.5,Concept,52,2090,22,True
Real_ETH,ETH,1.5,Concept,53,2121,19,True
Real_ETH,ETH,1.5,Concept,54,2151,19,True
Real_ETH,ETH,1.5,Concept,55,2182,19,True
Real_ETH,ETH,1.5,Concept,56,2212,22,True
Real_ETH,ETH,1.5,Concept,57,2243,24,True
Real_ETH,ETH,1.5,Concept,58,2274,19,True
Real_ETH,ETH,1.5,Concept,59,2303,27,True
Real_ETH,ETH,1.5,Concept,60,2334,31,True
Real_ETH,ETH,1.5,Concept,61,2364,22,True
Real_ETH,ETH,1.5,Concept,62,2395,21,True
Real_ETH,ETH,1.5,Concept,63,2425,29,True
Real_ETH,ETH,1.5,Concept,64,2456,28,True
Real_ETH,ETH,1.5,Concept,65,2487,24,True
Real_ETH,ETH,1.5,Concept,66,2517,20,True
Real_ETH,ETH,1.5,Concept,67,2548,19,True
Real_ETH,ETH,1.5,Concept,68,2578,29,True
Real_ETH,ETH,1.5,Concept,69,2609,24,True
Real_ETH,ETH,1.5,Concept,70,2640,28,True
Real_ETH,ETH,1.5,Concept,71,2668,29,True
Real_ETH,ETH,1.5,Eco,0,507,32,True
Real_ETH,ETH,1.5,Eco,1,537,30,True
Real_ETH,ETH,1.5,Eco,2,568,32,True
Real_ETH,ETH,1.5,Eco,3,598,35,True
Real_ETH,ETH,1.5,Eco,4,629,33,True
Real_ETH,ETH,1.5,Eco,5,660,32,True
Real_ETH,ETH,1.5,Eco,6,690,31,True
Real_ETH,ETH,1.5,Eco,7,721,34,True
Real_ETH,ETH,1.5,Eco,8,751,33,True
Real_ETH,ETH,1.5,Eco,9,782,29,True
Real_ETH,ETH,1.5,Eco,10,813,33,True
Real_ETH,ETH,1.5,Eco,11,842,51,True
Real_ETH,ETH,1.5,Eco,12,873,36,True
Real_ETH,ETH,1.5,Eco,13,903,37,True
Real_ETH,ETH,1.5,Eco,14,934,36,True
Real_ETH,ETH,1.5,Eco,15,964,33,True
Real_ETH,ETH,1.5,Eco,16,995,40,True
Real_ETH,ETH,1.5,Eco,17,1026,43,True
Real_ETH,ETH,1.5,Eco,18,1056,36,True
Real_ETH,ETH,1.5,Eco,19,1087,38,True
Real_ETH,ETH,1.5,Eco,20,1117,37,True
Real_ETH,ETH,1.5,Eco,21,1148,42,True
Real_ETH,ETH,1.5,Eco,22,1179,44,True
Real_ETH,ETH,1.5,Eco,23,1207,40,True
Real_ETH,ETH,1.5,Eco,24,1238,37,True
Real_ETH,ETH,1.5,Eco,25,1268,57,True
Real_ETH,ETH,1.5,Eco,26,1299,50,True
Real_ETH,ETH,1.5,Eco,27,1329,39,True
Real_ETH,ETH,1.5,Eco,28,1360,38,True
Real_ETH,ETH,1.5,Eco,29,1391,43,True
Real_ETH,ETH,1.5,Eco,30,1421,38,True
Real_ETH,ETH,1.5,Eco,31,1452,40,True
Real_ETH,ETH,1.5,Eco,32,1482,42,True
Real_ETH,ETH,1.5,Eco,33,1513,39,True
Real_ETH,ETH,1.5,Eco,34,1544,40,True
Real_ETH,ETH,1.5,Eco,35,1572,37,True
Real_ETH,ETH,1.5,Eco,36,1603,39,True
Real_ETH,ETH,1.5,Eco,37,1633,49,True
Real_ETH,ETH,1.5,Eco,38,1664,45,True
Real_ETH,ETH,1.5,Eco,39,1694,37,True
Real_ETH,ETH,1.5,Eco,40,1725,39,True
Real_ETH,ETH,1.5,Eco,41,1756,39,True
Real_ETH,ETH,1.5,Eco,42,1786,33,True
Real_ETH,ETH,1.5,Eco,43,1817,39,True
Real_ETH,ETH,1.5,Eco,44,1847,33,True
Real_ETH,ETH,1.5,Eco,45,1878,31,True
Real_ETH,ETH,1.5,Eco,46,1909,35,True
Real_ETH,ETH,1.5,Eco,47,1937,34,True
Real_ETH,ETH,1.5,Eco,48,1968,34,True
Real_ETH,ETH,1.5,Eco,49,1998,36,True
Real_ETH,ETH,1.5,Eco,50,2029,37,True
Real_ETH,ETH,1.5,Eco,51,2059,38,True
Real_ETH,ETH,1.5,Eco,52,2090,37,True
Real_ETH,ETH,1.5,Eco,53,2121,38,True
Real_ETH,ETH,1.5,Eco,54,2151,36,True
Real_ETH,ETH,1.5,Eco,55,2182,37,True
Real_ETH,ETH,1.5,Eco,56,2212,38,True
Real_ETH,ETH,1.5,Eco,57,2243,38,True
Real_ETH,ETH,1.5,Eco,58,2274,31,True
Real_ETH,ETH,1.5,Eco,59,2303,44,True
Real_ETH,ETH,1.5,Eco,60,2334,42,True
Real_ETH,ETH,1.5,Eco,61,2364,38,True
Real_ETH,ETH,1.5,Eco,62,2395,43,True
Real_ETH,ETH,1.5,Eco,63,2425,47,True
Real_ETH,ETH,1.5,Eco,64,2456,42,True
Real_ETH,ETH,1.5,Eco,65,2487,37,True
Real_ETH,ETH,1.5,Eco,66,2517,36,True
Real_ETH,ETH,1.5,Eco,67,2548,32,True
Real_ETH,ETH,1.5,Eco,68,2578,40,True
Real_ETH,ETH,1.5,Eco,69,2609,39,True
Real_ETH,ETH,1.5,Eco,70,2640,43,True
Real_ETH,ETH,1.5,Eco,71,2668,39,True
Synth_BTC,BTC,0.10000000000000001,Concept,0,516,-1,False
Synth_BTC,BTC,0.10000000000000001,Concept,1,546,-1,False
Synth_BTC,BTC,0.10000000000000001,Concept,2,577,-1,False
Synth_BTC,BTC,0.10000000000000001,Concept,3,608,-1,False
Synth_BTC,BTC,0.10000000000000001,Concept,4,638,-1,False
Synth_BTC,BTC,0.10000000000000001,Concept,5,669,-1,False
Synth_BTC,BTC,0.10000000000000001,Concept,6,699,-1,False
Synth_BTC,BTC,0.10000000000000001,Concept,7,730,-1,False
Synth_BTC,BTC,0.10000000000000001,Concept,8,761,-1,False
Synth_BTC,BTC,0.10000000000000001,Concept,9,789,-1,False
Synth_BTC,BTC,0.10000000000000001,Concept,10,820,-1,False
Synth_BTC,BTC,0.10000000000000001,Concept,11,850,-1,False
Synth_BTC,BTC,0.10000000000000001,Concept,12,881,-1,False
Synth_BTC,BTC,0.10000000000000001,Concept,13,911,-1,False
Synth_BTC,BTC,0.10000000000000001,Concept,14,942,-1,False
Synth_BTC,BTC,0.10000000000000001,Concept,15,973,-1,False
Synth_BTC,BTC,0.10000000000000001,Concept,16,1003,-1,False
Synth_BTC,BTC,0.10000000000000001,Concept,17,1034,-1,False
Synth_BTC,BTC,0.10000000000000001,Concept,18,1064,-1,False
Synth_BTC,BTC,0.10000000000000001,Concept,19,1095,-1,False
Synth_BTC,BTC,0.10000000000000001,Concept,20,1126,-1,False
Synth_BTC,BTC,0.10000000000000001,Concept,21,1154,-1,False
Synth_BTC,BTC,0.10000000000000001,Concept,22,1185,-1,False
Synth_BTC,BTC,0.10000000000000001,Concept,23,1215,-1,False
Synth_BTC,BTC,0.10000000000000001,Concept,24,1246,-1,False
Synth_BTC,BTC,0.10000000000000001,Concept,25,1276,-1,False
Synth_BTC,BTC,0.10000000000000001,Concept,26,1307,-1,False
Synth_BTC,BTC,0.10000000000000001,Concept,27,1338,-1,False
Synth_BTC,BTC,0.10000000000000001,Concept,28,1368,-1,False
Synth_BTC,BTC,0.10000000000000001,Concept,29,1399,-1,False
Synth_BTC,BTC,0.10000000000000001,Concept,30,1429,-1,False
Synth_BTC,BTC,0.10000000000000001,Concept,31,1460,-1,False
Synth_BTC,BTC,0.10000000000000001,Concept,32,1491,-1,False
Synth_BTC,BTC,0.10000000000000001,Concept,33,1519,-1,False
Synth_BTC,BTC,0.10000000000000001,Concept,34,1550,-1,False
Synth_BTC,BTC,0.10000000000000001,Concept,35,1580,-1,False
Synth_BTC,BTC,0.10000000000000001,Concept,36,1611,484,True
Synth_BTC,BTC,0.10000000000000001,Concept,37,1641,454,True
Synth_BTC,BTC,0.10000000000000001,Concept,38,1672,411,True
Synth_BTC,BTC,0.10000000000000001,Concept,39,1703,392,True
Synth_BTC,BTC,0.10000000000000001,Concept,40,1733,362,True
Synth_BTC,BTC,0.10000000000000001,Concept,41,1764,319,True
Synth_BTC,BTC,0.10000000000000001,Concept,42,1794,289,True
Synth_BTC,BTC,0.10000000000000001,Concept,43,1825,255,True
Synth_BTC,BTC,0.10000000000000001,Concept,44,1856,211,True
Synth_BTC,BTC,0.10000000000000001,Concept,45,1885,210,True
Synth_BTC,BTC,0.10000000000000001,Concept,46,1916,179,True
Synth_BTC,BTC,0.10000000000000001,Concept,47,1946,149,True
Synth_BTC,BTC,0.10000000000000001,Concept,48,1977,111,True
Synth_BTC,BTC,0.10000000000000001,Concept,49,2007,81,True
Synth_BTC,BTC,0.10000000000000001,Concept,50,2038,57,True
Synth_BTC,BTC,0.10000000000000001,Concept,51,2069,100,True
Synth_BTC,BTC,0.10000000000000001,Concept,52,2099,-1,False
Synth_BTC,BTC,0.10000000000000001,Concept,53,2130,-1,False
Synth_BTC,BTC,0.10000000000000001,Concept,54,2160,-1,False
Synth_BTC,BTC,0.10000000000000001,Concept,55,2191,-1,False
Synth_BTC,BTC,0.10000000000000001,Concept,56,2222,-1,False
Synth_BTC,BTC,0.10000000000000001,Concept,57,2250,-1,False
Synth_BTC,BTC,0.10000000000000001,Concept,58,2281,-1,False
Synth_BTC,BTC,0.10000000000000001,Concept,59,2311,-1,False
Synth_BTC,BTC,0.10000000000000001,Concept,60,2342,-1,False
Synth_BTC,BTC,0.10000000000000001,Concept,61,2372,-1,False
Synth_BTC,BTC,0.10000000000000001,Concept,62,2403,-1,False
Synth_BTC,BTC,0.10000000000000001,Concept,63,2434,-1,False
Synth_BTC,BTC,0.10000000000000001,Concept,64,2464,-1,False
Synth_BTC,BTC,0.10000000000000001,Concept,65,2495,-1,False
Synth_BTC,BTC,0.10000000000000001,Concept,66,2525,-1,False
Synth_BTC,BTC,0.10000000000000001,Concept,67,2556,-1,False
Synth_BTC,BTC,0.10000000000000001,Concept,68,2587,-1,False
Synth_BTC,BTC,0.10000000000000001,Concept,69,2615,61,True
Synth_BTC,BTC,0.10000000000000001,Concept,70,2646,-1,False
Synth_BTC,BTC,0.10000000000000001,Concept,71,2676,337,True
Synth_BTC,BTC,0.10000000000000001,Concept,72,2707,306,True
Synth_BTC,BTC,0.10000000000000001,Concept,73,2737,266,True
Synth_BTC,BTC,0.10000000000000001,Concept,74,2768,235,True
Synth_BTC,BTC,0.10000000000000001,Concept,75,2799,-1,False
Synth_BTC,BTC,0.10000000000000001,Concept,76,2829,-1,False
Synth_BTC,BTC,0.10000000000000001,Concept,77,2860,-1,False
Synth_BTC,BTC,0.10000000000000001,Concept,78,2890,123,True
Synth_BTC,BTC,0.10000000000000001,Concept,79,2921,82,True
Synth_BTC,BTC,0.10000000000000001,Concept,80,2952,-1,False
Synth_BTC,BTC,0.10000000000000001,Concept,81,2980,361,True
Synth_BTC,BTC,0.10000000000000001,Concept,82,3011,-1,False
Synth_BTC,BTC,0.10000000000000001,Concept,83,3041,-1,False
Synth_BTC,BTC,0.10000000000000001,Concept,84,3072,-1,False
Synth_BTC,BTC,0.10000000000000001,Concept,85,3102,-1,False
Synth_BTC,BTC,0.10000000000000001,Concept,86,3133,-1,False
Synth_BTC,BTC,0.10000000000000001,Concept,87,3164,-1,False
Synth_BTC,BTC,0.10000000000000001,Concept,88,3194,-1,False
Synth_BTC,BTC,0.10000000000000001,Concept,89,3225,-1,False
Synth_BTC,BTC,0.10000000000000001,Concept,90,3255,471,True
Synth_BTC,BTC,0.10000000000000001,Concept,91,3286,440,True
Synth_BTC,BTC,0.10000000000000001,Concept,92,3317,409,True
Synth_BTC,BTC,0.10000000000000001,Concept,93,3346,388,True
Synth_BTC,BTC,0.10000000000000001,Concept,94,3377,357,True
Synth_BTC,BTC,0.10000000000000001,Concept,95,3407,328,True
Synth_BTC,BTC,0.10000000000000001,Concept,96,3438,296,True
Synth_BTC,BTC,0.10000000000000001,Concept,97,3468,266,True
Synth_BTC,BTC,0.10000000000000001,Concept,98,3499,235,True
Synth_BTC,BTC,0.10000000000000001,Concept,99,3530,196,True
Synth_BTC,BTC,0.10000000000000001,Concept,100,3560,174,True
Synth_BTC,BTC,0.10000000000000001,Concept,101,3591,143,True
Synth_BTC,BTC,0.10000000000000001,Concept,102,3621,113,True
Synth_BTC,BTC,0.10000000000000001,Concept,103,3652,80,True
Synth_BTC,BTC,0.10000000000000001,Concept,104,3683,61,True
Synth_BTC,BTC,0.10000000000000001,Concept,105,3711,249,True
Synth_BTC,BTC,0.10000000000000001,Eco,0,516,-1,False
Synth_BTC,BTC,0.10000000000000001,Eco,1,546,-1,False
Synth_BTC,BTC,0.10000000000000001,Eco,2,577,-1,False
Synth_BTC,BTC,0.10000000000000001,Eco,3,608,-1,False
Synth_BTC,BTC,0.10000000000000001,Eco,4,638,-1,False
Synth_BTC,BTC,0.10000000000000001,Eco,5,669,-1,False
Synth_BTC,BTC,0.10000000000000001,Eco,6,699,-1,False
Synth_BTC,BTC,0.10000000000000001,Eco,7,730,-1,False
Synth_BTC,BTC,0.10000000000000001,Eco,8,761,-1,False
Synth_BTC,BTC,0.10000000000000001,Eco,9,789,-1,False
Synth_BTC,BTC,0.10000000000000001,Eco,10,820,-1,False
Synth_BTC,BTC,0.10000000000000001,Eco,11,850,-1,False
Synth_BTC,BTC,0.10000000000000001,Eco,12,881,-1,False
Synth_BTC,BTC,0.10000000000000001,Eco,13,911,-1,False
Synth_BTC,BTC,0.10000000000000001,Eco,14,942,-1,False
Synth_BTC,BTC,0.10000000000000001,Eco,15,973,-1,False
Synth_BTC,BTC,0.10000000000000001,Eco,16,1003,466,True
Synth_BTC,BTC,0.10000000000000001,Eco,17,1034,332,True
Synth_BTC,BTC,0.10000000000000001,Eco,18,1064,302,True
Synth_BTC,BTC,0.10000000000000001,Eco,19,1095,271,True
Synth_BTC,BTC,0.10000000000000001,Eco,20,1126,239,True
Synth_BTC,BTC,0.10000000000000001,Eco,21,1154,309,True
Synth_BTC,BTC,0.10000000000000001,Eco,22,1185,-1,False
Synth_BTC,BTC,0.10000000000000001,Eco,23,1215,-1,False
Synth_BTC,BTC,0.10000000000000001,Eco,24,1246,-1,False
Synth_BTC,BTC,0.10000000000000001,Eco,25,1276,-1,False
Synth_BTC,BTC,0.10000000000000001,Eco,26,1307,-1,False
Synth_BTC,BTC,0.10000000000000001,Eco,27,1338,-1,False
Synth_BTC,BTC,0.10000000000000001,Eco,28,1368,-1,False
Synth_BTC,BTC,0.10000000000000001,Eco,29,1399,-1,False
Synth_BTC,BTC,0.10000000000000001,Eco,30,1429,-1,False
Synth_BTC,BTC,0.10000000000000001,Eco,31,1460,-1,False
Synth_BTC,BTC,0.10000000000000001,Eco,32,1491,-1,False
Synth_BTC,BTC,0.10000000000000001,Eco,33,1519,-1,False
Synth_BTC,BTC,0.10000000000000001,Eco,34,1550,-1,False
Synth_BTC,BTC,0.10000000000000001,Eco,35,1580,-1,False
Synth_BTC,BTC,0.10000000000000001,Eco,36,1611,-1,False
Synth_BTC,BTC,0.10000000000000001,Eco,37,1641,478,True
Synth_BTC,BTC,0.10000000000000001,Eco,38,1672,423,True
Synth_BTC,BTC,0.10000000000000001,Eco,39,1703,422,True
Synth_BTC,BTC,0.10000000000000001,Eco,40,1733,408,True
Synth_BTC,BTC,0.10000000000000001,Eco,41,1764,319,True
Synth_BTC,BTC,0.10000000000000001,Eco,42,1794,325,True
Synth_BTC,BTC,0.10000000000000001,Eco,43,1825,240,True
Synth_BTC,BTC,0.10000000000000001,Eco,44,1856,305,True
Synth_BTC,BTC,0.10000000000000001,Eco,45,1885,286,True
Synth_BTC,BTC,0.10000000000000001,Eco,46,1916,254,True
Synth_BTC,BTC,0.10000000000000001,Eco,47,1946,218,True
Synth_BTC,BTC,0.10000000000000001,Eco,48,1977,185,True
Synth_BTC,BTC,0.10000000000000001,Eco,49,2007,154,True
Synth_BTC,BTC,0.10000000000000001,Eco,50,2038,133,True
Synth_BTC,BTC,0.10000000000000001,Eco,51,2069,-1,False
Synth_BTC,BTC,0.10000000000000001,Eco,52,2099,-1,False
Synth_BTC,BTC,0.10000000000000001,Eco,53,2130,-1,False
Synth_BTC,BTC,0.10000000000000001,Eco,54,2160,-1,False
Synth_BTC,BTC,0.10000000000000001,Eco,55,2191,-1,False
Synth_BTC,BTC,0.10000000000000001,Eco,56,2222,-1,False
Synth_BTC,BTC,0.10000000000000001,Eco,57,2250,-1,False
Synth_BTC,BTC,0.10000000000000001,Eco,58,2281,-1,False
Synth_BTC,BTC,0.10000000000000001,Eco,59,2311,-1,False
Synth_BTC,BTC,0.10000000000000001,Eco,60,2342,-1,False
Synth_BTC,BTC,0.10000000000000001,Eco,61,2372,306,True
Synth_BTC,BTC,0.10000000000000001,Eco,62,2403,-1,False
Synth_BTC,BTC,0.10000000000000001,Eco,63,2434,-1,False
Synth_BTC,BTC,0.10000000000000001,Eco,64,2464,-1,False
Synth_BTC,BTC,0.10000000000000001,Eco,65,2495,-1,False
Synth_BTC,BTC,0.10000000000000001,Eco,66,2525,-1,False
Synth_BTC,BTC,0.10000000000000001,Eco,67,2556,-1,False
Synth_BTC,BTC,0.10000000000000001,Eco,68,2587,-1,False
Synth_BTC,BTC,0.10000000000000001,Eco,69,2615,-1,False
Synth_BTC,BTC,0.10000000000000001,Eco,70,2646,-1,False
Synth_BTC,BTC,0.10000000000000001,Eco,71,2676,478,True
Synth_BTC,BTC,0.10000000000000001,Eco,72,2707,404,True
Synth_BTC,BTC,0.10000000000000001,Eco,73,2737,371,True
Synth_BTC,BTC,0.10000000000000001,Eco,74,2768,275,True
Synth_BTC,BTC,0.10000000000000001,Eco,75,2799,244,True
Synth_BTC,BTC,0.10000000000000001,Eco,76,2829,214,True
Synth_BTC,BTC,0.10000000000000001,Eco,77,2860,294,True
Synth_BTC,BTC,0.10000000000000001,Eco,78,2890,151,True
Synth_BTC,BTC,0.10000000000000001,Eco,79,2921,113,True
Synth_BTC,BTC,0.10000000000000001,Eco,80,2952,89,True
Synth_BTC,BTC,0.10000000000000001,Eco,81,2980,56,True
Synth_BTC,BTC,0.10000000000000001,Eco,82,3011,177,True
Synth_BTC,BTC,0.10000000000000001,Eco,83,3041,189,True
Synth_BTC,BTC,0.10000000000000001,Eco,84,3072,166,True
Synth_BTC,BTC,0.10000000000000001,Eco,85,3102,136,True
Synth_BTC,BTC,0.10000000000000001,Eco,86,3133,95,True
Synth_BTC,BTC,0.10000000000000001,Eco,87,3164,113,True
Synth_BTC,BTC,0.10000000000000001,Eco,88,3194,-1,False
Synth_BTC,BTC,0.10000000000000001,Eco,89,3225,-1,False
Synth_BTC,BTC,0.10000000000000001,Eco,90,3255,-1,False
Synth_BTC,BTC,0.10000000000000001,Eco,91,3286,-1,False
Synth_BTC,BTC,0.10000000000000001,Eco,92,3317,-1,False
Synth_BTC,BTC,0.10000000000000001,Eco,93,3346,-1,False
Synth_BTC,BTC,0.10000000000000001,Eco,94,3377,-1,False
Synth_BTC,BTC,0.10000000000000001,Eco,95,3407,-1,False
Synth_BTC,BTC,0.10000000000000001,Eco,96,3438,-1,False
Synth_BTC,BTC,0.10000000000000001,Eco,97,3468,-1,False
Synth_BTC,BTC,0.10000000000000001,Eco,98,3499,-1,False
Synth_BTC,BTC,0.10000000000000001,Eco,99,3530,-1,False
Synth_BTC,BTC,0.10000000000000001,Eco,100,3560,-1,False
Synth_BTC,BTC,0.10000000000000001,Eco,101,3591,-1,False
Synth_BTC,BTC,0.10000000000000001,Eco,102,3621,-1,False
Synth_BTC,BTC,0.10000000000000001,Eco,103,3652,-1,False
Synth_BTC,BTC,0.10000000000000001,Eco,104,3683,320,True
Synth_BTC,BTC,0.10000000000000001,Eco,105,3711,292,True
Synth_BTC,BTC,0.14999999999999999,Concept,0,516,-1,False
Synth_BTC,BTC,0.14999999999999999,Concept,1,546,-1,False
Synth_BTC,BTC,0.14999999999999999,Concept,2,577,-1,False
Synth_BTC,BTC,0.14999999999999999,Concept,3,608,-1,False
Synth_BTC,BTC,0.14999999999999999,Concept,4,638,-1,False
Synth_BTC,BTC,0.14999999999999999,Concept,5,669,-1,False
Synth_BTC,BTC,0.14999999999999999,Concept,6,699,-1,False
Synth_BTC,BTC,0.14999999999999999,Concept,7,730,-1,False
Synth_BTC,BTC,0.14999999999999999,Concept,8,761,-1,False
Synth_BTC,BTC,0.14999999999999999,Concept,9,789,-1,False
Synth_BTC,BTC,0.14999999999999999,Concept,10,820,-1,False
Synth_BTC,BTC,0.14999999999999999,Concept,11,850,-1,False
Synth_BTC,BTC,0.14999999999999999,Concept,12,881,-1,False
Synth_BTC,BTC,0.14999999999999999,Concept,13,911,-1,False
Synth_BTC,BTC,0.14999999999999999,Concept,14,942,-1,False
Synth_BTC,BTC,0.14999999999999999,Concept,15,973,-1,False
Synth_BTC,BTC,0.14999999999999999,Concept,16,1003,-1,False
Synth_BTC,BTC,0.14999999999999999,Concept,17,1034,430,True
Synth_BTC,BTC,0.14999999999999999,Concept,18,1064,-1,False
Synth_BTC,BTC,0.14999999999999999,Concept,19,1095,368,True
Synth_BTC,BTC,0.14999999999999999,Concept,20,1126,338,True
Synth_BTC,BTC,0.14999999999999999,Concept,21,1154,310,True
Synth_BTC,BTC,0.14999999999999999,Concept,22,1185,-1,False
Synth_BTC,BTC,0.14999999999999999,Concept,23,1215,-1,False
Synth_BTC,BTC,0.14999999999999999,Concept,24,1246,-1,False
Synth_BTC,BTC,0.14999999999999999,Concept,25,1276,-1,False
Synth_BTC,BTC,0.14999999999999999,Concept,26,1307,-1,False
Synth_BTC,BTC,0.14999999999999999,Concept,27,1338,-1,False
Synth_BTC,BTC,0.14999999999999999,Concept,28,1368,-1,False
Synth_BTC,BTC,0.14999999999999999,Concept,29,1399,-1,False
Synth_BTC,BTC,0.14999999999999999,Concept,30,1429,-1,False
Synth_BTC,BTC,0.14999999999999999,Concept,31,1460,-1,False
Synth_BTC,BTC,0.14999999999999999,Concept,32,1491,-1,False
Synth_BTC,BTC,0.14999999999999999,Concept,33,1519,-1,False
Synth_BTC,BTC,0.14999999999999999,Concept,34,1550,-1,False
Synth_BTC,BTC,0.14999999999999999,Concept,35,1580,-1,False
Synth_BTC,BTC,0.14999999999999999,Concept,36,1611,472,True
Synth_BTC,BTC,0.14999999999999999,Concept,37,1641,437,True
Synth_BTC,BTC,0.14999999999999999,Concept,38,1672,395,True
Synth_BTC,BTC,0.14999999999999999,Concept,39,1703,377,True
Synth_BTC,BTC,0.14999999999999999,Concept,40,1733,345,True
Synth_BTC,BTC,0.14999999999999999,Concept,41,1764,303,True
Synth_BTC,BTC,0.14999999999999999,Concept,42,1794,273,True
Synth_BTC,BTC,0.14999999999999999,Concept,43,1825,242,True
Synth_BTC,BTC,0.14999999999999999,Concept,44,1856,211,True
Synth_BTC,BTC,0.14999999999999999,Concept,45,1885,195,True
Synth_BTC,BTC,0.14999999999999999,Concept,46,1916,167,True
Synth_BTC,BTC,0.14999999999999999,Concept,47,1946,137,True
Synth_BTC,BTC,0.14999999999999999,Concept,48,1977,106,True
Synth_BTC,BTC,0.14999999999999999,Concept,49,2007,76,True
Synth_BTC,BTC,0.14999999999999999,Concept,50,2038,57,True
Synth_BTC,BTC,0.14999999999999999,Concept,51,2069,95,True
Synth_BTC,BTC,0.14999999999999999,Concept,52,2099,74,True
Synth_BTC,BTC,0.14999999999999999,Concept,53,2130,43,True
Synth_BTC,BTC,0.14999999999999999,Concept,54,2160,-1,False
Synth_BTC,BTC,0.14999999999999999,Concept,55,2191,-1,False
Synth_BTC,BTC,0.14999999999999999,Concept,56,2222,-1,False
Synth_BTC,BTC,0.14999999999999999,Concept,57,2250,-1,False
Synth_BTC,BTC,0.14999999999999999,Concept,58,2281,-1,False
Synth_BTC,BTC,0.14999999999999999,Concept,59,2311,-1,False
Synth_BTC,BTC,0.14999999999999999,Concept,60,2342,334,True
Synth_BTC,BTC,0.14999999999999999,Concept,61,2372,304,True
Synth_BTC,BTC,0.14999999999999999,Concept,62,2403,273,True
Synth_BTC,BTC,0.14999999999999999,Concept,63,2434,242,True
Synth_BTC,BTC,0.14999999999999999,Concept,64,2464,-1,False
Synth_BTC,BTC,0.14999999999999999,Concept,65,2495,181,True
Synth_BTC,BTC,0.14999999999999999,Concept,66,2525,151,True
Synth_BTC,BTC,0.14999999999999999,Concept,67,2556,120,True
Synth_BTC,BTC,0.14999999999999999,Concept,68,2587,89,True
Synth_BTC,BTC,0.14999999999999999,Concept,69,2615,61,True
Synth_BTC,BTC,0.14999999999999999,Concept,70,2646,357,True
Synth_BTC,BTC,0.14999999999999999,Concept,71,2676,327,True
Synth_BTC,BTC,0.14999999999999999,Concept,72,2707,296,True
Synth_BTC,BTC,0.14999999999999999,Concept,73,2737,103,True
Synth_BTC,BTC,0.14999999999999999,Concept,74,2768,235,True
Synth_BTC,BTC,0.14999999999999999,Concept,75,2799,204,True
Synth_BTC,BTC,0.14999999999999999,Concept,76,2829,174,True
Synth_BTC,BTC,0.14999999999999999,Concept,77,2860,153,True
Synth_BTC,BTC,0.14999999999999999,Concept,78,2890,113,True
Synth_BTC,BTC,0.14999999999999999,Concept,79,2921,82,True
Synth_BTC,BTC,0.14999999999999999,Concept,80,2952,327,True
Synth_BTC,BTC,0.14999999999999999,Concept,81,2980,299,True
Synth_BTC,BTC,0.14999999999999999,Concept,82,3011,312,True
Synth_BTC,BTC,0.14999999999999999,Concept,83,3041,282,True
Synth_BTC,BTC,0.14999999999999999,Concept,84,3072,251,True
Synth_BTC,BTC,0.14999999999999999,Concept,85,3102,221,True
Synth_BTC,BTC,0.14999999999999999,Concept,86,3133,190,True
Synth_BTC,BTC,0.14999999999999999,Concept,87,3164,159,True
Synth_BTC,BTC,0.14999999999999999,Concept,88,3194,140,True
Synth_BTC,BTC,0.14999999999999999,Concept,89,3225,491,True
Synth_BTC,BTC,0.14999999999999999,Concept,90,3255,461,True
Synth_BTC,BTC,0.14999999999999999,Concept,91,3286,430,True
Synth_BTC,BTC,0.14999999999999999,Concept,92,3317,399,True
Synth_BTC,BTC,0.14999999999999999,Concept,93,3346,370,True
Synth_BTC,BTC,0.14999999999999999,Concept,94,3377,339,True
Synth_BTC,BTC,0.14999999999999999,Concept,95,3407,319,True
Synth_BTC,BTC,0.14999999999999999,Concept,96,3438,288,True
Synth_BTC,BTC,0.14999999999999999,Concept,97,3468,248,True
Synth_BTC,BTC,0.14999999999999999,Concept,98,3499,217,True
Synth_BTC,BTC,0.14999999999999999,Concept,99,3530,186,True
Synth_BTC,BTC,0.14999999999999999,Concept,100,3560,166,True
Synth_BTC,BTC,0.14999999999999999,Concept,101,3591,135,True
Synth_BTC,BTC,0.14999999999999999,Concept,102,3621,95,True
Synth_BTC,BTC,0.14999999999999999,Concept,103,3652,80,True
Synth_BTC,BTC,0.14999999999999999,Concept,104,3683,53,True
Synth_BTC,BTC,0.14999999999999999,Concept,105,3711,246,True
Synth_BTC,BTC,0.14999999999999999,Eco,0,516,-1,False
Synth_BTC,BTC,0.14999999999999999,Eco,1,546,-1,False
Synth_BTC,BTC,0.14999999999999999,Eco,2,577,-1,False
Synth_BTC,BTC,0.14999999999999999,Eco,3,608,-1,False
Synth_BTC,BTC,0.14999999999999999,Eco,4,638,-1,False
Synth_BTC,BTC,0.14999999999999999,Eco,5,669,-1,False
Synth_BTC,BTC,0.14999999999999999,Eco,6,699,-1,False
Synth_BTC,BTC,0.14999999999999999,Eco,7,730,-1,False
Synth_BTC,BTC,0.14999999999999999,Eco,8,761,-1,False
Synth_BTC,BTC,0.14999999999999999,Eco,9,789,-1,False
Synth_BTC,BTC,0.14999999999999999,Eco,10,820,-1,False
Synth_BTC,BTC,0.14999999999999999,Eco,11,850,-1,False
Synth_BTC,BTC,0.14999999999999999,Eco,12,881,-1,False
Synth_BTC,BTC,0.14999999999999999,Eco,13,911,455,True
Synth_BTC,BTC,0.14999999999999999,Eco,14,942,315,True
Synth_BTC,BTC,0.14999999999999999,Eco,15,973,392,True
Synth_BTC,BTC,0.14999999999999999,Eco,16,1003,259,True
Synth_BTC,BTC,0.14999999999999999,Eco,17,1034,149,True
Synth_BTC,BTC,0.14999999999999999,Eco,18,1064,119,True
Synth_BTC,BTC,0.14999999999999999,Eco,19,1095,158,True
Synth_BTC,BTC,0.14999999999999999,Eco,20,1126,126,True
Synth_BTC,BTC,0.14999999999999999,Eco,21,1154,212,True
Synth_BTC,BTC,0.14999999999999999,Eco,22,1185,279,True
Synth_BTC,BTC,0.14999999999999999,Eco,23,1215,254,True
Synth_BTC,BTC,0.14999999999999999,Eco,24,1246,218,True
Synth_BTC,BTC,0.14999999999999999,Eco,25,1276,237,True
Synth_BTC,BTC,0.14999999999999999,Eco,26,1307,208,True
Synth_BTC,BTC,0.14999999999999999,Eco,27,1338,183,True
Synth_BTC,BTC,0.14999999999999999,Eco,28,1368,148,True
Synth_BTC,BTC,0.14999999999999999,Eco,29,1399,117,True
Synth_BTC,BTC,0.14999999999999999,Eco,30,1429,87,True
Synth_BTC,BTC,0.14999999999999999,Eco,31,1460,410,True
Synth_BTC,BTC,0.14999999999999999,Eco,32,1491,473,True
Synth_BTC,BTC,0.14999999999999999,Eco,33,1519,-1,False
Synth_BTC,BTC,0.14999999999999999,Eco,34,1550,482,True
Synth_BTC,BTC,0.14999999999999999,Eco,35,1580,387,True
Synth_BTC,BTC,0.14999999999999999,Eco,36,1611,423,True
Synth_BTC,BTC,0.14999999999999999,Eco,37,1641,243,True
Synth_BTC,BTC,0.14999999999999999,Eco,38,1672,348,True
Synth_BTC,BTC,0.14999999999999999,Eco,39,1703,329,True
Synth_BTC,BTC,0.14999999999999999,Eco,40,1733,328,True
Synth_BTC,BTC,0.14999999999999999,Eco,41,1764,206,True
Synth_BTC,BTC,0.14999999999999999,Eco,42,1794,238,True
Synth_BTC,BTC,0.14999999999999999,Eco,43,1825,139,True
Synth_BTC,BTC,0.14999999999999999,Eco,44,1856,238,True
Synth_BTC,BTC,0.14999999999999999,Eco,45,1885,258,True
Synth_BTC,BTC,0.14999999999999999,Eco,46,1916,226,True
Synth_BTC,BTC,0.14999999999999999,Eco,47,1946,179,True
Synth_BTC,BTC,0.14999999999999999,Eco,48,1977,165,True
Synth_BTC,BTC,0.14999999999999999,Eco,49,2007,135,True
Synth_BTC,BTC,0.14999999999999999,Eco,50,2038,125,True
Synth_BTC,BTC,0.14999999999999999,Eco,51,2069,123,True
Synth_BTC,BTC,0.14999999999999999,Eco,52,2099,94,True
Synth_BTC,BTC,0.14999999999999999,Eco,53,2130,334,True
Synth_BTC,BTC,0.14999999999999999,Eco,54,2160,486,True
Synth_BTC,BTC,0.14999999999999999,Eco,55,2191,485,True
Synth_BTC,BTC,0.14999999999999999,Eco,56,2222,424,True
Synth_BTC,BTC,0.14999999999999999,Eco,57,2250,427,True
Synth_BTC,BTC,0.14999999999999999,Eco,58,2281,393,True
Synth_BTC,BTC,0.14999999999999999,Eco,59,2311,365,True
Synth_BTC,BTC,0.14999999999999999,Eco,60,2342,297,True
Synth_BTC,BTC,0.14999999999999999,Eco,61,2372,261,True
Synth_BTC,BTC,0.14999999999999999,Eco,62,2403,236,True
Synth_BTC,BTC,0.14999999999999999,Eco,63,2434,250,True
Synth_BTC,BTC,0.14999999999999999,Eco,64,2464,225,True
Synth_BTC,BTC,0.14999999999999999,Eco,65,2495,190,True
Synth_BTC,BTC,0.14999999999999999,Eco,66,2525,159,True
Synth_BTC,BTC,0.14999999999999999,Eco,67,2556,133,True
Synth_BTC,BTC,0.14999999999999999,Eco,68,2587,449,True
Synth_BTC,BTC,0.14999999999999999,Eco,69,2615,421,True
Synth_BTC,BTC,0.14999999999999999,Eco,70,2646,390,True
Synth_BTC,BTC,0.14999999999999999,Eco,71,2676,358,True
Synth_BTC,BTC,0.14999999999999999,Eco,72,2707,327,True
Synth_BTC,BTC,0.14999999999999999,Eco,73,2737,294,True
Synth_BTC,BTC,0.14999999999999999,Eco,74,2768,265,True
Synth_BTC,BTC,0.14999999999999999,Eco,75,2799,235,True
Synth_BTC,BTC,0.14999999999999999,Eco,76,2829,205,True
Synth_BTC,BTC,0.14999999999999999,Eco,77,2860,176,True
Synth_BTC,BTC,0.14999999999999999,Eco,78,2890,141,True
Synth_BTC,BTC,0.14999999999999999,Eco,79,2921,96,True
Synth_BTC,BTC,0.14999999999999999,Eco,80,2952,84,True
Synth_BTC,BTC,0.14999999999999999,Eco,81,2980,54,True
Synth_BTC,BTC,0.14999999999999999,Eco,82,3011,165,True
Synth_BTC,BTC,0.14999999999999999,Eco,83,3041,147,True
Synth_BTC,BTC,0.14999999999999999,Eco,84,3072,120,True
Synth_BTC,BTC,0.14999999999999999,Eco,85,3102,90,True
Synth_BTC,BTC,0.14999999999999999,Eco,86,3133,59,True
Synth_BTC,BTC,0.14999999999999999,Eco,87,3164,87,True
Synth_BTC,BTC,0.14999999999999999,Eco,88,3194,-1,False
Synth_BTC,BTC,0.14999999999999999,Eco,89,3225,489,True
Synth_BTC,BTC,0.14999999999999999,Eco,90,3255,471,True
Synth_BTC,BTC,0.14999999999999999,Eco,91,3286,440,True
Synth_BTC,BTC,0.14999999999999999,Eco,92,3317,407,True
Synth_BTC,BTC,0.14999999999999999,Eco,93,3346,398,True
Synth_BTC,BTC,0.14999999999999999,Eco,94,3377,366,True
Synth_BTC,BTC,0.14999999999999999,Eco,95,3407,-1,False
Synth_BTC,BTC,0.14999999999999999,Eco,96,3438,-1,False
Synth_BTC,BTC,0.14999999999999999,Eco,97,3468,275,True
Synth_BTC,BTC,0.14999999999999999,Eco,98,3499,245,True
Synth_BTC,BTC,0.14999999999999999,Eco,99,3530,214,True
Synth_BTC,BTC,0.14999999999999999,Eco,100,3560,404,True
Synth_BTC,BTC,0.14999999999999999,Eco,101,3591,375,True
Synth_BTC,BTC,0.14999999999999999,Eco,102,3621,343,True
Synth_BTC,BTC,0.14999999999999999,Eco,103,3652,312,True
Synth_BTC,BTC,0.14999999999999999,Eco,104,3683,280,True
Synth_BTC,BTC,0.14999999999999999,Eco,105,3711,251,True
Synth_BTC,BTC,0.20000000000000001,Concept,0,516,-1,False
Synth_BTC,BTC,0.20000000000000001,Concept,1,546,-1,False
Synth_BTC,BTC,0.20000000000000001,Concept,2,577,-1,False
Synth_BTC,BTC,0.20000000000000001,Concept,3,608,-1,False
Synth_BTC,BTC,0.20000000000000001,Concept,4,638,-1,False
Synth_BTC,BTC,0.20000000000000001,Concept,5,669,-1,False
Synth_BTC,BTC,0.20000000000000001,Concept,6,699,-1,False
Synth_BTC,BTC,0.20000000000000001,Concept,7,730,-1,False
Synth_BTC,BTC,0.20000000000000001,Concept,8,761,-1,False
Synth_BTC,BTC,0.20000000000000001,Concept,9,789,-1,False
Synth_BTC,BTC,0.20000000000000001,Concept,10,820,-1,False
Synth_BTC,BTC,0.20000000000000001,Concept,11,850,-1,False
Synth_BTC,BTC,0.20000000000000001,Concept,12,881,-1,False
Synth_BTC,BTC,0.20000000000000001,Concept,13,911,-1,False
Synth_BTC,BTC,0.20000000000000001,Concept,14,942,-1,False
Synth_BTC,BTC,0.20000000000000001,Concept,15,973,-1,False
Synth_BTC,BTC,0.20000000000000001,Concept,16,1003,461,True
Synth_BTC,BTC,0.20000000000000001,Concept,17,1034,429,True
Synth_BTC,BTC,0.20000000000000001,Concept,18,1064,399,True
Synth_BTC,BTC,0.20000000000000001,Concept,19,1095,368,True
Synth_BTC,BTC,0.20000000000000001,Concept,20,1126,337,True
Synth_BTC,BTC,0.20000000000000001,Concept,21,1154,309,True
Synth_BTC,BTC,0.20000000000000001,Concept,22,1185,278,True
Synth_BTC,BTC,0.20000000000000001,Concept,23,1215,259,True
Synth_BTC,BTC,0.20000000000000001,Concept,24,1246,228,True
Synth_BTC,BTC,0.20000000000000001,Concept,25,1276,-1,False
Synth_BTC,BTC,0.20000000000000001,Concept,26,1307,-1,False
Synth_BTC,BTC,0.20000000000000001,Concept,27,1338,-1,False
Synth_BTC,BTC,0.20000000000000001,Concept,28,1368,-1,False
Synth_BTC,BTC,0.20000000000000001,Concept,29,1399,75,True
Synth_BTC,BTC,0.20000000000000001,Concept,30,1429,-1,False
Synth_BTC,BTC,0.20000000000000001,Concept,31,1460,-1,False
Synth_BTC,BTC,0.20000000000000001,Concept,32,1491,-1,False
Synth_BTC,BTC,0.20000000000000001,Concept,33,1519,-1,False
Synth_BTC,BTC,0.20000000000000001,Concept,34,1550,-1,False
Synth_BTC,BTC,0.20000000000000001,Concept,35,1580,487,True
Synth_BTC,BTC,0.20000000000000001,Concept,36,1611,456,True
Synth_BTC,BTC,0.20000000000000001,Concept,37,1641,426,True
Synth_BTC,BTC,0.20000000000000001,Concept,38,1672,395,True
Synth_BTC,BTC,0.20000000000000001,Concept,39,1703,364,True
Synth_BTC,BTC,0.20000000000000001,Concept,40,1733,334,True
Synth_BTC,BTC,0.20000000000000001,Concept,41,1764,303,True
Synth_BTC,BTC,0.20000000000000001,Concept,42,1794,273,True
Synth_BTC,BTC,0.20000000000000001,Concept,43,1825,242,True
Synth_BTC,BTC,0.20000000000000001,Concept,44,1856,206,True
Synth_BTC,BTC,0.20000000000000001,Concept,45,1885,195,True
Synth_BTC,BTC,0.20000000000000001,Concept,46,1916,167,True
Synth_BTC,BTC,0.20000000000000001,Concept,47,1946,137,True
Synth_BTC,BTC,0.20000000000000001,Concept,48,1977,106,True
Synth_BTC,BTC,0.20000000000000001,Concept,49,2007,76,True
Synth_BTC,BTC,0.20000000000000001,Concept,50,2038,57,True
Synth_BTC,BTC,0.20000000000000001,Concept,51,2069,95,True
Synth_BTC,BTC,0.20000000000000001,Concept,52,2099,69,True
Synth_BTC,BTC,0.20000000000000001,Concept,53,2130,41,True
Synth_BTC,BTC,0.20000000000000001,Concept,54,2160,307,True
Synth_BTC,BTC,0.20000000000000001,Concept,55,2191,485,True
Synth_BTC,BTC,0.20000000000000001,Concept,56,2222,245,True
Synth_BTC,BTC,0.20000000000000001,Concept,57,2250,426,True
Synth_BTC,BTC,0.20000000000000001,Concept,58,2281,395,True
Synth_BTC,BTC,0.20000000000000001,Concept,59,2311,156,True
Synth_BTC,BTC,0.20000000000000001,Concept,60,2342,122,True
Synth_BTC,BTC,0.20000000000000001,Concept,61,2372,95,True
Synth_BTC,BTC,0.20000000000000001,Concept,62,2403,257,True
Synth_BTC,BTC,0.20000000000000001,Concept,63,2434,226,True
Synth_BTC,BTC,0.20000000000000001,Concept,64,2464,212,True
Synth_BTC,BTC,0.20000000000000001,Concept,65,2495,165,True
Synth_BTC,BTC,0.20000000000000001,Concept,66,2525,135,True
Synth_BTC,BTC,0.20000000000000001,Concept,67,2556,104,True
Synth_BTC,BTC,0.20000000000000001,Concept,68,2587,73,True
Synth_BTC,BTC,0.20000000000000001,Concept,69,2615,61,True
Synth_BTC,BTC,0.20000000000000001,Concept,70,2646,194,True
Synth_BTC,BTC,0.20000000000000001,Concept,71,2676,164,True
Synth_BTC,BTC,0.20000000000000001,Concept,72,2707,133,True
Synth_BTC,BTC,0.20000000000000001,Concept,73,2737,78,True
Synth_BTC,BTC,0.20000000000000001,Concept,74,2768,235,True
Synth_BTC,BTC,0.20000000000000001,Concept,75,2799,204,True
Synth_BTC,BTC,0.20000000000000001,Concept,76,2829,174,True
Synth_BTC,BTC,0.20000000000000001,Concept,77,2860,143,True
Synth_BTC,BTC,0.20000000000000001,Concept,78,2890,113,True
Synth_BTC,BTC,0.20000000000000001,Concept,79,2921,82,True
Synth_BTC,BTC,0.20000000000000001,Concept,80,2952,249,True
Synth_BTC,BTC,0.20000000000000001,Concept,81,2980,214,True
Synth_BTC,BTC,0.20000000000000001,Concept,82,3011,270,True
Synth_BTC,BTC,0.20000000000000001,Concept,83,3041,240,True
Synth_BTC,BTC,0.20000000000000001,Concept,84,3072,209,True
Synth_BTC,BTC,0.20000000000000001,Concept,85,3102,179,True
Synth_BTC,BTC,0.20000000000000001,Concept,86,3133,148,True
Synth_BTC,BTC,0.20000000000000001,Concept,87,3164,117,True
Synth_BTC,BTC,0.20000000000000001,Concept,88,3194,140,True
Synth_BTC,BTC,0.20000000000000001,Concept,89,3225,109,True
Synth_BTC,BTC,0.20000000000000001,Concept,90,3255,79,True
Synth_BTC,BTC,0.20000000000000001,Concept,91,3286,430,True
Synth_BTC,BTC,0.20000000000000001,Concept,92,3317,398,True
Synth_BTC,BTC,0.20000000000000001,Concept,93,3346,370,True
Synth_BTC,BTC,0.20000000000000001,Concept,94,3377,339,True
Synth_BTC,BTC,0.20000000000000001,Concept,95,3407,309,True
Synth_BTC,BTC,0.20000000000000001,Concept,96,3438,278,True
Synth_BTC,BTC,0.20000000000000001,Concept,97,3468,248,True
Synth_BTC,BTC,0.20000000000000001,Concept,98,3499,217,True
Synth_BTC,BTC,0.20000000000000001,Concept,99,3530,170,True
Synth_BTC,BTC,0.20000000000000001,Concept,100,3560,156,True
Synth_BTC,BTC,0.20000000000000001,Concept,101,3591,125,True
Synth_BTC,BTC,0.20000000000000001,Concept,102,3621,95,True
Synth_BTC,BTC,0.20000000000000001,Concept,103,3652,73,True
Synth_BTC,BTC,0.20000000000000001,Concept,104,3683,51,True
Synth_BTC,BTC,0.20000000000000001,Concept,105,3711,241,True
Synth_BTC,BTC,0.20000000000000001,Eco,0,516,119,True
Synth_BTC,BTC,0.20000000000000001,Eco,1,546,-1,False
Synth_BTC,BTC,0.20000000000000001,Eco,2,577,-1,False
Synth_BTC,BTC,0.20000000000000001,Eco,3,608,-1,False
Synth_BTC,BTC,0.20000000000000001,Eco,4,638,-1,False
Synth_BTC,BTC,0.20000000000000001,Eco,5,669,-1,False
Synth_BTC,BTC,0.20000000000000001,Eco,6,699,483,True
Synth_BTC,BTC,0.20000000000000001,Eco,7,730,450,True
Synth_BTC,BTC,0.20000000000000001,Eco,8,761,419,True
Synth_BTC,BTC,0.20000000000000001,Eco,9,789,392,True
Synth_BTC,BTC,0.20000000000000001,Eco,10,820,319,True
Synth_BTC,BTC,0.20000000000000001,Eco,11,850,289,True
Synth_BTC,BTC,0.20000000000000001,Eco,12,881,300,True
Synth_BTC,BTC,0.20000000000000001,Eco,13,911,268,True
Synth_BTC,BTC,0.20000000000000001,Eco,14,942,237,True
Synth_BTC,BTC,0.20000000000000001,Eco,15,973,208,True
Synth_BTC,BTC,0.20000000000000001,Eco,16,1003,177,True
Synth_BTC,BTC,0.20000000000000001,Eco,17,1034,145,True
Synth_BTC,BTC,0.20000000000000001,Eco,18,1064,117,True
Synth_BTC,BTC,0.20000000000000001,Eco,19,1095,88,True
Synth_BTC,BTC,0.20000000000000001,Eco,20,1126,99,True
Synth_BTC,BTC,0.20000000000000001,Eco,21,1154,151,True
Synth_BTC,BTC,0.20000000000000001,Eco,22,1185,255,True
Synth_BTC,BTC,0.20000000000000001,Eco,23,1215,233,True
Synth_BTC,BTC,0.20000000000000001,Eco,24,1246,201,True
Synth_BTC,BTC,0.20000000000000001,Eco,25,1276,185,True
Synth_BTC,BTC,0.20000000000000001,Eco,26,1307,158,True
Synth_BTC,BTC,0.20000000000000001,Eco,27,1338,136,True
Synth_BTC,BTC,0.20000000000000001,Eco,28,1368,136,True
Synth_BTC,BTC,0.20000000000000001,Eco,29,1399,104,True
Synth_BTC,BTC,0.20000000000000001,Eco,30,1429,75,True
Synth_BTC,BTC,0.20000000000000001,Eco,31,1460,241,True
Synth_BTC,BTC,0.20000000000000001,Eco,32,1491,344,True
Synth_BTC,BTC,0.20000000000000001,Eco,33,1519,344,True
Synth_BTC,BTC,0.20000000000000001,Eco,34,1550,285,True
Synth_BTC,BTC,0.20000000000000001,Eco,35,1580,255,True
Synth_BTC,BTC,0.20000000000000001,Eco,36,1611,255,True
Synth_BTC,BTC,0.20000000000000001,Eco,37,1641,211,True
Synth_BTC,BTC,0.20000000000000001,Eco,38,1672,195,True
Synth_BTC,BTC,0.20000000000000001,Eco,39,1703,249,True
Synth_BTC,BTC,0.20000000000000001,Eco,40,1733,226,True
Synth_BTC,BTC,0.20000000000000001,Eco,41,1764,161,True
Synth_BTC,BTC,0.20000000000000001,Eco,42,1794,165,True
Synth_BTC,BTC,0.20000000000000001,Eco,43,1825,97,True
Synth_BTC,BTC,0.20000000000000001,Eco,44,1856,178,True
Synth_BTC,BTC,0.20000000000000001,Eco,45,1885,209,True
Synth_BTC,BTC,0.20000000000000001,Eco,46,1916,178,True
Synth_BTC,BTC,0.20000000000000001,Eco,47,1946,138,True
Synth_BTC,BTC,0.20000000000000001,Eco,48,1977,142,True
Synth_BTC,BTC,0.20000000000000001,Eco,49,2007,112,True
Synth_BTC,BTC,0.20000000000000001,Eco,50,2038,116,True
Synth_BTC,BTC,0.20000000000000001,Eco,51,2069,102,True
Synth_BTC,BTC,0.20000000000000001,Eco,52,2099,74,True
Synth_BTC,BTC,0.20000000000000001,Eco,53,2130,88,True
Synth_BTC,BTC,0.20000000000000001,Eco,54,2160,302,True
Synth_BTC,BTC,0.20000000000000001,Eco,55,2191,424,True
Synth_BTC,BTC,0.20000000000000001,Eco,56,2222,245,True
Synth_BTC,BTC,0.20000000000000001,Eco,57,2250,379,True
Synth_BTC,BTC,0.20000000000000001,Eco,58,2281,333,True
Synth_BTC,BTC,0.20000000000000001,Eco,59,2311,303,True
Synth_BTC,BTC,0.20000000000000001,Eco,60,2342,124,True
Synth_BTC,BTC,0.20000000000000001,Eco,61,2372,92,True
Synth_BTC,BTC,0.20000000000000001,Eco,62,2403,195,True
Synth_BTC,BTC,0.20000000000000001,Eco,63,2434,205,True
Synth_BTC,BTC,0.20000000000000001,Eco,64,2464,210,True
Synth_BTC,BTC,0.20000000000000001,Eco,65,2495,179,True
Synth_BTC,BTC,0.20000000000000001,Eco,66,2525,149,True
Synth_BTC,BTC,0.20000000000000001,Eco,67,2556,119,True
Synth_BTC,BTC,0.20000000000000001,Eco,68,2587,95,True
Synth_BTC,BTC,0.20000000000000001,Eco,69,2615,398,True
Synth_BTC,BTC,0.20000000000000001,Eco,70,2646,373,True
Synth_BTC,BTC,0.20000000000000001,Eco,71,2676,339,True
Synth_BTC,BTC,0.20000000000000001,Eco,72,2707,306,True
Synth_BTC,BTC,0.20000000000000001,Eco,73,2737,275,True
Synth_BTC,BTC,0.20000000000000001,Eco,74,2768,245,True
Synth_BTC,BTC,0.20000000000000001,Eco,75,2799,218,True
Synth_BTC,BTC,0.20000000000000001,Eco,76,2829,186,True
Synth_BTC,BTC,0.20000000000000001,Eco,77,2860,159,True
Synth_BTC,BTC,0.20000000000000001,Eco,78,2890,123,True
Synth_BTC,BTC,0.20000000000000001,Eco,79,2921,88,True
Synth_BTC,BTC,0.20000000000000001,Eco,80,2952,82,True
Synth_BTC,BTC,0.20000000000000001,Eco,81,2980,54,True
Synth_BTC,BTC,0.20000000000000001,Eco,82,3011,140,True
Synth_BTC,BTC,0.20000000000000001,Eco,83,3041,141,True
Synth_BTC,BTC,0.20000000000000001,Eco,84,3072,114,True
Synth_BTC,BTC,0.20000000000000001,Eco,85,3102,87,True
Synth_BTC,BTC,0.20000000000000001,Eco,86,3133,56,True
Synth_BTC,BTC,0.20000000000000001,Eco,87,3164,66,True
Synth_BTC,BTC,0.20000000000000001,Eco,88,3194,145,True
Synth_BTC,BTC,0.20000000000000001,Eco,89,3225,364,True
Synth_BTC,BTC,0.20000000000000001,Eco,90,3255,441,True
Synth_BTC,BTC,0.20000000000000001,Eco,91,3286,410,True
Synth_BTC,BTC,0.20000000000000001,Eco,92,3317,379,True
Synth_BTC,BTC,0.20000000000000001,Eco,93,3346,353,True
Synth_BTC,BTC,0.20000000000000001,Eco,94,3377,320,True
Synth_BTC,BTC,0.20000000000000001,Eco,95,3407,293,True
Synth_BTC,BTC,0.20000000000000001,Eco,96,3438,262,True
Synth_BTC,BTC,0.20000000000000001,Eco,97,3468,229,True
Synth_BTC,BTC,0.20000000000000001,Eco,98,3499,198,True
Synth_BTC,BTC,0.20000000000000001,Eco,99,3530,183,True
Synth_BTC,BTC,0.20000000000000001,Eco,100,3560,171,True
Synth_BTC,BTC,0.20000000000000001,Eco,101,3591,140,True
Synth_BTC,BTC,0.20000000000000001,Eco,102,3621,105,True
Synth_BTC,BTC,0.20000000000000001,Eco,103,3652,308,True
Synth_BTC,BTC,0.20000000000000001,Eco,104,3683,274,True
Synth_BTC,BTC,0.20000000000000001,Eco,105,3711,246,True
Synth_BTC,BTC,0.25,Concept,0,516,130,True
Synth_BTC,BTC,0.25,Concept,1,546,-1,False
Synth_BTC,BTC,0.25,Concept,2,577,-1,False
Synth_BTC,BTC,0.25,Concept,3,608,-1,False
Synth_BTC,BTC,0.25,Concept,4,638,-1,False
Synth_BTC,BTC,0.25,Concept,5,669,-1,False
Synth_BTC,BTC,0.25,Concept,6,699,-1,False
Synth_BTC,BTC,0.25,Concept,7,730,-1,False
Synth_BTC,BTC,0.25,Concept,8,761,-1,False
Synth_BTC,BTC,0.25,Concept,9,789,-1,False
Synth_BTC,BTC,0.25,Concept,10,820,-1,False
Synth_BTC,BTC,0.25,Concept,11,850,-1,False
Synth_BTC,BTC,0.25,Concept,12,881,-1,False
Synth_BTC,BTC,0.25,Concept,13,911,-1,False
Synth_BTC,BTC,0.25,Concept,14,942,-1,False
Synth_BTC,BTC,0.25,Concept,15,973,490,True
Synth_BTC,BTC,0.25,Concept,16,1003,460,True
Synth_BTC,BTC,0.25,Concept,17,1034,148,True
Synth_BTC,BTC,0.25,Concept,18,1064,188,True
Synth_BTC,BTC,0.25,Concept,19,1095,156,True
Synth_BTC,BTC,0.25,Concept,20,1126,126,True
Synth_BTC,BTC,0.25,Concept,21,1154,104,True
Synth_BTC,BTC,0.25,Concept,22,1185,181,True
Synth_BTC,BTC,0.25,Concept,23,1215,234,True
Synth_BTC,BTC,0.25,Concept,24,1246,221,True
Synth_BTC,BTC,0.25,Concept,25,1276,191,True
Synth_BTC,BTC,0.25,Concept,26,1307,167,True
Synth_BTC,BTC,0.25,Concept,27,1338,136,True
Synth_BTC,BTC,0.25,Concept,28,1368,99,True
Synth_BTC,BTC,0.25,Concept,29,1399,68,True
Synth_BTC,BTC,0.25,Concept,30,1429,44,True
Synth_BTC,BTC,0.25,Concept,31,1460,-1,False
Synth_BTC,BTC,0.25,Concept,32,1491,-1,False
Synth_BTC,BTC,0.25,Concept,33,1519,-1,False
Synth_BTC,BTC,0.25,Concept,34,1550,-1,False
Synth_BTC,BTC,0.25,Concept,35,1580,487,True
Synth_BTC,BTC,0.25,Concept,36,1611,456,True
Synth_BTC,BTC,0.25,Concept,37,1641,426,True
Synth_BTC,BTC,0.25,Concept,38,1672,390,True
Synth_BTC,BTC,0.25,Concept,39,1703,364,True
Synth_BTC,BTC,0.25,Concept,40,1733,334,True
Synth_BTC,BTC,0.25,Concept,41,1764,293,True
Synth_BTC,BTC,0.25,Concept,42,1794,263,True
Synth_BTC,BTC,0.25,Concept,43,1825,167,True
Synth_BTC,BTC,0.25,Concept,44,1856,136,True
Synth_BTC,BTC,0.25,Concept,45,1885,193,True
Synth_BTC,BTC,0.25,Concept,46,1916,166,True
Synth_BTC,BTC,0.25,Concept,47,1946,133,True
Synth_BTC,BTC,0.25,Concept,48,1977,105,True
Synth_BTC,BTC,0.25,Concept,49,2007,76,True
Synth_BTC,BTC,0.25,Concept,50,2038,57,True
Synth_BTC,BTC,0.25,Concept,51,2069,92,True
Synth_BTC,BTC,0.25,Concept,52,2099,69,True
Synth_BTC,BTC,0.25,Concept,53,2130,41,True
Synth_BTC,BTC,0.25,Concept,54,2160,304,True
Synth_BTC,BTC,0.25,Concept,55,2191,273,True
Synth_BTC,BTC,0.25,Concept,56,2222,242,True
Synth_BTC,BTC,0.25,Concept,57,2250,214,True
Synth_BTC,BTC,0.25,Concept,58,2281,183,True
Synth_BTC,BTC,0.25,Concept,59,2311,153,True
Synth_BTC,BTC,0.25,Concept,60,2342,122,True
Synth_BTC,BTC,0.25,Concept,61,2372,75,True
Synth_BTC,BTC,0.25,Concept,62,2403,252,True
Synth_BTC,BTC,0.25,Concept,63,2434,221,True
Synth_BTC,BTC,0.25,Concept,64,2464,196,True
Synth_BTC,BTC,0.25,Concept,65,2495,160,True
Synth_BTC,BTC,0.25,Concept,66,2525,130,True
Synth_BTC,BTC,0.25,Concept,67,2556,99,True
Synth_BTC,BTC,0.25,Concept,68,2587,68,True
Synth_BTC,BTC,0.25,Concept,69,2615,61,True
Synth_BTC,BTC,0.25,Concept,70,2646,177,True
Synth_BTC,BTC,0.25,Concept,71,2676,139,True
Synth_BTC,BTC,0.25,Concept,72,2707,108,True
Synth_BTC,BTC,0.25,Concept,73,2737,73,True
Synth_BTC,BTC,0.25,Concept,74,2768,59,True
Synth_BTC,BTC,0.25,Concept,75,2799,204,True
Synth_BTC,BTC,0.25,Concept,76,2829,174,True
Synth_BTC,BTC,0.25,Concept,77,2860,143,True
Synth_BTC,BTC,0.25,Concept,78,2890,113,True
Synth_BTC,BTC,0.25,Concept,79,2921,82,True
Synth_BTC,BTC,0.25,Concept,80,2952,159,True
Synth_BTC,BTC,0.25,Concept,81,2980,129,True
Synth_BTC,BTC,0.25,Concept,82,3011,268,True
Synth_BTC,BTC,0.25,Concept,83,3041,238,True
Synth_BTC,BTC,0.25,Concept,84,3072,208,True
Synth_BTC,BTC,0.25,Concept,85,3102,179,True
Synth_BTC,BTC,0.25,Concept,86,3133,148,True
Synth_BTC,BTC,0.25,Concept,87,3164,117,True
Synth_BTC,BTC,0.25,Concept,88,3194,140,True
Synth_BTC,BTC,0.25,Concept,89,3225,109,True
Synth_BTC,BTC,0.25,Concept,90,3255,79,True
Synth_BTC,BTC,0.25,Concept,91,3286,307,True
Synth_BTC,BTC,0.25,Concept,92,3317,276,True
Synth_BTC,BTC,0.25,Concept,93,3346,247,True
Synth_BTC,BTC,0.25,Concept,94,3377,216,True
Synth_BTC,BTC,0.25,Concept,95,3407,308,True
Synth_BTC,BTC,0.25,Concept,96,3438,257,True
Synth_BTC,BTC,0.25,Concept,97,3468,125,True
Synth_BTC,BTC,0.25,Concept,98,3499,94,True
Synth_BTC,BTC,0.25,Concept,99,3530,143,True
Synth_BTC,BTC,0.25,Concept,100,3560,144,True
Synth_BTC,BTC,0.25,Concept,101,3591,113,True
Synth_BTC,BTC,0.25,Concept,102,3621,83,True
Synth_BTC,BTC,0.25,Concept,103,3652,73,True
Synth_BTC,BTC,0.25,Concept,104,3683,51,True
Synth_BTC,BTC,0.25,Concept,105,3711,236,True
Synth_BTC,BTC,0.25,Eco,0,516,95,True
Synth_BTC,BTC,0.25,Eco,1,546,409,True
Synth_BTC,BTC,0.25,Eco,2,577,377,True
Synth_BTC,BTC,0.25,Eco,3,608,355,True
Synth_BTC,BTC,0.25,Eco,4,638,325,True
Synth_BTC,BTC,0.25,Eco,5,669,289,True
Synth_BTC,BTC,0.25,Eco,6,699,261,True
Synth_BTC,BTC,0.25,Eco,7,730,235,True
Synth_BTC,BTC,0.25,Eco,8,761,204,True
Synth_BTC,BTC,0.25,Eco,9,789,177,True
Synth_BTC,BTC,0.25,Eco,10,820,140,True
Synth_BTC,BTC,0.25,Eco,11,850,115,True
Synth_BTC,BTC,0.25,Eco,12,881,257,True
Synth_BTC,BTC,0.25,Eco,13,911,223,True
Synth_BTC,BTC,0.25,Eco,14,942,196,True
Synth_BTC,BTC,0.25,Eco,15,973,196,True
Synth_BTC,BTC,0.25,Eco,16,1003,144,True
Synth_BTC,BTC,0.25,Eco,17,1034,113,True
Synth_BTC,BTC,0.25,Eco,18,1064,108,True
Synth_BTC,BTC,0.25,Eco,19,1095,86,True
Synth_BTC,BTC,0.25,Eco,20,1126,57,True
Synth_BTC,BTC,0.25,Eco,21,1154,104,True
Synth_BTC,BTC,0.25,Eco,22,1185,171,True
Synth_BTC,BTC,0.25,Eco,23,1215,151,True
Synth_BTC,BTC,0.25,Eco,24,1246,126,True
Synth_BTC,BTC,0.25,Eco,25,1276,169,True
Synth_BTC,BTC,0.25,Eco,26,1307,151,True
Synth_BTC,BTC,0.25,Eco,27,1338,126,True
Synth_BTC,BTC,0.25,Eco,28,1368,101,True
Synth_BTC,BTC,0.25,Eco,29,1399,70,True
Synth_BTC,BTC,0.25,Eco,30,1429,45,True
Synth_BTC,BTC,0.25,Eco,31,1460,201,True
Synth_BTC,BTC,0.25,Eco,32,1491,210,True
Synth_BTC,BTC,0.25,Eco,33,1519,185,True
Synth_BTC,BTC,0.25,Eco,34,1550,151,True
Synth_BTC,BTC,0.25,Eco,35,1580,123,True
Synth_BTC,BTC,0.25,Eco,36,1611,189,True
Synth_BTC,BTC,0.25,Eco,37,1641,155,True
Synth_BTC,BTC,0.25,Eco,38,1672,163,True
Synth_BTC,BTC,0.25,Eco,39,1703,168,True
Synth_BTC,BTC,0.25,Eco,40,1733,141,True
Synth_BTC,BTC,0.25,Eco,41,1764,107,True
Synth_BTC,BTC,0.25,Eco,42,1794,128,True
Synth_BTC,BTC,0.25,Eco,43,1825,55,True
Synth_BTC,BTC,0.25,Eco,44,1856,135,True
Synth_BTC,BTC,0.25,Eco,45,1885,176,True
Synth_BTC,BTC,0.25,Eco,46,1916,146,True
Synth_BTC,BTC,0.25,Eco,47,1946,115,True
Synth_BTC,BTC,0.25,Eco,48,1977,117,True
Synth_BTC,BTC,0.25,Eco,49,2007,88,True
Synth_BTC,BTC,0.25,Eco,50,2038,103,True
Synth_BTC,BTC,0.25,Eco,51,2069,94,True
Synth_BTC,BTC,0.25,Eco,52,2099,71,True
Synth_BTC,BTC,0.25,Eco,53,2130,63,True
Synth_BTC,BTC,0.25,Eco,54,2160,256,True
Synth_BTC,BTC,0.25,Eco,55,2191,270,True
Synth_BTC,BTC,0.25,Eco,56,2222,239,True
Synth_BTC,BTC,0.25,Eco,57,2250,212,True
Synth_BTC,BTC,0.25,Eco,58,2281,180,True
Synth_BTC,BTC,0.25,Eco,59,2311,150,True
Synth_BTC,BTC,0.25,Eco,60,2342,113,True
Synth_BTC,BTC,0.25,Eco,61,2372,89,True
Synth_BTC,BTC,0.25,Eco,62,2403,67,True
Synth_BTC,BTC,0.25,Eco,63,2434,181,True
Synth_BTC,BTC,0.25,Eco,64,2464,175,True
Synth_BTC,BTC,0.25,Eco,65,2495,143,True
Synth_BTC,BTC,0.25,Eco,66,2525,114,True
Synth_BTC,BTC,0.25,Eco,67,2556,90,True
Synth_BTC,BTC,0.25,Eco,68,2587,89,True
Synth_BTC,BTC,0.25,Eco,69,2615,70,True
Synth_BTC,BTC,0.25,Eco,70,2646,362,True
Synth_BTC,BTC,0.25,Eco,71,2676,284,True
Synth_BTC,BTC,0.25,Eco,72,2707,251,True
Synth_BTC,BTC,0.25,Eco,73,2737,219,True
Synth_BTC,BTC,0.25,Eco,74,2768,237,True
Synth_BTC,BTC,0.25,Eco,75,2799,210,True
Synth_BTC,BTC,0.25,Eco,76,2829,180,True
Synth_BTC,BTC,0.25,Eco,77,2860,151,True
Synth_BTC,BTC,0.25,Eco,78,2890,119,True
Synth_BTC,BTC,0.25,Eco,79,2921,87,True
Synth_BTC,BTC,0.25,Eco,80,2952,79,True
Synth_BTC,BTC,0.25,Eco,81,2980,43,True
Synth_BTC,BTC,0.25,Eco,82,3011,97,True
Synth_BTC,BTC,0.25,Eco,83,3041,134,True
Synth_BTC,BTC,0.25,Eco,84,3072,109,True
Synth_BTC,BTC,0.25,Eco,85,3102,86,True
Synth_BTC,BTC,0.25,Eco,86,3133,55,True
Synth_BTC,BTC,0.25,Eco,87,3164,63,True
Synth_BTC,BTC,0.25,Eco,88,3194,121,True
Synth_BTC,BTC,0.25,Eco,89,3225,125,True
Synth_BTC,BTC,0.25,Eco,90,3255,286,True
Synth_BTC,BTC,0.25,Eco,91,3286,307,True
Synth_BTC,BTC,0.25,Eco,92,3317,272,True
Synth_BTC,BTC,0.25,Eco,93,3346,301,True
Synth_BTC,BTC,0.25,Eco,94,3377,269,True
Synth_BTC,BTC,0.25,Eco,95,3407,267,True
Synth_BTC,BTC,0.25,Eco,96,3438,236,True
Synth_BTC,BTC,0.25,Eco,97,3468,178,True
Synth_BTC,BTC,0.25,Eco,98,3499,147,True
Synth_BTC,BTC,0.25,Eco,99,3530,164,True
Synth_BTC,BTC,0.25,Eco,100,3560,155,True
Synth_BTC,BTC,0.25,Eco,101,3591,125,True
Synth_BTC,BTC,0.25,Eco,102,3621,93,True
Synth_BTC,BTC,0.25,Eco,103,3652,95,True
Synth_BTC,BTC,0.25,Eco,104,3683,256,True
Synth_BTC,BTC,0.25,Eco,105,3711,241,True
Synth_BTC,BTC,0.34999999999999998,Concept,0,516,65,True
Synth_BTC,BTC,0.34999999999999998,Concept,1,546,92,True
Synth_BTC,BTC,0.34999999999999998,Concept,2,577,69,True
Synth_BTC,BTC,0.34999999999999998,Concept,3,608,358,True
Synth_BTC,BTC,0.34999999999999998,Concept,4,638,328,True
Synth_BTC,BTC,0.34999999999999998,Concept,5,669,294,True
Synth_BTC,BTC,0.34999999999999998,Concept,6,699,267,True
Synth_BTC,BTC,0.34999999999999998,Concept,7,730,236,True
Synth_BTC,BTC,0.34999999999999998,Concept,8,761,205,True
Synth_BTC,BTC,0.34999999999999998,Concept,9,789,177,True
Synth_BTC,BTC,0.34999999999999998,Concept,10,820,146,True
Synth_BTC,BTC,0.34999999999999998,Concept,11,850,116,True
Synth_BTC,BTC,0.34999999999999998,Concept,12,881,85,True
Synth_BTC,BTC,0.34999999999999998,Concept,13,911,55,True
Synth_BTC,BTC,0.34999999999999998,Concept,14,942,240,True
Synth_BTC,BTC,0.34999999999999998,Concept,15,973,209,True
Synth_BTC,BTC,0.34999999999999998,Concept,16,1003,179,True
Synth_BTC,BTC,0.34999999999999998,Concept,17,1034,115,True
Synth_BTC,BTC,0.34999999999999998,Concept,18,1064,105,True
Synth_BTC,BTC,0.34999999999999998,Concept,19,1095,84,True
Synth_BTC,BTC,0.34999999999999998,Concept,20,1126,56,True
Synth_BTC,BTC,0.34999999999999998,Concept,21,1154,97,True
Synth_BTC,BTC,0.34999999999999998,Concept,22,1185,73,True
Synth_BTC,BTC,0.34999999999999998,Concept,23,1215,49,True
Synth_BTC,BTC,0.34999999999999998,Concept,24,1246,48,True
Synth_BTC,BTC,0.34999999999999998,Concept,25,1276,158,True
Synth_BTC,BTC,0.34999999999999998,Concept,26,1307,143,True
Synth_BTC,BTC,0.34999999999999998,Concept,27,1338,125,True
Synth_BTC,BTC,0.34999999999999998,Concept,28,1368,95,True
Synth_BTC,BTC,0.34999999999999998,Concept,29,1399,67,True
Synth_BTC,BTC,0.34999999999999998,Concept,30,1429,44,True
Synth_BTC,BTC,0.34999999999999998,Concept,31,1460,239,True
Synth_BTC,BTC,0.34999999999999998,Concept,32,1491,213,True
Synth_BTC,BTC,0.34999999999999998,Concept,33,1519,187,True
Synth_BTC,BTC,0.34999999999999998,Concept,34,1550,155,True
Synth_BTC,BTC,0.34999999999999998,Concept,35,1580,126,True
Synth_BTC,BTC,0.34999999999999998,Concept,36,1611,95,True
Synth_BTC,BTC,0.34999999999999998,Concept,37,1641,65,True
Synth_BTC,BTC,0.34999999999999998,Concept,38,1672,129,True
Synth_BTC,BTC,0.34999999999999998,Concept,39,1703,289,True
Synth_BTC,BTC,0.34999999999999998,Concept,40,1733,227,True
Synth_BTC,BTC,0.34999999999999998,Concept,41,1764,186,True
Synth_BTC,BTC,0.34999999999999998,Concept,42,1794,156,True
Synth_BTC,BTC,0.34999999999999998,Concept,43,1825,125,True
Synth_BTC,BTC,0.34999999999999998,Concept,44,1856,91,True
Synth_BTC,BTC,0.34999999999999998,Concept,45,1885,75,True
Synth_BTC,BTC,0.34999999999999998,Concept,46,1916,103,True
Synth_BTC,BTC,0.34999999999999998,Concept,47,1946,107,True
Synth_BTC,BTC,0.34999999999999998,Concept,48,1977,85,True
Synth_BTC,BTC,0.34999999999999998,Concept,49,2007,72,True
Synth_BTC,BTC,0.34999999999999998,Concept,50,2038,50,True
Synth_BTC,BTC,0.34999999999999998,Concept,51,2069,82,True
Synth_BTC,BTC,0.34999999999999998,Concept,52,2099,64,True
Synth_BTC,BTC,0.34999999999999998,Concept,53,2130,36,True
Synth_BTC,BTC,0.34999999999999998,Concept,54,2160,254,True
Synth_BTC,BTC,0.34999999999999998,Concept,55,2191,223,True
Synth_BTC,BTC,0.34999999999999998,Concept,56,2222,192,True
Synth_BTC,BTC,0.34999999999999998,Concept,57,2250,164,True
Synth_BTC,BTC,0.34999999999999998,Concept,58,2281,133,True
Synth_BTC,BTC,0.34999999999999998,Concept,59,2311,103,True
Synth_BTC,BTC,0.34999999999999998,Concept,60,2342,60,True
Synth_BTC,BTC,0.34999999999999998,Concept,61,2372,46,True
Synth_BTC,BTC,0.34999999999999998,Concept,62,2403,139,True
Synth_BTC,BTC,0.34999999999999998,Concept,63,2434,153,True
Synth_BTC,BTC,0.34999999999999998,Concept,64,2464,171,True
Synth_BTC,BTC,0.34999999999999998,Concept,65,2495,137,True
Synth_BTC,BTC,0.34999999999999998,Concept,66,2525,110,True
Synth_BTC,BTC,0.34999999999999998,Concept,67,2556,82,True
Synth_BTC,BTC,0.34999999999999998,Concept,68,2587,68,True
Synth_BTC,BTC,0.34999999999999998,Concept,69,2615,61,True
Synth_BTC,BTC,0.34999999999999998,Concept,70,2646,164,True
Synth_BTC,BTC,0.34999999999999998,Concept,71,2676,134,True
Synth_BTC,BTC,0.34999999999999998,Concept,72,2707,103,True
Synth_BTC,BTC,0.34999999999999998,Concept,73,2737,73,True
Synth_BTC,BTC,0.34999999999999998,Concept,74,2768,49,True
Synth_BTC,BTC,0.34999999999999998,Concept,75,2799,204,True
Synth_BTC,BTC,0.34999999999999998,Concept,76,2829,174,True
Synth_BTC,BTC,0.34999999999999998,Concept,77,2860,143,True
Synth_BTC,BTC,0.34999999999999998,Concept,78,2890,113,True
Synth_BTC,BTC,0.34999999999999998,Concept,79,2921,47,True
Synth_BTC,BTC,0.34999999999999998,Concept,80,2952,67,True
Synth_BTC,BTC,0.34999999999999998,Concept,81,2980,39,True
Synth_BTC,BTC,0.34999999999999998,Concept,82,3011,76,True
Synth_BTC,BTC,0.34999999999999998,Concept,83,3041,139,True
Synth_BTC,BTC,0.34999999999999998,Concept,84,3072,122,True
Synth_BTC,BTC,0.34999999999999998,Concept,85,3102,101,True
Synth_BTC,BTC,0.34999999999999998,Concept,86,3133,95,True
Synth_BTC,BTC,0.34999999999999998,Concept,87,3164,39,True
Synth_BTC,BTC,0.34999999999999998,Concept,88,3194,88,True
Synth_BTC,BTC,0.34999999999999998,Concept,89,3225,99,True
Synth_BTC,BTC,0.34999999999999998,Concept,90,3255,69,True
Synth_BTC,BTC,0.34999999999999998,Concept,91,3286,55,True
Synth_BTC,BTC,0.34999999999999998,Concept,92,3317,224,True
Synth_BTC,BTC,0.34999999999999998,Concept,93,3346,217,True
Synth_BTC,BTC,0.34999999999999998,Concept,94,3377,186,True
Synth_BTC,BTC,0.34999999999999998,Concept,95,3407,174,True
Synth_BTC,BTC,0.34999999999999998,Concept,96,3438,130,True
Synth_BTC,BTC,0.34999999999999998,Concept,97,3468,95,True
Synth_BTC,BTC,0.34999999999999998,Concept,98,3499,64,True
Synth_BTC,BTC,0.34999999999999998,Concept,99,3530,60,True
Synth_BTC,BTC,0.34999999999999998,Concept,100,3560,111,True
Synth_BTC,BTC,0.34999999999999998,Concept,101,3591,90,True
Synth_BTC,BTC,0.34999999999999998,Concept,102,3621,60,True
Synth_BTC,BTC,0.34999999999999998,Concept,103,3652,45,True
Synth_BTC,BTC,0.34999999999999998,Concept,104,3683,40,True
Synth_BTC,BTC,0.34999999999999998,Concept,105,3711,234,True
Synth_BTC,BTC,0.34999999999999998,Eco,0,516,78,True
Synth_BTC,BTC,0.34999999999999998,Eco,1,546,99,True
Synth_BTC,BTC,0.34999999999999998,Eco,2,577,156,True
Synth_BTC,BTC,0.34999999999999998,Eco,3,608,175,True
Synth_BTC,BTC,0.34999999999999998,Eco,4,638,215,True
Synth_BTC,BTC,0.34999999999999998,Eco,5,669,185,True
Synth_BTC,BTC,0.34999999999999998,Eco,6,699,155,True
Synth_BTC,BTC,0.34999999999999998,Eco,7,730,134,True
Synth_BTC,BTC,0.34999999999999998,Eco,8,761,131,True
Synth_BTC,BTC,0.34999999999999998,Eco,9,789,150,True
Synth_BTC,BTC,0.34999999999999998,Eco,10,820,115,True
Synth_BTC,BTC,0.34999999999999998,Eco,11,850,93,True
Synth_BTC,BTC,0.34999999999999998,Eco,12,881,171,True
Synth_BTC,BTC,0.34999999999999998,Eco,13,911,131,True
Synth_BTC,BTC,0.34999999999999998,Eco,14,942,121,True
Synth_BTC,BTC,0.34999999999999998,Eco,15,973,143,True
Synth_BTC,BTC,0.34999999999999998,Eco,16,1003,112,True
Synth_BTC,BTC,0.34999999999999998,Eco,17,1034,100,True
Synth_BTC,BTC,0.34999999999999998,Eco,18,1064,80,True
Synth_BTC,BTC,0.34999999999999998,Eco,19,1095,74,True
Synth_BTC,BTC,0.34999999999999998,Eco,20,1126,54,True
Synth_BTC,BTC,0.34999999999999998,Eco,21,1154,81,True
Synth_BTC,BTC,0.34999999999999998,Eco,22,1185,113,True
Synth_BTC,BTC,0.34999999999999998,Eco,23,1215,102,True
Synth_BTC,BTC,0.34999999999999998,Eco,24,1246,93,True
Synth_BTC,BTC,0.34999999999999998,Eco,25,1276,90,True
Synth_BTC,BTC,0.34999999999999998,Eco,26,1307,113,True
Synth_BTC,BTC,0.34999999999999998,Eco,27,1338,109,True
Synth_BTC,BTC,0.34999999999999998,Eco,28,1368,93,True
Synth_BTC,BTC,0.34999999999999998,Eco,29,1399,64,True
Synth_BTC,BTC,0.34999999999999998,Eco,30,1429,40,True
Synth_BTC,BTC,0.34999999999999998,Eco,31,1460,130,True
Synth_BTC,BTC,0.34999999999999998,Eco,32,1491,145,True
Synth_BTC,BTC,0.34999999999999998,Eco,33,1519,154,True
Synth_BTC,BTC,0.34999999999999998,Eco,34,1550,111,True
Synth_BTC,BTC,0.34999999999999998,Eco,35,1580,94,True
Synth_BTC,BTC,0.34999999999999998,Eco,36,1611,92,True
Synth_BTC,BTC,0.34999999999999998,Eco,37,1641,64,True
Synth_BTC,BTC,0.34999999999999998,Eco,38,1672,100,True
Synth_BTC,BTC,0.34999999999999998,Eco,39,1703,132,True
Synth_BTC,BTC,0.34999999999999998,Eco,40,1733,111,True
Synth_BTC,BTC,0.34999999999999998,Eco,41,1764,96,True
Synth_BTC,BTC,0.34999999999999998,Eco,42,1794,80,True
Synth_BTC,BTC,0.34999999999999998,Eco,43,1825,44,True
Synth_BTC,BTC,0.34999999999999998,Eco,44,1856,95,True
Synth_BTC,BTC,0.34999999999999998,Eco,45,1885,129,True
Synth_BTC,BTC,0.34999999999999998,Eco,46,1916,103,True
Synth_BTC,BTC,0.34999999999999998,Eco,47,1946,86,True
Synth_BTC,BTC,0.34999999999999998,Eco,48,1977,85,True
Synth_BTC,BTC,0.34999999999999998,Eco,49,2007,73,True
Synth_BTC,BTC,0.34999999999999998,Eco,50,2038,80,True
Synth_BTC,BTC,0.34999999999999998,Eco,51,2069,74,True
Synth_BTC,BTC,0.34999999999999998,Eco,52,2099,62,True
Synth_BTC,BTC,0.34999999999999998,Eco,53,2130,44,True
Synth_BTC,BTC,0.34999999999999998,Eco,54,2160,76,True
Synth_BTC,BTC,0.34999999999999998,Eco,55,2191,212,True
Synth_BTC,BTC,0.34999999999999998,Eco,56,2222,188,True
Synth_BTC,BTC,0.34999999999999998,Eco,57,2250,175,True
Synth_BTC,BTC,0.34999999999999998,Eco,58,2281,153,True
Synth_BTC,BTC,0.34999999999999998,Eco,59,2311,123,True
Synth_BTC,BTC,0.34999999999999998,Eco,60,2342,92,True
Synth_BTC,BTC,0.34999999999999998,Eco,61,2372,67,True
Synth_BTC,BTC,0.34999999999999998,Eco,62,2403,58,True
Synth_BTC,BTC,0.34999999999999998,Eco,63,2434,123,True
Synth_BTC,BTC,0.34999999999999998,Eco,64,2464,149,True
Synth_BTC,BTC,0.34999999999999998,Eco,65,2495,118,True
Synth_BTC,BTC,0.34999999999999998,Eco,66,2525,100,True
Synth_BTC,BTC,0.34999999999999998,Eco,67,2556,78,True
Synth_BTC,BTC,0.34999999999999998,Eco,68,2587,73,True
Synth_BTC,BTC,0.34999999999999998,Eco,69,2615,61,True
Synth_BTC,BTC,0.34999999999999998,Eco,70,2646,141,True
Synth_BTC,BTC,0.34999999999999998,Eco,71,2676,139,True
Synth_BTC,BTC,0.34999999999999998,Eco,72,2707,107,True
Synth_BTC,BTC,0.34999999999999998,Eco,73,2737,80,True
Synth_BTC,BTC,0.34999999999999998,Eco,74,2768,91,True
Synth_BTC,BTC,0.34999999999999998,Eco,75,2799,203,True
Synth_BTC,BTC,0.34999999999999998,Eco,76,2829,173,True
Synth_BTC,BTC,0.34999999999999998,Eco,77,2860,143,True
Synth_BTC,BTC,0.34999999999999998,Eco,78,2890,111,True
Synth_BTC,BTC,0.34999999999999998,Eco,79,2921,78,True
Synth_BTC,BTC,0.34999999999999998,Eco,80,2952,67,True
Synth_BTC,BTC,0.34999999999999998,Eco,81,2980,39,True
Synth_BTC,BTC,0.34999999999999998,Eco,82,3011,67,True
Synth_BTC,BTC,0.34999999999999998,Eco,83,3041,108,True
Synth_BTC,BTC,0.34999999999999998,Eco,84,3072,82,True
Synth_BTC,BTC,0.34999999999999998,Eco,85,3102,78,True
Synth_BTC,BTC,0.34999999999999998,Eco,86,3133,51,True
Synth_BTC,BTC,0.34999999999999998,Eco,87,3164,38,True
Synth_BTC,BTC,0.34999999999999998,Eco,88,3194,82,True
Synth_BTC,BTC,0.34999999999999998,Eco,89,3225,90,True
Synth_BTC,BTC,0.34999999999999998,Eco,90,3255,85,True
Synth_BTC,BTC,0.34999999999999998,Eco,91,3286,238,True
Synth_BTC,BTC,0.34999999999999998,Eco,92,3317,214,True
Synth_BTC,BTC,0.34999999999999998,Eco,93,3346,195,True
Synth_BTC,BTC,0.34999999999999998,Eco,94,3377,164,True
Synth_BTC,BTC,0.34999999999999998,Eco,95,3407,158,True
Synth_BTC,BTC,0.34999999999999998,Eco,96,3438,127,True
Synth_BTC,BTC,0.34999999999999998,Eco,97,3468,109,True
Synth_BTC,BTC,0.34999999999999998,Eco,98,3499,78,True
Synth_BTC,BTC,0.34999999999999998,Eco,99,3530,112,True
Synth_BTC,BTC,0.34999999999999998,Eco,100,3560,122,True
Synth_BTC,BTC,0.34999999999999998,Eco,101,3591,105,True
Synth_BTC,BTC,0.34999999999999998,Eco,102,3621,75,True
Synth_BTC,BTC,0.34999999999999998,Eco,103,3652,73,True
Synth_BTC,BTC,0.34999999999999998,Eco,104,3683,60,True
Synth_BTC,BTC,0.34999999999999998,Eco,105,3711,206,True
Synth_BTC,BTC,0.5,Concept,0,516,30,True
Synth_BTC,BTC,0.5,Concept,1,546,79,True
Synth_BTC,BTC,0.5,Concept,2,577,56,True
Synth_BTC,BTC,0.5,Concept,3,608,78,True
Synth_BTC,BTC,0.5,Concept,4,638,103,True
Synth_BTC,BTC,0.5,Concept,5,669,97,True
Synth_BTC,BTC,0.5,Concept,6,699,84,True
Synth_BTC,BTC,0.5,Concept,7,730,135,True
Synth_BTC,BTC,0.5,Concept,8,761,192,True
Synth_BTC,BTC,0.5,Concept,9,789,164,True
Synth_BTC,BTC,0.5,Concept,10,820,133,True
Synth_BTC,BTC,0.5,Concept,11,850,29,True
Synth_BTC,BTC,0.5,Concept,12,881,83,True
Synth_BTC,BTC,0.5,Concept,13,911,47,True
Synth_BTC,BTC,0.5,Concept,14,942,29,True
Synth_BTC,BTC,0.5,Concept,15,973,167,True
Synth_BTC,BTC,0.5,Concept,16,1003,137,True
Synth_BTC,BTC,0.5,Concept,17,1034,105,True
Synth_BTC,BTC,0.5,Concept,18,1064,75,True
Synth_BTC,BTC,0.5,Concept,19,1095,52,True
Synth_BTC,BTC,0.5,Concept,20,1126,46,True
Synth_BTC,BTC,0.5,Concept,21,1154,82,True
Synth_BTC,BTC,0.5,Concept,22,1185,56,True
Synth_BTC,BTC,0.5,Concept,23,1215,44,True
Synth_BTC,BTC,0.5,Concept,24,1246,41,True
Synth_BTC,BTC,0.5,Concept,25,1276,41,True
Synth_BTC,BTC,0.5,Concept,26,1307,58,True
Synth_BTC,BTC,0.5,Concept,27,1338,82,True
Synth_BTC,BTC,0.5,Concept,28,1368,73,True
Synth_BTC,BTC,0.5,Concept,29,1399,52,True
Synth_BTC,BTC,0.5,Concept,30,1429,36,True
Synth_BTC,BTC,0.5,Concept,31,1460,59,True
Synth_BTC,BTC,0.5,Concept,32,1491,105,True
Synth_BTC,BTC,0.5,Concept,33,1519,91,True
Synth_BTC,BTC,0.5,Concept,34,1550,64,True
Synth_BTC,BTC,0.5,Concept,35,1580,93,True
Synth_BTC,BTC,0.5,Concept,36,1611,90,True
Synth_BTC,BTC,0.5,Concept,37,1641,61,True
Synth_BTC,BTC,0.5,Concept,38,1672,51,True
Synth_BTC,BTC,0.5,Concept,39,1703,141,True
Synth_BTC,BTC,0.5,Concept,40,1733,140,True
Synth_BTC,BTC,0.5,Concept,41,1764,36,True
Synth_BTC,BTC,0.5,Concept,42,1794,86,True
Synth_BTC,BTC,0.5,Concept,43,1825,54,True
Synth_BTC,BTC,0.5,Concept,44,1856,64,True
Synth_BTC,BTC,0.5,Concept,45,1885,70,True
Synth_BTC,BTC,0.5,Concept,46,1916,43,True
Synth_BTC,BTC,0.5,Concept,47,1946,24,True
Synth_BTC,BTC,0.5,Concept,48,1977,77,True
Synth_BTC,BTC,0.5,Concept,49,2007,54,True
Synth_BTC,BTC,0.5,Concept,50,2038,43,True
Synth_BTC,BTC,0.5,Concept,51,2069,60,True
Synth_BTC,BTC,0.5,Concept,52,2099,61,True
Synth_BTC,BTC,0.5,Concept,53,2130,36,True
Synth_BTC,BTC,0.5,Concept,54,2160,54,True
Synth_BTC,BTC,0.5,Concept,55,2191,208,True
Synth_BTC,BTC,0.5,Concept,56,2222,177,True
Synth_BTC,BTC,0.5,Concept,57,2250,149,True
Synth_BTC,BTC,0.5,Concept,58,2281,118,True
Synth_BTC,BTC,0.5,Concept,59,2311,88,True
Synth_BTC,BTC,0.5,Concept,60,2342,57,True
Synth_BTC,BTC,0.5,Concept,61,2372,40,True
Synth_BTC,BTC,0.5,Concept,62,2403,44,True
Synth_BTC,BTC,0.5,Concept,63,2434,71,True
Synth_BTC,BTC,0.5,Concept,64,2464,100,True
Synth_BTC,BTC,0.5,Concept,65,2495,76,True
Synth_BTC,BTC,0.5,Concept,66,2525,63,True
Synth_BTC,BTC,0.5,Concept,67,2556,71,True
Synth_BTC,BTC,0.5,Concept,68,2587,59,True
Synth_BTC,BTC,0.5,Concept,69,2615,61,True
Synth_BTC,BTC,0.5,Concept,70,2646,155,True
Synth_BTC,BTC,0.5,Concept,71,2676,134,True
Synth_BTC,BTC,0.5,Concept,72,2707,103,True
Synth_BTC,BTC,0.5,Concept,73,2737,63,True
Synth_BTC,BTC,0.5,Concept,74,2768,49,True
Synth_BTC,BTC,0.5,Concept,75,2799,35,True
Synth_BTC,BTC,0.5,Concept,76,2829,124,True
Synth_BTC,BTC,0.5,Concept,77,2860,93,True
Synth_BTC,BTC,0.5,Concept,78,2890,61,True
Synth_BTC,BTC,0.5,Concept,79,2921,27,True
Synth_BTC,BTC,0.5,Concept,80,2952,59,True
Synth_BTC,BTC,0.5,Concept,81,2980,34,True
Synth_BTC,BTC,0.5,Concept,82,3011,41,True
Synth_BTC,BTC,0.5,Concept,83,3041,61,True
Synth_BTC,BTC,0.5,Concept,84,3072,62,True
Synth_BTC,BTC,0.5,Concept,85,3102,54,True
Synth_BTC,BTC,0.5,Concept,86,3133,54,True
Synth_BTC,BTC,0.5,Concept,87,3164,34,True
Synth_BTC,BTC,0.5,Concept,88,3194,78,True
Synth_BTC,BTC,0.5,Concept,89,3225,56,True
Synth_BTC,BTC,0.5,Concept,90,3255,27,True
Synth_BTC,BTC,0.5,Concept,91,3286,46,True
Synth_BTC,BTC,0.5,Concept,92,3317,81,True
Synth_BTC,BTC,0.5,Concept,93,3346,172,True
Synth_BTC,BTC,0.5,Concept,94,3377,142,True
Synth_BTC,BTC,0.5,Concept,95,3407,129,True
Synth_BTC,BTC,0.5,Concept,96,3438,100,True
Synth_BTC,BTC,0.5,Concept,97,3468,72,True
Synth_BTC,BTC,0.5,Concept,98,3499,60,True
Synth_BTC,BTC,0.5,Concept,99,3530,49,True
Synth_BTC,BTC,0.5,Concept,100,3560,84,True
Synth_BTC,BTC,0.5,Concept,101,3591,73,True
Synth_BTC,BTC,0.5,Concept,102,3621,50,True
Synth_BTC,BTC,0.5,Concept,103,3652,41,True
Synth_BTC,BTC,0.5,Concept,104,3683,35,True
Synth_BTC,BTC,0.5,Concept,105,3711,26,True
Synth_BTC,BTC,0.5,Eco,0,516,37,True
Synth_BTC,BTC,0.5,Eco,1,546,71,True
Synth_BTC,BTC,0.5,Eco,2,577,57,True
Synth_BTC,BTC,0.5,Eco,3,608,115,True
Synth_BTC,BTC,0.5,Eco,4,638,107,True
Synth_BTC,BTC,0.5,Eco,5,669,90,True
Synth_BTC,BTC,0.5,Eco,6,699,75,True
Synth_BTC,BTC,0.5,Eco,7,730,78,True
Synth_BTC,BTC,0.5,Eco,8,761,91,True
Synth_BTC,BTC,0.5,Eco,9,789,83,True
Synth_BTC,BTC,0.5,Eco,10,820,52,True
Synth_BTC,BTC,0.5,Eco,11,850,65,True
Synth_BTC,BTC,0.5,Eco,12,881,77,True
Synth_BTC,BTC,0.5,Eco,13,911,52,True
Synth_BTC,BTC,0.5,Eco,14,942,81,True
Synth_BTC,BTC,0.5,Eco,15,973,107,True
Synth_BTC,BTC,0.5,Eco,16,1003,77,True
Synth_BTC,BTC,0.5,Eco,17,1034,65,True
Synth_BTC,BTC,0.5,Eco,18,1064,68,True
Synth_BTC,BTC,0.5,Eco,19,1095,49,True
Synth_BTC,BTC,0.5,Eco,20,1126,45,True
Synth_BTC,BTC,0.5,Eco,21,1154,59,True
Synth_BTC,BTC,0.5,Eco,22,1185,72,True
Synth_BTC,BTC,0.5,Eco,23,1215,63,True
Synth_BTC,BTC,0.5,Eco,24,1246,59,True
Synth_BTC,BTC,0.5,Eco,25,1276,73,True
Synth_BTC,BTC,0.5,Eco,26,1307,59,True
Synth_BTC,BTC,0.5,Eco,27,1338,79,True
Synth_BTC,BTC,0.5,Eco,28,1368,77,True
Synth_BTC,BTC,0.5,Eco,29,1399,57,True
Synth_BTC,BTC,0.5,Eco,30,1429,33,True
Synth_BTC,BTC,0.5,Eco,31,1460,53,True
Synth_BTC,BTC,0.5,Eco,32,1491,87,True
Synth_BTC,BTC,0.5,Eco,33,1519,104,True
Synth_BTC,BTC,0.5,Eco,34,1550,72,True
Synth_BTC,BTC,0.5,Eco,35,1580,69,True
Synth_BTC,BTC,0.5,Eco,36,1611,65,True
Synth_BTC,BTC,0.5,Eco,37,1641,57,True
Synth_BTC,BTC,0.5,Eco,38,1672,50,True
Synth_BTC,BTC,0.5,Eco,39,1703,90,True
Synth_BTC,BTC,0.5,Eco,40,1733,68,True
Synth_BTC,BTC,0.5,Eco,41,1764,69,True
Synth_BTC,BTC,0.5,Eco,42,1794,66,True
Synth_BTC,BTC,0.5,Eco,43,1825,37,True
Synth_BTC,BTC,0.5,Eco,44,1856,63,True
Synth_BTC,BTC,0.5,Eco,45,1885,74,True
Synth_BTC,BTC,0.5,Eco,46,1916,64,True
Synth_BTC,BTC,0.5,Eco,47,1946,62,True
Synth_BTC,BTC,0.5,Eco,48,1977,57,True
Synth_BTC,BTC,0.5,Eco,49,2007,54,True
Synth_BTC,BTC,0.5,Eco,50,2038,56,True
Synth_BTC,BTC,0.5,Eco,51,2069,56,True
Synth_BTC,BTC,0.5,Eco,52,2099,53,True
Synth_BTC,BTC,0.5,Eco,53,2130,41,True
Synth_BTC,BTC,0.5,Eco,54,2160,53,True
Synth_BTC,BTC,0.5,Eco,55,2191,79,True
Synth_BTC,BTC,0.5,Eco,56,2222,84,True
Synth_BTC,BTC,0.5,Eco,57,2250,124,True
Synth_BTC,BTC,0.5,Eco,58,2281,116,True
Synth_BTC,BTC,0.5,Eco,59,2311,99,True
Synth_BTC,BTC,0.5,Eco,60,2342,71,True
Synth_BTC,BTC,0.5,Eco,61,2372,53,True
Synth_BTC,BTC,0.5,Eco,62,2403,46,True
Synth_BTC,BTC,0.5,Eco,63,2434,65,True
Synth_BTC,BTC,0.5,Eco,64,2464,99,True
Synth_BTC,BTC,0.5,Eco,65,2495,79,True
Synth_BTC,BTC,0.5,Eco,66,2525,72,True
Synth_BTC,BTC,0.5,Eco,67,2556,58,True
Synth_BTC,BTC,0.5,Eco,68,2587,51,True
Synth_BTC,BTC,0.5,Eco,69,2615,47,True
Synth_BTC,BTC,0.5,Eco,70,2646,83,True
Synth_BTC,BTC,0.5,Eco,71,2676,101,True
Synth_BTC,BTC,0.5,Eco,72,2707,79,True
Synth_BTC,BTC,0.5,Eco,73,2737,60,True
Synth_BTC,BTC,0.5,Eco,74,2768,47,True
Synth_BTC,BTC,0.5,Eco,75,2799,134,True
Synth_BTC,BTC,0.5,Eco,76,2829,121,True
Synth_BTC,BTC,0.5,Eco,77,2860,96,True
Synth_BTC,BTC,0.5,Eco,78,2890,65,True
Synth_BTC,BTC,0.5,Eco,79,2921,35,True
Synth_BTC,BTC,0.5,Eco,80,2952,57,True
Synth_BTC,BTC,0.5,Eco,81,2980,33,True
Synth_BTC,BTC,0.5,Eco,82,3011,49,True
Synth_BTC,BTC,0.5,Eco,83,3041,65,True
Synth_BTC,BTC,0.5,Eco,84,3072,66,True
Synth_BTC,BTC,0.5,Eco,85,3102,53,True
Synth_BTC,BTC,0.5,Eco,86,3133,43,True
Synth_BTC,BTC,0.5,Eco,87,3164,30,True
Synth_BTC,BTC,0.5,Eco,88,3194,57,True
Synth_BTC,BTC,0.5,Eco,89,3225,57,True
Synth_BTC,BTC,0.5,Eco,90,3255,60,True
Synth_BTC,BTC,0.5,Eco,91,3286,64,True
Synth_BTC,BTC,0.5,Eco,92,3317,102,True
Synth_BTC,BTC,0.5,Eco,93,3346,127,True
Synth_BTC,BTC,0.5,Eco,94,3377,103,True
Synth_BTC,BTC,0.5,Eco,95,3407,117,True
Synth_BTC,BTC,0.5,Eco,96,3438,93,True
Synth_BTC,BTC,0.5,Eco,97,3468,72,True
Synth_BTC,BTC,0.5,Eco,98,3499,44,True
Synth_BTC,BTC,0.5,Eco,99,3530,50,True
Synth_BTC,BTC,0.5,Eco,100,3560,83,True
Synth_BTC,BTC,0.5,Eco,101,3591,79,True
Synth_BTC,BTC,0.5,Eco,102,3621,59,True
Synth_BTC,BTC,0.5,Eco,103,3652,58,True
Synth_BTC,BTC,0.5,Eco,104,3683,43,True
Synth_BTC,BTC,0.5,Eco,105,3711,46,True
Synth_BTC,BTC,0.59999999999999998,Concept,0,516,30,True
Synth_BTC,BTC,0.59999999999999998,Concept,1,546,62,True
Synth_BTC,BTC,0.59999999999999998,Concept,2,577,34,True
Synth_BTC,BTC,0.59999999999999998,Concept,3,608,71,True
Synth_BTC,BTC,0.59999999999999998,Concept,4,638,95,True
Synth_BTC,BTC,0.59999999999999998,Concept,5,669,67,True
Synth_BTC,BTC,0.59999999999999998,Concept,6,699,68,True
Synth_BTC,BTC,0.59999999999999998,Concept,7,730,52,True
Synth_BTC,BTC,0.59999999999999998,Concept,8,761,96,True
Synth_BTC,BTC,0.59999999999999998,Concept,9,789,74,True
Synth_BTC,BTC,0.59999999999999998,Concept,10,820,43,True
Synth_BTC,BTC,0.59999999999999998,Concept,11,850,29,True
Synth_BTC,BTC,0.59999999999999998,Concept,12,881,73,True
Synth_BTC,BTC,0.59999999999999998,Concept,13,911,42,True
Synth_BTC,BTC,0.59999999999999998,Concept,14,942,29,True
Synth_BTC,BTC,0.59999999999999998,Concept,15,973,165,True
Synth_BTC,BTC,0.59999999999999998,Concept,16,1003,132,True
Synth_BTC,BTC,0.59999999999999998,Concept,17,1034,94,True
Synth_BTC,BTC,0.59999999999999998,Concept,18,1064,70,True
Synth_BTC,BTC,0.59999999999999998,Concept,19,1095,45,True
Synth_BTC,BTC,0.59999999999999998,Concept,20,1126,26,True
Synth_BTC,BTC,0.59999999999999998,Concept,21,1154,70,True
Synth_BTC,BTC,0.59999999999999998,Concept,22,1185,56,True
Synth_BTC,BTC,0.59999999999999998,Concept,23,1215,44,True
Synth_BTC,BTC,0.59999999999999998,Concept,24,1246,41,True
Synth_BTC,BTC,0.59999999999999998,Concept,25,1276,41,True
Synth_BTC,BTC,0.59999999999999998,Concept,26,1307,46,True
Synth_BTC,BTC,0.59999999999999998,Concept,27,1338,75,True
Synth_BTC,BTC,0.59999999999999998,Concept,28,1368,68,True
Synth_BTC,BTC,0.59999999999999998,Concept,29,1399,51,True
Synth_BTC,BTC,0.59999999999999998,Concept,30,1429,36,True
Synth_BTC,BTC,0.59999999999999998,Concept,31,1460,59,True
Synth_BTC,BTC,0.59999999999999998,Concept,32,1491,32,True
Synth_BTC,BTC,0.59999999999999998,Concept,33,1519,84,True
Synth_BTC,BTC,0.59999999999999998,Concept,34,1550,59,True
Synth_BTC,BTC,0.59999999999999998,Concept,35,1580,35,True
Synth_BTC,BTC,0.59999999999999998,Concept,36,1611,69,True
Synth_BTC,BTC,0.59999999999999998,Concept,37,1641,56,True
Synth_BTC,BTC,0.59999999999999998,Concept,38,1672,51,True
Synth_BTC,BTC,0.59999999999999998,Concept,39,1703,76,True
Synth_BTC,BTC,0.59999999999999998,Concept,40,1733,60,True
Synth_BTC,BTC,0.59999999999999998,Concept,41,1764,34,True
Synth_BTC,BTC,0.59999999999999998,Concept,42,1794,79,True
Synth_BTC,BTC,0.59999999999999998,Concept,43,1825,54,True
Synth_BTC,BTC,0.59999999999999998,Concept,44,1856,64,True
Synth_BTC,BTC,0.59999999999999998,Concept,45,1885,68,True
Synth_BTC,BTC,0.59999999999999998,Concept,46,1916,41,True
Synth_BTC,BTC,0.59999999999999998,Concept,47,1946,24,True
Synth_BTC,BTC,0.59999999999999998,Concept,48,1977,77,True
Synth_BTC,BTC,0.59999999999999998,Concept,49,2007,54,True
Synth_BTC,BTC,0.59999999999999998,Concept,50,2038,43,True
Synth_BTC,BTC,0.59999999999999998,Concept,51,2069,50,True
Synth_BTC,BTC,0.59999999999999998,Concept,52,2099,46,True
Synth_BTC,BTC,0.59999999999999998,Concept,53,2130,33,True
Synth_BTC,BTC,0.59999999999999998,Concept,54,2160,31,True
Synth_BTC,BTC,0.59999999999999998,Concept,55,2191,139,True
Synth_BTC,BTC,0.59999999999999998,Concept,56,2222,157,True
Synth_BTC,BTC,0.59999999999999998,Concept,57,2250,130,True
Synth_BTC,BTC,0.59999999999999998,Concept,58,2281,99,True
Synth_BTC,BTC,0.59999999999999998,Concept,59,2311,85,True
Synth_BTC,BTC,0.59999999999999998,Concept,60,2342,55,True
Synth_BTC,BTC,0.59999999999999998,Concept,61,2372,37,True
Synth_BTC,BTC,0.59999999999999998,Concept,62,2403,37,True
Synth_BTC,BTC,0.59999999999999998,Concept,63,2434,33,True
Synth_BTC,BTC,0.59999999999999998,Concept,64,2464,96,True
Synth_BTC,BTC,0.59999999999999998,Concept,65,2495,66,True
Synth_BTC,BTC,0.59999999999999998,Concept,66,2525,45,True
Synth_BTC,BTC,0.59999999999999998,Concept,67,2556,36,True
Synth_BTC,BTC,0.59999999999999998,Concept,68,2587,59,True
Synth_BTC,BTC,0.59999999999999998,Concept,69,2615,61,True
Synth_BTC,BTC,0.59999999999999998,Concept,70,2646,135,True
Synth_BTC,BTC,0.59999999999999998,Concept,71,2676,114,True
Synth_BTC,BTC,0.59999999999999998,Concept,72,2707,76,True
Synth_BTC,BTC,0.59999999999999998,Concept,73,2737,51,True
Synth_BTC,BTC,0.59999999999999998,Concept,74,2768,41,True
Synth_BTC,BTC,0.59999999999999998,Concept,75,2799,35,True
Synth_BTC,BTC,0.59999999999999998,Concept,76,2829,119,True
Synth_BTC,BTC,0.59999999999999998,Concept,77,2860,88,True
Synth_BTC,BTC,0.59999999999999998,Concept,78,2890,58,True
Synth_BTC,BTC,0.59999999999999998,Concept,79,2921,27,True
Synth_BTC,BTC,0.59999999999999998,Concept,80,2952,56,True
Synth_BTC,BTC,0.59999999999999998,Concept,81,2980,33,True
Synth_BTC,BTC,0.59999999999999998,Concept,82,3011,31,True
Synth_BTC,BTC,0.59999999999999998,Concept,83,3041,59,True
Synth_BTC,BTC,0.59999999999999998,Concept,84,3072,62,True
Synth_BTC,BTC,0.59999999999999998,Concept,85,3102,54,True
Synth_BTC,BTC,0.59999999999999998,Concept,86,3133,54,True
Synth_BTC,BTC,0.59999999999999998,Concept,87,3164,34,True
Synth_BTC,BTC,0.59999999999999998,Concept,88,3194,56,True
Synth_BTC,BTC,0.59999999999999998,Concept,89,3225,56,True
Synth_BTC,BTC,0.59999999999999998,Concept,90,3255,27,True
Synth_BTC,BTC,0.59999999999999998,Concept,91,3286,46,True
Synth_BTC,BTC,0.59999999999999998,Concept,92,3317,79,True
Synth_BTC,BTC,0.59999999999999998,Concept,93,3346,92,True
Synth_BTC,BTC,0.59999999999999998,Concept,94,3377,69,True
Synth_BTC,BTC,0.59999999999999998,Concept,95,3407,91,True
Synth_BTC,BTC,0.59999999999999998,Concept,96,3438,87,True
Synth_BTC,BTC,0.59999999999999998,Concept,97,3468,57,True
Synth_BTC,BTC,0.59999999999999998,Concept,98,3499,37,True
Synth_BTC,BTC,0.59999999999999998,Concept,99,3530,36,True
Synth_BTC,BTC,0.59999999999999998,Concept,100,3560,66,True
Synth_BTC,BTC,0.59999999999999998,Concept,101,3591,70,True
Synth_BTC,BTC,0.59999999999999998,Concept,102,3621,50,True
Synth_BTC,BTC,0.59999999999999998,Concept,103,3652,41,True
Synth_BTC,BTC,0.59999999999999998,Concept,104,3683,35,True
Synth_BTC,BTC,0.59999999999999998,Concept,105,3711,26,True
Synth_BTC,BTC,0.59999999999999998,Eco,0,516,34,True
Synth_BTC,BTC,0.59999999999999998,Eco,1,546,59,True
Synth_BTC,BTC,0.59999999999999998,Eco,2,577,47,True
Synth_BTC,BTC,0.59999999999999998,Eco,3,608,77,True
Synth_BTC,BTC,0.59999999999999998,Eco,4,638,94,True
Synth_BTC,BTC,0.59999999999999998,Eco,5,669,68,True
Synth_BTC,BTC,0.59999999999999998,Eco,6,699,59,True
Synth_BTC,BTC,0.59999999999999998,Eco,7,730,52,True
Synth_BTC,BTC,0.59999999999999998,Eco,8,761,77,True
Synth_BTC,BTC,0.59999999999999998,Eco,9,789,73,True
Synth_BTC,BTC,0.59999999999999998,Eco,10,820,42,True
Synth_BTC,BTC,0.59999999999999998,Eco,11,850,41,True
Synth_BTC,BTC,0.59999999999999998,Eco,12,881,69,True
Synth_BTC,BTC,0.59999999999999998,Eco,13,911,46,True
Synth_BTC,BTC,0.59999999999999998,Eco,14,942,59,True
Synth_BTC,BTC,0.59999999999999998,Eco,15,973,88,True
Synth_BTC,BTC,0.59999999999999998,Eco,16,1003,59,True
Synth_BTC,BTC,0.59999999999999998,Eco,17,1034,50,True
Synth_BTC,BTC,0.59999999999999998,Eco,18,1064,52,True
Synth_BTC,BTC,0.59999999999999998,Eco,19,1095,43,True
Synth_BTC,BTC,0.59999999999999998,Eco,20,1126,41,True
Synth_BTC,BTC,0.59999999999999998,Eco,21,1154,54,True
Synth_BTC,BTC,0.59999999999999998,Eco,22,1185,65,True
Synth_BTC,BTC,0.59999999999999998,Eco,23,1215,54,True
Synth_BTC,BTC,0.59999999999999998,Eco,24,1246,50,True
Synth_BTC,BTC,0.59999999999999998,Eco,25,1276,59,True
Synth_BTC,BTC,0.59999999999999998,Eco,26,1307,55,True
Synth_BTC,BTC,0.59999999999999998,Eco,27,1338,62,True
Synth_BTC,BTC,0.59999999999999998,Eco,28,1368,68,True
Synth_BTC,BTC,0.59999999999999998,Eco,29,1399,49,True
Synth_BTC,BTC,0.59999999999999998,Eco,30,1429,32,True
Synth_BTC,BTC,0.59999999999999998,Eco,31,1460,44,True
Synth_BTC,BTC,0.59999999999999998,Eco,32,1491,74,True
Synth_BTC,BTC,0.59999999999999998,Eco,33,1519,87,True
Synth_BTC,BTC,0.59999999999999998,Eco,34,1550,59,True
Synth_BTC,BTC,0.59999999999999998,Eco,35,1580,50,True
Synth_BTC,BTC,0.59999999999999998,Eco,36,1611,60,True
Synth_BTC,BTC,0.59999999999999998,Eco,37,1641,42,True
Synth_BTC,BTC,0.59999999999999998,Eco,38,1672,43,True
Synth_BTC,BTC,0.59999999999999998,Eco,39,1703,68,True
Synth_BTC,BTC,0.59999999999999998,Eco,40,1733,62,True
Synth_BTC,BTC,0.59999999999999998,Eco,41,1764,67,True
Synth_BTC,BTC,0.59999999999999998,Eco,42,1794,50,True
Synth_BTC,BTC,0.59999999999999998,Eco,43,1825,35,True
Synth_BTC,BTC,0.59999999999999998,Eco,44,1856,57,True
Synth_BTC,BTC,0.59999999999999998,Eco,45,1885,66,True
Synth_BTC,BTC,0.59999999999999998,Eco,46,1916,48,True
Synth_BTC,BTC,0.59999999999999998,Eco,47,1946,45,True
Synth_BTC,BTC,0.59999999999999998,Eco,48,1977,54,True
Synth_BTC,BTC,0.59999999999999998,Eco,49,2007,52,True
Synth_BTC,BTC,0.59999999999999998,Eco,50,2038,52,True
Synth_BTC,BTC,0.59999999999999998,Eco,51,2069,50,True
Synth_BTC,BTC,0.59999999999999998,Eco,52,2099,44,True
Synth_BTC,BTC,0.59999999999999998,Eco,53,2130,39,True
Synth_BTC,BTC,0.59999999999999998,Eco,54,2160,45,True
Synth_BTC,BTC,0.59999999999999998,Eco,55,2191,63,True
Synth_BTC,BTC,0.59999999999999998,Eco,56,2222,68,True
Synth_BTC,BTC,0.59999999999999998,Eco,57,2250,78,True
Synth_BTC,BTC,0.59999999999999998,Eco,58,2281,90,True
Synth_BTC,BTC,0.59999999999999998,Eco,59,2311,83,True
Synth_BTC,BTC,0.59999999999999998,Eco,60,2342,60,True
Synth_BTC,BTC,0.59999999999999998,Eco,61,2372,45,True
Synth_BTC,BTC,0.59999999999999998,Eco,62,2403,37,True
Synth_BTC,BTC,0.59999999999999998,Eco,63,2434,41,True
Synth_BTC,BTC,0.59999999999999998,Eco,64,2464,78,True
Synth_BTC,BTC,0.59999999999999998,Eco,65,2495,66,True
Synth_BTC,BTC,0.59999999999999998,Eco,66,2525,53,True
Synth_BTC,BTC,0.59999999999999998,Eco,67,2556,49,True
Synth_BTC,BTC,0.59999999999999998,Eco,68,2587,48,True
Synth_BTC,BTC,0.59999999999999998,Eco,69,2615,43,True
Synth_BTC,BTC,0.59999999999999998,Eco,70,2646,43,True
Synth_BTC,BTC,0.59999999999999998,Eco,71,2676,91,True
Synth_BTC,BTC,0.59999999999999998,Eco,72,2707,70,True
Synth_BTC,BTC,0.59999999999999998,Eco,73,2737,52,True
Synth_BTC,BTC,0.59999999999999998,Eco,74,2768,40,True
Synth_BTC,BTC,0.59999999999999998,Eco,75,2799,66,True
Synth_BTC,BTC,0.59999999999999998,Eco,76,2829,108,True
Synth_BTC,BTC,0.59999999999999998,Eco,77,2860,89,True
Synth_BTC,BTC,0.59999999999999998,Eco,78,2890,57,True
Synth_BTC,BTC,0.59999999999999998,Eco,79,2921,32,True
Synth_BTC,BTC,0.59999999999999998,Eco,80,2952,53,True
Synth_BTC,BTC,0.59999999999999998,Eco,81,2980,32,True
Synth_BTC,BTC,0.59999999999999998,Eco,82,3011,32,True
Synth_BTC,BTC,0.59999999999999998,Eco,83,3041,56,True
Synth_BTC,BTC,0.59999999999999998,Eco,84,3072,58,True
Synth_BTC,BTC,0.59999999999999998,Eco,85,3102,49,True
Synth_BTC,BTC,0.59999999999999998,Eco,86,3133,40,True
Synth_BTC,BTC,0.59999999999999998,Eco,87,3164,28,True
Synth_BTC,BTC,0.59999999999999998,Eco,88,3194,53,True
Synth_BTC,BTC,0.59999999999999998,Eco,89,3225,51,True
Synth_BTC,BTC,0.59999999999999998,Eco,90,3255,55,True
Synth_BTC,BTC,0.59999999999999998,Eco,91,3286,54,True
Synth_BTC,BTC,0.59999999999999998,Eco,92,3317,78,True
Synth_BTC,BTC,0.59999999999999998,Eco,93,3346,100,True
Synth_BTC,BTC,0.59999999999999998,Eco,94,3377,79,True
Synth_BTC,BTC,0.59999999999999998,Eco,95,3407,74,True
Synth_BTC,BTC,0.59999999999999998,Eco,96,3438,85,True
Synth_BTC,BTC,0.59999999999999998,Eco,97,3468,68,True
Synth_BTC,BTC,0.59999999999999998,Eco,98,3499,42,True
Synth_BTC,BTC,0.59999999999999998,Eco,99,3530,47,True
Synth_BTC,BTC,0.59999999999999998,Eco,100,3560,73,True
Synth_BTC,BTC,0.59999999999999998,Eco,101,3591,64,True
Synth_BTC,BTC,0.59999999999999998,Eco,102,3621,50,True
Synth_BTC,BTC,0.59999999999999998,Eco,103,3652,47,True
Synth_BTC,BTC,0.59999999999999998,Eco,104,3683,40,True
Synth_BTC,BTC,0.59999999999999998,Eco,105,3711,41,True
Synth_BTC,BTC,0.75,Concept,0,516,27,True
Synth_BTC,BTC,0.75,Concept,1,546,48,True
Synth_BTC,BTC,0.75,Concept,2,577,31,True
Synth_BTC,BTC,0.75,Concept,3,608,31,True
Synth_BTC,BTC,0.75,Concept,4,638,82,True
Synth_BTC,BTC,0.75,Concept,5,669,62,True
Synth_BTC,BTC,0.75,Concept,6,699,38,True
Synth_BTC,BTC,0.75,Concept,7,730,49,True
Synth_BTC,BTC,0.75,Concept,8,761,73,True
Synth_BTC,BTC,0.75,Concept,9,789,64,True
Synth_BTC,BTC,0.75,Concept,10,820,34,True
Synth_BTC,BTC,0.75,Concept,11,850,29,True
Synth_BTC,BTC,0.75,Concept,12,881,56,True
Synth_BTC,BTC,0.75,Concept,13,911,31,True
Synth_BTC,BTC,0.75,Concept,14,942,26,True
Synth_BTC,BTC,0.75,Concept,15,973,111,True
Synth_BTC,BTC,0.75,Concept,16,1003,84,True
Synth_BTC,BTC,0.75,Concept,17,1034,71,True
Synth_BTC,BTC,0.75,Concept,18,1064,65,True
Synth_BTC,BTC,0.75,Concept,19,1095,42,True
Synth_BTC,BTC,0.75,Concept,20,1126,26,True
Synth_BTC,BTC,0.75,Concept,21,1154,54,True
Synth_BTC,BTC,0.75,Concept,22,1185,37,True
Synth_BTC,BTC,0.75,Concept,23,1215,44,True
Synth_BTC,BTC,0.75,Concept,24,1246,31,True
Synth_BTC,BTC,0.75,Concept,25,1276,33,True
Synth_BTC,BTC,0.75,Concept,26,1307,31,True
Synth_BTC,BTC,0.75,Concept,27,1338,39,True
Synth_BTC,BTC,0.75,Concept,28,1368,52,True
Synth_BTC,BTC,0.75,Concept,29,1399,44,True
Synth_BTC,BTC,0.75,Concept,30,1429,31,True
Synth_BTC,BTC,0.75,Concept,31,1460,49,True
Synth_BTC,BTC,0.75,Concept,32,1491,32,True
Synth_BTC,BTC,0.75,Concept,33,1519,76,True
Synth_BTC,BTC,0.75,Concept,34,1550,57,True
Synth_BTC,BTC,0.75,Concept,35,1580,32,True
Synth_BTC,BTC,0.75,Concept,36,1611,61,True
Synth_BTC,BTC,0.75,Concept,37,1641,54,True
Synth_BTC,BTC,0.75,Concept,38,1672,49,True
Synth_BTC,BTC,0.75,Concept,39,1703,54,True
Synth_BTC,BTC,0.75,Concept,40,1733,40,True
Synth_BTC,BTC,0.75,Concept,41,1764,29,True
Synth_BTC,BTC,0.75,Concept,42,1794,69,True
Synth_BTC,BTC,0.75,Concept,43,1825,49,True
Synth_BTC,BTC,0.75,Concept,44,1856,59,True
Synth_BTC,BTC,0.75,Concept,45,1885,65,True
Synth_BTC,BTC,0.75,Concept,46,1916,38,True
Synth_BTC,BTC,0.75,Concept,47,1946,21,True
Synth_BTC,BTC,0.75,Concept,48,1977,37,True
Synth_BTC,BTC,0.75,Concept,49,2007,51,True
Synth_BTC,BTC,0.75,Concept,50,2038,40,True
Synth_BTC,BTC,0.75,Concept,51,2069,42,True
Synth_BTC,BTC,0.75,Concept,52,2099,46,True
Synth_BTC,BTC,0.75,Concept,53,2130,33,True
Synth_BTC,BTC,0.75,Concept,54,2160,31,True
Synth_BTC,BTC,0.75,Concept,55,2191,36,True
Synth_BTC,BTC,0.75,Concept,56,2222,50,True
Synth_BTC,BTC,0.75,Concept,57,2250,72,True
Synth_BTC,BTC,0.75,Concept,58,2281,41,True
Synth_BTC,BTC,0.75,Concept,59,2311,65,True
Synth_BTC,BTC,0.75,Concept,60,2342,52,True
Synth_BTC,BTC,0.75,Concept,61,2372,37,True
Synth_BTC,BTC,0.75,Concept,62,2403,34,True
Synth_BTC,BTC,0.75,Concept,63,2434,31,True
Synth_BTC,BTC,0.75,Concept,64,2464,66,True
Synth_BTC,BTC,0.75,Concept,65,2495,61,True
Synth_BTC,BTC,0.75,Concept,66,2525,38,True
Synth_BTC,BTC,0.75,Concept,67,2556,31,True
Synth_BTC,BTC,0.75,Concept,68,2587,46,True
Synth_BTC,BTC,0.75,Concept,69,2615,58,True
Synth_BTC,BTC,0.75,Concept,70,2646,40,True
Synth_BTC,BTC,0.75,Concept,71,2676,76,True
Synth_BTC,BTC,0.75,Concept,72,2707,67,True
Synth_BTC,BTC,0.75,Concept,73,2737,43,True
Synth_BTC,BTC,0.75,Concept,74,2768,34,True
Synth_BTC,BTC,0.75,Concept,75,2799,35,True
Synth_BTC,BTC,0.75,Concept,76,2829,56,True
Synth_BTC,BTC,0.75,Concept,77,2860,85,True
Synth_BTC,BTC,0.75,Concept,78,2890,53,True
Synth_BTC,BTC,0.75,Concept,79,2921,25,True
Synth_BTC,BTC,0.75,Concept,80,2952,51,True
Synth_BTC,BTC,0.75,Concept,81,2980,32,True
Synth_BTC,BTC,0.75,Concept,82,3011,31,True
Synth_BTC,BTC,0.75,Concept,83,3041,34,True
Synth_BTC,BTC,0.75,Concept,84,3072,36,True
Synth_BTC,BTC,0.75,Concept,85,3102,49,True
Synth_BTC,BTC,0.75,Concept,86,3133,51,True
Synth_BTC,BTC,0.75,Concept,87,3164,34,True
Synth_BTC,BTC,0.75,Concept,88,3194,53,True
Synth_BTC,BTC,0.75,Concept,89,3225,54,True
Synth_BTC,BTC,0.75,Concept,90,3255,27,True
Synth_BTC,BTC,0.75,Concept,91,3286,41,True
Synth_BTC,BTC,0.75,Concept,92,3317,51,True
Synth_BTC,BTC,0.75,Concept,93,3346,72,True
Synth_BTC,BTC,0.75,Concept,94,3377,42,True
Synth_BTC,BTC,0.75,Concept,95,3407,41,True
Synth_BTC,BTC,0.75,Concept,96,3438,62,True
Synth_BTC,BTC,0.75,Concept,97,3468,50,True
Synth_BTC,BTC,0.75,Concept,98,3499,36,True
Synth_BTC,BTC,0.75,Concept,99,3530,34,True
Synth_BTC,BTC,0.75,Concept,100,3560,39,True
Synth_BTC,BTC,0.75,Concept,101,3591,50,True
Synth_BTC,BTC,0.75,Concept,102,3621,44,True
Synth_BTC,BTC,0.75,Concept,103,3652,33,True
Synth_BTC,BTC,0.75,Concept,104,3683,32,True
Synth_BTC,BTC,0.75,Concept,105,3711,24,True
Synth_BTC,BTC,0.75,Eco,0,516,32,True
Synth_BTC,BTC,0.75,Eco,1,546,48,True
Synth_BTC,BTC,0.75,Eco,2,577,39,True
Synth_BTC,BTC,0.75,Eco,3,608,59,True
Synth_BTC,BTC,0.75,Eco,4,638,77,True
Synth_BTC,BTC,0.75,Eco,5,669,54,True
Synth_BTC,BTC,0.75,Eco,6,699,42,True
Synth_BTC,BTC,0.75,Eco,7,730,44,True
Synth_BTC,BTC,0.75,Eco,8,761,47,True
Synth_BTC,BTC,0.75,Eco,9,789,64,True
Synth_BTC,BTC,0.75,Eco,10,820,38,True
Synth_BTC,BTC,0.75,Eco,11,850,29,True
Synth_BTC,BTC,0.75,Eco,12,881,56,True
Synth_BTC,BTC,0.75,Eco,13,911,41,True
Synth_BTC,BTC,0.75,Eco,14,942,30,True
Synth_BTC,BTC,0.75,Eco,15,973,65,True
Synth_BTC,BTC,0.75,Eco,16,1003,49,True
Synth_BTC,BTC,0.75,Eco,17,1034,44,True
Synth_BTC,BTC,0.75,Eco,18,1064,44,True
Synth_BTC,BTC,0.75,Eco,19,1095,39,True
Synth_BTC,BTC,0.75,Eco,20,1126,30,True
Synth_BTC,BTC,0.75,Eco,21,1154,29,True
Synth_BTC,BTC,0.75,Eco,22,1185,49,True
Synth_BTC,BTC,0.75,Eco,23,1215,39,True
Synth_BTC,BTC,0.75,Eco,24,1246,40,True
Synth_BTC,BTC,0.75,Eco,25,1276,44,True
Synth_BTC,BTC,0.75,Eco,26,1307,44,True
Synth_BTC,BTC,0.75,Eco,27,1338,39,True
Synth_BTC,BTC,0.75,Eco,28,1368,52,True
Synth_BTC,BTC,0.75,Eco,29,1399,41,True
Synth_BTC,BTC,0.75,Eco,30,1429,29,True
Synth_BTC,BTC,0.75,Eco,31,1460,36,True
Synth_BTC,BTC,0.75,Eco,32,1491,43,True
Synth_BTC,BTC,0.75,Eco,33,1519,70,True
Synth_BTC,BTC,0.75,Eco,34,1550,46,True
Synth_BTC,BTC,0.75,Eco,35,1580,42,True
Synth_BTC,BTC,0.75,Eco,36,1611,47,True
Synth_BTC,BTC,0.75,Eco,37,1641,35,True
Synth_BTC,BTC,0.75,Eco,38,1672,31,True
Synth_BTC,BTC,0.75,Eco,39,1703,56,True
Synth_BTC,BTC,0.75,Eco,40,1733,52,True
Synth_BTC,BTC,0.75,Eco,41,1764,36,True
Synth_BTC,BTC,0.75,Eco,42,1794,41,True
Synth_BTC,BTC,0.75,Eco,43,1825,27,True
Synth_BTC,BTC,0.75,Eco,44,1856,43,True
Synth_BTC,BTC,0.75,Eco,45,1885,54,True
Synth_BTC,BTC,0.75,Eco,46,1916,42,True
Synth_BTC,BTC,0.75,Eco,47,1946,36,True
Synth_BTC,BTC,0.75,Eco,48,1977,41,True
Synth_BTC,BTC,0.75,Eco,49,2007,45,True
Synth_BTC,BTC,0.75,Eco,50,2038,42,True
Synth_BTC,BTC,0.75,Eco,51,2069,40,True
Synth_BTC,BTC,0.75,Eco,52,2099,41,True
Synth_BTC,BTC,0.75,Eco,53,2130,35,True
Synth_BTC,BTC,0.75,Eco,54,2160,32,True
Synth_BTC,BTC,0.75,Eco,55,2191,45,True
Synth_BTC,BTC,0.75,Eco,56,2222,47,True
Synth_BTC,BTC,0.75,Eco,57,2250,56,True
Synth_BTC,BTC,0.75,Eco,58,2281,68,True
Synth_BTC,BTC,0.75,Eco,59,2311,63,True
Synth_BTC,BTC,0.75,Eco,60,2342,49,True
Synth_BTC,BTC,0.75,Eco,61,2372,39,True
Synth_BTC,BTC,0.75,Eco,62,2403,33,True
Synth_BTC,BTC,0.75,Eco,63,2434,32,True
Synth_BTC,BTC,0.75,Eco,64,2464,56,True
Synth_BTC,BTC,0.75,Eco,65,2495,53,True
Synth_BTC,BTC,0.75,Eco,66,2525,47,True
Synth_BTC,BTC,0.75,Eco,67,2556,41,True
Synth_BTC,BTC,0.75,Eco,68,2587,42,True
Synth_BTC,BTC,0.75,Eco,69,2615,31,True
Synth_BTC,BTC,0.75,Eco,70,2646,38,True
Synth_BTC,BTC,0.75,Eco,71,2676,56,True
Synth_BTC,BTC,0.75,Eco,72,2707,61,True
Synth_BTC,BTC,0.75,Eco,73,2737,45,True
Synth_BTC,BTC,0.75,Eco,74,2768,29,True
Synth_BTC,BTC,0.75,Eco,75,2799,53,True
Synth_BTC,BTC,0.75,Eco,76,2829,78,True
Synth_BTC,BTC,0.75,Eco,77,2860,77,True
Synth_BTC,BTC,0.75,Eco,78,2890,48,True
Synth_BTC,BTC,0.75,Eco,79,2921,28,True
Synth_BTC,BTC,0.75,Eco,80,2952,48,True
Synth_BTC,BTC,0.75,Eco,81,2980,29,True
Synth_BTC,BTC,0.75,Eco,82,3011,28,True
Synth_BTC,BTC,0.75,Eco,83,3041,45,True
Synth_BTC,BTC,0.75,Eco,84,3072,37,True
Synth_BTC,BTC,0.75,Eco,85,3102,45,True
Synth_BTC,BTC,0.75,Eco,86,3133,30,True
Synth_BTC,BTC,0.75,Eco,87,3164,25,True
Synth_BTC,BTC,0.75,Eco,88,3194,41,True
Synth_BTC,BTC,0.75,Eco,89,3225,47,True
Synth_BTC,BTC,0.75,Eco,90,3255,43,True
Synth_BTC,BTC,0.75,Eco,91,3286,46,True
Synth_BTC,BTC,0.75,Eco,92,3317,57,True
Synth_BTC,BTC,0.75,Eco,93,3346,69,True
Synth_BTC,BTC,0.75,Eco,94,3377,59,True
Synth_BTC,BTC,0.75,Eco,95,3407,50,True
Synth_BTC,BTC,0.75,Eco,96,3438,60,True
Synth_BTC,BTC,0.75,Eco,97,3468,57,True
Synth_BTC,BTC,0.75,Eco,98,3499,39,True
Synth_BTC,BTC,0.75,Eco,99,3530,35,True
Synth_BTC,BTC,0.75,Eco,100,3560,39,True
Synth_BTC,BTC,0.75,Eco,101,3591,54,True
Synth_BTC,BTC,0.75,Eco,102,3621,41,True
Synth_BTC,BTC,0.75,Eco,103,3652,42,True
Synth_BTC,BTC,0.75,Eco,104,3683,33,True
Synth_BTC,BTC,0.75,Eco,105,3711,32,True
Synth_BTC,BTC,1,Concept,0,516,27,True
Synth_BTC,BTC,1,Concept,1,546,41,True
Synth_BTC,BTC,1,Concept,2,577,24,True
Synth_BTC,BTC,1,Concept,3,608,31,True
Synth_BTC,BTC,1,Concept,4,638,49,True
Synth_BTC,BTC,1,Concept,5,669,44,True
Synth_BTC,BTC,1,Concept,6,699,31,True
Synth_BTC,BTC,1,Concept,7,730,39,True
Synth_BTC,BTC,1,Concept,8,761,46,True
Synth_BTC,BTC,1,Concept,9,789,56,True
Synth_BTC,BTC,1,Concept,10,820,32,True
Synth_BTC,BTC,1,Concept,11,850,29,True
Synth_BTC,BTC,1,Concept,12,881,46,True
Synth_BTC,BTC,1,Concept,13,911,24,True
Synth_BTC,BTC,1,Concept,14,942,26,True
Synth_BTC,BTC,1,Concept,15,973,51,True
Synth_BTC,BTC,1,Concept,16,1003,39,True
Synth_BTC,BTC,1,Concept,17,1034,36,True
Synth_BTC,BTC,1,Concept,18,1064,27,True
Synth_BTC,BTC,1,Concept,19,1095,32,True
Synth_BTC,BTC,1,Concept,20,1126,26,True
Synth_BTC,BTC,1,Concept,21,1154,34,True
Synth_BTC,BTC,1,Concept,22,1185,31,True
Synth_BTC,BTC,1,Concept,23,1215,39,True
Synth_BTC,BTC,1,Concept,24,1246,28,True
Synth_BTC,BTC,1,Concept,25,1276,31,True
Synth_BTC,BTC,1,Concept,26,1307,29,True
Synth_BTC,BTC,1,Concept,27,1338,29,True
Synth_BTC,BTC,1,Concept,28,1368,44,True
Synth_BTC,BTC,1,Concept,29,1399,39,True
Synth_BTC,BTC,1,Concept,30,1429,21,True
Synth_BTC,BTC,1,Concept,31,1460,36,True
Synth_BTC,BTC,1,Concept,32,1491,29,True
Synth_BTC,BTC,1,Concept,33,1519,34,True
Synth_BTC,BTC,1,Concept,34,1550,40,True
Synth_BTC,BTC,1,Concept,35,1580,32,True
Synth_BTC,BTC,1,Concept,36,1611,21,True
Synth_BTC,BTC,1,Concept,37,1641,31,True
Synth_BTC,BTC,1,Concept,38,1672,31,True
Synth_BTC,BTC,1,Concept,39,1703,49,True
Synth_BTC,BTC,1,Concept,40,1733,31,True
Synth_BTC,BTC,1,Concept,41,1764,26,True
Synth_BTC,BTC,1,Concept,42,1794,36,True
Synth_BTC,BTC,1,Concept,43,1825,41,True
Synth_BTC,BTC,1,Concept,44,1856,21,True
Synth_BTC,BTC,1,Concept,45,1885,40,True
Synth_BTC,BTC,1,Concept,46,1916,31,True
Synth_BTC,BTC,1,Concept,47,1946,21,True
Synth_BTC,BTC,1,Concept,48,1977,29,True
Synth_BTC,BTC,1,Concept,49,2007,44,True
Synth_BTC,BTC,1,Concept,50,2038,35,True
Synth_BTC,BTC,1,Concept,51,2069,27,True
Synth_BTC,BTC,1,Concept,52,2099,27,True
Synth_BTC,BTC,1,Concept,53,2130,30,True
Synth_BTC,BTC,1,Concept,54,2160,21,True
Synth_BTC,BTC,1,Concept,55,2191,36,True
Synth_BTC,BTC,1,Concept,56,2222,27,True
Synth_BTC,BTC,1,Concept,57,2250,44,True
Synth_BTC,BTC,1,Concept,58,2281,26,True
Synth_BTC,BTC,1,Concept,59,2311,41,True
Synth_BTC,BTC,1,Concept,60,2342,27,True
Synth_BTC,BTC,1,Concept,61,2372,30,True
Synth_BTC,BTC,1,Concept,62,2403,31,True
Synth_BTC,BTC,1,Concept,63,2434,29,True
Synth_BTC,BTC,1,Concept,64,2464,49,True
Synth_BTC,BTC,1,Concept,65,2495,44,True
Synth_BTC,BTC,1,Concept,66,2525,28,True
Synth_BTC,BTC,1,Concept,67,2556,21,True
Synth_BTC,BTC,1,Concept,68,2587,29,True
Synth_BTC,BTC,1,Concept,69,2615,21,True
Synth_BTC,BTC,1,Concept,70,2646,33,True
Synth_BTC,BTC,1,Concept,71,2676,44,True
Synth_BTC,BTC,1,Concept,72,2707,27,True
Synth_BTC,BTC,1,Concept,73,2737,31,True
Synth_BTC,BTC,1,Concept,74,2768,29,True
Synth_BTC,BTC,1,Concept,75,2799,34,True
Synth_BTC,BTC,1,Concept,76,2829,34,True
Synth_BTC,BTC,1,Concept,77,2860,46,True
Synth_BTC,BTC,1,Concept,78,2890,38,True
Synth_BTC,BTC,1,Concept,79,2921,21,True
Synth_BTC,BTC,1,Concept,80,2952,41,True
Synth_BTC,BTC,1,Concept,81,2980,28,True
Synth_BTC,BTC,1,Concept,82,3011,31,True
Synth_BTC,BTC,1,Concept,83,3041,26,True
Synth_BTC,BTC,1,Concept,84,3072,26,True
Synth_BTC,BTC,1,Concept,85,3102,36,True
Synth_BTC,BTC,1,Concept,86,3133,51,True
Synth_BTC,BTC,1,Concept,87,3164,34,True
Synth_BTC,BTC,1,Concept,88,3194,36,True
Synth_BTC,BTC,1,Concept,89,3225,41,True
Synth_BTC,BTC,1,Concept,90,3255,26,True
Synth_BTC,BTC,1,Concept,91,3286,36,True
Synth_BTC,BTC,1,Concept,92,3317,29,True
Synth_BTC,BTC,1,Concept,93,3346,52,True
Synth_BTC,BTC,1,Concept,94,3377,36,True
Synth_BTC,BTC,1,Concept,95,3407,26,True
Synth_BTC,BTC,1,Concept,96,3438,33,True
Synth_BTC,BTC,1,Concept,97,3468,35,True
Synth_BTC,BTC,1,Concept,98,3499,31,True
Synth_BTC,BTC,1,Concept,99,3530,31,True
Synth_BTC,BTC,1,Concept,100,3560,29,True
Synth_BTC,BTC,1,Concept,101,3591,36,True
Synth_BTC,BTC,1,Concept,102,3621,24,True
Synth_BTC,BTC,1,Concept,103,3652,26,True
Synth_BTC,BTC,1,Concept,104,3683,30,True
Synth_BTC,BTC,1,Concept,105,3711,21,True
Synth_BTC,BTC,1,Eco,0,516,28,True
Synth_BTC,BTC,1,Eco,1,546,36,True
Synth_BTC,BTC,1,Eco,2,577,29,True
Synth_BTC,BTC,1,Eco,3,608,30,True
Synth_BTC,BTC,1,Eco,4,638,47,True
Synth_BTC,BTC,1,Eco,5,669,44,True
Synth_BTC,BTC,1,Eco,6,699,34,True
Synth_BTC,BTC,1,Eco,7,730,34,True
Synth_BTC,BTC,1,Eco,8,761,26,True
Synth_BTC,BTC,1,Eco,9,789,49,True
Synth_BTC,BTC,1,Eco,10,820,31,True
Synth_BTC,BTC,1,Eco,11,850,22,True
Synth_BTC,BTC,1,Eco,12,881,41,True
Synth_BTC,BTC,1,Eco,13,911,31,True
Synth_BTC,BTC,1,Eco,14,942,24,True
Synth_BTC,BTC,1,Eco,15,973,44,True
Synth_BTC,BTC,1,Eco,16,1003,36,True
Synth_BTC,BTC,1,Eco,17,1034,29,True
Synth_BTC,BTC,1,Eco,18,1064,35,True
Synth_BTC,BTC,1,Eco,19,1095,32,True
Synth_BTC,BTC,1,Eco,20,1126,22,True
Synth_BTC,BTC,1,Eco,21,1154,27,True
Synth_BTC,BTC,1,Eco,22,1185,38,True
Synth_BTC,BTC,1,Eco,23,1215,34,True
Synth_BTC,BTC,1,Eco,24,1246,29,True
Synth_BTC,BTC,1,Eco,25,1276,33,True
Synth_BTC,BTC,1,Eco,26,1307,32,True
Synth_BTC,BTC,1,Eco,27,1338,28,True
Synth_BTC,BTC,1,Eco,28,1368,42,True
Synth_BTC,BTC,1,Eco,29,1399,35,True
Synth_BTC,BTC,1,Eco,30,1429,22,True
Synth_BTC,BTC,1,Eco,31,1460,29,True
Synth_BTC,BTC,1,Eco,32,1491,26,True
Synth_BTC,BTC,1,Eco,33,1519,48,True
Synth_BTC,BTC,1,Eco,34,1550,37,True
Synth_BTC,BTC,1,Eco,35,1580,30,True
Synth_BTC,BTC,1,Eco,36,1611,36,True
Synth_BTC,BTC,1,Eco,37,1641,31,True
Synth_BTC,BTC,1,Eco,38,1672,26,True
Synth_BTC,BTC,1,Eco,39,1703,35,True
Synth_BTC,BTC,1,Eco,40,1733,38,True
Synth_BTC,BTC,1,Eco,41,1764,30,True
Synth_BTC,BTC,1,Eco,42,1794,37,True
Synth_BTC,BTC,1,Eco,43,1825,19,True
Synth_BTC,BTC,1,Eco,44,1856,32,True
Synth_BTC,BTC,1,Eco,45,1885,37,True
Synth_BTC,BTC,1,Eco,46,1916,34,True
Synth_BTC,BTC,1,Eco,47,1946,30,True
Synth_BTC,BTC,1,Eco,48,1977,35,True
Synth_BTC,BTC,1,Eco,49,2007,29,True
Synth_BTC,BTC,1,Eco,50,2038,33,True
Synth_BTC,BTC,1,Eco,51,2069,36,True
Synth_BTC,BTC,1,Eco,52,2099,30,True
Synth_BTC,BTC,1,Eco,53,2130,30,True
Synth_BTC,BTC,1,Eco,54,2160,28,True
Synth_BTC,BTC,1,Eco,55,2191,38,True
Synth_BTC,BTC,1,Eco,56,2222,39,True
Synth_BTC,BTC,1,Eco,57,2250,48,True
Synth_BTC,BTC,1,Eco,58,2281,44,True
Synth_BTC,BTC,1,Eco,59,2311,47,True
Synth_BTC,BTC,1,Eco,60,2342,36,True
Synth_BTC,BTC,1,Eco,61,2372,31,True
Synth_BTC,BTC,1,Eco,62,2403,28,True
Synth_BTC,BTC,1,Eco,63,2434,27,True
Synth_BTC,BTC,1,Eco,64,2464,41,True
Synth_BTC,BTC,1,Eco,65,2495,39,True
Synth_BTC,BTC,1,Eco,66,2525,36,True
Synth_BTC,BTC,1,Eco,67,2556,29,True
Synth_BTC,BTC,1,Eco,68,2587,33,True
Synth_BTC,BTC,1,Eco,69,2615,27,True
Synth_BTC,BTC,1,Eco,70,2646,30,True
Synth_BTC,BTC,1,Eco,71,2676,46,True
Synth_BTC,BTC,1,Eco,72,2707,44,True
Synth_BTC,BTC,1,Eco,73,2737,38,True
Synth_BTC,BTC,1,Eco,74,2768,24,True
Synth_BTC,BTC,1,Eco,75,2799,33,True
Synth_BTC,BTC,1,Eco,76,2829,36,True
Synth_BTC,BTC,1,Eco,77,2860,55,True
Synth_BTC,BTC,1,Eco,78,2890,39,True
Synth_BTC,BTC,1,Eco,79,2921,24,True
Synth_BTC,BTC,1,Eco,80,2952,40,True
Synth_BTC,BTC,1,Eco,81,2980,26,True
Synth_BTC,BTC,1,Eco,82,3011,23,True
Synth_BTC,BTC,1,Eco,83,3041,32,True
Synth_BTC,BTC,1,Eco,84,3072,30,True
Synth_BTC,BTC,1,Eco,85,3102,32,True
Synth_BTC,BTC,1,Eco,86,3133,23,True
Synth_BTC,BTC,1,Eco,87,3164,23,True
Synth_BTC,BTC,1,Eco,88,3194,33,True
Synth_BTC,BTC,1,Eco,89,3225,39,True
Synth_BTC,BTC,1,Eco,90,3255,33,True
Synth_BTC,BTC,1,Eco,91,3286,36,True
Synth_BTC,BTC,1,Eco,92,3317,32,True
Synth_BTC,BTC,1,Eco,93,3346,48,True
Synth_BTC,BTC,1,Eco,94,3377,38,True
Synth_BTC,BTC,1,Eco,95,3407,38,True
Synth_BTC,BTC,1,Eco,96,3438,41,True
Synth_BTC,BTC,1,Eco,97,3468,47,True
Synth_BTC,BTC,1,Eco,98,3499,32,True
Synth_BTC,BTC,1,Eco,99,3530,30,True
Synth_BTC,BTC,1,Eco,100,3560,28,True
Synth_BTC,BTC,1,Eco,101,3591,47,True
Synth_BTC,BTC,1,Eco,102,3621,30,True
Synth_BTC,BTC,1,Eco,103,3652,33,True
Synth_BTC,BTC,1,Eco,104,3683,28,True
Synth_BTC,BTC,1,Eco,105,3711,26,True
Synth_BTC,BTC,1.25,Concept,0,516,26,True
Synth_BTC,BTC,1.25,Concept,1,546,29,True
Synth_BTC,BTC,1.25,Concept,2,577,24,True
Synth_BTC,BTC,1.25,Concept,3,608,31,True
Synth_BTC,BTC,1.25,Concept,4,638,41,True
Synth_BTC,BTC,1.25,Concept,5,669,24,True
Synth_BTC,BTC,1.25,Concept,6,699,25,True
Synth_BTC,BTC,1.25,Concept,7,730,29,True
Synth_BTC,BTC,1.25,Concept,8,761,22,True
Synth_BTC,BTC,1.25,Concept,9,789,46,True
Synth_BTC,BTC,1.25,Concept,10,820,32,True
Synth_BTC,BTC,1.25,Concept,11,850,29,True
Synth_BTC,BTC,1.25,Concept,12,881,39,True
Synth_BTC,BTC,1.25,Concept,13,911,24,True
Synth_BTC,BTC,1.25,Concept,14,942,26,True
Synth_BTC,BTC,1.25,Concept,15,973,28,True
Synth_BTC,BTC,1.25,Concept,16,1003,26,True
Synth_BTC,BTC,1.25,Concept,17,1034,29,True
Synth_BTC,BTC,1.25,Concept,18,1064,25,True
Synth_BTC,BTC,1.25,Concept,19,1095,31,True
Synth_BTC,BTC,1.25,Concept,20,1126,24,True
Synth_BTC,BTC,1.25,Concept,21,1154,29,True
Synth_BTC,BTC,1.25,Concept,22,1185,29,True
Synth_BTC,BTC,1.25,Concept,23,1215,34,True
Synth_BTC,BTC,1.25,Concept,24,1246,24,True
Synth_BTC,BTC,1.25,Concept,25,1276,31,True
Synth_BTC,BTC,1.25,Concept,26,1307,21,True
Synth_BTC,BTC,1.25,Concept,27,1338,26,True
Synth_BTC,BTC,1.25,Concept,28,1368,31,True
Synth_BTC,BTC,1.25,Concept,29,1399,26,True
Synth_BTC,BTC,1.25,Concept,30,1429,21,True
Synth_BTC,BTC,1.25,Concept,31,1460,31,True
Synth_BTC,BTC,1.25,Concept,32,1491,26,True
Synth_BTC,BTC,1.25,Concept,33,1519,29,True
Synth_BTC,BTC,1.25,Concept,34,1550,25,True
Synth_BTC,BTC,1.25,Concept,35,1580,31,True
Synth_BTC,BTC,1.25,Concept,36,1611,21,True
Synth_BTC,BTC,1.25,Concept,37,1641,26,True
Synth_BTC,BTC,1.25,Concept,38,1672,31,True
Synth_BTC,BTC,1.25,Concept,39,1703,44,True
Synth_BTC,BTC,1.25,Concept,40,1733,26,True
Synth_BTC,BTC,1.25,Concept,41,1764,21,True
Synth_BTC,BTC,1.25,Concept,42,1794,21,True
Synth_BTC,BTC,1.25,Concept,43,1825,39,True
Synth_BTC,BTC,1.25,Concept,44,1856,21,True
Synth_BTC,BTC,1.25,Concept,45,1885,30,True
Synth_BTC,BTC,1.25,Concept,46,1916,31,True
Synth_BTC,BTC,1.25,Concept,47,1946,21,True
Synth_BTC,BTC,1.25,Concept,48,1977,29,True
Synth_BTC,BTC,1.25,Concept,49,2007,39,True
Synth_BTC,BTC,1.25,Concept,50,2038,35,True
Synth_BTC,BTC,1.25,Concept,51,2069,25,True
Synth_BTC,BTC,1.25,Concept,52,2099,22,True
Synth_BTC,BTC,1.25,Concept,53,2130,27,True
Synth_BTC,BTC,1.25,Concept,54,2160,21,True
Synth_BTC,BTC,1.25,Concept,55,2191,26,True
Synth_BTC,BTC,1.25,Concept,56,2222,25,True
Synth_BTC,BTC,1.25,Concept,57,2250,31,True
Synth_BTC,BTC,1.25,Concept,58,2281,24,True
Synth_BTC,BTC,1.25,Concept,59,2311,26,True
Synth_BTC,BTC,1.25,Concept,60,2342,26,True
Synth_BTC,BTC,1.25,Concept,61,2372,29,True
Synth_BTC,BTC,1.25,Concept,62,2403,21,True
Synth_BTC,BTC,1.25,Concept,63,2434,24,True
Synth_BTC,BTC,1.25,Concept,64,2464,31,True
Synth_BTC,BTC,1.25,Concept,65,2495,34,True
Synth_BTC,BTC,1.25,Concept,66,2525,26,True
Synth_BTC,BTC,1.25,Concept,67,2556,21,True
Synth_BTC,BTC,1.25,Concept,68,2587,21,True
Synth_BTC,BTC,1.25,Concept,69,2615,21,True
Synth_BTC,BTC,1.25,Concept,70,2646,33,True
Synth_BTC,BTC,1.25,Concept,71,2676,36,True
Synth_BTC,BTC,1.25,Concept,72,2707,21,True
Synth_BTC,BTC,1.25,Concept,73,2737,25,True
Synth_BTC,BTC,1.25,Concept,74,2768,21,True
Synth_BTC,BTC,1.25,Concept,75,2799,26,True
Synth_BTC,BTC,1.25,Concept,76,2829,26,True
Synth_BTC,BTC,1.25,Concept,77,2860,36,True
Synth_BTC,BTC,1.25,Concept,78,2890,31,True
Synth_BTC,BTC,1.25,Concept,79,2921,21,True
Synth_BTC,BTC,1.25,Concept,80,2952,31,True
Synth_BTC,BTC,1.25,Concept,81,2980,26,True
Synth_BTC,BTC,1.25,Concept,82,3011,26,True
Synth_BTC,BTC,1.25,Concept,83,3041,24,True
Synth_BTC,BTC,1.25,Concept,84,3072,26,True
Synth_BTC,BTC,1.25,Concept,85,3102,29,True
Synth_BTC,BTC,1.25,Concept,86,3133,31,True
Synth_BTC,BTC,1.25,Concept,87,3164,21,True
Synth_BTC,BTC,1.25,Concept,88,3194,31,True
Synth_BTC,BTC,1.25,Concept,89,3225,29,True
Synth_BTC,BTC,1.25,Concept,90,3255,23,True
Synth_BTC,BTC,1.25,Concept,91,3286,26,True
Synth_BTC,BTC,1.25,Concept,92,3317,29,True
Synth_BTC,BTC,1.25,Concept,93,3346,43,True
Synth_BTC,BTC,1.25,Concept,94,3377,31,True
Synth_BTC,BTC,1.25,Concept,95,3407,26,True
Synth_BTC,BTC,1.25,Concept,96,3438,23,True
Synth_BTC,BTC,1.25,Concept,97,3468,35,True
Synth_BTC,BTC,1.25,Concept,98,3499,24,True
Synth_BTC,BTC,1.25,Concept,99,3530,24,True
Synth_BTC,BTC,1.25,Concept,100,3560,21,True
Synth_BTC,BTC,1.25,Concept,101,3591,34,True
Synth_BTC,BTC,1.25,Concept,102,3621,24,True
Synth_BTC,BTC,1.25,Concept,103,3652,24,True
Synth_BTC,BTC,1.25,Concept,104,3683,26,True
Synth_BTC,BTC,1.25,Concept,105,3711,21,True
Synth_BTC,BTC,1.25,Eco,0,516,22,True
Synth_BTC,BTC,1.25,Eco,1,546,32,True
Synth_BTC,BTC,1.25,Eco,2,577,24,True
Synth_BTC,BTC,1.25,Eco,3,608,26,True
Synth_BTC,BTC,1.25,Eco,4,638,38,True
Synth_BTC,BTC,1.25,Eco,5,669,28,True
Synth_BTC,BTC,1.25,Eco,6,699,29,True
Synth_BTC,BTC,1.25,Eco,7,730,26,True
Synth_BTC,BTC,1.25,Eco,8,761,22,True
Synth_BTC,BTC,1.25,Eco,9,789,36,True
Synth_BTC,BTC,1.25,Eco,10,820,29,True
Synth_BTC,BTC,1.25,Eco,11,850,20,True
Synth_BTC,BTC,1.25,Eco,12,881,33,True
Synth_BTC,BTC,1.25,Eco,13,911,26,True
Synth_BTC,BTC,1.25,Eco,14,942,21,True
Synth_BTC,BTC,1.25,Eco,15,973,35,True
Synth_BTC,BTC,1.25,Eco,16,1003,29,True
Synth_BTC,BTC,1.25,Eco,17,1034,26,True
Synth_BTC,BTC,1.25,Eco,18,1064,27,True
Synth_BTC,BTC,1.25,Eco,19,1095,23,True
Synth_BTC,BTC,1.25,Eco,20,1126,19,True
Synth_BTC,BTC,1.25,Eco,21,1154,25,True
Synth_BTC,BTC,1.25,Eco,22,1185,30,True
Synth_BTC,BTC,1.25,Eco,23,1215,24,True
Synth_BTC,BTC,1.25,Eco,24,1246,24,True
Synth_BTC,BTC,1.25,Eco,25,1276,26,True
Synth_BTC,BTC,1.25,Eco,26,1307,27,True
Synth_BTC,BTC,1.25,Eco,27,1338,26,True
Synth_BTC,BTC,1.25,Eco,28,1368,32,True
Synth_BTC,BTC,1.25,Eco,29,1399,29,True
Synth_BTC,BTC,1.25,Eco,30,1429,20,True
Synth_BTC,BTC,1.25,Eco,31,1460,26,True
Synth_BTC,BTC,1.25,Eco,32,1491,22,True
Synth_BTC,BTC,1.25,Eco,33,1519,38,True
Synth_BTC,BTC,1.25,Eco,34,1550,27,True
Synth_BTC,BTC,1.25,Eco,35,1580,26,True
Synth_BTC,BTC,1.25,Eco,36,1611,25,True
Synth_BTC,BTC,1.25,Eco,37,1641,26,True
Synth_BTC,BTC,1.25,Eco,38,1672,24,True
Synth_BTC,BTC,1.25,Eco,39,1703,24,True
Synth_BTC,BTC,1.25,Eco,40,1733,31,True
Synth_BTC,BTC,1.25,Eco,41,1764,25,True
Synth_BTC,BTC,1.25,Eco,42,1794,27,True
Synth_BTC,BTC,1.25,Eco,43,1825,17,True
Synth_BTC,BTC,1.25,Eco,44,1856,25,True
Synth_BTC,BTC,1.25,Eco,45,1885,31,True
Synth_BTC,BTC,1.25,Eco,46,1916,28,True
Synth_BTC,BTC,1.25,Eco,47,1946,24,True
Synth_BTC,BTC,1.25,Eco,48,1977,28,True
Synth_BTC,BTC,1.25,Eco,49,2007,25,True
Synth_BTC,BTC,1.25,Eco,50,2038,27,True
Synth_BTC,BTC,1.25,Eco,51,2069,26,True
Synth_BTC,BTC,1.25,Eco,52,2099,26,True
Synth_BTC,BTC,1.25,Eco,53,2130,27,True
Synth_BTC,BTC,1.25,Eco,54,2160,23,True
Synth_BTC,BTC,1.25,Eco,55,2191,27,True
Synth_BTC,BTC,1.25,Eco,56,2222,29,True
Synth_BTC,BTC,1.25,Eco,57,2250,36,True
Synth_BTC,BTC,1.25,Eco,58,2281,36,True
Synth_BTC,BTC,1.25,Eco,59,2311,36,True
Synth_BTC,BTC,1.25,Eco,60,2342,29,True
Synth_BTC,BTC,1.25,Eco,61,2372,27,True
Synth_BTC,BTC,1.25,Eco,62,2403,22,True
Synth_BTC,BTC,1.25,Eco,63,2434,25,True
Synth_BTC,BTC,1.25,Eco,64,2464,34,True
Synth_BTC,BTC,1.25,Eco,65,2495,30,True
Synth_BTC,BTC,1.25,Eco,66,2525,30,True
Synth_BTC,BTC,1.25,Eco,67,2556,22,True
Synth_BTC,BTC,1.25,Eco,68,2587,27,True
Synth_BTC,BTC,1.25,Eco,69,2615,23,True
Synth_BTC,BTC,1.25,Eco,70,2646,28,True
Synth_BTC,BTC,1.25,Eco,71,2676,34,True
Synth_BTC,BTC,1.25,Eco,72,2707,33,True
Synth_BTC,BTC,1.25,Eco,73,2737,32,True
Synth_BTC,BTC,1.25,Eco,74,2768,20,True
Synth_BTC,BTC,1.25,Eco,75,2799,27,True
Synth_BTC,BTC,1.25,Eco,76,2829,30,True
Synth_BTC,BTC,1.25,Eco,77,2860,39,True
Synth_BTC,BTC,1.25,Eco,78,2890,33,True
Synth_BTC,BTC,1.25,Eco,79,2921,20,True
Synth_BTC,BTC,1.25,Eco,80,2952,32,True
Synth_BTC,BTC,1.25,Eco,81,2980,23,True
Synth_BTC,BTC,1.25,Eco,82,3011,21,True
Synth_BTC,BTC,1.25,Eco,83,3041,26,True
Synth_BTC,BTC,1.25,Eco,84,3072,25,True
Synth_BTC,BTC,1.25,Eco,85,3102,28,True
Synth_BTC,BTC,1.25,Eco,86,3133,20,True
Synth_BTC,BTC,1.25,Eco,87,3164,22,True
Synth_BTC,BTC,1.25,Eco,88,3194,30,True
Synth_BTC,BTC,1.25,Eco,89,3225,26,True
Synth_BTC,BTC,1.25,Eco,90,3255,25,True
Synth_BTC,BTC,1.25,Eco,91,3286,28,True
Synth_BTC,BTC,1.25,Eco,92,3317,24,True
Synth_BTC,BTC,1.25,Eco,93,3346,39,True
Synth_BTC,BTC,1.25,Eco,94,3377,32,True
Synth_BTC,BTC,1.25,Eco,95,3407,29,True
Synth_BTC,BTC,1.25,Eco,96,3438,26,True
Synth_BTC,BTC,1.25,Eco,97,3468,33,True
Synth_BTC,BTC,1.25,Eco,98,3499,27,True
Synth_BTC,BTC,1.25,Eco,99,3530,26,True
Synth_BTC,BTC,1.25,Eco,100,3560,26,True
Synth_BTC,BTC,1.25,Eco,101,3591,40,True
Synth_BTC,BTC,1.25,Eco,102,3621,25,True
Synth_BTC,BTC,1.25,Eco,103,3652,27,True
Synth_BTC,BTC,1.25,Eco,104,3683,25,True
Synth_BTC,BTC,1.25,Eco,105,3711,22,True
Synth_BTC,BTC,1.5,Concept,0,516,24,True
Synth_BTC,BTC,1.5,Concept,1,546,24,True
Synth_BTC,BTC,1.5,Concept,2,577,21,True
Synth_BTC,BTC,1.5,Concept,3,608,31,True
Synth_BTC,BTC,1.5,Concept,4,638,34,True
Synth_BTC,BTC,1.5,Concept,5,669,24,True
Synth_BTC,BTC,1.5,Concept,6,699,24,True
Synth_BTC,BTC,1.5,Concept,7,730,29,True
Synth_BTC,BTC,1.5,Concept,8,761,22,True
Synth_BTC,BTC,1.5,Concept,9,789,21,True
Synth_BTC,BTC,1.5,Concept,10,820,30,True
Synth_BTC,BTC,1.5,Concept,11,850,24,True
Synth_BTC,BTC,1.5,Concept,12,881,34,True
Synth_BTC,BTC,1.5,Concept,13,911,24,True
Synth_BTC,BTC,1.5,Concept,14,942,26,True
Synth_BTC,BTC,1.5,Concept,15,973,28,True
Synth_BTC,BTC,1.5,Concept,16,1003,26,True
Synth_BTC,BTC,1.5,Concept,17,1034,26,True
Synth_BTC,BTC,1.5,Concept,18,1064,25,True
Synth_BTC,BTC,1.5,Concept,19,1095,24,True
Synth_BTC,BTC,1.5,Concept,20,1126,24,True
Synth_BTC,BTC,1.5,Concept,21,1154,26,True
Synth_BTC,BTC,1.5,Concept,22,1185,24,True
Synth_BTC,BTC,1.5,Concept,23,1215,34,True
Synth_BTC,BTC,1.5,Concept,24,1246,21,True
Synth_BTC,BTC,1.5,Concept,25,1276,29,True
Synth_BTC,BTC,1.5,Concept,26,1307,21,True
Synth_BTC,BTC,1.5,Concept,27,1338,26,True
Synth_BTC,BTC,1.5,Concept,28,1368,26,True
Synth_BTC,BTC,1.5,Concept,29,1399,21,True
Synth_BTC,BTC,1.5,Concept,30,1429,21,True
Synth_BTC,BTC,1.5,Concept,31,1460,31,True
Synth_BTC,BTC,1.5,Concept,32,1491,24,True
Synth_BTC,BTC,1.5,Concept,33,1519,29,True
Synth_BTC,BTC,1.5,Concept,34,1550,24,True
Synth_BTC,BTC,1.5,Concept,35,1580,23,True
Synth_BTC,BTC,1.5,Concept,36,1611,21,True
Synth_BTC,BTC,1.5,Concept,37,1641,26,True
Synth_BTC,BTC,1.5,Concept,38,1672,26,True
Synth_BTC,BTC,1.5,Concept,39,1703,39,True
Synth_BTC,BTC,1.5,Concept,40,1733,26,True
Synth_BTC,BTC,1.5,Concept,41,1764,21,True
Synth_BTC,BTC,1.5,Concept,42,1794,21,True
Synth_BTC,BTC,1.5,Concept,43,1825,34,True
Synth_BTC,BTC,1.5,Concept,44,1856,21,True
Synth_BTC,BTC,1.5,Concept,45,1885,30,True
Synth_BTC,BTC,1.5,Concept,46,1916,24,True
Synth_BTC,BTC,1.5,Concept,47,1946,21,True
Synth_BTC,BTC,1.5,Concept,48,1977,24,True
Synth_BTC,BTC,1.5,Concept,49,2007,29,True
Synth_BTC,BTC,1.5,Concept,50,2038,30,True
Synth_BTC,BTC,1.5,Concept,51,2069,25,True
Synth_BTC,BTC,1.5,Concept,52,2099,21,True
Synth_BTC,BTC,1.5,Concept,53,2130,27,True
Synth_BTC,BTC,1.5,Concept,54,2160,21,True
Synth_BTC,BTC,1.5,Concept,55,2191,24,True
Synth_BTC,BTC,1.5,Concept,56,2222,22,True
Synth_BTC,BTC,1.5,Concept,57,2250,31,True
Synth_BTC,BTC,1.5,Concept,58,2281,24,True
Synth_BTC,BTC,1.5,Concept,59,2311,21,True
Synth_BTC,BTC,1.5,Concept,60,2342,26,True
Synth_BTC,BTC,1.5,Concept,61,2372,21,True
Synth_BTC,BTC,1.5,Concept,62,2403,21,True
Synth_BTC,BTC,1.5,Concept,63,2434,21,True
Synth_BTC,BTC,1.5,Concept,64,2464,24,True
Synth_BTC,BTC,1.5,Concept,65,2495,26,True
Synth_BTC,BTC,1.5,Concept,66,2525,24,True
Synth_BTC,BTC,1.5,Concept,67,2556,21,True
Synth_BTC,BTC,1.5,Concept,68,2587,21,True
Synth_BTC,BTC,1.5,Concept,69,2615,21,True
Synth_BTC,BTC,1.5,Concept,70,2646,28,True
Synth_BTC,BTC,1.5,Concept,71,2676,31,True
Synth_BTC,BTC,1.5,Concept,72,2707,21,True
Synth_BTC,BTC,1.5,Concept,73,2737,25,True
Synth_BTC,BTC,1.5,Concept,74,2768,21,True
Synth_BTC,BTC,1.5,Concept,75,2799,24,True
Synth_BTC,BTC,1.5,Concept,76,2829,26,True
Synth_BTC,BTC,1.5,Concept,77,2860,21,True
Synth_BTC,BTC,1.5,Concept,78,2890,24,True
Synth_BTC,BTC,1.5,Concept,79,2921,21,True
Synth_BTC,BTC,1.5,Concept,80,2952,31,True
Synth_BTC,BTC,1.5,Concept,81,2980,24,True
Synth_BTC,BTC,1.5,Concept,82,3011,24,True
Synth_BTC,BTC,1.5,Concept,83,3041,24,True
Synth_BTC,BTC,1.5,Concept,84,3072,26,True
Synth_BTC,BTC,1.5,Concept,85,3102,26,True
Synth_BTC,BTC,1.5,Concept,86,3133,26,True
Synth_BTC,BTC,1.5,Concept,87,3164,21,True
Synth_BTC,BTC,1.5,Concept,88,3194,26,True
Synth_BTC,BTC,1.5,Concept,89,3225,29,True
Synth_BTC,BTC,1.5,Concept,90,3255,23,True
Synth_BTC,BTC,1.5,Concept,91,3286,24,True
Synth_BTC,BTC,1.5,Concept,92,3317,29,True
Synth_BTC,BTC,1.5,Concept,93,3346,31,True
Synth_BTC,BTC,1.5,Concept,94,3377,29,True
Synth_BTC,BTC,1.5,Concept,95,3407,26,True
Synth_BTC,BTC,1.5,Concept,96,3438,21,True
Synth_BTC,BTC,1.5,Concept,97,3468,31,True
Synth_BTC,BTC,1.5,Concept,98,3499,21,True
Synth_BTC,BTC,1.5,Concept,99,3530,24,True
Synth_BTC,BTC,1.5,Concept,100,3560,21,True
Synth_BTC,BTC,1.5,Concept,101,3591,34,True
Synth_BTC,BTC,1.5,Concept,102,3621,24,True
Synth_BTC,BTC,1.5,Concept,103,3652,24,True
Synth_BTC,BTC,1.5,Concept,104,3683,21,True
Synth_BTC,BTC,1.5,Concept,105,3711,21,True
Synth_BTC,BTC,1.5,Eco,0,516,21,True
Synth_BTC,BTC,1.5,Eco,1,546,28,True
Synth_BTC,BTC,1.5,Eco,2,577,19,True
Synth_BTC,BTC,1.5,Eco,3,608,24,True
Synth_BTC,BTC,1.5,Eco,4,638,31,True
Synth_BTC,BTC,1.5,Eco,5,669,23,True
Synth_BTC,BTC,1.5,Eco,6,699,24,True
Synth_BTC,BTC,1.5,Eco,7,730,23,True
Synth_BTC,BTC,1.5,Eco,8,761,20,True
Synth_BTC,BTC,1.5,Eco,9,789,29,True
Synth_BTC,BTC,1.5,Eco,10,820,24,True
Synth_BTC,BTC,1.5,Eco,11,850,16,True
Synth_BTC,BTC,1.5,Eco,12,881,25,True
Synth_BTC,BTC,1.5,Eco,13,911,22,True
Synth_BTC,BTC,1.5,Eco,14,942,18,True
Synth_BTC,BTC,1.5,Eco,15,973,28,True
Synth_BTC,BTC,1.5,Eco,16,1003,27,True
Synth_BTC,BTC,1.5,Eco,17,1034,22,True
Synth_BTC,BTC,1.5,Eco,18,1064,24,True
Synth_BTC,BTC,1.5,Eco,19,1095,20,True
Synth_BTC,BTC,1.5,Eco,20,1126,17,True
Synth_BTC,BTC,1.5,Eco,21,1154,21,True
Synth_BTC,BTC,1.5,Eco,22,1185,26,True
Synth_BTC,BTC,1.5,Eco,23,1215,21,True
Synth_BTC,BTC,1.5,Eco,24,1246,21,True
Synth_BTC,BTC,1.5,Eco,25,1276,23,True
Synth_BTC,BTC,1.5,Eco,26,1307,24,True
Synth_BTC,BTC,1.5,Eco,27,1338,23,True
Synth_BTC,BTC,1.5,Eco,28,1368,27,True
Synth_BTC,BTC,1.5,Eco,29,1399,21,True
Synth_BTC,BTC,1.5,Eco,30,1429,19,True
Synth_BTC,BTC,1.5,Eco,31,1460,21,True
Synth_BTC,BTC,1.5,Eco,32,1491,21,True
Synth_BTC,BTC,1.5,Eco,33,1519,29,True
Synth_BTC,BTC,1.5,Eco,34,1550,24,True
Synth_BTC,BTC,1.5,Eco,35,1580,22,True
Synth_BTC,BTC,1.5,Eco,36,1611,23,True
Synth_BTC,BTC,1.5,Eco,37,1641,20,True
Synth_BTC,BTC,1.5,Eco,38,1672,21,True
Synth_BTC,BTC,1.5,Eco,39,1703,20,True
Synth_BTC,BTC,1.5,Eco,40,1733,28,True
Synth_BTC,BTC,1.5,Eco,41,1764,20,True
Synth_BTC,BTC,1.5,Eco,42,1794,22,True
Synth_BTC,BTC,1.5,Eco,43,1825,14,True
Synth_BTC,BTC,1.5,Eco,44,1856,24,True
Synth_BTC,BTC,1.5,Eco,45,1885,28,True
Synth_BTC,BTC,1.5,Eco,46,1916,25,True
Synth_BTC,BTC,1.5,Eco,47,1946,21,True
Synth_BTC,BTC,1.5,Eco,48,1977,23,True
Synth_BTC,BTC,1.5,Eco,49,2007,23,True
Synth_BTC,BTC,1.5,Eco,50,2038,24,True
Synth_BTC,BTC,1.5,Eco,51,2069,25,True
Synth_BTC,BTC,1.5,Eco,52,2099,24,True
Synth_BTC,BTC,1.5,Eco,53,2130,24,True
Synth_BTC,BTC,1.5,Eco,54,2160,21,True
Synth_BTC,BTC,1.5,Eco,55,2191,23,True
Synth_BTC,BTC,1.5,Eco,56,2222,25,True
Synth_BTC,BTC,1.5,Eco,57,2250,27,True
Synth_BTC,BTC,1.5,Eco,58,2281,30,True
Synth_BTC,BTC,1.5,Eco,59,2311,27,True
Synth_BTC,BTC,1.5,Eco,60,2342,26,True
Synth_BTC,BTC,1.5,Eco,61,2372,23,True
Synth_BTC,BTC,1.5,Eco,62,2403,20,True
Synth_BTC,BTC,1.5,Eco,63,2434,21,True
Synth_BTC,BTC,1.5,Eco,64,2464,28,True
Synth_BTC,BTC,1.5,Eco,65,2495,25,True
Synth_BTC,BTC,1.5,Eco,66,2525,25,True
Synth_BTC,BTC,1.5,Eco,67,2556,20,True
Synth_BTC,BTC,1.5,Eco,68,2587,24,True
Synth_BTC,BTC,1.5,Eco,69,2615,21,True
Synth_BTC,BTC,1.5,Eco,70,2646,25,True
Synth_BTC,BTC,1.5,Eco,71,2676,30,True
Synth_BTC,BTC,1.5,Eco,72,2707,25,True
Synth_BTC,BTC,1.5,Eco,73,2737,29,True
Synth_BTC,BTC,1.5,Eco,74,2768,18,True
Synth_BTC,BTC,1.5,Eco,75,2799,23,True
Synth_BTC,BTC,1.5,Eco,76,2829,24,True
Synth_BTC,BTC,1.5,Eco,77,2860,32,True
Synth_BTC,BTC,1.5,Eco,78,2890,25,True
Synth_BTC,BTC,1.5,Eco,79,2921,18,True
Synth_BTC,BTC,1.5,Eco,80,2952,25,True
Synth_BTC,BTC,1.5,Eco,81,2980,21,True
Synth_BTC,BTC,1.5,Eco,82,3011,20,True
Synth_BTC,BTC,1.5,Eco,83,3041,22,True
Synth_BTC,BTC,1.5,Eco,84,3072,22,True
Synth_BTC,BTC,1.5,Eco,85,3102,23,True
Synth_BTC,BTC,1.5,Eco,86,3133,18,True
Synth_BTC,BTC,1.5,Eco,87,3164,18,True
Synth_BTC,BTC,1.5,Eco,88,3194,23,True
Synth_BTC,BTC,1.5,Eco,89,3225,23,True
Synth_BTC,BTC,1.5,Eco,90,3255,22,True
Synth_BTC,BTC,1.5,Eco,91,3286,24,True
Synth_BTC,BTC,1.5,Eco,92,3317,22,True
Synth_BTC,BTC,1.5,Eco,93,3346,29,True
Synth_BTC,BTC,1.5,Eco,94,3377,23,True
Synth_BTC,BTC,1.5,Eco,95,3407,25,True
Synth_BTC,BTC,1.5,Eco,96,3438,22,True
Synth_BTC,BTC,1.5,Eco,97,3468,27,True
Synth_BTC,BTC,1.5,Eco,98,3499,24,True
Synth_BTC,BTC,1.5,Eco,99,3530,22,True
Synth_BTC,BTC,1.5,Eco,100,3560,20,True
Synth_BTC,BTC,1.5,Eco,101,3591,30,True
Synth_BTC,BTC,1.5,Eco,102,3621,22,True
Synth_BTC,BTC,1.5,Eco,103,3652,22,True
Synth_BTC,BTC,1.5,Eco,104,3683,20,True
Synth_BTC,BTC,1.5,Eco,105,3711,20,True
Synth_ETH,ETH,0.10000000000000001,Concept,0,507,271,True
Synth_ETH,ETH,0.10000000000000001,Concept,1,537,260,True
Synth_ETH,ETH,0.10000000000000001,Concept,2,568,229,True
Synth_ETH,ETH,0.10000000000000001,Concept,3,598,199,True
Synth_ETH,ETH,0.10000000000000001,Concept,4,629,168,True
Synth_ETH,ETH,0.10000000000000001,Concept,5,660,137,True
Synth_ETH,ETH,0.10000000000000001,Concept,6,690,107,True
Synth_ETH,ETH,0.10000000000000001,Concept,7,721,76,True
Synth_ETH,ETH,0.10000000000000001,Concept,8,751,46,True
Synth_ETH,ETH,0.10000000000000001,Concept,9,782,230,True
Synth_ETH,ETH,0.10000000000000001,Concept,10,813,199,True
Synth_ETH,ETH,0.10000000000000001,Concept,11,842,170,True
Synth_ETH,ETH,0.10000000000000001,Concept,12,873,139,True
Synth_ETH,ETH,0.10000000000000001,Concept,13,903,109,True
Synth_ETH,ETH,0.10000000000000001,Concept,14,934,75,True
Synth_ETH,ETH,0.10000000000000001,Concept,15,964,44,True
Synth_ETH,ETH,0.10000000000000001,Concept,16,995,190,True
Synth_ETH,ETH,0.10000000000000001,Concept,17,1026,-1,False
Synth_ETH,ETH,0.10000000000000001,Concept,18,1056,-1,False
Synth_ETH,ETH,0.10000000000000001,Concept,19,1087,-1,False
Synth_ETH,ETH,0.10000000000000001,Concept,20,1117,-1,False
Synth_ETH,ETH,0.10000000000000001,Concept,21,1148,-1,False
Synth_ETH,ETH,0.10000000000000001,Concept,22,1179,-1,False
Synth_ETH,ETH,0.10000000000000001,Concept,23,1207,-1,False
Synth_ETH,ETH,0.10000000000000001,Concept,24,1238,-1,False
Synth_ETH,ETH,0.10000000000000001,Concept,25,1268,498,True
Synth_ETH,ETH,0.10000000000000001,Concept,26,1299,466,True
Synth_ETH,ETH,0.10000000000000001,Concept,27,1329,437,True
Synth_ETH,ETH,0.10000000000000001,Concept,28,1360,406,True
Synth_ETH,ETH,0.10000000000000001,Concept,29,1391,374,True
Synth_ETH,ETH,0.10000000000000001,Concept,30,1421,345,True
Synth_ETH,ETH,0.10000000000000001,Concept,31,1452,314,True
Synth_ETH,ETH,0.10000000000000001,Concept,32,1482,284,True
Synth_ETH,ETH,0.10000000000000001,Concept,33,1513,253,True
Synth_ETH,ETH,0.10000000000000001,Concept,34,1544,221,True
Synth_ETH,ETH,0.10000000000000001,Concept,35,1572,194,True
Synth_ETH,ETH,0.10000000000000001,Concept,36,1603,163,True
Synth_ETH,ETH,0.10000000000000001,Concept,37,1633,164,True
Synth_ETH,ETH,0.10000000000000001,Concept,38,1664,133,True
Synth_ETH,ETH,0.10000000000000001,Concept,39,1694,103,True
Synth_ETH,ETH,0.10000000000000001,Concept,40,1725,72,True
Synth_ETH,ETH,0.10000000000000001,Concept,41,1756,41,True
Synth_ETH,ETH,0.10000000000000001,Concept,42,1786,121,True
Synth_ETH,ETH,0.10000000000000001,Concept,43,1817,90,True
Synth_ETH,ETH,0.10000000000000001,Concept,44,1847,60,True
Synth_ETH,ETH,0.10000000000000001,Concept,45,1878,350,True
Synth_ETH,ETH,0.10000000000000001,Concept,46,1909,319,True
Synth_ETH,ETH,0.10000000000000001,Concept,47,1937,291,True
Synth_ETH,ETH,0.10000000000000001,Concept,48,1968,242,True
Synth_ETH,ETH,0.10000000000000001,Concept,49,1998,214,True
Synth_ETH,ETH,0.10000000000000001,Concept,50,2029,163,True
Synth_ETH,ETH,0.10000000000000001,Concept,51,2059,-1,False
Synth_ETH,ETH,0.10000000000000001,Concept,52,2090,-1,False
Synth_ETH,ETH,0.10000000000000001,Concept,53,2121,-1,False
Synth_ETH,ETH,0.10000000000000001,Concept,54,2151,-1,False
Synth_ETH,ETH,0.10000000000000001,Concept,55,2182,-1,False
Synth_ETH,ETH,0.10000000000000001,Concept,56,2212,-1,False
Synth_ETH,ETH,0.10000000000000001,Concept,57,2243,-1,False
Synth_ETH,ETH,0.10000000000000001,Concept,58,2274,-1,False
Synth_ETH,ETH,0.10000000000000001,Concept,59,2303,-1,False
Synth_ETH,ETH,0.10000000000000001,Concept,60,2334,-1,False
Synth_ETH,ETH,0.10000000000000001,Concept,61,2364,-1,False
Synth_ETH,ETH,0.10000000000000001,Concept,62,2395,-1,False
Synth_ETH,ETH,0.10000000000000001,Concept,63,2425,-1,False
Synth_ETH,ETH,0.10000000000000001,Concept,64,2456,-1,False
Synth_ETH,ETH,0.10000000000000001,Concept,65,2487,-1,False
Synth_ETH,ETH,0.10000000000000001,Concept,66,2517,-1,False
Synth_ETH,ETH,0.10000000000000001,Concept,67,2548,-1,False
Synth_ETH,ETH,0.10000000000000001,Concept,68,2578,-1,False
Synth_ETH,ETH,0.10000000000000001,Concept,69,2609,-1,False
Synth_ETH,ETH,0.10000000000000001,Concept,70,2640,-1,False
Synth_ETH,ETH,0.10000000000000001,Concept,71,2668,-1,False
Synth_ETH,ETH,0.10000000000000001,Eco,0,507,-1,False
Synth_ETH,ETH,0.10000000000000001,Eco,1,537,-1,False
Synth_ETH,ETH,0.10000000000000001,Eco,2,568,-1,False
Synth_ETH,ETH,0.10000000000000001,Eco,3,598,-1,False
Synth_ETH,ETH,0.10000000000000001,Eco,4,629,-1,False
Synth_ETH,ETH,0.10000000000000001,Eco,5,660,-1,False
Synth_ETH,ETH,0.10000000000000001,Eco,6,690,-1,False
Synth_ETH,ETH,0.10000000000000001,Eco,7,721,-1,False
Synth_ETH,ETH,0.10000000000000001,Eco,8,751,-1,False
Synth_ETH,ETH,0.10000000000000001,Eco,9,782,-1,False
Synth_ETH,ETH,0.10000000000000001,Eco,10,813,-1,False
Synth_ETH,ETH,0.10000000000000001,Eco,11,842,470,True
Synth_ETH,ETH,0.10000000000000001,Eco,12,873,395,True
Synth_ETH,ETH,0.10000000000000001,Eco,13,903,409,True
Synth_ETH,ETH,0.10000000000000001,Eco,14,934,334,True
Synth_ETH,ETH,0.10000000000000001,Eco,15,964,238,True
Synth_ETH,ETH,0.10000000000000001,Eco,16,995,272,True
Synth_ETH,ETH,0.10000000000000001,Eco,17,1026,286,True
Synth_ETH,ETH,0.10000000000000001,Eco,18,1056,212,True
Synth_ETH,ETH,0.10000000000000001,Eco,19,1087,181,True
Synth_ETH,ETH,0.10000000000000001,Eco,20,1117,195,True
Synth_ETH,ETH,0.10000000000000001,Eco,21,1148,-1,False
Synth_ETH,ETH,0.10000000000000001,Eco,22,1179,-1,False
Synth_ETH,ETH,0.10000000000000001,Eco,23,1207,-1,False
Synth_ETH,ETH,0.10000000000000001,Eco,24,1238,-1,False
Synth_ETH,ETH,0.10000000000000001,Eco,25,1268,-1,False
Synth_ETH,ETH,0.10000000000000001,Eco,26,1299,-1,False
Synth_ETH,ETH,0.10000000000000001,Eco,27,1329,-1,False
Synth_ETH,ETH,0.10000000000000001,Eco,28,1360,-1,False
Synth_ETH,ETH,0.10000000000000001,Eco,29,1391,-1,False
Synth_ETH,ETH,0.10000000000000001,Eco,30,1421,-1,False
Synth_ETH,ETH,0.10000000000000001,Eco,31,1452,-1,False
Synth_ETH,ETH,0.10000000000000001,Eco,32,1482,-1,False
Synth_ETH,ETH,0.10000000000000001,Eco,33,1513,-1,False
Synth_ETH,ETH,0.10000000000000001,Eco,34,1544,-1,False
Synth_ETH,ETH,0.10000000000000001,Eco,35,1572,-1,False
Synth_ETH,ETH,0.10000000000000001,Eco,36,1603,-1,False
Synth_ETH,ETH,0.10000000000000001,Eco,37,1633,-1,False
Synth_ETH,ETH,0.10000000000000001,Eco,38,1664,-1,False
Synth_ETH,ETH,0.10000000000000001,Eco,39,1694,-1,False
Synth_ETH,ETH,0.10000000000000001,Eco,40,1725,-1,False
Synth_ETH,ETH,0.10000000000000001,Eco,41,1756,-1,False
Synth_ETH,ETH,0.10000000000000001,Eco,42,1786,-1,False
Synth_ETH,ETH,0.10000000000000001,Eco,43,1817,-1,False
Synth_ETH,ETH,0.10000000000000001,Eco,44,1847,407,True
Synth_ETH,ETH,0.10000000000000001,Eco,45,1878,363,True
Synth_ETH,ETH,0.10000000000000001,Eco,46,1909,332,True
Synth_ETH,ETH,0.10000000000000001,Eco,47,1937,304,True
Synth_ETH,ETH,0.10000000000000001,Eco,48,1968,231,True
Synth_ETH,ETH,0.10000000000000001,Eco,49,1998,212,True
Synth_ETH,ETH,0.10000000000000001,Eco,50,2029,181,True
Synth_ETH,ETH,0.10000000000000001,Eco,51,2059,197,True
Synth_ETH,ETH,0.10000000000000001,Eco,52,2090,262,True
Synth_ETH,ETH,0.10000000000000001,Eco,53,2121,270,True
Synth_ETH,ETH,0.10000000000000001,Eco,54,2151,-1,False
Synth_ETH,ETH,0.10000000000000001,Eco,55,2182,-1,False
Synth_ETH,ETH,0.10000000000000001,Eco,56,2212,-1,False
Synth_ETH,ETH,0.10000000000000001,Eco,57,2243,-1,False
Synth_ETH,ETH,0.10000000000000001,Eco,58,2274,-1,False
Synth_ETH,ETH,0.10000000000000001,Eco,59,2303,-1,False
Synth_ETH,ETH,0.10000000000000001,Eco,60,2334,-1,False
Synth_ETH,ETH,0.10000000000000001,Eco,61,2364,-1,False
Synth_ETH,ETH,0.10000000000000001,Eco,62,2395,-1,False
Synth_ETH,ETH,0.10000000000000001,Eco,63,2425,-1,False
Synth_ETH,ETH,0.10000000000000001,Eco,64,2456,-1,False
Synth_ETH,ETH,0.10000000000000001,Eco,65,2487,-1,False
Synth_ETH,ETH,0.10000000000000001,Eco,66,2517,-1,False
Synth_ETH,ETH,0.10000000000000001,Eco,67,2548,381,True
Synth_ETH,ETH,0.10000000000000001,Eco,68,2578,-1,False
Synth_ETH,ETH,0.10000000000000001,Eco,69,2609,-1,False
Synth_ETH,ETH,0.10000000000000001,Eco,70,2640,-1,False
Synth_ETH,ETH,0.10000000000000001,Eco,71,2668,-1,False
Synth_ETH,ETH,0.14999999999999999,Concept,0,507,264,True
Synth_ETH,ETH,0.14999999999999999,Concept,1,537,236,True
Synth_ETH,ETH,0.14999999999999999,Concept,2,568,205,True
Synth_ETH,ETH,0.14999999999999999,Concept,3,598,175,True
Synth_ETH,ETH,0.14999999999999999,Concept,4,629,144,True
Synth_ETH,ETH,0.14999999999999999,Concept,5,660,113,True
Synth_ETH,ETH,0.14999999999999999,Concept,6,690,83,True
Synth_ETH,ETH,0.14999999999999999,Concept,7,721,54,True
Synth_ETH,ETH,0.14999999999999999,Concept,8,751,26,True
Synth_ETH,ETH,0.14999999999999999,Concept,9,782,227,True
Synth_ETH,ETH,0.14999999999999999,Concept,10,813,196,True
Synth_ETH,ETH,0.14999999999999999,Concept,11,842,167,True
Synth_ETH,ETH,0.14999999999999999,Concept,12,873,136,True
Synth_ETH,ETH,0.14999999999999999,Concept,13,903,106,True
Synth_ETH,ETH,0.14999999999999999,Concept,14,934,75,True
Synth_ETH,ETH,0.14999999999999999,Concept,15,964,44,True
Synth_ETH,ETH,0.14999999999999999,Concept,16,995,188,True
Synth_ETH,ETH,0.14999999999999999,Concept,17,1026,207,True
Synth_ETH,ETH,0.14999999999999999,Concept,18,1056,129,True
Synth_ETH,ETH,0.14999999999999999,Concept,19,1087,146,True
Synth_ETH,ETH,0.14999999999999999,Concept,20,1117,116,True
Synth_ETH,ETH,0.14999999999999999,Concept,21,1148,-1,False
Synth_ETH,ETH,0.14999999999999999,Concept,22,1179,275,True
Synth_ETH,ETH,0.14999999999999999,Concept,23,1207,-1,False
Synth_ETH,ETH,0.14999999999999999,Concept,24,1238,217,True
Synth_ETH,ETH,0.14999999999999999,Concept,25,1268,498,True
Synth_ETH,ETH,0.14999999999999999,Concept,26,1299,156,True
Synth_ETH,ETH,0.14999999999999999,Concept,27,1329,126,True
Synth_ETH,ETH,0.14999999999999999,Concept,28,1360,94,True
Synth_ETH,ETH,0.14999999999999999,Concept,29,1391,374,True
Synth_ETH,ETH,0.14999999999999999,Concept,30,1421,345,True
Synth_ETH,ETH,0.14999999999999999,Concept,31,1452,314,True
Synth_ETH,ETH,0.14999999999999999,Concept,32,1482,284,True
Synth_ETH,ETH,0.14999999999999999,Concept,33,1513,284,True
Synth_ETH,ETH,0.14999999999999999,Concept,34,1544,253,True
Synth_ETH,ETH,0.14999999999999999,Concept,35,1572,225,True
Synth_ETH,ETH,0.14999999999999999,Concept,36,1603,194,True
Synth_ETH,ETH,0.14999999999999999,Concept,37,1633,164,True
Synth_ETH,ETH,0.14999999999999999,Concept,38,1664,133,True
Synth_ETH,ETH,0.14999999999999999,Concept,39,1694,103,True
Synth_ETH,ETH,0.14999999999999999,Concept,40,1725,72,True
Synth_ETH,ETH,0.14999999999999999,Concept,41,1756,41,True
Synth_ETH,ETH,0.14999999999999999,Concept,42,1786,103,True
Synth_ETH,ETH,0.14999999999999999,Concept,43,1817,87,True
Synth_ETH,ETH,0.14999999999999999,Concept,44,1847,42,True
Synth_ETH,ETH,0.14999999999999999,Concept,45,1878,332,True
Synth_ETH,ETH,0.14999999999999999,Concept,46,1909,283,True
Synth_ETH,ETH,0.14999999999999999,Concept,47,1937,248,True
Synth_ETH,ETH,0.14999999999999999,Concept,48,1968,77,True
Synth_ETH,ETH,0.14999999999999999,Concept,49,1998,109,True
Synth_ETH,ETH,0.14999999999999999,Concept,50,2029,78,True
Synth_ETH,ETH,0.14999999999999999,Concept,51,2059,133,True
Synth_ETH,ETH,0.14999999999999999,Concept,52,2090,123,True
Synth_ETH,ETH,0.14999999999999999,Concept,53,2121,102,True
Synth_ETH,ETH,0.14999999999999999,Concept,54,2151,77,True
Synth_ETH,ETH,0.14999999999999999,Concept,55,2182,-1,False
Synth_ETH,ETH,0.14999999999999999,Concept,56,2212,-1,False
Synth_ETH,ETH,0.14999999999999999,Concept,57,2243,-1,False
Synth_ETH,ETH,0.14999999999999999,Concept,58,2274,-1,False
Synth_ETH,ETH,0.14999999999999999,Concept,59,2303,-1,False
Synth_ETH,ETH,0.14999999999999999,Concept,60,2334,-1,False
Synth_ETH,ETH,0.14999999999999999,Concept,61,2364,-1,False
Synth_ETH,ETH,0.14999999999999999,Concept,62,2395,-1,False
Synth_ETH,ETH,0.14999999999999999,Concept,63,2425,-1,False
Synth_ETH,ETH,0.14999999999999999,Concept,64,2456,-1,False
Synth_ETH,ETH,0.14999999999999999,Concept,65,2487,-1,False
Synth_ETH,ETH,0.14999999999999999,Concept,66,2517,-1,False
Synth_ETH,ETH,0.14999999999999999,Concept,67,2548,-1,False
Synth_ETH,ETH,0.14999999999999999,Concept,68,2578,-1,False
Synth_ETH,ETH,0.14999999999999999,Concept,69,2609,59,True
Synth_ETH,ETH,0.14999999999999999,Concept,70,2640,-1,False
Synth_ETH,ETH,0.14999999999999999,Concept,71,2668,-1,False
Synth_ETH,ETH,0.14999999999999999,Eco,0,507,-1,False
Synth_ETH,ETH,0.14999999999999999,Eco,1,537,-1,False
Synth_ETH,ETH,0.14999999999999999,Eco,2,568,-1,False
Synth_ETH,ETH,0.14999999999999999,Eco,3,598,-1,False
Synth_ETH,ETH,0.14999999999999999,Eco,4,629,-1,False
Synth_ETH,ETH,0.14999999999999999,Eco,5,660,-1,False
Synth_ETH,ETH,0.14999999999999999,Eco,6,690,495,True
Synth_ETH,ETH,0.14999999999999999,Eco,7,721,427,True
Synth_ETH,ETH,0.14999999999999999,Eco,8,751,381,True
Synth_ETH,ETH,0.14999999999999999,Eco,9,782,410,True
Synth_ETH,ETH,0.14999999999999999,Eco,10,813,380,True
Synth_ETH,ETH,0.14999999999999999,Eco,11,842,342,True
Synth_ETH,ETH,0.14999999999999999,Eco,12,873,309,True
Synth_ETH,ETH,0.14999999999999999,Eco,13,903,280,True
Synth_ETH,ETH,0.14999999999999999,Eco,14,934,248,True
Synth_ETH,ETH,0.14999999999999999,Eco,15,964,216,True
Synth_ETH,ETH,0.14999999999999999,Eco,16,995,190,True
Synth_ETH,ETH,0.14999999999999999,Eco,17,1026,167,True
Synth_ETH,ETH,0.14999999999999999,Eco,18,1056,137,True
Synth_ETH,ETH,0.14999999999999999,Eco,19,1087,106,True
Synth_ETH,ETH,0.14999999999999999,Eco,20,1117,85,True
Synth_ETH,ETH,0.14999999999999999,Eco,21,1148,269,True
Synth_ETH,ETH,0.14999999999999999,Eco,22,1179,265,True
Synth_ETH,ETH,0.14999999999999999,Eco,23,1207,-1,False
Synth_ETH,ETH,0.14999999999999999,Eco,24,1238,-1,False
Synth_ETH,ETH,0.14999999999999999,Eco,25,1268,-1,False
Synth_ETH,ETH,0.14999999999999999,Eco,26,1299,274,True
Synth_ETH,ETH,0.14999999999999999,Eco,27,1329,-1,False
Synth_ETH,ETH,0.14999999999999999,Eco,28,1360,-1,False
Synth_ETH,ETH,0.14999999999999999,Eco,29,1391,-1,False
Synth_ETH,ETH,0.14999999999999999,Eco,30,1421,-1,False
Synth_ETH,ETH,0.14999999999999999,Eco,31,1452,-1,False
Synth_ETH,ETH,0.14999999999999999,Eco,32,1482,-1,False
Synth_ETH,ETH,0.14999999999999999,Eco,33,1513,-1,False
Synth_ETH,ETH,0.14999999999999999,Eco,34,1544,-1,False
Synth_ETH,ETH,0.14999999999999999,Eco,35,1572,-1,False
Synth_ETH,ETH,0.14999999999999999,Eco,36,1603,-1,False
Synth_ETH,ETH,0.14999999999999999,Eco,37,1633,-1,False
Synth_ETH,ETH,0.14999999999999999,Eco,38,1664,-1,False
Synth_ETH,ETH,0.14999999999999999,Eco,39,1694,487,True
Synth_ETH,ETH,0.14999999999999999,Eco,40,1725,454,True
Synth_ETH,ETH,0.14999999999999999,Eco,41,1756,423,True
Synth_ETH,ETH,0.14999999999999999,Eco,42,1786,406,True
Synth_ETH,ETH,0.14999999999999999,Eco,43,1817,369,True
Synth_ETH,ETH,0.14999999999999999,Eco,44,1847,331,True
Synth_ETH,ETH,0.14999999999999999,Eco,45,1878,303,True
Synth_ETH,ETH,0.14999999999999999,Eco,46,1909,277,True
Synth_ETH,ETH,0.14999999999999999,Eco,47,1937,248,True
Synth_ETH,ETH,0.14999999999999999,Eco,48,1968,211,True
Synth_ETH,ETH,0.14999999999999999,Eco,49,1998,182,True
Synth_ETH,ETH,0.14999999999999999,Eco,50,2029,151,True
Synth_ETH,ETH,0.14999999999999999,Eco,51,2059,169,True
Synth_ETH,ETH,0.14999999999999999,Eco,52,2090,150,True
Synth_ETH,ETH,0.14999999999999999,Eco,53,2121,136,True
Synth_ETH,ETH,0.14999999999999999,Eco,54,2151,228,True
Synth_ETH,ETH,0.14999999999999999,Eco,55,2182,-1,False
Synth_ETH,ETH,0.14999999999999999,Eco,56,2212,-1,False
Synth_ETH,ETH,0.14999999999999999,Eco,57,2243,-1,False
Synth_ETH,ETH,0.14999999999999999,Eco,58,2274,-1,False
Synth_ETH,ETH,0.14999999999999999,Eco,59,2303,436,True
Synth_ETH,ETH,0.14999999999999999,Eco,60,2334,478,True
Synth_ETH,ETH,0.14999999999999999,Eco,61,2364,-1,False
Synth_ETH,ETH,0.14999999999999999,Eco,62,2395,-1,False
Synth_ETH,ETH,0.14999999999999999,Eco,63,2425,-1,False
Synth_ETH,ETH,0.14999999999999999,Eco,64,2456,283,True
Synth_ETH,ETH,0.14999999999999999,Eco,65,2487,252,True
Synth_ETH,ETH,0.14999999999999999,Eco,66,2517,221,True
Synth_ETH,ETH,0.14999999999999999,Eco,67,2548,160,True
Synth_ETH,ETH,0.14999999999999999,Eco,68,2578,327,True
Synth_ETH,ETH,0.14999999999999999,Eco,69,2609,285,True
Synth_ETH,ETH,0.14999999999999999,Eco,70,2640,-1,False
Synth_ETH,ETH,0.14999999999999999,Eco,71,2668,-1,False
Synth_ETH,ETH,0.20000000000000001,Concept,0,507,262,True
Synth_ETH,ETH,0.20000000000000001,Concept,1,537,234,True
Synth_ETH,ETH,0.20000000000000001,Concept,2,568,203,True
Synth_ETH,ETH,0.20000000000000001,Concept,3,598,172,True
Synth_ETH,ETH,0.20000000000000001,Concept,4,629,142,True
Synth_ETH,ETH,0.20000000000000001,Concept,5,660,111,True
Synth_ETH,ETH,0.20000000000000001,Concept,6,690,80,True
Synth_ETH,ETH,0.20000000000000001,Concept,7,721,51,True
Synth_ETH,ETH,0.20000000000000001,Concept,8,751,24,True
Synth_ETH,ETH,0.20000000000000001,Concept,9,782,227,True
Synth_ETH,ETH,0.20000000000000001,Concept,10,813,196,True
Synth_ETH,ETH,0.20000000000000001,Concept,11,842,167,True
Synth_ETH,ETH,0.20000000000000001,Concept,12,873,136,True
Synth_ETH,ETH,0.20000000000000001,Concept,13,903,106,True
Synth_ETH,ETH,0.20000000000000001,Concept,14,934,75,True
Synth_ETH,ETH,0.20000000000000001,Concept,15,964,44,True
Synth_ETH,ETH,0.20000000000000001,Concept,16,995,185,True
Synth_ETH,ETH,0.20000000000000001,Concept,17,1026,155,True
Synth_ETH,ETH,0.20000000000000001,Concept,18,1056,124,True
Synth_ETH,ETH,0.20000000000000001,Concept,19,1087,94,True
Synth_ETH,ETH,0.20000000000000001,Concept,20,1117,64,True
Synth_ETH,ETH,0.20000000000000001,Concept,21,1148,296,True
Synth_ETH,ETH,0.20000000000000001,Concept,22,1179,265,True
Synth_ETH,ETH,0.20000000000000001,Concept,23,1207,245,True
Synth_ETH,ETH,0.20000000000000001,Concept,24,1238,214,True
Synth_ETH,ETH,0.20000000000000001,Concept,25,1268,187,True
Synth_ETH,ETH,0.20000000000000001,Concept,26,1299,153,True
Synth_ETH,ETH,0.20000000000000001,Concept,27,1329,123,True
Synth_ETH,ETH,0.20000000000000001,Concept,28,1360,84,True
Synth_ETH,ETH,0.20000000000000001,Concept,29,1391,419,True
Synth_ETH,ETH,0.20000000000000001,Concept,30,1421,345,True
Synth_ETH,ETH,0.20000000000000001,Concept,31,1452,358,True
Synth_ETH,ETH,0.20000000000000001,Concept,32,1482,315,True
Synth_ETH,ETH,0.20000000000000001,Concept,33,1513,284,True
Synth_ETH,ETH,0.20000000000000001,Concept,34,1544,253,True
Synth_ETH,ETH,0.20000000000000001,Concept,35,1572,225,True
Synth_ETH,ETH,0.20000000000000001,Concept,36,1603,194,True
Synth_ETH,ETH,0.20000000000000001,Concept,37,1633,164,True
Synth_ETH,ETH,0.20000000000000001,Concept,38,1664,133,True
Synth_ETH,ETH,0.20000000000000001,Concept,39,1694,103,True
Synth_ETH,ETH,0.20000000000000001,Concept,40,1725,72,True
Synth_ETH,ETH,0.20000000000000001,Concept,41,1756,41,True
Synth_ETH,ETH,0.20000000000000001,Concept,42,1786,103,True
Synth_ETH,ETH,0.20000000000000001,Concept,43,1817,72,True
Synth_ETH,ETH,0.20000000000000001,Concept,44,1847,42,True
Synth_ETH,ETH,0.20000000000000001,Concept,45,1878,62,True
Synth_ETH,ETH,0.20000000000000001,Concept,46,1909,136,True
Synth_ETH,ETH,0.20000000000000001,Concept,47,1937,108,True
Synth_ETH,ETH,0.20000000000000001,Concept,48,1968,77,True
Synth_ETH,ETH,0.20000000000000001,Concept,49,1998,107,True
Synth_ETH,ETH,0.20000000000000001,Concept,50,2029,78,True
Synth_ETH,ETH,0.20000000000000001,Concept,51,2059,48,True
Synth_ETH,ETH,0.20000000000000001,Concept,52,2090,91,True
Synth_ETH,ETH,0.20000000000000001,Concept,53,2121,92,True
Synth_ETH,ETH,0.20000000000000001,Concept,54,2151,62,True
Synth_ETH,ETH,0.20000000000000001,Concept,55,2182,75,True
Synth_ETH,ETH,0.20000000000000001,Concept,56,2212,456,True
Synth_ETH,ETH,0.20000000000000001,Concept,57,2243,425,True
Synth_ETH,ETH,0.20000000000000001,Concept,58,2274,-1,False
Synth_ETH,ETH,0.20000000000000001,Concept,59,2303,365,True
Synth_ETH,ETH,0.20000000000000001,Concept,60,2334,334,True
Synth_ETH,ETH,0.20000000000000001,Concept,61,2364,304,True
Synth_ETH,ETH,0.20000000000000001,Concept,62,2395,273,True
Synth_ETH,ETH,0.20000000000000001,Concept,63,2425,243,True
Synth_ETH,ETH,0.20000000000000001,Concept,64,2456,202,True
Synth_ETH,ETH,0.20000000000000001,Concept,65,2487,178,True
Synth_ETH,ETH,0.20000000000000001,Concept,66,2517,151,True
Synth_ETH,ETH,0.20000000000000001,Concept,67,2548,120,True
Synth_ETH,ETH,0.20000000000000001,Concept,68,2578,90,True
Synth_ETH,ETH,0.20000000000000001,Concept,69,2609,49,True
Synth_ETH,ETH,0.20000000000000001,Concept,70,2640,84,True
Synth_ETH,ETH,0.20000000000000001,Concept,71,2668,310,True
Synth_ETH,ETH,0.20000000000000001,Eco,0,507,342,True
Synth_ETH,ETH,0.20000000000000001,Eco,1,537,313,True
Synth_ETH,ETH,0.20000000000000001,Eco,2,568,281,True
Synth_ETH,ETH,0.20000000000000001,Eco,3,598,415,True
Synth_ETH,ETH,0.20000000000000001,Eco,4,629,304,True
Synth_ETH,ETH,0.20000000000000001,Eco,5,660,351,True
Synth_ETH,ETH,0.20000000000000001,Eco,6,690,323,True
Synth_ETH,ETH,0.20000000000000001,Eco,7,721,287,True
Synth_ETH,ETH,0.20000000000000001,Eco,8,751,193,True
Synth_ETH,ETH,0.20000000000000001,Eco,9,782,348,True
Synth_ETH,ETH,0.20000000000000001,Eco,10,813,321,True
Synth_ETH,ETH,0.20000000000000001,Eco,11,842,305,True
Synth_ETH,ETH,0.20000000000000001,Eco,12,873,274,True
Synth_ETH,ETH,0.20000000000000001,Eco,13,903,245,True
Synth_ETH,ETH,0.20000000000000001,Eco,14,934,213,True
Synth_ETH,ETH,0.20000000000000001,Eco,15,964,177,True
Synth_ETH,ETH,0.20000000000000001,Eco,16,995,179,True
Synth_ETH,ETH,0.20000000000000001,Eco,17,1026,156,True
Synth_ETH,ETH,0.20000000000000001,Eco,18,1056,127,True
Synth_ETH,ETH,0.20000000000000001,Eco,19,1087,95,True
Synth_ETH,ETH,0.20000000000000001,Eco,20,1117,75,True
Synth_ETH,ETH,0.20000000000000001,Eco,21,1148,222,True
Synth_ETH,ETH,0.20000000000000001,Eco,22,1179,199,True
Synth_ETH,ETH,0.20000000000000001,Eco,23,1207,213,True
Synth_ETH,ETH,0.20000000000000001,Eco,24,1238,182,True
Synth_ETH,ETH,0.20000000000000001,Eco,25,1268,184,True
Synth_ETH,ETH,0.20000000000000001,Eco,26,1299,143,True
Synth_ETH,ETH,0.20000000000000001,Eco,27,1329,244,True
Synth_ETH,ETH,0.20000000000000001,Eco,28,1360,-1,False
Synth_ETH,ETH,0.20000000000000001,Eco,29,1391,-1,False
Synth_ETH,ETH,0.20000000000000001,Eco,30,1421,-1,False
Synth_ETH,ETH,0.20000000000000001,Eco,31,1452,-1,False
Synth_ETH,ETH,0.20000000000000001,Eco,32,1482,-1,False
Synth_ETH,ETH,0.20000000000000001,Eco,33,1513,-1,False
Synth_ETH,ETH,0.20000000000000001,Eco,34,1544,-1,False
Synth_ETH,ETH,0.20000000000000001,Eco,35,1572,-1,False
Synth_ETH,ETH,0.20000000000000001,Eco,36,1603,-1,False
Synth_ETH,ETH,0.20000000000000001,Eco,37,1633,-1,False
Synth_ETH,ETH,0.20000000000000001,Eco,38,1664,475,True
Synth_ETH,ETH,0.20000000000000001,Eco,39,1694,248,True
Synth_ETH,ETH,0.20000000000000001,Eco,40,1725,215,True
Synth_ETH,ETH,0.20000000000000001,Eco,41,1756,184,True
Synth_ETH,ETH,0.20000000000000001,Eco,42,1786,326,True
Synth_ETH,ETH,0.20000000000000001,Eco,43,1817,300,True
Synth_ETH,ETH,0.20000000000000001,Eco,44,1847,246,True
Synth_ETH,ETH,0.20000000000000001,Eco,45,1878,254,True
Synth_ETH,ETH,0.20000000000000001,Eco,46,1909,269,True
Synth_ETH,ETH,0.20000000000000001,Eco,47,1937,240,True
Synth_ETH,ETH,0.20000000000000001,Eco,48,1968,172,True
Synth_ETH,ETH,0.20000000000000001,Eco,49,1998,147,True
Synth_ETH,ETH,0.20000000000000001,Eco,50,2029,131,True
Synth_ETH,ETH,0.20000000000000001,Eco,51,2059,133,True
Synth_ETH,ETH,0.20000000000000001,Eco,52,2090,120,True
Synth_ETH,ETH,0.20000000000000001,Eco,53,2121,120,True
Synth_ETH,ETH,0.20000000000000001,Eco,54,2151,156,True
Synth_ETH,ETH,0.20000000000000001,Eco,55,2182,237,True
Synth_ETH,ETH,0.20000000000000001,Eco,56,2212,489,True
Synth_ETH,ETH,0.20000000000000001,Eco,57,2243,465,True
Synth_ETH,ETH,0.20000000000000001,Eco,58,2274,440,True
Synth_ETH,ETH,0.20000000000000001,Eco,59,2303,401,True
Synth_ETH,ETH,0.20000000000000001,Eco,60,2334,372,True
Synth_ETH,ETH,0.20000000000000001,Eco,61,2364,350,True
Synth_ETH,ETH,0.20000000000000001,Eco,62,2395,313,True
Synth_ETH,ETH,0.20000000000000001,Eco,63,2425,283,True
Synth_ETH,ETH,0.20000000000000001,Eco,64,2456,248,True
Synth_ETH,ETH,0.20000000000000001,Eco,65,2487,217,True
Synth_ETH,ETH,0.20000000000000001,Eco,66,2517,184,True
Synth_ETH,ETH,0.20000000000000001,Eco,67,2548,142,True
Synth_ETH,ETH,0.20000000000000001,Eco,68,2578,160,True
Synth_ETH,ETH,0.20000000000000001,Eco,69,2609,130,True
Synth_ETH,ETH,0.20000000000000001,Eco,70,2640,234,True
Synth_ETH,ETH,0.20000000000000001,Eco,71,2668,255,True
Synth_ETH,ETH,0.25,Concept,0,507,174,True
Synth_ETH,ETH,0.25,Concept,1,537,144,True
Synth_ETH,ETH,0.25,Concept,2,568,113,True
Synth_ETH,ETH,0.25,Concept,3,598,100,True
Synth_ETH,ETH,0.25,Concept,4,629,70,True
Synth_ETH,ETH,0.25,Concept,5,660,39,True
Synth_ETH,ETH,0.25,Concept,6,690,78,True
Synth_ETH,ETH,0.25,Concept,7,721,46,True
Synth_ETH,ETH,0.25,Concept,8,751,24,True
Synth_ETH,ETH,0.25,Concept,9,782,227,True
Synth_ETH,ETH,0.25,Concept,10,813,196,True
Synth_ETH,ETH,0.25,Concept,11,842,167,True
Synth_ETH,ETH,0.25,Concept,12,873,136,True
Synth_ETH,ETH,0.25,Concept,13,903,106,True
Synth_ETH,ETH,0.25,Concept,14,934,75,True
Synth_ETH,ETH,0.25,Concept,15,964,44,True
Synth_ETH,ETH,0.25,Concept,16,995,185,True
Synth_ETH,ETH,0.25,Concept,17,1026,155,True
Synth_ETH,ETH,0.25,Concept,18,1056,124,True
Synth_ETH,ETH,0.25,Concept,19,1087,94,True
Synth_ETH,ETH,0.25,Concept,20,1117,64,True
Synth_ETH,ETH,0.25,Concept,21,1148,36,True
Synth_ETH,ETH,0.25,Concept,22,1179,159,True
Synth_ETH,ETH,0.25,Concept,23,1207,132,True
Synth_ETH,ETH,0.25,Concept,24,1238,101,True
Synth_ETH,ETH,0.25,Concept,25,1268,184,True
Synth_ETH,ETH,0.25,Concept,26,1299,40,True
Synth_ETH,ETH,0.25,Concept,27,1329,111,True
Synth_ETH,ETH,0.25,Concept,28,1360,82,True
Synth_ETH,ETH,0.25,Concept,29,1391,65,True
Synth_ETH,ETH,0.25,Concept,30,1421,376,True
Synth_ETH,ETH,0.25,Concept,31,1452,345,True
Synth_ETH,ETH,0.25,Concept,32,1482,315,True
Synth_ETH,ETH,0.25,Concept,33,1513,284,True
Synth_ETH,ETH,0.25,Concept,34,1544,253,True
Synth_ETH,ETH,0.25,Concept,35,1572,225,True
Synth_ETH,ETH,0.25,Concept,36,1603,194,True
Synth_ETH,ETH,0.25,Concept,37,1633,159,True
Synth_ETH,ETH,0.25,Concept,38,1664,128,True
Synth_ETH,ETH,0.25,Concept,39,1694,98,True
Synth_ETH,ETH,0.25,Concept,40,1725,67,True
Synth_ETH,ETH,0.25,Concept,41,1756,39,True
Synth_ETH,ETH,0.25,Concept,42,1786,24,True
Synth_ETH,ETH,0.25,Concept,43,1817,72,True
Synth_ETH,ETH,0.25,Concept,44,1847,27,True
Synth_ETH,ETH,0.25,Concept,45,1878,56,True
Synth_ETH,ETH,0.25,Concept,46,1909,136,True
Synth_ETH,ETH,0.25,Concept,47,1937,108,True
Synth_ETH,ETH,0.25,Concept,48,1968,77,True
Synth_ETH,ETH,0.25,Concept,49,1998,90,True
Synth_ETH,ETH,0.25,Concept,50,2029,73,True
Synth_ETH,ETH,0.25,Concept,51,2059,47,True
Synth_ETH,ETH,0.25,Concept,52,2090,33,True
Synth_ETH,ETH,0.25,Concept,53,2121,64,True
Synth_ETH,ETH,0.25,Concept,54,2151,41,True
Synth_ETH,ETH,0.25,Concept,55,2182,73,True
Synth_ETH,ETH,0.25,Concept,56,2212,446,True
Synth_ETH,ETH,0.25,Concept,57,2243,415,True
Synth_ETH,ETH,0.25,Concept,58,2274,394,True
Synth_ETH,ETH,0.25,Concept,59,2303,355,True
Synth_ETH,ETH,0.25,Concept,60,2334,324,True
Synth_ETH,ETH,0.25,Concept,61,2364,294,True
Synth_ETH,ETH,0.25,Concept,62,2395,263,True
Synth_ETH,ETH,0.25,Concept,63,2425,233,True
Synth_ETH,ETH,0.25,Concept,64,2456,202,True
Synth_ETH,ETH,0.25,Concept,65,2487,171,True
Synth_ETH,ETH,0.25,Concept,66,2517,141,True
Synth_ETH,ETH,0.25,Concept,67,2548,110,True
Synth_ETH,ETH,0.25,Concept,68,2578,80,True
Synth_ETH,ETH,0.25,Concept,69,2609,49,True
Synth_ETH,ETH,0.25,Concept,70,2640,34,True
Synth_ETH,ETH,0.25,Concept,71,2668,265,True
Synth_ETH,ETH,0.25,Eco,0,507,296,True
Synth_ETH,ETH,0.25,Eco,1,537,281,True
Synth_ETH,ETH,0.25,Eco,2,568,235,True
Synth_ETH,ETH,0.25,Eco,3,598,224,True
Synth_ETH,ETH,0.25,Eco,4,629,190,True
Synth_ETH,ETH,0.25,Eco,5,660,164,True
Synth_ETH,ETH,0.25,Eco,6,690,159,True
Synth_ETH,ETH,0.25,Eco,7,721,128,True
Synth_ETH,ETH,0.25,Eco,8,751,101,True
Synth_ETH,ETH,0.25,Eco,9,782,230,True
Synth_ETH,ETH,0.25,Eco,10,813,307,True
Synth_ETH,ETH,0.25,Eco,11,842,284,True
Synth_ETH,ETH,0.25,Eco,12,873,254,True
Synth_ETH,ETH,0.25,Eco,13,903,225,True
Synth_ETH,ETH,0.25,Eco,14,934,194,True
Synth_ETH,ETH,0.25,Eco,15,964,164,True
Synth_ETH,ETH,0.25,Eco,16,995,146,True
Synth_ETH,ETH,0.25,Eco,17,1026,147,True
Synth_ETH,ETH,0.25,Eco,18,1056,121,True
Synth_ETH,ETH,0.25,Eco,19,1087,91,True
Synth_ETH,ETH,0.25,Eco,20,1117,68,True
Synth_ETH,ETH,0.25,Eco,21,1148,179,True
Synth_ETH,ETH,0.25,Eco,22,1179,154,True
Synth_ETH,ETH,0.25,Eco,23,1207,171,True
Synth_ETH,ETH,0.25,Eco,24,1238,165,True
Synth_ETH,ETH,0.25,Eco,25,1268,148,True
Synth_ETH,ETH,0.25,Eco,26,1299,117,True
Synth_ETH,ETH,0.25,Eco,27,1329,136,True
Synth_ETH,ETH,0.25,Eco,28,1360,163,True
Synth_ETH,ETH,0.25,Eco,29,1391,416,True
Synth_ETH,ETH,0.25,Eco,30,1421,-1,False
Synth_ETH,ETH,0.25,Eco,31,1452,-1,False
Synth_ETH,ETH,0.25,Eco,32,1482,-1,False
Synth_ETH,ETH,0.25,Eco,33,1513,-1,False
Synth_ETH,ETH,0.25,Eco,34,1544,-1,False
Synth_ETH,ETH,0.25,Eco,35,1572,-1,False
Synth_ETH,ETH,0.25,Eco,36,1603,-1,False
Synth_ETH,ETH,0.25,Eco,37,1633,312,True
Synth_ETH,ETH,0.25,Eco,38,1664,274,True
Synth_ETH,ETH,0.25,Eco,39,1694,212,True
Synth_ETH,ETH,0.25,Eco,40,1725,176,True
Synth_ETH,ETH,0.25,Eco,41,1756,150,True
Synth_ETH,ETH,0.25,Eco,42,1786,154,True
Synth_ETH,ETH,0.25,Eco,43,1817,228,True
Synth_ETH,ETH,0.25,Eco,44,1847,196,True
Synth_ETH,ETH,0.25,Eco,45,1878,209,True
Synth_ETH,ETH,0.25,Eco,46,1909,223,True
Synth_ETH,ETH,0.25,Eco,47,1937,199,True
Synth_ETH,ETH,0.25,Eco,48,1968,164,True
Synth_ETH,ETH,0.25,Eco,49,1998,134,True
Synth_ETH,ETH,0.25,Eco,50,2029,107,True
Synth_ETH,ETH,0.25,Eco,51,2059,120,True
Synth_ETH,ETH,0.25,Eco,52,2090,102,True
Synth_ETH,ETH,0.25,Eco,53,2121,107,True
Synth_ETH,ETH,0.25,Eco,54,2151,105,True
Synth_ETH,ETH,0.25,Eco,55,2182,170,True
Synth_ETH,ETH,0.25,Eco,56,2212,212,True
Synth_ETH,ETH,0.25,Eco,57,2243,413,True
Synth_ETH,ETH,0.25,Eco,58,2274,398,True
Synth_ETH,ETH,0.25,Eco,59,2303,331,True
Synth_ETH,ETH,0.25,Eco,60,2334,300,True
Synth_ETH,ETH,0.25,Eco,61,2364,331,True
Synth_ETH,ETH,0.25,Eco,62,2395,293,True
Synth_ETH,ETH,0.25,Eco,63,2425,265,True
Synth_ETH,ETH,0.25,Eco,64,2456,218,True
Synth_ETH,ETH,0.25,Eco,65,2487,198,True
Synth_ETH,ETH,0.25,Eco,66,2517,156,True
Synth_ETH,ETH,0.25,Eco,67,2548,122,True
Synth_ETH,ETH,0.25,Eco,68,2578,130,True
Synth_ETH,ETH,0.25,Eco,69,2609,108,True
Synth_ETH,ETH,0.25,Eco,70,2640,148,True
Synth_ETH,ETH,0.25,Eco,71,2668,171,True
Synth_ETH,ETH,0.34999999999999998,Concept,0,507,174,True
Synth_ETH,ETH,0.34999999999999998,Concept,1,537,144,True
Synth_ETH,ETH,0.34999999999999998,Concept,2,568,113,True
Synth_ETH,ETH,0.34999999999999998,Concept,3,598,83,True
Synth_ETH,ETH,0.34999999999999998,Concept,4,629,52,True
Synth_ETH,ETH,0.34999999999999998,Concept,5,660,39,True
Synth_ETH,ETH,0.34999999999999998,Concept,6,690,53,True
Synth_ETH,ETH,0.34999999999999998,Concept,7,721,44,True
Synth_ETH,ETH,0.34999999999999998,Concept,8,751,24,True
Synth_ETH,ETH,0.34999999999999998,Concept,9,782,42,True
Synth_ETH,ETH,0.34999999999999998,Concept,10,813,102,True
Synth_ETH,ETH,0.34999999999999998,Concept,11,842,73,True
Synth_ETH,ETH,0.34999999999999998,Concept,12,873,43,True
Synth_ETH,ETH,0.34999999999999998,Concept,13,903,106,True
Synth_ETH,ETH,0.34999999999999998,Concept,14,934,75,True
Synth_ETH,ETH,0.34999999999999998,Concept,15,964,44,True
Synth_ETH,ETH,0.34999999999999998,Concept,16,995,68,True
Synth_ETH,ETH,0.34999999999999998,Concept,17,1026,109,True
Synth_ETH,ETH,0.34999999999999998,Concept,18,1056,79,True
Synth_ETH,ETH,0.34999999999999998,Concept,19,1087,48,True
Synth_ETH,ETH,0.34999999999999998,Concept,20,1117,61,True
Synth_ETH,ETH,0.34999999999999998,Concept,21,1148,36,True
Synth_ETH,ETH,0.34999999999999998,Concept,22,1179,88,True
Synth_ETH,ETH,0.34999999999999998,Concept,23,1207,61,True
Synth_ETH,ETH,0.34999999999999998,Concept,24,1238,100,True
Synth_ETH,ETH,0.34999999999999998,Concept,25,1268,70,True
Synth_ETH,ETH,0.34999999999999998,Concept,26,1299,39,True
Synth_ETH,ETH,0.34999999999999998,Concept,27,1329,51,True
Synth_ETH,ETH,0.34999999999999998,Concept,28,1360,64,True
Synth_ETH,ETH,0.34999999999999998,Concept,29,1391,62,True
Synth_ETH,ETH,0.34999999999999998,Concept,30,1421,35,True
Synth_ETH,ETH,0.34999999999999998,Concept,31,1452,340,True
Synth_ETH,ETH,0.34999999999999998,Concept,32,1482,310,True
Synth_ETH,ETH,0.34999999999999998,Concept,33,1513,101,True
Synth_ETH,ETH,0.34999999999999998,Concept,34,1544,70,True
Synth_ETH,ETH,0.34999999999999998,Concept,35,1572,50,True
Synth_ETH,ETH,0.34999999999999998,Concept,36,1603,189,True
Synth_ETH,ETH,0.34999999999999998,Concept,37,1633,112,True
Synth_ETH,ETH,0.34999999999999998,Concept,38,1664,65,True
Synth_ETH,ETH,0.34999999999999998,Concept,39,1694,62,True
Synth_ETH,ETH,0.34999999999999998,Concept,40,1725,54,True
Synth_ETH,ETH,0.34999999999999998,Concept,41,1756,39,True
Synth_ETH,ETH,0.34999999999999998,Concept,42,1786,22,True
Synth_ETH,ETH,0.34999999999999998,Concept,43,1817,46,True
Synth_ETH,ETH,0.34999999999999998,Concept,44,1847,27,True
Synth_ETH,ETH,0.34999999999999998,Concept,45,1878,29,True
Synth_ETH,ETH,0.34999999999999998,Concept,46,1909,36,True
Synth_ETH,ETH,0.34999999999999998,Concept,47,1937,69,True
Synth_ETH,ETH,0.34999999999999998,Concept,48,1968,77,True
Synth_ETH,ETH,0.34999999999999998,Concept,49,1998,90,True
Synth_ETH,ETH,0.34999999999999998,Concept,50,2029,73,True
Synth_ETH,ETH,0.34999999999999998,Concept,51,2059,47,True
Synth_ETH,ETH,0.34999999999999998,Concept,52,2090,26,True
Synth_ETH,ETH,0.34999999999999998,Concept,53,2121,59,True
Synth_ETH,ETH,0.34999999999999998,Concept,54,2151,31,True
Synth_ETH,ETH,0.34999999999999998,Concept,55,2182,46,True
Synth_ETH,ETH,0.34999999999999998,Concept,56,2212,164,True
Synth_ETH,ETH,0.34999999999999998,Concept,57,2243,133,True
Synth_ETH,ETH,0.34999999999999998,Concept,58,2274,102,True
Synth_ETH,ETH,0.34999999999999998,Concept,59,2303,80,True
Synth_ETH,ETH,0.34999999999999998,Concept,60,2334,49,True
Synth_ETH,ETH,0.34999999999999998,Concept,61,2364,53,True
Synth_ETH,ETH,0.34999999999999998,Concept,62,2395,31,True
Synth_ETH,ETH,0.34999999999999998,Concept,63,2425,208,True
Synth_ETH,ETH,0.34999999999999998,Concept,64,2456,177,True
Synth_ETH,ETH,0.34999999999999998,Concept,65,2487,146,True
Synth_ETH,ETH,0.34999999999999998,Concept,66,2517,116,True
Synth_ETH,ETH,0.34999999999999998,Concept,67,2548,86,True
Synth_ETH,ETH,0.34999999999999998,Concept,68,2578,79,True
Synth_ETH,ETH,0.34999999999999998,Concept,69,2609,49,True
Synth_ETH,ETH,0.34999999999999998,Concept,70,2640,34,True
Synth_ETH,ETH,0.34999999999999998,Concept,71,2668,56,True
Synth_ETH,ETH,0.34999999999999998,Eco,0,507,260,True
Synth_ETH,ETH,0.34999999999999998,Eco,1,537,237,True
Synth_ETH,ETH,0.34999999999999998,Eco,2,568,205,True
Synth_ETH,ETH,0.34999999999999998,Eco,3,598,178,True
Synth_ETH,ETH,0.34999999999999998,Eco,4,629,146,True
Synth_ETH,ETH,0.34999999999999998,Eco,5,660,122,True
Synth_ETH,ETH,0.34999999999999998,Eco,6,690,113,True
Synth_ETH,ETH,0.34999999999999998,Eco,7,721,98,True
Synth_ETH,ETH,0.34999999999999998,Eco,8,751,73,True
Synth_ETH,ETH,0.34999999999999998,Eco,9,782,130,True
Synth_ETH,ETH,0.34999999999999998,Eco,10,813,165,True
Synth_ETH,ETH,0.34999999999999998,Eco,11,842,164,True
Synth_ETH,ETH,0.34999999999999998,Eco,12,873,140,True
Synth_ETH,ETH,0.34999999999999998,Eco,13,903,165,True
Synth_ETH,ETH,0.34999999999999998,Eco,14,934,160,True
Synth_ETH,ETH,0.34999999999999998,Eco,15,964,130,True
Synth_ETH,ETH,0.34999999999999998,Eco,16,995,129,True
Synth_ETH,ETH,0.34999999999999998,Eco,17,1026,108,True
Synth_ETH,ETH,0.34999999999999998,Eco,18,1056,91,True
Synth_ETH,ETH,0.34999999999999998,Eco,19,1087,64,True
Synth_ETH,ETH,0.34999999999999998,Eco,20,1117,61,True
Synth_ETH,ETH,0.34999999999999998,Eco,21,1148,119,True
Synth_ETH,ETH,0.34999999999999998,Eco,22,1179,125,True
Synth_ETH,ETH,0.34999999999999998,Eco,23,1207,124,True
Synth_ETH,ETH,0.34999999999999998,Eco,24,1238,119,True
Synth_ETH,ETH,0.34999999999999998,Eco,25,1268,109,True
Synth_ETH,ETH,0.34999999999999998,Eco,26,1299,92,True
Synth_ETH,ETH,0.34999999999999998,Eco,27,1329,101,True
Synth_ETH,ETH,0.34999999999999998,Eco,28,1360,92,True
Synth_ETH,ETH,0.34999999999999998,Eco,29,1391,128,True
Synth_ETH,ETH,0.34999999999999998,Eco,30,1421,185,True
Synth_ETH,ETH,0.34999999999999998,Eco,31,1452,331,True
Synth_ETH,ETH,0.34999999999999998,Eco,32,1482,303,True
Synth_ETH,ETH,0.34999999999999998,Eco,33,1513,286,True
Synth_ETH,ETH,0.34999999999999998,Eco,34,1544,265,True
Synth_ETH,ETH,0.34999999999999998,Eco,35,1572,308,True
Synth_ETH,ETH,0.34999999999999998,Eco,36,1603,286,True
Synth_ETH,ETH,0.34999999999999998,Eco,37,1633,243,True
Synth_ETH,ETH,0.34999999999999998,Eco,38,1664,201,True
Synth_ETH,ETH,0.34999999999999998,Eco,39,1694,168,True
Synth_ETH,ETH,0.34999999999999998,Eco,40,1725,138,True
Synth_ETH,ETH,0.34999999999999998,Eco,41,1756,120,True
Synth_ETH,ETH,0.34999999999999998,Eco,42,1786,115,True
Synth_ETH,ETH,0.34999999999999998,Eco,43,1817,115,True
Synth_ETH,ETH,0.34999999999999998,Eco,44,1847,87,True
Synth_ETH,ETH,0.34999999999999998,Eco,45,1878,157,True
Synth_ETH,ETH,0.34999999999999998,Eco,46,1909,162,True
Synth_ETH,ETH,0.34999999999999998,Eco,47,1937,156,True
Synth_ETH,ETH,0.34999999999999998,Eco,48,1968,124,True
Synth_ETH,ETH,0.34999999999999998,Eco,49,1998,108,True
Synth_ETH,ETH,0.34999999999999998,Eco,50,2029,84,True
Synth_ETH,ETH,0.34999999999999998,Eco,51,2059,86,True
Synth_ETH,ETH,0.34999999999999998,Eco,52,2090,89,True
Synth_ETH,ETH,0.34999999999999998,Eco,53,2121,78,True
Synth_ETH,ETH,0.34999999999999998,Eco,54,2151,88,True
Synth_ETH,ETH,0.34999999999999998,Eco,55,2182,110,True
Synth_ETH,ETH,0.34999999999999998,Eco,56,2212,140,True
Synth_ETH,ETH,0.34999999999999998,Eco,57,2243,141,True
Synth_ETH,ETH,0.34999999999999998,Eco,58,2274,145,True
Synth_ETH,ETH,0.34999999999999998,Eco,59,2303,123,True
Synth_ETH,ETH,0.34999999999999998,Eco,60,2334,92,True
Synth_ETH,ETH,0.34999999999999998,Eco,61,2364,254,True
Synth_ETH,ETH,0.34999999999999998,Eco,62,2395,234,True
Synth_ETH,ETH,0.34999999999999998,Eco,63,2425,207,True
Synth_ETH,ETH,0.34999999999999998,Eco,64,2456,171,True
Synth_ETH,ETH,0.34999999999999998,Eco,65,2487,146,True
Synth_ETH,ETH,0.34999999999999998,Eco,66,2517,119,True
Synth_ETH,ETH,0.34999999999999998,Eco,67,2548,85,True
Synth_ETH,ETH,0.34999999999999998,Eco,68,2578,107,True
Synth_ETH,ETH,0.34999999999999998,Eco,69,2609,88,True
Synth_ETH,ETH,0.34999999999999998,Eco,70,2640,88,True
Synth_ETH,ETH,0.34999999999999998,Eco,71,2668,104,True
Synth_ETH,ETH,0.5,Concept,0,507,36,True
Synth_ETH,ETH,0.5,Concept,1,537,70,True
Synth_ETH,ETH,0.5,Concept,2,568,41,True
Synth_ETH,ETH,0.5,Concept,3,598,75,True
Synth_ETH,ETH,0.5,Concept,4,629,44,True
Synth_ETH,ETH,0.5,Concept,5,660,21,True
Synth_ETH,ETH,0.5,Concept,6,690,53,True
Synth_ETH,ETH,0.5,Concept,7,721,44,True
Synth_ETH,ETH,0.5,Concept,8,751,24,True
Synth_ETH,ETH,0.5,Concept,9,782,36,True
Synth_ETH,ETH,0.5,Concept,10,813,85,True
Synth_ETH,ETH,0.5,Concept,11,842,61,True
Synth_ETH,ETH,0.5,Concept,12,873,43,True
Synth_ETH,ETH,0.5,Concept,13,903,98,True
Synth_ETH,ETH,0.5,Concept,14,934,71,True
Synth_ETH,ETH,0.5,Concept,15,964,42,True
Synth_ETH,ETH,0.5,Concept,16,995,19,True
Synth_ETH,ETH,0.5,Concept,17,1026,94,True
Synth_ETH,ETH,0.5,Concept,18,1056,76,True
Synth_ETH,ETH,0.5,Concept,19,1087,46,True
Synth_ETH,ETH,0.5,Concept,20,1117,49,True
Synth_ETH,ETH,0.5,Concept,21,1148,31,True
Synth_ETH,ETH,0.5,Concept,22,1179,16,True
Synth_ETH,ETH,0.5,Concept,23,1207,31,True
Synth_ETH,ETH,0.5,Concept,24,1238,60,True
Synth_ETH,ETH,0.5,Concept,25,1268,46,True
Synth_ETH,ETH,0.5,Concept,26,1299,32,True
Synth_ETH,ETH,0.5,Concept,27,1329,44,True
Synth_ETH,ETH,0.5,Concept,28,1360,32,True
Synth_ETH,ETH,0.5,Concept,29,1391,53,True
Synth_ETH,ETH,0.5,Concept,30,1421,35,True
Synth_ETH,ETH,0.5,Concept,31,1452,50,True
Synth_ETH,ETH,0.5,Concept,32,1482,20,True
Synth_ETH,ETH,0.5,Concept,33,1513,60,True
Synth_ETH,ETH,0.5,Concept,34,1544,29,True
Synth_ETH,ETH,0.5,Concept,35,1572,42,True
Synth_ETH,ETH,0.5,Concept,36,1603,45,True
Synth_ETH,ETH,0.5,Concept,37,1633,89,True
Synth_ETH,ETH,0.5,Concept,38,1664,58,True
Synth_ETH,ETH,0.5,Concept,39,1694,52,True
Synth_ETH,ETH,0.5,Concept,40,1725,32,True
Synth_ETH,ETH,0.5,Concept,41,1756,36,True
Synth_ETH,ETH,0.5,Concept,42,1786,22,True
Synth_ETH,ETH,0.5,Concept,43,1817,43,True
Synth_ETH,ETH,0.5,Concept,44,1847,21,True
Synth_ETH,ETH,0.5,Concept,45,1878,29,True
Synth_ETH,ETH,0.5,Concept,46,1909,34,True
Synth_ETH,ETH,0.5,Concept,47,1937,49,True
Synth_ETH,ETH,0.5,Concept,48,1968,37,True
Synth_ETH,ETH,0.5,Concept,49,1998,43,True
Synth_ETH,ETH,0.5,Concept,50,2029,16,True
Synth_ETH,ETH,0.5,Concept,51,2059,28,True
Synth_ETH,ETH,0.5,Concept,52,2090,23,True
Synth_ETH,ETH,0.5,Concept,53,2121,46,True
Synth_ETH,ETH,0.5,Concept,54,2151,26,True
Synth_ETH,ETH,0.5,Concept,55,2182,41,True
Synth_ETH,ETH,0.5,Concept,56,2212,43,True
Synth_ETH,ETH,0.5,Concept,57,2243,65,True
Synth_ETH,ETH,0.5,Concept,58,2274,34,True
Synth_ETH,ETH,0.5,Concept,59,2303,67,True
Synth_ETH,ETH,0.5,Concept,60,2334,36,True
Synth_ETH,ETH,0.5,Concept,61,2364,41,True
Synth_ETH,ETH,0.5,Concept,62,2395,27,True
Synth_ETH,ETH,0.5,Concept,63,2425,78,True
Synth_ETH,ETH,0.5,Concept,64,2456,47,True
Synth_ETH,ETH,0.5,Concept,65,2487,78,True
Synth_ETH,ETH,0.5,Concept,66,2517,53,True
Synth_ETH,ETH,0.5,Concept,67,2548,51,True
Synth_ETH,ETH,0.5,Concept,68,2578,54,True
Synth_ETH,ETH,0.5,Concept,69,2609,23,True
Synth_ETH,ETH,0.5,Concept,70,2640,34,True
Synth_ETH,ETH,0.5,Concept,71,2668,39,True
Synth_ETH,ETH,0.5,Eco,0,507,152,True
Synth_ETH,ETH,0.5,Eco,1,537,144,True
Synth_ETH,ETH,0.5,Eco,2,568,122,True
Synth_ETH,ETH,0.5,Eco,3,598,133,True
Synth_ETH,ETH,0.5,Eco,4,629,102,True
Synth_ETH,ETH,0.5,Eco,5,660,106,True
Synth_ETH,ETH,0.5,Eco,6,690,86,True
Synth_ETH,ETH,0.5,Eco,7,721,73,True
Synth_ETH,ETH,0.5,Eco,8,751,60,True
Synth_ETH,ETH,0.5,Eco,9,782,67,True
Synth_ETH,ETH,0.5,Eco,10,813,87,True
Synth_ETH,ETH,0.5,Eco,11,842,91,True
Synth_ETH,ETH,0.5,Eco,12,873,104,True
Synth_ETH,ETH,0.5,Eco,13,903,103,True
Synth_ETH,ETH,0.5,Eco,14,934,100,True
Synth_ETH,ETH,0.5,Eco,15,964,89,True
Synth_ETH,ETH,0.5,Eco,16,995,97,True
Synth_ETH,ETH,0.5,Eco,17,1026,97,True
Synth_ETH,ETH,0.5,Eco,18,1056,72,True
Synth_ETH,ETH,0.5,Eco,19,1087,54,True
Synth_ETH,ETH,0.5,Eco,20,1117,52,True
Synth_ETH,ETH,0.5,Eco,21,1148,80,True
Synth_ETH,ETH,0.5,Eco,22,1179,82,True
Synth_ETH,ETH,0.5,Eco,23,1207,96,True
Synth_ETH,ETH,0.5,Eco,24,1238,89,True
Synth_ETH,ETH,0.5,Eco,25,1268,79,True
Synth_ETH,ETH,0.5,Eco,26,1299,70,True
Synth_ETH,ETH,0.5,Eco,27,1329,77,True
Synth_ETH,ETH,0.5,Eco,28,1360,70,True
Synth_ETH,ETH,0.5,Eco,29,1391,65,True
Synth_ETH,ETH,0.5,Eco,30,1421,101,True
Synth_ETH,ETH,0.5,Eco,31,1452,114,True
Synth_ETH,ETH,0.5,Eco,32,1482,97,True
Synth_ETH,ETH,0.5,Eco,33,1513,105,True
Synth_ETH,ETH,0.5,Eco,34,1544,139,True
Synth_ETH,ETH,0.5,Eco,35,1572,190,True
Synth_ETH,ETH,0.5,Eco,36,1603,179,True
Synth_ETH,ETH,0.5,Eco,37,1633,152,True
Synth_ETH,ETH,0.5,Eco,38,1664,119,True
Synth_ETH,ETH,0.5,Eco,39,1694,101,True
Synth_ETH,ETH,0.5,Eco,40,1725,75,True
Synth_ETH,ETH,0.5,Eco,41,1756,88,True
Synth_ETH,ETH,0.5,Eco,42,1786,86,True
Synth_ETH,ETH,0.5,Eco,43,1817,82,True
Synth_ETH,ETH,0.5,Eco,44,1847,62,True
Synth_ETH,ETH,0.5,Eco,45,1878,62,True
Synth_ETH,ETH,0.5,Eco,46,1909,121,True
Synth_ETH,ETH,0.5,Eco,47,1937,107,True
Synth_ETH,ETH,0.5,Eco,48,1968,92,True
Synth_ETH,ETH,0.5,Eco,49,1998,83,True
Synth_ETH,ETH,0.5,Eco,50,2029,63,True
Synth_ETH,ETH,0.5,Eco,51,2059,68,True
Synth_ETH,ETH,0.5,Eco,52,2090,67,True
Synth_ETH,ETH,0.5,Eco,53,2121,60,True
Synth_ETH,ETH,0.5,Eco,54,2151,59,True
Synth_ETH,ETH,0.5,Eco,55,2182,71,True
Synth_ETH,ETH,0.5,Eco,56,2212,93,True
Synth_ETH,ETH,0.5,Eco,57,2243,107,True
Synth_ETH,ETH,0.5,Eco,58,2274,96,True
Synth_ETH,ETH,0.5,Eco,59,2303,80,True
Synth_ETH,ETH,0.5,Eco,60,2334,75,True
Synth_ETH,ETH,0.5,Eco,61,2364,135,True
Synth_ETH,ETH,0.5,Eco,62,2395,165,True
Synth_ETH,ETH,0.5,Eco,63,2425,160,True
Synth_ETH,ETH,0.5,Eco,64,2456,122,True
Synth_ETH,ETH,0.5,Eco,65,2487,104,True
Synth_ETH,ETH,0.5,Eco,66,2517,101,True
Synth_ETH,ETH,0.5,Eco,67,2548,74,True
Synth_ETH,ETH,0.5,Eco,68,2578,77,True
Synth_ETH,ETH,0.5,Eco,69,2609,70,True
Synth_ETH,ETH,0.5,Eco,70,2640,68,True
Synth_ETH,ETH,0.5,Eco,71,2668,64,True
Synth_ETH,ETH,0.59999999999999998,Concept,0,507,36,True
Synth_ETH,ETH,0.59999999999999998,Concept,1,537,45,True
Synth_ETH,ETH,0.59999999999999998,Concept,2,568,36,True
Synth_ETH,ETH,0.59999999999999998,Concept,3,598,65,True
Synth_ETH,ETH,0.59999999999999998,Concept,4,629,34,True
Synth_ETH,ETH,0.59999999999999998,Concept,5,660,21,True
Synth_ETH,ETH,0.59999999999999998,Concept,6,690,44,True
Synth_ETH,ETH,0.59999999999999998,Concept,7,721,22,True
Synth_ETH,ETH,0.59999999999999998,Concept,8,751,24,True
Synth_ETH,ETH,0.59999999999999998,Concept,9,782,29,True
Synth_ETH,ETH,0.59999999999999998,Concept,10,813,40,True
Synth_ETH,ETH,0.59999999999999998,Concept,11,842,61,True
Synth_ETH,ETH,0.59999999999999998,Concept,12,873,43,True
Synth_ETH,ETH,0.59999999999999998,Concept,13,903,41,True
Synth_ETH,ETH,0.59999999999999998,Concept,14,934,71,True
Synth_ETH,ETH,0.59999999999999998,Concept,15,964,42,True
Synth_ETH,ETH,0.59999999999999998,Concept,16,995,19,True
Synth_ETH,ETH,0.59999999999999998,Concept,17,1026,49,True
Synth_ETH,ETH,0.59999999999999998,Concept,18,1056,63,True
Synth_ETH,ETH,0.59999999999999998,Concept,19,1087,41,True
Synth_ETH,ETH,0.59999999999999998,Concept,20,1117,21,True
Synth_ETH,ETH,0.59999999999999998,Concept,21,1148,31,True
Synth_ETH,ETH,0.59999999999999998,Concept,22,1179,16,True
Synth_ETH,ETH,0.59999999999999998,Concept,23,1207,31,True
Synth_ETH,ETH,0.59999999999999998,Concept,24,1238,30,True
Synth_ETH,ETH,0.59999999999999998,Concept,25,1268,41,True
Synth_ETH,ETH,0.59999999999999998,Concept,26,1299,32,True
Synth_ETH,ETH,0.59999999999999998,Concept,27,1329,34,True
Synth_ETH,ETH,0.59999999999999998,Concept,28,1360,28,True
Synth_ETH,ETH,0.59999999999999998,Concept,29,1391,34,True
Synth_ETH,ETH,0.59999999999999998,Concept,30,1421,31,True
Synth_ETH,ETH,0.59999999999999998,Concept,31,1452,44,True
Synth_ETH,ETH,0.59999999999999998,Concept,32,1482,20,True
Synth_ETH,ETH,0.59999999999999998,Concept,33,1513,46,True
Synth_ETH,ETH,0.59999999999999998,Concept,34,1544,29,True
Synth_ETH,ETH,0.59999999999999998,Concept,35,1572,42,True
Synth_ETH,ETH,0.59999999999999998,Concept,36,1603,20,True
Synth_ETH,ETH,0.59999999999999998,Concept,37,1633,54,True
Synth_ETH,ETH,0.59999999999999998,Concept,38,1664,49,True
Synth_ETH,ETH,0.59999999999999998,Concept,39,1694,35,True
Synth_ETH,ETH,0.59999999999999998,Concept,40,1725,30,True
Synth_ETH,ETH,0.59999999999999998,Concept,41,1756,36,True
Synth_ETH,ETH,0.59999999999999998,Concept,42,1786,19,True
Synth_ETH,ETH,0.59999999999999998,Concept,43,1817,30,True
Synth_ETH,ETH,0.59999999999999998,Concept,44,1847,21,True
Synth_ETH,ETH,0.59999999999999998,Concept,45,1878,26,True
Synth_ETH,ETH,0.59999999999999998,Concept,46,1909,32,True
Synth_ETH,ETH,0.59999999999999998,Concept,47,1937,46,True
Synth_ETH,ETH,0.59999999999999998,Concept,48,1968,37,True
Synth_ETH,ETH,0.59999999999999998,Concept,49,1998,39,True
Synth_ETH,ETH,0.59999999999999998,Concept,50,2029,16,True
Synth_ETH,ETH,0.59999999999999998,Concept,51,2059,28,True
Synth_ETH,ETH,0.59999999999999998,Concept,52,2090,23,True
Synth_ETH,ETH,0.59999999999999998,Concept,53,2121,46,True
Synth_ETH,ETH,0.59999999999999998,Concept,54,2151,23,True
Synth_ETH,ETH,0.59999999999999998,Concept,55,2182,31,True
Synth_ETH,ETH,0.59999999999999998,Concept,56,2212,33,True
Synth_ETH,ETH,0.59999999999999998,Concept,57,2243,62,True
Synth_ETH,ETH,0.59999999999999998,Concept,58,2274,34,True
Synth_ETH,ETH,0.59999999999999998,Concept,59,2303,67,True
Synth_ETH,ETH,0.59999999999999998,Concept,60,2334,34,True
Synth_ETH,ETH,0.59999999999999998,Concept,61,2364,26,True
Synth_ETH,ETH,0.59999999999999998,Concept,62,2395,27,True
Synth_ETH,ETH,0.59999999999999998,Concept,63,2425,69,True
Synth_ETH,ETH,0.59999999999999998,Concept,64,2456,43,True
Synth_ETH,ETH,0.59999999999999998,Concept,65,2487,18,True
Synth_ETH,ETH,0.59999999999999998,Concept,66,2517,53,True
Synth_ETH,ETH,0.59999999999999998,Concept,67,2548,41,True
Synth_ETH,ETH,0.59999999999999998,Concept,68,2578,49,True
Synth_ETH,ETH,0.59999999999999998,Concept,69,2609,23,True
Synth_ETH,ETH,0.59999999999999998,Concept,70,2640,34,True
Synth_ETH,ETH,0.59999999999999998,Concept,71,2668,31,True
Synth_ETH,ETH,0.59999999999999998,Eco,0,507,92,True
Synth_ETH,ETH,0.59999999999999998,Eco,1,537,122,True
Synth_ETH,ETH,0.59999999999999998,Eco,2,568,94,True
Synth_ETH,ETH,0.59999999999999998,Eco,3,598,100,True
Synth_ETH,ETH,0.59999999999999998,Eco,4,629,70,True
Synth_ETH,ETH,0.59999999999999998,Eco,5,660,78,True
Synth_ETH,ETH,0.59999999999999998,Eco,6,690,78,True
Synth_ETH,ETH,0.59999999999999998,Eco,7,721,59,True
Synth_ETH,ETH,0.59999999999999998,Eco,8,751,49,True
Synth_ETH,ETH,0.59999999999999998,Eco,9,782,59,True
Synth_ETH,ETH,0.59999999999999998,Eco,10,813,63,True
Synth_ETH,ETH,0.59999999999999998,Eco,11,842,72,True
Synth_ETH,ETH,0.59999999999999998,Eco,12,873,70,True
Synth_ETH,ETH,0.59999999999999998,Eco,13,903,90,True
Synth_ETH,ETH,0.59999999999999998,Eco,14,934,77,True
Synth_ETH,ETH,0.59999999999999998,Eco,15,964,59,True
Synth_ETH,ETH,0.59999999999999998,Eco,16,995,69,True
Synth_ETH,ETH,0.59999999999999998,Eco,17,1026,87,True
Synth_ETH,ETH,0.59999999999999998,Eco,18,1056,68,True
Synth_ETH,ETH,0.59999999999999998,Eco,19,1087,45,True
Synth_ETH,ETH,0.59999999999999998,Eco,20,1117,47,True
Synth_ETH,ETH,0.59999999999999998,Eco,21,1148,71,True
Synth_ETH,ETH,0.59999999999999998,Eco,22,1179,65,True
Synth_ETH,ETH,0.59999999999999998,Eco,23,1207,77,True
Synth_ETH,ETH,0.59999999999999998,Eco,24,1238,74,True
Synth_ETH,ETH,0.59999999999999998,Eco,25,1268,64,True
Synth_ETH,ETH,0.59999999999999998,Eco,26,1299,57,True
Synth_ETH,ETH,0.59999999999999998,Eco,27,1329,71,True
Synth_ETH,ETH,0.59999999999999998,Eco,28,1360,57,True
Synth_ETH,ETH,0.59999999999999998,Eco,29,1391,60,True
Synth_ETH,ETH,0.59999999999999998,Eco,30,1421,83,True
Synth_ETH,ETH,0.59999999999999998,Eco,31,1452,82,True
Synth_ETH,ETH,0.59999999999999998,Eco,32,1482,81,True
Synth_ETH,ETH,0.59999999999999998,Eco,33,1513,88,True
Synth_ETH,ETH,0.59999999999999998,Eco,34,1544,77,True
Synth_ETH,ETH,0.59999999999999998,Eco,35,1572,114,True
Synth_ETH,ETH,0.59999999999999998,Eco,36,1603,137,True
Synth_ETH,ETH,0.59999999999999998,Eco,37,1633,139,True
Synth_ETH,ETH,0.59999999999999998,Eco,38,1664,107,True
Synth_ETH,ETH,0.59999999999999998,Eco,39,1694,86,True
Synth_ETH,ETH,0.59999999999999998,Eco,40,1725,66,True
Synth_ETH,ETH,0.59999999999999998,Eco,41,1756,55,True
Synth_ETH,ETH,0.59999999999999998,Eco,42,1786,75,True
Synth_ETH,ETH,0.59999999999999998,Eco,43,1817,71,True
Synth_ETH,ETH,0.59999999999999998,Eco,44,1847,54,True
Synth_ETH,ETH,0.59999999999999998,Eco,45,1878,56,True
Synth_ETH,ETH,0.59999999999999998,Eco,46,1909,87,True
Synth_ETH,ETH,0.59999999999999998,Eco,47,1937,98,True
Synth_ETH,ETH,0.59999999999999998,Eco,48,1968,78,True
Synth_ETH,ETH,0.59999999999999998,Eco,49,1998,66,True
Synth_ETH,ETH,0.59999999999999998,Eco,50,2029,57,True
Synth_ETH,ETH,0.59999999999999998,Eco,51,2059,58,True
Synth_ETH,ETH,0.59999999999999998,Eco,52,2090,54,True
Synth_ETH,ETH,0.59999999999999998,Eco,53,2121,57,True
Synth_ETH,ETH,0.59999999999999998,Eco,54,2151,56,True
Synth_ETH,ETH,0.59999999999999998,Eco,55,2182,59,True
Synth_ETH,ETH,0.59999999999999998,Eco,56,2212,75,True
Synth_ETH,ETH,0.59999999999999998,Eco,57,2243,97,True
Synth_ETH,ETH,0.59999999999999998,Eco,58,2274,78,True
Synth_ETH,ETH,0.59999999999999998,Eco,59,2303,67,True
Synth_ETH,ETH,0.59999999999999998,Eco,60,2334,57,True
Synth_ETH,ETH,0.59999999999999998,Eco,61,2364,70,True
Synth_ETH,ETH,0.59999999999999998,Eco,62,2395,106,True
Synth_ETH,ETH,0.59999999999999998,Eco,63,2425,135,True
Synth_ETH,ETH,0.59999999999999998,Eco,64,2456,109,True
Synth_ETH,ETH,0.59999999999999998,Eco,65,2487,85,True
Synth_ETH,ETH,0.59999999999999998,Eco,66,2517,79,True
Synth_ETH,ETH,0.59999999999999998,Eco,67,2548,59,True
Synth_ETH,ETH,0.59999999999999998,Eco,68,2578,61,True
Synth_ETH,ETH,0.59999999999999998,Eco,69,2609,61,True
Synth_ETH,ETH,0.59999999999999998,Eco,70,2640,61,True
Synth_ETH,ETH,0.59999999999999998,Eco,71,2668,54,True
Synth_ETH,ETH,0.75,Concept,0,507,31,True
Synth_ETH,ETH,0.75,Concept,1,537,36,True
Synth_ETH,ETH,0.75,Concept,2,568,19,True
Synth_ETH,ETH,0.75,Concept,3,598,61,True
Synth_ETH,ETH,0.75,Concept,4,629,32,True
Synth_ETH,ETH,0.75,Concept,5,660,21,True
Synth_ETH,ETH,0.75,Concept,6,690,31,True
Synth_ETH,ETH,0.75,Concept,7,721,22,True
Synth_ETH,ETH,0.75,Concept,8,751,22,True
Synth_ETH,ETH,0.75,Concept,9,782,21,True
Synth_ETH,ETH,0.75,Concept,10,813,28,True
Synth_ETH,ETH,0.75,Concept,11,842,31,True
Synth_ETH,ETH,0.75,Concept,12,873,31,True
Synth_ETH,ETH,0.75,Concept,13,903,29,True
Synth_ETH,ETH,0.75,Concept,14,934,61,True
Synth_ETH,ETH,0.75,Concept,15,964,38,True
Synth_ETH,ETH,0.75,Concept,16,995,16,True
Synth_ETH,ETH,0.75,Concept,17,1026,31,True
Synth_ETH,ETH,0.75,Concept,18,1056,31,True
Synth_ETH,ETH,0.75,Concept,19,1087,39,True
Synth_ETH,ETH,0.75,Concept,20,1117,16,True
Synth_ETH,ETH,0.75,Concept,21,1148,24,True
Synth_ETH,ETH,0.75,Concept,22,1179,16,True
Synth_ETH,ETH,0.75,Concept,23,1207,21,True
Synth_ETH,ETH,0.75,Concept,24,1238,30,True
Synth_ETH,ETH,0.75,Concept,25,1268,36,True
Synth_ETH,ETH,0.75,Concept,26,1299,30,True
Synth_ETH,ETH,0.75,Concept,27,1329,21,True
Synth_ETH,ETH,0.75,Concept,28,1360,28,True
Synth_ETH,ETH,0.75,Concept,29,1391,26,True
Synth_ETH,ETH,0.75,Concept,30,1421,21,True
Synth_ETH,ETH,0.75,Concept,31,1452,26,True
Synth_ETH,ETH,0.75,Concept,32,1482,18,True
Synth_ETH,ETH,0.75,Concept,33,1513,23,True
Synth_ETH,ETH,0.75,Concept,34,1544,16,True
Synth_ETH,ETH,0.75,Concept,35,1572,31,True
Synth_ETH,ETH,0.75,Concept,36,1603,18,True
Synth_ETH,ETH,0.75,Concept,37,1633,44,True
Synth_ETH,ETH,0.75,Concept,38,1664,21,True
Synth_ETH,ETH,0.75,Concept,39,1694,32,True
Synth_ETH,ETH,0.75,Concept,40,1725,27,True
Synth_ETH,ETH,0.75,Concept,41,1756,24,True
Synth_ETH,ETH,0.75,Concept,42,1786,19,True
Synth_ETH,ETH,0.75,Concept,43,1817,30,True
Synth_ETH,ETH,0.75,Concept,44,1847,21,True
Synth_ETH,ETH,0.75,Concept,45,1878,26,True
Synth_ETH,ETH,0.75,Concept,46,1909,24,True
Synth_ETH,ETH,0.75,Concept,47,1937,44,True
Synth_ETH,ETH,0.75,Concept,48,1968,35,True
Synth_ETH,ETH,0.75,Concept,49,1998,39,True
Synth_ETH,ETH,0.75,Concept,50,2029,16,True
Synth_ETH,ETH,0.75,Concept,51,2059,26,True
Synth_ETH,ETH,0.75,Concept,52,2090,21,True
Synth_ETH,ETH,0.75,Concept,53,2121,26,True
Synth_ETH,ETH,0.75,Concept,54,2151,18,True
Synth_ETH,ETH,0.75,Concept,55,2182,21,True
Synth_ETH,ETH,0.75,Concept,56,2212,33,True
Synth_ETH,ETH,0.75,Concept,57,2243,47,True
Synth_ETH,ETH,0.75,Concept,58,2274,31,True
Synth_ETH,ETH,0.75,Concept,59,2303,49,True
Synth_ETH,ETH,0.75,Concept,60,2334,34,True
Synth_ETH,ETH,0.75,Concept,61,2364,24,True
Synth_ETH,ETH,0.75,Concept,62,2395,20,True
Synth_ETH,ETH,0.75,Concept,63,2425,44,True
Synth_ETH,ETH,0.75,Concept,64,2456,38,True
Synth_ETH,ETH,0.75,Concept,65,2487,18,True
Synth_ETH,ETH,0.75,Concept,66,2517,51,True
Synth_ETH,ETH,0.75,Concept,67,2548,24,True
Synth_ETH,ETH,0.75,Concept,68,2578,49,True
Synth_ETH,ETH,0.75,Concept,69,2609,23,True
Synth_ETH,ETH,0.75,Concept,70,2640,29,True
Synth_ETH,ETH,0.75,Concept,71,2668,16,True
Synth_ETH,ETH,0.75,Eco,0,507,71,True
Synth_ETH,ETH,0.75,Eco,1,537,67,True
Synth_ETH,ETH,0.75,Eco,2,568,82,True
Synth_ETH,ETH,0.75,Eco,3,598,78,True
Synth_ETH,ETH,0.75,Eco,4,629,61,True
Synth_ETH,ETH,0.75,Eco,5,660,57,True
Synth_ETH,ETH,0.75,Eco,6,690,61,True
Synth_ETH,ETH,0.75,Eco,7,721,53,True
Synth_ETH,ETH,0.75,Eco,8,751,43,True
Synth_ETH,ETH,0.75,Eco,9,782,42,True
Synth_ETH,ETH,0.75,Eco,10,813,53,True
Synth_ETH,ETH,0.75,Eco,11,842,58,True
Synth_ETH,ETH,0.75,Eco,12,873,57,True
Synth_ETH,ETH,0.75,Eco,13,903,67,True
Synth_ETH,ETH,0.75,Eco,14,934,68,True
Synth_ETH,ETH,0.75,Eco,15,964,47,True
Synth_ETH,ETH,0.75,Eco,16,995,59,True
Synth_ETH,ETH,0.75,Eco,17,1026,66,True
Synth_ETH,ETH,0.75,Eco,18,1056,61,True
Synth_ETH,ETH,0.75,Eco,19,1087,41,True
Synth_ETH,ETH,0.75,Eco,20,1117,33,True
Synth_ETH,ETH,0.75,Eco,21,1148,51,True
Synth_ETH,ETH,0.75,Eco,22,1179,50,True
Synth_ETH,ETH,0.75,Eco,23,1207,59,True
Synth_ETH,ETH,0.75,Eco,24,1238,65,True
Synth_ETH,ETH,0.75,Eco,25,1268,59,True
Synth_ETH,ETH,0.75,Eco,26,1299,44,True
Synth_ETH,ETH,0.75,Eco,27,1329,50,True
Synth_ETH,ETH,0.75,Eco,28,1360,52,True
Synth_ETH,ETH,0.75,Eco,29,1391,50,True
Synth_ETH,ETH,0.75,Eco,30,1421,58,True
Synth_ETH,ETH,0.75,Eco,31,1452,65,True
Synth_ETH,ETH,0.75,Eco,32,1482,67,True
Synth_ETH,ETH,0.75,Eco,33,1513,59,True
Synth_ETH,ETH,0.75,Eco,34,1544,59,True
Synth_ETH,ETH,0.75,Eco,35,1572,71,True
Synth_ETH,ETH,0.75,Eco,36,1603,81,True
Synth_ETH,ETH,0.75,Eco,37,1633,96,True
Synth_ETH,ETH,0.75,Eco,38,1664,77,True
Synth_ETH,ETH,0.75,Eco,39,1694,75,True
Synth_ETH,ETH,0.75,Eco,40,1725,55,True
Synth_ETH,ETH,0.75,Eco,41,1756,48,True
Synth_ETH,ETH,0.75,Eco,42,1786,60,True
Synth_ETH,ETH,0.75,Eco,43,1817,58,True
Synth_ETH,ETH,0.75,Eco,44,1847,50,True
Synth_ETH,ETH,0.75,Eco,45,1878,50,True
Synth_ETH,ETH,0.75,Eco,46,1909,59,True
Synth_ETH,ETH,0.75,Eco,47,1937,69,True
Synth_ETH,ETH,0.75,Eco,48,1968,69,True
Synth_ETH,ETH,0.75,Eco,49,1998,55,True
Synth_ETH,ETH,0.75,Eco,50,2029,50,True
Synth_ETH,ETH,0.75,Eco,51,2059,48,True
Synth_ETH,ETH,0.75,Eco,52,2090,46,True
Synth_ETH,ETH,0.75,Eco,53,2121,52,True
Synth_ETH,ETH,0.75,Eco,54,2151,44,True
Synth_ETH,ETH,0.75,Eco,55,2182,48,True
Synth_ETH,ETH,0.75,Eco,56,2212,45,True
Synth_ETH,ETH,0.75,Eco,57,2243,62,True
Synth_ETH,ETH,0.75,Eco,58,2274,70,True
Synth_ETH,ETH,0.75,Eco,59,2303,49,True
Synth_ETH,ETH,0.75,Eco,60,2334,45,True
Synth_ETH,ETH,0.75,Eco,61,2364,55,True
Synth_ETH,ETH,0.75,Eco,62,2395,74,True
Synth_ETH,ETH,0.75,Eco,63,2425,85,True
Synth_ETH,ETH,0.75,Eco,64,2456,85,True
Synth_ETH,ETH,0.75,Eco,65,2487,73,True
Synth_ETH,ETH,0.75,Eco,66,2517,64,True
Synth_ETH,ETH,0.75,Eco,67,2548,48,True
Synth_ETH,ETH,0.75,Eco,68,2578,54,True
Synth_ETH,ETH,0.75,Eco,69,2609,48,True
Synth_ETH,ETH,0.75,Eco,70,2640,55,True
Synth_ETH,ETH,0.75,Eco,71,2668,43,True
Synth_ETH,ETH,1,Concept,0,507,21,True
Synth_ETH,ETH,1,Concept,1,537,16,True
Synth_ETH,ETH,1,Concept,2,568,14,True
Synth_ETH,ETH,1,Concept,3,598,48,True
Synth_ETH,ETH,1,Concept,4,629,29,True
Synth_ETH,ETH,1,Concept,5,660,21,True
Synth_ETH,ETH,1,Concept,6,690,31,True
Synth_ETH,ETH,1,Concept,7,721,22,True
Synth_ETH,ETH,1,Concept,8,751,19,True
Synth_ETH,ETH,1,Concept,9,782,14,True
Synth_ETH,ETH,1,Concept,10,813,28,True
Synth_ETH,ETH,1,Concept,11,842,19,True
Synth_ETH,ETH,1,Concept,12,873,30,True
Synth_ETH,ETH,1,Concept,13,903,16,True
Synth_ETH,ETH,1,Concept,14,934,46,True
Synth_ETH,ETH,1,Concept,15,964,33,True
Synth_ETH,ETH,1,Concept,16,995,16,True
Synth_ETH,ETH,1,Concept,17,1026,26,True
Synth_ETH,ETH,1,Concept,18,1056,28,True
Synth_ETH,ETH,1,Concept,19,1087,31,True
Synth_ETH,ETH,1,Concept,20,1117,16,True
Synth_ETH,ETH,1,Concept,21,1148,24,True
Synth_ETH,ETH,1,Concept,22,1179,14,True
Synth_ETH,ETH,1,Concept,23,1207,19,True
Synth_ETH,ETH,1,Concept,24,1238,21,True
Synth_ETH,ETH,1,Concept,25,1268,30,True
Synth_ETH,ETH,1,Concept,26,1299,15,True
Synth_ETH,ETH,1,Concept,27,1329,19,True
Synth_ETH,ETH,1,Concept,28,1360,19,True
Synth_ETH,ETH,1,Concept,29,1391,16,True
Synth_ETH,ETH,1,Concept,30,1421,21,True
Synth_ETH,ETH,1,Concept,31,1452,19,True
Synth_ETH,ETH,1,Concept,32,1482,16,True
Synth_ETH,ETH,1,Concept,33,1513,21,True
Synth_ETH,ETH,1,Concept,34,1544,16,True
Synth_ETH,ETH,1,Concept,35,1572,23,True
Synth_ETH,ETH,1,Concept,36,1603,18,True
Synth_ETH,ETH,1,Concept,37,1633,43,True
Synth_ETH,ETH,1,Concept,38,1664,21,True
Synth_ETH,ETH,1,Concept,39,1694,26,True
Synth_ETH,ETH,1,Concept,40,1725,19,True
Synth_ETH,ETH,1,Concept,41,1756,16,True
Synth_ETH,ETH,1,Concept,42,1786,16,True
Synth_ETH,ETH,1,Concept,43,1817,21,True
Synth_ETH,ETH,1,Concept,44,1847,21,True
Synth_ETH,ETH,1,Concept,45,1878,16,True
Synth_ETH,ETH,1,Concept,46,1909,21,True
Synth_ETH,ETH,1,Concept,47,1937,21,True
Synth_ETH,ETH,1,Concept,48,1968,33,True
Synth_ETH,ETH,1,Concept,49,1998,24,True
Synth_ETH,ETH,1,Concept,50,2029,16,True
Synth_ETH,ETH,1,Concept,51,2059,21,True
Synth_ETH,ETH,1,Concept,52,2090,21,True
Synth_ETH,ETH,1,Concept,53,2121,19,True
Synth_ETH,ETH,1,Concept,54,2151,18,True
Synth_ETH,ETH,1,Concept,55,2182,19,True
Synth_ETH,ETH,1,Concept,56,2212,28,True
Synth_ETH,ETH,1,Concept,57,2243,47,True
Synth_ETH,ETH,1,Concept,58,2274,26,True
Synth_ETH,ETH,1,Concept,59,2303,44,True
Synth_ETH,ETH,1,Concept,60,2334,34,True
Synth_ETH,ETH,1,Concept,61,2364,14,True
Synth_ETH,ETH,1,Concept,62,2395,14,True
Synth_ETH,ETH,1,Concept,63,2425,31,True
Synth_ETH,ETH,1,Concept,64,2456,35,True
Synth_ETH,ETH,1,Concept,65,2487,16,True
Synth_ETH,ETH,1,Concept,66,2517,31,True
Synth_ETH,ETH,1,Concept,67,2548,19,True
Synth_ETH,ETH,1,Concept,68,2578,31,True
Synth_ETH,ETH,1,Concept,69,2609,18,True
Synth_ETH,ETH,1,Concept,70,2640,25,True
Synth_ETH,ETH,1,Concept,71,2668,16,True
Synth_ETH,ETH,1,Eco,0,507,45,True
Synth_ETH,ETH,1,Eco,1,537,48,True
Synth_ETH,ETH,1,Eco,2,568,37,True
Synth_ETH,ETH,1,Eco,3,598,59,True
Synth_ETH,ETH,1,Eco,4,629,46,True
Synth_ETH,ETH,1,Eco,5,660,39,True
Synth_ETH,ETH,1,Eco,6,690,43,True
Synth_ETH,ETH,1,Eco,7,721,45,True
Synth_ETH,ETH,1,Eco,8,751,31,True
Synth_ETH,ETH,1,Eco,9,782,36,True
Synth_ETH,ETH,1,Eco,10,813,36,True
Synth_ETH,ETH,1,Eco,11,842,44,True
Synth_ETH,ETH,1,Eco,12,873,40,True
Synth_ETH,ETH,1,Eco,13,903,41,True
Synth_ETH,ETH,1,Eco,14,934,50,True
Synth_ETH,ETH,1,Eco,15,964,40,True
Synth_ETH,ETH,1,Eco,16,995,44,True
Synth_ETH,ETH,1,Eco,17,1026,45,True
Synth_ETH,ETH,1,Eco,18,1056,44,True
Synth_ETH,ETH,1,Eco,19,1087,37,True
Synth_ETH,ETH,1,Eco,20,1117,30,True
Synth_ETH,ETH,1,Eco,21,1148,44,True
Synth_ETH,ETH,1,Eco,22,1179,41,True
Synth_ETH,ETH,1,Eco,23,1207,48,True
Synth_ETH,ETH,1,Eco,24,1238,47,True
Synth_ETH,ETH,1,Eco,25,1268,45,True
Synth_ETH,ETH,1,Eco,26,1299,35,True
Synth_ETH,ETH,1,Eco,27,1329,42,True
Synth_ETH,ETH,1,Eco,28,1360,42,True
Synth_ETH,ETH,1,Eco,29,1391,39,True
Synth_ETH,ETH,1,Eco,30,1421,40,True
Synth_ETH,ETH,1,Eco,31,1452,47,True
Synth_ETH,ETH,1,Eco,32,1482,41,True
Synth_ETH,ETH,1,Eco,33,1513,49,True
Synth_ETH,ETH,1,Eco,34,1544,47,True
Synth_ETH,ETH,1,Eco,35,1572,49,True
Synth_ETH,ETH,1,Eco,36,1603,51,True
Synth_ETH,ETH,1,Eco,37,1633,63,True
Synth_ETH,ETH,1,Eco,38,1664,56,True
Synth_ETH,ETH,1,Eco,39,1694,51,True
Synth_ETH,ETH,1,Eco,40,1725,46,True
Synth_ETH,ETH,1,Eco,41,1756,39,True
Synth_ETH,ETH,1,Eco,42,1786,49,True
Synth_ETH,ETH,1,Eco,43,1817,46,True
Synth_ETH,ETH,1,Eco,44,1847,40,True
Synth_ETH,ETH,1,Eco,45,1878,38,True
Synth_ETH,ETH,1,Eco,46,1909,37,True
Synth_ETH,ETH,1,Eco,47,1937,52,True
Synth_ETH,ETH,1,Eco,48,1968,57,True
Synth_ETH,ETH,1,Eco,49,1998,43,True
Synth_ETH,ETH,1,Eco,50,2029,39,True
Synth_ETH,ETH,1,Eco,51,2059,40,True
Synth_ETH,ETH,1,Eco,52,2090,37,True
Synth_ETH,ETH,1,Eco,53,2121,38,True
Synth_ETH,ETH,1,Eco,54,2151,35,True
Synth_ETH,ETH,1,Eco,55,2182,38,True
Synth_ETH,ETH,1,Eco,56,2212,41,True
Synth_ETH,ETH,1,Eco,57,2243,46,True
Synth_ETH,ETH,1,Eco,58,2274,45,True
Synth_ETH,ETH,1,Eco,59,2303,46,True
Synth_ETH,ETH,1,Eco,60,2334,36,True
Synth_ETH,ETH,1,Eco,61,2364,46,True
Synth_ETH,ETH,1,Eco,62,2395,40,True
Synth_ETH,ETH,1,Eco,63,2425,64,True
Synth_ETH,ETH,1,Eco,64,2456,50,True
Synth_ETH,ETH,1,Eco,65,2487,54,True
Synth_ETH,ETH,1,Eco,66,2517,50,True
Synth_ETH,ETH,1,Eco,67,2548,40,True
Synth_ETH,ETH,1,Eco,68,2578,45,True
Synth_ETH,ETH,1,Eco,69,2609,39,True
Synth_ETH,ETH,1,Eco,70,2640,44,True
Synth_ETH,ETH,1,Eco,71,2668,36,True
Synth_ETH,ETH,1.25,Concept,0,507,21,True
Synth_ETH,ETH,1.25,Concept,1,537,16,True
Synth_ETH,ETH,1.25,Concept,2,568,14,True
Synth_ETH,ETH,1.25,Concept,3,598,41,True
Synth_ETH,ETH,1.25,Concept,4,629,25,True
Synth_ETH,ETH,1.25,Concept,5,660,21,True
Synth_ETH,ETH,1.25,Concept,6,690,16,True
Synth_ETH,ETH,1.25,Concept,7,721,19,True
Synth_ETH,ETH,1.25,Concept,8,751,16,True
Synth_ETH,ETH,1.25,Concept,9,782,14,True
Synth_ETH,ETH,1.25,Concept,10,813,14,True
Synth_ETH,ETH,1.25,Concept,11,842,19,True
Synth_ETH,ETH,1.25,Concept,12,873,25,True
Synth_ETH,ETH,1.25,Concept,13,903,14,True
Synth_ETH,ETH,1.25,Concept,14,934,31,True
Synth_ETH,ETH,1.25,Concept,15,964,18,True
Synth_ETH,ETH,1.25,Concept,16,995,16,True
Synth_ETH,ETH,1.25,Concept,17,1026,24,True
Synth_ETH,ETH,1.25,Concept,18,1056,21,True
Synth_ETH,ETH,1.25,Concept,19,1087,26,True
Synth_ETH,ETH,1.25,Concept,20,1117,16,True
Synth_ETH,ETH,1.25,Concept,21,1148,20,True
Synth_ETH,ETH,1.25,Concept,22,1179,14,True
Synth_ETH,ETH,1.25,Concept,23,1207,16,True
Synth_ETH,ETH,1.25,Concept,24,1238,19,True
Synth_ETH,ETH,1.25,Concept,25,1268,24,True
Synth_ETH,ETH,1.25,Concept,26,1299,14,True
Synth_ETH,ETH,1.25,Concept,27,1329,19,True
Synth_ETH,ETH,1.25,Concept,28,1360,19,True
Synth_ETH,ETH,1.25,Concept,29,1391,16,True
Synth_ETH,ETH,1.25,Concept,30,1421,14,True
Synth_ETH,ETH,1.25,Concept,31,1452,19,True
Synth_ETH,ETH,1.25,Concept,32,1482,15,True
Synth_ETH,ETH,1.25,Concept,33,1513,21,True
Synth_ETH,ETH,1.25,Concept,34,1544,16,True
Synth_ETH,ETH,1.25,Concept,35,1572,21,True
Synth_ETH,ETH,1.25,Concept,36,1603,16,True
Synth_ETH,ETH,1.25,Concept,37,1633,43,True
Synth_ETH,ETH,1.25,Concept,38,1664,21,True
Synth_ETH,ETH,1.25,Concept,39,1694,26,True
Synth_ETH,ETH,1.25,Concept,40,1725,16,True
Synth_ETH,ETH,1.25,Concept,41,1756,16,True
Synth_ETH,ETH,1.25,Concept,42,1786,14,True
Synth_ETH,ETH,1.25,Concept,43,1817,14,True
Synth_ETH,ETH,1.25,Concept,44,1847,19,True
Synth_ETH,ETH,1.25,Concept,45,1878,16,True
Synth_ETH,ETH,1.25,Concept,46,1909,18,True
Synth_ETH,ETH,1.25,Concept,47,1937,14,True
Synth_ETH,ETH,1.25,Concept,48,1968,21,True
Synth_ETH,ETH,1.25,Concept,49,1998,17,True
Synth_ETH,ETH,1.25,Concept,50,2029,16,True
Synth_ETH,ETH,1.25,Concept,51,2059,14,True
Synth_ETH,ETH,1.25,Concept,52,2090,19,True
Synth_ETH,ETH,1.25,Concept,53,2121,14,True
Synth_ETH,ETH,1.25,Concept,54,2151,17,True
Synth_ETH,ETH,1.25,Concept,55,2182,16,True
Synth_ETH,ETH,1.25,Concept,56,2212,24,True
Synth_ETH,ETH,1.25,Concept,57,2243,34,True
Synth_ETH,ETH,1.25,Concept,58,2274,16,True
Synth_ETH,ETH,1.25,Concept,59,2303,21,True
Synth_ETH,ETH,1.25,Concept,60,2334,24,True
Synth_ETH,ETH,1.25,Concept,61,2364,14,True
Synth_ETH,ETH,1.25,Concept,62,2395,14,True
Synth_ETH,ETH,1.25,Concept,63,2425,31,True
Synth_ETH,ETH,1.25,Concept,64,2456,25,True
Synth_ETH,ETH,1.25,Concept,65,2487,16,True
Synth_ETH,ETH,1.25,Concept,66,2517,21,True
Synth_ETH,ETH,1.25,Concept,67,2548,16,True
Synth_ETH,ETH,1.25,Concept,68,2578,19,True
Synth_ETH,ETH,1.25,Concept,69,2609,16,True
Synth_ETH,ETH,1.25,Concept,70,2640,25,True
Synth_ETH,ETH,1.25,Concept,71,2668,14,True
Synth_ETH,ETH,1.25,Eco,0,507,34,True
Synth_ETH,ETH,1.25,Eco,1,537,39,True
Synth_ETH,ETH,1.25,Eco,2,568,31,True
Synth_ETH,ETH,1.25,Eco,3,598,49,True
Synth_ETH,ETH,1.25,Eco,4,629,40,True
Synth_ETH,ETH,1.25,Eco,5,660,33,True
Synth_ETH,ETH,1.25,Eco,6,690,37,True
Synth_ETH,ETH,1.25,Eco,7,721,35,True
Synth_ETH,ETH,1.25,Eco,8,751,26,True
Synth_ETH,ETH,1.25,Eco,9,782,29,True
Synth_ETH,ETH,1.25,Eco,10,813,30,True
Synth_ETH,ETH,1.25,Eco,11,842,31,True
Synth_ETH,ETH,1.25,Eco,12,873,31,True
Synth_ETH,ETH,1.25,Eco,13,903,34,True
Synth_ETH,ETH,1.25,Eco,14,934,42,True
Synth_ETH,ETH,1.25,Eco,15,964,34,True
Synth_ETH,ETH,1.25,Eco,16,995,35,True
Synth_ETH,ETH,1.25,Eco,17,1026,37,True
Synth_ETH,ETH,1.25,Eco,18,1056,36,True
Synth_ETH,ETH,1.25,Eco,19,1087,32,True
Synth_ETH,ETH,1.25,Eco,20,1117,26,True
Synth_ETH,ETH,1.25,Eco,21,1148,36,True
Synth_ETH,ETH,1.25,Eco,22,1179,36,True
Synth_ETH,ETH,1.25,Eco,23,1207,37,True
Synth_ETH,ETH,1.25,Eco,24,1238,40,True
Synth_ETH,ETH,1.25,Eco,25,1268,40,True
Synth_ETH,ETH,1.25,Eco,26,1299,31,True
Synth_ETH,ETH,1.25,Eco,27,1329,38,True
Synth_ETH,ETH,1.25,Eco,28,1360,37,True
Synth_ETH,ETH,1.25,Eco,29,1391,33,True
Synth_ETH,ETH,1.25,Eco,30,1421,33,True
Synth_ETH,ETH,1.25,Eco,31,1452,40,True
Synth_ETH,ETH,1.25,Eco,32,1482,36,True
Synth_ETH,ETH,1.25,Eco,33,1513,42,True
Synth_ETH,ETH,1.25,Eco,34,1544,35,True
Synth_ETH,ETH,1.25,Eco,35,1572,39,True
Synth_ETH,ETH,1.25,Eco,36,1603,40,True
Synth_ETH,ETH,1.25,Eco,37,1633,48,True
Synth_ETH,ETH,1.25,Eco,38,1664,44,True
Synth_ETH,ETH,1.25,Eco,39,1694,44,True
Synth_ETH,ETH,1.25,Eco,40,1725,37,True
Synth_ETH,ETH,1.25,Eco,41,1756,33,True
Synth_ETH,ETH,1.25,Eco,42,1786,40,True
Synth_ETH,ETH,1.25,Eco,43,1817,38,True
Synth_ETH,ETH,1.25,Eco,44,1847,32,True
Synth_ETH,ETH,1.25,Eco,45,1878,34,True
Synth_ETH,ETH,1.25,Eco,46,1909,31,True
Synth_ETH,ETH,1.25,Eco,47,1937,43,True
Synth_ETH,ETH,1.25,Eco,48,1968,39,True
Synth_ETH,ETH,1.25,Eco,49,1998,38,True
Synth_ETH,ETH,1.25,Eco,50,2029,31,True
Synth_ETH,ETH,1.25,Eco,51,2059,32,True
Synth_ETH,ETH,1.25,Eco,52,2090,31,True
Synth_ETH,ETH,1.25,Eco,53,2121,33,True
Synth_ETH,ETH,1.25,Eco,54,2151,30,True
Synth_ETH,ETH,1.25,Eco,55,2182,30,True
Synth_ETH,ETH,1.25,Eco,56,2212,32,True
Synth_ETH,ETH,1.25,Eco,57,2243,40,True
Synth_ETH,ETH,1.25,Eco,58,2274,34,True
Synth_ETH,ETH,1.25,Eco,59,2303,40,True
Synth_ETH,ETH,1.25,Eco,60,2334,31,True
Synth_ETH,ETH,1.25,Eco,61,2364,40,True
Synth_ETH,ETH,1.25,Eco,62,2395,35,True
Synth_ETH,ETH,1.25,Eco,63,2425,47,True
Synth_ETH,ETH,1.25,Eco,64,2456,44,True
Synth_ETH,ETH,1.25,Eco,65,2487,43,True
Synth_ETH,ETH,1.25,Eco,66,2517,42,True
Synth_ETH,ETH,1.25,Eco,67,2548,34,True
Synth_ETH,ETH,1.25,Eco,68,2578,40,True
Synth_ETH,ETH,1.25,Eco,69,2609,36,True
Synth_ETH,ETH,1.25,Eco,70,2640,37,True
Synth_ETH,ETH,1.25,Eco,71,2668,31,True
Synth_ETH,ETH,1.5,Concept,0,507,14,True
Synth_ETH,ETH,1.5,Concept,1,537,16,True
Synth_ETH,ETH,1.5,Concept,2,568,14,True
Synth_ETH,ETH,1.5,Concept,3,598,16,True
Synth_ETH,ETH,1.5,Concept,4,629,14,True
Synth_ETH,ETH,1.5,Concept,5,660,21,True
Synth_ETH,ETH,1.5,Concept,6,690,16,True
Synth_ETH,ETH,1.5,Concept,7,721,16,True
Synth_ETH,ETH,1.5,Concept,8,751,14,True
Synth_ETH,ETH,1.5,Concept,9,782,14,True
Synth_ETH,ETH,1.5,Concept,10,813,14,True
Synth_ETH,ETH,1.5,Concept,11,842,19,True
Synth_ETH,ETH,1.5,Concept,12,873,20,True
Synth_ETH,ETH,1.5,Concept,13,903,14,True
Synth_ETH,ETH,1.5,Concept,14,934,21,True
Synth_ETH,ETH,1.5,Concept,15,964,16,True
Synth_ETH,ETH,1.5,Concept,16,995,16,True
Synth_ETH,ETH,1.5,Concept,17,1026,21,True
Synth_ETH,ETH,1.5,Concept,18,1056,19,True
Synth_ETH,ETH,1.5,Concept,19,1087,21,True
Synth_ETH,ETH,1.5,Concept,20,1117,16,True
Synth_ETH,ETH,1.5,Concept,21,1148,18,True
Synth_ETH,ETH,1.5,Concept,22,1179,14,True
Synth_ETH,ETH,1.5,Concept,23,1207,14,True
Synth_ETH,ETH,1.5,Concept,24,1238,19,True
Synth_ETH,ETH,1.5,Concept,25,1268,17,True
Synth_ETH,ETH,1.5,Concept,26,1299,14,True
Synth_ETH,ETH,1.5,Concept,27,1329,19,True
Synth_ETH,ETH,1.5,Concept,28,1360,16,True
Synth_ETH,ETH,1.5,Concept,29,1391,16,True
Synth_ETH,ETH,1.5,Concept,30,1421,14,True
Synth_ETH,ETH,1.5,Concept,31,1452,14,True
Synth_ETH,ETH,1.5,Concept,32,1482,15,True
Synth_ETH,ETH,1.5,Concept,33,1513,16,True
Synth_ETH,ETH,1.5,Concept,34,1544,14,True
Synth_ETH,ETH,1.5,Concept,35,1572,19,True
Synth_ETH,ETH,1.5,Concept,36,1603,14,True
Synth_ETH,ETH,1.5,Concept,37,1633,21,True
Synth_ETH,ETH,1.5,Concept,38,1664,20,True
Synth_ETH,ETH,1.5,Concept,39,1694,26,True
Synth_ETH,ETH,1.5,Concept,40,1725,16,True
Synth_ETH,ETH,1.5,Concept,41,1756,14,True
Synth_ETH,ETH,1.5,Concept,42,1786,14,True
Synth_ETH,ETH,1.5,Concept,43,1817,14,True
Synth_ETH,ETH,1.5,Concept,44,1847,16,True
Synth_ETH,ETH,1.5,Concept,45,1878,16,True
Synth_ETH,ETH,1.5,Concept,46,1909,16,True
Synth_ETH,ETH,1.5,Concept,47,1937,14,True
Synth_ETH,ETH,1.5,Concept,48,1968,21,True
Synth_ETH,ETH,1.5,Concept,49,1998,17,True
Synth_ETH,ETH,1.5,Concept,50,2029,16,True
Synth_ETH,ETH,1.5,Concept,51,2059,14,True
Synth_ETH,ETH,1.5,Concept,52,2090,19,True
Synth_ETH,ETH,1.5,Concept,53,2121,14,True
Synth_ETH,ETH,1.5,Concept,54,2151,17,True
Synth_ETH,ETH,1.5,Concept,55,2182,14,True
Synth_ETH,ETH,1.5,Concept,56,2212,16,True
Synth_ETH,ETH,1.5,Concept,57,2243,19,True
Synth_ETH,ETH,1.5,Concept,58,2274,14,True
Synth_ETH,ETH,1.5,Concept,59,2303,21,True
Synth_ETH,ETH,1.5,Concept,60,2334,16,True
Synth_ETH,ETH,1.5,Concept,61,2364,14,True
Synth_ETH,ETH,1.5,Concept,62,2395,14,True
Synth_ETH,ETH,1.5,Concept,63,2425,14,True
Synth_ETH,ETH,1.5,Concept,64,2456,25,True
Synth_ETH,ETH,1.5,Concept,65,2487,14,True
Synth_ETH,ETH,1.5,Concept,66,2517,19,True
Synth_ETH,ETH,1.5,Concept,67,2548,16,True
Synth_ETH,ETH,1.5,Concept,68,2578,14,True
Synth_ETH,ETH,1.5,Concept,69,2609,14,True
Synth_ETH,ETH,1.5,Concept,70,2640,25,True
Synth_ETH,ETH,1.5,Concept,71,2668,14,True
Synth_ETH,ETH,1.5,Eco,0,507,28,True
Synth_ETH,ETH,1.5,Eco,1,537,33,True
Synth_ETH,ETH,1.5,Eco,2,568,26,True
Synth_ETH,ETH,1.5,Eco,3,598,37,True
Synth_ETH,ETH,1.5,Eco,4,629,31,True
Synth_ETH,ETH,1.5,Eco,5,660,29,True
Synth_ETH,ETH,1.5,Eco,6,690,30,True
Synth_ETH,ETH,1.5,Eco,7,721,29,True
Synth_ETH,ETH,1.5,Eco,8,751,24,True
Synth_ETH,ETH,1.5,Eco,9,782,24,True
Synth_ETH,ETH,1.5,Eco,10,813,27,True
Synth_ETH,ETH,1.5,Eco,11,842,27,True
Synth_ETH,ETH,1.5,Eco,12,873,27,True
Synth_ETH,ETH,1.5,Eco,13,903,28,True
Synth_ETH,ETH,1.5,Eco,14,934,36,True
Synth_ETH,ETH,1.5,Eco,15,964,29,True
Synth_ETH,ETH,1.5,Eco,16,995,30,True
Synth_ETH,ETH,1.5,Eco,17,1026,32,True
Synth_ETH,ETH,1.5,Eco,18,1056,31,True
Synth_ETH,ETH,1.5,Eco,19,1087,30,True
Synth_ETH,ETH,1.5,Eco,20,1117,23,True
Synth_ETH,ETH,1.5,Eco,21,1148,33,True
Synth_ETH,ETH,1.5,Eco,22,1179,32,True
Synth_ETH,ETH,1.5,Eco,23,1207,31,True
Synth_ETH,ETH,1.5,Eco,24,1238,35,True
Synth_ETH,ETH,1.5,Eco,25,1268,35,True
Synth_ETH,ETH,1.5,Eco,26,1299,29,True
Synth_ETH,ETH,1.5,Eco,27,1329,32,True
Synth_ETH,ETH,1.5,Eco,28,1360,31,True
Synth_ETH,ETH,1.5,Eco,29,1391,30,True
Synth_ETH,ETH,1.5,Eco,30,1421,29,True
Synth_ETH,ETH,1.5,Eco,31,1452,34,True
Synth_ETH,ETH,1.5,Eco,32,1482,30,True
Synth_ETH,ETH,1.5,Eco,33,1513,36,True
Synth_ETH,ETH,1.5,Eco,34,1544,29,True
Synth_ETH,ETH,1.5,Eco,35,1572,33,True
Synth_ETH,ETH,1.5,Eco,36,1603,33,True
Synth_ETH,ETH,1.5,Eco,37,1633,43,True
Synth_ETH,ETH,1.5,Eco,38,1664,35,True
Synth_ETH,ETH,1.5,Eco,39,1694,38,True
Synth_ETH,ETH,1.5,Eco,40,1725,31,True
Synth_ETH,ETH,1.5,Eco,41,1756,29,True
Synth_ETH,ETH,1.5,Eco,42,1786,34,True
Synth_ETH,ETH,1.5,Eco,43,1817,34,True
Synth_ETH,ETH,1.5,Eco,44,1847,29,True
Synth_ETH,ETH,1.5,Eco,45,1878,28,True
Synth_ETH,ETH,1.5,Eco,46,1909,29,True
Synth_ETH,ETH,1.5,Eco,47,1937,32,True
Synth_ETH,ETH,1.5,Eco,48,1968,34,True
Synth_ETH,ETH,1.5,Eco,49,1998,33,True
Synth_ETH,ETH,1.5,Eco,50,2029,29,True
Synth_ETH,ETH,1.5,Eco,51,2059,28,True
Synth_ETH,ETH,1.5,Eco,52,2090,27,True
Synth_ETH,ETH,1.5,Eco,53,2121,27,True
Synth_ETH,ETH,1.5,Eco,54,2151,28,True
Synth_ETH,ETH,1.5,Eco,55,2182,27,True
Synth_ETH,ETH,1.5,Eco,56,2212,28,True
Synth_ETH,ETH,1.5,Eco,57,2243,31,True
Synth_ETH,ETH,1.5,Eco,58,2274,31,True
Synth_ETH,ETH,1.5,Eco,59,2303,32,True
Synth_ETH,ETH,1.5,Eco,60,2334,25,True
Synth_ETH,ETH,1.5,Eco,61,2364,35,True
Synth_ETH,ETH,1.5,Eco,62,2395,30,True
Synth_ETH,ETH,1.5,Eco,63,2425,39,True
Synth_ETH,ETH,1.5,Eco,64,2456,38,True
Synth_ETH,ETH,1.5,Eco,65,2487,35,True
Synth_ETH,ETH,1.5,Eco,66,2517,35,True
Synth_ETH,ETH,1.5,Eco,67,2548,30,True
Synth_ETH,ETH,1.5,Eco,68,2578,34,True
Synth_ETH,ETH,1.5,Eco,69,2609,30,True
Synth_ETH,ETH,1.5,Eco,70,2640,32,True
Synth_ETH,ETH,1.5,Eco,71,2668,28,True
