source,ticker,c,arm,onset_position,onset_index,delay,detected
Real_BTC,BTC,0.10000000000000001,Concept,0,516,216,True
Real_BTC,BTC,0.10000000000000001,Concept,1,546,218,True
Real_BTC,BTC,0.10000000000000001,Concept,2,577,180,True
Real_BTC,BTC,0.10000000000000001,Concept,3,608,124,True
Real_BTC,BTC,0.10000000000000001,Concept,4,638,124,True
Real_BTC,BTC,0.10000000000000001,Concept,5,669,115,True
Real_BTC,BTC,0.10000000000000001,Concept,6,699,90,True
Real_BTC,BTC,0.10000000000000001,Concept,7,730,130,True
Real_BTC,BTC,0.10000000000000001,Concept,8,761,130,True
Real_BTC,BTC,0.10000000000000001,Concept,9,789,-1,False
Real_BTC,BTC,0.10000000000000001,Concept,10,820,-1,False
Real_BTC,BTC,0.10000000000000001,Concept,11,850,-1,False
Real_BTC,BTC,0.10000000000000001,Concept,12,881,-1,False
Real_BTC,BTC,0.10000000000000001,Concept,13,911,-1,False
Real_BTC,BTC,0.10000000000000001,Concept,14,942,-1,False
Real_BTC,BTC,0.10000000000000001,Concept,15,973,-1,False
Real_BTC,BTC,0.10000000000000001,Concept,16,1003,-1,False
Real_BTC,BTC,0.10000000000000001,Concept,17,1034,-1,False
Real_BTC,BTC,0.10000000000000001,Concept,18,1064,-1,False
Real_BTC,BTC,0.10000000000000001,Concept,19,1095,-1,False
Real_BTC,BTC,0.10000000000000001,Concept,20,1126,-1,False
Real_BTC,BTC,0.10000000000000001,Concept,21,1154,-1,False
Real_BTC,BTC,0.10000000000000001,Concept,22,1185,-1,False
Real_BTC,BTC,0.10000000000000001,Concept,23,1215,-1,False
Real_BTC,BTC,0.10000000000000001,Concept,24,1246,-1,False
Real_BTC,BTC,0.10000000000000001,Concept,25,1276,-1,False
Real_BTC,BTC,0.10000000000000001,Concept,26,1307,-1,False
Real_BTC,BTC,0.10000000000000001,Concept,27,1338,-1,False
Real_BTC,BTC,0.10000000000000001,Concept,28,1368,-1,False
Real_BTC,BTC,0.10000000000000001,Concept,29,1399,191,True
Real_BTC,BTC,0.10000000000000001,Concept,30,1429,154,True
Real_BTC,BTC,0.10000000000000001,Concept,31,1460,120,True
Real_BTC,BTC,0.10000000000000001,Concept,32,1491,92,True
Real_BTC,BTC,0.10000000000000001,Concept,33,1519,74,True
Real_BTC,BTC,0.10000000000000001,Concept,34,1550,-1,False
Real_BTC,BTC,0.10000000000000001,Concept,35,1580,-1,False
Real_BTC,BTC,0.10000000000000001,Concept,36,1611,-1,False
Real_BTC,BTC,0.10000000000000001,Concept,37,1641,-1,False
Real_BTC,BTC,0.10000000000000001,Concept,38,1672,-1,False
Real_BTC,BTC,0.10000000000000001,Concept,39,1703,490,True
Real_BTC,BTC,0.10000000000000001,Concept,40,1733,460,True
Real_BTC,BTC,0.10000000000000001,Concept,41,1764,414,True
Real_BTC,BTC,0.10000000000000001,Concept,42,1794,359,True
Real_BTC,BTC,0.10000000000000001,Concept,43,1825,328,True
Real_BTC,BTC,0.10000000000000001,Concept,44,1856,292,True
Real_BTC,BTC,0.10000000000000001,Concept,45,1885,243,True
Real_BTC,BTC,0.10000000000000001,Concept,46,1916,203,True
Real_BTC,BTC,0.10000000000000001,Concept,47,1946,175,True
Real_BTC,BTC,0.10000000000000001,Concept,48,1977,151,True
Real_BTC,BTC,0.10000000000000001,Concept,49,2007,121,True
Real_BTC,BTC,0.10000000000000001,Concept,50,2038,111,True
Real_BTC,BTC,0.10000000000000001,Concept,51,2069,90,True
Real_BTC,BTC,0.10000000000000001,Concept,52,2099,77,True
Real_BTC,BTC,0.10000000000000001,Concept,53,2130,-1,False
Real_BTC,BTC,0.10000000000000001,Concept,54,2160,-1,False
Real_BTC,BTC,0.10000000000000001,Concept,55,2191,-1,False
Real_BTC,BTC,0.10000000000000001,Concept,56,2222,-1,False
Real_BTC,BTC,0.10000000000000001,Concept,57,2250,-1,False
Real_BTC,BTC,0.10000000000000001,Concept,58,2281,-1,False
Real_BTC,BTC,0.10000000000000001,Concept,59,2311,-1,False
Real_BTC,BTC,0.10000000000000001,Concept,60,2342,-1,False
Real_BTC,BTC,0.10000000000000001,Concept,61,2372,-1,False
Real_BTC,BTC,0.10000000000000001,Concept,62,2403,-1,False
Real_BTC,BTC,0.10000000000000001,Concept,63,2434,-1,False
Real_BTC,BTC,0.10000000000000001,Concept,64,2464,-1,False
Real_BTC,BTC,0.10000000000000001,Concept,65,2495,-1,False
Real_BTC,BTC,0.10000000000000001,Concept,66,2525,-1,False
Real_BTC,BTC,0.10000000000000001,Concept,67,2556,-1,False
Real_BTC,BTC,0.10000000000000001,Concept,68,2587,-1,False
Real_BTC,BTC,0.10000000000000001,Concept,69,2615,-1,False
Real_BTC,BTC,0.10000000000000001,Concept,70,2646,-1,False
Real_BTC,BTC,0.10000000000000001,Concept,71,2676,-1,False
Real_BTC,BTC,0.10000000000000001,Concept,72,2707,-1,False
Real_BTC,BTC,0.10000000000000001,Concept,73,2737,211,True
Real_BTC,BTC,0.10000000000000001,Concept,74,2768,180,True
Real_BTC,BTC,0.10000000000000001,Concept,75,2799,142,True
Real_BTC,BTC,0.10000000000000001,Concept,76,2829,114,True
Real_BTC,BTC,0.10000000000000001,Concept,77,2860,88,True
Real_BTC,BTC,0.10000000000000001,Concept,78,2890,57,True
Real_BTC,BTC,0.10000000000000001,Concept,79,2921,173,True
Real_BTC,BTC,0.10000000000000001,Concept,80,2952,231,True
Real_BTC,BTC,0.10000000000000001,Concept,81,2980,165,True
Real_BTC,BTC,0.10000000000000001,Concept,82,3011,171,True
Real_BTC,BTC,0.10000000000000001,Concept,83,3041,142,True
Real_BTC,BTC,0.10000000000000001,Concept,84,3072,117,True
Real_BTC,BTC,0.10000000000000001,Concept,85,3102,99,True
Real_BTC,BTC,0.10000000000000001,Concept,86,3133,98,True
Real_BTC,BTC,0.10000000000000001,Concept,87,3164,61,True
Real_BTC,BTC,0.10000000000000001,Concept,88,3194,137,True
Real_BTC,BTC,0.10000000000000001,Concept,89,3225,-1,False
Real_BTC,BTC,0.10000000000000001,Concept,90,3255,-1,False
Real_BTC,BTC,0.10000000000000001,Concept,91,3286,-1,False
Real_BTC,BTC,0.10000000000000001,Concept,92,3317,-1,False
Real_BTC,BTC,0.10000000000000001,Concept,93,3346,-1,False
Real_BTC,BTC,0.10000000000000001,Concept,94,3377,-1,False
Real_BTC,BTC,0.10000000000000001,Concept,95,3407,-1,False
Real_BTC,BTC,0.10000000000000001,Concept,96,3438,-1,False
Real_BTC,BTC,0.10000000000000001,Concept,97,3468,-1,False
Real_BTC,BTC,0.10000000000000001,Concept,98,3499,-1,False
Real_BTC,BTC,0.10000000000000001,Concept,99,3530,-1,False
Real_BTC,BTC,0.10000000000000001,Concept,100,3560,-1,False
Real_BTC,BTC,0.10000000000000001,Concept,101,3591,-1,False
Real_BTC,BTC,0.10000000000000001,Concept,102,3621,-1,False
Real_BTC,BTC,0.10000000000000001,Concept,103,3652,-1,False
Real_BTC,BTC,0.10000000000000001,Concept,104,3683,-1,False
Real_BTC,BTC,0.10000000000000001,Concept,105,3711,-1,False
Real_BTC,BTC,0.10000000000000001,Eco,0,516,344,True
Real_BTC,BTC,0.10000000000000001,Eco,1,546,322,True
Real_BTC,BTC,0.10000000000000001,Eco,2,577,280,True
Real_BTC,BTC,0.10000000000000001,Eco,3,608,249,True
Real_BTC,BTC,0.10000000000000001,Eco,4,638,219,True
Real_BTC,BTC,0.10000000000000001,Eco,5,669,202,True
Real_BTC,BTC,0.10000000000000001,Eco,6,699,173,True
Real_BTC,BTC,0.10000000000000001,Eco,7,730,334,True
Real_BTC,BTC,0.10000000000000001,Eco,8,761,302,True
Real_BTC,BTC,0.10000000000000001,Eco,9,789,275,True
Real_BTC,BTC,0.10000000000000001,Eco,10,820,241,True
Real_BTC,BTC,0.10000000000000001,Eco,11,850,219,True
Real_BTC,BTC,0.10000000000000001,Eco,12,881,189,True
Real_BTC,BTC,0.10000000000000001,Eco,13,911,168,True
Real_BTC,BTC,0.10000000000000001,Eco,14,942,-1,False
Real_BTC,BTC,0.10000000000000001,Eco,15,973,-1,False
Real_BTC,BTC,0.10000000000000001,Eco,16,1003,-1,False
Real_BTC,BTC,0.10000000000000001,Eco,17,1034,-1,False
Real_BTC,BTC,0.10000000000000001,Eco,18,1064,377,True
Real_BTC,BTC,0.10000000000000001,Eco,19,1095,327,True
Real_BTC,BTC,0.10000000000000001,Eco,20,1126,-1,False
Real_BTC,BTC,0.10000000000000001,Eco,21,1154,-1,False
Real_BTC,BTC,0.10000000000000001,Eco,22,1185,-1,False
Real_BTC,BTC,0.10000000000000001,Eco,23,1215,-1,False
Real_BTC,BTC,0.10000000000000001,Eco,24,1246,-1,False
Real_BTC,BTC,0.10000000000000001,Eco,25,1276,-1,False
Real_BTC,BTC,0.10000000000000001,Eco,26,1307,-1,False
Real_BTC,BTC,0.10000000000000001,Eco,27,1338,-1,False
Real_BTC,BTC,0.10000000000000001,Eco,28,1368,268,True
Real_BTC,BTC,0.10000000000000001,Eco,29,1399,193,True
Real_BTC,BTC,0.10000000000000001,Eco,30,1429,202,True
Real_BTC,BTC,0.10000000000000001,Eco,31,1460,145,True
Real_BTC,BTC,0.10000000000000001,Eco,32,1491,102,True
Real_BTC,BTC,0.10000000000000001,Eco,33,1519,108,True
Real_BTC,BTC,0.10000000000000001,Eco,34,1550,82,True
Real_BTC,BTC,0.10000000000000001,Eco,35,1580,261,True
Real_BTC,BTC,0.10000000000000001,Eco,36,1611,-1,False
Real_BTC,BTC,0.10000000000000001,Eco,37,1641,-1,False
Real_BTC,BTC,0.10000000000000001,Eco,38,1672,477,True
Real_BTC,BTC,0.10000000000000001,Eco,39,1703,443,True
Real_BTC,BTC,0.10000000000000001,Eco,40,1733,408,True
Real_BTC,BTC,0.10000000000000001,Eco,41,1764,385,True
Real_BTC,BTC,0.10000000000000001,Eco,42,1794,340,True
Real_BTC,BTC,0.10000000000000001,Eco,43,1825,309,True
Real_BTC,BTC,0.10000000000000001,Eco,44,1856,291,True
Real_BTC,BTC,0.10000000000000001,Eco,45,1885,261,True
Real_BTC,BTC,0.10000000000000001,Eco,46,1916,243,True
Real_BTC,BTC,0.10000000000000001,Eco,47,1946,283,True
Real_BTC,BTC,0.10000000000000001,Eco,48,1977,252,True
Real_BTC,BTC,0.10000000000000001,Eco,49,2007,222,True
Real_BTC,BTC,0.10000000000000001,Eco,50,2038,200,True
Real_BTC,BTC,0.10000000000000001,Eco,51,2069,128,True
Real_BTC,BTC,0.10000000000000001,Eco,52,2099,97,True
Real_BTC,BTC,0.10000000000000001,Eco,53,2130,110,True
Real_BTC,BTC,0.10000000000000001,Eco,54,2160,-1,False
Real_BTC,BTC,0.10000000000000001,Eco,55,2191,-1,False
Real_BTC,BTC,0.10000000000000001,Eco,56,2222,-1,False
Real_BTC,BTC,0.10000000000000001,Eco,57,2250,-1,False
Real_BTC,BTC,0.10000000000000001,Eco,58,2281,-1,False
Real_BTC,BTC,0.10000000000000001,Eco,59,2311,-1,False
Real_BTC,BTC,0.10000000000000001,Eco,60,2342,-1,False
Real_BTC,BTC,0.10000000000000001,Eco,61,2372,-1,False
Real_BTC,BTC,0.10000000000000001,Eco,62,2403,-1,False
Real_BTC,BTC,0.10000000000000001,Eco,63,2434,-1,False
Real_BTC,BTC,0.10000000000000001,Eco,64,2464,-1,False
Real_BTC,BTC,0.10000000000000001,Eco,65,2495,-1,False
Real_BTC,BTC,0.10000000000000001,Eco,66,2525,-1,False
Real_BTC,BTC,0.10000000000000001,Eco,67,2556,-1,False
Real_BTC,BTC,0.10000000000000001,Eco,68,2587,-1,False
Real_BTC,BTC,0.10000000000000001,Eco,69,2615,-1,False
Real_BTC,BTC,0.10000000000000001,Eco,70,2646,-1,False
Real_BTC,BTC,0.10000000000000001,Eco,71,2676,-1,False
Real_BTC,BTC,0.10000000000000001,Eco,72,2707,-1,False
Real_BTC,BTC,0.10000000000000001,Eco,73,2737,367,True
Real_BTC,BTC,0.10000000000000001,Eco,74,2768,378,True
Real_BTC,BTC,0.10000000000000001,Eco,75,2799,299,True
Real_BTC,BTC,0.10000000000000001,Eco,76,2829,380,True
Real_BTC,BTC,0.10000000000000001,Eco,77,2860,357,True
Real_BTC,BTC,0.10000000000000001,Eco,78,2890,328,True
Real_BTC,BTC,0.10000000000000001,Eco,79,2921,273,True
Real_BTC,BTC,0.10000000000000001,Eco,80,2952,287,True
Real_BTC,BTC,0.10000000000000001,Eco,81,2980,238,True
Real_BTC,BTC,0.10000000000000001,Eco,82,3011,282,True
Real_BTC,BTC,0.10000000000000001,Eco,83,3041,285,True
Real_BTC,BTC,0.10000000000000001,Eco,84,3072,253,True
Real_BTC,BTC,0.10000000000000001,Eco,85,3102,228,True
Real_BTC,BTC,0.10000000000000001,Eco,86,3133,195,True
Real_BTC,BTC,0.10000000000000001,Eco,87,3164,163,True
Real_BTC,BTC,0.10000000000000001,Eco,88,3194,150,True
Real_BTC,BTC,0.10000000000000001,Eco,89,3225,-1,False
Real_BTC,BTC,0.10000000000000001,Eco,90,3255,-1,False
Real_BTC,BTC,0.10000000000000001,Eco,91,3286,-1,False
Real_BTC,BTC,0.10000000000000001,Eco,92,3317,-1,False
Real_BTC,BTC,0.10000000000000001,Eco,93,3346,-1,False
Real_BTC,BTC,0.10000000000000001,Eco,94,3377,-1,False
Real_BTC,BTC,0.10000000000000001,Eco,95,3407,-1,False
Real_BTC,BTC,0.10000000000000001,Eco,96,3438,-1,False
Real_BTC,BTC,0.10000000000000001,Eco,97,3468,-1,False
Real_BTC,BTC,0.10000000000000001,Eco,98,3499,-1,False
Real_BTC,BTC,0.10000000000000001,Eco,99,3530,-1,False
Real_BTC,BTC,0.10000000000000001,Eco,100,3560,-1,False
Real_BTC,BTC,0.10000000000000001,Eco,101,3591,-1,False
Real_BTC,BTC,0.10000000000000001,Eco,102,3621,-1,False
Real_BTC,BTC,0.10000000000000001,Eco,103,3652,-1,False
Real_BTC,BTC,0.10000000000000001,Eco,104,3683,-1,False
Real_BTC,BTC,0.10000000000000001,Eco,105,3711,-1,False
Real_BTC,BTC,0.14999999999999999,Concept,0,516,158,True
Real_BTC,BTC,0.14999999999999999,Concept,1,546,166,True
Real_BTC,BTC,0.14999999999999999,Concept,2,577,130,True
Real_BTC,BTC,0.14999999999999999,Concept,3,608,66,True
Real_BTC,BTC,0.14999999999999999,Concept,4,638,89,True
Real_BTC,BTC,0.14999999999999999,Concept,5,669,95,True
Real_BTC,BTC,0.14999999999999999,Concept,6,699,83,True
Real_BTC,BTC,0.14999999999999999,Concept,7,730,120,True
Real_BTC,BTC,0.14999999999999999,Concept,8,761,95,True
Real_BTC,BTC,0.14999999999999999,Concept,9,789,95,True
Real_BTC,BTC,0.14999999999999999,Concept,10,820,52,True
Real_BTC,BTC,0.14999999999999999,Concept,11,850,-1,False
Real_BTC,BTC,0.14999999999999999,Concept,12,881,-1,False
Real_BTC,BTC,0.14999999999999999,Concept,13,911,-1,False
Real_BTC,BTC,0.14999999999999999,Concept,14,942,-1,False
Real_BTC,BTC,0.14999999999999999,Concept,15,973,-1,False
Real_BTC,BTC,0.14999999999999999,Concept,16,1003,-1,False
Real_BTC,BTC,0.14999999999999999,Concept,17,1034,-1,False
Real_BTC,BTC,0.14999999999999999,Concept,18,1064,-1,False
Real_BTC,BTC,0.14999999999999999,Concept,19,1095,-1,False
Real_BTC,BTC,0.14999999999999999,Concept,20,1126,-1,False
Real_BTC,BTC,0.14999999999999999,Concept,21,1154,-1,False
Real_BTC,BTC,0.14999999999999999,Concept,22,1185,-1,False
Real_BTC,BTC,0.14999999999999999,Concept,23,1215,-1,False
Real_BTC,BTC,0.14999999999999999,Concept,24,1246,-1,False
Real_BTC,BTC,0.14999999999999999,Concept,25,1276,-1,False
Real_BTC,BTC,0.14999999999999999,Concept,26,1307,326,True
Real_BTC,BTC,0.14999999999999999,Concept,27,1338,292,True
Real_BTC,BTC,0.14999999999999999,Concept,28,1368,200,True
Real_BTC,BTC,0.14999999999999999,Concept,29,1399,149,True
Real_BTC,BTC,0.14999999999999999,Concept,30,1429,117,True
Real_BTC,BTC,0.14999999999999999,Concept,31,1460,88,True
Real_BTC,BTC,0.14999999999999999,Concept,32,1491,58,True
Real_BTC,BTC,0.14999999999999999,Concept,33,1519,50,True
Real_BTC,BTC,0.14999999999999999,Concept,34,1550,480,True
Real_BTC,BTC,0.14999999999999999,Concept,35,1580,471,True
Real_BTC,BTC,0.14999999999999999,Concept,36,1611,443,True
Real_BTC,BTC,0.14999999999999999,Concept,37,1641,445,True
Real_BTC,BTC,0.14999999999999999,Concept,38,1672,414,True
Real_BTC,BTC,0.14999999999999999,Concept,39,1703,383,True
Real_BTC,BTC,0.14999999999999999,Concept,40,1733,351,True
Real_BTC,BTC,0.14999999999999999,Concept,41,1764,305,True
Real_BTC,BTC,0.14999999999999999,Concept,42,1794,275,True
Real_BTC,BTC,0.14999999999999999,Concept,43,1825,244,True
Real_BTC,BTC,0.14999999999999999,Concept,44,1856,198,True
Real_BTC,BTC,0.14999999999999999,Concept,45,1885,169,True
Real_BTC,BTC,0.14999999999999999,Concept,46,1916,122,True
Real_BTC,BTC,0.14999999999999999,Concept,47,1946,139,True
Real_BTC,BTC,0.14999999999999999,Concept,48,1977,109,True
Real_BTC,BTC,0.14999999999999999,Concept,49,2007,79,True
Real_BTC,BTC,0.14999999999999999,Concept,50,2038,92,True
Real_BTC,BTC,0.14999999999999999,Concept,51,2069,80,True
Real_BTC,BTC,0.14999999999999999,Concept,52,2099,66,True
Real_BTC,BTC,0.14999999999999999,Concept,53,2130,-1,False
Real_BTC,BTC,0.14999999999999999,Concept,54,2160,-1,False
Real_BTC,BTC,0.14999999999999999,Concept,55,2191,-1,False
Real_BTC,BTC,0.14999999999999999,Concept,56,2222,-1,False
Real_BTC,BTC,0.14999999999999999,Concept,57,2250,-1,False
Real_BTC,BTC,0.14999999999999999,Concept,58,2281,-1,False
Real_BTC,BTC,0.14999999999999999,Concept,59,2311,-1,False
Real_BTC,BTC,0.14999999999999999,Concept,60,2342,-1,False
Real_BTC,BTC,0.14999999999999999,Concept,61,2372,-1,False
Real_BTC,BTC,0.14999999999999999,Concept,62,2403,-1,False
Real_BTC,BTC,0.14999999999999999,Concept,63,2434,-1,False
Real_BTC,BTC,0.14999999999999999,Concept,64,2464,-1,False
Real_BTC,BTC,0.14999999999999999,Concept,65,2495,-1,False
Real_BTC,BTC,0.14999999999999999,Concept,66,2525,-1,False
Real_BTC,BTC,0.14999999999999999,Concept,67,2556,-1,False
Real_BTC,BTC,0.14999999999999999,Concept,68,2587,-1,False
Real_BTC,BTC,0.14999999999999999,Concept,69,2615,-1,False
Real_BTC,BTC,0.14999999999999999,Concept,70,2646,-1,False
Real_BTC,BTC,0.14999999999999999,Concept,71,2676,-1,False
Real_BTC,BTC,0.14999999999999999,Concept,72,2707,236,True
Real_BTC,BTC,0.14999999999999999,Concept,73,2737,196,True
Real_BTC,BTC,0.14999999999999999,Concept,74,2768,165,True
Real_BTC,BTC,0.14999999999999999,Concept,75,2799,134,True
Real_BTC,BTC,0.14999999999999999,Concept,76,2829,104,True
Real_BTC,BTC,0.14999999999999999,Concept,77,2860,73,True
Real_BTC,BTC,0.14999999999999999,Concept,78,2890,47,True
Real_BTC,BTC,0.14999999999999999,Concept,79,2921,105,True
Real_BTC,BTC,0.14999999999999999,Concept,80,2952,151,True
Real_BTC,BTC,0.14999999999999999,Concept,81,2980,123,True
Real_BTC,BTC,0.14999999999999999,Concept,82,3011,93,True
Real_BTC,BTC,0.14999999999999999,Concept,83,3041,92,True
Real_BTC,BTC,0.14999999999999999,Concept,84,3072,67,True
Real_BTC,BTC,0.14999999999999999,Concept,85,3102,71,True
Real_BTC,BTC,0.14999999999999999,Concept,86,3133,67,True
Real_BTC,BTC,0.14999999999999999,Concept,87,3164,53,True
Real_BTC,BTC,0.14999999999999999,Concept,88,3194,64,True
Real_BTC,BTC,0.14999999999999999,Concept,89,3225,106,True
Real_BTC,BTC,0.14999999999999999,Concept,90,3255,-1,False
Real_BTC,BTC,0.14999999999999999,Concept,91,3286,-1,False
Real_BTC,BTC,0.14999999999999999,Concept,92,3317,-1,False
Real_BTC,BTC,0.14999999999999999,Concept,93,3346,-1,False
Real_BTC,BTC,0.14999999999999999,Concept,94,3377,-1,False
Real_BTC,BTC,0.14999999999999999,Concept,95,3407,-1,False
Real_BTC,BTC,0.14999999999999999,Concept,96,3438,488,True
Real_BTC,BTC,0.14999999999999999,Concept,97,3468,461,True
Real_BTC,BTC,0.14999999999999999,Concept,98,3499,-1,False
Real_BTC,BTC,0.14999999999999999,Concept,99,3530,399,True
Real_BTC,BTC,0.14999999999999999,Concept,100,3560,-1,False
Real_BTC,BTC,0.14999999999999999,Concept,101,3591,-1,False
Real_BTC,BTC,0.14999999999999999,Concept,102,3621,-1,False
Real_BTC,BTC,0.14999999999999999,Concept,103,3652,-1,False
Real_BTC,BTC,0.14999999999999999,Concept,104,3683,-1,False
Real_BTC,BTC,0.14999999999999999,Concept,105,3711,-1,False
Real_BTC,BTC,0.14999999999999999,Eco,0,516,267,True
Real_BTC,BTC,0.14999999999999999,Eco,1,546,243,True
Real_BTC,BTC,0.14999999999999999,Eco,2,577,204,True
Real_BTC,BTC,0.14999999999999999,Eco,3,608,175,True
Real_BTC,BTC,0.14999999999999999,Eco,4,638,151,True
Real_BTC,BTC,0.14999999999999999,Eco,5,669,184,True
Real_BTC,BTC,0.14999999999999999,Eco,6,699,158,True
Real_BTC,BTC,0.14999999999999999,Eco,7,730,243,True
Real_BTC,BTC,0.14999999999999999,Eco,8,761,212,True
Real_BTC,BTC,0.14999999999999999,Eco,9,789,244,True
Real_BTC,BTC,0.14999999999999999,Eco,10,820,202,True
Real_BTC,BTC,0.14999999999999999,Eco,11,850,209,True
Real_BTC,BTC,0.14999999999999999,Eco,12,881,188,True
Real_BTC,BTC,0.14999999999999999,Eco,13,911,158,True
Real_BTC,BTC,0.14999999999999999,Eco,14,942,128,True
Real_BTC,BTC,0.14999999999999999,Eco,15,973,-1,False
Real_BTC,BTC,0.14999999999999999,Eco,16,1003,-1,False
Real_BTC,BTC,0.14999999999999999,Eco,17,1034,-1,False
Real_BTC,BTC,0.14999999999999999,Eco,18,1064,-1,False
Real_BTC,BTC,0.14999999999999999,Eco,19,1095,-1,False
Real_BTC,BTC,0.14999999999999999,Eco,20,1126,-1,False
Real_BTC,BTC,0.14999999999999999,Eco,21,1154,480,True
Real_BTC,BTC,0.14999999999999999,Eco,22,1185,446,True
Real_BTC,BTC,0.14999999999999999,Eco,23,1215,-1,False
Real_BTC,BTC,0.14999999999999999,Eco,24,1246,389,True
Real_BTC,BTC,0.14999999999999999,Eco,25,1276,360,True
Real_BTC,BTC,0.14999999999999999,Eco,26,1307,-1,False
Real_BTC,BTC,0.14999999999999999,Eco,27,1338,298,True
Real_BTC,BTC,0.14999999999999999,Eco,28,1368,226,True
Real_BTC,BTC,0.14999999999999999,Eco,29,1399,188,True
Real_BTC,BTC,0.14999999999999999,Eco,30,1429,161,True
Real_BTC,BTC,0.14999999999999999,Eco,31,1460,129,True
Real_BTC,BTC,0.14999999999999999,Eco,32,1491,98,True
Real_BTC,BTC,0.14999999999999999,Eco,33,1519,75,True
Real_BTC,BTC,0.14999999999999999,Eco,34,1550,77,True
Real_BTC,BTC,0.14999999999999999,Eco,35,1580,136,True
Real_BTC,BTC,0.14999999999999999,Eco,36,1611,422,True
Real_BTC,BTC,0.14999999999999999,Eco,37,1641,477,True
Real_BTC,BTC,0.14999999999999999,Eco,38,1672,447,True
Real_BTC,BTC,0.14999999999999999,Eco,39,1703,416,True
Real_BTC,BTC,0.14999999999999999,Eco,40,1733,383,True
Real_BTC,BTC,0.14999999999999999,Eco,41,1764,355,True
Real_BTC,BTC,0.14999999999999999,Eco,42,1794,314,True
Real_BTC,BTC,0.14999999999999999,Eco,43,1825,283,True
Real_BTC,BTC,0.14999999999999999,Eco,44,1856,263,True
Real_BTC,BTC,0.14999999999999999,Eco,45,1885,233,True
Real_BTC,BTC,0.14999999999999999,Eco,46,1916,203,True
Real_BTC,BTC,0.14999999999999999,Eco,47,1946,238,True
Real_BTC,BTC,0.14999999999999999,Eco,48,1977,208,True
Real_BTC,BTC,0.14999999999999999,Eco,49,2007,178,True
Real_BTC,BTC,0.14999999999999999,Eco,50,2038,157,True
Real_BTC,BTC,0.14999999999999999,Eco,51,2069,121,True
Real_BTC,BTC,0.14999999999999999,Eco,52,2099,90,True
Real_BTC,BTC,0.14999999999999999,Eco,53,2130,99,True
Real_BTC,BTC,0.14999999999999999,Eco,54,2160,133,True
Real_BTC,BTC,0.14999999999999999,Eco,55,2191,-1,False
Real_BTC,BTC,0.14999999999999999,Eco,56,2222,-1,False
Real_BTC,BTC,0.14999999999999999,Eco,57,2250,-1,False
Real_BTC,BTC,0.14999999999999999,Eco,58,2281,-1,False
Real_BTC,BTC,0.14999999999999999,Eco,59,2311,-1,False
Real_BTC,BTC,0.14999999999999999,Eco,60,2342,-1,False
Real_BTC,BTC,0.14999999999999999,Eco,61,2372,-1,False
Real_BTC,BTC,0.14999999999999999,Eco,62,2403,-1,False
Real_BTC,BTC,0.14999999999999999,Eco,63,2434,-1,False
Real_BTC,BTC,0.14999999999999999,Eco,64,2464,-1,False
Real_BTC,BTC,0.14999999999999999,Eco,65,2495,-1,False
Real_BTC,BTC,0.14999999999999999,Eco,66,2525,-1,False
Real_BTC,BTC,0.14999999999999999,Eco,67,2556,-1,False
Real_BTC,BTC,0.14999999999999999,Eco,68,2587,-1,False
Real_BTC,BTC,0.14999999999999999,Eco,69,2615,-1,False
Real_BTC,BTC,0.14999999999999999,Eco,70,2646,-1,False
Real_BTC,BTC,0.14999999999999999,Eco,71,2676,-1,False
Real_BTC,BTC,0.14999999999999999,Eco,72,2707,338,True
Real_BTC,BTC,0.14999999999999999,Eco,73,2737,255,True
Real_BTC,BTC,0.14999999999999999,Eco,74,2768,240,True
Real_BTC,BTC,0.14999999999999999,Eco,75,2799,199,True
Real_BTC,BTC,0.14999999999999999,Eco,76,2829,199,True
Real_BTC,BTC,0.14999999999999999,Eco,77,2860,230,True
Real_BTC,BTC,0.14999999999999999,Eco,78,2890,202,True
Real_BTC,BTC,0.14999999999999999,Eco,79,2921,169,True
Real_BTC,BTC,0.14999999999999999,Eco,80,2952,245,True
Real_BTC,BTC,0.14999999999999999,Eco,81,2980,202,True
Real_BTC,BTC,0.14999999999999999,Eco,82,3011,220,True
Real_BTC,BTC,0.14999999999999999,Eco,83,3041,211,True
Real_BTC,BTC,0.14999999999999999,Eco,84,3072,183,True
Real_BTC,BTC,0.14999999999999999,Eco,85,3102,184,True
Real_BTC,BTC,0.14999999999999999,Eco,86,3133,141,True
Real_BTC,BTC,0.14999999999999999,Eco,87,3164,122,True
Real_BTC,BTC,0.14999999999999999,Eco,88,3194,134,True
Real_BTC,BTC,0.14999999999999999,Eco,89,3225,373,True
Real_BTC,BTC,0.14999999999999999,Eco,90,3255,345,True
Real_BTC,BTC,0.14999999999999999,Eco,91,3286,315,True
Real_BTC,BTC,0.14999999999999999,Eco,92,3317,318,True
Real_BTC,BTC,0.14999999999999999,Eco,93,3346,-1,False
Real_BTC,BTC,0.14999999999999999,Eco,94,3377,-1,False
Real_BTC,BTC,0.14999999999999999,Eco,95,3407,-1,False
Real_BTC,BTC,0.14999999999999999,Eco,96,3438,-1,False
Real_BTC,BTC,0.14999999999999999,Eco,97,3468,-1,False
Real_BTC,BTC,0.14999999999999999,Eco,98,3499,-1,False
Real_BTC,BTC,0.14999999999999999,Eco,99,3530,345,True
Real_BTC,BTC,0.14999999999999999,Eco,100,3560,-1,False
Real_BTC,BTC,0.14999999999999999,Eco,101,3591,-1,False
Real_BTC,BTC,0.14999999999999999,Eco,102,3621,-1,False
Real_BTC,BTC,0.14999999999999999,Eco,103,3652,-1,False
Real_BTC,BTC,0.14999999999999999,Eco,104,3683,-1,False
Real_BTC,BTC,0.14999999999999999,Eco,105,3711,-1,False
Real_BTC,BTC,0.20000000000000001,Concept,0,516,118,True
Real_BTC,BTC,0.20000000000000001,Concept,1,546,97,True
Real_BTC,BTC,0.20000000000000001,Concept,2,577,67,True
Real_BTC,BTC,0.20000000000000001,Concept,3,608,44,True
Real_BTC,BTC,0.20000000000000001,Concept,4,638,70,True
Real_BTC,BTC,0.20000000000000001,Concept,5,669,90,True
Real_BTC,BTC,0.20000000000000001,Concept,6,699,63,True
Real_BTC,BTC,0.20000000000000001,Concept,7,730,118,True
Real_BTC,BTC,0.20000000000000001,Concept,8,761,95,True
Real_BTC,BTC,0.20000000000000001,Concept,9,789,80,True
Real_BTC,BTC,0.20000000000000001,Concept,10,820,52,True
Real_BTC,BTC,0.20000000000000001,Concept,11,850,215,True
Real_BTC,BTC,0.20000000000000001,Concept,12,881,-1,False
Real_BTC,BTC,0.20000000000000001,Concept,13,911,-1,False
Real_BTC,BTC,0.20000000000000001,Concept,14,942,-1,False
Real_BTC,BTC,0.20000000000000001,Concept,15,973,-1,False
Real_BTC,BTC,0.20000000000000001,Concept,16,1003,-1,False
Real_BTC,BTC,0.20000000000000001,Concept,17,1034,498,True
Real_BTC,BTC,0.20000000000000001,Concept,18,1064,-1,False
Real_BTC,BTC,0.20000000000000001,Concept,19,1095,473,True
Real_BTC,BTC,0.20000000000000001,Concept,20,1126,442,True
Real_BTC,BTC,0.20000000000000001,Concept,21,1154,429,True
Real_BTC,BTC,0.20000000000000001,Concept,22,1185,383,True
Real_BTC,BTC,0.20000000000000001,Concept,23,1215,375,True
Real_BTC,BTC,0.20000000000000001,Concept,24,1246,337,True
Real_BTC,BTC,0.20000000000000001,Concept,25,1276,292,True
Real_BTC,BTC,0.20000000000000001,Concept,26,1307,259,True
Real_BTC,BTC,0.20000000000000001,Concept,27,1338,193,True
Real_BTC,BTC,0.20000000000000001,Concept,28,1368,145,True
Real_BTC,BTC,0.20000000000000001,Concept,29,1399,114,True
Real_BTC,BTC,0.20000000000000001,Concept,30,1429,84,True
Real_BTC,BTC,0.20000000000000001,Concept,31,1460,60,True
Real_BTC,BTC,0.20000000000000001,Concept,32,1491,45,True
Real_BTC,BTC,0.20000000000000001,Concept,33,1519,48,True
Real_BTC,BTC,0.20000000000000001,Concept,34,1550,80,True
Real_BTC,BTC,0.20000000000000001,Concept,35,1580,370,True
Real_BTC,BTC,0.20000000000000001,Concept,36,1611,407,True
Real_BTC,BTC,0.20000000000000001,Concept,37,1641,387,True
Real_BTC,BTC,0.20000000000000001,Concept,38,1672,354,True
Real_BTC,BTC,0.20000000000000001,Concept,39,1703,325,True
Real_BTC,BTC,0.20000000000000001,Concept,40,1733,288,True
Real_BTC,BTC,0.20000000000000001,Concept,41,1764,257,True
Real_BTC,BTC,0.20000000000000001,Concept,42,1794,224,True
Real_BTC,BTC,0.20000000000000001,Concept,43,1825,195,True
Real_BTC,BTC,0.20000000000000001,Concept,44,1856,173,True
Real_BTC,BTC,0.20000000000000001,Concept,45,1885,144,True
Real_BTC,BTC,0.20000000000000001,Concept,46,1916,107,True
Real_BTC,BTC,0.20000000000000001,Concept,47,1946,84,True
Real_BTC,BTC,0.20000000000000001,Concept,48,1977,57,True
Real_BTC,BTC,0.20000000000000001,Concept,49,2007,45,True
Real_BTC,BTC,0.20000000000000001,Concept,50,2038,72,True
Real_BTC,BTC,0.20000000000000001,Concept,51,2069,55,True
Real_BTC,BTC,0.20000000000000001,Concept,52,2099,49,True
Real_BTC,BTC,0.20000000000000001,Concept,53,2130,-1,False
Real_BTC,BTC,0.20000000000000001,Concept,54,2160,-1,False
Real_BTC,BTC,0.20000000000000001,Concept,55,2191,-1,False
Real_BTC,BTC,0.20000000000000001,Concept,56,2222,-1,False
Real_BTC,BTC,0.20000000000000001,Concept,57,2250,-1,False
Real_BTC,BTC,0.20000000000000001,Concept,58,2281,-1,False
Real_BTC,BTC,0.20000000000000001,Concept,59,2311,-1,False
Real_BTC,BTC,0.20000000000000001,Concept,60,2342,-1,False
Real_BTC,BTC,0.20000000000000001,Concept,61,2372,-1,False
Real_BTC,BTC,0.20000000000000001,Concept,62,2403,-1,False
Real_BTC,BTC,0.20000000000000001,Concept,63,2434,-1,False
Real_BTC,BTC,0.20000000000000001,Concept,64,2464,479,True
Real_BTC,BTC,0.20000000000000001,Concept,65,2495,453,True
Real_BTC,BTC,0.20000000000000001,Concept,66,2525,423,True
Real_BTC,BTC,0.20000000000000001,Concept,67,2556,392,True
Real_BTC,BTC,0.20000000000000001,Concept,68,2587,356,True
Real_BTC,BTC,0.20000000000000001,Concept,69,2615,326,True
Real_BTC,BTC,0.20000000000000001,Concept,70,2646,290,True
Real_BTC,BTC,0.20000000000000001,Concept,71,2676,260,True
Real_BTC,BTC,0.20000000000000001,Concept,72,2707,219,True
Real_BTC,BTC,0.20000000000000001,Concept,73,2737,126,True
Real_BTC,BTC,0.20000000000000001,Concept,74,2768,154,True
Real_BTC,BTC,0.20000000000000001,Concept,75,2799,115,True
Real_BTC,BTC,0.20000000000000001,Concept,76,2829,104,True
Real_BTC,BTC,0.20000000000000001,Concept,77,2860,73,True
Real_BTC,BTC,0.20000000000000001,Concept,78,2890,47,True
Real_BTC,BTC,0.20000000000000001,Concept,79,2921,98,True
Real_BTC,BTC,0.20000000000000001,Concept,80,2952,136,True
Real_BTC,BTC,0.20000000000000001,Concept,81,2980,108,True
Real_BTC,BTC,0.20000000000000001,Concept,82,3011,80,True
Real_BTC,BTC,0.20000000000000001,Concept,83,3041,81,True
Real_BTC,BTC,0.20000000000000001,Concept,84,3072,59,True
Real_BTC,BTC,0.20000000000000001,Concept,85,3102,59,True
Real_BTC,BTC,0.20000000000000001,Concept,86,3133,60,True
Real_BTC,BTC,0.20000000000000001,Concept,87,3164,50,True
Real_BTC,BTC,0.20000000000000001,Concept,88,3194,59,True
Real_BTC,BTC,0.20000000000000001,Concept,89,3225,97,True
Real_BTC,BTC,0.20000000000000001,Concept,90,3255,319,True
Real_BTC,BTC,0.20000000000000001,Concept,91,3286,350,True
Real_BTC,BTC,0.20000000000000001,Concept,92,3317,359,True
Real_BTC,BTC,0.20000000000000001,Concept,93,3346,433,True
Real_BTC,BTC,0.20000000000000001,Concept,94,3377,402,True
Real_BTC,BTC,0.20000000000000001,Concept,95,3407,372,True
Real_BTC,BTC,0.20000000000000001,Concept,96,3438,328,True
Real_BTC,BTC,0.20000000000000001,Concept,97,3468,311,True
Real_BTC,BTC,0.20000000000000001,Concept,98,3499,280,True
Real_BTC,BTC,0.20000000000000001,Concept,99,3530,249,True
Real_BTC,BTC,0.20000000000000001,Concept,100,3560,251,True
Real_BTC,BTC,0.20000000000000001,Concept,101,3591,252,True
Real_BTC,BTC,0.20000000000000001,Concept,102,3621,223,True
Real_BTC,BTC,0.20000000000000001,Concept,103,3652,272,True
Real_BTC,BTC,0.20000000000000001,Concept,104,3683,246,True
Real_BTC,BTC,0.20000000000000001,Concept,105,3711,213,True
Real_BTC,BTC,0.20000000000000001,Eco,0,516,205,True
Real_BTC,BTC,0.20000000000000001,Eco,1,546,180,True
Real_BTC,BTC,0.20000000000000001,Eco,2,577,144,True
Real_BTC,BTC,0.20000000000000001,Eco,3,608,122,True
Real_BTC,BTC,0.20000000000000001,Eco,4,638,95,True
Real_BTC,BTC,0.20000000000000001,Eco,5,669,121,True
Real_BTC,BTC,0.20000000000000001,Eco,6,699,151,True
Real_BTC,BTC,0.20000000000000001,Eco,7,730,142,True
Real_BTC,BTC,0.20000000000000001,Eco,8,761,125,True
Real_BTC,BTC,0.20000000000000001,Eco,9,789,166,True
Real_BTC,BTC,0.20000000000000001,Eco,10,820,135,True
Real_BTC,BTC,0.20000000000000001,Eco,11,850,183,True
Real_BTC,BTC,0.20000000000000001,Eco,12,881,186,True
Real_BTC,BTC,0.20000000000000001,Eco,13,911,156,True
Real_BTC,BTC,0.20000000000000001,Eco,14,942,127,True
Real_BTC,BTC,0.20000000000000001,Eco,15,973,97,True
Real_BTC,BTC,0.20000000000000001,Eco,16,1003,-1,False
Real_BTC,BTC,0.20000000000000001,Eco,17,1034,-1,False
Real_BTC,BTC,0.20000000000000001,Eco,18,1064,-1,False
Real_BTC,BTC,0.20000000000000001,Eco,19,1095,495,True
Real_BTC,BTC,0.20000000000000001,Eco,20,1126,464,True
Real_BTC,BTC,0.20000000000000001,Eco,21,1154,436,True
Real_BTC,BTC,0.20000000000000001,Eco,22,1185,404,True
Real_BTC,BTC,0.20000000000000001,Eco,23,1215,391,True
Real_BTC,BTC,0.20000000000000001,Eco,24,1246,346,True
Real_BTC,BTC,0.20000000000000001,Eco,25,1276,317,True
Real_BTC,BTC,0.20000000000000001,Eco,26,1307,298,True
Real_BTC,BTC,0.20000000000000001,Eco,27,1338,256,True
Real_BTC,BTC,0.20000000000000001,Eco,28,1368,218,True
Real_BTC,BTC,0.20000000000000001,Eco,29,1399,155,True
Real_BTC,BTC,0.20000000000000001,Eco,30,1429,139,True
Real_BTC,BTC,0.20000000000000001,Eco,31,1460,112,True
Real_BTC,BTC,0.20000000000000001,Eco,32,1491,90,True
Real_BTC,BTC,0.20000000000000001,Eco,33,1519,71,True
Real_BTC,BTC,0.20000000000000001,Eco,34,1550,73,True
Real_BTC,BTC,0.20000000000000001,Eco,35,1580,96,True
Real_BTC,BTC,0.20000000000000001,Eco,36,1611,241,True
Real_BTC,BTC,0.20000000000000001,Eco,37,1641,391,True
Real_BTC,BTC,0.20000000000000001,Eco,38,1672,361,True
Real_BTC,BTC,0.20000000000000001,Eco,39,1703,330,True
Real_BTC,BTC,0.20000000000000001,Eco,40,1733,300,True
Real_BTC,BTC,0.20000000000000001,Eco,41,1764,272,True
Real_BTC,BTC,0.20000000000000001,Eco,42,1794,239,True
Real_BTC,BTC,0.20000000000000001,Eco,43,1825,208,True
Real_BTC,BTC,0.20000000000000001,Eco,44,1856,182,True
Real_BTC,BTC,0.20000000000000001,Eco,45,1885,152,True
Real_BTC,BTC,0.20000000000000001,Eco,46,1916,137,True
Real_BTC,BTC,0.20000000000000001,Eco,47,1946,195,True
Real_BTC,BTC,0.20000000000000001,Eco,48,1977,172,True
Real_BTC,BTC,0.20000000000000001,Eco,49,2007,146,True
Real_BTC,BTC,0.20000000000000001,Eco,50,2038,147,True
Real_BTC,BTC,0.20000000000000001,Eco,51,2069,109,True
Real_BTC,BTC,0.20000000000000001,Eco,52,2099,85,True
Real_BTC,BTC,0.20000000000000001,Eco,53,2130,68,True
Real_BTC,BTC,0.20000000000000001,Eco,54,2160,102,True
Real_BTC,BTC,0.20000000000000001,Eco,55,2191,311,True
Real_BTC,BTC,0.20000000000000001,Eco,56,2222,-1,False
Real_BTC,BTC,0.20000000000000001,Eco,57,2250,-1,False
Real_BTC,BTC,0.20000000000000001,Eco,58,2281,-1,False
Real_BTC,BTC,0.20000000000000001,Eco,59,2311,-1,False
Real_BTC,BTC,0.20000000000000001,Eco,60,2342,-1,False
Real_BTC,BTC,0.20000000000000001,Eco,61,2372,-1,False
Real_BTC,BTC,0.20000000000000001,Eco,62,2403,-1,False
Real_BTC,BTC,0.20000000000000001,Eco,63,2434,-1,False
Real_BTC,BTC,0.20000000000000001,Eco,64,2464,-1,False
Real_BTC,BTC,0.20000000000000001,Eco,65,2495,-1,False
Real_BTC,BTC,0.20000000000000001,Eco,66,2525,-1,False
Real_BTC,BTC,0.20000000000000001,Eco,67,2556,-1,False
Real_BTC,BTC,0.20000000000000001,Eco,68,2587,-1,False
Real_BTC,BTC,0.20000000000000001,Eco,69,2615,-1,False
Real_BTC,BTC,0.20000000000000001,Eco,70,2646,445,True
Real_BTC,BTC,0.20000000000000001,Eco,71,2676,320,True
Real_BTC,BTC,0.20000000000000001,Eco,72,2707,245,True
Real_BTC,BTC,0.20000000000000001,Eco,73,2737,197,True
Real_BTC,BTC,0.20000000000000001,Eco,74,2768,198,True
Real_BTC,BTC,0.20000000000000001,Eco,75,2799,167,True
Real_BTC,BTC,0.20000000000000001,Eco,76,2829,167,True
Real_BTC,BTC,0.20000000000000001,Eco,77,2860,140,True
Real_BTC,BTC,0.20000000000000001,Eco,78,2890,130,True
Real_BTC,BTC,0.20000000000000001,Eco,79,2921,100,True
Real_BTC,BTC,0.20000000000000001,Eco,80,2952,160,True
Real_BTC,BTC,0.20000000000000001,Eco,81,2980,132,True
Real_BTC,BTC,0.20000000000000001,Eco,82,3011,198,True
Real_BTC,BTC,0.20000000000000001,Eco,83,3041,175,True
Real_BTC,BTC,0.20000000000000001,Eco,84,3072,146,True
Real_BTC,BTC,0.20000000000000001,Eco,85,3102,146,True
Real_BTC,BTC,0.20000000000000001,Eco,86,3133,122,True
Real_BTC,BTC,0.20000000000000001,Eco,87,3164,93,True
Real_BTC,BTC,0.20000000000000001,Eco,88,3194,99,True
Real_BTC,BTC,0.20000000000000001,Eco,89,3225,128,True
Real_BTC,BTC,0.20000000000000001,Eco,90,3255,171,True
Real_BTC,BTC,0.20000000000000001,Eco,91,3286,262,True
Real_BTC,BTC,0.20000000000000001,Eco,92,3317,271,True
Real_BTC,BTC,0.20000000000000001,Eco,93,3346,433,True
Real_BTC,BTC,0.20000000000000001,Eco,94,3377,-1,False
Real_BTC,BTC,0.20000000000000001,Eco,95,3407,436,True
Real_BTC,BTC,0.20000000000000001,Eco,96,3438,403,True
Real_BTC,BTC,0.20000000000000001,Eco,97,3468,313,True
Real_BTC,BTC,0.20000000000000001,Eco,98,3499,280,True
Real_BTC,BTC,0.20000000000000001,Eco,99,3530,242,True
Real_BTC,BTC,0.20000000000000001,Eco,100,3560,233,True
Real_BTC,BTC,0.20000000000000001,Eco,101,3591,285,True
Real_BTC,BTC,0.20000000000000001,Eco,102,3621,-1,False
Real_BTC,BTC,0.20000000000000001,Eco,103,3652,-1,False
Real_BTC,BTC,0.20000000000000001,Eco,104,3683,-1,False
Real_BTC,BTC,0.20000000000000001,Eco,105,3711,-1,False
Real_BTC,BTC,0.25,Concept,0,516,90,True
Real_BTC,BTC,0.25,Concept,1,546,79,True
Real_BTC,BTC,0.25,Concept,2,577,37,True
Real_BTC,BTC,0.25,Concept,3,608,33,True
Real_BTC,BTC,0.25,Concept,4,638,45,True
Real_BTC,BTC,0.25,Concept,5,669,58,True
Real_BTC,BTC,0.25,Concept,6,699,58,True
Real_BTC,BTC,0.25,Concept,7,730,73,True
Real_BTC,BTC,0.25,Concept,8,761,90,True
Real_BTC,BTC,0.25,Concept,9,789,70,True
Real_BTC,BTC,0.25,Concept,10,820,40,True
Real_BTC,BTC,0.25,Concept,11,850,173,True
Real_BTC,BTC,0.25,Concept,12,881,184,True
Real_BTC,BTC,0.25,Concept,13,911,154,True
Real_BTC,BTC,0.25,Concept,14,942,96,True
Real_BTC,BTC,0.25,Concept,15,973,106,True
Real_BTC,BTC,0.25,Concept,16,1003,67,True
Real_BTC,BTC,0.25,Concept,17,1034,357,True
Real_BTC,BTC,0.25,Concept,18,1064,327,True
Real_BTC,BTC,0.25,Concept,19,1095,296,True
Real_BTC,BTC,0.25,Concept,20,1126,265,True
Real_BTC,BTC,0.25,Concept,21,1154,239,True
Real_BTC,BTC,0.25,Concept,22,1185,206,True
Real_BTC,BTC,0.25,Concept,23,1215,186,True
Real_BTC,BTC,0.25,Concept,24,1246,147,True
Real_BTC,BTC,0.25,Concept,25,1276,118,True
Real_BTC,BTC,0.25,Concept,26,1307,85,True
Real_BTC,BTC,0.25,Concept,27,1338,56,True
Real_BTC,BTC,0.25,Concept,28,1368,43,True
Real_BTC,BTC,0.25,Concept,29,1399,109,True
Real_BTC,BTC,0.25,Concept,30,1429,79,True
Real_BTC,BTC,0.25,Concept,31,1460,58,True
Real_BTC,BTC,0.25,Concept,32,1491,45,True
Real_BTC,BTC,0.25,Concept,33,1519,48,True
Real_BTC,BTC,0.25,Concept,34,1550,73,True
Real_BTC,BTC,0.25,Concept,35,1580,138,True
Real_BTC,BTC,0.25,Concept,36,1611,331,True
Real_BTC,BTC,0.25,Concept,37,1641,309,True
Real_BTC,BTC,0.25,Concept,38,1672,279,True
Real_BTC,BTC,0.25,Concept,39,1703,283,True
Real_BTC,BTC,0.25,Concept,40,1733,253,True
Real_BTC,BTC,0.25,Concept,41,1764,222,True
Real_BTC,BTC,0.25,Concept,42,1794,192,True
Real_BTC,BTC,0.25,Concept,43,1825,172,True
Real_BTC,BTC,0.25,Concept,44,1856,165,True
Real_BTC,BTC,0.25,Concept,45,1885,134,True
Real_BTC,BTC,0.25,Concept,46,1916,78,True
Real_BTC,BTC,0.25,Concept,47,1946,79,True
Real_BTC,BTC,0.25,Concept,48,1977,55,True
Real_BTC,BTC,0.25,Concept,49,2007,40,True
Real_BTC,BTC,0.25,Concept,50,2038,72,True
Real_BTC,BTC,0.25,Concept,51,2069,55,True
Real_BTC,BTC,0.25,Concept,52,2099,46,True
Real_BTC,BTC,0.25,Concept,53,2130,67,True
Real_BTC,BTC,0.25,Concept,54,2160,341,True
Real_BTC,BTC,0.25,Concept,55,2191,401,True
Real_BTC,BTC,0.25,Concept,56,2222,370,True
Real_BTC,BTC,0.25,Concept,57,2250,345,True
Real_BTC,BTC,0.25,Concept,58,2281,314,True
Real_BTC,BTC,0.25,Concept,59,2311,-1,False
Real_BTC,BTC,0.25,Concept,60,2342,250,True
Real_BTC,BTC,0.25,Concept,61,2372,215,True
Real_BTC,BTC,0.25,Concept,62,2403,-1,False
Real_BTC,BTC,0.25,Concept,63,2434,499,True
Real_BTC,BTC,0.25,Concept,64,2464,469,True
Real_BTC,BTC,0.25,Concept,65,2495,438,True
Real_BTC,BTC,0.25,Concept,66,2525,408,True
Real_BTC,BTC,0.25,Concept,67,2556,377,True
Real_BTC,BTC,0.25,Concept,68,2587,341,True
Real_BTC,BTC,0.25,Concept,69,2615,308,True
Real_BTC,BTC,0.25,Concept,70,2646,257,True
Real_BTC,BTC,0.25,Concept,71,2676,227,True
Real_BTC,BTC,0.25,Concept,72,2707,126,True
Real_BTC,BTC,0.25,Concept,73,2737,91,True
Real_BTC,BTC,0.25,Concept,74,2768,90,True
Real_BTC,BTC,0.25,Concept,75,2799,60,True
Real_BTC,BTC,0.25,Concept,76,2829,90,True
Real_BTC,BTC,0.25,Concept,77,2860,71,True
Real_BTC,BTC,0.25,Concept,78,2890,46,True
Real_BTC,BTC,0.25,Concept,79,2921,45,True
Real_BTC,BTC,0.25,Concept,80,2952,114,True
Real_BTC,BTC,0.25,Concept,81,2980,87,True
Real_BTC,BTC,0.25,Concept,82,3011,78,True
Real_BTC,BTC,0.25,Concept,83,3041,71,True
Real_BTC,BTC,0.25,Concept,84,3072,51,True
Real_BTC,BTC,0.25,Concept,85,3102,43,True
Real_BTC,BTC,0.25,Concept,86,3133,50,True
Real_BTC,BTC,0.25,Concept,87,3164,48,True
Real_BTC,BTC,0.25,Concept,88,3194,42,True
Real_BTC,BTC,0.25,Concept,89,3225,87,True
Real_BTC,BTC,0.25,Concept,90,3255,93,True
Real_BTC,BTC,0.25,Concept,91,3286,288,True
Real_BTC,BTC,0.25,Concept,92,3317,284,True
Real_BTC,BTC,0.25,Concept,93,3346,255,True
Real_BTC,BTC,0.25,Concept,94,3377,224,True
Real_BTC,BTC,0.25,Concept,95,3407,194,True
Real_BTC,BTC,0.25,Concept,96,3438,163,True
Real_BTC,BTC,0.25,Concept,97,3468,133,True
Real_BTC,BTC,0.25,Concept,98,3499,102,True
Real_BTC,BTC,0.25,Concept,99,3530,71,True
Real_BTC,BTC,0.25,Concept,100,3560,106,True
Real_BTC,BTC,0.25,Concept,101,3591,189,True
Real_BTC,BTC,0.25,Concept,102,3621,177,True
Real_BTC,BTC,0.25,Concept,103,3652,190,True
Real_BTC,BTC,0.25,Concept,104,3683,160,True
Real_BTC,BTC,0.25,Concept,105,3711,133,True
Real_BTC,BTC,0.25,Eco,0,516,183,True
Real_BTC,BTC,0.25,Eco,1,546,171,True
Real_BTC,BTC,0.25,Eco,2,577,133,True
Real_BTC,BTC,0.25,Eco,3,608,111,True
Real_BTC,BTC,0.25,Eco,4,638,88,True
Real_BTC,BTC,0.25,Eco,5,669,112,True
Real_BTC,BTC,0.25,Eco,6,699,92,True
Real_BTC,BTC,0.25,Eco,7,730,137,True
Real_BTC,BTC,0.25,Eco,8,761,110,True
Real_BTC,BTC,0.25,Eco,9,789,96,True
Real_BTC,BTC,0.25,Eco,10,820,70,True
Real_BTC,BTC,0.25,Eco,11,850,123,True
Real_BTC,BTC,0.25,Eco,12,881,179,True
Real_BTC,BTC,0.25,Eco,13,911,149,True
Real_BTC,BTC,0.25,Eco,14,942,124,True
Real_BTC,BTC,0.25,Eco,15,973,96,True
Real_BTC,BTC,0.25,Eco,16,1003,67,True
Real_BTC,BTC,0.25,Eco,17,1034,-1,False
Real_BTC,BTC,0.25,Eco,18,1064,-1,False
Real_BTC,BTC,0.25,Eco,19,1095,487,True
Real_BTC,BTC,0.25,Eco,20,1126,445,True
Real_BTC,BTC,0.25,Eco,21,1154,403,True
Real_BTC,BTC,0.25,Eco,22,1185,353,True
Real_BTC,BTC,0.25,Eco,23,1215,356,True
Real_BTC,BTC,0.25,Eco,24,1246,305,True
Real_BTC,BTC,0.25,Eco,25,1276,280,True
Real_BTC,BTC,0.25,Eco,26,1307,275,True
Real_BTC,BTC,0.25,Eco,27,1338,244,True
Real_BTC,BTC,0.25,Eco,28,1368,187,True
Real_BTC,BTC,0.25,Eco,29,1399,152,True
Real_BTC,BTC,0.25,Eco,30,1429,122,True
Real_BTC,BTC,0.25,Eco,31,1460,91,True
Real_BTC,BTC,0.25,Eco,32,1491,74,True
Real_BTC,BTC,0.25,Eco,33,1519,69,True
Real_BTC,BTC,0.25,Eco,34,1550,55,True
Real_BTC,BTC,0.25,Eco,35,1580,56,True
Real_BTC,BTC,0.25,Eco,36,1611,211,True
Real_BTC,BTC,0.25,Eco,37,1641,225,True
Real_BTC,BTC,0.25,Eco,38,1672,280,True
Real_BTC,BTC,0.25,Eco,39,1703,272,True
Real_BTC,BTC,0.25,Eco,40,1733,231,True
Real_BTC,BTC,0.25,Eco,41,1764,234,True
Real_BTC,BTC,0.25,Eco,42,1794,191,True
Real_BTC,BTC,0.25,Eco,43,1825,189,True
Real_BTC,BTC,0.25,Eco,44,1856,175,True
Real_BTC,BTC,0.25,Eco,45,1885,143,True
Real_BTC,BTC,0.25,Eco,46,1916,117,True
Real_BTC,BTC,0.25,Eco,47,1946,172,True
Real_BTC,BTC,0.25,Eco,48,1977,155,True
Real_BTC,BTC,0.25,Eco,49,2007,127,True
Real_BTC,BTC,0.25,Eco,50,2038,137,True
Real_BTC,BTC,0.25,Eco,51,2069,104,True
Real_BTC,BTC,0.25,Eco,52,2099,76,True
Real_BTC,BTC,0.25,Eco,53,2130,66,True
Real_BTC,BTC,0.25,Eco,54,2160,82,True
Real_BTC,BTC,0.25,Eco,55,2191,245,True
Real_BTC,BTC,0.25,Eco,56,2222,250,True
Real_BTC,BTC,0.25,Eco,57,2250,-1,False
Real_BTC,BTC,0.25,Eco,58,2281,-1,False
Real_BTC,BTC,0.25,Eco,59,2311,-1,False
Real_BTC,BTC,0.25,Eco,60,2342,296,True
Real_BTC,BTC,0.25,Eco,61,2372,242,True
Real_BTC,BTC,0.25,Eco,62,2403,-1,False
Real_BTC,BTC,0.25,Eco,63,2434,-1,False
Real_BTC,BTC,0.25,Eco,64,2464,-1,False
Real_BTC,BTC,0.25,Eco,65,2495,-1,False
Real_BTC,BTC,0.25,Eco,66,2525,477,True
Real_BTC,BTC,0.25,Eco,67,2556,410,True
Real_BTC,BTC,0.25,Eco,68,2587,379,True
Real_BTC,BTC,0.25,Eco,69,2615,378,True
Real_BTC,BTC,0.25,Eco,70,2646,320,True
Real_BTC,BTC,0.25,Eco,71,2676,263,True
Real_BTC,BTC,0.25,Eco,72,2707,224,True
Real_BTC,BTC,0.25,Eco,73,2737,178,True
Real_BTC,BTC,0.25,Eco,74,2768,168,True
Real_BTC,BTC,0.25,Eco,75,2799,140,True
Real_BTC,BTC,0.25,Eco,76,2829,137,True
Real_BTC,BTC,0.25,Eco,77,2860,132,True
Real_BTC,BTC,0.25,Eco,78,2890,108,True
Real_BTC,BTC,0.25,Eco,79,2921,87,True
Real_BTC,BTC,0.25,Eco,80,2952,139,True
Real_BTC,BTC,0.25,Eco,81,2980,112,True
Real_BTC,BTC,0.25,Eco,82,3011,159,True
Real_BTC,BTC,0.25,Eco,83,3041,153,True
Real_BTC,BTC,0.25,Eco,84,3072,137,True
Real_BTC,BTC,0.25,Eco,85,3102,123,True
Real_BTC,BTC,0.25,Eco,86,3133,101,True
Real_BTC,BTC,0.25,Eco,87,3164,79,True
Real_BTC,BTC,0.25,Eco,88,3194,80,True
Real_BTC,BTC,0.25,Eco,89,3225,119,True
Real_BTC,BTC,0.25,Eco,90,3255,98,True
Real_BTC,BTC,0.25,Eco,91,3286,140,True
Real_BTC,BTC,0.25,Eco,92,3317,171,True
Real_BTC,BTC,0.25,Eco,93,3346,263,True
Real_BTC,BTC,0.25,Eco,94,3377,402,True
Real_BTC,BTC,0.25,Eco,95,3407,261,True
Real_BTC,BTC,0.25,Eco,96,3438,198,True
Real_BTC,BTC,0.25,Eco,97,3468,165,True
Real_BTC,BTC,0.25,Eco,98,3499,129,True
Real_BTC,BTC,0.25,Eco,99,3530,105,True
Real_BTC,BTC,0.25,Eco,100,3560,203,True
Real_BTC,BTC,0.25,Eco,101,3591,200,True
Real_BTC,BTC,0.25,Eco,102,3621,307,True
Real_BTC,BTC,0.25,Eco,103,3652,-1,False
Real_BTC,BTC,0.25,Eco,104,3683,-1,False
Real_BTC,BTC,0.25,Eco,105,3711,218,True
Real_BTC,BTC,0.34999999999999998,Concept,0,516,85,True
Real_BTC,BTC,0.34999999999999998,Concept,1,546,62,True
Real_BTC,BTC,0.34999999999999998,Concept,2,577,35,True
Real_BTC,BTC,0.34999999999999998,Concept,3,608,33,True
Real_BTC,BTC,0.34999999999999998,Concept,4,638,35,True
Real_BTC,BTC,0.34999999999999998,Concept,5,669,48,True
Real_BTC,BTC,0.34999999999999998,Concept,6,699,50,True
Real_BTC,BTC,0.34999999999999998,Concept,7,730,50,True
Real_BTC,BTC,0.34999999999999998,Concept,8,761,68,True
Real_BTC,BTC,0.34999999999999998,Concept,9,789,62,True
Real_BTC,BTC,0.34999999999999998,Concept,10,820,35,True
Real_BTC,BTC,0.34999999999999998,Concept,11,850,160,True
Real_BTC,BTC,0.34999999999999998,Concept,12,881,151,True
Real_BTC,BTC,0.34999999999999998,Concept,13,911,121,True
Real_BTC,BTC,0.34999999999999998,Concept,14,942,91,True
Real_BTC,BTC,0.34999999999999998,Concept,15,973,94,True
Real_BTC,BTC,0.34999999999999998,Concept,16,1003,67,True
Real_BTC,BTC,0.34999999999999998,Concept,17,1034,307,True
Real_BTC,BTC,0.34999999999999998,Concept,18,1064,287,True
Real_BTC,BTC,0.34999999999999998,Concept,19,1095,246,True
Real_BTC,BTC,0.34999999999999998,Concept,20,1126,215,True
Real_BTC,BTC,0.34999999999999998,Concept,21,1154,187,True
Real_BTC,BTC,0.34999999999999998,Concept,22,1185,156,True
Real_BTC,BTC,0.34999999999999998,Concept,23,1215,126,True
Real_BTC,BTC,0.34999999999999998,Concept,24,1246,105,True
Real_BTC,BTC,0.34999999999999998,Concept,25,1276,90,True
Real_BTC,BTC,0.34999999999999998,Concept,26,1307,63,True
Real_BTC,BTC,0.34999999999999998,Concept,27,1338,45,True
Real_BTC,BTC,0.34999999999999998,Concept,28,1368,33,True
Real_BTC,BTC,0.34999999999999998,Concept,29,1399,103,True
Real_BTC,BTC,0.34999999999999998,Concept,30,1429,74,True
Real_BTC,BTC,0.34999999999999998,Concept,31,1460,48,True
Real_BTC,BTC,0.34999999999999998,Concept,32,1491,38,True
Real_BTC,BTC,0.34999999999999998,Concept,33,1519,33,True
Real_BTC,BTC,0.34999999999999998,Concept,34,1550,40,True
Real_BTC,BTC,0.34999999999999998,Concept,35,1580,53,True
Real_BTC,BTC,0.34999999999999998,Concept,36,1611,134,True
Real_BTC,BTC,0.34999999999999998,Concept,37,1641,128,True
Real_BTC,BTC,0.34999999999999998,Concept,38,1672,149,True
Real_BTC,BTC,0.34999999999999998,Concept,39,1703,128,True
Real_BTC,BTC,0.34999999999999998,Concept,40,1733,118,True
Real_BTC,BTC,0.34999999999999998,Concept,41,1764,94,True
Real_BTC,BTC,0.34999999999999998,Concept,42,1794,67,True
Real_BTC,BTC,0.34999999999999998,Concept,43,1825,65,True
Real_BTC,BTC,0.34999999999999998,Concept,44,1856,88,True
Real_BTC,BTC,0.34999999999999998,Concept,45,1885,68,True
Real_BTC,BTC,0.34999999999999998,Concept,46,1916,58,True
Real_BTC,BTC,0.34999999999999998,Concept,47,1946,58,True
Real_BTC,BTC,0.34999999999999998,Concept,48,1977,37,True
Real_BTC,BTC,0.34999999999999998,Concept,49,2007,30,True
Real_BTC,BTC,0.34999999999999998,Concept,50,2038,70,True
Real_BTC,BTC,0.34999999999999998,Concept,51,2069,50,True
Real_BTC,BTC,0.34999999999999998,Concept,52,2099,36,True
Real_BTC,BTC,0.34999999999999998,Concept,53,2130,60,True
Real_BTC,BTC,0.34999999999999998,Concept,54,2160,101,True
Real_BTC,BTC,0.34999999999999998,Concept,55,2191,243,True
Real_BTC,BTC,0.34999999999999998,Concept,56,2222,215,True
Real_BTC,BTC,0.34999999999999998,Concept,57,2250,219,True
Real_BTC,BTC,0.34999999999999998,Concept,58,2281,193,True
Real_BTC,BTC,0.34999999999999998,Concept,59,2311,163,True
Real_BTC,BTC,0.34999999999999998,Concept,60,2342,132,True
Real_BTC,BTC,0.34999999999999998,Concept,61,2372,109,True
Real_BTC,BTC,0.34999999999999998,Concept,62,2403,100,True
Real_BTC,BTC,0.34999999999999998,Concept,63,2434,150,True
Real_BTC,BTC,0.34999999999999998,Concept,64,2464,123,True
Real_BTC,BTC,0.34999999999999998,Concept,65,2495,147,True
Real_BTC,BTC,0.34999999999999998,Concept,66,2525,117,True
Real_BTC,BTC,0.34999999999999998,Concept,67,2556,222,True
Real_BTC,BTC,0.34999999999999998,Concept,68,2587,205,True
Real_BTC,BTC,0.34999999999999998,Concept,69,2615,176,True
Real_BTC,BTC,0.34999999999999998,Concept,70,2646,157,True
Real_BTC,BTC,0.34999999999999998,Concept,71,2676,127,True
Real_BTC,BTC,0.34999999999999998,Concept,72,2707,96,True
Real_BTC,BTC,0.34999999999999998,Concept,73,2737,64,True
Real_BTC,BTC,0.34999999999999998,Concept,74,2768,65,True
Real_BTC,BTC,0.34999999999999998,Concept,75,2799,50,True
Real_BTC,BTC,0.34999999999999998,Concept,76,2829,58,True
Real_BTC,BTC,0.34999999999999998,Concept,77,2860,58,True
Real_BTC,BTC,0.34999999999999998,Concept,78,2890,38,True
Real_BTC,BTC,0.34999999999999998,Concept,79,2921,33,True
Real_BTC,BTC,0.34999999999999998,Concept,80,2952,70,True
Real_BTC,BTC,0.34999999999999998,Concept,81,2980,60,True
Real_BTC,BTC,0.34999999999999998,Concept,82,3011,73,True
Real_BTC,BTC,0.34999999999999998,Concept,83,3041,63,True
Real_BTC,BTC,0.34999999999999998,Concept,84,3072,49,True
Real_BTC,BTC,0.34999999999999998,Concept,85,3102,40,True
Real_BTC,BTC,0.34999999999999998,Concept,86,3133,47,True
Real_BTC,BTC,0.34999999999999998,Concept,87,3164,48,True
Real_BTC,BTC,0.34999999999999998,Concept,88,3194,40,True
Real_BTC,BTC,0.34999999999999998,Concept,89,3225,52,True
Real_BTC,BTC,0.34999999999999998,Concept,90,3255,70,True
Real_BTC,BTC,0.34999999999999998,Concept,91,3286,50,True
Real_BTC,BTC,0.34999999999999998,Concept,92,3317,165,True
Real_BTC,BTC,0.34999999999999998,Concept,93,3346,227,True
Real_BTC,BTC,0.34999999999999998,Concept,94,3377,222,True
Real_BTC,BTC,0.34999999999999998,Concept,95,3407,181,True
Real_BTC,BTC,0.34999999999999998,Concept,96,3438,138,True
Real_BTC,BTC,0.34999999999999998,Concept,97,3468,109,True
Real_BTC,BTC,0.34999999999999998,Concept,98,3499,90,True
Real_BTC,BTC,0.34999999999999998,Concept,99,3530,69,True
Real_BTC,BTC,0.34999999999999998,Concept,100,3560,71,True
Real_BTC,BTC,0.34999999999999998,Concept,101,3591,89,True
Real_BTC,BTC,0.34999999999999998,Concept,102,3621,140,True
Real_BTC,BTC,0.34999999999999998,Concept,103,3652,113,True
Real_BTC,BTC,0.34999999999999998,Concept,104,3683,98,True
Real_BTC,BTC,0.34999999999999998,Concept,105,3711,78,True
Real_BTC,BTC,0.34999999999999998,Eco,0,516,134,True
Real_BTC,BTC,0.34999999999999998,Eco,1,546,123,True
Real_BTC,BTC,0.34999999999999998,Eco,2,577,89,True
Real_BTC,BTC,0.34999999999999998,Eco,3,608,82,True
Real_BTC,BTC,0.34999999999999998,Eco,4,638,79,True
Real_BTC,BTC,0.34999999999999998,Eco,5,669,64,True
Real_BTC,BTC,0.34999999999999998,Eco,6,699,82,True
Real_BTC,BTC,0.34999999999999998,Eco,7,730,122,True
Real_BTC,BTC,0.34999999999999998,Eco,8,761,96,True
Real_BTC,BTC,0.34999999999999998,Eco,9,789,83,True
Real_BTC,BTC,0.34999999999999998,Eco,10,820,53,True
Real_BTC,BTC,0.34999999999999998,Eco,11,850,104,True
Real_BTC,BTC,0.34999999999999998,Eco,12,881,154,True
Real_BTC,BTC,0.34999999999999998,Eco,13,911,124,True
Real_BTC,BTC,0.34999999999999998,Eco,14,942,115,True
Real_BTC,BTC,0.34999999999999998,Eco,15,973,94,True
Real_BTC,BTC,0.34999999999999998,Eco,16,1003,66,True
Real_BTC,BTC,0.34999999999999998,Eco,17,1034,333,True
Real_BTC,BTC,0.34999999999999998,Eco,18,1064,444,True
Real_BTC,BTC,0.34999999999999998,Eco,19,1095,307,True
Real_BTC,BTC,0.34999999999999998,Eco,20,1126,245,True
Real_BTC,BTC,0.34999999999999998,Eco,21,1154,204,True
Real_BTC,BTC,0.34999999999999998,Eco,22,1185,152,True
Real_BTC,BTC,0.34999999999999998,Eco,23,1215,179,True
Real_BTC,BTC,0.34999999999999998,Eco,24,1246,143,True
Real_BTC,BTC,0.34999999999999998,Eco,25,1276,127,True
Real_BTC,BTC,0.34999999999999998,Eco,26,1307,193,True
Real_BTC,BTC,0.34999999999999998,Eco,27,1338,175,True
Real_BTC,BTC,0.34999999999999998,Eco,28,1368,153,True
Real_BTC,BTC,0.34999999999999998,Eco,29,1399,131,True
Real_BTC,BTC,0.34999999999999998,Eco,30,1429,103,True
Real_BTC,BTC,0.34999999999999998,Eco,31,1460,82,True
Real_BTC,BTC,0.34999999999999998,Eco,32,1491,60,True
Real_BTC,BTC,0.34999999999999998,Eco,33,1519,61,True
Real_BTC,BTC,0.34999999999999998,Eco,34,1550,42,True
Real_BTC,BTC,0.34999999999999998,Eco,35,1580,53,True
Real_BTC,BTC,0.34999999999999998,Eco,36,1611,109,True
Real_BTC,BTC,0.34999999999999998,Eco,37,1641,181,True
Real_BTC,BTC,0.34999999999999998,Eco,38,1672,159,True
Real_BTC,BTC,0.34999999999999998,Eco,39,1703,142,True
Real_BTC,BTC,0.34999999999999998,Eco,40,1733,119,True
Real_BTC,BTC,0.34999999999999998,Eco,41,1764,109,True
Real_BTC,BTC,0.34999999999999998,Eco,42,1794,95,True
Real_BTC,BTC,0.34999999999999998,Eco,43,1825,127,True
Real_BTC,BTC,0.34999999999999998,Eco,44,1856,136,True
Real_BTC,BTC,0.34999999999999998,Eco,45,1885,101,True
Real_BTC,BTC,0.34999999999999998,Eco,46,1916,90,True
Real_BTC,BTC,0.34999999999999998,Eco,47,1946,101,True
Real_BTC,BTC,0.34999999999999998,Eco,48,1977,117,True
Real_BTC,BTC,0.34999999999999998,Eco,49,2007,103,True
Real_BTC,BTC,0.34999999999999998,Eco,50,2038,101,True
Real_BTC,BTC,0.34999999999999998,Eco,51,2069,76,True
Real_BTC,BTC,0.34999999999999998,Eco,52,2099,60,True
Real_BTC,BTC,0.34999999999999998,Eco,53,2130,60,True
Real_BTC,BTC,0.34999999999999998,Eco,54,2160,72,True
Real_BTC,BTC,0.34999999999999998,Eco,55,2191,99,True
Real_BTC,BTC,0.34999999999999998,Eco,56,2222,176,True
Real_BTC,BTC,0.34999999999999998,Eco,57,2250,188,True
Real_BTC,BTC,0.34999999999999998,Eco,58,2281,197,True
Real_BTC,BTC,0.34999999999999998,Eco,59,2311,167,True
Real_BTC,BTC,0.34999999999999998,Eco,60,2342,127,True
Real_BTC,BTC,0.34999999999999998,Eco,61,2372,104,True
Real_BTC,BTC,0.34999999999999998,Eco,62,2403,211,True
Real_BTC,BTC,0.34999999999999998,Eco,63,2434,245,True
Real_BTC,BTC,0.34999999999999998,Eco,64,2464,209,True
Real_BTC,BTC,0.34999999999999998,Eco,65,2495,362,True
Real_BTC,BTC,0.34999999999999998,Eco,66,2525,329,True
Real_BTC,BTC,0.34999999999999998,Eco,67,2556,275,True
Real_BTC,BTC,0.34999999999999998,Eco,68,2587,258,True
Real_BTC,BTC,0.34999999999999998,Eco,69,2615,285,True
Real_BTC,BTC,0.34999999999999998,Eco,70,2646,251,True
Real_BTC,BTC,0.34999999999999998,Eco,71,2676,180,True
Real_BTC,BTC,0.34999999999999998,Eco,72,2707,144,True
Real_BTC,BTC,0.34999999999999998,Eco,73,2737,111,True
Real_BTC,BTC,0.34999999999999998,Eco,74,2768,134,True
Real_BTC,BTC,0.34999999999999998,Eco,75,2799,120,True
Real_BTC,BTC,0.34999999999999998,Eco,76,2829,105,True
Real_BTC,BTC,0.34999999999999998,Eco,77,2860,89,True
Real_BTC,BTC,0.34999999999999998,Eco,78,2890,79,True
Real_BTC,BTC,0.34999999999999998,Eco,79,2921,74,True
Real_BTC,BTC,0.34999999999999998,Eco,80,2952,88,True
Real_BTC,BTC,0.34999999999999998,Eco,81,2980,88,True
Real_BTC,BTC,0.34999999999999998,Eco,82,3011,97,True
Real_BTC,BTC,0.34999999999999998,Eco,83,3041,99,True
Real_BTC,BTC,0.34999999999999998,Eco,84,3072,104,True
Real_BTC,BTC,0.34999999999999998,Eco,85,3102,106,True
Real_BTC,BTC,0.34999999999999998,Eco,86,3133,83,True
Real_BTC,BTC,0.34999999999999998,Eco,87,3164,64,True
Real_BTC,BTC,0.34999999999999998,Eco,88,3194,62,True
Real_BTC,BTC,0.34999999999999998,Eco,89,3225,101,True
Real_BTC,BTC,0.34999999999999998,Eco,90,3255,88,True
Real_BTC,BTC,0.34999999999999998,Eco,91,3286,69,True
Real_BTC,BTC,0.34999999999999998,Eco,92,3317,104,True
Real_BTC,BTC,0.34999999999999998,Eco,93,3346,201,True
Real_BTC,BTC,0.34999999999999998,Eco,94,3377,219,True
Real_BTC,BTC,0.34999999999999998,Eco,95,3407,181,True
Real_BTC,BTC,0.34999999999999998,Eco,96,3438,162,True
Real_BTC,BTC,0.34999999999999998,Eco,97,3468,131,True
Real_BTC,BTC,0.34999999999999998,Eco,98,3499,102,True
Real_BTC,BTC,0.34999999999999998,Eco,99,3530,79,True
Real_BTC,BTC,0.34999999999999998,Eco,100,3560,76,True
Real_BTC,BTC,0.34999999999999998,Eco,101,3591,143,True
Real_BTC,BTC,0.34999999999999998,Eco,102,3621,171,True
Real_BTC,BTC,0.34999999999999998,Eco,103,3652,174,True
Real_BTC,BTC,0.34999999999999998,Eco,104,3683,159,True
Real_BTC,BTC,0.34999999999999998,Eco,105,3711,130,True
Real_BTC,BTC,0.5,Concept,0,516,68,True
Real_BTC,BTC,0.5,Concept,1,546,52,True
Real_BTC,BTC,0.5,Concept,2,577,35,True
Real_BTC,BTC,0.5,Concept,3,608,33,True
Real_BTC,BTC,0.5,Concept,4,638,28,True
Real_BTC,BTC,0.5,Concept,5,669,38,True
Real_BTC,BTC,0.5,Concept,6,699,33,True
Real_BTC,BTC,0.5,Concept,7,730,45,True
Real_BTC,BTC,0.5,Concept,8,761,60,True
Real_BTC,BTC,0.5,Concept,9,789,58,True
Real_BTC,BTC,0.5,Concept,10,820,33,True
Real_BTC,BTC,0.5,Concept,11,850,120,True
Real_BTC,BTC,0.5,Concept,12,881,131,True
Real_BTC,BTC,0.5,Concept,13,911,101,True
Real_BTC,BTC,0.5,Concept,14,942,69,True
Real_BTC,BTC,0.5,Concept,15,973,64,True
Real_BTC,BTC,0.5,Concept,16,1003,64,True
Real_BTC,BTC,0.5,Concept,17,1034,245,True
Real_BTC,BTC,0.5,Concept,18,1064,217,True
Real_BTC,BTC,0.5,Concept,19,1095,186,True
Real_BTC,BTC,0.5,Concept,20,1126,150,True
Real_BTC,BTC,0.5,Concept,21,1154,122,True
Real_BTC,BTC,0.5,Concept,22,1185,91,True
Real_BTC,BTC,0.5,Concept,23,1215,75,True
Real_BTC,BTC,0.5,Concept,24,1246,53,True
Real_BTC,BTC,0.5,Concept,25,1276,58,True
Real_BTC,BTC,0.5,Concept,26,1307,53,True
Real_BTC,BTC,0.5,Concept,27,1338,43,True
Real_BTC,BTC,0.5,Concept,28,1368,33,True
Real_BTC,BTC,0.5,Concept,29,1399,90,True
Real_BTC,BTC,0.5,Concept,30,1429,66,True
Real_BTC,BTC,0.5,Concept,31,1460,40,True
Real_BTC,BTC,0.5,Concept,32,1491,30,True
Real_BTC,BTC,0.5,Concept,33,1519,30,True
Real_BTC,BTC,0.5,Concept,34,1550,33,True
Real_BTC,BTC,0.5,Concept,35,1580,53,True
Real_BTC,BTC,0.5,Concept,36,1611,94,True
Real_BTC,BTC,0.5,Concept,37,1641,79,True
Real_BTC,BTC,0.5,Concept,38,1672,65,True
Real_BTC,BTC,0.5,Concept,39,1703,63,True
Real_BTC,BTC,0.5,Concept,40,1733,88,True
Real_BTC,BTC,0.5,Concept,41,1764,73,True
Real_BTC,BTC,0.5,Concept,42,1794,51,True
Real_BTC,BTC,0.5,Concept,43,1825,42,True
Real_BTC,BTC,0.5,Concept,44,1856,78,True
Real_BTC,BTC,0.5,Concept,45,1885,63,True
Real_BTC,BTC,0.5,Concept,46,1916,35,True
Real_BTC,BTC,0.5,Concept,47,1946,50,True
Real_BTC,BTC,0.5,Concept,48,1977,35,True
Real_BTC,BTC,0.5,Concept,49,2007,28,True
Real_BTC,BTC,0.5,Concept,50,2038,50,True
Real_BTC,BTC,0.5,Concept,51,2069,40,True
Real_BTC,BTC,0.5,Concept,52,2099,30,True
Real_BTC,BTC,0.5,Concept,53,2130,43,True
Real_BTC,BTC,0.5,Concept,54,2160,56,True
Real_BTC,BTC,0.5,Concept,55,2191,70,True
Real_BTC,BTC,0.5,Concept,56,2222,58,True
Real_BTC,BTC,0.5,Concept,57,2250,114,True
Real_BTC,BTC,0.5,Concept,58,2281,130,True
Real_BTC,BTC,0.5,Concept,59,2311,112,True
Real_BTC,BTC,0.5,Concept,60,2342,82,True
Real_BTC,BTC,0.5,Concept,61,2372,64,True
Real_BTC,BTC,0.5,Concept,62,2403,78,True
Real_BTC,BTC,0.5,Concept,63,2434,68,True
Real_BTC,BTC,0.5,Concept,64,2464,75,True
Real_BTC,BTC,0.5,Concept,65,2495,95,True
Real_BTC,BTC,0.5,Concept,66,2525,77,True
Real_BTC,BTC,0.5,Concept,67,2556,85,True
Real_BTC,BTC,0.5,Concept,68,2587,117,True
Real_BTC,BTC,0.5,Concept,69,2615,129,True
Real_BTC,BTC,0.5,Concept,70,2646,125,True
Real_BTC,BTC,0.5,Concept,71,2676,99,True
Real_BTC,BTC,0.5,Concept,72,2707,73,True
Real_BTC,BTC,0.5,Concept,73,2737,41,True
Real_BTC,BTC,0.5,Concept,74,2768,55,True
Real_BTC,BTC,0.5,Concept,75,2799,43,True
Real_BTC,BTC,0.5,Concept,76,2829,33,True
Real_BTC,BTC,0.5,Concept,77,2860,43,True
Real_BTC,BTC,0.5,Concept,78,2890,35,True
Real_BTC,BTC,0.5,Concept,79,2921,33,True
Real_BTC,BTC,0.5,Concept,80,2952,43,True
Real_BTC,BTC,0.5,Concept,81,2980,43,True
Real_BTC,BTC,0.5,Concept,82,3011,50,True
Real_BTC,BTC,0.5,Concept,83,3041,54,True
Real_BTC,BTC,0.5,Concept,84,3072,45,True
Real_BTC,BTC,0.5,Concept,85,3102,38,True
Real_BTC,BTC,0.5,Concept,86,3133,40,True
Real_BTC,BTC,0.5,Concept,87,3164,35,True
Real_BTC,BTC,0.5,Concept,88,3194,32,True
Real_BTC,BTC,0.5,Concept,89,3225,42,True
Real_BTC,BTC,0.5,Concept,90,3255,58,True
Real_BTC,BTC,0.5,Concept,91,3286,43,True
Real_BTC,BTC,0.5,Concept,92,3317,30,True
Real_BTC,BTC,0.5,Concept,93,3346,108,True
Real_BTC,BTC,0.5,Concept,94,3377,110,True
Real_BTC,BTC,0.5,Concept,95,3407,143,True
Real_BTC,BTC,0.5,Concept,96,3438,113,True
Real_BTC,BTC,0.5,Concept,97,3468,97,True
Real_BTC,BTC,0.5,Concept,98,3499,78,True
Real_BTC,BTC,0.5,Concept,99,3530,49,True
Real_BTC,BTC,0.5,Concept,100,3560,46,True
Real_BTC,BTC,0.5,Concept,101,3591,63,True
Real_BTC,BTC,0.5,Concept,102,3621,115,True
Real_BTC,BTC,0.5,Concept,103,3652,110,True
Real_BTC,BTC,0.5,Concept,104,3683,88,True
Real_BTC,BTC,0.5,Concept,105,3711,68,True
Real_BTC,BTC,0.5,Eco,0,516,97,True
Real_BTC,BTC,0.5,Eco,1,546,98,True
Real_BTC,BTC,0.5,Eco,2,577,70,True
Real_BTC,BTC,0.5,Eco,3,608,56,True
Real_BTC,BTC,0.5,Eco,4,638,60,True
Real_BTC,BTC,0.5,Eco,5,669,56,True
Real_BTC,BTC,0.5,Eco,6,699,63,True
Real_BTC,BTC,0.5,Eco,7,730,109,True
Real_BTC,BTC,0.5,Eco,8,761,85,True
Real_BTC,BTC,0.5,Eco,9,789,78,True
Real_BTC,BTC,0.5,Eco,10,820,49,True
Real_BTC,BTC,0.5,Eco,11,850,91,True
Real_BTC,BTC,0.5,Eco,12,881,133,True
Real_BTC,BTC,0.5,Eco,13,911,103,True
Real_BTC,BTC,0.5,Eco,14,942,89,True
Real_BTC,BTC,0.5,Eco,15,973,86,True
Real_BTC,BTC,0.5,Eco,16,1003,61,True
Real_BTC,BTC,0.5,Eco,17,1034,174,True
Real_BTC,BTC,0.5,Eco,18,1064,229,True
Real_BTC,BTC,0.5,Eco,19,1095,196,True
Real_BTC,BTC,0.5,Eco,20,1126,149,True
Real_BTC,BTC,0.5,Eco,21,1154,128,True
Real_BTC,BTC,0.5,Eco,22,1185,94,True
Real_BTC,BTC,0.5,Eco,23,1215,108,True
Real_BTC,BTC,0.5,Eco,24,1246,88,True
Real_BTC,BTC,0.5,Eco,25,1276,81,True
Real_BTC,BTC,0.5,Eco,26,1307,82,True
Real_BTC,BTC,0.5,Eco,27,1338,110,True
Real_BTC,BTC,0.5,Eco,28,1368,97,True
Real_BTC,BTC,0.5,Eco,29,1399,99,True
Real_BTC,BTC,0.5,Eco,30,1429,78,True
Real_BTC,BTC,0.5,Eco,31,1460,63,True
Real_BTC,BTC,0.5,Eco,32,1491,51,True
Real_BTC,BTC,0.5,Eco,33,1519,46,True
Real_BTC,BTC,0.5,Eco,34,1550,40,True
Real_BTC,BTC,0.5,Eco,35,1580,49,True
Real_BTC,BTC,0.5,Eco,36,1611,79,True
Real_BTC,BTC,0.5,Eco,37,1641,111,True
Real_BTC,BTC,0.5,Eco,38,1672,92,True
Real_BTC,BTC,0.5,Eco,39,1703,103,True
Real_BTC,BTC,0.5,Eco,40,1733,89,True
Real_BTC,BTC,0.5,Eco,41,1764,86,True
Real_BTC,BTC,0.5,Eco,42,1794,64,True
Real_BTC,BTC,0.5,Eco,43,1825,64,True
Real_BTC,BTC,0.5,Eco,44,1856,107,True
Real_BTC,BTC,0.5,Eco,45,1885,77,True
Real_BTC,BTC,0.5,Eco,46,1916,61,True
Real_BTC,BTC,0.5,Eco,47,1946,79,True
Real_BTC,BTC,0.5,Eco,48,1977,66,True
Real_BTC,BTC,0.5,Eco,49,2007,73,True
Real_BTC,BTC,0.5,Eco,50,2038,79,True
Real_BTC,BTC,0.5,Eco,51,2069,62,True
Real_BTC,BTC,0.5,Eco,52,2099,47,True
Real_BTC,BTC,0.5,Eco,53,2130,53,True
Real_BTC,BTC,0.5,Eco,54,2160,64,True
Real_BTC,BTC,0.5,Eco,55,2191,69,True
Real_BTC,BTC,0.5,Eco,56,2222,68,True
Real_BTC,BTC,0.5,Eco,57,2250,142,True
Real_BTC,BTC,0.5,Eco,58,2281,134,True
Real_BTC,BTC,0.5,Eco,59,2311,118,True
Real_BTC,BTC,0.5,Eco,60,2342,83,True
Real_BTC,BTC,0.5,Eco,61,2372,67,True
Real_BTC,BTC,0.5,Eco,62,2403,79,True
Real_BTC,BTC,0.5,Eco,63,2434,113,True
Real_BTC,BTC,0.5,Eco,64,2464,109,True
Real_BTC,BTC,0.5,Eco,65,2495,138,True
Real_BTC,BTC,0.5,Eco,66,2525,116,True
Real_BTC,BTC,0.5,Eco,67,2556,107,True
Real_BTC,BTC,0.5,Eco,68,2587,117,True
Real_BTC,BTC,0.5,Eco,69,2615,148,True
Real_BTC,BTC,0.5,Eco,70,2646,152,True
Real_BTC,BTC,0.5,Eco,71,2676,130,True
Real_BTC,BTC,0.5,Eco,72,2707,100,True
Real_BTC,BTC,0.5,Eco,73,2737,70,True
Real_BTC,BTC,0.5,Eco,74,2768,83,True
Real_BTC,BTC,0.5,Eco,75,2799,83,True
Real_BTC,BTC,0.5,Eco,76,2829,83,True
Real_BTC,BTC,0.5,Eco,77,2860,73,True
Real_BTC,BTC,0.5,Eco,78,2890,58,True
Real_BTC,BTC,0.5,Eco,79,2921,48,True
Real_BTC,BTC,0.5,Eco,80,2952,64,True
Real_BTC,BTC,0.5,Eco,81,2980,60,True
Real_BTC,BTC,0.5,Eco,82,3011,76,True
Real_BTC,BTC,0.5,Eco,83,3041,68,True
Real_BTC,BTC,0.5,Eco,84,3072,66,True
Real_BTC,BTC,0.5,Eco,85,3102,74,True
Real_BTC,BTC,0.5,Eco,86,3133,68,True
Real_BTC,BTC,0.5,Eco,87,3164,52,True
Real_BTC,BTC,0.5,Eco,88,3194,45,True
Real_BTC,BTC,0.5,Eco,89,3225,67,True
Real_BTC,BTC,0.5,Eco,90,3255,70,True
Real_BTC,BTC,0.5,Eco,91,3286,58,True
Real_BTC,BTC,0.5,Eco,92,3317,39,True
Real_BTC,BTC,0.5,Eco,93,3346,94,True
Real_BTC,BTC,0.5,Eco,94,3377,144,True
Real_BTC,BTC,0.5,Eco,95,3407,114,True
Real_BTC,BTC,0.5,Eco,96,3438,118,True
Real_BTC,BTC,0.5,Eco,97,3468,103,True
Real_BTC,BTC,0.5,Eco,98,3499,84,True
Real_BTC,BTC,0.5,Eco,99,3530,66,True
Real_BTC,BTC,0.5,Eco,100,3560,54,True
Real_BTC,BTC,0.5,Eco,101,3591,74,True
Real_BTC,BTC,0.5,Eco,102,3621,116,True
Real_BTC,BTC,0.5,Eco,103,3652,111,True
Real_BTC,BTC,0.5,Eco,104,3683,106,True
Real_BTC,BTC,0.5,Eco,105,3711,80,True
Real_BTC,BTC,0.59999999999999998,Concept,0,516,55,True
Real_BTC,BTC,0.59999999999999998,Concept,1,546,49,True
Real_BTC,BTC,0.59999999999999998,Concept,2,577,35,True
Real_BTC,BTC,0.59999999999999998,Concept,3,608,33,True
Real_BTC,BTC,0.59999999999999998,Concept,4,638,28,True
Real_BTC,BTC,0.59999999999999998,Concept,5,669,38,True
Real_BTC,BTC,0.59999999999999998,Concept,6,699,33,True
Real_BTC,BTC,0.59999999999999998,Concept,7,730,45,True
Real_BTC,BTC,0.59999999999999998,Concept,8,761,55,True
Real_BTC,BTC,0.59999999999999998,Concept,9,789,55,True
Real_BTC,BTC,0.59999999999999998,Concept,10,820,33,True
Real_BTC,BTC,0.59999999999999998,Concept,11,850,105,True
Real_BTC,BTC,0.59999999999999998,Concept,12,881,123,True
Real_BTC,BTC,0.59999999999999998,Concept,13,911,99,True
Real_BTC,BTC,0.59999999999999998,Concept,14,942,69,True
Real_BTC,BTC,0.59999999999999998,Concept,15,973,64,True
Real_BTC,BTC,0.59999999999999998,Concept,16,1003,59,True
Real_BTC,BTC,0.59999999999999998,Concept,17,1034,180,True
Real_BTC,BTC,0.59999999999999998,Concept,18,1064,188,True
Real_BTC,BTC,0.59999999999999998,Concept,19,1095,146,True
Real_BTC,BTC,0.59999999999999998,Concept,20,1126,115,True
Real_BTC,BTC,0.59999999999999998,Concept,21,1154,93,True
Real_BTC,BTC,0.59999999999999998,Concept,22,1185,63,True
Real_BTC,BTC,0.59999999999999998,Concept,23,1215,68,True
Real_BTC,BTC,0.59999999999999998,Concept,24,1246,53,True
Real_BTC,BTC,0.59999999999999998,Concept,25,1276,55,True
Real_BTC,BTC,0.59999999999999998,Concept,26,1307,53,True
Real_BTC,BTC,0.59999999999999998,Concept,27,1338,38,True
Real_BTC,BTC,0.59999999999999998,Concept,28,1368,30,True
Real_BTC,BTC,0.59999999999999998,Concept,29,1399,83,True
Real_BTC,BTC,0.59999999999999998,Concept,30,1429,62,True
Real_BTC,BTC,0.59999999999999998,Concept,31,1460,40,True
Real_BTC,BTC,0.59999999999999998,Concept,32,1491,30,True
Real_BTC,BTC,0.59999999999999998,Concept,33,1519,28,True
Real_BTC,BTC,0.59999999999999998,Concept,34,1550,33,True
Real_BTC,BTC,0.59999999999999998,Concept,35,1580,53,True
Real_BTC,BTC,0.59999999999999998,Concept,36,1611,79,True
Real_BTC,BTC,0.59999999999999998,Concept,37,1641,76,True
Real_BTC,BTC,0.59999999999999998,Concept,38,1672,60,True
Real_BTC,BTC,0.59999999999999998,Concept,39,1703,48,True
Real_BTC,BTC,0.59999999999999998,Concept,40,1733,65,True
Real_BTC,BTC,0.59999999999999998,Concept,41,1764,60,True
Real_BTC,BTC,0.59999999999999998,Concept,42,1794,43,True
Real_BTC,BTC,0.59999999999999998,Concept,43,1825,37,True
Real_BTC,BTC,0.59999999999999998,Concept,44,1856,73,True
Real_BTC,BTC,0.59999999999999998,Concept,45,1885,60,True
Real_BTC,BTC,0.59999999999999998,Concept,46,1916,35,True
Real_BTC,BTC,0.59999999999999998,Concept,47,1946,48,True
Real_BTC,BTC,0.59999999999999998,Concept,48,1977,35,True
Real_BTC,BTC,0.59999999999999998,Concept,49,2007,28,True
Real_BTC,BTC,0.59999999999999998,Concept,50,2038,45,True
Real_BTC,BTC,0.59999999999999998,Concept,51,2069,38,True
Real_BTC,BTC,0.59999999999999998,Concept,52,2099,30,True
Real_BTC,BTC,0.59999999999999998,Concept,53,2130,40,True
Real_BTC,BTC,0.59999999999999998,Concept,54,2160,56,True
Real_BTC,BTC,0.59999999999999998,Concept,55,2191,68,True
Real_BTC,BTC,0.59999999999999998,Concept,56,2222,55,True
Real_BTC,BTC,0.59999999999999998,Concept,57,2250,57,True
Real_BTC,BTC,0.59999999999999998,Concept,58,2281,108,True
Real_BTC,BTC,0.59999999999999998,Concept,59,2311,98,True
Real_BTC,BTC,0.59999999999999998,Concept,60,2342,75,True
Real_BTC,BTC,0.59999999999999998,Concept,61,2372,59,True
Real_BTC,BTC,0.59999999999999998,Concept,62,2403,71,True
Real_BTC,BTC,0.59999999999999998,Concept,63,2434,68,True
Real_BTC,BTC,0.59999999999999998,Concept,64,2464,68,True
Real_BTC,BTC,0.59999999999999998,Concept,65,2495,75,True
Real_BTC,BTC,0.59999999999999998,Concept,66,2525,67,True
Real_BTC,BTC,0.59999999999999998,Concept,67,2556,75,True
Real_BTC,BTC,0.59999999999999998,Concept,68,2587,62,True
Real_BTC,BTC,0.59999999999999998,Concept,69,2615,64,True
Real_BTC,BTC,0.59999999999999998,Concept,70,2646,110,True
Real_BTC,BTC,0.59999999999999998,Concept,71,2676,93,True
Real_BTC,BTC,0.59999999999999998,Concept,72,2707,61,True
Real_BTC,BTC,0.59999999999999998,Concept,73,2737,41,True
Real_BTC,BTC,0.59999999999999998,Concept,74,2768,40,True
Real_BTC,BTC,0.59999999999999998,Concept,75,2799,40,True
Real_BTC,BTC,0.59999999999999998,Concept,76,2829,30,True
Real_BTC,BTC,0.59999999999999998,Concept,77,2860,43,True
Real_BTC,BTC,0.59999999999999998,Concept,78,2890,33,True
Real_BTC,BTC,0.59999999999999998,Concept,79,2921,33,True
Real_BTC,BTC,0.59999999999999998,Concept,80,2952,43,True
Real_BTC,BTC,0.59999999999999998,Concept,81,2980,43,True
Real_BTC,BTC,0.59999999999999998,Concept,82,3011,45,True
Real_BTC,BTC,0.59999999999999998,Concept,83,3041,51,True
Real_BTC,BTC,0.59999999999999998,Concept,84,3072,40,True
Real_BTC,BTC,0.59999999999999998,Concept,85,3102,35,True
Real_BTC,BTC,0.59999999999999998,Concept,86,3133,35,True
Real_BTC,BTC,0.59999999999999998,Concept,87,3164,33,True
Real_BTC,BTC,0.59999999999999998,Concept,88,3194,30,True
Real_BTC,BTC,0.59999999999999998,Concept,89,3225,35,True
Real_BTC,BTC,0.59999999999999998,Concept,90,3255,58,True
Real_BTC,BTC,0.59999999999999998,Concept,91,3286,43,True
Real_BTC,BTC,0.59999999999999998,Concept,92,3317,30,True
Real_BTC,BTC,0.59999999999999998,Concept,93,3346,80,True
Real_BTC,BTC,0.59999999999999998,Concept,94,3377,77,True
Real_BTC,BTC,0.59999999999999998,Concept,95,3407,76,True
Real_BTC,BTC,0.59999999999999998,Concept,96,3438,85,True
Real_BTC,BTC,0.59999999999999998,Concept,97,3468,82,True
Real_BTC,BTC,0.59999999999999998,Concept,98,3499,72,True
Real_BTC,BTC,0.59999999999999998,Concept,99,3530,46,True
Real_BTC,BTC,0.59999999999999998,Concept,100,3560,39,True
Real_BTC,BTC,0.59999999999999998,Concept,101,3591,40,True
Real_BTC,BTC,0.59999999999999998,Concept,102,3621,75,True
Real_BTC,BTC,0.59999999999999998,Concept,103,3652,85,True
Real_BTC,BTC,0.59999999999999998,Concept,104,3683,82,True
Real_BTC,BTC,0.59999999999999998,Concept,105,3711,68,True
Real_BTC,BTC,0.59999999999999998,Eco,0,516,86,True
Real_BTC,BTC,0.59999999999999998,Eco,1,546,84,True
Real_BTC,BTC,0.59999999999999998,Eco,2,577,60,True
Real_BTC,BTC,0.59999999999999998,Eco,3,608,51,True
Real_BTC,BTC,0.59999999999999998,Eco,4,638,49,True
Real_BTC,BTC,0.59999999999999998,Eco,5,669,51,True
Real_BTC,BTC,0.59999999999999998,Eco,6,699,60,True
Real_BTC,BTC,0.59999999999999998,Eco,7,730,95,True
Real_BTC,BTC,0.59999999999999998,Eco,8,761,78,True
Real_BTC,BTC,0.59999999999999998,Eco,9,789,68,True
Real_BTC,BTC,0.59999999999999998,Eco,10,820,47,True
Real_BTC,BTC,0.59999999999999998,Eco,11,850,63,True
Real_BTC,BTC,0.59999999999999998,Eco,12,881,91,True
Real_BTC,BTC,0.59999999999999998,Eco,13,911,102,True
Real_BTC,BTC,0.59999999999999998,Eco,14,942,79,True
Real_BTC,BTC,0.59999999999999998,Eco,15,973,80,True
Real_BTC,BTC,0.59999999999999998,Eco,16,1003,56,True
Real_BTC,BTC,0.59999999999999998,Eco,17,1034,162,True
Real_BTC,BTC,0.59999999999999998,Eco,18,1064,179,True
Real_BTC,BTC,0.59999999999999998,Eco,19,1095,151,True
Real_BTC,BTC,0.59999999999999998,Eco,20,1126,107,True
Real_BTC,BTC,0.59999999999999998,Eco,21,1154,94,True
Real_BTC,BTC,0.59999999999999998,Eco,22,1185,67,True
Real_BTC,BTC,0.59999999999999998,Eco,23,1215,77,True
Real_BTC,BTC,0.59999999999999998,Eco,24,1246,77,True
Real_BTC,BTC,0.59999999999999998,Eco,25,1276,63,True
Real_BTC,BTC,0.59999999999999998,Eco,26,1307,68,True
Real_BTC,BTC,0.59999999999999998,Eco,27,1338,62,True
Real_BTC,BTC,0.59999999999999998,Eco,28,1368,78,True
Real_BTC,BTC,0.59999999999999998,Eco,29,1399,81,True
Real_BTC,BTC,0.59999999999999998,Eco,30,1429,69,True
Real_BTC,BTC,0.59999999999999998,Eco,31,1460,53,True
Real_BTC,BTC,0.59999999999999998,Eco,32,1491,45,True
Real_BTC,BTC,0.59999999999999998,Eco,33,1519,38,True
Real_BTC,BTC,0.59999999999999998,Eco,34,1550,38,True
Real_BTC,BTC,0.59999999999999998,Eco,35,1580,45,True
Real_BTC,BTC,0.59999999999999998,Eco,36,1611,65,True
Real_BTC,BTC,0.59999999999999998,Eco,37,1641,80,True
Real_BTC,BTC,0.59999999999999998,Eco,38,1672,80,True
Real_BTC,BTC,0.59999999999999998,Eco,39,1703,74,True
Real_BTC,BTC,0.59999999999999998,Eco,40,1733,75,True
Real_BTC,BTC,0.59999999999999998,Eco,41,1764,72,True
Real_BTC,BTC,0.59999999999999998,Eco,42,1794,57,True
Real_BTC,BTC,0.59999999999999998,Eco,43,1825,48,True
Real_BTC,BTC,0.59999999999999998,Eco,44,1856,95,True
Real_BTC,BTC,0.59999999999999998,Eco,45,1885,67,True
Real_BTC,BTC,0.59999999999999998,Eco,46,1916,56,True
Real_BTC,BTC,0.59999999999999998,Eco,47,1946,66,True
Real_BTC,BTC,0.59999999999999998,Eco,48,1977,56,True
Real_BTC,BTC,0.59999999999999998,Eco,49,2007,54,True
Real_BTC,BTC,0.59999999999999998,Eco,50,2038,68,True
Real_BTC,BTC,0.59999999999999998,Eco,51,2069,54,True
Real_BTC,BTC,0.59999999999999998,Eco,52,2099,43,True
Real_BTC,BTC,0.59999999999999998,Eco,53,2130,46,True
Real_BTC,BTC,0.59999999999999998,Eco,54,2160,58,True
Real_BTC,BTC,0.59999999999999998,Eco,55,2191,65,True
Real_BTC,BTC,0.59999999999999998,Eco,56,2222,57,True
Real_BTC,BTC,0.59999999999999998,Eco,57,2250,68,True
Real_BTC,BTC,0.59999999999999998,Eco,58,2281,116,True
Real_BTC,BTC,0.59999999999999998,Eco,59,2311,102,True
Real_BTC,BTC,0.59999999999999998,Eco,60,2342,73,True
Real_BTC,BTC,0.59999999999999998,Eco,61,2372,59,True
Real_BTC,BTC,0.59999999999999998,Eco,62,2403,69,True
Real_BTC,BTC,0.59999999999999998,Eco,63,2434,68,True
Real_BTC,BTC,0.59999999999999998,Eco,64,2464,81,True
Real_BTC,BTC,0.59999999999999998,Eco,65,2495,99,True
Real_BTC,BTC,0.59999999999999998,Eco,66,2525,90,True
Real_BTC,BTC,0.59999999999999998,Eco,67,2556,82,True
Real_BTC,BTC,0.59999999999999998,Eco,68,2587,76,True
Real_BTC,BTC,0.59999999999999998,Eco,69,2615,97,True
Real_BTC,BTC,0.59999999999999998,Eco,70,2646,114,True
Real_BTC,BTC,0.59999999999999998,Eco,71,2676,98,True
Real_BTC,BTC,0.59999999999999998,Eco,72,2707,78,True
Real_BTC,BTC,0.59999999999999998,Eco,73,2737,62,True
Real_BTC,BTC,0.59999999999999998,Eco,74,2768,69,True
Real_BTC,BTC,0.59999999999999998,Eco,75,2799,57,True
Real_BTC,BTC,0.59999999999999998,Eco,76,2829,68,True
Real_BTC,BTC,0.59999999999999998,Eco,77,2860,69,True
Real_BTC,BTC,0.59999999999999998,Eco,78,2890,50,True
Real_BTC,BTC,0.59999999999999998,Eco,79,2921,45,True
Real_BTC,BTC,0.59999999999999998,Eco,80,2952,56,True
Real_BTC,BTC,0.59999999999999998,Eco,81,2980,54,True
Real_BTC,BTC,0.59999999999999998,Eco,82,3011,59,True
Real_BTC,BTC,0.59999999999999998,Eco,83,3041,57,True
Real_BTC,BTC,0.59999999999999998,Eco,84,3072,55,True
Real_BTC,BTC,0.59999999999999998,Eco,85,3102,59,True
Real_BTC,BTC,0.59999999999999998,Eco,86,3133,60,True
Real_BTC,BTC,0.59999999999999998,Eco,87,3164,49,True
Real_BTC,BTC,0.59999999999999998,Eco,88,3194,41,True
Real_BTC,BTC,0.59999999999999998,Eco,89,3225,54,True
Real_BTC,BTC,0.59999999999999998,Eco,90,3255,63,True
Real_BTC,BTC,0.59999999999999998,Eco,91,3286,56,True
Real_BTC,BTC,0.59999999999999998,Eco,92,3317,36,True
Real_BTC,BTC,0.59999999999999998,Eco,93,3346,78,True
Real_BTC,BTC,0.59999999999999998,Eco,94,3377,104,True
Real_BTC,BTC,0.59999999999999998,Eco,95,3407,79,True
Real_BTC,BTC,0.59999999999999998,Eco,96,3438,103,True
Real_BTC,BTC,0.59999999999999998,Eco,97,3468,83,True
Real_BTC,BTC,0.59999999999999998,Eco,98,3499,74,True
Real_BTC,BTC,0.59999999999999998,Eco,99,3530,58,True
Real_BTC,BTC,0.59999999999999998,Eco,100,3560,49,True
Real_BTC,BTC,0.59999999999999998,Eco,101,3591,62,True
Real_BTC,BTC,0.59999999999999998,Eco,102,3621,80,True
Real_BTC,BTC,0.59999999999999998,Eco,103,3652,93,True
Real_BTC,BTC,0.59999999999999998,Eco,104,3683,89,True
Real_BTC,BTC,0.59999999999999998,Eco,105,3711,68,True
Real_BTC,BTC,0.75,Concept,0,516,50,True
Real_BTC,BTC,0.75,Concept,1,546,48,True
Real_BTC,BTC,0.75,Concept,2,577,32,True
Real_BTC,BTC,0.75,Concept,3,608,30,True
Real_BTC,BTC,0.75,Concept,4,638,28,True
Real_BTC,BTC,0.75,Concept,5,669,33,True
Real_BTC,BTC,0.75,Concept,6,699,30,True
Real_BTC,BTC,0.75,Concept,7,730,43,True
Real_BTC,BTC,0.75,Concept,8,761,33,True
Real_BTC,BTC,0.75,Concept,9,789,50,True
Real_BTC,BTC,0.75,Concept,10,820,30,True
Real_BTC,BTC,0.75,Concept,11,850,63,True
Real_BTC,BTC,0.75,Concept,12,881,88,True
Real_BTC,BTC,0.75,Concept,13,911,93,True
Real_BTC,BTC,0.75,Concept,14,942,61,True
Real_BTC,BTC,0.75,Concept,15,973,52,True
Real_BTC,BTC,0.75,Concept,16,1003,33,True
Real_BTC,BTC,0.75,Concept,17,1034,142,True
Real_BTC,BTC,0.75,Concept,18,1064,153,True
Real_BTC,BTC,0.75,Concept,19,1095,121,True
Real_BTC,BTC,0.75,Concept,20,1126,90,True
Real_BTC,BTC,0.75,Concept,21,1154,69,True
Real_BTC,BTC,0.75,Concept,22,1185,43,True
Real_BTC,BTC,0.75,Concept,23,1215,55,True
Real_BTC,BTC,0.75,Concept,24,1246,45,True
Real_BTC,BTC,0.75,Concept,25,1276,33,True
Real_BTC,BTC,0.75,Concept,26,1307,43,True
Real_BTC,BTC,0.75,Concept,27,1338,38,True
Real_BTC,BTC,0.75,Concept,28,1368,30,True
Real_BTC,BTC,0.75,Concept,29,1399,63,True
Real_BTC,BTC,0.75,Concept,30,1429,46,True
Real_BTC,BTC,0.75,Concept,31,1460,33,True
Real_BTC,BTC,0.75,Concept,32,1491,30,True
Real_BTC,BTC,0.75,Concept,33,1519,28,True
Real_BTC,BTC,0.75,Concept,34,1550,33,True
Real_BTC,BTC,0.75,Concept,35,1580,48,True
Real_BTC,BTC,0.75,Concept,36,1611,62,True
Real_BTC,BTC,0.75,Concept,37,1641,63,True
Real_BTC,BTC,0.75,Concept,38,1672,43,True
Real_BTC,BTC,0.75,Concept,39,1703,35,True
Real_BTC,BTC,0.75,Concept,40,1733,35,True
Real_BTC,BTC,0.75,Concept,41,1764,43,True
Real_BTC,BTC,0.75,Concept,42,1794,35,True
Real_BTC,BTC,0.75,Concept,43,1825,35,True
Real_BTC,BTC,0.75,Concept,44,1856,63,True
Real_BTC,BTC,0.75,Concept,45,1885,55,True
Real_BTC,BTC,0.75,Concept,46,1916,33,True
Real_BTC,BTC,0.75,Concept,47,1946,40,True
Real_BTC,BTC,0.75,Concept,48,1977,35,True
Real_BTC,BTC,0.75,Concept,49,2007,28,True
Real_BTC,BTC,0.75,Concept,50,2038,42,True
Real_BTC,BTC,0.75,Concept,51,2069,35,True
Real_BTC,BTC,0.75,Concept,52,2099,28,True
Real_BTC,BTC,0.75,Concept,53,2130,40,True
Real_BTC,BTC,0.75,Concept,54,2160,36,True
Real_BTC,BTC,0.75,Concept,55,2191,50,True
Real_BTC,BTC,0.75,Concept,56,2222,40,True
Real_BTC,BTC,0.75,Concept,57,2250,45,True
Real_BTC,BTC,0.75,Concept,58,2281,75,True
Real_BTC,BTC,0.75,Concept,59,2311,90,True
Real_BTC,BTC,0.75,Concept,60,2342,65,True
Real_BTC,BTC,0.75,Concept,61,2372,44,True
Real_BTC,BTC,0.75,Concept,62,2403,48,True
Real_BTC,BTC,0.75,Concept,63,2434,48,True
Real_BTC,BTC,0.75,Concept,64,2464,43,True
Real_BTC,BTC,0.75,Concept,65,2495,60,True
Real_BTC,BTC,0.75,Concept,66,2525,59,True
Real_BTC,BTC,0.75,Concept,67,2556,45,True
Real_BTC,BTC,0.75,Concept,68,2587,52,True
Real_BTC,BTC,0.75,Concept,69,2615,49,True
Real_BTC,BTC,0.75,Concept,70,2646,65,True
Real_BTC,BTC,0.75,Concept,71,2676,68,True
Real_BTC,BTC,0.75,Concept,72,2707,56,True
Real_BTC,BTC,0.75,Concept,73,2737,38,True
Real_BTC,BTC,0.75,Concept,74,2768,33,True
Real_BTC,BTC,0.75,Concept,75,2799,38,True
Real_BTC,BTC,0.75,Concept,76,2829,28,True
Real_BTC,BTC,0.75,Concept,77,2860,40,True
Real_BTC,BTC,0.75,Concept,78,2890,30,True
Real_BTC,BTC,0.75,Concept,79,2921,28,True
Real_BTC,BTC,0.75,Concept,80,2952,40,True
Real_BTC,BTC,0.75,Concept,81,2980,40,True
Real_BTC,BTC,0.75,Concept,82,3011,40,True
Real_BTC,BTC,0.75,Concept,83,3041,34,True
Real_BTC,BTC,0.75,Concept,84,3072,35,True
Real_BTC,BTC,0.75,Concept,85,3102,33,True
Real_BTC,BTC,0.75,Concept,86,3133,35,True
Real_BTC,BTC,0.75,Concept,87,3164,30,True
Real_BTC,BTC,0.75,Concept,88,3194,28,True
Real_BTC,BTC,0.75,Concept,89,3225,35,True
Real_BTC,BTC,0.75,Concept,90,3255,40,True
Real_BTC,BTC,0.75,Concept,91,3286,40,True
Real_BTC,BTC,0.75,Concept,92,3317,30,True
Real_BTC,BTC,0.75,Concept,93,3346,78,True
Real_BTC,BTC,0.75,Concept,94,3377,60,True
Real_BTC,BTC,0.75,Concept,95,3407,46,True
Real_BTC,BTC,0.75,Concept,96,3438,50,True
Real_BTC,BTC,0.75,Concept,97,3468,72,True
Real_BTC,BTC,0.75,Concept,98,3499,65,True
Real_BTC,BTC,0.75,Concept,99,3530,41,True
Real_BTC,BTC,0.75,Concept,100,3560,39,True
Real_BTC,BTC,0.75,Concept,101,3591,33,True
Real_BTC,BTC,0.75,Concept,102,3621,55,True
Real_BTC,BTC,0.75,Concept,103,3652,50,True
Real_BTC,BTC,0.75,Concept,104,3683,77,True
Real_BTC,BTC,0.75,Concept,105,3711,63,True
Real_BTC,BTC,0.75,Eco,0,516,70,True
Real_BTC,BTC,0.75,Eco,1,546,67,True
Real_BTC,BTC,0.75,Eco,2,577,50,True
Real_BTC,BTC,0.75,Eco,3,608,43,True
Real_BTC,BTC,0.75,Eco,4,638,44,True
Real_BTC,BTC,0.75,Eco,5,669,47,True
Real_BTC,BTC,0.75,Eco,6,699,34,True
Real_BTC,BTC,0.75,Eco,7,730,60,True
Real_BTC,BTC,0.75,Eco,8,761,68,True
Real_BTC,BTC,0.75,Eco,9,789,63,True
Real_BTC,BTC,0.75,Eco,10,820,40,True
Real_BTC,BTC,0.75,Eco,11,850,50,True
Real_BTC,BTC,0.75,Eco,12,881,82,True
Real_BTC,BTC,0.75,Eco,13,911,93,True
Real_BTC,BTC,0.75,Eco,14,942,72,True
Real_BTC,BTC,0.75,Eco,15,973,68,True
Real_BTC,BTC,0.75,Eco,16,1003,52,True
Real_BTC,BTC,0.75,Eco,17,1034,65,True
Real_BTC,BTC,0.75,Eco,18,1064,135,True
Real_BTC,BTC,0.75,Eco,19,1095,120,True
Real_BTC,BTC,0.75,Eco,20,1126,81,True
Real_BTC,BTC,0.75,Eco,21,1154,73,True
Real_BTC,BTC,0.75,Eco,22,1185,58,True
Real_BTC,BTC,0.75,Eco,23,1215,64,True
Real_BTC,BTC,0.75,Eco,24,1246,53,True
Real_BTC,BTC,0.75,Eco,25,1276,53,True
Real_BTC,BTC,0.75,Eco,26,1307,57,True
Real_BTC,BTC,0.75,Eco,27,1338,50,True
Real_BTC,BTC,0.75,Eco,28,1368,40,True
Real_BTC,BTC,0.75,Eco,29,1399,57,True
Real_BTC,BTC,0.75,Eco,30,1429,61,True
Real_BTC,BTC,0.75,Eco,31,1460,47,True
Real_BTC,BTC,0.75,Eco,32,1491,40,True
Real_BTC,BTC,0.75,Eco,33,1519,34,True
Real_BTC,BTC,0.75,Eco,34,1550,36,True
Real_BTC,BTC,0.75,Eco,35,1580,42,True
Real_BTC,BTC,0.75,Eco,36,1611,60,True
Real_BTC,BTC,0.75,Eco,37,1641,66,True
Real_BTC,BTC,0.75,Eco,38,1672,62,True
Real_BTC,BTC,0.75,Eco,39,1703,55,True
Real_BTC,BTC,0.75,Eco,40,1733,58,True
Real_BTC,BTC,0.75,Eco,41,1764,61,True
Real_BTC,BTC,0.75,Eco,42,1794,45,True
Real_BTC,BTC,0.75,Eco,43,1825,41,True
Real_BTC,BTC,0.75,Eco,44,1856,83,True
Real_BTC,BTC,0.75,Eco,45,1885,61,True
Real_BTC,BTC,0.75,Eco,46,1916,43,True
Real_BTC,BTC,0.75,Eco,47,1946,52,True
Real_BTC,BTC,0.75,Eco,48,1977,50,True
Real_BTC,BTC,0.75,Eco,49,2007,43,True
Real_BTC,BTC,0.75,Eco,50,2038,55,True
Real_BTC,BTC,0.75,Eco,51,2069,49,True
Real_BTC,BTC,0.75,Eco,52,2099,38,True
Real_BTC,BTC,0.75,Eco,53,2130,44,True
Real_BTC,BTC,0.75,Eco,54,2160,37,True
Real_BTC,BTC,0.75,Eco,55,2191,49,True
Real_BTC,BTC,0.75,Eco,56,2222,53,True
Real_BTC,BTC,0.75,Eco,57,2250,56,True
Real_BTC,BTC,0.75,Eco,58,2281,93,True
Real_BTC,BTC,0.75,Eco,59,2311,88,True
Real_BTC,BTC,0.75,Eco,60,2342,59,True
Real_BTC,BTC,0.75,Eco,61,2372,49,True
Real_BTC,BTC,0.75,Eco,62,2403,61,True
Real_BTC,BTC,0.75,Eco,63,2434,58,True
Real_BTC,BTC,0.75,Eco,64,2464,55,True
Real_BTC,BTC,0.75,Eco,65,2495,75,True
Real_BTC,BTC,0.75,Eco,66,2525,68,True
Real_BTC,BTC,0.75,Eco,67,2556,59,True
Real_BTC,BTC,0.75,Eco,68,2587,54,True
Real_BTC,BTC,0.75,Eco,69,2615,64,True
Real_BTC,BTC,0.75,Eco,70,2646,92,True
Real_BTC,BTC,0.75,Eco,71,2676,79,True
Real_BTC,BTC,0.75,Eco,72,2707,67,True
Real_BTC,BTC,0.75,Eco,73,2737,44,True
Real_BTC,BTC,0.75,Eco,74,2768,56,True
Real_BTC,BTC,0.75,Eco,75,2799,50,True
Real_BTC,BTC,0.75,Eco,76,2829,56,True
Real_BTC,BTC,0.75,Eco,77,2860,58,True
Real_BTC,BTC,0.75,Eco,78,2890,43,True
Real_BTC,BTC,0.75,Eco,79,2921,37,True
Real_BTC,BTC,0.75,Eco,80,2952,46,True
Real_BTC,BTC,0.75,Eco,81,2980,41,True
Real_BTC,BTC,0.75,Eco,82,3011,49,True
Real_BTC,BTC,0.75,Eco,83,3041,50,True
Real_BTC,BTC,0.75,Eco,84,3072,44,True
Real_BTC,BTC,0.75,Eco,85,3102,52,True
Real_BTC,BTC,0.75,Eco,86,3133,49,True
Real_BTC,BTC,0.75,Eco,87,3164,44,True
Real_BTC,BTC,0.75,Eco,88,3194,37,True
Real_BTC,BTC,0.75,Eco,89,3225,43,True
Real_BTC,BTC,0.75,Eco,90,3255,51,True
Real_BTC,BTC,0.75,Eco,91,3286,44,True
Real_BTC,BTC,0.75,Eco,92,3317,32,True
Real_BTC,BTC,0.75,Eco,93,3346,65,True
Real_BTC,BTC,0.75,Eco,94,3377,65,True
Real_BTC,BTC,0.75,Eco,95,3407,60,True
Real_BTC,BTC,0.75,Eco,96,3438,73,True
Real_BTC,BTC,0.75,Eco,97,3468,72,True
Real_BTC,BTC,0.75,Eco,98,3499,57,True
Real_BTC,BTC,0.75,Eco,99,3530,49,True
Real_BTC,BTC,0.75,Eco,100,3560,41,True
Real_BTC,BTC,0.75,Eco,101,3591,44,True
Real_BTC,BTC,0.75,Eco,102,3621,58,True
Real_BTC,BTC,0.75,Eco,103,3652,60,True
Real_BTC,BTC,0.75,Eco,104,3683,75,True
Real_BTC,BTC,0.75,Eco,105,3711,58,True
Real_BTC,BTC,1,Concept,0,516,43,True
Real_BTC,BTC,1,Concept,1,546,40,True
Real_BTC,BTC,1,Concept,2,577,30,True
Real_BTC,BTC,1,Concept,3,608,28,True
Real_BTC,BTC,1,Concept,4,638,28,True
Real_BTC,BTC,1,Concept,5,669,33,True
Real_BTC,BTC,1,Concept,6,699,28,True
Real_BTC,BTC,1,Concept,7,730,38,True
Real_BTC,BTC,1,Concept,8,761,30,True
Real_BTC,BTC,1,Concept,9,789,48,True
Real_BTC,BTC,1,Concept,10,820,28,True
Real_BTC,BTC,1,Concept,11,850,53,True
Real_BTC,BTC,1,Concept,12,881,68,True
Real_BTC,BTC,1,Concept,13,911,58,True
Real_BTC,BTC,1,Concept,14,942,41,True
Real_BTC,BTC,1,Concept,15,973,44,True
Real_BTC,BTC,1,Concept,16,1003,30,True
Real_BTC,BTC,1,Concept,17,1034,47,True
Real_BTC,BTC,1,Concept,18,1064,135,True
Real_BTC,BTC,1,Concept,19,1095,100,True
Real_BTC,BTC,1,Concept,20,1126,68,True
Real_BTC,BTC,1,Concept,21,1154,50,True
Real_BTC,BTC,1,Concept,22,1185,33,True
Real_BTC,BTC,1,Concept,23,1215,35,True
Real_BTC,BTC,1,Concept,24,1246,35,True
Real_BTC,BTC,1,Concept,25,1276,33,True
Real_BTC,BTC,1,Concept,26,1307,38,True
Real_BTC,BTC,1,Concept,27,1338,30,True
Real_BTC,BTC,1,Concept,28,1368,30,True
Real_BTC,BTC,1,Concept,29,1399,63,True
Real_BTC,BTC,1,Concept,30,1429,46,True
Real_BTC,BTC,1,Concept,31,1460,30,True
Real_BTC,BTC,1,Concept,32,1491,30,True
Real_BTC,BTC,1,Concept,33,1519,28,True
Real_BTC,BTC,1,Concept,34,1550,33,True
Real_BTC,BTC,1,Concept,35,1580,38,True
Real_BTC,BTC,1,Concept,36,1611,39,True
Real_BTC,BTC,1,Concept,37,1641,55,True
Real_BTC,BTC,1,Concept,38,1672,40,True
Real_BTC,BTC,1,Concept,39,1703,33,True
Real_BTC,BTC,1,Concept,40,1733,30,True
Real_BTC,BTC,1,Concept,41,1764,38,True
Real_BTC,BTC,1,Concept,42,1794,30,True
Real_BTC,BTC,1,Concept,43,1825,28,True
Real_BTC,BTC,1,Concept,44,1856,35,True
Real_BTC,BTC,1,Concept,45,1885,53,True
Real_BTC,BTC,1,Concept,46,1916,33,True
Real_BTC,BTC,1,Concept,47,1946,40,True
Real_BTC,BTC,1,Concept,48,1977,32,True
Real_BTC,BTC,1,Concept,49,2007,28,True
Real_BTC,BTC,1,Concept,50,2038,30,True
Real_BTC,BTC,1,Concept,51,2069,33,True
Real_BTC,BTC,1,Concept,52,2099,28,True
Real_BTC,BTC,1,Concept,53,2130,40,True
Real_BTC,BTC,1,Concept,54,2160,34,True
Real_BTC,BTC,1,Concept,55,2191,43,True
Real_BTC,BTC,1,Concept,56,2222,38,True
Real_BTC,BTC,1,Concept,57,2250,35,True
Real_BTC,BTC,1,Concept,58,2281,38,True
Real_BTC,BTC,1,Concept,59,2311,73,True
Real_BTC,BTC,1,Concept,60,2342,50,True
Real_BTC,BTC,1,Concept,61,2372,31,True
Real_BTC,BTC,1,Concept,62,2403,36,True
Real_BTC,BTC,1,Concept,63,2434,38,True
Real_BTC,BTC,1,Concept,64,2464,33,True
Real_BTC,BTC,1,Concept,65,2495,48,True
Real_BTC,BTC,1,Concept,66,2525,44,True
Real_BTC,BTC,1,Concept,67,2556,40,True
Real_BTC,BTC,1,Concept,68,2587,42,True
Real_BTC,BTC,1,Concept,69,2615,33,True
Real_BTC,BTC,1,Concept,70,2646,50,True
Real_BTC,BTC,1,Concept,71,2676,58,True
Real_BTC,BTC,1,Concept,72,2707,39,True
Real_BTC,BTC,1,Concept,73,2737,33,True
Real_BTC,BTC,1,Concept,74,2768,33,True
Real_BTC,BTC,1,Concept,75,2799,33,True
Real_BTC,BTC,1,Concept,76,2829,28,True
Real_BTC,BTC,1,Concept,77,2860,33,True
Real_BTC,BTC,1,Concept,78,2890,30,True
Real_BTC,BTC,1,Concept,79,2921,28,True
Real_BTC,BTC,1,Concept,80,2952,33,True
Real_BTC,BTC,1,Concept,81,2980,33,True
Real_BTC,BTC,1,Concept,82,3011,35,True
Real_BTC,BTC,1,Concept,83,3041,31,True
Real_BTC,BTC,1,Concept,84,3072,33,True
Real_BTC,BTC,1,Concept,85,3102,30,True
Real_BTC,BTC,1,Concept,86,3133,33,True
Real_BTC,BTC,1,Concept,87,3164,28,True
Real_BTC,BTC,1,Concept,88,3194,28,True
Real_BTC,BTC,1,Concept,89,3225,35,True
Real_BTC,BTC,1,Concept,90,3255,35,True
Real_BTC,BTC,1,Concept,91,3286,38,True
Real_BTC,BTC,1,Concept,92,3317,28,True
Real_BTC,BTC,1,Concept,93,3346,65,True
Real_BTC,BTC,1,Concept,94,3377,52,True
Real_BTC,BTC,1,Concept,95,3407,31,True
Real_BTC,BTC,1,Concept,96,3438,40,True
Real_BTC,BTC,1,Concept,97,3468,49,True
Real_BTC,BTC,1,Concept,98,3499,50,True
Real_BTC,BTC,1,Concept,99,3530,41,True
Real_BTC,BTC,1,Concept,100,3560,34,True
Real_BTC,BTC,1,Concept,101,3591,33,True
Real_BTC,BTC,1,Concept,102,3621,43,True
Real_BTC,BTC,1,Concept,103,3652,40,True
Real_BTC,BTC,1,Concept,104,3683,54,True
Real_BTC,BTC,1,Concept,105,3711,55,True
Real_BTC,BTC,1,Eco,0,516,50,True
Real_BTC,BTC,1,Eco,1,546,55,True
Real_BTC,BTC,1,Eco,2,577,40,True
Real_BTC,BTC,1,Eco,3,608,36,True
Real_BTC,BTC,1,Eco,4,638,35,True
Real_BTC,BTC,1,Eco,5,669,40,True
Real_BTC,BTC,1,Eco,6,699,32,True
Real_BTC,BTC,1,Eco,7,730,53,True
Real_BTC,BTC,1,Eco,8,761,57,True
Real_BTC,BTC,1,Eco,9,789,56,True
Real_BTC,BTC,1,Eco,10,820,37,True
Real_BTC,BTC,1,Eco,11,850,39,True
Real_BTC,BTC,1,Eco,12,881,65,True
Real_BTC,BTC,1,Eco,13,911,57,True
Real_BTC,BTC,1,Eco,14,942,64,True
Real_BTC,BTC,1,Eco,15,973,61,True
Real_BTC,BTC,1,Eco,16,1003,45,True
Real_BTC,BTC,1,Eco,17,1034,44,True
Real_BTC,BTC,1,Eco,18,1064,92,True
Real_BTC,BTC,1,Eco,19,1095,97,True
Real_BTC,BTC,1,Eco,20,1126,68,True
Real_BTC,BTC,1,Eco,21,1154,54,True
Real_BTC,BTC,1,Eco,22,1185,46,True
Real_BTC,BTC,1,Eco,23,1215,48,True
Real_BTC,BTC,1,Eco,24,1246,45,True
Real_BTC,BTC,1,Eco,25,1276,43,True
Real_BTC,BTC,1,Eco,26,1307,44,True
Real_BTC,BTC,1,Eco,27,1338,39,True
Real_BTC,BTC,1,Eco,28,1368,33,True
Real_BTC,BTC,1,Eco,29,1399,44,True
Real_BTC,BTC,1,Eco,30,1429,49,True
Real_BTC,BTC,1,Eco,31,1460,39,True
Real_BTC,BTC,1,Eco,32,1491,33,True
Real_BTC,BTC,1,Eco,33,1519,32,True
Real_BTC,BTC,1,Eco,34,1550,32,True
Real_BTC,BTC,1,Eco,35,1580,36,True
Real_BTC,BTC,1,Eco,36,1611,44,True
Real_BTC,BTC,1,Eco,37,1641,54,True
Real_BTC,BTC,1,Eco,38,1672,42,True
Real_BTC,BTC,1,Eco,39,1703,45,True
Real_BTC,BTC,1,Eco,40,1733,40,True
Real_BTC,BTC,1,Eco,41,1764,47,True
Real_BTC,BTC,1,Eco,42,1794,37,True
Real_BTC,BTC,1,Eco,43,1825,35,True
Real_BTC,BTC,1,Eco,44,1856,65,True
Real_BTC,BTC,1,Eco,45,1885,57,True
Real_BTC,BTC,1,Eco,46,1916,36,True
Real_BTC,BTC,1,Eco,47,1946,42,True
Real_BTC,BTC,1,Eco,48,1977,40,True
Real_BTC,BTC,1,Eco,49,2007,35,True
Real_BTC,BTC,1,Eco,50,2038,44,True
Real_BTC,BTC,1,Eco,51,2069,41,True
Real_BTC,BTC,1,Eco,52,2099,34,True
Real_BTC,BTC,1,Eco,53,2130,39,True
Real_BTC,BTC,1,Eco,54,2160,35,True
Real_BTC,BTC,1,Eco,55,2191,42,True
Real_BTC,BTC,1,Eco,56,2222,39,True
Real_BTC,BTC,1,Eco,57,2250,41,True
Real_BTC,BTC,1,Eco,58,2281,62,True
Real_BTC,BTC,1,Eco,59,2311,71,True
Real_BTC,BTC,1,Eco,60,2342,51,True
Real_BTC,BTC,1,Eco,61,2372,39,True
Real_BTC,BTC,1,Eco,62,2403,44,True
Real_BTC,BTC,1,Eco,63,2434,44,True
Real_BTC,BTC,1,Eco,64,2464,38,True
Real_BTC,BTC,1,Eco,65,2495,51,True
Real_BTC,BTC,1,Eco,66,2525,56,True
Real_BTC,BTC,1,Eco,67,2556,44,True
Real_BTC,BTC,1,Eco,68,2587,43,True
Real_BTC,BTC,1,Eco,69,2615,46,True
Real_BTC,BTC,1,Eco,70,2646,51,True
Real_BTC,BTC,1,Eco,71,2676,63,True
Real_BTC,BTC,1,Eco,72,2707,50,True
Real_BTC,BTC,1,Eco,73,2737,35,True
Real_BTC,BTC,1,Eco,74,2768,39,True
Real_BTC,BTC,1,Eco,75,2799,38,True
Real_BTC,BTC,1,Eco,76,2829,34,True
Real_BTC,BTC,1,Eco,77,2860,42,True
Real_BTC,BTC,1,Eco,78,2890,37,True
Real_BTC,BTC,1,Eco,79,2921,28,True
Real_BTC,BTC,1,Eco,80,2952,39,True
Real_BTC,BTC,1,Eco,81,2980,35,True
Real_BTC,BTC,1,Eco,82,3011,38,True
Real_BTC,BTC,1,Eco,83,3041,39,True
Real_BTC,BTC,1,Eco,84,3072,36,True
Real_BTC,BTC,1,Eco,85,3102,37,True
Real_BTC,BTC,1,Eco,86,3133,42,True
Real_BTC,BTC,1,Eco,87,3164,36,True
Real_BTC,BTC,1,Eco,88,3194,33,True
Real_BTC,BTC,1,Eco,89,3225,33,True
Real_BTC,BTC,1,Eco,90,3255,35,True
Real_BTC,BTC,1,Eco,91,3286,39,True
Real_BTC,BTC,1,Eco,92,3317,29,True
Real_BTC,BTC,1,Eco,93,3346,48,True
Real_BTC,BTC,1,Eco,94,3377,49,True
Real_BTC,BTC,1,Eco,95,3407,42,True
Real_BTC,BTC,1,Eco,96,3438,45,True
Real_BTC,BTC,1,Eco,97,3468,52,True
Real_BTC,BTC,1,Eco,98,3499,48,True
Real_BTC,BTC,1,Eco,99,3530,41,True
Real_BTC,BTC,1,Eco,100,3560,36,True
Real_BTC,BTC,1,Eco,101,3591,36,True
Real_BTC,BTC,1,Eco,102,3621,44,True
Real_BTC,BTC,1,Eco,103,3652,42,True
Real_BTC,BTC,1,Eco,104,3683,52,True
Real_BTC,BTC,1,Eco,105,3711,47,True
Real_BTC,BTC,1.25,Concept,0,516,40,True
Real_BTC,BTC,1.25,Concept,1,546,38,True
Real_BTC,BTC,1.25,Concept,2,577,30,True
Real_BTC,BTC,1.25,Concept,3,608,28,True
Real_BTC,BTC,1.25,Concept,4,638,28,True
Real_BTC,BTC,1.25,Concept,5,669,30,True
Real_BTC,BTC,1.25,Concept,6,699,28,True
Real_BTC,BTC,1.25,Concept,7,730,35,True
Real_BTC,BTC,1.25,Concept,8,761,30,True
Real_BTC,BTC,1.25,Concept,9,789,48,True
Real_BTC,BTC,1.25,Concept,10,820,28,True
Real_BTC,BTC,1.25,Concept,11,850,53,True
Real_BTC,BTC,1.25,Concept,12,881,60,True
Real_BTC,BTC,1.25,Concept,13,911,50,True
Real_BTC,BTC,1.25,Concept,14,942,31,True
Real_BTC,BTC,1.25,Concept,15,973,42,True
Real_BTC,BTC,1.25,Concept,16,1003,30,True
Real_BTC,BTC,1.25,Concept,17,1034,35,True
Real_BTC,BTC,1.25,Concept,18,1064,90,True
Real_BTC,BTC,1.25,Concept,19,1095,63,True
Real_BTC,BTC,1.25,Concept,20,1126,60,True
Real_BTC,BTC,1.25,Concept,21,1154,43,True
Real_BTC,BTC,1.25,Concept,22,1185,33,True
Real_BTC,BTC,1.25,Concept,23,1215,33,True
Real_BTC,BTC,1.25,Concept,24,1246,33,True
Real_BTC,BTC,1.25,Concept,25,1276,30,True
Real_BTC,BTC,1.25,Concept,26,1307,33,True
Real_BTC,BTC,1.25,Concept,27,1338,30,True
Real_BTC,BTC,1.25,Concept,28,1368,28,True
Real_BTC,BTC,1.25,Concept,29,1399,48,True
Real_BTC,BTC,1.25,Concept,30,1429,38,True
Real_BTC,BTC,1.25,Concept,31,1460,30,True
Real_BTC,BTC,1.25,Concept,32,1491,30,True
Real_BTC,BTC,1.25,Concept,33,1519,28,True
Real_BTC,BTC,1.25,Concept,34,1550,28,True
Real_BTC,BTC,1.25,Concept,35,1580,30,True
Real_BTC,BTC,1.25,Concept,36,1611,39,True
Real_BTC,BTC,1.25,Concept,37,1641,38,True
Real_BTC,BTC,1.25,Concept,38,1672,33,True
Real_BTC,BTC,1.25,Concept,39,1703,33,True
Real_BTC,BTC,1.25,Concept,40,1733,30,True
Real_BTC,BTC,1.25,Concept,41,1764,38,True
Real_BTC,BTC,1.25,Concept,42,1794,28,True
Real_BTC,BTC,1.25,Concept,43,1825,28,True
Real_BTC,BTC,1.25,Concept,44,1856,33,True
Real_BTC,BTC,1.25,Concept,45,1885,45,True
Real_BTC,BTC,1.25,Concept,46,1916,30,True
Real_BTC,BTC,1.25,Concept,47,1946,30,True
Real_BTC,BTC,1.25,Concept,48,1977,32,True
Real_BTC,BTC,1.25,Concept,49,2007,28,True
Real_BTC,BTC,1.25,Concept,50,2038,30,True
Real_BTC,BTC,1.25,Concept,51,2069,30,True
Real_BTC,BTC,1.25,Concept,52,2099,28,True
Real_BTC,BTC,1.25,Concept,53,2130,30,True
Real_BTC,BTC,1.25,Concept,54,2160,30,True
Real_BTC,BTC,1.25,Concept,55,2191,43,True
Real_BTC,BTC,1.25,Concept,56,2222,35,True
Real_BTC,BTC,1.25,Concept,57,2250,33,True
Real_BTC,BTC,1.25,Concept,58,2281,30,True
Real_BTC,BTC,1.25,Concept,59,2311,65,True
Real_BTC,BTC,1.25,Concept,60,2342,43,True
Real_BTC,BTC,1.25,Concept,61,2372,28,True
Real_BTC,BTC,1.25,Concept,62,2403,28,True
Real_BTC,BTC,1.25,Concept,63,2434,38,True
Real_BTC,BTC,1.25,Concept,64,2464,30,True
Real_BTC,BTC,1.25,Concept,65,2495,45,True
Real_BTC,BTC,1.25,Concept,66,2525,42,True
Real_BTC,BTC,1.25,Concept,67,2556,35,True
Real_BTC,BTC,1.25,Concept,68,2587,35,True
Real_BTC,BTC,1.25,Concept,69,2615,33,True
Real_BTC,BTC,1.25,Concept,70,2646,43,True
Real_BTC,BTC,1.25,Concept,71,2676,40,True
Real_BTC,BTC,1.25,Concept,72,2707,39,True
Real_BTC,BTC,1.25,Concept,73,2737,30,True
Real_BTC,BTC,1.25,Concept,74,2768,33,True
Real_BTC,BTC,1.25,Concept,75,2799,33,True
Real_BTC,BTC,1.25,Concept,76,2829,28,True
Real_BTC,BTC,1.25,Concept,77,2860,33,True
Real_BTC,BTC,1.25,Concept,78,2890,28,True
Real_BTC,BTC,1.25,Concept,79,2921,28,True
Real_BTC,BTC,1.25,Concept,80,2952,33,True
Real_BTC,BTC,1.25,Concept,81,2980,33,True
Real_BTC,BTC,1.25,Concept,82,3011,30,True
Real_BTC,BTC,1.25,Concept,83,3041,29,True
Real_BTC,BTC,1.25,Concept,84,3072,30,True
Real_BTC,BTC,1.25,Concept,85,3102,28,True
Real_BTC,BTC,1.25,Concept,86,3133,33,True
Real_BTC,BTC,1.25,Concept,87,3164,28,True
Real_BTC,BTC,1.25,Concept,88,3194,28,True
Real_BTC,BTC,1.25,Concept,89,3225,33,True
Real_BTC,BTC,1.25,Concept,90,3255,30,True
Real_BTC,BTC,1.25,Concept,91,3286,38,True
Real_BTC,BTC,1.25,Concept,92,3317,28,True
Real_BTC,BTC,1.25,Concept,93,3346,53,True
Real_BTC,BTC,1.25,Concept,94,3377,52,True
Real_BTC,BTC,1.25,Concept,95,3407,31,True
Real_BTC,BTC,1.25,Concept,96,3438,35,True
Real_BTC,BTC,1.25,Concept,97,3468,40,True
Real_BTC,BTC,1.25,Concept,98,3499,45,True
Real_BTC,BTC,1.25,Concept,99,3530,38,True
Real_BTC,BTC,1.25,Concept,100,3560,29,True
Real_BTC,BTC,1.25,Concept,101,3591,33,True
Real_BTC,BTC,1.25,Concept,102,3621,35,True
Real_BTC,BTC,1.25,Concept,103,3652,33,True
Real_BTC,BTC,1.25,Concept,104,3683,45,True
Real_BTC,BTC,1.25,Concept,105,3711,48,True
Real_BTC,BTC,1.25,Eco,0,516,43,True
Real_BTC,BTC,1.25,Eco,1,546,46,True
Real_BTC,BTC,1.25,Eco,2,577,36,True
Real_BTC,BTC,1.25,Eco,3,608,32,True
Real_BTC,BTC,1.25,Eco,4,638,31,True
Real_BTC,BTC,1.25,Eco,5,669,36,True
Real_BTC,BTC,1.25,Eco,6,699,30,True
Real_BTC,BTC,1.25,Eco,7,730,50,True
Real_BTC,BTC,1.25,Eco,8,761,39,True
Real_BTC,BTC,1.25,Eco,9,789,50,True
Real_BTC,BTC,1.25,Eco,10,820,36,True
Real_BTC,BTC,1.25,Eco,11,850,35,True
Real_BTC,BTC,1.25,Eco,12,881,56,True
Real_BTC,BTC,1.25,Eco,13,911,49,True
Real_BTC,BTC,1.25,Eco,14,942,55,True
Real_BTC,BTC,1.25,Eco,15,973,55,True
Real_BTC,BTC,1.25,Eco,16,1003,38,True
Real_BTC,BTC,1.25,Eco,17,1034,36,True
Real_BTC,BTC,1.25,Eco,18,1064,75,True
Real_BTC,BTC,1.25,Eco,19,1095,77,True
Real_BTC,BTC,1.25,Eco,20,1126,59,True
Real_BTC,BTC,1.25,Eco,21,1154,45,True
Real_BTC,BTC,1.25,Eco,22,1185,41,True
Real_BTC,BTC,1.25,Eco,23,1215,38,True
Real_BTC,BTC,1.25,Eco,24,1246,38,True
Real_BTC,BTC,1.25,Eco,25,1276,36,True
Real_BTC,BTC,1.25,Eco,26,1307,39,True
Real_BTC,BTC,1.25,Eco,27,1338,34,True
Real_BTC,BTC,1.25,Eco,28,1368,30,True
Real_BTC,BTC,1.25,Eco,29,1399,30,True
Real_BTC,BTC,1.25,Eco,30,1429,42,True
Real_BTC,BTC,1.25,Eco,31,1460,36,True
Real_BTC,BTC,1.25,Eco,32,1491,30,True
Real_BTC,BTC,1.25,Eco,33,1519,30,True
Real_BTC,BTC,1.25,Eco,34,1550,29,True
Real_BTC,BTC,1.25,Eco,35,1580,30,True
Real_BTC,BTC,1.25,Eco,36,1611,36,True
Real_BTC,BTC,1.25,Eco,37,1641,46,True
Real_BTC,BTC,1.25,Eco,38,1672,35,True
Real_BTC,BTC,1.25,Eco,39,1703,37,True
Real_BTC,BTC,1.25,Eco,40,1733,34,True
Real_BTC,BTC,1.25,Eco,41,1764,39,True
Real_BTC,BTC,1.25,Eco,42,1794,34,True
Real_BTC,BTC,1.25,Eco,43,1825,31,True
Real_BTC,BTC,1.25,Eco,44,1856,39,True
Real_BTC,BTC,1.25,Eco,45,1885,53,True
Real_BTC,BTC,1.25,Eco,46,1916,33,True
Real_BTC,BTC,1.25,Eco,47,1946,36,True
Real_BTC,BTC,1.25,Eco,48,1977,35,True
Real_BTC,BTC,1.25,Eco,49,2007,30,True
Real_BTC,BTC,1.25,Eco,50,2038,37,True
Real_BTC,BTC,1.25,Eco,51,2069,37,True
Real_BTC,BTC,1.25,Eco,52,2099,31,True
Real_BTC,BTC,1.25,Eco,53,2130,34,True
Real_BTC,BTC,1.25,Eco,54,2160,32,True
Real_BTC,BTC,1.25,Eco,55,2191,38,True
Real_BTC,BTC,1.25,Eco,56,2222,36,True
Real_BTC,BTC,1.25,Eco,57,2250,36,True
Real_BTC,BTC,1.25,Eco,58,2281,37,True
Real_BTC,BTC,1.25,Eco,59,2311,57,True
Real_BTC,BTC,1.25,Eco,60,2342,44,True
Real_BTC,BTC,1.25,Eco,61,2372,35,True
Real_BTC,BTC,1.25,Eco,62,2403,35,True
Real_BTC,BTC,1.25,Eco,63,2434,37,True
Real_BTC,BTC,1.25,Eco,64,2464,36,True
Real_BTC,BTC,1.25,Eco,65,2495,41,True
Real_BTC,BTC,1.25,Eco,66,2525,42,True
Real_BTC,BTC,1.25,Eco,67,2556,36,True
Real_BTC,BTC,1.25,Eco,68,2587,36,True
Real_BTC,BTC,1.25,Eco,69,2615,35,True
Real_BTC,BTC,1.25,Eco,70,2646,42,True
Real_BTC,BTC,1.25,Eco,71,2676,39,True
Real_BTC,BTC,1.25,Eco,72,2707,43,True
Real_BTC,BTC,1.25,Eco,73,2737,29,True
Real_BTC,BTC,1.25,Eco,74,2768,34,True
Real_BTC,BTC,1.25,Eco,75,2799,32,True
Real_BTC,BTC,1.25,Eco,76,2829,28,True
Real_BTC,BTC,1.25,Eco,77,2860,35,True
Real_BTC,BTC,1.25,Eco,78,2890,31,True
Real_BTC,BTC,1.25,Eco,79,2921,26,True
Real_BTC,BTC,1.25,Eco,80,2952,32,True
Real_BTC,BTC,1.25,Eco,81,2980,30,True
Real_BTC,BTC,1.25,Eco,82,3011,31,True
Real_BTC,BTC,1.25,Eco,83,3041,33,True
Real_BTC,BTC,1.25,Eco,84,3072,31,True
Real_BTC,BTC,1.25,Eco,85,3102,33,True
Real_BTC,BTC,1.25,Eco,86,3133,36,True
Real_BTC,BTC,1.25,Eco,87,3164,33,True
Real_BTC,BTC,1.25,Eco,88,3194,30,True
Real_BTC,BTC,1.25,Eco,89,3225,29,True
Real_BTC,BTC,1.25,Eco,90,3255,30,True
Real_BTC,BTC,1.25,Eco,91,3286,33,True
Real_BTC,BTC,1.25,Eco,92,3317,26,True
Real_BTC,BTC,1.25,Eco,93,3346,36,True
Real_BTC,BTC,1.25,Eco,94,3377,44,True
Real_BTC,BTC,1.25,Eco,95,3407,34,True
Real_BTC,BTC,1.25,Eco,96,3438,40,True
Real_BTC,BTC,1.25,Eco,97,3468,43,True
Real_BTC,BTC,1.25,Eco,98,3499,42,True
Real_BTC,BTC,1.25,Eco,99,3530,36,True
Real_BTC,BTC,1.25,Eco,100,3560,34,True
Real_BTC,BTC,1.25,Eco,101,3591,33,True
Real_BTC,BTC,1.25,Eco,102,3621,36,True
Real_BTC,BTC,1.25,Eco,103,3652,36,True
Real_BTC,BTC,1.25,Eco,104,3683,42,True
Real_BTC,BTC,1.25,Eco,105,3711,39,True
Real_BTC,BTC,1.5,Concept,0,516,40,True
Real_BTC,BTC,1.5,Concept,1,546,38,True
Real_BTC,BTC,1.5,Concept,2,577,30,True
Real_BTC,BTC,1.5,Concept,3,608,28,True
Real_BTC,BTC,1.5,Concept,4,638,28,True
Real_BTC,BTC,1.5,Concept,5,669,30,True
Real_BTC,BTC,1.5,Concept,6,699,28,True
Real_BTC,BTC,1.5,Concept,7,730,35,True
Real_BTC,BTC,1.5,Concept,8,761,30,True
Real_BTC,BTC,1.5,Concept,9,789,45,True
Real_BTC,BTC,1.5,Concept,10,820,28,True
Real_BTC,BTC,1.5,Concept,11,850,40,True
Real_BTC,BTC,1.5,Concept,12,881,53,True
Real_BTC,BTC,1.5,Concept,13,911,43,True
Real_BTC,BTC,1.5,Concept,14,942,29,True
Real_BTC,BTC,1.5,Concept,15,973,42,True
Real_BTC,BTC,1.5,Concept,16,1003,30,True
Real_BTC,BTC,1.5,Concept,17,1034,33,True
Real_BTC,BTC,1.5,Concept,18,1064,78,True
Real_BTC,BTC,1.5,Concept,19,1095,50,True
Real_BTC,BTC,1.5,Concept,20,1126,45,True
Real_BTC,BTC,1.5,Concept,21,1154,40,True
Real_BTC,BTC,1.5,Concept,22,1185,33,True
Real_BTC,BTC,1.5,Concept,23,1215,30,True
Real_BTC,BTC,1.5,Concept,24,1246,33,True
Real_BTC,BTC,1.5,Concept,25,1276,28,True
Real_BTC,BTC,1.5,Concept,26,1307,28,True
Real_BTC,BTC,1.5,Concept,27,1338,30,True
Real_BTC,BTC,1.5,Concept,28,1368,28,True
Real_BTC,BTC,1.5,Concept,29,1399,38,True
Real_BTC,BTC,1.5,Concept,30,1429,28,True
Real_BTC,BTC,1.5,Concept,31,1460,30,True
Real_BTC,BTC,1.5,Concept,32,1491,30,True
Real_BTC,BTC,1.5,Concept,33,1519,28,True
Real_BTC,BTC,1.5,Concept,34,1550,28,True
Real_BTC,BTC,1.5,Concept,35,1580,30,True
Real_BTC,BTC,1.5,Concept,36,1611,39,True
Real_BTC,BTC,1.5,Concept,37,1641,38,True
Real_BTC,BTC,1.5,Concept,38,1672,33,True
Real_BTC,BTC,1.5,Concept,39,1703,30,True
Real_BTC,BTC,1.5,Concept,40,1733,30,True
Real_BTC,BTC,1.5,Concept,41,1764,28,True
Real_BTC,BTC,1.5,Concept,42,1794,28,True
Real_BTC,BTC,1.5,Concept,43,1825,28,True
Real_BTC,BTC,1.5,Concept,44,1856,30,True
Real_BTC,BTC,1.5,Concept,45,1885,43,True
Real_BTC,BTC,1.5,Concept,46,1916,28,True
Real_BTC,BTC,1.5,Concept,47,1946,30,True
Real_BTC,BTC,1.5,Concept,48,1977,30,True
Real_BTC,BTC,1.5,Concept,49,2007,28,True
Real_BTC,BTC,1.5,Concept,50,2038,30,True
Real_BTC,BTC,1.5,Concept,51,2069,30,True
Real_BTC,BTC,1.5,Concept,52,2099,28,True
Real_BTC,BTC,1.5,Concept,53,2130,30,True
Real_BTC,BTC,1.5,Concept,54,2160,28,True
Real_BTC,BTC,1.5,Concept,55,2191,38,True
Real_BTC,BTC,1.5,Concept,56,2222,33,True
Real_BTC,BTC,1.5,Concept,57,2250,30,True
Real_BTC,BTC,1.5,Concept,58,2281,30,True
Real_BTC,BTC,1.5,Concept,59,2311,60,True
Real_BTC,BTC,1.5,Concept,60,2342,35,True
Real_BTC,BTC,1.5,Concept,61,2372,28,True
Real_BTC,BTC,1.5,Concept,62,2403,28,True
Real_BTC,BTC,1.5,Concept,63,2434,33,True
Real_BTC,BTC,1.5,Concept,64,2464,30,True
Real_BTC,BTC,1.5,Concept,65,2495,40,True
Real_BTC,BTC,1.5,Concept,66,2525,38,True
Real_BTC,BTC,1.5,Concept,67,2556,30,True
Real_BTC,BTC,1.5,Concept,68,2587,30,True
Real_BTC,BTC,1.5,Concept,69,2615,33,True
Real_BTC,BTC,1.5,Concept,70,2646,33,True
Real_BTC,BTC,1.5,Concept,71,2676,40,True
Real_BTC,BTC,1.5,Concept,72,2707,36,True
Real_BTC,BTC,1.5,Concept,73,2737,28,True
Real_BTC,BTC,1.5,Concept,74,2768,33,True
Real_BTC,BTC,1.5,Concept,75,2799,30,True
Real_BTC,BTC,1.5,Concept,76,2829,28,True
Real_BTC,BTC,1.5,Concept,77,2860,33,True
Real_BTC,BTC,1.5,Concept,78,2890,28,True
Real_BTC,BTC,1.5,Concept,79,2921,28,True
Real_BTC,BTC,1.5,Concept,80,2952,28,True
Real_BTC,BTC,1.5,Concept,81,2980,30,True
Real_BTC,BTC,1.5,Concept,82,3011,30,True
Real_BTC,BTC,1.5,Concept,83,3041,28,True
Real_BTC,BTC,1.5,Concept,84,3072,30,True
Real_BTC,BTC,1.5,Concept,85,3102,28,True
Real_BTC,BTC,1.5,Concept,86,3133,33,True
Real_BTC,BTC,1.5,Concept,87,3164,28,True
Real_BTC,BTC,1.5,Concept,88,3194,28,True
Real_BTC,BTC,1.5,Concept,89,3225,33,True
Real_BTC,BTC,1.5,Concept,90,3255,30,True
Real_BTC,BTC,1.5,Concept,91,3286,35,True
Real_BTC,BTC,1.5,Concept,92,3317,28,True
Real_BTC,BTC,1.5,Concept,93,3346,38,True
Real_BTC,BTC,1.5,Concept,94,3377,47,True
Real_BTC,BTC,1.5,Concept,95,3407,29,True
Real_BTC,BTC,1.5,Concept,96,3438,30,True
Real_BTC,BTC,1.5,Concept,97,3468,40,True
Real_BTC,BTC,1.5,Concept,98,3499,40,True
Real_BTC,BTC,1.5,Concept,99,3530,33,True
Real_BTC,BTC,1.5,Concept,100,3560,29,True
Real_BTC,BTC,1.5,Concept,101,3591,33,True
Real_BTC,BTC,1.5,Concept,102,3621,33,True
Real_BTC,BTC,1.5,Concept,103,3652,30,True
Real_BTC,BTC,1.5,Concept,104,3683,35,True
Real_BTC,BTC,1.5,Concept,105,3711,33,True
Real_BTC,BTC,1.5,Eco,0,516,38,True
Real_BTC,BTC,1.5,Eco,1,546,40,True
Real_BTC,BTC,1.5,Eco,2,577,33,True
Real_BTC,BTC,1.5,Eco,3,608,30,True
Real_BTC,BTC,1.5,Eco,4,638,28,True
Real_BTC,BTC,1.5,Eco,5,669,32,True
Real_BTC,BTC,1.5,Eco,6,699,27,True
Real_BTC,BTC,1.5,Eco,7,730,46,True
Real_BTC,BTC,1.5,Eco,8,761,36,True
Real_BTC,BTC,1.5,Eco,9,789,45,True
Real_BTC,BTC,1.5,Eco,10,820,34,True
Real_BTC,BTC,1.5,Eco,11,850,33,True
Real_BTC,BTC,1.5,Eco,12,881,47,True
Real_BTC,BTC,1.5,Eco,13,911,42,True
Real_BTC,BTC,1.5,Eco,14,942,41,True
Real_BTC,BTC,1.5,Eco,15,973,49,True
Real_BTC,BTC,1.5,Eco,16,1003,37,True
Real_BTC,BTC,1.5,Eco,17,1034,35,True
Real_BTC,BTC,1.5,Eco,18,1064,57,True
Real_BTC,BTC,1.5,Eco,19,1095,61,True
Real_BTC,BTC,1.5,Eco,20,1126,50,True
Real_BTC,BTC,1.5,Eco,21,1154,42,True
Real_BTC,BTC,1.5,Eco,22,1185,37,True
Real_BTC,BTC,1.5,Eco,23,1215,35,True
Real_BTC,BTC,1.5,Eco,24,1246,34,True
Real_BTC,BTC,1.5,Eco,25,1276,32,True
Real_BTC,BTC,1.5,Eco,26,1307,32,True
Real_BTC,BTC,1.5,Eco,27,1338,31,True
Real_BTC,BTC,1.5,Eco,28,1368,26,True
Real_BTC,BTC,1.5,Eco,29,1399,27,True
Real_BTC,BTC,1.5,Eco,30,1429,36,True
Real_BTC,BTC,1.5,Eco,31,1460,33,True
Real_BTC,BTC,1.5,Eco,32,1491,27,True
Real_BTC,BTC,1.5,Eco,33,1519,28,True
Real_BTC,BTC,1.5,Eco,34,1550,27,True
Real_BTC,BTC,1.5,Eco,35,1580,26,True
Real_BTC,BTC,1.5,Eco,36,1611,32,True
Real_BTC,BTC,1.5,Eco,37,1641,38,True
Real_BTC,BTC,1.5,Eco,38,1672,32,True
Real_BTC,BTC,1.5,Eco,39,1703,33,True
Real_BTC,BTC,1.5,Eco,40,1733,30,True
Real_BTC,BTC,1.5,Eco,41,1764,34,True
Real_BTC,BTC,1.5,Eco,42,1794,31,True
Real_BTC,BTC,1.5,Eco,43,1825,29,True
Real_BTC,BTC,1.5,Eco,44,1856,32,True
Real_BTC,BTC,1.5,Eco,45,1885,48,True
Real_BTC,BTC,1.5,Eco,46,1916,30,True
Real_BTC,BTC,1.5,Eco,47,1946,31,True
Real_BTC,BTC,1.5,Eco,48,1977,31,True
Real_BTC,BTC,1.5,Eco,49,2007,27,True
Real_BTC,BTC,1.5,Eco,50,2038,30,True
Real_BTC,BTC,1.5,Eco,51,2069,33,True
Real_BTC,BTC,1.5,Eco,52,2099,29,True
Real_BTC,BTC,1.5,Eco,53,2130,31,True
Real_BTC,BTC,1.5,Eco,54,2160,30,True
Real_BTC,BTC,1.5,Eco,55,2191,35,True
Real_BTC,BTC,1.5,Eco,56,2222,34,True
Real_BTC,BTC,1.5,Eco,57,2250,32,True
Real_BTC,BTC,1.5,Eco,58,2281,32,True
Real_BTC,BTC,1.5,Eco,59,2311,44,True
Real_BTC,BTC,1.5,Eco,60,2342,38,True
Real_BTC,BTC,1.5,Eco,61,2372,29,True
Real_BTC,BTC,1.5,Eco,62,2403,32,True
Real_BTC,BTC,1.5,Eco,63,2434,33,True
Real_BTC,BTC,1.5,Eco,64,2464,32,True
Real_BTC,BTC,1.5,Eco,65,2495,35,True
Real_BTC,BTC,1.5,Eco,66,2525,36,True
Real_BTC,BTC,1.5,Eco,67,2556,33,True
Real_BTC,BTC,1.5,Eco,68,2587,28,True
Real_BTC,BTC,1.5,Eco,69,2615,29,True
Real_BTC,BTC,1.5,Eco,70,2646,30,True
Real_BTC,BTC,1.5,Eco,71,2676,32,True
Real_BTC,BTC,1.5,Eco,72,2707,36,True
Real_BTC,BTC,1.5,Eco,73,2737,26,True
Real_BTC,BTC,1.5,Eco,74,2768,29,True
Real_BTC,BTC,1.5,Eco,75,2799,27,True
Real_BTC,BTC,1.5,Eco,76,2829,25,True
Real_BTC,BTC,1.5,Eco,77,2860,29,True
Real_BTC,BTC,1.5,Eco,78,2890,26,True
Real_BTC,BTC,1.5,Eco,79,2921,23,True
Real_BTC,BTC,1.5,Eco,80,2952,28,True
Real_BTC,BTC,1.5,Eco,81,2980,27,True
Real_BTC,BTC,1.5,Eco,82,3011,28,True
Real_BTC,BTC,1.5,Eco,83,3041,29,True
Real_BTC,BTC,1.5,Eco,84,3072,28,True
Real_BTC,BTC,1.5,Eco,85,3102,30,True
Real_BTC,BTC,1.5,Eco,86,3133,32,True
Real_BTC,BTC,1.5,Eco,87,3164,30,True
Real_BTC,BTC,1.5,Eco,88,3194,28,True
Real_BTC,BTC,1.5,Eco,89,3225,25,True
Real_BTC,BTC,1.5,Eco,90,3255,26,True
Real_BTC,BTC,1.5,Eco,91,3286,28,True
Real_BTC,BTC,1.5,Eco,92,3317,25,True
Real_BTC,BTC,1.5,Eco,93,3346,29,True
Real_BTC,BTC,1.5,Eco,94,3377,38,True
Real_BTC,BTC,1.5,Eco,95,3407,32,True
Real_BTC,BTC,1.5,Eco,96,3438,35,True
Real_BTC,BTC,1.5,Eco,97,3468,38,True
Real_BTC,BTC,1.5,Eco,98,3499,38,True
Real_BTC,BTC,1.5,Eco,99,3530,33,True
Real_BTC,BTC,1.5,Eco,100,3560,28,True
Real_BTC,BTC,1.5,Eco,101,3591,30,True
Real_BTC,BTC,1.5,Eco,102,3621,32,True
Real_BTC,BTC,1.5,Eco,103,3652,29,True
Real_BTC,BTC,1.5,Eco,104,3683,33,True
Real_BTC,BTC,1.5,Eco,105,3711,31,True
Real_ETH,ETH,0.10000000000000001,Concept,0,507,98,True
Real_ETH,ETH,0.10000000000000001,Concept,1,537,406,True
Real_ETH,ETH,0.10000000000000001,Concept,2,568,375,True
Real_ETH,ETH,0.10000000000000001,Concept,3,598,-1,False
Real_ETH,ETH,0.10000000000000001,Concept,4,629,470,True
Real_ETH,ETH,0.10000000000000001,Concept,5,660,439,True
Real_ETH,ETH,0.10000000000000001,Concept,6,690,409,True
Real_ETH,ETH,0.10000000000000001,Concept,7,721,349,True
Real_ETH,ETH,0.10000000000000001,Concept,8,751,319,True
Real_ETH,ETH,0.10000000000000001,Concept,9,782,316,True
Real_ETH,ETH,0.10000000000000001,Concept,10,813,296,True
Real_ETH,ETH,0.10000000000000001,Concept,11,842,302,True
Real_ETH,ETH,0.10000000000000001,Concept,12,873,236,True
Real_ETH,ETH,0.10000000000000001,Concept,13,903,241,True
Real_ETH,ETH,0.10000000000000001,Concept,14,934,210,True
Real_ETH,ETH,0.10000000000000001,Concept,15,964,180,True
Real_ETH,ETH,0.10000000000000001,Concept,16,995,-1,False
Real_ETH,ETH,0.10000000000000001,Concept,17,1026,-1,False
Real_ETH,ETH,0.10000000000000001,Concept,18,1056,-1,False
Real_ETH,ETH,0.10000000000000001,Concept,19,1087,-1,False
Real_ETH,ETH,0.10000000000000001,Concept,20,1117,-1,False
Real_ETH,ETH,0.10000000000000001,Concept,21,1148,-1,False
Real_ETH,ETH,0.10000000000000001,Concept,22,1179,-1,False
Real_ETH,ETH,0.10000000000000001,Concept,23,1207,-1,False
Real_ETH,ETH,0.10000000000000001,Concept,24,1238,-1,False
Real_ETH,ETH,0.10000000000000001,Concept,25,1268,-1,False
Real_ETH,ETH,0.10000000000000001,Concept,26,1299,-1,False
Real_ETH,ETH,0.10000000000000001,Concept,27,1329,-1,False
Real_ETH,ETH,0.10000000000000001,Concept,28,1360,-1,False
Real_ETH,ETH,0.10000000000000001,Concept,29,1391,-1,False
Real_ETH,ETH,0.10000000000000001,Concept,30,1421,-1,False
Real_ETH,ETH,0.10000000000000001,Concept,31,1452,-1,False
Real_ETH,ETH,0.10000000000000001,Concept,32,1482,-1,False
Real_ETH,ETH,0.10000000000000001,Concept,33,1513,-1,False
Real_ETH,ETH,0.10000000000000001,Concept,34,1544,-1,False
Real_ETH,ETH,0.10000000000000001,Concept,35,1572,-1,False
Real_ETH,ETH,0.10000000000000001,Concept,36,1603,-1,False
Real_ETH,ETH,0.10000000000000001,Concept,37,1633,-1,False
Real_ETH,ETH,0.10000000000000001,Concept,38,1664,-1,False
Real_ETH,ETH,0.10000000000000001,Concept,39,1694,-1,False
Real_ETH,ETH,0.10000000000000001,Concept,40,1725,489,True
Real_ETH,ETH,0.10000000000000001,Concept,41,1756,459,True
Real_ETH,ETH,0.10000000000000001,Concept,42,1786,103,True
Real_ETH,ETH,0.10000000000000001,Concept,43,1817,73,True
Real_ETH,ETH,0.10000000000000001,Concept,44,1847,43,True
Real_ETH,ETH,0.10000000000000001,Concept,45,1878,32,True
Real_ETH,ETH,0.10000000000000001,Concept,46,1909,185,True
Real_ETH,ETH,0.10000000000000001,Concept,47,1937,157,True
Real_ETH,ETH,0.10000000000000001,Concept,48,1968,130,True
Real_ETH,ETH,0.10000000000000001,Concept,49,1998,99,True
Real_ETH,ETH,0.10000000000000001,Concept,50,2029,70,True
Real_ETH,ETH,0.10000000000000001,Concept,51,2059,90,True
Real_ETH,ETH,0.10000000000000001,Concept,52,2090,86,True
Real_ETH,ETH,0.10000000000000001,Concept,53,2121,55,True
Real_ETH,ETH,0.10000000000000001,Concept,54,2151,54,True
Real_ETH,ETH,0.10000000000000001,Concept,55,2182,-1,False
Real_ETH,ETH,0.10000000000000001,Concept,56,2212,-1,False
Real_ETH,ETH,0.10000000000000001,Concept,57,2243,-1,False
Real_ETH,ETH,0.10000000000000001,Concept,58,2274,-1,False
Real_ETH,ETH,0.10000000000000001,Concept,59,2303,-1,False
Real_ETH,ETH,0.10000000000000001,Concept,60,2334,-1,False
Real_ETH,ETH,0.10000000000000001,Concept,61,2364,-1,False
Real_ETH,ETH,0.10000000000000001,Concept,62,2395,-1,False
Real_ETH,ETH,0.10000000000000001,Concept,63,2425,-1,False
Real_ETH,ETH,0.10000000000000001,Concept,64,2456,-1,False
Real_ETH,ETH,0.10000000000000001,Concept,65,2487,-1,False
Real_ETH,ETH,0.10000000000000001,Concept,66,2517,-1,False
Real_ETH,ETH,0.10000000000000001,Concept,67,2548,-1,False
Real_ETH,ETH,0.10000000000000001,Concept,68,2578,-1,False
Real_ETH,ETH,0.10000000000000001,Concept,69,2609,-1,False
Real_ETH,ETH,0.10000000000000001,Concept,70,2640,-1,False
Real_ETH,ETH,0.10000000000000001,Concept,71,2668,-1,False
Real_ETH,ETH,0.10000000000000001,Eco,0,507,487,True
Real_ETH,ETH,0.10000000000000001,Eco,1,537,450,True
Real_ETH,ETH,0.10000000000000001,Eco,2,568,439,True
Real_ETH,ETH,0.10000000000000001,Eco,3,598,428,True
Real_ETH,ETH,0.10000000000000001,Eco,4,629,463,True
Real_ETH,ETH,0.10000000000000001,Eco,5,660,366,True
Real_ETH,ETH,0.10000000000000001,Eco,6,690,317,True
Real_ETH,ETH,0.10000000000000001,Eco,7,721,305,True
Real_ETH,ETH,0.10000000000000001,Eco,8,751,256,True
Real_ETH,ETH,0.10000000000000001,Eco,9,782,309,True
Real_ETH,ETH,0.10000000000000001,Eco,10,813,295,True
Real_ETH,ETH,0.10000000000000001,Eco,11,842,274,True
Real_ETH,ETH,0.10000000000000001,Eco,12,873,234,True
Real_ETH,ETH,0.10000000000000001,Eco,13,903,284,True
Real_ETH,ETH,0.10000000000000001,Eco,14,934,262,True
Real_ETH,ETH,0.10000000000000001,Eco,15,964,232,True
Real_ETH,ETH,0.10000000000000001,Eco,16,995,277,True
Real_ETH,ETH,0.10000000000000001,Eco,17,1026,244,True
Real_ETH,ETH,0.10000000000000001,Eco,18,1056,211,True
Real_ETH,ETH,0.10000000000000001,Eco,19,1087,183,True
Real_ETH,ETH,0.10000000000000001,Eco,20,1117,-1,False
Real_ETH,ETH,0.10000000000000001,Eco,21,1148,-1,False
Real_ETH,ETH,0.10000000000000001,Eco,22,1179,-1,False
Real_ETH,ETH,0.10000000000000001,Eco,23,1207,-1,False
Real_ETH,ETH,0.10000000000000001,Eco,24,1238,-1,False
Real_ETH,ETH,0.10000000000000001,Eco,25,1268,-1,False
Real_ETH,ETH,0.10000000000000001,Eco,26,1299,-1,False
Real_ETH,ETH,0.10000000000000001,Eco,27,1329,-1,False
Real_ETH,ETH,0.10000000000000001,Eco,28,1360,-1,False
Real_ETH,ETH,0.10000000000000001,Eco,29,1391,-1,False
Real_ETH,ETH,0.10000000000000001,Eco,30,1421,-1,False
Real_ETH,ETH,0.10000000000000001,Eco,31,1452,-1,False
Real_ETH,ETH,0.10000000000000001,Eco,32,1482,-1,False
Real_ETH,ETH,0.10000000000000001,Eco,33,1513,-1,False
Real_ETH,ETH,0.10000000000000001,Eco,34,1544,-1,False
Real_ETH,ETH,0.10000000000000001,Eco,35,1572,-1,False
Real_ETH,ETH,0.10000000000000001,Eco,36,1603,-1,False
Real_ETH,ETH,0.10000000000000001,Eco,37,1633,-1,False
Real_ETH,ETH,0.10000000000000001,Eco,38,1664,-1,False
Real_ETH,ETH,0.10000000000000001,Eco,39,1694,492,True
Real_ETH,ETH,0.10000000000000001,Eco,40,1725,-1,False
Real_ETH,ETH,0.10000000000000001,Eco,41,1756,460,True
Real_ETH,ETH,0.10000000000000001,Eco,42,1786,427,True
Real_ETH,ETH,0.10000000000000001,Eco,43,1817,481,True
Real_ETH,ETH,0.10000000000000001,Eco,44,1847,454,True
Real_ETH,ETH,0.10000000000000001,Eco,45,1878,355,True
Real_ETH,ETH,0.10000000000000001,Eco,46,1909,378,True
Real_ETH,ETH,0.10000000000000001,Eco,47,1937,345,True
Real_ETH,ETH,0.10000000000000001,Eco,48,1968,329,True
Real_ETH,ETH,0.10000000000000001,Eco,49,1998,300,True
Real_ETH,ETH,0.10000000000000001,Eco,50,2029,258,True
Real_ETH,ETH,0.10000000000000001,Eco,51,2059,241,True
Real_ETH,ETH,0.10000000000000001,Eco,52,2090,208,True
Real_ETH,ETH,0.10000000000000001,Eco,53,2121,171,True
Real_ETH,ETH,0.10000000000000001,Eco,54,2151,154,True
Real_ETH,ETH,0.10000000000000001,Eco,55,2182,-1,False
Real_ETH,ETH,0.10000000000000001,Eco,56,2212,-1,False
Real_ETH,ETH,0.10000000000000001,Eco,57,2243,-1,False
Real_ETH,ETH,0.10000000000000001,Eco,58,2274,-1,False
Real_ETH,ETH,0.10000000000000001,Eco,59,2303,-1,False
Real_ETH,ETH,0.10000000000000001,Eco,60,2334,-1,False
Real_ETH,ETH,0.10000000000000001,Eco,61,2364,-1,False
Real_ETH,ETH,0.10000000000000001,Eco,62,2395,-1,False
Real_ETH,ETH,0.10000000000000001,Eco,63,2425,-1,False
Real_ETH,ETH,0.10000000000000001,Eco,64,2456,-1,False
Real_ETH,ETH,0.10000000000000001,Eco,65,2487,-1,False
Real_ETH,ETH,0.10000000000000001,Eco,66,2517,-1,False
Real_ETH,ETH,0.10000000000000001,Eco,67,2548,-1,False
Real_ETH,ETH,0.10000000000000001,Eco,68,2578,-1,False
Real_ETH,ETH,0.10000000000000001,Eco,69,2609,-1,False
Real_ETH,ETH,0.10000000000000001,Eco,70,2640,-1,False
Real_ETH,ETH,0.10000000000000001,Eco,71,2668,-1,False
Real_ETH,ETH,0.14999999999999999,Concept,0,507,58,True
Real_ETH,ETH,0.14999999999999999,Concept,1,537,59,True
Real_ETH,ETH,0.14999999999999999,Concept,2,568,156,True
Real_ETH,ETH,0.14999999999999999,Concept,3,598,301,True
Real_ETH,ETH,0.14999999999999999,Concept,4,629,197,True
Real_ETH,ETH,0.14999999999999999,Concept,5,660,239,True
Real_ETH,ETH,0.14999999999999999,Concept,6,690,209,True
Real_ETH,ETH,0.14999999999999999,Concept,7,721,103,True
Real_ETH,ETH,0.14999999999999999,Concept,8,751,73,True
Real_ETH,ETH,0.14999999999999999,Concept,9,782,119,True
Real_ETH,ETH,0.14999999999999999,Concept,10,813,129,True
Real_ETH,ETH,0.14999999999999999,Concept,11,842,113,True
Real_ETH,ETH,0.14999999999999999,Concept,12,873,114,True
Real_ETH,ETH,0.14999999999999999,Concept,13,903,160,True
Real_ETH,ETH,0.14999999999999999,Concept,14,934,140,True
Real_ETH,ETH,0.14999999999999999,Concept,15,964,110,True
Real_ETH,ETH,0.14999999999999999,Concept,16,995,114,True
Real_ETH,ETH,0.14999999999999999,Concept,17,1026,96,True
Real_ETH,ETH,0.14999999999999999,Concept,18,1056,89,True
Real_ETH,ETH,0.14999999999999999,Concept,19,1087,69,True
Real_ETH,ETH,0.14999999999999999,Concept,20,1117,60,True
Real_ETH,ETH,0.14999999999999999,Concept,21,1148,-1,False
Real_ETH,ETH,0.14999999999999999,Concept,22,1179,-1,False
Real_ETH,ETH,0.14999999999999999,Concept,23,1207,-1,False
Real_ETH,ETH,0.14999999999999999,Concept,24,1238,-1,False
Real_ETH,ETH,0.14999999999999999,Concept,25,1268,-1,False
Real_ETH,ETH,0.14999999999999999,Concept,26,1299,-1,False
Real_ETH,ETH,0.14999999999999999,Concept,27,1329,-1,False
Real_ETH,ETH,0.14999999999999999,Concept,28,1360,-1,False
Real_ETH,ETH,0.14999999999999999,Concept,29,1391,-1,False
Real_ETH,ETH,0.14999999999999999,Concept,30,1421,-1,False
Real_ETH,ETH,0.14999999999999999,Concept,31,1452,-1,False
Real_ETH,ETH,0.14999999999999999,Concept,32,1482,-1,False
Real_ETH,ETH,0.14999999999999999,Concept,33,1513,-1,False
Real_ETH,ETH,0.14999999999999999,Concept,34,1544,-1,False
Real_ETH,ETH,0.14999999999999999,Concept,35,1572,-1,False
Real_ETH,ETH,0.14999999999999999,Concept,36,1603,-1,False
Real_ETH,ETH,0.14999999999999999,Concept,37,1633,-1,False
Real_ETH,ETH,0.14999999999999999,Concept,38,1664,248,True
Real_ETH,ETH,0.14999999999999999,Concept,39,1694,196,True
Real_ETH,ETH,0.14999999999999999,Concept,40,1725,164,True
Real_ETH,ETH,0.14999999999999999,Concept,41,1756,134,True
Real_ETH,ETH,0.14999999999999999,Concept,42,1786,103,True
Real_ETH,ETH,0.14999999999999999,Concept,43,1817,73,True
Real_ETH,ETH,0.14999999999999999,Concept,44,1847,43,True
Real_ETH,ETH,0.14999999999999999,Concept,45,1878,32,True
Real_ETH,ETH,0.14999999999999999,Concept,46,1909,123,True
Real_ETH,ETH,0.14999999999999999,Concept,47,1937,95,True
Real_ETH,ETH,0.14999999999999999,Concept,48,1968,101,True
Real_ETH,ETH,0.14999999999999999,Concept,49,1998,72,True
Real_ETH,ETH,0.14999999999999999,Concept,50,2029,58,True
Real_ETH,ETH,0.14999999999999999,Concept,51,2059,40,True
Real_ETH,ETH,0.14999999999999999,Concept,52,2090,61,True
Real_ETH,ETH,0.14999999999999999,Concept,53,2121,37,True
Real_ETH,ETH,0.14999999999999999,Concept,54,2151,39,True
Real_ETH,ETH,0.14999999999999999,Concept,55,2182,119,True
Real_ETH,ETH,0.14999999999999999,Concept,56,2212,93,True
Real_ETH,ETH,0.14999999999999999,Concept,57,2243,67,True
Real_ETH,ETH,0.14999999999999999,Concept,58,2274,-1,False
Real_ETH,ETH,0.14999999999999999,Concept,59,2303,-1,False
Real_ETH,ETH,0.14999999999999999,Concept,60,2334,-1,False
Real_ETH,ETH,0.14999999999999999,Concept,61,2364,-1,False
Real_ETH,ETH,0.14999999999999999,Concept,62,2395,421,True
Real_ETH,ETH,0.14999999999999999,Concept,63,2425,-1,False
Real_ETH,ETH,0.14999999999999999,Concept,64,2456,-1,False
Real_ETH,ETH,0.14999999999999999,Concept,65,2487,329,True
Real_ETH,ETH,0.14999999999999999,Concept,66,2517,-1,False
Real_ETH,ETH,0.14999999999999999,Concept,67,2548,-1,False
Real_ETH,ETH,0.14999999999999999,Concept,68,2578,-1,False
Real_ETH,ETH,0.14999999999999999,Concept,69,2609,-1,False
Real_ETH,ETH,0.14999999999999999,Concept,70,2640,-1,False
Real_ETH,ETH,0.14999999999999999,Concept,71,2668,-1,False
Real_ETH,ETH,0.14999999999999999,Eco,0,507,310,True
Real_ETH,ETH,0.14999999999999999,Eco,1,537,280,True
Real_ETH,ETH,0.14999999999999999,Eco,2,568,366,True
Real_ETH,ETH,0.14999999999999999,Eco,3,598,384,True
Real_ETH,ETH,0.14999999999999999,Eco,4,629,358,True
Real_ETH,ETH,0.14999999999999999,Eco,5,660,325,True
Real_ETH,ETH,0.14999999999999999,Eco,6,690,295,True
Real_ETH,ETH,0.14999999999999999,Eco,7,721,267,True
Real_ETH,ETH,0.14999999999999999,Eco,8,751,235,True
Real_ETH,ETH,0.14999999999999999,Eco,9,782,211,True
Real_ETH,ETH,0.14999999999999999,Eco,10,813,211,True
Real_ETH,ETH,0.14999999999999999,Eco,11,842,184,True
Real_ETH,ETH,0.14999999999999999,Eco,12,873,152,True
Real_ETH,ETH,0.14999999999999999,Eco,13,903,241,True
Real_ETH,ETH,0.14999999999999999,Eco,14,934,216,True
Real_ETH,ETH,0.14999999999999999,Eco,15,964,186,True
Real_ETH,ETH,0.14999999999999999,Eco,16,995,244,True
Real_ETH,ETH,0.14999999999999999,Eco,17,1026,213,True
Real_ETH,ETH,0.14999999999999999,Eco,18,1056,140,True
Real_ETH,ETH,0.14999999999999999,Eco,19,1087,163,True
Real_ETH,ETH,0.14999999999999999,Eco,20,1117,278,True
Real_ETH,ETH,0.14999999999999999,Eco,21,1148,-1,False
Real_ETH,ETH,0.14999999999999999,Eco,22,1179,-1,False
Real_ETH,ETH,0.14999999999999999,Eco,23,1207,-1,False
Real_ETH,ETH,0.14999999999999999,Eco,24,1238,-1,False
Real_ETH,ETH,0.14999999999999999,Eco,25,1268,-1,False
Real_ETH,ETH,0.14999999999999999,Eco,26,1299,-1,False
Real_ETH,ETH,0.14999999999999999,Eco,27,1329,-1,False
Real_ETH,ETH,0.14999999999999999,Eco,28,1360,-1,False
Real_ETH,ETH,0.14999999999999999,Eco,29,1391,-1,False
Real_ETH,ETH,0.14999999999999999,Eco,30,1421,-1,False
Real_ETH,ETH,0.14999999999999999,Eco,31,1452,-1,False
Real_ETH,ETH,0.14999999999999999,Eco,32,1482,-1,False
Real_ETH,ETH,0.14999999999999999,Eco,33,1513,-1,False
Real_ETH,ETH,0.14999999999999999,Eco,34,1544,-1,False
Real_ETH,ETH,0.14999999999999999,Eco,35,1572,-1,False
Real_ETH,ETH,0.14999999999999999,Eco,36,1603,-1,False
Real_ETH,ETH,0.14999999999999999,Eco,37,1633,-1,False
Real_ETH,ETH,0.14999999999999999,Eco,38,1664,433,True
Real_ETH,ETH,0.14999999999999999,Eco,39,1694,277,True
Real_ETH,ETH,0.14999999999999999,Eco,40,1725,346,True
Real_ETH,ETH,0.14999999999999999,Eco,41,1756,293,True
Real_ETH,ETH,0.14999999999999999,Eco,42,1786,263,True
Real_ETH,ETH,0.14999999999999999,Eco,43,1817,356,True
Real_ETH,ETH,0.14999999999999999,Eco,44,1847,339,True
Real_ETH,ETH,0.14999999999999999,Eco,45,1878,270,True
Real_ETH,ETH,0.14999999999999999,Eco,46,1909,281,True
Real_ETH,ETH,0.14999999999999999,Eco,47,1937,252,True
Real_ETH,ETH,0.14999999999999999,Eco,48,1968,246,True
Real_ETH,ETH,0.14999999999999999,Eco,49,1998,220,True
Real_ETH,ETH,0.14999999999999999,Eco,50,2029,187,True
Real_ETH,ETH,0.14999999999999999,Eco,51,2059,193,True
Real_ETH,ETH,0.14999999999999999,Eco,52,2090,189,True
Real_ETH,ETH,0.14999999999999999,Eco,53,2121,132,True
Real_ETH,ETH,0.14999999999999999,Eco,54,2151,140,True
Real_ETH,ETH,0.14999999999999999,Eco,55,2182,-1,False
Real_ETH,ETH,0.14999999999999999,Eco,56,2212,-1,False
Real_ETH,ETH,0.14999999999999999,Eco,57,2243,-1,False
Real_ETH,ETH,0.14999999999999999,Eco,58,2274,-1,False
Real_ETH,ETH,0.14999999999999999,Eco,59,2303,-1,False
Real_ETH,ETH,0.14999999999999999,Eco,60,2334,-1,False
Real_ETH,ETH,0.14999999999999999,Eco,61,2364,-1,False
Real_ETH,ETH,0.14999999999999999,Eco,62,2395,-1,False
Real_ETH,ETH,0.14999999999999999,Eco,63,2425,-1,False
Real_ETH,ETH,0.14999999999999999,Eco,64,2456,-1,False
Real_ETH,ETH,0.14999999999999999,Eco,65,2487,355,True
Real_ETH,ETH,0.14999999999999999,Eco,66,2517,346,True
Real_ETH,ETH,0.14999999999999999,Eco,67,2548,315,True
Real_ETH,ETH,0.14999999999999999,Eco,68,2578,-1,False
Real_ETH,ETH,0.14999999999999999,Eco,69,2609,-1,False
Real_ETH,ETH,0.14999999999999999,Eco,70,2640,-1,False
Real_ETH,ETH,0.14999999999999999,Eco,71,2668,-1,False
Real_ETH,ETH,0.20000000000000001,Concept,0,507,58,True
Real_ETH,ETH,0.20000000000000001,Concept,1,537,54,True
Real_ETH,ETH,0.20000000000000001,Concept,2,568,108,True
Real_ETH,ETH,0.20000000000000001,Concept,3,598,127,True
Real_ETH,ETH,0.20000000000000001,Concept,4,629,95,True
Real_ETH,ETH,0.20000000000000001,Concept,5,660,97,True
Real_ETH,ETH,0.20000000000000001,Concept,6,690,120,True
Real_ETH,ETH,0.20000000000000001,Concept,7,721,98,True
Real_ETH,ETH,0.20000000000000001,Concept,8,751,73,True
Real_ETH,ETH,0.20000000000000001,Concept,9,782,43,True
Real_ETH,ETH,0.20000000000000001,Concept,10,813,129,True
Real_ETH,ETH,0.20000000000000001,Concept,11,842,113,True
Real_ETH,ETH,0.20000000000000001,Concept,12,873,96,True
Real_ETH,ETH,0.20000000000000001,Concept,13,903,82,True
Real_ETH,ETH,0.20000000000000001,Concept,14,934,61,True
Real_ETH,ETH,0.20000000000000001,Concept,15,964,89,True
Real_ETH,ETH,0.20000000000000001,Concept,16,995,114,True
Real_ETH,ETH,0.20000000000000001,Concept,17,1026,84,True
Real_ETH,ETH,0.20000000000000001,Concept,18,1056,79,True
Real_ETH,ETH,0.20000000000000001,Concept,19,1087,66,True
Real_ETH,ETH,0.20000000000000001,Concept,20,1117,60,True
Real_ETH,ETH,0.20000000000000001,Concept,21,1148,130,True
Real_ETH,ETH,0.20000000000000001,Concept,22,1179,-1,False
Real_ETH,ETH,0.20000000000000001,Concept,23,1207,-1,False
Real_ETH,ETH,0.20000000000000001,Concept,24,1238,-1,False
Real_ETH,ETH,0.20000000000000001,Concept,25,1268,-1,False
Real_ETH,ETH,0.20000000000000001,Concept,26,1299,-1,False
Real_ETH,ETH,0.20000000000000001,Concept,27,1329,-1,False
Real_ETH,ETH,0.20000000000000001,Concept,28,1360,-1,False
Real_ETH,ETH,0.20000000000000001,Concept,29,1391,-1,False
Real_ETH,ETH,0.20000000000000001,Concept,30,1421,491,True
Real_ETH,ETH,0.20000000000000001,Concept,31,1452,460,True
Real_ETH,ETH,0.20000000000000001,Concept,32,1482,-1,False
Real_ETH,ETH,0.20000000000000001,Concept,33,1513,399,True
Real_ETH,ETH,0.20000000000000001,Concept,34,1544,348,True
Real_ETH,ETH,0.20000000000000001,Concept,35,1572,320,True
Real_ETH,ETH,0.20000000000000001,Concept,36,1603,289,True
Real_ETH,ETH,0.20000000000000001,Concept,37,1633,256,True
Real_ETH,ETH,0.20000000000000001,Concept,38,1664,225,True
Real_ETH,ETH,0.20000000000000001,Concept,39,1694,196,True
Real_ETH,ETH,0.20000000000000001,Concept,40,1725,164,True
Real_ETH,ETH,0.20000000000000001,Concept,41,1756,134,True
Real_ETH,ETH,0.20000000000000001,Concept,42,1786,99,True
Real_ETH,ETH,0.20000000000000001,Concept,43,1817,68,True
Real_ETH,ETH,0.20000000000000001,Concept,44,1847,41,True
Real_ETH,ETH,0.20000000000000001,Concept,45,1878,32,True
Real_ETH,ETH,0.20000000000000001,Concept,46,1909,68,True
Real_ETH,ETH,0.20000000000000001,Concept,47,1937,44,True
Real_ETH,ETH,0.20000000000000001,Concept,48,1968,59,True
Real_ETH,ETH,0.20000000000000001,Concept,49,1998,47,True
Real_ETH,ETH,0.20000000000000001,Concept,50,2029,46,True
Real_ETH,ETH,0.20000000000000001,Concept,51,2059,37,True
Real_ETH,ETH,0.20000000000000001,Concept,52,2090,56,True
Real_ETH,ETH,0.20000000000000001,Concept,53,2121,30,True
Real_ETH,ETH,0.20000000000000001,Concept,54,2151,36,True
Real_ETH,ETH,0.20000000000000001,Concept,55,2182,94,True
Real_ETH,ETH,0.20000000000000001,Concept,56,2212,80,True
Real_ETH,ETH,0.20000000000000001,Concept,57,2243,49,True
Real_ETH,ETH,0.20000000000000001,Concept,58,2274,37,True
Real_ETH,ETH,0.20000000000000001,Concept,59,2303,466,True
Real_ETH,ETH,0.20000000000000001,Concept,60,2334,480,True
Real_ETH,ETH,0.20000000000000001,Concept,61,2364,445,True
Real_ETH,ETH,0.20000000000000001,Concept,62,2395,409,True
Real_ETH,ETH,0.20000000000000001,Concept,63,2425,379,True
Real_ETH,ETH,0.20000000000000001,Concept,64,2456,355,True
Real_ETH,ETH,0.20000000000000001,Concept,65,2487,279,True
Real_ETH,ETH,0.20000000000000001,Concept,66,2517,287,True
Real_ETH,ETH,0.20000000000000001,Concept,67,2548,256,True
Real_ETH,ETH,0.20000000000000001,Concept,68,2578,226,True
Real_ETH,ETH,0.20000000000000001,Concept,69,2609,205,True
Real_ETH,ETH,0.20000000000000001,Concept,70,2640,171,True
Real_ETH,ETH,0.20000000000000001,Concept,71,2668,136,True
Real_ETH,ETH,0.20000000000000001,Eco,0,507,217,True
Real_ETH,ETH,0.20000000000000001,Eco,1,537,247,True
Real_ETH,ETH,0.20000000000000001,Eco,2,568,251,True
Real_ETH,ETH,0.20000000000000001,Eco,3,598,228,True
Real_ETH,ETH,0.20000000000000001,Eco,4,629,290,True
Real_ETH,ETH,0.20000000000000001,Eco,5,660,241,True
Real_ETH,ETH,0.20000000000000001,Eco,6,690,239,True
Real_ETH,ETH,0.20000000000000001,Eco,7,721,234,True
Real_ETH,ETH,0.20000000000000001,Eco,8,751,189,True
Real_ETH,ETH,0.20000000000000001,Eco,9,782,189,True
Real_ETH,ETH,0.20000000000000001,Eco,10,813,181,True
Real_ETH,ETH,0.20000000000000001,Eco,11,842,153,True
Real_ETH,ETH,0.20000000000000001,Eco,12,873,122,True
Real_ETH,ETH,0.20000000000000001,Eco,13,903,194,True
Real_ETH,ETH,0.20000000000000001,Eco,14,934,175,True
Real_ETH,ETH,0.20000000000000001,Eco,15,964,152,True
Real_ETH,ETH,0.20000000000000001,Eco,16,995,161,True
Real_ETH,ETH,0.20000000000000001,Eco,17,1026,155,True
Real_ETH,ETH,0.20000000000000001,Eco,18,1056,124,True
Real_ETH,ETH,0.20000000000000001,Eco,19,1087,132,True
Real_ETH,ETH,0.20000000000000001,Eco,20,1117,153,True
Real_ETH,ETH,0.20000000000000001,Eco,21,1148,243,True
Real_ETH,ETH,0.20000000000000001,Eco,22,1179,-1,False
Real_ETH,ETH,0.20000000000000001,Eco,23,1207,-1,False
Real_ETH,ETH,0.20000000000000001,Eco,24,1238,-1,False
Real_ETH,ETH,0.20000000000000001,Eco,25,1268,-1,False
Real_ETH,ETH,0.20000000000000001,Eco,26,1299,-1,False
Real_ETH,ETH,0.20000000000000001,Eco,27,1329,-1,False
Real_ETH,ETH,0.20000000000000001,Eco,28,1360,-1,False
Real_ETH,ETH,0.20000000000000001,Eco,29,1391,-1,False
Real_ETH,ETH,0.20000000000000001,Eco,30,1421,-1,False
Real_ETH,ETH,0.20000000000000001,Eco,31,1452,-1,False
Real_ETH,ETH,0.20000000000000001,Eco,32,1482,-1,False
Real_ETH,ETH,0.20000000000000001,Eco,33,1513,-1,False
Real_ETH,ETH,0.20000000000000001,Eco,34,1544,-1,False
Real_ETH,ETH,0.20000000000000001,Eco,35,1572,-1,False
Real_ETH,ETH,0.20000000000000001,Eco,36,1603,-1,False
Real_ETH,ETH,0.20000000000000001,Eco,37,1633,392,True
Real_ETH,ETH,0.20000000000000001,Eco,38,1664,285,True
Real_ETH,ETH,0.20000000000000001,Eco,39,1694,212,True
Real_ETH,ETH,0.20000000000000001,Eco,40,1725,247,True
Real_ETH,ETH,0.20000000000000001,Eco,41,1756,209,True
Real_ETH,ETH,0.20000000000000001,Eco,42,1786,185,True
Real_ETH,ETH,0.20000000000000001,Eco,43,1817,208,True
Real_ETH,ETH,0.20000000000000001,Eco,44,1847,211,True
Real_ETH,ETH,0.20000000000000001,Eco,45,1878,171,True
Real_ETH,ETH,0.20000000000000001,Eco,46,1909,218,True
Real_ETH,ETH,0.20000000000000001,Eco,47,1937,201,True
Real_ETH,ETH,0.20000000000000001,Eco,48,1968,205,True
Real_ETH,ETH,0.20000000000000001,Eco,49,1998,187,True
Real_ETH,ETH,0.20000000000000001,Eco,50,2029,160,True
Real_ETH,ETH,0.20000000000000001,Eco,51,2059,154,True
Real_ETH,ETH,0.20000000000000001,Eco,52,2090,143,True
Real_ETH,ETH,0.20000000000000001,Eco,53,2121,112,True
Real_ETH,ETH,0.20000000000000001,Eco,54,2151,131,True
Real_ETH,ETH,0.20000000000000001,Eco,55,2182,124,True
Real_ETH,ETH,0.20000000000000001,Eco,56,2212,232,True
Real_ETH,ETH,0.20000000000000001,Eco,57,2243,325,True
Real_ETH,ETH,0.20000000000000001,Eco,58,2274,-1,False
Real_ETH,ETH,0.20000000000000001,Eco,59,2303,-1,False
Real_ETH,ETH,0.20000000000000001,Eco,60,2334,-1,False
Real_ETH,ETH,0.20000000000000001,Eco,61,2364,-1,False
Real_ETH,ETH,0.20000000000000001,Eco,62,2395,-1,False
Real_ETH,ETH,0.20000000000000001,Eco,63,2425,407,True
Real_ETH,ETH,0.20000000000000001,Eco,64,2456,373,True
Real_ETH,ETH,0.20000000000000001,Eco,65,2487,318,True
Real_ETH,ETH,0.20000000000000001,Eco,66,2517,310,True
Real_ETH,ETH,0.20000000000000001,Eco,67,2548,281,True
Real_ETH,ETH,0.20000000000000001,Eco,68,2578,254,True
Real_ETH,ETH,0.20000000000000001,Eco,69,2609,223,True
Real_ETH,ETH,0.20000000000000001,Eco,70,2640,192,True
Real_ETH,ETH,0.20000000000000001,Eco,71,2668,161,True
Real_ETH,ETH,0.25,Concept,0,507,45,True
Real_ETH,ETH,0.25,Concept,1,537,54,True
Real_ETH,ETH,0.25,Concept,2,568,103,True
Real_ETH,ETH,0.25,Concept,3,598,120,True
Real_ETH,ETH,0.25,Concept,4,629,93,True
Real_ETH,ETH,0.25,Concept,5,660,64,True
Real_ETH,ETH,0.25,Concept,6,690,105,True
Real_ETH,ETH,0.25,Concept,7,721,87,True
Real_ETH,ETH,0.25,Concept,8,751,63,True
Real_ETH,ETH,0.25,Concept,9,782,33,True
Real_ETH,ETH,0.25,Concept,10,813,91,True
Real_ETH,ETH,0.25,Concept,11,842,101,True
Real_ETH,ETH,0.25,Concept,12,873,59,True
Real_ETH,ETH,0.25,Concept,13,903,72,True
Real_ETH,ETH,0.25,Concept,14,934,48,True
Real_ETH,ETH,0.25,Concept,15,964,29,True
Real_ETH,ETH,0.25,Concept,16,995,71,True
Real_ETH,ETH,0.25,Concept,17,1026,66,True
Real_ETH,ETH,0.25,Concept,18,1056,54,True
Real_ETH,ETH,0.25,Concept,19,1087,64,True
Real_ETH,ETH,0.25,Concept,20,1117,50,True
Real_ETH,ETH,0.25,Concept,21,1148,102,True
Real_ETH,ETH,0.25,Concept,22,1179,96,True
Real_ETH,ETH,0.25,Concept,23,1207,68,True
Real_ETH,ETH,0.25,Concept,24,1238,131,True
Real_ETH,ETH,0.25,Concept,25,1268,-1,False
Real_ETH,ETH,0.25,Concept,26,1299,90,True
Real_ETH,ETH,0.25,Concept,27,1329,61,True
Real_ETH,ETH,0.25,Concept,28,1360,-1,False
Real_ETH,ETH,0.25,Concept,29,1391,498,True
Real_ETH,ETH,0.25,Concept,30,1421,469,True
Real_ETH,ETH,0.25,Concept,31,1452,438,True
Real_ETH,ETH,0.25,Concept,32,1482,408,True
Real_ETH,ETH,0.25,Concept,33,1513,376,True
Real_ETH,ETH,0.25,Concept,34,1544,345,True
Real_ETH,ETH,0.25,Concept,35,1572,317,True
Real_ETH,ETH,0.25,Concept,36,1603,286,True
Real_ETH,ETH,0.25,Concept,37,1633,256,True
Real_ETH,ETH,0.25,Concept,38,1664,220,True
Real_ETH,ETH,0.25,Concept,39,1694,184,True
Real_ETH,ETH,0.25,Concept,40,1725,156,True
Real_ETH,ETH,0.25,Concept,41,1756,125,True
Real_ETH,ETH,0.25,Concept,42,1786,91,True
Real_ETH,ETH,0.25,Concept,43,1817,65,True
Real_ETH,ETH,0.25,Concept,44,1847,38,True
Real_ETH,ETH,0.25,Concept,45,1878,32,True
Real_ETH,ETH,0.25,Concept,46,1909,63,True
Real_ETH,ETH,0.25,Concept,47,1937,44,True
Real_ETH,ETH,0.25,Concept,48,1968,47,True
Real_ETH,ETH,0.25,Concept,49,1998,34,True
Real_ETH,ETH,0.25,Concept,50,2029,39,True
Real_ETH,ETH,0.25,Concept,51,2059,31,True
Real_ETH,ETH,0.25,Concept,52,2090,38,True
Real_ETH,ETH,0.25,Concept,53,2121,26,True
Real_ETH,ETH,0.25,Concept,54,2151,36,True
Real_ETH,ETH,0.25,Concept,55,2182,71,True
Real_ETH,ETH,0.25,Concept,56,2212,67,True
Real_ETH,ETH,0.25,Concept,57,2243,45,True
Real_ETH,ETH,0.25,Concept,58,2274,19,True
Real_ETH,ETH,0.25,Concept,59,2303,452,True
Real_ETH,ETH,0.25,Concept,60,2334,428,True
Real_ETH,ETH,0.25,Concept,61,2364,398,True
Real_ETH,ETH,0.25,Concept,62,2395,361,True
Real_ETH,ETH,0.25,Concept,63,2425,337,True
Real_ETH,ETH,0.25,Concept,64,2456,300,True
Real_ETH,ETH,0.25,Concept,65,2487,268,True
Real_ETH,ETH,0.25,Concept,66,2517,239,True
Real_ETH,ETH,0.25,Concept,67,2548,207,True
Real_ETH,ETH,0.25,Concept,68,2578,178,True
Real_ETH,ETH,0.25,Concept,69,2609,153,True
Real_ETH,ETH,0.25,Concept,70,2640,116,True
Real_ETH,ETH,0.25,Concept,71,2668,87,True
Real_ETH,ETH,0.25,Eco,0,507,166,True
Real_ETH,ETH,0.25,Eco,1,537,166,True
Real_ETH,ETH,0.25,Eco,2,568,227,True
Real_ETH,ETH,0.25,Eco,3,598,215,True
Real_ETH,ETH,0.25,Eco,4,629,192,True
Real_ETH,ETH,0.25,Eco,5,660,161,True
Real_ETH,ETH,0.25,Eco,6,690,136,True
Real_ETH,ETH,0.25,Eco,7,721,198,True
Real_ETH,ETH,0.25,Eco,8,751,168,True
Real_ETH,ETH,0.25,Eco,9,782,150,True
Real_ETH,ETH,0.25,Eco,10,813,173,True
Real_ETH,ETH,0.25,Eco,11,842,146,True
Real_ETH,ETH,0.25,Eco,12,873,113,True
Real_ETH,ETH,0.25,Eco,13,903,163,True
Real_ETH,ETH,0.25,Eco,14,934,158,True
Real_ETH,ETH,0.25,Eco,15,964,135,True
Real_ETH,ETH,0.25,Eco,16,995,154,True
Real_ETH,ETH,0.25,Eco,17,1026,125,True
Real_ETH,ETH,0.25,Eco,18,1056,95,True
Real_ETH,ETH,0.25,Eco,19,1087,99,True
Real_ETH,ETH,0.25,Eco,20,1117,146,True
Real_ETH,ETH,0.25,Eco,21,1148,127,True
Real_ETH,ETH,0.25,Eco,22,1179,214,True
Real_ETH,ETH,0.25,Eco,23,1207,233,True
Real_ETH,ETH,0.25,Eco,24,1238,361,True
Real_ETH,ETH,0.25,Eco,25,1268,-1,False
Real_ETH,ETH,0.25,Eco,26,1299,-1,False
Real_ETH,ETH,0.25,Eco,27,1329,264,True
Real_ETH,ETH,0.25,Eco,28,1360,-1,False
Real_ETH,ETH,0.25,Eco,29,1391,-1,False
Real_ETH,ETH,0.25,Eco,30,1421,-1,False
Real_ETH,ETH,0.25,Eco,31,1452,-1,False
Real_ETH,ETH,0.25,Eco,32,1482,-1,False
Real_ETH,ETH,0.25,Eco,33,1513,444,True
Real_ETH,ETH,0.25,Eco,34,1544,409,True
Real_ETH,ETH,0.25,Eco,35,1572,399,True
Real_ETH,ETH,0.25,Eco,36,1603,350,True
Real_ETH,ETH,0.25,Eco,37,1633,290,True
Real_ETH,ETH,0.25,Eco,38,1664,227,True
Real_ETH,ETH,0.25,Eco,39,1694,189,True
Real_ETH,ETH,0.25,Eco,40,1725,198,True
Real_ETH,ETH,0.25,Eco,41,1756,169,True
Real_ETH,ETH,0.25,Eco,42,1786,151,True
Real_ETH,ETH,0.25,Eco,43,1817,160,True
Real_ETH,ETH,0.25,Eco,44,1847,155,True
Real_ETH,ETH,0.25,Eco,45,1878,124,True
Real_ETH,ETH,0.25,Eco,46,1909,151,True
Real_ETH,ETH,0.25,Eco,47,1937,144,True
Real_ETH,ETH,0.25,Eco,48,1968,166,True
Real_ETH,ETH,0.25,Eco,49,1998,153,True
Real_ETH,ETH,0.25,Eco,50,2029,142,True
Real_ETH,ETH,0.25,Eco,51,2059,131,True
Real_ETH,ETH,0.25,Eco,52,2090,116,True
Real_ETH,ETH,0.25,Eco,53,2121,94,True
Real_ETH,ETH,0.25,Eco,54,2151,101,True
Real_ETH,ETH,0.25,Eco,55,2182,116,True
Real_ETH,ETH,0.25,Eco,56,2212,101,True
Real_ETH,ETH,0.25,Eco,57,2243,182,True
Real_ETH,ETH,0.25,Eco,58,2274,283,True
Real_ETH,ETH,0.25,Eco,59,2303,-1,False
Real_ETH,ETH,0.25,Eco,60,2334,495,True
Real_ETH,ETH,0.25,Eco,61,2364,469,True
Real_ETH,ETH,0.25,Eco,62,2395,468,True
Real_ETH,ETH,0.25,Eco,63,2425,380,True
Real_ETH,ETH,0.25,Eco,64,2456,343,True
Real_ETH,ETH,0.25,Eco,65,2487,263,True
Real_ETH,ETH,0.25,Eco,66,2517,281,True
Real_ETH,ETH,0.25,Eco,67,2548,256,True
Real_ETH,ETH,0.25,Eco,68,2578,238,True
Real_ETH,ETH,0.25,Eco,69,2609,207,True
Real_ETH,ETH,0.25,Eco,70,2640,187,True
Real_ETH,ETH,0.25,Eco,71,2668,142,True
Real_ETH,ETH,0.34999999999999998,Concept,0,507,39,True
Real_ETH,ETH,0.34999999999999998,Concept,1,537,47,True
Real_ETH,ETH,0.34999999999999998,Concept,2,568,38,True
Real_ETH,ETH,0.34999999999999998,Concept,3,598,74,True
Real_ETH,ETH,0.34999999999999998,Concept,4,629,50,True
Real_ETH,ETH,0.34999999999999998,Concept,5,660,54,True
Real_ETH,ETH,0.34999999999999998,Concept,6,690,59,True
Real_ETH,ETH,0.34999999999999998,Concept,7,721,59,True
Real_ETH,ETH,0.34999999999999998,Concept,8,751,42,True
Real_ETH,ETH,0.34999999999999998,Concept,9,782,26,True
Real_ETH,ETH,0.34999999999999998,Concept,10,813,86,True
Real_ETH,ETH,0.34999999999999998,Concept,11,842,68,True
Real_ETH,ETH,0.34999999999999998,Concept,12,873,41,True
Real_ETH,ETH,0.34999999999999998,Concept,13,903,36,True
Real_ETH,ETH,0.34999999999999998,Concept,14,934,38,True
Real_ETH,ETH,0.34999999999999998,Concept,15,964,24,True
Real_ETH,ETH,0.34999999999999998,Concept,16,995,59,True
Real_ETH,ETH,0.34999999999999998,Concept,17,1026,54,True
Real_ETH,ETH,0.34999999999999998,Concept,18,1056,51,True
Real_ETH,ETH,0.34999999999999998,Concept,19,1087,64,True
Real_ETH,ETH,0.34999999999999998,Concept,20,1117,40,True
Real_ETH,ETH,0.34999999999999998,Concept,21,1148,49,True
Real_ETH,ETH,0.34999999999999998,Concept,22,1179,71,True
Real_ETH,ETH,0.34999999999999998,Concept,23,1207,45,True
Real_ETH,ETH,0.34999999999999998,Concept,24,1238,126,True
Real_ETH,ETH,0.34999999999999998,Concept,25,1268,121,True
Real_ETH,ETH,0.34999999999999998,Concept,26,1299,90,True
Real_ETH,ETH,0.34999999999999998,Concept,27,1329,61,True
Real_ETH,ETH,0.34999999999999998,Concept,28,1360,99,True
Real_ETH,ETH,0.34999999999999998,Concept,29,1391,214,True
Real_ETH,ETH,0.34999999999999998,Concept,30,1421,184,True
Real_ETH,ETH,0.34999999999999998,Concept,31,1452,417,True
Real_ETH,ETH,0.34999999999999998,Concept,32,1482,396,True
Real_ETH,ETH,0.34999999999999998,Concept,33,1513,93,True
Real_ETH,ETH,0.34999999999999998,Concept,34,1544,267,True
Real_ETH,ETH,0.34999999999999998,Concept,35,1572,227,True
Real_ETH,ETH,0.34999999999999998,Concept,36,1603,205,True
Real_ETH,ETH,0.34999999999999998,Concept,37,1633,175,True
Real_ETH,ETH,0.34999999999999998,Concept,38,1664,101,True
Real_ETH,ETH,0.34999999999999998,Concept,39,1694,64,True
Real_ETH,ETH,0.34999999999999998,Concept,40,1725,72,True
Real_ETH,ETH,0.34999999999999998,Concept,41,1756,52,True
Real_ETH,ETH,0.34999999999999998,Concept,42,1786,28,True
Real_ETH,ETH,0.34999999999999998,Concept,43,1817,55,True
Real_ETH,ETH,0.34999999999999998,Concept,44,1847,32,True
Real_ETH,ETH,0.34999999999999998,Concept,45,1878,27,True
Real_ETH,ETH,0.34999999999999998,Concept,46,1909,59,True
Real_ETH,ETH,0.34999999999999998,Concept,47,1937,44,True
Real_ETH,ETH,0.34999999999999998,Concept,48,1968,34,True
Real_ETH,ETH,0.34999999999999998,Concept,49,1998,27,True
Real_ETH,ETH,0.34999999999999998,Concept,50,2029,34,True
Real_ETH,ETH,0.34999999999999998,Concept,51,2059,26,True
Real_ETH,ETH,0.34999999999999998,Concept,52,2090,26,True
Real_ETH,ETH,0.34999999999999998,Concept,53,2121,24,True
Real_ETH,ETH,0.34999999999999998,Concept,54,2151,31,True
Real_ETH,ETH,0.34999999999999998,Concept,55,2182,34,True
Real_ETH,ETH,0.34999999999999998,Concept,56,2212,64,True
Real_ETH,ETH,0.34999999999999998,Concept,57,2243,42,True
Real_ETH,ETH,0.34999999999999998,Concept,58,2274,19,True
Real_ETH,ETH,0.34999999999999998,Concept,59,2303,142,True
Real_ETH,ETH,0.34999999999999998,Concept,60,2334,196,True
Real_ETH,ETH,0.34999999999999998,Concept,61,2364,167,True
Real_ETH,ETH,0.34999999999999998,Concept,62,2395,136,True
Real_ETH,ETH,0.34999999999999998,Concept,63,2425,108,True
Real_ETH,ETH,0.34999999999999998,Concept,64,2456,76,True
Real_ETH,ETH,0.34999999999999998,Concept,65,2487,47,True
Real_ETH,ETH,0.34999999999999998,Concept,66,2517,41,True
Real_ETH,ETH,0.34999999999999998,Concept,67,2548,206,True
Real_ETH,ETH,0.34999999999999998,Concept,68,2578,176,True
Real_ETH,ETH,0.34999999999999998,Concept,69,2609,146,True
Real_ETH,ETH,0.34999999999999998,Concept,70,2640,114,True
Real_ETH,ETH,0.34999999999999998,Concept,71,2668,86,True
Real_ETH,ETH,0.34999999999999998,Eco,0,507,81,True
Real_ETH,ETH,0.34999999999999998,Eco,1,537,117,True
Real_ETH,ETH,0.34999999999999998,Eco,2,568,147,True
Real_ETH,ETH,0.34999999999999998,Eco,3,598,167,True
Real_ETH,ETH,0.34999999999999998,Eco,4,629,162,True
Real_ETH,ETH,0.34999999999999998,Eco,5,660,135,True
Real_ETH,ETH,0.34999999999999998,Eco,6,690,121,True
Real_ETH,ETH,0.34999999999999998,Eco,7,721,103,True
Real_ETH,ETH,0.34999999999999998,Eco,8,751,96,True
Real_ETH,ETH,0.34999999999999998,Eco,9,782,119,True
Real_ETH,ETH,0.34999999999999998,Eco,10,813,142,True
Real_ETH,ETH,0.34999999999999998,Eco,11,842,122,True
Real_ETH,ETH,0.34999999999999998,Eco,12,873,94,True
Real_ETH,ETH,0.34999999999999998,Eco,13,903,96,True
Real_ETH,ETH,0.34999999999999998,Eco,14,934,92,True
Real_ETH,ETH,0.34999999999999998,Eco,15,964,105,True
Real_ETH,ETH,0.34999999999999998,Eco,16,995,112,True
Real_ETH,ETH,0.34999999999999998,Eco,17,1026,109,True
Real_ETH,ETH,0.34999999999999998,Eco,18,1056,88,True
Real_ETH,ETH,0.34999999999999998,Eco,19,1087,78,True
Real_ETH,ETH,0.34999999999999998,Eco,20,1117,119,True
Real_ETH,ETH,0.34999999999999998,Eco,21,1148,115,True
Real_ETH,ETH,0.34999999999999998,Eco,22,1179,178,True
Real_ETH,ETH,0.34999999999999998,Eco,23,1207,158,True
Real_ETH,ETH,0.34999999999999998,Eco,24,1238,155,True
Real_ETH,ETH,0.34999999999999998,Eco,25,1268,190,True
Real_ETH,ETH,0.34999999999999998,Eco,26,1299,146,True
Real_ETH,ETH,0.34999999999999998,Eco,27,1329,119,True
Real_ETH,ETH,0.34999999999999998,Eco,28,1360,229,True
Real_ETH,ETH,0.34999999999999998,Eco,29,1391,343,True
Real_ETH,ETH,0.34999999999999998,Eco,30,1421,215,True
Real_ETH,ETH,0.34999999999999998,Eco,31,1452,362,True
Real_ETH,ETH,0.34999999999999998,Eco,32,1482,377,True
Real_ETH,ETH,0.34999999999999998,Eco,33,1513,294,True
Real_ETH,ETH,0.34999999999999998,Eco,34,1544,266,True
Real_ETH,ETH,0.34999999999999998,Eco,35,1572,287,True
Real_ETH,ETH,0.34999999999999998,Eco,36,1603,269,True
Real_ETH,ETH,0.34999999999999998,Eco,37,1633,223,True
Real_ETH,ETH,0.34999999999999998,Eco,38,1664,147,True
Real_ETH,ETH,0.34999999999999998,Eco,39,1694,117,True
Real_ETH,ETH,0.34999999999999998,Eco,40,1725,156,True
Real_ETH,ETH,0.34999999999999998,Eco,41,1756,132,True
Real_ETH,ETH,0.34999999999999998,Eco,42,1786,110,True
Real_ETH,ETH,0.34999999999999998,Eco,43,1817,118,True
Real_ETH,ETH,0.34999999999999998,Eco,44,1847,110,True
Real_ETH,ETH,0.34999999999999998,Eco,45,1878,92,True
Real_ETH,ETH,0.34999999999999998,Eco,46,1909,109,True
Real_ETH,ETH,0.34999999999999998,Eco,47,1937,110,True
Real_ETH,ETH,0.34999999999999998,Eco,48,1968,103,True
Real_ETH,ETH,0.34999999999999998,Eco,49,1998,102,True
Real_ETH,ETH,0.34999999999999998,Eco,50,2029,104,True
Real_ETH,ETH,0.34999999999999998,Eco,51,2059,105,True
Real_ETH,ETH,0.34999999999999998,Eco,52,2090,91,True
Real_ETH,ETH,0.34999999999999998,Eco,53,2121,69,True
Real_ETH,ETH,0.34999999999999998,Eco,54,2151,81,True
Real_ETH,ETH,0.34999999999999998,Eco,55,2182,100,True
Real_ETH,ETH,0.34999999999999998,Eco,56,2212,89,True
Real_ETH,ETH,0.34999999999999998,Eco,57,2243,125,True
Real_ETH,ETH,0.34999999999999998,Eco,58,2274,115,True
Real_ETH,ETH,0.34999999999999998,Eco,59,2303,255,True
Real_ETH,ETH,0.34999999999999998,Eco,60,2334,247,True
Real_ETH,ETH,0.34999999999999998,Eco,61,2364,219,True
Real_ETH,ETH,0.34999999999999998,Eco,62,2395,346,True
Real_ETH,ETH,0.34999999999999998,Eco,63,2425,187,True
Real_ETH,ETH,0.34999999999999998,Eco,64,2456,127,True
Real_ETH,ETH,0.34999999999999998,Eco,65,2487,105,True
Real_ETH,ETH,0.34999999999999998,Eco,66,2517,212,True
Real_ETH,ETH,0.34999999999999998,Eco,67,2548,188,True
Real_ETH,ETH,0.34999999999999998,Eco,68,2578,226,True
Real_ETH,ETH,0.34999999999999998,Eco,69,2609,194,True
Real_ETH,ETH,0.34999999999999998,Eco,70,2640,163,True
Real_ETH,ETH,0.34999999999999998,Eco,71,2668,131,True
Real_ETH,ETH,0.5,Concept,0,507,29,True
Real_ETH,ETH,0.5,Concept,1,537,42,True
Real_ETH,ETH,0.5,Concept,2,568,36,True
Real_ETH,ETH,0.5,Concept,3,598,42,True
Real_ETH,ETH,0.5,Concept,4,629,36,True
Real_ETH,ETH,0.5,Concept,5,660,19,True
Real_ETH,ETH,0.5,Concept,6,690,34,True
Real_ETH,ETH,0.5,Concept,7,721,29,True
Real_ETH,ETH,0.5,Concept,8,751,29,True
Real_ETH,ETH,0.5,Concept,9,782,26,True
Real_ETH,ETH,0.5,Concept,10,813,61,True
Real_ETH,ETH,0.5,Concept,11,842,63,True
Real_ETH,ETH,0.5,Concept,12,873,34,True
Real_ETH,ETH,0.5,Concept,13,903,29,True
Real_ETH,ETH,0.5,Concept,14,934,28,True
Real_ETH,ETH,0.5,Concept,15,964,19,True
Real_ETH,ETH,0.5,Concept,16,995,49,True
Real_ETH,ETH,0.5,Concept,17,1026,41,True
Real_ETH,ETH,0.5,Concept,18,1056,34,True
Real_ETH,ETH,0.5,Concept,19,1087,46,True
Real_ETH,ETH,0.5,Concept,20,1117,37,True
Real_ETH,ETH,0.5,Concept,21,1148,44,True
Real_ETH,ETH,0.5,Concept,22,1179,48,True
Real_ETH,ETH,0.5,Concept,23,1207,41,True
Real_ETH,ETH,0.5,Concept,24,1238,39,True
Real_ETH,ETH,0.5,Concept,25,1268,91,True
Real_ETH,ETH,0.5,Concept,26,1299,60,True
Real_ETH,ETH,0.5,Concept,27,1329,37,True
Real_ETH,ETH,0.5,Concept,28,1360,36,True
Real_ETH,ETH,0.5,Concept,29,1391,66,True
Real_ETH,ETH,0.5,Concept,30,1421,39,True
Real_ETH,ETH,0.5,Concept,31,1452,52,True
Real_ETH,ETH,0.5,Concept,32,1482,76,True
Real_ETH,ETH,0.5,Concept,33,1513,80,True
Real_ETH,ETH,0.5,Concept,34,1544,56,True
Real_ETH,ETH,0.5,Concept,35,1572,46,True
Real_ETH,ETH,0.5,Concept,36,1603,132,True
Real_ETH,ETH,0.5,Concept,37,1633,102,True
Real_ETH,ETH,0.5,Concept,38,1664,71,True
Real_ETH,ETH,0.5,Concept,39,1694,34,True
Real_ETH,ETH,0.5,Concept,40,1725,35,True
Real_ETH,ETH,0.5,Concept,41,1756,42,True
Real_ETH,ETH,0.5,Concept,42,1786,21,True
Real_ETH,ETH,0.5,Concept,43,1817,50,True
Real_ETH,ETH,0.5,Concept,44,1847,29,True
Real_ETH,ETH,0.5,Concept,45,1878,22,True
Real_ETH,ETH,0.5,Concept,46,1909,26,True
Real_ETH,ETH,0.5,Concept,47,1937,37,True
Real_ETH,ETH,0.5,Concept,48,1968,24,True
Real_ETH,ETH,0.5,Concept,49,1998,27,True
Real_ETH,ETH,0.5,Concept,50,2029,34,True
Real_ETH,ETH,0.5,Concept,51,2059,26,True
Real_ETH,ETH,0.5,Concept,52,2090,21,True
Real_ETH,ETH,0.5,Concept,53,2121,24,True
Real_ETH,ETH,0.5,Concept,54,2151,29,True
Real_ETH,ETH,0.5,Concept,55,2182,31,True
Real_ETH,ETH,0.5,Concept,56,2212,39,True
Real_ETH,ETH,0.5,Concept,57,2243,39,True
Real_ETH,ETH,0.5,Concept,58,2274,19,True
Real_ETH,ETH,0.5,Concept,59,2303,84,True
Real_ETH,ETH,0.5,Concept,60,2334,91,True
Real_ETH,ETH,0.5,Concept,61,2364,90,True
Real_ETH,ETH,0.5,Concept,62,2395,109,True
Real_ETH,ETH,0.5,Concept,63,2425,89,True
Real_ETH,ETH,0.5,Concept,64,2456,59,True
Real_ETH,ETH,0.5,Concept,65,2487,42,True
Real_ETH,ETH,0.5,Concept,66,2517,41,True
Real_ETH,ETH,0.5,Concept,67,2548,65,True
Real_ETH,ETH,0.5,Concept,68,2578,151,True
Real_ETH,ETH,0.5,Concept,69,2609,125,True
Real_ETH,ETH,0.5,Concept,70,2640,93,True
Real_ETH,ETH,0.5,Concept,71,2668,64,True
Real_ETH,ETH,0.5,Eco,0,507,62,True
Real_ETH,ETH,0.5,Eco,1,537,63,True
Real_ETH,ETH,0.5,Eco,2,568,103,True
Real_ETH,ETH,0.5,Eco,3,598,111,True
Real_ETH,ETH,0.5,Eco,4,629,95,True
Real_ETH,ETH,0.5,Eco,5,660,93,True
Real_ETH,ETH,0.5,Eco,6,690,96,True
Real_ETH,ETH,0.5,Eco,7,721,88,True
Real_ETH,ETH,0.5,Eco,8,751,68,True
Real_ETH,ETH,0.5,Eco,9,782,64,True
Real_ETH,ETH,0.5,Eco,10,813,106,True
Real_ETH,ETH,0.5,Eco,11,842,90,True
Real_ETH,ETH,0.5,Eco,12,873,67,True
Real_ETH,ETH,0.5,Eco,13,903,81,True
Real_ETH,ETH,0.5,Eco,14,934,68,True
Real_ETH,ETH,0.5,Eco,15,964,62,True
Real_ETH,ETH,0.5,Eco,16,995,92,True
Real_ETH,ETH,0.5,Eco,17,1026,81,True
Real_ETH,ETH,0.5,Eco,18,1056,66,True
Real_ETH,ETH,0.5,Eco,19,1087,63,True
Real_ETH,ETH,0.5,Eco,20,1117,79,True
Real_ETH,ETH,0.5,Eco,21,1148,89,True
Real_ETH,ETH,0.5,Eco,22,1179,85,True
Real_ETH,ETH,0.5,Eco,23,1207,68,True
Real_ETH,ETH,0.5,Eco,24,1238,123,True
Real_ETH,ETH,0.5,Eco,25,1268,125,True
Real_ETH,ETH,0.5,Eco,26,1299,106,True
Real_ETH,ETH,0.5,Eco,27,1329,91,True
Real_ETH,ETH,0.5,Eco,28,1360,93,True
Real_ETH,ETH,0.5,Eco,29,1391,115,True
Real_ETH,ETH,0.5,Eco,30,1421,107,True
Real_ETH,ETH,0.5,Eco,31,1452,141,True
Real_ETH,ETH,0.5,Eco,32,1482,139,True
Real_ETH,ETH,0.5,Eco,33,1513,117,True
Real_ETH,ETH,0.5,Eco,34,1544,156,True
Real_ETH,ETH,0.5,Eco,35,1572,149,True
Real_ETH,ETH,0.5,Eco,36,1603,161,True
Real_ETH,ETH,0.5,Eco,37,1633,156,True
Real_ETH,ETH,0.5,Eco,38,1664,119,True
Real_ETH,ETH,0.5,Eco,39,1694,94,True
Real_ETH,ETH,0.5,Eco,40,1725,92,True
Real_ETH,ETH,0.5,Eco,41,1756,98,True
Real_ETH,ETH,0.5,Eco,42,1786,89,True
Real_ETH,ETH,0.5,Eco,43,1817,83,True
Real_ETH,ETH,0.5,Eco,44,1847,76,True
Real_ETH,ETH,0.5,Eco,45,1878,70,True
Real_ETH,ETH,0.5,Eco,46,1909,71,True
Real_ETH,ETH,0.5,Eco,47,1937,76,True
Real_ETH,ETH,0.5,Eco,48,1968,79,True
Real_ETH,ETH,0.5,Eco,49,1998,73,True
Real_ETH,ETH,0.5,Eco,50,2029,69,True
Real_ETH,ETH,0.5,Eco,51,2059,74,True
Real_ETH,ETH,0.5,Eco,52,2090,73,True
Real_ETH,ETH,0.5,Eco,53,2121,61,True
Real_ETH,ETH,0.5,Eco,54,2151,62,True
Real_ETH,ETH,0.5,Eco,55,2182,70,True
Real_ETH,ETH,0.5,Eco,56,2212,75,True
Real_ETH,ETH,0.5,Eco,57,2243,65,True
Real_ETH,ETH,0.5,Eco,58,2274,86,True
Real_ETH,ETH,0.5,Eco,59,2303,135,True
Real_ETH,ETH,0.5,Eco,60,2334,173,True
Real_ETH,ETH,0.5,Eco,61,2364,166,True
Real_ETH,ETH,0.5,Eco,62,2395,162,True
Real_ETH,ETH,0.5,Eco,63,2425,131,True
Real_ETH,ETH,0.5,Eco,64,2456,100,True
Real_ETH,ETH,0.5,Eco,65,2487,81,True
Real_ETH,ETH,0.5,Eco,66,2517,68,True
Real_ETH,ETH,0.5,Eco,67,2548,91,True
Real_ETH,ETH,0.5,Eco,68,2578,158,True
Real_ETH,ETH,0.5,Eco,69,2609,139,True
Real_ETH,ETH,0.5,Eco,70,2640,121,True
Real_ETH,ETH,0.5,Eco,71,2668,93,True
Real_ETH,ETH,0.59999999999999998,Concept,0,507,26,True
Real_ETH,ETH,0.59999999999999998,Concept,1,537,42,True
Real_ETH,ETH,0.59999999999999998,Concept,2,568,36,True
Real_ETH,ETH,0.59999999999999998,Concept,3,598,42,True
Real_ETH,ETH,0.59999999999999998,Concept,4,629,34,True
Real_ETH,ETH,0.59999999999999998,Concept,5,660,19,True
Real_ETH,ETH,0.59999999999999998,Concept,6,690,34,True
Real_ETH,ETH,0.59999999999999998,Concept,7,721,29,True
Real_ETH,ETH,0.59999999999999998,Concept,8,751,24,True
Real_ETH,ETH,0.59999999999999998,Concept,9,782,21,True
Real_ETH,ETH,0.59999999999999998,Concept,10,813,34,True
Real_ETH,ETH,0.59999999999999998,Concept,11,842,54,True
Real_ETH,ETH,0.59999999999999998,Concept,12,873,24,True
Real_ETH,ETH,0.59999999999999998,Concept,13,903,26,True
Real_ETH,ETH,0.59999999999999998,Concept,14,934,28,True
Real_ETH,ETH,0.59999999999999998,Concept,15,964,19,True
Real_ETH,ETH,0.59999999999999998,Concept,16,995,49,True
Real_ETH,ETH,0.59999999999999998,Concept,17,1026,41,True
Real_ETH,ETH,0.59999999999999998,Concept,18,1056,34,True
Real_ETH,ETH,0.59999999999999998,Concept,19,1087,36,True
Real_ETH,ETH,0.59999999999999998,Concept,20,1117,32,True
Real_ETH,ETH,0.59999999999999998,Concept,21,1148,41,True
Real_ETH,ETH,0.59999999999999998,Concept,22,1179,36,True
Real_ETH,ETH,0.59999999999999998,Concept,23,1207,41,True
Real_ETH,ETH,0.59999999999999998,Concept,24,1238,39,True
Real_ETH,ETH,0.59999999999999998,Concept,25,1268,89,True
Real_ETH,ETH,0.59999999999999998,Concept,26,1299,58,True
Real_ETH,ETH,0.59999999999999998,Concept,27,1329,37,True
Real_ETH,ETH,0.59999999999999998,Concept,28,1360,36,True
Real_ETH,ETH,0.59999999999999998,Concept,29,1391,46,True
Real_ETH,ETH,0.59999999999999998,Concept,30,1421,29,True
Real_ETH,ETH,0.59999999999999998,Concept,31,1452,34,True
Real_ETH,ETH,0.59999999999999998,Concept,32,1482,66,True
Real_ETH,ETH,0.59999999999999998,Concept,33,1513,59,True
Real_ETH,ETH,0.59999999999999998,Concept,34,1544,46,True
Real_ETH,ETH,0.59999999999999998,Concept,35,1572,32,True
Real_ETH,ETH,0.59999999999999998,Concept,36,1603,111,True
Real_ETH,ETH,0.59999999999999998,Concept,37,1633,90,True
Real_ETH,ETH,0.59999999999999998,Concept,38,1664,59,True
Real_ETH,ETH,0.59999999999999998,Concept,39,1694,29,True
Real_ETH,ETH,0.59999999999999998,Concept,40,1725,24,True
Real_ETH,ETH,0.59999999999999998,Concept,41,1756,34,True
Real_ETH,ETH,0.59999999999999998,Concept,42,1786,19,True
Real_ETH,ETH,0.59999999999999998,Concept,43,1817,41,True
Real_ETH,ETH,0.59999999999999998,Concept,44,1847,29,True
Real_ETH,ETH,0.59999999999999998,Concept,45,1878,22,True
Real_ETH,ETH,0.59999999999999998,Concept,46,1909,21,True
Real_ETH,ETH,0.59999999999999998,Concept,47,1937,37,True
Real_ETH,ETH,0.59999999999999998,Concept,48,1968,24,True
Real_ETH,ETH,0.59999999999999998,Concept,49,1998,21,True
Real_ETH,ETH,0.59999999999999998,Concept,50,2029,31,True
Real_ETH,ETH,0.59999999999999998,Concept,51,2059,24,True
Real_ETH,ETH,0.59999999999999998,Concept,52,2090,21,True
Real_ETH,ETH,0.59999999999999998,Concept,53,2121,21,True
Real_ETH,ETH,0.59999999999999998,Concept,54,2151,24,True
Real_ETH,ETH,0.59999999999999998,Concept,55,2182,29,True
Real_ETH,ETH,0.59999999999999998,Concept,56,2212,27,True
Real_ETH,ETH,0.59999999999999998,Concept,57,2243,39,True
Real_ETH,ETH,0.59999999999999998,Concept,58,2274,19,True
Real_ETH,ETH,0.59999999999999998,Concept,59,2303,64,True
Real_ETH,ETH,0.59999999999999998,Concept,60,2334,54,True
Real_ETH,ETH,0.59999999999999998,Concept,61,2364,39,True
Real_ETH,ETH,0.59999999999999998,Concept,62,2395,46,True
Real_ETH,ETH,0.59999999999999998,Concept,63,2425,79,True
Real_ETH,ETH,0.59999999999999998,Concept,64,2456,57,True
Real_ETH,ETH,0.59999999999999998,Concept,65,2487,42,True
Real_ETH,ETH,0.59999999999999998,Concept,66,2517,38,True
Real_ETH,ETH,0.59999999999999998,Concept,67,2548,44,True
Real_ETH,ETH,0.59999999999999998,Concept,68,2578,138,True
Real_ETH,ETH,0.59999999999999998,Concept,69,2609,117,True
Real_ETH,ETH,0.59999999999999998,Concept,70,2640,86,True
Real_ETH,ETH,0.59999999999999998,Concept,71,2668,59,True
Real_ETH,ETH,0.59999999999999998,Eco,0,507,54,True
Real_ETH,ETH,0.59999999999999998,Eco,1,537,52,True
Real_ETH,ETH,0.59999999999999998,Eco,2,568,85,True
Real_ETH,ETH,0.59999999999999998,Eco,3,598,91,True
Real_ETH,ETH,0.59999999999999998,Eco,4,629,81,True
Real_ETH,ETH,0.59999999999999998,Eco,5,660,69,True
Real_ETH,ETH,0.59999999999999998,Eco,6,690,81,True
Real_ETH,ETH,0.59999999999999998,Eco,7,721,74,True
Real_ETH,ETH,0.59999999999999998,Eco,8,751,63,True
Real_ETH,ETH,0.59999999999999998,Eco,9,782,48,True
Real_ETH,ETH,0.59999999999999998,Eco,10,813,88,True
Real_ETH,ETH,0.59999999999999998,Eco,11,842,82,True
Real_ETH,ETH,0.59999999999999998,Eco,12,873,59,True
Real_ETH,ETH,0.59999999999999998,Eco,13,903,68,True
Real_ETH,ETH,0.59999999999999998,Eco,14,934,60,True
Real_ETH,ETH,0.59999999999999998,Eco,15,964,58,True
Real_ETH,ETH,0.59999999999999998,Eco,16,995,78,True
Real_ETH,ETH,0.59999999999999998,Eco,17,1026,73,True
Real_ETH,ETH,0.59999999999999998,Eco,18,1056,53,True
Real_ETH,ETH,0.59999999999999998,Eco,19,1087,58,True
Real_ETH,ETH,0.59999999999999998,Eco,20,1117,69,True
Real_ETH,ETH,0.59999999999999998,Eco,21,1148,78,True
Real_ETH,ETH,0.59999999999999998,Eco,22,1179,73,True
Real_ETH,ETH,0.59999999999999998,Eco,23,1207,63,True
Real_ETH,ETH,0.59999999999999998,Eco,24,1238,111,True
Real_ETH,ETH,0.59999999999999998,Eco,25,1268,111,True
Real_ETH,ETH,0.59999999999999998,Eco,26,1299,90,True
Real_ETH,ETH,0.59999999999999998,Eco,27,1329,64,True
Real_ETH,ETH,0.59999999999999998,Eco,28,1360,80,True
Real_ETH,ETH,0.59999999999999998,Eco,29,1391,88,True
Real_ETH,ETH,0.59999999999999998,Eco,30,1421,80,True
Real_ETH,ETH,0.59999999999999998,Eco,31,1452,106,True
Real_ETH,ETH,0.59999999999999998,Eco,32,1482,111,True
Real_ETH,ETH,0.59999999999999998,Eco,33,1513,90,True
Real_ETH,ETH,0.59999999999999998,Eco,34,1544,80,True
Real_ETH,ETH,0.59999999999999998,Eco,35,1572,128,True
Real_ETH,ETH,0.59999999999999998,Eco,36,1603,126,True
Real_ETH,ETH,0.59999999999999998,Eco,37,1633,124,True
Real_ETH,ETH,0.59999999999999998,Eco,38,1664,95,True
Real_ETH,ETH,0.59999999999999998,Eco,39,1694,70,True
Real_ETH,ETH,0.59999999999999998,Eco,40,1725,83,True
Real_ETH,ETH,0.59999999999999998,Eco,41,1756,84,True
Real_ETH,ETH,0.59999999999999998,Eco,42,1786,73,True
Real_ETH,ETH,0.59999999999999998,Eco,43,1817,74,True
Real_ETH,ETH,0.59999999999999998,Eco,44,1847,63,True
Real_ETH,ETH,0.59999999999999998,Eco,45,1878,57,True
Real_ETH,ETH,0.59999999999999998,Eco,46,1909,63,True
Real_ETH,ETH,0.59999999999999998,Eco,47,1937,63,True
Real_ETH,ETH,0.59999999999999998,Eco,48,1968,63,True
Real_ETH,ETH,0.59999999999999998,Eco,49,1998,62,True
Real_ETH,ETH,0.59999999999999998,Eco,50,2029,61,True
Real_ETH,ETH,0.59999999999999998,Eco,51,2059,64,True
Real_ETH,ETH,0.59999999999999998,Eco,52,2090,59,True
Real_ETH,ETH,0.59999999999999998,Eco,53,2121,53,True
Real_ETH,ETH,0.59999999999999998,Eco,54,2151,55,True
Real_ETH,ETH,0.59999999999999998,Eco,55,2182,62,True
Real_ETH,ETH,0.59999999999999998,Eco,56,2212,70,True
Real_ETH,ETH,0.59999999999999998,Eco,57,2243,60,True
Real_ETH,ETH,0.59999999999999998,Eco,58,2274,66,True
Real_ETH,ETH,0.59999999999999998,Eco,59,2303,96,True
Real_ETH,ETH,0.59999999999999998,Eco,60,2334,105,True
Real_ETH,ETH,0.59999999999999998,Eco,61,2364,140,True
Real_ETH,ETH,0.59999999999999998,Eco,62,2395,141,True
Real_ETH,ETH,0.59999999999999998,Eco,63,2425,111,True
Real_ETH,ETH,0.59999999999999998,Eco,64,2456,90,True
Real_ETH,ETH,0.59999999999999998,Eco,65,2487,70,True
Real_ETH,ETH,0.59999999999999998,Eco,66,2517,61,True
Real_ETH,ETH,0.59999999999999998,Eco,67,2548,75,True
Real_ETH,ETH,0.59999999999999998,Eco,68,2578,142,True
Real_ETH,ETH,0.59999999999999998,Eco,69,2609,127,True
Real_ETH,ETH,0.59999999999999998,Eco,70,2640,98,True
Real_ETH,ETH,0.59999999999999998,Eco,71,2668,79,True
Real_ETH,ETH,0.75,Concept,0,507,21,True
Real_ETH,ETH,0.75,Concept,1,537,24,True
Real_ETH,ETH,0.75,Concept,2,568,28,True
Real_ETH,ETH,0.75,Concept,3,598,34,True
Real_ETH,ETH,0.75,Concept,4,629,26,True
Real_ETH,ETH,0.75,Concept,5,660,19,True
Real_ETH,ETH,0.75,Concept,6,690,21,True
Real_ETH,ETH,0.75,Concept,7,721,19,True
Real_ETH,ETH,0.75,Concept,8,751,24,True
Real_ETH,ETH,0.75,Concept,9,782,21,True
Real_ETH,ETH,0.75,Concept,10,813,29,True
Real_ETH,ETH,0.75,Concept,11,842,34,True
Real_ETH,ETH,0.75,Concept,12,873,24,True
Real_ETH,ETH,0.75,Concept,13,903,24,True
Real_ETH,ETH,0.75,Concept,14,934,23,True
Real_ETH,ETH,0.75,Concept,15,964,19,True
Real_ETH,ETH,0.75,Concept,16,995,46,True
Real_ETH,ETH,0.75,Concept,17,1026,39,True
Real_ETH,ETH,0.75,Concept,18,1056,22,True
Real_ETH,ETH,0.75,Concept,19,1087,22,True
Real_ETH,ETH,0.75,Concept,20,1117,30,True
Real_ETH,ETH,0.75,Concept,21,1148,41,True
Real_ETH,ETH,0.75,Concept,22,1179,34,True
Real_ETH,ETH,0.75,Concept,23,1207,31,True
Real_ETH,ETH,0.75,Concept,24,1238,31,True
Real_ETH,ETH,0.75,Concept,25,1268,84,True
Real_ETH,ETH,0.75,Concept,26,1299,57,True
Real_ETH,ETH,0.75,Concept,27,1329,37,True
Real_ETH,ETH,0.75,Concept,28,1360,36,True
Real_ETH,ETH,0.75,Concept,29,1391,44,True
Real_ETH,ETH,0.75,Concept,30,1421,22,True
Real_ETH,ETH,0.75,Concept,31,1452,29,True
Real_ETH,ETH,0.75,Concept,32,1482,34,True
Real_ETH,ETH,0.75,Concept,33,1513,46,True
Real_ETH,ETH,0.75,Concept,34,1544,46,True
Real_ETH,ETH,0.75,Concept,35,1572,27,True
Real_ETH,ETH,0.75,Concept,36,1603,24,True
Real_ETH,ETH,0.75,Concept,37,1633,78,True
Real_ETH,ETH,0.75,Concept,38,1664,52,True
Real_ETH,ETH,0.75,Concept,39,1694,29,True
Real_ETH,ETH,0.75,Concept,40,1725,24,True
Real_ETH,ETH,0.75,Concept,41,1756,32,True
Real_ETH,ETH,0.75,Concept,42,1786,19,True
Real_ETH,ETH,0.75,Concept,43,1817,31,True
Real_ETH,ETH,0.75,Concept,44,1847,24,True
Real_ETH,ETH,0.75,Concept,45,1878,19,True
Real_ETH,ETH,0.75,Concept,46,1909,21,True
Real_ETH,ETH,0.75,Concept,47,1937,32,True
Real_ETH,ETH,0.75,Concept,48,1968,24,True
Real_ETH,ETH,0.75,Concept,49,1998,21,True
Real_ETH,ETH,0.75,Concept,50,2029,26,True
Real_ETH,ETH,0.75,Concept,51,2059,24,True
Real_ETH,ETH,0.75,Concept,52,2090,21,True
Real_ETH,ETH,0.75,Concept,53,2121,21,True
Real_ETH,ETH,0.75,Concept,54,2151,24,True
Real_ETH,ETH,0.75,Concept,55,2182,27,True
Real_ETH,ETH,0.75,Concept,56,2212,27,True
Real_ETH,ETH,0.75,Concept,57,2243,39,True
Real_ETH,ETH,0.75,Concept,58,2274,19,True
Real_ETH,ETH,0.75,Concept,59,2303,57,True
Real_ETH,ETH,0.75,Concept,60,2334,41,True
Real_ETH,ETH,0.75,Concept,61,2364,32,True
Real_ETH,ETH,0.75,Concept,62,2395,44,True
Real_ETH,ETH,0.75,Concept,63,2425,61,True
Real_ETH,ETH,0.75,Concept,64,2456,57,True
Real_ETH,ETH,0.75,Concept,65,2487,37,True
Real_ETH,ETH,0.75,Concept,66,2517,33,True
Real_ETH,ETH,0.75,Concept,67,2548,34,True
Real_ETH,ETH,0.75,Concept,68,2578,36,True
Real_ETH,ETH,0.75,Concept,69,2609,109,True
Real_ETH,ETH,0.75,Concept,70,2640,78,True
Real_ETH,ETH,0.75,Concept,71,2668,56,True
Real_ETH,ETH,0.75,Eco,0,507,44,True
Real_ETH,ETH,0.75,Eco,1,537,47,True
Real_ETH,ETH,0.75,Eco,2,568,65,True
Real_ETH,ETH,0.75,Eco,3,598,72,True
Real_ETH,ETH,0.75,Eco,4,629,64,True
Real_ETH,ETH,0.75,Eco,5,660,56,True
Real_ETH,ETH,0.75,Eco,6,690,61,True
Real_ETH,ETH,0.75,Eco,7,721,65,True
Real_ETH,ETH,0.75,Eco,8,751,55,True
Real_ETH,ETH,0.75,Eco,9,782,42,True
Real_ETH,ETH,0.75,Eco,10,813,77,True
Real_ETH,ETH,0.75,Eco,11,842,69,True
Real_ETH,ETH,0.75,Eco,12,873,53,True
Real_ETH,ETH,0.75,Eco,13,903,59,True
Real_ETH,ETH,0.75,Eco,14,934,53,True
Real_ETH,ETH,0.75,Eco,15,964,45,True
Real_ETH,ETH,0.75,Eco,16,995,68,True
Real_ETH,ETH,0.75,Eco,17,1026,65,True
Real_ETH,ETH,0.75,Eco,18,1056,50,True
Real_ETH,ETH,0.75,Eco,19,1087,54,True
Real_ETH,ETH,0.75,Eco,20,1117,63,True
Real_ETH,ETH,0.75,Eco,21,1148,66,True
Real_ETH,ETH,0.75,Eco,22,1179,64,True
Real_ETH,ETH,0.75,Eco,23,1207,57,True
Real_ETH,ETH,0.75,Eco,24,1238,88,True
Real_ETH,ETH,0.75,Eco,25,1268,95,True
Real_ETH,ETH,0.75,Eco,26,1299,73,True
Real_ETH,ETH,0.75,Eco,27,1329,58,True
Real_ETH,ETH,0.75,Eco,28,1360,66,True
Real_ETH,ETH,0.75,Eco,29,1391,68,True
Real_ETH,ETH,0.75,Eco,30,1421,60,True
Real_ETH,ETH,0.75,Eco,31,1452,75,True
Real_ETH,ETH,0.75,Eco,32,1482,86,True
Real_ETH,ETH,0.75,Eco,33,1513,76,True
Real_ETH,ETH,0.75,Eco,34,1544,60,True
Real_ETH,ETH,0.75,Eco,35,1572,77,True
Real_ETH,ETH,0.75,Eco,36,1603,103,True
Real_ETH,ETH,0.75,Eco,37,1633,95,True
Real_ETH,ETH,0.75,Eco,38,1664,76,True
Real_ETH,ETH,0.75,Eco,39,1694,61,True
Real_ETH,ETH,0.75,Eco,40,1725,71,True
Real_ETH,ETH,0.75,Eco,41,1756,57,True
Real_ETH,ETH,0.75,Eco,42,1786,60,True
Real_ETH,ETH,0.75,Eco,43,1817,68,True
Real_ETH,ETH,0.75,Eco,44,1847,52,True
Real_ETH,ETH,0.75,Eco,45,1878,47,True
Real_ETH,ETH,0.75,Eco,46,1909,55,True
Real_ETH,ETH,0.75,Eco,47,1937,54,True
Real_ETH,ETH,0.75,Eco,48,1968,54,True
Real_ETH,ETH,0.75,Eco,49,1998,53,True
Real_ETH,ETH,0.75,Eco,50,2029,52,True
Real_ETH,ETH,0.75,Eco,51,2059,54,True
Real_ETH,ETH,0.75,Eco,52,2090,52,True
Real_ETH,ETH,0.75,Eco,53,2121,50,True
Real_ETH,ETH,0.75,Eco,54,2151,49,True
Real_ETH,ETH,0.75,Eco,55,2182,54,True
Real_ETH,ETH,0.75,Eco,56,2212,60,True
Real_ETH,ETH,0.75,Eco,57,2243,55,True
Real_ETH,ETH,0.75,Eco,58,2274,53,True
Real_ETH,ETH,0.75,Eco,59,2303,80,True
Real_ETH,ETH,0.75,Eco,60,2334,76,True
Real_ETH,ETH,0.75,Eco,61,2364,75,True
Real_ETH,ETH,0.75,Eco,62,2395,111,True
Real_ETH,ETH,0.75,Eco,63,2425,89,True
Real_ETH,ETH,0.75,Eco,64,2456,74,True
Real_ETH,ETH,0.75,Eco,65,2487,66,True
Real_ETH,ETH,0.75,Eco,66,2517,53,True
Real_ETH,ETH,0.75,Eco,67,2548,59,True
Real_ETH,ETH,0.75,Eco,68,2578,84,True
Real_ETH,ETH,0.75,Eco,69,2609,106,True
Real_ETH,ETH,0.75,Eco,70,2640,90,True
Real_ETH,ETH,0.75,Eco,71,2668,68,True
Real_ETH,ETH,1,Concept,0,507,21,True
Real_ETH,ETH,1,Concept,1,537,22,True
Real_ETH,ETH,1,Concept,2,568,22,True
Real_ETH,ETH,1,Concept,3,598,34,True
Real_ETH,ETH,1,Concept,4,629,24,True
Real_ETH,ETH,1,Concept,5,660,19,True
Real_ETH,ETH,1,Concept,6,690,19,True
Real_ETH,ETH,1,Concept,7,721,19,True
Real_ETH,ETH,1,Concept,8,751,24,True
Real_ETH,ETH,1,Concept,9,782,21,True
Real_ETH,ETH,1,Concept,10,813,29,True
Real_ETH,ETH,1,Concept,11,842,32,True
Real_ETH,ETH,1,Concept,12,873,21,True
Real_ETH,ETH,1,Concept,13,903,21,True
Real_ETH,ETH,1,Concept,14,934,21,True
Real_ETH,ETH,1,Concept,15,964,19,True
Real_ETH,ETH,1,Concept,16,995,19,True
Real_ETH,ETH,1,Concept,17,1026,31,True
Real_ETH,ETH,1,Concept,18,1056,19,True
Real_ETH,ETH,1,Concept,19,1087,19,True
Real_ETH,ETH,1,Concept,20,1117,26,True
Real_ETH,ETH,1,Concept,21,1148,29,True
Real_ETH,ETH,1,Concept,22,1179,19,True
Real_ETH,ETH,1,Concept,23,1207,19,True
Real_ETH,ETH,1,Concept,24,1238,26,True
Real_ETH,ETH,1,Concept,25,1268,77,True
Real_ETH,ETH,1,Concept,26,1299,42,True
Real_ETH,ETH,1,Concept,27,1329,25,True
Real_ETH,ETH,1,Concept,28,1360,26,True
Real_ETH,ETH,1,Concept,29,1391,34,True
Real_ETH,ETH,1,Concept,30,1421,19,True
Real_ETH,ETH,1,Concept,31,1452,24,True
Real_ETH,ETH,1,Concept,32,1482,34,True
Real_ETH,ETH,1,Concept,33,1513,29,True
Real_ETH,ETH,1,Concept,34,1544,34,True
Real_ETH,ETH,1,Concept,35,1572,21,True
Real_ETH,ETH,1,Concept,36,1603,24,True
Real_ETH,ETH,1,Concept,37,1633,39,True
Real_ETH,ETH,1,Concept,38,1664,37,True
Real_ETH,ETH,1,Concept,39,1694,27,True
Real_ETH,ETH,1,Concept,40,1725,21,True
Real_ETH,ETH,1,Concept,41,1756,29,True
Real_ETH,ETH,1,Concept,42,1786,19,True
Real_ETH,ETH,1,Concept,43,1817,27,True
Real_ETH,ETH,1,Concept,44,1847,22,True
Real_ETH,ETH,1,Concept,45,1878,19,True
Real_ETH,ETH,1,Concept,46,1909,21,True
Real_ETH,ETH,1,Concept,47,1937,24,True
Real_ETH,ETH,1,Concept,48,1968,24,True
Real_ETH,ETH,1,Concept,49,1998,21,True
Real_ETH,ETH,1,Concept,50,2029,26,True
Real_ETH,ETH,1,Concept,51,2059,19,True
Real_ETH,ETH,1,Concept,52,2090,21,True
Real_ETH,ETH,1,Concept,53,2121,21,True
Real_ETH,ETH,1,Concept,54,2151,21,True
Real_ETH,ETH,1,Concept,55,2182,27,True
Real_ETH,ETH,1,Concept,56,2212,24,True
Real_ETH,ETH,1,Concept,57,2243,32,True
Real_ETH,ETH,1,Concept,58,2274,19,True
Real_ETH,ETH,1,Concept,59,2303,41,True
Real_ETH,ETH,1,Concept,60,2334,34,True
Real_ETH,ETH,1,Concept,61,2364,24,True
Real_ETH,ETH,1,Concept,62,2395,26,True
Real_ETH,ETH,1,Concept,63,2425,51,True
Real_ETH,ETH,1,Concept,64,2456,43,True
Real_ETH,ETH,1,Concept,65,2487,35,True
Real_ETH,ETH,1,Concept,66,2517,33,True
Real_ETH,ETH,1,Concept,67,2548,26,True
Real_ETH,ETH,1,Concept,68,2578,31,True
Real_ETH,ETH,1,Concept,69,2609,44,True
Real_ETH,ETH,1,Concept,70,2640,32,True
Real_ETH,ETH,1,Concept,71,2668,44,True
Real_ETH,ETH,1,Eco,0,507,40,True
Real_ETH,ETH,1,Eco,1,537,40,True
Real_ETH,ETH,1,Eco,2,568,50,True
Real_ETH,ETH,1,Eco,3,598,54,True
Real_ETH,ETH,1,Eco,4,629,46,True
Real_ETH,ETH,1,Eco,5,660,43,True
Real_ETH,ETH,1,Eco,6,690,43,True
Real_ETH,ETH,1,Eco,7,721,50,True
Real_ETH,ETH,1,Eco,8,751,44,True
Real_ETH,ETH,1,Eco,9,782,36,True
Real_ETH,ETH,1,Eco,10,813,65,True
Real_ETH,ETH,1,Eco,11,842,59,True
Real_ETH,ETH,1,Eco,12,873,45,True
Real_ETH,ETH,1,Eco,13,903,48,True
Real_ETH,ETH,1,Eco,14,934,47,True
Real_ETH,ETH,1,Eco,15,964,40,True
Real_ETH,ETH,1,Eco,16,995,54,True
Real_ETH,ETH,1,Eco,17,1026,53,True
Real_ETH,ETH,1,Eco,18,1056,43,True
Real_ETH,ETH,1,Eco,19,1087,45,True
Real_ETH,ETH,1,Eco,20,1117,49,True
Real_ETH,ETH,1,Eco,21,1148,51,True
Real_ETH,ETH,1,Eco,22,1179,56,True
Real_ETH,ETH,1,Eco,23,1207,50,True
Real_ETH,ETH,1,Eco,24,1238,60,True
Real_ETH,ETH,1,Eco,25,1268,81,True
Real_ETH,ETH,1,Eco,26,1299,61,True
Real_ETH,ETH,1,Eco,27,1329,49,True
Real_ETH,ETH,1,Eco,28,1360,53,True
Real_ETH,ETH,1,Eco,29,1391,55,True
Real_ETH,ETH,1,Eco,30,1421,49,True
Real_ETH,ETH,1,Eco,31,1452,53,True
Real_ETH,ETH,1,Eco,32,1482,62,True
Real_ETH,ETH,1,Eco,33,1513,58,True
Real_ETH,ETH,1,Eco,34,1544,50,True
Real_ETH,ETH,1,Eco,35,1572,50,True
Real_ETH,ETH,1,Eco,36,1603,59,True
Real_ETH,ETH,1,Eco,37,1633,74,True
Real_ETH,ETH,1,Eco,38,1664,63,True
Real_ETH,ETH,1,Eco,39,1694,45,True
Real_ETH,ETH,1,Eco,40,1725,56,True
Real_ETH,ETH,1,Eco,41,1756,50,True
Real_ETH,ETH,1,Eco,42,1786,49,True
Real_ETH,ETH,1,Eco,43,1817,55,True
Real_ETH,ETH,1,Eco,44,1847,43,True
Real_ETH,ETH,1,Eco,45,1878,41,True
Real_ETH,ETH,1,Eco,46,1909,44,True
Real_ETH,ETH,1,Eco,47,1937,42,True
Real_ETH,ETH,1,Eco,48,1968,44,True
Real_ETH,ETH,1,Eco,49,1998,46,True
Real_ETH,ETH,1,Eco,50,2029,42,True
Real_ETH,ETH,1,Eco,51,2059,44,True
Real_ETH,ETH,1,Eco,52,2090,44,True
Real_ETH,ETH,1,Eco,53,2121,44,True
Real_ETH,ETH,1,Eco,54,2151,39,True
Real_ETH,ETH,1,Eco,55,2182,47,True
Real_ETH,ETH,1,Eco,56,2212,46,True
Real_ETH,ETH,1,Eco,57,2243,45,True
Real_ETH,ETH,1,Eco,58,2274,36,True
Real_ETH,ETH,1,Eco,59,2303,63,True
Real_ETH,ETH,1,Eco,60,2334,52,True
Real_ETH,ETH,1,Eco,61,2364,57,True
Real_ETH,ETH,1,Eco,62,2395,73,True
Real_ETH,ETH,1,Eco,63,2425,73,True
Real_ETH,ETH,1,Eco,64,2456,56,True
Real_ETH,ETH,1,Eco,65,2487,48,True
Real_ETH,ETH,1,Eco,66,2517,45,True
Real_ETH,ETH,1,Eco,67,2548,40,True
Real_ETH,ETH,1,Eco,68,2578,59,True
Real_ETH,ETH,1,Eco,69,2609,60,True
Real_ETH,ETH,1,Eco,70,2640,70,True
Real_ETH,ETH,1,Eco,71,2668,55,True
Real_ETH,ETH,1.25,Concept,0,507,19,True
Real_ETH,ETH,1.25,Concept,1,537,22,True
Real_ETH,ETH,1.25,Concept,2,568,22,True
Real_ETH,ETH,1.25,Concept,3,598,32,True
Real_ETH,ETH,1.25,Concept,4,629,21,True
Real_ETH,ETH,1.25,Concept,5,660,19,True
Real_ETH,ETH,1.25,Concept,6,690,19,True
Real_ETH,ETH,1.25,Concept,7,721,19,True
Real_ETH,ETH,1.25,Concept,8,751,24,True
Real_ETH,ETH,1.25,Concept,9,782,19,True
Real_ETH,ETH,1.25,Concept,10,813,29,True
Real_ETH,ETH,1.25,Concept,11,842,32,True
Real_ETH,ETH,1.25,Concept,12,873,21,True
Real_ETH,ETH,1.25,Concept,13,903,21,True
Real_ETH,ETH,1.25,Concept,14,934,21,True
Real_ETH,ETH,1.25,Concept,15,964,19,True
Real_ETH,ETH,1.25,Concept,16,995,19,True
Real_ETH,ETH,1.25,Concept,17,1026,29,True
Real_ETH,ETH,1.25,Concept,18,1056,19,True
Real_ETH,ETH,1.25,Concept,19,1087,19,True
Real_ETH,ETH,1.25,Concept,20,1117,26,True
Real_ETH,ETH,1.25,Concept,21,1148,24,True
Real_ETH,ETH,1.25,Concept,22,1179,19,True
Real_ETH,ETH,1.25,Concept,23,1207,19,True
Real_ETH,ETH,1.25,Concept,24,1238,21,True
Real_ETH,ETH,1.25,Concept,25,1268,37,True
Real_ETH,ETH,1.25,Concept,26,1299,27,True
Real_ETH,ETH,1.25,Concept,27,1329,22,True
Real_ETH,ETH,1.25,Concept,28,1360,19,True
Real_ETH,ETH,1.25,Concept,29,1391,31,True
Real_ETH,ETH,1.25,Concept,30,1421,19,True
Real_ETH,ETH,1.25,Concept,31,1452,24,True
Real_ETH,ETH,1.25,Concept,32,1482,29,True
Real_ETH,ETH,1.25,Concept,33,1513,29,True
Real_ETH,ETH,1.25,Concept,34,1544,21,True
Real_ETH,ETH,1.25,Concept,35,1572,21,True
Real_ETH,ETH,1.25,Concept,36,1603,24,True
Real_ETH,ETH,1.25,Concept,37,1633,34,True
Real_ETH,ETH,1.25,Concept,38,1664,35,True
Real_ETH,ETH,1.25,Concept,39,1694,22,True
Real_ETH,ETH,1.25,Concept,40,1725,21,True
Real_ETH,ETH,1.25,Concept,41,1756,27,True
Real_ETH,ETH,1.25,Concept,42,1786,19,True
Real_ETH,ETH,1.25,Concept,43,1817,27,True
Real_ETH,ETH,1.25,Concept,44,1847,22,True
Real_ETH,ETH,1.25,Concept,45,1878,19,True
Real_ETH,ETH,1.25,Concept,46,1909,21,True
Real_ETH,ETH,1.25,Concept,47,1937,22,True
Real_ETH,ETH,1.25,Concept,48,1968,21,True
Real_ETH,ETH,1.25,Concept,49,1998,19,True
Real_ETH,ETH,1.25,Concept,50,2029,19,True
Real_ETH,ETH,1.25,Concept,51,2059,19,True
Real_ETH,ETH,1.25,Concept,52,2090,21,True
Real_ETH,ETH,1.25,Concept,53,2121,19,True
Real_ETH,ETH,1.25,Concept,54,2151,19,True
Real_ETH,ETH,1.25,Concept,55,2182,22,True
Real_ETH,ETH,1.25,Concept,56,2212,24,True
Real_ETH,ETH,1.25,Concept,57,2243,27,True
Real_ETH,ETH,1.25,Concept,58,2274,19,True
Real_ETH,ETH,1.25,Concept,59,2303,29,True
Real_ETH,ETH,1.25,Concept,60,2334,34,True
Real_ETH,ETH,1.25,Concept,61,2364,21,True
Real_ETH,ETH,1.25,Concept,62,2395,24,True
Real_ETH,ETH,1.25,Concept,63,2425,31,True
Real_ETH,ETH,1.25,Concept,64,2456,41,True
Real_ETH,ETH,1.25,Concept,65,2487,26,True
Real_ETH,ETH,1.25,Concept,66,2517,20,True
Real_ETH,ETH,1.25,Concept,67,2548,24,True
Real_ETH,ETH,1.25,Concept,68,2578,31,True
Real_ETH,ETH,1.25,Concept,69,2609,29,True
Real_ETH,ETH,1.25,Concept,70,2640,28,True
Real_ETH,ETH,1.25,Concept,71,2668,26,True
Real_ETH,ETH,1.25,Eco,0,507,35,True
Real_ETH,ETH,1.25,Eco,1,537,35,True
Real_ETH,ETH,1.25,Eco,2,568,36,True
Real_ETH,ETH,1.25,Eco,3,598,43,True
Real_ETH,ETH,1.25,Eco,4,629,38,True
Real_ETH,ETH,1.25,Eco,5,660,36,True
Real_ETH,ETH,1.25,Eco,6,690,35,True
Real_ETH,ETH,1.25,Eco,7,721,39,True
Real_ETH,ETH,1.25,Eco,8,751,37,True
Real_ETH,ETH,1.25,Eco,9,782,33,True
Real_ETH,ETH,1.25,Eco,10,813,56,True
Real_ETH,ETH,1.25,Eco,11,842,55,True
Real_ETH,ETH,1.25,Eco,12,873,41,True
Real_ETH,ETH,1.25,Eco,13,903,42,True
Real_ETH,ETH,1.25,Eco,14,934,40,True
Real_ETH,ETH,1.25,Eco,15,964,35,True
Real_ETH,ETH,1.25,Eco,16,995,44,True
Real_ETH,ETH,1.25,Eco,17,1026,47,True
Real_ETH,ETH,1.25,Eco,18,1056,38,True
Real_ETH,ETH,1.25,Eco,19,1087,41,True
Real_ETH,ETH,1.25,Eco,20,1117,44,True
Real_ETH,ETH,1.25,Eco,21,1148,47,True
Real_ETH,ETH,1.25,Eco,22,1179,50,True
Real_ETH,ETH,1.25,Eco,23,1207,43,True
Real_ETH,ETH,1.25,Eco,24,1238,40,True
Real_ETH,ETH,1.25,Eco,25,1268,64,True
Real_ETH,ETH,1.25,Eco,26,1299,54,True
Real_ETH,ETH,1.25,Eco,27,1329,43,True
Real_ETH,ETH,1.25,Eco,28,1360,44,True
Real_ETH,ETH,1.25,Eco,29,1391,48,True
Real_ETH,ETH,1.25,Eco,30,1421,42,True
Real_ETH,ETH,1.25,Eco,31,1452,45,True
Real_ETH,ETH,1.25,Eco,32,1482,48,True
Real_ETH,ETH,1.25,Eco,33,1513,45,True
Real_ETH,ETH,1.25,Eco,34,1544,43,True
Real_ETH,ETH,1.25,Eco,35,1572,43,True
Real_ETH,ETH,1.25,Eco,36,1603,46,True
Real_ETH,ETH,1.25,Eco,37,1633,57,True
Real_ETH,ETH,1.25,Eco,38,1664,52,True
Real_ETH,ETH,1.25,Eco,39,1694,40,True
Real_ETH,ETH,1.25,Eco,40,1725,44,True
Real_ETH,ETH,1.25,Eco,41,1756,43,True
Real_ETH,ETH,1.25,Eco,42,1786,35,True
Real_ETH,ETH,1.25,Eco,43,1817,47,True
Real_ETH,ETH,1.25,Eco,44,1847,38,True
Real_ETH,ETH,1.25,Eco,45,1878,34,True
Real_ETH,ETH,1.25,Eco,46,1909,39,True
Real_ETH,ETH,1.25,Eco,47,1937,38,True
Real_ETH,ETH,1.25,Eco,48,1968,39,True
Real_ETH,ETH,1.25,Eco,49,1998,39,True
Real_ETH,ETH,1.25,Eco,50,2029,40,True
Real_ETH,ETH,1.25,Eco,51,2059,40,True
Real_ETH,ETH,1.25,Eco,52,2090,39,True
Real_ETH,ETH,1.25,Eco,53,2121,41,True
Real_ETH,ETH,1.25,Eco,54,2151,38,True
Real_ETH,ETH,1.25,Eco,55,2182,42,True
Real_ETH,ETH,1.25,Eco,56,2212,40,True
Real_ETH,ETH,1.25,Eco,57,2243,42,True
Real_ETH,ETH,1.25,Eco,58,2274,34,True
Real_ETH,ETH,1.25,Eco,59,2303,52,True
Real_ETH,ETH,1.25,Eco,60,2334,47,True
Real_ETH,ETH,1.25,Eco,61,2364,46,True
Real_ETH,ETH,1.25,Eco,62,2395,48,True
Real_ETH,ETH,1.25,Eco,63,2425,53,True
Real_ETH,ETH,1.25,Eco,64,2456,48,True
Real_ETH,ETH,1.25,Eco,65,2487,42,True
Real_ETH,ETH,1.25,Eco,66,2517,37,True
Real_ETH,ETH,1.25,Eco,67,2548,34,True
Real_ETH,ETH,1.25,Eco,68,2578,45,True
Real_ETH,ETH,1.25,Eco,69,2609,45,True
Real_ETH,ETH,1.25,Eco,70,2640,50,True
Real_ETH,ETH,1.25,Eco,71,2668,47,True
Real_ETH,ETH,1.5,Concept,0,507,19,True
Real_ETH,ETH,1.5,Concept,1,537,19,True
Real_ETH,ETH,1.5,Concept,2,568,19,True
Real_ETH,ETH,1.5,Concept,3,598,27,True
Real_ETH,ETH,1.5,Concept,4,629,21,True
Real_ETH,ETH,1.5,Concept,5,660,19,True
Real_ETH,ETH,1.5,Concept,6,690,19,True
Real_ETH,ETH,1.5,Concept,7,721,19,True
Real_ETH,ETH,1.5,Concept,8,751,22,True
Real_ETH,ETH,1.5,Concept,9,782,19,True
Real_ETH,ETH,1.5,Concept,10,813,29,True
Real_ETH,ETH,1.5,Concept,11,842,32,True
Real_ETH,ETH,1.5,Concept,12,873,19,True
Real_ETH,ETH,1.5,Concept,13,903,21,True
Real_ETH,ETH,1.5,Concept,14,934,19,True
Real_ETH,ETH,1.5,Concept,15,964,19,True
Real_ETH,ETH,1.5,Concept,16,995,19,True
Real_ETH,ETH,1.5,Concept,17,1026,26,True
Real_ETH,ETH,1.5,Concept,18,1056,19,True
Real_ETH,ETH,1.5,Concept,19,1087,19,True
Real_ETH,ETH,1.5,Concept,20,1117,21,True
Real_ETH,ETH,1.5,Concept,21,1148,24,True
Real_ETH,ETH,1.5,Concept,22,1179,19,True
Real_ETH,ETH,1.5,Concept,23,1207,19,True
Real_ETH,ETH,1.5,Concept,24,1238,19,True
Real_ETH,ETH,1.5,Concept,25,1268,37,True
Real_ETH,ETH,1.5,Concept,26,1299,27,True
Real_ETH,ETH,1.5,Concept,27,1329,21,True
Real_ETH,ETH,1.5,Concept,28,1360,19,True
Real_ETH,ETH,1.5,Concept,29,1391,26,True
Real_ETH,ETH,1.5,Concept,30,1421,19,True
Real_ETH,ETH,1.5,Concept,31,1452,22,True
Real_ETH,ETH,1.5,Concept,32,1482,24,True
Real_ETH,ETH,1.5,Concept,33,1513,19,True
Real_ETH,ETH,1.5,Concept,34,1544,21,True
Real_ETH,ETH,1.5,Concept,35,1572,21,True
Real_ETH,ETH,1.5,Concept,36,1603,21,True
Real_ETH,ETH,1.5,Concept,37,1633,29,True
Real_ETH,ETH,1.5,Concept,38,1664,29,True
Real_ETH,ETH,1.5,Concept,39,1694,19,True
Real_ETH,ETH,1.5,Concept,40,1725,21,True
Real_ETH,ETH,1.5,Concept,41,1756,27,True
Real_ETH,ETH,1.5,Concept,42,1786,19,True
Real_ETH,ETH,1.5,Concept,43,1817,24,True
Real_ETH,ETH,1.5,Concept,44,1847,22,True
Real_ETH,ETH,1.5,Concept,45,1878,19,True
Real_ETH,ETH,1.5,Concept,46,1909,19,True
Real_ETH,ETH,1.5,Concept,47,1937,19,True
Real_ETH,ETH,1.5,Concept,48,1968,21,True
Real_ETH,ETH,1.5,Concept,49,1998,19,True
Real_ETH,ETH,1.5,Concept,50,2029,19,True
Real_ETH,ETH,1.5,Concept,51,2059,19,True
Real_ETH,ETH,1.5,Concept,52,2090,21,True
Real_ETH,ETH,1.5,Concept,53,2121,19,True
Real_ETH,ETH,1.5,Concept,54,2151,19,True
Real_ETH,ETH,1.5,Concept,55,2182,19,True
Real_ETH,ETH,1.5,Concept,56,2212,22,True
Real_ETH,ETH,1.5,Concept,57,2243,24,True
Real_ETH,ETH,1.5,Concept,58,2274,19,True
Real_ETH,ETH,1.5,Concept,59,2303,26,True
Real_ETH,ETH,1.5,Concept,60,2334,31,True
Real_ETH,ETH,1.5,Concept,61,2364,21,True
Real_ETH,ETH,1.5,Concept,62,2395,21,True
Real_ETH,ETH,1.5,Concept,63,2425,29,True
Real_ETH,ETH,1.5,Concept,64,2456,28,True
Real_ETH,ETH,1.5,Concept,65,2487,24,True
Real_ETH,ETH,1.5,Concept,66,2517,20,True
Real_ETH,ETH,1.5,Concept,67,2548,19,True
Real_ETH,ETH,1.5,Concept,68,2578,29,True
Real_ETH,ETH,1.5,Concept,69,2609,24,True
Real_ETH,ETH,1.5,Concept,70,2640,28,True
Real_ETH,ETH,1.5,Concept,71,2668,26,True
Real_ETH,ETH,1.5,Eco,0,507,32,True
Real_ETH,ETH,1.5,Eco,1,537,30,True
Real_ETH,ETH,1.5,Eco,2,568,32,True
Real_ETH,ETH,1.5,Eco,3,598,35,True
Real_ETH,ETH,1.5,Eco,4,629,33,True
Real_ETH,ETH,1.5,Eco,5,660,32,True
Real_ETH,ETH,1.5,Eco,6,690,31,True
Real_ETH,ETH,1.5,Eco,7,721,34,True
Real_ETH,ETH,1.5,Eco,8,751,33,True
Real_ETH,ETH,1.5,Eco,9,782,29,True
Real_ETH,ETH,1.5,Eco,10,813,33,True
Real_ETH,ETH,1.5,Eco,11,842,51,True
Real_ETH,ETH,1.5,Eco,12,873,36,True
Real_ETH,ETH,1.5,Eco,13,903,37,True
Real_ETH,ETH,1.5,Eco,14,934,36,True
Real_ETH,ETH,1.5,Eco,15,964,33,True
Real_ETH,ETH,1.5,Eco,16,995,40,True
Real_ETH,ETH,1.5,Eco,17,1026,43,True
Real_ETH,ETH,1.5,Eco,18,1056,36,True
Real_ETH,ETH,1.5,Eco,19,1087,38,True
Real_ETH,ETH,1.5,Eco,20,1117,37,True
Real_ETH,ETH,1.5,Eco,21,1148,42,True
Real_ETH,ETH,1.5,Eco,22,1179,44,True
Real_ETH,ETH,1.5,Eco,23,1207,40,True
Real_ETH,ETH,1.5,Eco,24,1238,37,True
Real_ETH,ETH,1.5,Eco,25,1268,57,True
Real_ETH,ETH,1.5,Eco,26,1299,50,True
Real_ETH,ETH,1.5,Eco,27,1329,39,True
Real_ETH,ETH,1.5,Eco,28,1360,38,True
Real_ETH,ETH,1.5,Eco,29,1391,43,True
Real_ETH,ETH,1.5,Eco,30,1421,38,True
Real_ETH,ETH,1.5,Eco,31,1452,40,True
Real_ETH,ETH,1.5,Eco,32,1482,42,True
Real_ETH,ETH,1.5,Eco,33,1513,39,True
Real_ETH,ETH,1.5,Eco,34,1544,40,True
Real_ETH,ETH,1.5,Eco,35,1572,37,True
Real_ETH,ETH,1.5,Eco,36,1603,39,True
Real_ETH,ETH,1.5,Eco,37,1633,49,True
Real_ETH,ETH,1.5,Eco,38,1664,45,True
Real_ETH,ETH,1.5,Eco,39,1694,37,True
Real_ETH,ETH,1.5,Eco,40,1725,39,True
Real_ETH,ETH,1.5,Eco,41,1756,39,True
Real_ETH,ETH,1.5,Eco,42,1786,33,True
Real_ETH,ETH,1.5,Eco,43,1817,39,True
Real_ETH,ETH,1.5,Eco,44,1847,33,True
Real_ETH,ETH,1.5,Eco,45,1878,31,True
Real_ETH,ETH,1.5,Eco,46,1909,35,True
Real_ETH,ETH,1.5,Eco,47,1937,34,True
Real_ETH,ETH,1.5,Eco,48,1968,34,True
Real_ETH,ETH,1.5,Eco,49,1998,36,True
Real_ETH,ETH,1.5,Eco,50,2029,37,True
Real_ETH,ETH,1.5,Eco,51,2059,38,True
Real_ETH,ETH,1.5,Eco,52,2090,37,True
Real_ETH,ETH,1.5,Eco,53,2121,38,True
Real_ETH,ETH,1.5,Eco,54,2151,36,True
Real_ETH,ETH,1.5,Eco,55,2182,37,True
Real_ETH,ETH,1.5,Eco,56,2212,38,True
Real_ETH,ETH,1.5,Eco,57,2243,38,True
Real_ETH,ETH,1.5,Eco,58,2274,31,True
Real_ETH,ETH,1.5,Eco,59,2303,44,True
Real_ETH,ETH,1.5,Eco,60,2334,42,True
Real_ETH,ETH,1.5,Eco,61,2364,38,True
Real_ETH,ETH,1.5,Eco,62,2395,43,True
Real_ETH,ETH,1.5,Eco,63,2425,47,True
Real_ETH,ETH,1.5,Eco,64,2456,42,True
Real_ETH,ETH,1.5,Eco,65,2487,37,True
Real_ETH,ETH,1.5,Eco,66,2517,36,True
Real_ETH,ETH,1.5,Eco,67,2548,32,True
Real_ETH,ETH,1.5,Eco,68,2578,40,True
Real_ETH,ETH,1.5,Eco,69,2609,39,True
Real_ETH,ETH,1.5,Eco,70,2640,43,True
Real_ETH,ETH,1.5,Eco,71,2668,39,True
Synth_BTC,BTC,0.10000000000000001,Concept,0,516,-1,False
Synth_BTC,BTC,0.10000000000000001,Concept,1,546,-1,False
Synth_BTC,BTC,0.10000000000000001,Concept,2,577,486,True
Synth_BTC,BTC,0.10000000000000001,Concept,3,608,455,True
Synth_BTC,BTC,0.10000000000000001,Concept,4,638,425,True
Synth_BTC,BTC,0.10000000000000001,Concept,5,669,394,True
Synth_BTC,BTC,0.10000000000000001,Concept,6,699,364,True
Synth_BTC,BTC,0.10000000000000001,Concept,7,730,333,True
Synth_BTC,BTC,0.10000000000000001,Concept,8,761,302,True
Synth_BTC,BTC,0.10000000000000001,Concept,9,789,286,True
Synth_BTC,BTC,0.10000000000000001,Concept,10,820,255,True
Synth_BTC,BTC,0.10000000000000001,Concept,11,850,226,True
Synth_BTC,BTC,0.10000000000000001,Concept,12,881,199,True
Synth_BTC,BTC,0.10000000000000001,Concept,13,911,184,True
Synth_BTC,BTC,0.10000000000000001,Concept,14,942,133,True
Synth_BTC,BTC,0.10000000000000001,Concept,15,973,103,True
Synth_BTC,BTC,0.10000000000000001,Concept,16,1003,84,True
Synth_BTC,BTC,0.10000000000000001,Concept,17,1034,-1,False
Synth_BTC,BTC,0.10000000000000001,Concept,18,1064,-1,False
Synth_BTC,BTC,0.10000000000000001,Concept,19,1095,-1,False
Synth_BTC,BTC,0.10000000000000001,Concept,20,1126,-1,False
Synth_BTC,BTC,0.10000000000000001,Concept,21,1154,-1,False
Synth_BTC,BTC,0.10000000000000001,Concept,22,1185,-1,False
Synth_BTC,BTC,0.10000000000000001,Concept,23,1215,-1,False
Synth_BTC,BTC,0.10000000000000001,Concept,24,1246,-1,False
Synth_BTC,BTC,0.10000000000000001,Concept,25,1276,-1,False
Synth_BTC,BTC,0.10000000000000001,Concept,26,1307,-1,False
Synth_BTC,BTC,0.10000000000000001,Concept,27,1338,-1,False
Synth_BTC,BTC,0.10000000000000001,Concept,28,1368,-1,False
Synth_BTC,BTC,0.10000000000000001,Concept,29,1399,-1,False
Synth_BTC,BTC,0.10000000000000001,Concept,30,1429,-1,False
Synth_BTC,BTC,0.10000000000000001,Concept,31,1460,-1,False
Synth_BTC,BTC,0.10000000000000001,Concept,32,1491,-1,False
Synth_BTC,BTC,0.10000000000000001,Concept,33,1519,-1,False
Synth_BTC,BTC,0.10000000000000001,Concept,34,1550,-1,False
Synth_BTC,BTC,0.10000000000000001,Concept,35,1580,-1,False
Synth_BTC,BTC,0.10000000000000001,Concept,36,1611,-1,False
Synth_BTC,BTC,0.10000000000000001,Concept,37,1641,-1,False
Synth_BTC,BTC,0.10000000000000001,Concept,38,1672,-1,False
Synth_BTC,BTC,0.10000000000000001,Concept,39,1703,-1,False
Synth_BTC,BTC,0.10000000000000001,Concept,40,1733,-1,False
Synth_BTC,BTC,0.10000000000000001,Concept,41,1764,-1,False
Synth_BTC,BTC,0.10000000000000001,Concept,42,1794,-1,False
Synth_BTC,BTC,0.10000000000000001,Concept,43,1825,-1,False
Synth_BTC,BTC,0.10000000000000001,Concept,44,1856,-1,False
Synth_BTC,BTC,0.10000000000000001,Concept,45,1885,-1,False
Synth_BTC,BTC,0.10000000000000001,Concept,46,1916,-1,False
Synth_BTC,BTC,0.10000000000000001,Concept,47,1946,-1,False
Synth_BTC,BTC,0.10000000000000001,Concept,48,1977,-1,False
Synth_BTC,BTC,0.10000000000000001,Concept,49,2007,-1,False
Synth_BTC,BTC,0.10000000000000001,Concept,50,2038,-1,False
Synth_BTC,BTC,0.10000000000000001,Concept,51,2069,-1,False
Synth_BTC,BTC,0.10000000000000001,Concept,52,2099,-1,False
Synth_BTC,BTC,0.10000000000000001,Concept,53,2130,-1,False
Synth_BTC,BTC,0.10000000000000001,Concept,54,2160,-1,False
Synth_BTC,BTC,0.10000000000000001,Concept,55,2191,-1,False
Synth_BTC,BTC,0.10000000000000001,Concept,56,2222,-1,False
Synth_BTC,BTC,0.10000000000000001,Concept,57,2250,-1,False
Synth_BTC,BTC,0.10000000000000001,Concept,58,2281,-1,False
Synth_BTC,BTC,0.10000000000000001,Concept,59,2311,-1,False
Synth_BTC,BTC,0.10000000000000001,Concept,60,2342,-1,False
Synth_BTC,BTC,0.10000000000000001,Concept,61,2372,-1,False
Synth_BTC,BTC,0.10000000000000001,Concept,62,2403,-1,False
Synth_BTC,BTC,0.10000000000000001,Concept,63,2434,-1,False
Synth_BTC,BTC,0.10000000000000001,Concept,64,2464,-1,False
Synth_BTC,BTC,0.10000000000000001,Concept,65,2495,484,True
Synth_BTC,BTC,0.10000000000000001,Concept,66,2525,454,True
Synth_BTC,BTC,0.10000000000000001,Concept,67,2556,423,True
Synth_BTC,BTC,0.10000000000000001,Concept,68,2587,392,True
Synth_BTC,BTC,0.10000000000000001,Concept,69,2615,345,True
Synth_BTC,BTC,0.10000000000000001,Concept,70,2646,314,True
Synth_BTC,BTC,0.10000000000000001,Concept,71,2676,303,True
Synth_BTC,BTC,0.10000000000000001,Concept,72,2707,272,True
Synth_BTC,BTC,0.10000000000000001,Concept,73,2737,242,True
Synth_BTC,BTC,0.10000000000000001,Concept,74,2768,211,True
Synth_BTC,BTC,0.10000000000000001,Concept,75,2799,180,True
Synth_BTC,BTC,0.10000000000000001,Concept,76,2829,150,True
Synth_BTC,BTC,0.10000000000000001,Concept,77,2860,119,True
Synth_BTC,BTC,0.10000000000000001,Concept,78,2890,89,True
Synth_BTC,BTC,0.10000000000000001,Concept,79,2921,58,True
Synth_BTC,BTC,0.10000000000000001,Concept,80,2952,-1,False
Synth_BTC,BTC,0.10000000000000001,Concept,81,2980,-1,False
Synth_BTC,BTC,0.10000000000000001,Concept,82,3011,-1,False
Synth_BTC,BTC,0.10000000000000001,Concept,83,3041,-1,False
Synth_BTC,BTC,0.10000000000000001,Concept,84,3072,-1,False
Synth_BTC,BTC,0.10000000000000001,Concept,85,3102,-1,False
Synth_BTC,BTC,0.10000000000000001,Concept,86,3133,-1,False
Synth_BTC,BTC,0.10000000000000001,Concept,87,3164,-1,False
Synth_BTC,BTC,0.10000000000000001,Concept,88,3194,-1,False
Synth_BTC,BTC,0.10000000000000001,Concept,89,3225,-1,False
Synth_BTC,BTC,0.10000000000000001,Concept,90,3255,-1,False
Synth_BTC,BTC,0.10000000000000001,Concept,91,3286,-1,False
Synth_BTC,BTC,0.10000000000000001,Concept,92,3317,-1,False
Synth_BTC,BTC,0.10000000000000001,Concept,93,3346,-1,False
Synth_BTC,BTC,0.10000000000000001,Concept,94,3377,-1,False
Synth_BTC,BTC,0.10000000000000001,Concept,95,3407,-1,False
Synth_BTC,BTC,0.10000000000000001,Concept,96,3438,-1,False
Synth_BTC,BTC,0.10000000000000001,Concept,97,3468,-1,False
Synth_BTC,BTC,0.10000000000000001,Concept,98,3499,-1,False
Synth_BTC,BTC,0.10000000000000001,Concept,99,3530,-1,False
Synth_BTC,BTC,0.10000000000000001,Concept,100,3560,-1,False
Synth_BTC,BTC,0.10000000000000001,Concept,101,3591,-1,False
Synth_BTC,BTC,0.10000000000000001,Concept,102,3621,-1,False
Synth_BTC,BTC,0.10000000000000001,Concept,103,3652,-1,False
Synth_BTC,BTC,0.10000000000000001,Concept,104,3683,-1,False
Synth_BTC,BTC,0.10000000000000001,Concept,105,3711,-1,False
Synth_BTC,BTC,0.10000000000000001,Eco,0,516,287,True
Synth_BTC,BTC,0.10000000000000001,Eco,1,546,287,True
Synth_BTC,BTC,0.10000000000000001,Eco,2,577,257,True
Synth_BTC,BTC,0.10000000000000001,Eco,3,608,265,True
Synth_BTC,BTC,0.10000000000000001,Eco,4,638,241,True
Synth_BTC,BTC,0.10000000000000001,Eco,5,669,213,True
Synth_BTC,BTC,0.10000000000000001,Eco,6,699,174,True
Synth_BTC,BTC,0.10000000000000001,Eco,7,730,143,True
Synth_BTC,BTC,0.10000000000000001,Eco,8,761,280,True
Synth_BTC,BTC,0.10000000000000001,Eco,9,789,264,True
Synth_BTC,BTC,0.10000000000000001,Eco,10,820,262,True
Synth_BTC,BTC,0.10000000000000001,Eco,11,850,237,True
Synth_BTC,BTC,0.10000000000000001,Eco,12,881,-1,False
Synth_BTC,BTC,0.10000000000000001,Eco,13,911,-1,False
Synth_BTC,BTC,0.10000000000000001,Eco,14,942,153,True
Synth_BTC,BTC,0.10000000000000001,Eco,15,973,122,True
Synth_BTC,BTC,0.10000000000000001,Eco,16,1003,416,True
Synth_BTC,BTC,0.10000000000000001,Eco,17,1034,-1,False
Synth_BTC,BTC,0.10000000000000001,Eco,18,1064,-1,False
Synth_BTC,BTC,0.10000000000000001,Eco,19,1095,-1,False
Synth_BTC,BTC,0.10000000000000001,Eco,20,1126,-1,False
Synth_BTC,BTC,0.10000000000000001,Eco,21,1154,-1,False
Synth_BTC,BTC,0.10000000000000001,Eco,22,1185,-1,False
Synth_BTC,BTC,0.10000000000000001,Eco,23,1215,-1,False
Synth_BTC,BTC,0.10000000000000001,Eco,24,1246,-1,False
Synth_BTC,BTC,0.10000000000000001,Eco,25,1276,-1,False
Synth_BTC,BTC,0.10000000000000001,Eco,26,1307,-1,False
Synth_BTC,BTC,0.10000000000000001,Eco,27,1338,-1,False
Synth_BTC,BTC,0.10000000000000001,Eco,28,1368,-1,False
Synth_BTC,BTC,0.10000000000000001,Eco,29,1399,-1,False
Synth_BTC,BTC,0.10000000000000001,Eco,30,1429,-1,False
Synth_BTC,BTC,0.10000000000000001,Eco,31,1460,-1,False
Synth_BTC,BTC,0.10000000000000001,Eco,32,1491,-1,False
Synth_BTC,BTC,0.10000000000000001,Eco,33,1519,-1,False
Synth_BTC,BTC,0.10000000000000001,Eco,34,1550,-1,False
Synth_BTC,BTC,0.10000000000000001,Eco,35,1580,-1,False
Synth_BTC,BTC,0.10000000000000001,Eco,36,1611,-1,False
Synth_BTC,BTC,0.10000000000000001,Eco,37,1641,473,True
Synth_BTC,BTC,0.10000000000000001,Eco,38,1672,-1,False
Synth_BTC,BTC,0.10000000000000001,Eco,39,1703,-1,False
Synth_BTC,BTC,0.10000000000000001,Eco,40,1733,-1,False
Synth_BTC,BTC,0.10000000000000001,Eco,41,1764,-1,False
Synth_BTC,BTC,0.10000000000000001,Eco,42,1794,-1,False
Synth_BTC,BTC,0.10000000000000001,Eco,43,1825,-1,False
Synth_BTC,BTC,0.10000000000000001,Eco,44,1856,-1,False
Synth_BTC,BTC,0.10000000000000001,Eco,45,1885,-1,False
Synth_BTC,BTC,0.10000000000000001,Eco,46,1916,-1,False
Synth_BTC,BTC,0.10000000000000001,Eco,47,1946,-1,False
Synth_BTC,BTC,0.10000000000000001,Eco,48,1977,-1,False
Synth_BTC,BTC,0.10000000000000001,Eco,49,2007,-1,False
Synth_BTC,BTC,0.10000000000000001,Eco,50,2038,-1,False
Synth_BTC,BTC,0.10000000000000001,Eco,51,2069,-1,False
Synth_BTC,BTC,0.10000000000000001,Eco,52,2099,-1,False
Synth_BTC,BTC,0.10000000000000001,Eco,53,2130,-1,False
Synth_BTC,BTC,0.10000000000000001,Eco,54,2160,-1,False
Synth_BTC,BTC,0.10000000000000001,Eco,55,2191,-1,False
Synth_BTC,BTC,0.10000000000000001,Eco,56,2222,-1,False
Synth_BTC,BTC,0.10000000000000001,Eco,57,2250,-1,False
Synth_BTC,BTC,0.10000000000000001,Eco,58,2281,-1,False
Synth_BTC,BTC,0.10000000000000001,Eco,59,2311,-1,False
Synth_BTC,BTC,0.10000000000000001,Eco,60,2342,-1,False
Synth_BTC,BTC,0.10000000000000001,Eco,61,2372,-1,False
Synth_BTC,BTC,0.10000000000000001,Eco,62,2403,-1,False
Synth_BTC,BTC,0.10000000000000001,Eco,63,2434,-1,False
Synth_BTC,BTC,0.10000000000000001,Eco,64,2464,-1,False
Synth_BTC,BTC,0.10000000000000001,Eco,65,2495,-1,False
Synth_BTC,BTC,0.10000000000000001,Eco,66,2525,-1,False
Synth_BTC,BTC,0.10000000000000001,Eco,67,2556,-1,False
Synth_BTC,BTC,0.10000000000000001,Eco,68,2587,-1,False
Synth_BTC,BTC,0.10000000000000001,Eco,69,2615,-1,False
Synth_BTC,BTC,0.10000000000000001,Eco,70,2646,490,True
Synth_BTC,BTC,0.10000000000000001,Eco,71,2676,-1,False
Synth_BTC,BTC,0.10000000000000001,Eco,72,2707,-1,False
Synth_BTC,BTC,0.10000000000000001,Eco,73,2737,402,True
Synth_BTC,BTC,0.10000000000000001,Eco,74,2768,373,True
Synth_BTC,BTC,0.10000000000000001,Eco,75,2799,-1,False
Synth_BTC,BTC,0.10000000000000001,Eco,76,2829,-1,False
Synth_BTC,BTC,0.10000000000000001,Eco,77,2860,-1,False
Synth_BTC,BTC,0.10000000000000001,Eco,78,2890,246,True
Synth_BTC,BTC,0.10000000000000001,Eco,79,2921,216,True
Synth_BTC,BTC,0.10000000000000001,Eco,80,2952,-1,False
Synth_BTC,BTC,0.10000000000000001,Eco,81,2980,-1,False
Synth_BTC,BTC,0.10000000000000001,Eco,82,3011,-1,False
Synth_BTC,BTC,0.10000000000000001,Eco,83,3041,-1,False
Synth_BTC,BTC,0.10000000000000001,Eco,84,3072,-1,False
Synth_BTC,BTC,0.10000000000000001,Eco,85,3102,-1,False
Synth_BTC,BTC,0.10000000000000001,Eco,86,3133,-1,False
Synth_BTC,BTC,0.10000000000000001,Eco,87,3164,-1,False
Synth_BTC,BTC,0.10000000000000001,Eco,88,3194,-1,False
Synth_BTC,BTC,0.10000000000000001,Eco,89,3225,-1,False
Synth_BTC,BTC,0.10000000000000001,Eco,90,3255,452,True
Synth_BTC,BTC,0.10000000000000001,Eco,91,3286,448,True
Synth_BTC,BTC,0.10000000000000001,Eco,92,3317,-1,False
Synth_BTC,BTC,0.10000000000000001,Eco,93,3346,-1,False
Synth_BTC,BTC,0.10000000000000001,Eco,94,3377,-1,False
Synth_BTC,BTC,0.10000000000000001,Eco,95,3407,-1,False
Synth_BTC,BTC,0.10000000000000001,Eco,96,3438,-1,False
Synth_BTC,BTC,0.10000000000000001,Eco,97,3468,266,True
Synth_BTC,BTC,0.10000000000000001,Eco,98,3499,235,True
Synth_BTC,BTC,0.10000000000000001,Eco,99,3530,203,True
Synth_BTC,BTC,0.10000000000000001,Eco,100,3560,173,True
Synth_BTC,BTC,0.10000000000000001,Eco,101,3591,142,True
Synth_BTC,BTC,0.10000000000000001,Eco,102,3621,377,True
Synth_BTC,BTC,0.10000000000000001,Eco,103,3652,456,True
Synth_BTC,BTC,0.10000000000000001,Eco,104,3683,-1,False
Synth_BTC,BTC,0.10000000000000001,Eco,105,3711,-1,False
Synth_BTC,BTC,0.14999999999999999,Concept,0,516,-1,False
Synth_BTC,BTC,0.14999999999999999,Concept,1,546,-1,False
Synth_BTC,BTC,0.14999999999999999,Concept,2,577,475,True
Synth_BTC,BTC,0.14999999999999999,Concept,3,608,454,True
Synth_BTC,BTC,0.14999999999999999,Concept,4,638,406,True
Synth_BTC,BTC,0.14999999999999999,Concept,5,669,376,True
Synth_BTC,BTC,0.14999999999999999,Concept,6,699,343,True
Synth_BTC,BTC,0.14999999999999999,Concept,7,730,315,True
Synth_BTC,BTC,0.14999999999999999,Concept,8,761,301,True
Synth_BTC,BTC,0.14999999999999999,Concept,9,789,274,True
Synth_BTC,BTC,0.14999999999999999,Concept,10,820,243,True
Synth_BTC,BTC,0.14999999999999999,Concept,11,850,213,True
Synth_BTC,BTC,0.14999999999999999,Concept,12,881,182,True
Synth_BTC,BTC,0.14999999999999999,Concept,13,911,164,True
Synth_BTC,BTC,0.14999999999999999,Concept,14,942,121,True
Synth_BTC,BTC,0.14999999999999999,Concept,15,973,90,True
Synth_BTC,BTC,0.14999999999999999,Concept,16,1003,77,True
Synth_BTC,BTC,0.14999999999999999,Concept,17,1034,61,True
Synth_BTC,BTC,0.14999999999999999,Concept,18,1064,-1,False
Synth_BTC,BTC,0.14999999999999999,Concept,19,1095,-1,False
Synth_BTC,BTC,0.14999999999999999,Concept,20,1126,-1,False
Synth_BTC,BTC,0.14999999999999999,Concept,21,1154,-1,False
Synth_BTC,BTC,0.14999999999999999,Concept,22,1185,-1,False
Synth_BTC,BTC,0.14999999999999999,Concept,23,1215,-1,False
Synth_BTC,BTC,0.14999999999999999,Concept,24,1246,-1,False
Synth_BTC,BTC,0.14999999999999999,Concept,25,1276,-1,False
Synth_BTC,BTC,0.14999999999999999,Concept,26,1307,-1,False
Synth_BTC,BTC,0.14999999999999999,Concept,27,1338,-1,False
Synth_BTC,BTC,0.14999999999999999,Concept,28,1368,-1,False
Synth_BTC,BTC,0.14999999999999999,Concept,29,1399,-1,False
Synth_BTC,BTC,0.14999999999999999,Concept,30,1429,-1,False
Synth_BTC,BTC,0.14999999999999999,Concept,31,1460,-1,False
Synth_BTC,BTC,0.14999999999999999,Concept,32,1491,-1,False
Synth_BTC,BTC,0.14999999999999999,Concept,33,1519,-1,False
Synth_BTC,BTC,0.14999999999999999,Concept,34,1550,-1,False
Synth_BTC,BTC,0.14999999999999999,Concept,35,1580,-1,False
Synth_BTC,BTC,0.14999999999999999,Concept,36,1611,-1,False
Synth_BTC,BTC,0.14999999999999999,Concept,37,1641,-1,False
Synth_BTC,BTC,0.14999999999999999,Concept,38,1672,-1,False
Synth_BTC,BTC,0.14999999999999999,Concept,39,1703,-1,False
Synth_BTC,BTC,0.14999999999999999,Concept,40,1733,-1,False
Synth_BTC,BTC,0.14999999999999999,Concept,41,1764,-1,False
Synth_BTC,BTC,0.14999999999999999,Concept,42,1794,-1,False
Synth_BTC,BTC,0.14999999999999999,Concept,43,1825,-1,False
Synth_BTC,BTC,0.14999999999999999,Concept,44,1856,202,True
Synth_BTC,BTC,0.14999999999999999,Concept,45,1885,173,True
Synth_BTC,BTC,0.14999999999999999,Concept,46,1916,-1,False
Synth_BTC,BTC,0.14999999999999999,Concept,47,1946,-1,False
Synth_BTC,BTC,0.14999999999999999,Concept,48,1977,-1,False
Synth_BTC,BTC,0.14999999999999999,Concept,49,2007,-1,False
Synth_BTC,BTC,0.14999999999999999,Concept,50,2038,-1,False
Synth_BTC,BTC,0.14999999999999999,Concept,51,2069,-1,False
Synth_BTC,BTC,0.14999999999999999,Concept,52,2099,-1,False
Synth_BTC,BTC,0.14999999999999999,Concept,53,2130,-1,False
Synth_BTC,BTC,0.14999999999999999,Concept,54,2160,-1,False
Synth_BTC,BTC,0.14999999999999999,Concept,55,2191,-1,False
Synth_BTC,BTC,0.14999999999999999,Concept,56,2222,-1,False
Synth_BTC,BTC,0.14999999999999999,Concept,57,2250,-1,False
Synth_BTC,BTC,0.14999999999999999,Concept,58,2281,-1,False
Synth_BTC,BTC,0.14999999999999999,Concept,59,2311,-1,False
Synth_BTC,BTC,0.14999999999999999,Concept,60,2342,-1,False
Synth_BTC,BTC,0.14999999999999999,Concept,61,2372,-1,False
Synth_BTC,BTC,0.14999999999999999,Concept,62,2403,-1,False
Synth_BTC,BTC,0.14999999999999999,Concept,63,2434,-1,False
Synth_BTC,BTC,0.14999999999999999,Concept,64,2464,-1,False
Synth_BTC,BTC,0.14999999999999999,Concept,65,2495,484,True
Synth_BTC,BTC,0.14999999999999999,Concept,66,2525,435,True
Synth_BTC,BTC,0.14999999999999999,Concept,67,2556,404,True
Synth_BTC,BTC,0.14999999999999999,Concept,68,2587,373,True
Synth_BTC,BTC,0.14999999999999999,Concept,69,2615,340,True
Synth_BTC,BTC,0.14999999999999999,Concept,70,2646,309,True
Synth_BTC,BTC,0.14999999999999999,Concept,71,2676,284,True
Synth_BTC,BTC,0.14999999999999999,Concept,72,2707,253,True
Synth_BTC,BTC,0.14999999999999999,Concept,73,2737,223,True
Synth_BTC,BTC,0.14999999999999999,Concept,74,2768,192,True
Synth_BTC,BTC,0.14999999999999999,Concept,75,2799,161,True
Synth_BTC,BTC,0.14999999999999999,Concept,76,2829,131,True
Synth_BTC,BTC,0.14999999999999999,Concept,77,2860,100,True
Synth_BTC,BTC,0.14999999999999999,Concept,78,2890,65,True
Synth_BTC,BTC,0.14999999999999999,Concept,79,2921,39,True
Synth_BTC,BTC,0.14999999999999999,Concept,80,2952,-1,False
Synth_BTC,BTC,0.14999999999999999,Concept,81,2980,-1,False
Synth_BTC,BTC,0.14999999999999999,Concept,82,3011,-1,False
Synth_BTC,BTC,0.14999999999999999,Concept,83,3041,-1,False
Synth_BTC,BTC,0.14999999999999999,Concept,84,3072,-1,False
Synth_BTC,BTC,0.14999999999999999,Concept,85,3102,-1,False
Synth_BTC,BTC,0.14999999999999999,Concept,86,3133,-1,False
Synth_BTC,BTC,0.14999999999999999,Concept,87,3164,-1,False
Synth_BTC,BTC,0.14999999999999999,Concept,88,3194,-1,False
Synth_BTC,BTC,0.14999999999999999,Concept,89,3225,-1,False
Synth_BTC,BTC,0.14999999999999999,Concept,90,3255,-1,False
Synth_BTC,BTC,0.14999999999999999,Concept,91,3286,-1,False
Synth_BTC,BTC,0.14999999999999999,Concept,92,3317,-1,False
Synth_BTC,BTC,0.14999999999999999,Concept,93,3346,-1,False
Synth_BTC,BTC,0.14999999999999999,Concept,94,3377,-1,False
Synth_BTC,BTC,0.14999999999999999,Concept,95,3407,-1,False
Synth_BTC,BTC,0.14999999999999999,Concept,96,3438,-1,False
Synth_BTC,BTC,0.14999999999999999,Concept,97,3468,-1,False
Synth_BTC,BTC,0.14999999999999999,Concept,98,3499,-1,False
Synth_BTC,BTC,0.14999999999999999,Concept,99,3530,-1,False
Synth_BTC,BTC,0.14999999999999999,Concept,100,3560,-1,False
Synth_BTC,BTC,0.14999999999999999,Concept,101,3591,-1,False
Synth_BTC,BTC,0.14999999999999999,Concept,102,3621,481,True
Synth_BTC,BTC,0.14999999999999999,Concept,103,3652,450,True
Synth_BTC,BTC,0.14999999999999999,Concept,104,3683,424,True
Synth_BTC,BTC,0.14999999999999999,Concept,105,3711,-1,False
Synth_BTC,BTC,0.14999999999999999,Eco,0,516,103,True
Synth_BTC,BTC,0.14999999999999999,Eco,1,546,246,True
Synth_BTC,BTC,0.14999999999999999,Eco,2,577,234,True
Synth_BTC,BTC,0.14999999999999999,Eco,3,608,224,True
Synth_BTC,BTC,0.14999999999999999,Eco,4,638,198,True
Synth_BTC,BTC,0.14999999999999999,Eco,5,669,169,True
Synth_BTC,BTC,0.14999999999999999,Eco,6,699,135,True
Synth_BTC,BTC,0.14999999999999999,Eco,7,730,103,True
Synth_BTC,BTC,0.14999999999999999,Eco,8,761,121,True
Synth_BTC,BTC,0.14999999999999999,Eco,9,789,245,True
Synth_BTC,BTC,0.14999999999999999,Eco,10,820,239,True
Synth_BTC,BTC,0.14999999999999999,Eco,11,850,221,True
Synth_BTC,BTC,0.14999999999999999,Eco,12,881,202,True
Synth_BTC,BTC,0.14999999999999999,Eco,13,911,174,True
Synth_BTC,BTC,0.14999999999999999,Eco,14,942,140,True
Synth_BTC,BTC,0.14999999999999999,Eco,15,973,109,True
Synth_BTC,BTC,0.14999999999999999,Eco,16,1003,82,True
Synth_BTC,BTC,0.14999999999999999,Eco,17,1034,73,True
Synth_BTC,BTC,0.14999999999999999,Eco,18,1064,-1,False
Synth_BTC,BTC,0.14999999999999999,Eco,19,1095,-1,False
Synth_BTC,BTC,0.14999999999999999,Eco,20,1126,-1,False
Synth_BTC,BTC,0.14999999999999999,Eco,21,1154,-1,False
Synth_BTC,BTC,0.14999999999999999,Eco,22,1185,-1,False
Synth_BTC,BTC,0.14999999999999999,Eco,23,1215,-1,False
Synth_BTC,BTC,0.14999999999999999,Eco,24,1246,-1,False
Synth_BTC,BTC,0.14999999999999999,Eco,25,1276,-1,False
Synth_BTC,BTC,0.14999999999999999,Eco,26,1307,-1,False
Synth_BTC,BTC,0.14999999999999999,Eco,27,1338,-1,False
Synth_BTC,BTC,0.14999999999999999,Eco,28,1368,-1,False
Synth_BTC,BTC,0.14999999999999999,Eco,29,1399,-1,False
Synth_BTC,BTC,0.14999999999999999,Eco,30,1429,-1,False
Synth_BTC,BTC,0.14999999999999999,Eco,31,1460,-1,False
Synth_BTC,BTC,0.14999999999999999,Eco,32,1491,-1,False
Synth_BTC,BTC,0.14999999999999999,Eco,33,1519,-1,False
Synth_BTC,BTC,0.14999999999999999,Eco,34,1550,-1,False
Synth_BTC,BTC,0.14999999999999999,Eco,35,1580,480,True
Synth_BTC,BTC,0.14999999999999999,Eco,36,1611,298,True
Synth_BTC,BTC,0.14999999999999999,Eco,37,1641,354,True
Synth_BTC,BTC,0.14999999999999999,Eco,38,1672,332,True
Synth_BTC,BTC,0.14999999999999999,Eco,39,1703,356,True
Synth_BTC,BTC,0.14999999999999999,Eco,40,1733,379,True
Synth_BTC,BTC,0.14999999999999999,Eco,41,1764,292,True
Synth_BTC,BTC,0.14999999999999999,Eco,42,1794,264,True
Synth_BTC,BTC,0.14999999999999999,Eco,43,1825,231,True
Synth_BTC,BTC,0.14999999999999999,Eco,44,1856,202,True
Synth_BTC,BTC,0.14999999999999999,Eco,45,1885,174,True
Synth_BTC,BTC,0.14999999999999999,Eco,46,1916,196,True
Synth_BTC,BTC,0.14999999999999999,Eco,47,1946,167,True
Synth_BTC,BTC,0.14999999999999999,Eco,48,1977,166,True
Synth_BTC,BTC,0.14999999999999999,Eco,49,2007,-1,False
Synth_BTC,BTC,0.14999999999999999,Eco,50,2038,-1,False
Synth_BTC,BTC,0.14999999999999999,Eco,51,2069,-1,False
Synth_BTC,BTC,0.14999999999999999,Eco,52,2099,-1,False
Synth_BTC,BTC,0.14999999999999999,Eco,53,2130,-1,False
Synth_BTC,BTC,0.14999999999999999,Eco,54,2160,-1,False
Synth_BTC,BTC,0.14999999999999999,Eco,55,2191,-1,False
Synth_BTC,BTC,0.14999999999999999,Eco,56,2222,-1,False
Synth_BTC,BTC,0.14999999999999999,Eco,57,2250,-1,False
Synth_BTC,BTC,0.14999999999999999,Eco,58,2281,-1,False
Synth_BTC,BTC,0.14999999999999999,Eco,59,2311,350,True
Synth_BTC,BTC,0.14999999999999999,Eco,60,2342,-1,False
Synth_BTC,BTC,0.14999999999999999,Eco,61,2372,334,True
Synth_BTC,BTC,0.14999999999999999,Eco,62,2403,-1,False
Synth_BTC,BTC,0.14999999999999999,Eco,63,2434,-1,False
Synth_BTC,BTC,0.14999999999999999,Eco,64,2464,-1,False
Synth_BTC,BTC,0.14999999999999999,Eco,65,2495,-1,False
Synth_BTC,BTC,0.14999999999999999,Eco,66,2525,-1,False
Synth_BTC,BTC,0.14999999999999999,Eco,67,2556,-1,False
Synth_BTC,BTC,0.14999999999999999,Eco,68,2587,-1,False
Synth_BTC,BTC,0.14999999999999999,Eco,69,2615,437,True
Synth_BTC,BTC,0.14999999999999999,Eco,70,2646,404,True
Synth_BTC,BTC,0.14999999999999999,Eco,71,2676,418,True
Synth_BTC,BTC,0.14999999999999999,Eco,72,2707,418,True
Synth_BTC,BTC,0.14999999999999999,Eco,73,2737,350,True
Synth_BTC,BTC,0.14999999999999999,Eco,74,2768,325,True
Synth_BTC,BTC,0.14999999999999999,Eco,75,2799,327,True
Synth_BTC,BTC,0.14999999999999999,Eco,76,2829,296,True
Synth_BTC,BTC,0.14999999999999999,Eco,77,2860,251,True
Synth_BTC,BTC,0.14999999999999999,Eco,78,2890,162,True
Synth_BTC,BTC,0.14999999999999999,Eco,79,2921,172,True
Synth_BTC,BTC,0.14999999999999999,Eco,80,2952,356,True
Synth_BTC,BTC,0.14999999999999999,Eco,81,2980,375,True
Synth_BTC,BTC,0.14999999999999999,Eco,82,3011,339,True
Synth_BTC,BTC,0.14999999999999999,Eco,83,3041,277,True
Synth_BTC,BTC,0.14999999999999999,Eco,84,3072,283,True
Synth_BTC,BTC,0.14999999999999999,Eco,85,3102,259,True
Synth_BTC,BTC,0.14999999999999999,Eco,86,3133,-1,False
Synth_BTC,BTC,0.14999999999999999,Eco,87,3164,444,True
Synth_BTC,BTC,0.14999999999999999,Eco,88,3194,434,True
Synth_BTC,BTC,0.14999999999999999,Eco,89,3225,421,True
Synth_BTC,BTC,0.14999999999999999,Eco,90,3255,373,True
Synth_BTC,BTC,0.14999999999999999,Eco,91,3286,370,True
Synth_BTC,BTC,0.14999999999999999,Eco,92,3317,392,True
Synth_BTC,BTC,0.14999999999999999,Eco,93,3346,361,True
Synth_BTC,BTC,0.14999999999999999,Eco,94,3377,329,True
Synth_BTC,BTC,0.14999999999999999,Eco,95,3407,302,True
Synth_BTC,BTC,0.14999999999999999,Eco,96,3438,269,True
Synth_BTC,BTC,0.14999999999999999,Eco,97,3468,237,True
Synth_BTC,BTC,0.14999999999999999,Eco,98,3499,200,True
Synth_BTC,BTC,0.14999999999999999,Eco,99,3530,168,True
Synth_BTC,BTC,0.14999999999999999,Eco,100,3560,138,True
Synth_BTC,BTC,0.14999999999999999,Eco,101,3591,114,True
Synth_BTC,BTC,0.14999999999999999,Eco,102,3621,197,True
Synth_BTC,BTC,0.14999999999999999,Eco,103,3652,265,True
Synth_BTC,BTC,0.14999999999999999,Eco,104,3683,310,True
Synth_BTC,BTC,0.14999999999999999,Eco,105,3711,400,True
Synth_BTC,BTC,0.20000000000000001,Concept,0,516,-1,False
Synth_BTC,BTC,0.20000000000000001,Concept,1,546,482,True
Synth_BTC,BTC,0.20000000000000001,Concept,2,577,453,True
Synth_BTC,BTC,0.20000000000000001,Concept,3,608,425,True
Synth_BTC,BTC,0.20000000000000001,Concept,4,638,375,True
Synth_BTC,BTC,0.20000000000000001,Concept,5,669,344,True
Synth_BTC,BTC,0.20000000000000001,Concept,6,699,314,True
Synth_BTC,BTC,0.20000000000000001,Concept,7,730,283,True
Synth_BTC,BTC,0.20000000000000001,Concept,8,761,267,True
Synth_BTC,BTC,0.20000000000000001,Concept,9,789,243,True
Synth_BTC,BTC,0.20000000000000001,Concept,10,820,224,True
Synth_BTC,BTC,0.20000000000000001,Concept,11,850,183,True
Synth_BTC,BTC,0.20000000000000001,Concept,12,881,171,True
Synth_BTC,BTC,0.20000000000000001,Concept,13,911,152,True
Synth_BTC,BTC,0.20000000000000001,Concept,14,942,102,True
Synth_BTC,BTC,0.20000000000000001,Concept,15,973,80,True
Synth_BTC,BTC,0.20000000000000001,Concept,16,1003,77,True
Synth_BTC,BTC,0.20000000000000001,Concept,17,1034,61,True
Synth_BTC,BTC,0.20000000000000001,Concept,18,1064,-1,False
Synth_BTC,BTC,0.20000000000000001,Concept,19,1095,-1,False
Synth_BTC,BTC,0.20000000000000001,Concept,20,1126,-1,False
Synth_BTC,BTC,0.20000000000000001,Concept,21,1154,-1,False
Synth_BTC,BTC,0.20000000000000001,Concept,22,1185,-1,False
Synth_BTC,BTC,0.20000000000000001,Concept,23,1215,-1,False
Synth_BTC,BTC,0.20000000000000001,Concept,24,1246,-1,False
Synth_BTC,BTC,0.20000000000000001,Concept,25,1276,-1,False
Synth_BTC,BTC,0.20000000000000001,Concept,26,1307,-1,False
Synth_BTC,BTC,0.20000000000000001,Concept,27,1338,-1,False
Synth_BTC,BTC,0.20000000000000001,Concept,28,1368,-1,False
Synth_BTC,BTC,0.20000000000000001,Concept,29,1399,-1,False
Synth_BTC,BTC,0.20000000000000001,Concept,30,1429,-1,False
Synth_BTC,BTC,0.20000000000000001,Concept,31,1460,-1,False
Synth_BTC,BTC,0.20000000000000001,Concept,32,1491,-1,False
Synth_BTC,BTC,0.20000000000000001,Concept,33,1519,-1,False
Synth_BTC,BTC,0.20000000000000001,Concept,34,1550,-1,False
Synth_BTC,BTC,0.20000000000000001,Concept,35,1580,-1,False
Synth_BTC,BTC,0.20000000000000001,Concept,36,1611,443,True
Synth_BTC,BTC,0.20000000000000001,Concept,37,1641,416,True
Synth_BTC,BTC,0.20000000000000001,Concept,38,1672,385,True
Synth_BTC,BTC,0.20000000000000001,Concept,39,1703,357,True
Synth_BTC,BTC,0.20000000000000001,Concept,40,1733,327,True
Synth_BTC,BTC,0.20000000000000001,Concept,41,1764,294,True
Synth_BTC,BTC,0.20000000000000001,Concept,42,1794,263,True
Synth_BTC,BTC,0.20000000000000001,Concept,43,1825,231,True
Synth_BTC,BTC,0.20000000000000001,Concept,44,1856,197,True
Synth_BTC,BTC,0.20000000000000001,Concept,45,1885,168,True
Synth_BTC,BTC,0.20000000000000001,Concept,46,1916,141,True
Synth_BTC,BTC,0.20000000000000001,Concept,47,1946,112,True
Synth_BTC,BTC,0.20000000000000001,Concept,48,1977,84,True
Synth_BTC,BTC,0.20000000000000001,Concept,49,2007,-1,False
Synth_BTC,BTC,0.20000000000000001,Concept,50,2038,-1,False
Synth_BTC,BTC,0.20000000000000001,Concept,51,2069,-1,False
Synth_BTC,BTC,0.20000000000000001,Concept,52,2099,-1,False
Synth_BTC,BTC,0.20000000000000001,Concept,53,2130,-1,False
Synth_BTC,BTC,0.20000000000000001,Concept,54,2160,-1,False
Synth_BTC,BTC,0.20000000000000001,Concept,55,2191,-1,False
Synth_BTC,BTC,0.20000000000000001,Concept,56,2222,-1,False
Synth_BTC,BTC,0.20000000000000001,Concept,57,2250,-1,False
Synth_BTC,BTC,0.20000000000000001,Concept,58,2281,-1,False
Synth_BTC,BTC,0.20000000000000001,Concept,59,2311,-1,False
Synth_BTC,BTC,0.20000000000000001,Concept,60,2342,-1,False
Synth_BTC,BTC,0.20000000000000001,Concept,61,2372,-1,False
Synth_BTC,BTC,0.20000000000000001,Concept,62,2403,-1,False
Synth_BTC,BTC,0.20000000000000001,Concept,63,2434,-1,False
Synth_BTC,BTC,0.20000000000000001,Concept,64,2464,496,True
Synth_BTC,BTC,0.20000000000000001,Concept,65,2495,465,True
Synth_BTC,BTC,0.20000000000000001,Concept,66,2525,430,True
Synth_BTC,BTC,0.20000000000000001,Concept,67,2556,396,True
Synth_BTC,BTC,0.20000000000000001,Concept,68,2587,365,True
Synth_BTC,BTC,0.20000000000000001,Concept,69,2615,337,True
Synth_BTC,BTC,0.20000000000000001,Concept,70,2646,306,True
Synth_BTC,BTC,0.20000000000000001,Concept,71,2676,276,True
Synth_BTC,BTC,0.20000000000000001,Concept,72,2707,248,True
Synth_BTC,BTC,0.20000000000000001,Concept,73,2737,215,True
Synth_BTC,BTC,0.20000000000000001,Concept,74,2768,184,True
Synth_BTC,BTC,0.20000000000000001,Concept,75,2799,153,True
Synth_BTC,BTC,0.20000000000000001,Concept,76,2829,123,True
Synth_BTC,BTC,0.20000000000000001,Concept,77,2860,93,True
Synth_BTC,BTC,0.20000000000000001,Concept,78,2890,63,True
Synth_BTC,BTC,0.20000000000000001,Concept,79,2921,39,True
Synth_BTC,BTC,0.20000000000000001,Concept,80,2952,-1,False
Synth_BTC,BTC,0.20000000000000001,Concept,81,2980,-1,False
Synth_BTC,BTC,0.20000000000000001,Concept,82,3011,-1,False
Synth_BTC,BTC,0.20000000000000001,Concept,83,3041,-1,False
Synth_BTC,BTC,0.20000000000000001,Concept,84,3072,-1,False
Synth_BTC,BTC,0.20000000000000001,Concept,85,3102,-1,False
Synth_BTC,BTC,0.20000000000000001,Concept,86,3133,-1,False
Synth_BTC,BTC,0.20000000000000001,Concept,87,3164,-1,False
Synth_BTC,BTC,0.20000000000000001,Concept,88,3194,-1,False
Synth_BTC,BTC,0.20000000000000001,Concept,89,3225,-1,False
Synth_BTC,BTC,0.20000000000000001,Concept,90,3255,-1,False
Synth_BTC,BTC,0.20000000000000001,Concept,91,3286,-1,False
Synth_BTC,BTC,0.20000000000000001,Concept,92,3317,-1,False
Synth_BTC,BTC,0.20000000000000001,Concept,93,3346,-1,False
Synth_BTC,BTC,0.20000000000000001,Concept,94,3377,-1,False
Synth_BTC,BTC,0.20000000000000001,Concept,95,3407,-1,False
Synth_BTC,BTC,0.20000000000000001,Concept,96,3438,-1,False
Synth_BTC,BTC,0.20000000000000001,Concept,97,3468,-1,False
Synth_BTC,BTC,0.20000000000000001,Concept,98,3499,208,True
Synth_BTC,BTC,0.20000000000000001,Concept,99,3530,177,True
Synth_BTC,BTC,0.20000000000000001,Concept,100,3560,439,True
Synth_BTC,BTC,0.20000000000000001,Concept,101,3591,116,True
Synth_BTC,BTC,0.20000000000000001,Concept,102,3621,115,True
Synth_BTC,BTC,0.20000000000000001,Concept,103,3652,347,True
Synth_BTC,BTC,0.20000000000000001,Concept,104,3683,316,True
Synth_BTC,BTC,0.20000000000000001,Concept,105,3711,373,True
Synth_BTC,BTC,0.20000000000000001,Eco,0,516,91,True
Synth_BTC,BTC,0.20000000000000001,Eco,1,546,121,True
Synth_BTC,BTC,0.20000000000000001,Eco,2,577,215,True
Synth_BTC,BTC,0.20000000000000001,Eco,3,608,203,True
Synth_BTC,BTC,0.20000000000000001,Eco,4,638,174,True
Synth_BTC,BTC,0.20000000000000001,Eco,5,669,163,True
Synth_BTC,BTC,0.20000000000000001,Eco,6,699,112,True
Synth_BTC,BTC,0.20000000000000001,Eco,7,730,81,True
Synth_BTC,BTC,0.20000000000000001,Eco,8,761,112,True
Synth_BTC,BTC,0.20000000000000001,Eco,9,789,124,True
Synth_BTC,BTC,0.20000000000000001,Eco,10,820,224,True
Synth_BTC,BTC,0.20000000000000001,Eco,11,850,199,True
Synth_BTC,BTC,0.20000000000000001,Eco,12,881,195,True
Synth_BTC,BTC,0.20000000000000001,Eco,13,911,169,True
Synth_BTC,BTC,0.20000000000000001,Eco,14,942,134,True
Synth_BTC,BTC,0.20000000000000001,Eco,15,973,105,True
Synth_BTC,BTC,0.20000000000000001,Eco,16,1003,77,True
Synth_BTC,BTC,0.20000000000000001,Eco,17,1034,61,True
Synth_BTC,BTC,0.20000000000000001,Eco,18,1064,338,True
Synth_BTC,BTC,0.20000000000000001,Eco,19,1095,-1,False
Synth_BTC,BTC,0.20000000000000001,Eco,20,1126,356,True
Synth_BTC,BTC,0.20000000000000001,Eco,21,1154,-1,False
Synth_BTC,BTC,0.20000000000000001,Eco,22,1185,-1,False
Synth_BTC,BTC,0.20000000000000001,Eco,23,1215,-1,False
Synth_BTC,BTC,0.20000000000000001,Eco,24,1246,-1,False
Synth_BTC,BTC,0.20000000000000001,Eco,25,1276,-1,False
Synth_BTC,BTC,0.20000000000000001,Eco,26,1307,-1,False
Synth_BTC,BTC,0.20000000000000001,Eco,27,1338,-1,False
Synth_BTC,BTC,0.20000000000000001,Eco,28,1368,-1,False
Synth_BTC,BTC,0.20000000000000001,Eco,29,1399,-1,False
Synth_BTC,BTC,0.20000000000000001,Eco,30,1429,-1,False
Synth_BTC,BTC,0.20000000000000001,Eco,31,1460,-1,False
Synth_BTC,BTC,0.20000000000000001,Eco,32,1491,-1,False
Synth_BTC,BTC,0.20000000000000001,Eco,33,1519,-1,False
Synth_BTC,BTC,0.20000000000000001,Eco,34,1550,447,True
Synth_BTC,BTC,0.20000000000000001,Eco,35,1580,327,True
Synth_BTC,BTC,0.20000000000000001,Eco,36,1611,187,True
Synth_BTC,BTC,0.20000000000000001,Eco,37,1641,161,True
Synth_BTC,BTC,0.20000000000000001,Eco,38,1672,228,True
Synth_BTC,BTC,0.20000000000000001,Eco,39,1703,301,True
Synth_BTC,BTC,0.20000000000000001,Eco,40,1733,273,True
Synth_BTC,BTC,0.20000000000000001,Eco,41,1764,240,True
Synth_BTC,BTC,0.20000000000000001,Eco,42,1794,212,True
Synth_BTC,BTC,0.20000000000000001,Eco,43,1825,181,True
Synth_BTC,BTC,0.20000000000000001,Eco,44,1856,179,True
Synth_BTC,BTC,0.20000000000000001,Eco,45,1885,150,True
Synth_BTC,BTC,0.20000000000000001,Eco,46,1916,142,True
Synth_BTC,BTC,0.20000000000000001,Eco,47,1946,113,True
Synth_BTC,BTC,0.20000000000000001,Eco,48,1977,135,True
Synth_BTC,BTC,0.20000000000000001,Eco,49,2007,338,True
Synth_BTC,BTC,0.20000000000000001,Eco,50,2038,360,True
Synth_BTC,BTC,0.20000000000000001,Eco,51,2069,492,True
Synth_BTC,BTC,0.20000000000000001,Eco,52,2099,499,True
Synth_BTC,BTC,0.20000000000000001,Eco,53,2130,-1,False
Synth_BTC,BTC,0.20000000000000001,Eco,54,2160,-1,False
Synth_BTC,BTC,0.20000000000000001,Eco,55,2191,370,True
Synth_BTC,BTC,0.20000000000000001,Eco,56,2222,318,True
Synth_BTC,BTC,0.20000000000000001,Eco,57,2250,311,True
Synth_BTC,BTC,0.20000000000000001,Eco,58,2281,283,True
Synth_BTC,BTC,0.20000000000000001,Eco,59,2311,204,True
Synth_BTC,BTC,0.20000000000000001,Eco,60,2342,256,True
Synth_BTC,BTC,0.20000000000000001,Eco,61,2372,224,True
Synth_BTC,BTC,0.20000000000000001,Eco,62,2403,301,True
Synth_BTC,BTC,0.20000000000000001,Eco,63,2434,-1,False
Synth_BTC,BTC,0.20000000000000001,Eco,64,2464,482,True
Synth_BTC,BTC,0.20000000000000001,Eco,65,2495,451,True
Synth_BTC,BTC,0.20000000000000001,Eco,66,2525,421,True
Synth_BTC,BTC,0.20000000000000001,Eco,67,2556,385,True
Synth_BTC,BTC,0.20000000000000001,Eco,68,2587,357,True
Synth_BTC,BTC,0.20000000000000001,Eco,69,2615,329,True
Synth_BTC,BTC,0.20000000000000001,Eco,70,2646,298,True
Synth_BTC,BTC,0.20000000000000001,Eco,71,2676,283,True
Synth_BTC,BTC,0.20000000000000001,Eco,72,2707,321,True
Synth_BTC,BTC,0.20000000000000001,Eco,73,2737,235,True
Synth_BTC,BTC,0.20000000000000001,Eco,74,2768,204,True
Synth_BTC,BTC,0.20000000000000001,Eco,75,2799,253,True
Synth_BTC,BTC,0.20000000000000001,Eco,76,2829,222,True
Synth_BTC,BTC,0.20000000000000001,Eco,77,2860,186,True
Synth_BTC,BTC,0.20000000000000001,Eco,78,2890,124,True
Synth_BTC,BTC,0.20000000000000001,Eco,79,2921,124,True
Synth_BTC,BTC,0.20000000000000001,Eco,80,2952,183,True
Synth_BTC,BTC,0.20000000000000001,Eco,81,2980,236,True
Synth_BTC,BTC,0.20000000000000001,Eco,82,3011,206,True
Synth_BTC,BTC,0.20000000000000001,Eco,83,3041,175,True
Synth_BTC,BTC,0.20000000000000001,Eco,84,3072,228,True
Synth_BTC,BTC,0.20000000000000001,Eco,85,3102,210,True
Synth_BTC,BTC,0.20000000000000001,Eco,86,3133,227,True
Synth_BTC,BTC,0.20000000000000001,Eco,87,3164,186,True
Synth_BTC,BTC,0.20000000000000001,Eco,88,3194,258,True
Synth_BTC,BTC,0.20000000000000001,Eco,89,3225,230,True
Synth_BTC,BTC,0.20000000000000001,Eco,90,3255,197,True
Synth_BTC,BTC,0.20000000000000001,Eco,91,3286,319,True
Synth_BTC,BTC,0.20000000000000001,Eco,92,3317,337,True
Synth_BTC,BTC,0.20000000000000001,Eco,93,3346,308,True
Synth_BTC,BTC,0.20000000000000001,Eco,94,3377,274,True
Synth_BTC,BTC,0.20000000000000001,Eco,95,3407,261,True
Synth_BTC,BTC,0.20000000000000001,Eco,96,3438,227,True
Synth_BTC,BTC,0.20000000000000001,Eco,97,3468,197,True
Synth_BTC,BTC,0.20000000000000001,Eco,98,3499,166,True
Synth_BTC,BTC,0.20000000000000001,Eco,99,3530,152,True
Synth_BTC,BTC,0.20000000000000001,Eco,100,3560,122,True
Synth_BTC,BTC,0.20000000000000001,Eco,101,3591,93,True
Synth_BTC,BTC,0.20000000000000001,Eco,102,3621,107,True
Synth_BTC,BTC,0.20000000000000001,Eco,103,3652,166,True
Synth_BTC,BTC,0.20000000000000001,Eco,104,3683,228,True
Synth_BTC,BTC,0.20000000000000001,Eco,105,3711,284,True
Synth_BTC,BTC,0.25,Concept,0,516,491,True
Synth_BTC,BTC,0.25,Concept,1,546,432,True
Synth_BTC,BTC,0.25,Concept,2,577,431,True
Synth_BTC,BTC,0.25,Concept,3,608,405,True
Synth_BTC,BTC,0.25,Concept,4,638,339,True
Synth_BTC,BTC,0.25,Concept,5,669,306,True
Synth_BTC,BTC,0.25,Concept,6,699,276,True
Synth_BTC,BTC,0.25,Concept,7,730,245,True
Synth_BTC,BTC,0.25,Concept,8,761,217,True
Synth_BTC,BTC,0.25,Concept,9,789,222,True
Synth_BTC,BTC,0.25,Concept,10,820,201,True
Synth_BTC,BTC,0.25,Concept,11,850,177,True
Synth_BTC,BTC,0.25,Concept,12,881,140,True
Synth_BTC,BTC,0.25,Concept,13,911,132,True
Synth_BTC,BTC,0.25,Concept,14,942,92,True
Synth_BTC,BTC,0.25,Concept,15,973,77,True
Synth_BTC,BTC,0.25,Concept,16,1003,60,True
Synth_BTC,BTC,0.25,Concept,17,1034,48,True
Synth_BTC,BTC,0.25,Concept,18,1064,267,True
Synth_BTC,BTC,0.25,Concept,19,1095,249,True
Synth_BTC,BTC,0.25,Concept,20,1126,202,True
Synth_BTC,BTC,0.25,Concept,21,1154,199,True
Synth_BTC,BTC,0.25,Concept,22,1185,158,True
Synth_BTC,BTC,0.25,Concept,23,1215,138,True
Synth_BTC,BTC,0.25,Concept,24,1246,-1,False
Synth_BTC,BTC,0.25,Concept,25,1276,-1,False
Synth_BTC,BTC,0.25,Concept,26,1307,-1,False
Synth_BTC,BTC,0.25,Concept,27,1338,-1,False
Synth_BTC,BTC,0.25,Concept,28,1368,-1,False
Synth_BTC,BTC,0.25,Concept,29,1399,-1,False
Synth_BTC,BTC,0.25,Concept,30,1429,-1,False
Synth_BTC,BTC,0.25,Concept,31,1460,-1,False
Synth_BTC,BTC,0.25,Concept,32,1491,-1,False
Synth_BTC,BTC,0.25,Concept,33,1519,-1,False
Synth_BTC,BTC,0.25,Concept,34,1550,-1,False
Synth_BTC,BTC,0.25,Concept,35,1580,287,True
Synth_BTC,BTC,0.25,Concept,36,1611,68,True
Synth_BTC,BTC,0.25,Concept,37,1641,251,True
Synth_BTC,BTC,0.25,Concept,38,1672,349,True
Synth_BTC,BTC,0.25,Concept,39,1703,350,True
Synth_BTC,BTC,0.25,Concept,40,1733,309,True
Synth_BTC,BTC,0.25,Concept,41,1764,269,True
Synth_BTC,BTC,0.25,Concept,42,1794,239,True
Synth_BTC,BTC,0.25,Concept,43,1825,208,True
Synth_BTC,BTC,0.25,Concept,44,1856,177,True
Synth_BTC,BTC,0.25,Concept,45,1885,150,True
Synth_BTC,BTC,0.25,Concept,46,1916,126,True
Synth_BTC,BTC,0.25,Concept,47,1946,97,True
Synth_BTC,BTC,0.25,Concept,48,1977,76,True
Synth_BTC,BTC,0.25,Concept,49,2007,106,True
Synth_BTC,BTC,0.25,Concept,50,2038,390,True
Synth_BTC,BTC,0.25,Concept,51,2069,495,True
Synth_BTC,BTC,0.25,Concept,52,2099,-1,False
Synth_BTC,BTC,0.25,Concept,53,2130,-1,False
Synth_BTC,BTC,0.25,Concept,54,2160,-1,False
Synth_BTC,BTC,0.25,Concept,55,2191,371,True
Synth_BTC,BTC,0.25,Concept,56,2222,342,True
Synth_BTC,BTC,0.25,Concept,57,2250,312,True
Synth_BTC,BTC,0.25,Concept,58,2281,283,True
Synth_BTC,BTC,0.25,Concept,59,2311,253,True
Synth_BTC,BTC,0.25,Concept,60,2342,222,True
Synth_BTC,BTC,0.25,Concept,61,2372,192,True
Synth_BTC,BTC,0.25,Concept,62,2403,-1,False
Synth_BTC,BTC,0.25,Concept,63,2434,-1,False
Synth_BTC,BTC,0.25,Concept,64,2464,488,True
Synth_BTC,BTC,0.25,Concept,65,2495,457,True
Synth_BTC,BTC,0.25,Concept,66,2525,427,True
Synth_BTC,BTC,0.25,Concept,67,2556,223,True
Synth_BTC,BTC,0.25,Concept,68,2587,189,True
Synth_BTC,BTC,0.25,Concept,69,2615,162,True
Synth_BTC,BTC,0.25,Concept,70,2646,132,True
Synth_BTC,BTC,0.25,Concept,71,2676,271,True
Synth_BTC,BTC,0.25,Concept,72,2707,245,True
Synth_BTC,BTC,0.25,Concept,73,2737,215,True
Synth_BTC,BTC,0.25,Concept,74,2768,179,True
Synth_BTC,BTC,0.25,Concept,75,2799,148,True
Synth_BTC,BTC,0.25,Concept,76,2829,118,True
Synth_BTC,BTC,0.25,Concept,77,2860,87,True
Synth_BTC,BTC,0.25,Concept,78,2890,57,True
Synth_BTC,BTC,0.25,Concept,79,2921,39,True
Synth_BTC,BTC,0.25,Concept,80,2952,188,True
Synth_BTC,BTC,0.25,Concept,81,2980,160,True
Synth_BTC,BTC,0.25,Concept,82,3011,129,True
Synth_BTC,BTC,0.25,Concept,83,3041,99,True
Synth_BTC,BTC,0.25,Concept,84,3072,-1,False
Synth_BTC,BTC,0.25,Concept,85,3102,-1,False
Synth_BTC,BTC,0.25,Concept,86,3133,-1,False
Synth_BTC,BTC,0.25,Concept,87,3164,-1,False
Synth_BTC,BTC,0.25,Concept,88,3194,490,True
Synth_BTC,BTC,0.25,Concept,89,3225,474,True
Synth_BTC,BTC,0.25,Concept,90,3255,444,True
Synth_BTC,BTC,0.25,Concept,91,3286,413,True
Synth_BTC,BTC,0.25,Concept,92,3317,-1,False
Synth_BTC,BTC,0.25,Concept,93,3346,361,True
Synth_BTC,BTC,0.25,Concept,94,3377,335,True
Synth_BTC,BTC,0.25,Concept,95,3407,327,True
Synth_BTC,BTC,0.25,Concept,96,3438,262,True
Synth_BTC,BTC,0.25,Concept,97,3468,225,True
Synth_BTC,BTC,0.25,Concept,98,3499,184,True
Synth_BTC,BTC,0.25,Concept,99,3530,163,True
Synth_BTC,BTC,0.25,Concept,100,3560,130,True
Synth_BTC,BTC,0.25,Concept,101,3591,106,True
Synth_BTC,BTC,0.25,Concept,102,3621,88,True
Synth_BTC,BTC,0.25,Concept,103,3652,344,True
Synth_BTC,BTC,0.25,Concept,104,3683,316,True
Synth_BTC,BTC,0.25,Concept,105,3711,288,True
Synth_BTC,BTC,0.25,Eco,0,516,89,True
Synth_BTC,BTC,0.25,Eco,1,546,75,True
Synth_BTC,BTC,0.25,Eco,2,577,199,True
Synth_BTC,BTC,0.25,Eco,3,608,195,True
Synth_BTC,BTC,0.25,Eco,4,638,173,True
Synth_BTC,BTC,0.25,Eco,5,669,142,True
Synth_BTC,BTC,0.25,Eco,6,699,110,True
Synth_BTC,BTC,0.25,Eco,7,730,79,True
Synth_BTC,BTC,0.25,Eco,8,761,85,True
Synth_BTC,BTC,0.25,Eco,9,789,103,True
Synth_BTC,BTC,0.25,Eco,10,820,192,True
Synth_BTC,BTC,0.25,Eco,11,850,183,True
Synth_BTC,BTC,0.25,Eco,12,881,177,True
Synth_BTC,BTC,0.25,Eco,13,911,160,True
Synth_BTC,BTC,0.25,Eco,14,942,118,True
Synth_BTC,BTC,0.25,Eco,15,973,98,True
Synth_BTC,BTC,0.25,Eco,16,1003,73,True
Synth_BTC,BTC,0.25,Eco,17,1034,51,True
Synth_BTC,BTC,0.25,Eco,18,1064,196,True
Synth_BTC,BTC,0.25,Eco,19,1095,307,True
Synth_BTC,BTC,0.25,Eco,20,1126,265,True
Synth_BTC,BTC,0.25,Eco,21,1154,248,True
Synth_BTC,BTC,0.25,Eco,22,1185,219,True
Synth_BTC,BTC,0.25,Eco,23,1215,204,True
Synth_BTC,BTC,0.25,Eco,24,1246,-1,False
Synth_BTC,BTC,0.25,Eco,25,1276,-1,False
Synth_BTC,BTC,0.25,Eco,26,1307,385,True
Synth_BTC,BTC,0.25,Eco,27,1338,390,True
Synth_BTC,BTC,0.25,Eco,28,1368,431,True
Synth_BTC,BTC,0.25,Eco,29,1399,401,True
Synth_BTC,BTC,0.25,Eco,30,1429,480,True
Synth_BTC,BTC,0.25,Eco,31,1460,-1,False
Synth_BTC,BTC,0.25,Eco,32,1491,-1,False
Synth_BTC,BTC,0.25,Eco,33,1519,390,True
Synth_BTC,BTC,0.25,Eco,34,1550,250,True
Synth_BTC,BTC,0.25,Eco,35,1580,216,True
Synth_BTC,BTC,0.25,Eco,36,1611,117,True
Synth_BTC,BTC,0.25,Eco,37,1641,154,True
Synth_BTC,BTC,0.25,Eco,38,1672,128,True
Synth_BTC,BTC,0.25,Eco,39,1703,206,True
Synth_BTC,BTC,0.25,Eco,40,1733,244,True
Synth_BTC,BTC,0.25,Eco,41,1764,213,True
Synth_BTC,BTC,0.25,Eco,42,1794,197,True
Synth_BTC,BTC,0.25,Eco,43,1825,168,True
Synth_BTC,BTC,0.25,Eco,44,1856,144,True
Synth_BTC,BTC,0.25,Eco,45,1885,120,True
Synth_BTC,BTC,0.25,Eco,46,1916,127,True
Synth_BTC,BTC,0.25,Eco,47,1946,103,True
Synth_BTC,BTC,0.25,Eco,48,1977,94,True
Synth_BTC,BTC,0.25,Eco,49,2007,135,True
Synth_BTC,BTC,0.25,Eco,50,2038,222,True
Synth_BTC,BTC,0.25,Eco,51,2069,327,True
Synth_BTC,BTC,0.25,Eco,52,2099,327,True
Synth_BTC,BTC,0.25,Eco,53,2130,374,True
Synth_BTC,BTC,0.25,Eco,54,2160,353,True
Synth_BTC,BTC,0.25,Eco,55,2191,244,True
Synth_BTC,BTC,0.25,Eco,56,2222,213,True
Synth_BTC,BTC,0.25,Eco,57,2250,186,True
Synth_BTC,BTC,0.25,Eco,58,2281,155,True
Synth_BTC,BTC,0.25,Eco,59,2311,125,True
Synth_BTC,BTC,0.25,Eco,60,2342,195,True
Synth_BTC,BTC,0.25,Eco,61,2372,141,True
Synth_BTC,BTC,0.25,Eco,62,2403,230,True
Synth_BTC,BTC,0.25,Eco,63,2434,225,True
Synth_BTC,BTC,0.25,Eco,64,2464,197,True
Synth_BTC,BTC,0.25,Eco,65,2495,176,True
Synth_BTC,BTC,0.25,Eco,66,2525,177,True
Synth_BTC,BTC,0.25,Eco,67,2556,150,True
Synth_BTC,BTC,0.25,Eco,68,2587,194,True
Synth_BTC,BTC,0.25,Eco,69,2615,219,True
Synth_BTC,BTC,0.25,Eco,70,2646,191,True
Synth_BTC,BTC,0.25,Eco,71,2676,261,True
Synth_BTC,BTC,0.25,Eco,72,2707,240,True
Synth_BTC,BTC,0.25,Eco,73,2737,207,True
Synth_BTC,BTC,0.25,Eco,74,2768,179,True
Synth_BTC,BTC,0.25,Eco,75,2799,214,True
Synth_BTC,BTC,0.25,Eco,76,2829,185,True
Synth_BTC,BTC,0.25,Eco,77,2860,152,True
Synth_BTC,BTC,0.25,Eco,78,2890,83,True
Synth_BTC,BTC,0.25,Eco,79,2921,93,True
Synth_BTC,BTC,0.25,Eco,80,2952,157,True
Synth_BTC,BTC,0.25,Eco,81,2980,155,True
Synth_BTC,BTC,0.25,Eco,82,3011,125,True
Synth_BTC,BTC,0.25,Eco,83,3041,98,True
Synth_BTC,BTC,0.25,Eco,84,3072,144,True
Synth_BTC,BTC,0.25,Eco,85,3102,181,True
Synth_BTC,BTC,0.25,Eco,86,3133,194,True
Synth_BTC,BTC,0.25,Eco,87,3164,154,True
Synth_BTC,BTC,0.25,Eco,88,3194,163,True
Synth_BTC,BTC,0.25,Eco,89,3225,136,True
Synth_BTC,BTC,0.25,Eco,90,3255,105,True
Synth_BTC,BTC,0.25,Eco,91,3286,168,True
Synth_BTC,BTC,0.25,Eco,92,3317,291,True
Synth_BTC,BTC,0.25,Eco,93,3346,263,True
Synth_BTC,BTC,0.25,Eco,94,3377,231,True
Synth_BTC,BTC,0.25,Eco,95,3407,222,True
Synth_BTC,BTC,0.25,Eco,96,3438,196,True
Synth_BTC,BTC,0.25,Eco,97,3468,174,True
Synth_BTC,BTC,0.25,Eco,98,3499,145,True
Synth_BTC,BTC,0.25,Eco,99,3530,126,True
Synth_BTC,BTC,0.25,Eco,100,3560,97,True
Synth_BTC,BTC,0.25,Eco,101,3591,84,True
Synth_BTC,BTC,0.25,Eco,102,3621,86,True
Synth_BTC,BTC,0.25,Eco,103,3652,108,True
Synth_BTC,BTC,0.25,Eco,104,3683,142,True
Synth_BTC,BTC,0.25,Eco,105,3711,207,True
Synth_BTC,BTC,0.34999999999999998,Concept,0,516,302,True
Synth_BTC,BTC,0.34999999999999998,Concept,1,546,272,True
Synth_BTC,BTC,0.34999999999999998,Concept,2,577,241,True
Synth_BTC,BTC,0.34999999999999998,Concept,3,608,287,True
Synth_BTC,BTC,0.34999999999999998,Concept,4,638,174,True
Synth_BTC,BTC,0.34999999999999998,Concept,5,669,149,True
Synth_BTC,BTC,0.34999999999999998,Concept,6,699,113,True
Synth_BTC,BTC,0.34999999999999998,Concept,7,730,82,True
Synth_BTC,BTC,0.34999999999999998,Concept,8,761,135,True
Synth_BTC,BTC,0.34999999999999998,Concept,9,789,159,True
Synth_BTC,BTC,0.34999999999999998,Concept,10,820,154,True
Synth_BTC,BTC,0.34999999999999998,Concept,11,850,114,True
Synth_BTC,BTC,0.34999999999999998,Concept,12,881,95,True
Synth_BTC,BTC,0.34999999999999998,Concept,13,911,121,True
Synth_BTC,BTC,0.34999999999999998,Concept,14,942,87,True
Synth_BTC,BTC,0.34999999999999998,Concept,15,973,72,True
Synth_BTC,BTC,0.34999999999999998,Concept,16,1003,52,True
Synth_BTC,BTC,0.34999999999999998,Concept,17,1034,46,True
Synth_BTC,BTC,0.34999999999999998,Concept,18,1064,110,True
Synth_BTC,BTC,0.34999999999999998,Concept,19,1095,219,True
Synth_BTC,BTC,0.34999999999999998,Concept,20,1126,147,True
Synth_BTC,BTC,0.34999999999999998,Concept,21,1154,162,True
Synth_BTC,BTC,0.34999999999999998,Concept,22,1185,131,True
Synth_BTC,BTC,0.34999999999999998,Concept,23,1215,101,True
Synth_BTC,BTC,0.34999999999999998,Concept,24,1246,107,True
Synth_BTC,BTC,0.34999999999999998,Concept,25,1276,91,True
Synth_BTC,BTC,0.34999999999999998,Concept,26,1307,378,True
Synth_BTC,BTC,0.34999999999999998,Concept,27,1338,346,True
Synth_BTC,BTC,0.34999999999999998,Concept,28,1368,499,True
Synth_BTC,BTC,0.34999999999999998,Concept,29,1399,285,True
Synth_BTC,BTC,0.34999999999999998,Concept,30,1429,256,True
Synth_BTC,BTC,0.34999999999999998,Concept,31,1460,407,True
Synth_BTC,BTC,0.34999999999999998,Concept,32,1491,194,True
Synth_BTC,BTC,0.34999999999999998,Concept,33,1519,155,True
Synth_BTC,BTC,0.34999999999999998,Concept,34,1550,124,True
Synth_BTC,BTC,0.34999999999999998,Concept,35,1580,94,True
Synth_BTC,BTC,0.34999999999999998,Concept,36,1611,63,True
Synth_BTC,BTC,0.34999999999999998,Concept,37,1641,86,True
Synth_BTC,BTC,0.34999999999999998,Concept,38,1672,127,True
Synth_BTC,BTC,0.34999999999999998,Concept,39,1703,157,True
Synth_BTC,BTC,0.34999999999999998,Concept,40,1733,150,True
Synth_BTC,BTC,0.34999999999999998,Concept,41,1764,110,True
Synth_BTC,BTC,0.34999999999999998,Concept,42,1794,86,True
Synth_BTC,BTC,0.34999999999999998,Concept,43,1825,56,True
Synth_BTC,BTC,0.34999999999999998,Concept,44,1856,127,True
Synth_BTC,BTC,0.34999999999999998,Concept,45,1885,147,True
Synth_BTC,BTC,0.34999999999999998,Concept,46,1916,118,True
Synth_BTC,BTC,0.34999999999999998,Concept,47,1946,89,True
Synth_BTC,BTC,0.34999999999999998,Concept,48,1977,61,True
Synth_BTC,BTC,0.34999999999999998,Concept,49,2007,51,True
Synth_BTC,BTC,0.34999999999999998,Concept,50,2038,78,True
Synth_BTC,BTC,0.34999999999999998,Concept,51,2069,266,True
Synth_BTC,BTC,0.34999999999999998,Concept,52,2099,245,True
Synth_BTC,BTC,0.34999999999999998,Concept,53,2130,268,True
Synth_BTC,BTC,0.34999999999999998,Concept,54,2160,238,True
Synth_BTC,BTC,0.34999999999999998,Concept,55,2191,152,True
Synth_BTC,BTC,0.34999999999999998,Concept,56,2222,126,True
Synth_BTC,BTC,0.34999999999999998,Concept,57,2250,99,True
Synth_BTC,BTC,0.34999999999999998,Concept,58,2281,67,True
Synth_BTC,BTC,0.34999999999999998,Concept,59,2311,84,True
Synth_BTC,BTC,0.34999999999999998,Concept,60,2342,90,True
Synth_BTC,BTC,0.34999999999999998,Concept,61,2372,57,True
Synth_BTC,BTC,0.34999999999999998,Concept,62,2403,130,True
Synth_BTC,BTC,0.34999999999999998,Concept,63,2434,165,True
Synth_BTC,BTC,0.34999999999999998,Concept,64,2464,135,True
Synth_BTC,BTC,0.34999999999999998,Concept,65,2495,158,True
Synth_BTC,BTC,0.34999999999999998,Concept,66,2525,131,True
Synth_BTC,BTC,0.34999999999999998,Concept,67,2556,104,True
Synth_BTC,BTC,0.34999999999999998,Concept,68,2587,99,True
Synth_BTC,BTC,0.34999999999999998,Concept,69,2615,87,True
Synth_BTC,BTC,0.34999999999999998,Concept,70,2646,102,True
Synth_BTC,BTC,0.34999999999999998,Concept,71,2676,101,True
Synth_BTC,BTC,0.34999999999999998,Concept,72,2707,238,True
Synth_BTC,BTC,0.34999999999999998,Concept,73,2737,203,True
Synth_BTC,BTC,0.34999999999999998,Concept,74,2768,172,True
Synth_BTC,BTC,0.34999999999999998,Concept,75,2799,141,True
Synth_BTC,BTC,0.34999999999999998,Concept,76,2829,111,True
Synth_BTC,BTC,0.34999999999999998,Concept,77,2860,80,True
Synth_BTC,BTC,0.34999999999999998,Concept,78,2890,50,True
Synth_BTC,BTC,0.34999999999999998,Concept,79,2921,39,True
Synth_BTC,BTC,0.34999999999999998,Concept,80,2952,74,True
Synth_BTC,BTC,0.34999999999999998,Concept,81,2980,130,True
Synth_BTC,BTC,0.34999999999999998,Concept,82,3011,107,True
Synth_BTC,BTC,0.34999999999999998,Concept,83,3041,84,True
Synth_BTC,BTC,0.34999999999999998,Concept,84,3072,65,True
Synth_BTC,BTC,0.34999999999999998,Concept,85,3102,122,True
Synth_BTC,BTC,0.34999999999999998,Concept,86,3133,318,True
Synth_BTC,BTC,0.34999999999999998,Concept,87,3164,287,True
Synth_BTC,BTC,0.34999999999999998,Concept,88,3194,257,True
Synth_BTC,BTC,0.34999999999999998,Concept,89,3225,226,True
Synth_BTC,BTC,0.34999999999999998,Concept,90,3255,196,True
Synth_BTC,BTC,0.34999999999999998,Concept,91,3286,172,True
Synth_BTC,BTC,0.34999999999999998,Concept,92,3317,314,True
Synth_BTC,BTC,0.34999999999999998,Concept,93,3346,112,True
Synth_BTC,BTC,0.34999999999999998,Concept,94,3377,81,True
Synth_BTC,BTC,0.34999999999999998,Concept,95,3407,212,True
Synth_BTC,BTC,0.34999999999999998,Concept,96,3438,206,True
Synth_BTC,BTC,0.34999999999999998,Concept,97,3468,166,True
Synth_BTC,BTC,0.34999999999999998,Concept,98,3499,132,True
Synth_BTC,BTC,0.34999999999999998,Concept,99,3530,101,True
Synth_BTC,BTC,0.34999999999999998,Concept,100,3560,82,True
Synth_BTC,BTC,0.34999999999999998,Concept,101,3591,56,True
Synth_BTC,BTC,0.34999999999999998,Concept,102,3621,63,True
Synth_BTC,BTC,0.34999999999999998,Concept,103,3652,79,True
Synth_BTC,BTC,0.34999999999999998,Concept,104,3683,144,True
Synth_BTC,BTC,0.34999999999999998,Concept,105,3711,209,True
Synth_BTC,BTC,0.34999999999999998,Eco,0,516,71,True
Synth_BTC,BTC,0.34999999999999998,Eco,1,546,69,True
Synth_BTC,BTC,0.34999999999999998,Eco,2,577,86,True
Synth_BTC,BTC,0.34999999999999998,Eco,3,608,163,True
Synth_BTC,BTC,0.34999999999999998,Eco,4,638,154,True
Synth_BTC,BTC,0.34999999999999998,Eco,5,669,134,True
Synth_BTC,BTC,0.34999999999999998,Eco,6,699,95,True
Synth_BTC,BTC,0.34999999999999998,Eco,7,730,64,True
Synth_BTC,BTC,0.34999999999999998,Eco,8,761,71,True
Synth_BTC,BTC,0.34999999999999998,Eco,9,789,83,True
Synth_BTC,BTC,0.34999999999999998,Eco,10,820,92,True
Synth_BTC,BTC,0.34999999999999998,Eco,11,850,95,True
Synth_BTC,BTC,0.34999999999999998,Eco,12,881,151,True
Synth_BTC,BTC,0.34999999999999998,Eco,13,911,138,True
Synth_BTC,BTC,0.34999999999999998,Eco,14,942,104,True
Synth_BTC,BTC,0.34999999999999998,Eco,15,973,81,True
Synth_BTC,BTC,0.34999999999999998,Eco,16,1003,57,True
Synth_BTC,BTC,0.34999999999999998,Eco,17,1034,47,True
Synth_BTC,BTC,0.34999999999999998,Eco,18,1064,110,True
Synth_BTC,BTC,0.34999999999999998,Eco,19,1095,165,True
Synth_BTC,BTC,0.34999999999999998,Eco,20,1126,135,True
Synth_BTC,BTC,0.34999999999999998,Eco,21,1154,118,True
Synth_BTC,BTC,0.34999999999999998,Eco,22,1185,136,True
Synth_BTC,BTC,0.34999999999999998,Eco,23,1215,133,True
Synth_BTC,BTC,0.34999999999999998,Eco,24,1246,156,True
Synth_BTC,BTC,0.34999999999999998,Eco,25,1276,175,True
Synth_BTC,BTC,0.34999999999999998,Eco,26,1307,112,True
Synth_BTC,BTC,0.34999999999999998,Eco,27,1338,128,True
Synth_BTC,BTC,0.34999999999999998,Eco,28,1368,114,True
Synth_BTC,BTC,0.34999999999999998,Eco,29,1399,142,True
Synth_BTC,BTC,0.34999999999999998,Eco,30,1429,253,True
Synth_BTC,BTC,0.34999999999999998,Eco,31,1460,268,True
Synth_BTC,BTC,0.34999999999999998,Eco,32,1491,299,True
Synth_BTC,BTC,0.34999999999999998,Eco,33,1519,198,True
Synth_BTC,BTC,0.34999999999999998,Eco,34,1550,150,True
Synth_BTC,BTC,0.34999999999999998,Eco,35,1580,120,True
Synth_BTC,BTC,0.34999999999999998,Eco,36,1611,81,True
Synth_BTC,BTC,0.34999999999999998,Eco,37,1641,81,True
Synth_BTC,BTC,0.34999999999999998,Eco,38,1672,103,True
Synth_BTC,BTC,0.34999999999999998,Eco,39,1703,107,True
Synth_BTC,BTC,0.34999999999999998,Eco,40,1733,156,True
Synth_BTC,BTC,0.34999999999999998,Eco,41,1764,131,True
Synth_BTC,BTC,0.34999999999999998,Eco,42,1794,113,True
Synth_BTC,BTC,0.34999999999999998,Eco,43,1825,101,True
Synth_BTC,BTC,0.34999999999999998,Eco,44,1856,120,True
Synth_BTC,BTC,0.34999999999999998,Eco,45,1885,105,True
Synth_BTC,BTC,0.34999999999999998,Eco,46,1916,95,True
Synth_BTC,BTC,0.34999999999999998,Eco,47,1946,87,True
Synth_BTC,BTC,0.34999999999999998,Eco,48,1977,77,True
Synth_BTC,BTC,0.34999999999999998,Eco,49,2007,103,True
Synth_BTC,BTC,0.34999999999999998,Eco,50,2038,79,True
Synth_BTC,BTC,0.34999999999999998,Eco,51,2069,153,True
Synth_BTC,BTC,0.34999999999999998,Eco,52,2099,179,True
Synth_BTC,BTC,0.34999999999999998,Eco,53,2130,216,True
Synth_BTC,BTC,0.34999999999999998,Eco,54,2160,226,True
Synth_BTC,BTC,0.34999999999999998,Eco,55,2191,157,True
Synth_BTC,BTC,0.34999999999999998,Eco,56,2222,164,True
Synth_BTC,BTC,0.34999999999999998,Eco,57,2250,146,True
Synth_BTC,BTC,0.34999999999999998,Eco,58,2281,122,True
Synth_BTC,BTC,0.34999999999999998,Eco,59,2311,103,True
Synth_BTC,BTC,0.34999999999999998,Eco,60,2342,99,True
Synth_BTC,BTC,0.34999999999999998,Eco,61,2372,65,True
Synth_BTC,BTC,0.34999999999999998,Eco,62,2403,134,True
Synth_BTC,BTC,0.34999999999999998,Eco,63,2434,135,True
Synth_BTC,BTC,0.34999999999999998,Eco,64,2464,129,True
Synth_BTC,BTC,0.34999999999999998,Eco,65,2495,131,True
Synth_BTC,BTC,0.34999999999999998,Eco,66,2525,125,True
Synth_BTC,BTC,0.34999999999999998,Eco,67,2556,105,True
Synth_BTC,BTC,0.34999999999999998,Eco,68,2587,100,True
Synth_BTC,BTC,0.34999999999999998,Eco,69,2615,88,True
Synth_BTC,BTC,0.34999999999999998,Eco,70,2646,113,True
Synth_BTC,BTC,0.34999999999999998,Eco,71,2676,161,True
Synth_BTC,BTC,0.34999999999999998,Eco,72,2707,155,True
Synth_BTC,BTC,0.34999999999999998,Eco,73,2737,130,True
Synth_BTC,BTC,0.34999999999999998,Eco,74,2768,154,True
Synth_BTC,BTC,0.34999999999999998,Eco,75,2799,149,True
Synth_BTC,BTC,0.34999999999999998,Eco,76,2829,128,True
Synth_BTC,BTC,0.34999999999999998,Eco,77,2860,102,True
Synth_BTC,BTC,0.34999999999999998,Eco,78,2890,70,True
Synth_BTC,BTC,0.34999999999999998,Eco,79,2921,58,True
Synth_BTC,BTC,0.34999999999999998,Eco,80,2952,99,True
Synth_BTC,BTC,0.34999999999999998,Eco,81,2980,123,True
Synth_BTC,BTC,0.34999999999999998,Eco,82,3011,100,True
Synth_BTC,BTC,0.34999999999999998,Eco,83,3041,84,True
Synth_BTC,BTC,0.34999999999999998,Eco,84,3072,69,True
Synth_BTC,BTC,0.34999999999999998,Eco,85,3102,94,True
Synth_BTC,BTC,0.34999999999999998,Eco,86,3133,148,True
Synth_BTC,BTC,0.34999999999999998,Eco,87,3164,117,True
Synth_BTC,BTC,0.34999999999999998,Eco,88,3194,118,True
Synth_BTC,BTC,0.34999999999999998,Eco,89,3225,125,True
Synth_BTC,BTC,0.34999999999999998,Eco,90,3255,94,True
Synth_BTC,BTC,0.34999999999999998,Eco,91,3286,135,True
Synth_BTC,BTC,0.34999999999999998,Eco,92,3317,137,True
Synth_BTC,BTC,0.34999999999999998,Eco,93,3346,135,True
Synth_BTC,BTC,0.34999999999999998,Eco,94,3377,131,True
Synth_BTC,BTC,0.34999999999999998,Eco,95,3407,138,True
Synth_BTC,BTC,0.34999999999999998,Eco,96,3438,140,True
Synth_BTC,BTC,0.34999999999999998,Eco,97,3468,137,True
Synth_BTC,BTC,0.34999999999999998,Eco,98,3499,110,True
Synth_BTC,BTC,0.34999999999999998,Eco,99,3530,104,True
Synth_BTC,BTC,0.34999999999999998,Eco,100,3560,82,True
Synth_BTC,BTC,0.34999999999999998,Eco,101,3591,63,True
Synth_BTC,BTC,0.34999999999999998,Eco,102,3621,72,True
Synth_BTC,BTC,0.34999999999999998,Eco,103,3652,68,True
Synth_BTC,BTC,0.34999999999999998,Eco,104,3683,90,True
Synth_BTC,BTC,0.34999999999999998,Eco,105,3711,123,True
Synth_BTC,BTC,0.5,Concept,0,516,104,True
Synth_BTC,BTC,0.5,Concept,1,546,125,True
Synth_BTC,BTC,0.5,Concept,2,577,146,True
Synth_BTC,BTC,0.5,Concept,3,608,178,True
Synth_BTC,BTC,0.5,Concept,4,638,141,True
Synth_BTC,BTC,0.5,Concept,5,669,119,True
Synth_BTC,BTC,0.5,Concept,6,699,88,True
Synth_BTC,BTC,0.5,Concept,7,730,57,True
Synth_BTC,BTC,0.5,Concept,8,761,47,True
Synth_BTC,BTC,0.5,Concept,9,789,89,True
Synth_BTC,BTC,0.5,Concept,10,820,82,True
Synth_BTC,BTC,0.5,Concept,11,850,52,True
Synth_BTC,BTC,0.5,Concept,12,881,40,True
Synth_BTC,BTC,0.5,Concept,13,911,67,True
Synth_BTC,BTC,0.5,Concept,14,942,60,True
Synth_BTC,BTC,0.5,Concept,15,973,55,True
Synth_BTC,BTC,0.5,Concept,16,1003,50,True
Synth_BTC,BTC,0.5,Concept,17,1034,43,True
Synth_BTC,BTC,0.5,Concept,18,1064,90,True
Synth_BTC,BTC,0.5,Concept,19,1095,149,True
Synth_BTC,BTC,0.5,Concept,20,1126,130,True
Synth_BTC,BTC,0.5,Concept,21,1154,112,True
Synth_BTC,BTC,0.5,Concept,22,1185,121,True
Synth_BTC,BTC,0.5,Concept,23,1215,98,True
Synth_BTC,BTC,0.5,Concept,24,1246,77,True
Synth_BTC,BTC,0.5,Concept,25,1276,66,True
Synth_BTC,BTC,0.5,Concept,26,1307,62,True
Synth_BTC,BTC,0.5,Concept,27,1338,130,True
Synth_BTC,BTC,0.5,Concept,28,1368,273,True
Synth_BTC,BTC,0.5,Concept,29,1399,87,True
Synth_BTC,BTC,0.5,Concept,30,1429,57,True
Synth_BTC,BTC,0.5,Concept,31,1460,217,True
Synth_BTC,BTC,0.5,Concept,32,1491,186,True
Synth_BTC,BTC,0.5,Concept,33,1519,153,True
Synth_BTC,BTC,0.5,Concept,34,1550,93,True
Synth_BTC,BTC,0.5,Concept,35,1580,64,True
Synth_BTC,BTC,0.5,Concept,36,1611,42,True
Synth_BTC,BTC,0.5,Concept,37,1641,44,True
Synth_BTC,BTC,0.5,Concept,38,1672,54,True
Synth_BTC,BTC,0.5,Concept,39,1703,60,True
Synth_BTC,BTC,0.5,Concept,40,1733,124,True
Synth_BTC,BTC,0.5,Concept,41,1764,102,True
Synth_BTC,BTC,0.5,Concept,42,1794,79,True
Synth_BTC,BTC,0.5,Concept,43,1825,56,True
Synth_BTC,BTC,0.5,Concept,44,1856,34,True
Synth_BTC,BTC,0.5,Concept,45,1885,107,True
Synth_BTC,BTC,0.5,Concept,46,1916,83,True
Synth_BTC,BTC,0.5,Concept,47,1946,55,True
Synth_BTC,BTC,0.5,Concept,48,1977,41,True
Synth_BTC,BTC,0.5,Concept,49,2007,46,True
Synth_BTC,BTC,0.5,Concept,50,2038,42,True
Synth_BTC,BTC,0.5,Concept,51,2069,106,True
Synth_BTC,BTC,0.5,Concept,52,2099,165,True
Synth_BTC,BTC,0.5,Concept,53,2130,149,True
Synth_BTC,BTC,0.5,Concept,54,2160,154,True
Synth_BTC,BTC,0.5,Concept,55,2191,87,True
Synth_BTC,BTC,0.5,Concept,56,2222,115,True
Synth_BTC,BTC,0.5,Concept,57,2250,81,True
Synth_BTC,BTC,0.5,Concept,58,2281,58,True
Synth_BTC,BTC,0.5,Concept,59,2311,37,True
Synth_BTC,BTC,0.5,Concept,60,2342,70,True
Synth_BTC,BTC,0.5,Concept,61,2372,47,True
Synth_BTC,BTC,0.5,Concept,62,2403,70,True
Synth_BTC,BTC,0.5,Concept,63,2434,70,True
Synth_BTC,BTC,0.5,Concept,64,2464,53,True
Synth_BTC,BTC,0.5,Concept,65,2495,94,True
Synth_BTC,BTC,0.5,Concept,66,2525,72,True
Synth_BTC,BTC,0.5,Concept,67,2556,79,True
Synth_BTC,BTC,0.5,Concept,68,2587,74,True
Synth_BTC,BTC,0.5,Concept,69,2615,72,True
Synth_BTC,BTC,0.5,Concept,70,2646,64,True
Synth_BTC,BTC,0.5,Concept,71,2676,73,True
Synth_BTC,BTC,0.5,Concept,72,2707,71,True
Synth_BTC,BTC,0.5,Concept,73,2737,129,True
Synth_BTC,BTC,0.5,Concept,74,2768,164,True
Synth_BTC,BTC,0.5,Concept,75,2799,133,True
Synth_BTC,BTC,0.5,Concept,76,2829,111,True
Synth_BTC,BTC,0.5,Concept,77,2860,80,True
Synth_BTC,BTC,0.5,Concept,78,2890,50,True
Synth_BTC,BTC,0.5,Concept,79,2921,34,True
Synth_BTC,BTC,0.5,Concept,80,2952,62,True
Synth_BTC,BTC,0.5,Concept,81,2980,71,True
Synth_BTC,BTC,0.5,Concept,82,3011,77,True
Synth_BTC,BTC,0.5,Concept,83,3041,77,True
Synth_BTC,BTC,0.5,Concept,84,3072,50,True
Synth_BTC,BTC,0.5,Concept,85,3102,39,True
Synth_BTC,BTC,0.5,Concept,86,3133,84,True
Synth_BTC,BTC,0.5,Concept,87,3164,54,True
Synth_BTC,BTC,0.5,Concept,88,3194,154,True
Synth_BTC,BTC,0.5,Concept,89,3225,136,True
Synth_BTC,BTC,0.5,Concept,90,3255,106,True
Synth_BTC,BTC,0.5,Concept,91,3286,157,True
Synth_BTC,BTC,0.5,Concept,92,3317,140,True
Synth_BTC,BTC,0.5,Concept,93,3346,112,True
Synth_BTC,BTC,0.5,Concept,94,3377,81,True
Synth_BTC,BTC,0.5,Concept,95,3407,77,True
Synth_BTC,BTC,0.5,Concept,96,3438,138,True
Synth_BTC,BTC,0.5,Concept,97,3468,111,True
Synth_BTC,BTC,0.5,Concept,98,3499,82,True
Synth_BTC,BTC,0.5,Concept,99,3530,83,True
Synth_BTC,BTC,0.5,Concept,100,3560,59,True
Synth_BTC,BTC,0.5,Concept,101,3591,44,True
Synth_BTC,BTC,0.5,Concept,102,3621,48,True
Synth_BTC,BTC,0.5,Concept,103,3652,47,True
Synth_BTC,BTC,0.5,Concept,104,3683,52,True
Synth_BTC,BTC,0.5,Concept,105,3711,113,True
Synth_BTC,BTC,0.5,Eco,0,516,58,True
Synth_BTC,BTC,0.5,Eco,1,546,58,True
Synth_BTC,BTC,0.5,Eco,2,577,45,True
Synth_BTC,BTC,0.5,Eco,3,608,88,True
Synth_BTC,BTC,0.5,Eco,4,638,122,True
Synth_BTC,BTC,0.5,Eco,5,669,111,True
Synth_BTC,BTC,0.5,Eco,6,699,88,True
Synth_BTC,BTC,0.5,Eco,7,730,58,True
Synth_BTC,BTC,0.5,Eco,8,761,50,True
Synth_BTC,BTC,0.5,Eco,9,789,57,True
Synth_BTC,BTC,0.5,Eco,10,820,62,True
Synth_BTC,BTC,0.5,Eco,11,850,57,True
Synth_BTC,BTC,0.5,Eco,12,881,94,True
Synth_BTC,BTC,0.5,Eco,13,911,109,True
Synth_BTC,BTC,0.5,Eco,14,942,88,True
Synth_BTC,BTC,0.5,Eco,15,973,71,True
Synth_BTC,BTC,0.5,Eco,16,1003,49,True
Synth_BTC,BTC,0.5,Eco,17,1034,42,True
Synth_BTC,BTC,0.5,Eco,18,1064,66,True
Synth_BTC,BTC,0.5,Eco,19,1095,102,True
Synth_BTC,BTC,0.5,Eco,20,1126,95,True
Synth_BTC,BTC,0.5,Eco,21,1154,88,True
Synth_BTC,BTC,0.5,Eco,22,1185,75,True
Synth_BTC,BTC,0.5,Eco,23,1215,90,True
Synth_BTC,BTC,0.5,Eco,24,1246,95,True
Synth_BTC,BTC,0.5,Eco,25,1276,114,True
Synth_BTC,BTC,0.5,Eco,26,1307,84,True
Synth_BTC,BTC,0.5,Eco,27,1338,76,True
Synth_BTC,BTC,0.5,Eco,28,1368,82,True
Synth_BTC,BTC,0.5,Eco,29,1399,80,True
Synth_BTC,BTC,0.5,Eco,30,1429,106,True
Synth_BTC,BTC,0.5,Eco,31,1460,116,True
Synth_BTC,BTC,0.5,Eco,32,1491,167,True
Synth_BTC,BTC,0.5,Eco,33,1519,139,True
Synth_BTC,BTC,0.5,Eco,34,1550,119,True
Synth_BTC,BTC,0.5,Eco,35,1580,98,True
Synth_BTC,BTC,0.5,Eco,36,1611,67,True
Synth_BTC,BTC,0.5,Eco,37,1641,56,True
Synth_BTC,BTC,0.5,Eco,38,1672,56,True
Synth_BTC,BTC,0.5,Eco,39,1703,87,True
Synth_BTC,BTC,0.5,Eco,40,1733,70,True
Synth_BTC,BTC,0.5,Eco,41,1764,99,True
Synth_BTC,BTC,0.5,Eco,42,1794,93,True
Synth_BTC,BTC,0.5,Eco,43,1825,75,True
Synth_BTC,BTC,0.5,Eco,44,1856,69,True
Synth_BTC,BTC,0.5,Eco,45,1885,70,True
Synth_BTC,BTC,0.5,Eco,46,1916,81,True
Synth_BTC,BTC,0.5,Eco,47,1946,59,True
Synth_BTC,BTC,0.5,Eco,48,1977,58,True
Synth_BTC,BTC,0.5,Eco,49,2007,72,True
Synth_BTC,BTC,0.5,Eco,50,2038,70,True
Synth_BTC,BTC,0.5,Eco,51,2069,73,True
Synth_BTC,BTC,0.5,Eco,52,2099,93,True
Synth_BTC,BTC,0.5,Eco,53,2130,127,True
Synth_BTC,BTC,0.5,Eco,54,2160,119,True
Synth_BTC,BTC,0.5,Eco,55,2191,119,True
Synth_BTC,BTC,0.5,Eco,56,2222,107,True
Synth_BTC,BTC,0.5,Eco,57,2250,91,True
Synth_BTC,BTC,0.5,Eco,58,2281,96,True
Synth_BTC,BTC,0.5,Eco,59,2311,75,True
Synth_BTC,BTC,0.5,Eco,60,2342,77,True
Synth_BTC,BTC,0.5,Eco,61,2372,52,True
Synth_BTC,BTC,0.5,Eco,62,2403,89,True
Synth_BTC,BTC,0.5,Eco,63,2434,94,True
Synth_BTC,BTC,0.5,Eco,64,2464,76,True
Synth_BTC,BTC,0.5,Eco,65,2495,77,True
Synth_BTC,BTC,0.5,Eco,66,2525,72,True
Synth_BTC,BTC,0.5,Eco,67,2556,77,True
Synth_BTC,BTC,0.5,Eco,68,2587,70,True
Synth_BTC,BTC,0.5,Eco,69,2615,67,True
Synth_BTC,BTC,0.5,Eco,70,2646,56,True
Synth_BTC,BTC,0.5,Eco,71,2676,103,True
Synth_BTC,BTC,0.5,Eco,72,2707,90,True
Synth_BTC,BTC,0.5,Eco,73,2737,91,True
Synth_BTC,BTC,0.5,Eco,74,2768,69,True
Synth_BTC,BTC,0.5,Eco,75,2799,125,True
Synth_BTC,BTC,0.5,Eco,76,2829,103,True
Synth_BTC,BTC,0.5,Eco,77,2860,86,True
Synth_BTC,BTC,0.5,Eco,78,2890,57,True
Synth_BTC,BTC,0.5,Eco,79,2921,47,True
Synth_BTC,BTC,0.5,Eco,80,2952,68,True
Synth_BTC,BTC,0.5,Eco,81,2980,88,True
Synth_BTC,BTC,0.5,Eco,82,3011,72,True
Synth_BTC,BTC,0.5,Eco,83,3041,65,True
Synth_BTC,BTC,0.5,Eco,84,3072,59,True
Synth_BTC,BTC,0.5,Eco,85,3102,72,True
Synth_BTC,BTC,0.5,Eco,86,3133,83,True
Synth_BTC,BTC,0.5,Eco,87,3164,61,True
Synth_BTC,BTC,0.5,Eco,88,3194,87,True
Synth_BTC,BTC,0.5,Eco,89,3225,87,True
Synth_BTC,BTC,0.5,Eco,90,3255,72,True
Synth_BTC,BTC,0.5,Eco,91,3286,69,True
Synth_BTC,BTC,0.5,Eco,92,3317,106,True
Synth_BTC,BTC,0.5,Eco,93,3346,97,True
Synth_BTC,BTC,0.5,Eco,94,3377,75,True
Synth_BTC,BTC,0.5,Eco,95,3407,72,True
Synth_BTC,BTC,0.5,Eco,96,3438,83,True
Synth_BTC,BTC,0.5,Eco,97,3468,85,True
Synth_BTC,BTC,0.5,Eco,98,3499,79,True
Synth_BTC,BTC,0.5,Eco,99,3530,77,True
Synth_BTC,BTC,0.5,Eco,100,3560,64,True
Synth_BTC,BTC,0.5,Eco,101,3591,52,True
Synth_BTC,BTC,0.5,Eco,102,3621,57,True
Synth_BTC,BTC,0.5,Eco,103,3652,53,True
Synth_BTC,BTC,0.5,Eco,104,3683,52,True
Synth_BTC,BTC,0.5,Eco,105,3711,94,True
Synth_BTC,BTC,0.59999999999999998,Concept,0,516,89,True
Synth_BTC,BTC,0.59999999999999998,Concept,1,546,72,True
Synth_BTC,BTC,0.59999999999999998,Concept,2,577,86,True
Synth_BTC,BTC,0.59999999999999998,Concept,3,608,115,True
Synth_BTC,BTC,0.59999999999999998,Concept,4,638,126,True
Synth_BTC,BTC,0.59999999999999998,Concept,5,669,104,True
Synth_BTC,BTC,0.59999999999999998,Concept,6,699,88,True
Synth_BTC,BTC,0.59999999999999998,Concept,7,730,57,True
Synth_BTC,BTC,0.59999999999999998,Concept,8,761,42,True
Synth_BTC,BTC,0.59999999999999998,Concept,9,789,42,True
Synth_BTC,BTC,0.59999999999999998,Concept,10,820,54,True
Synth_BTC,BTC,0.59999999999999998,Concept,11,850,45,True
Synth_BTC,BTC,0.59999999999999998,Concept,12,881,35,True
Synth_BTC,BTC,0.59999999999999998,Concept,13,911,64,True
Synth_BTC,BTC,0.59999999999999998,Concept,14,942,52,True
Synth_BTC,BTC,0.59999999999999998,Concept,15,973,47,True
Synth_BTC,BTC,0.59999999999999998,Concept,16,1003,47,True
Synth_BTC,BTC,0.59999999999999998,Concept,17,1034,42,True
Synth_BTC,BTC,0.59999999999999998,Concept,18,1064,47,True
Synth_BTC,BTC,0.59999999999999998,Concept,19,1095,66,True
Synth_BTC,BTC,0.59999999999999998,Concept,20,1126,47,True
Synth_BTC,BTC,0.59999999999999998,Concept,21,1154,89,True
Synth_BTC,BTC,0.59999999999999998,Concept,22,1185,89,True
Synth_BTC,BTC,0.59999999999999998,Concept,23,1215,88,True
Synth_BTC,BTC,0.59999999999999998,Concept,24,1246,75,True
Synth_BTC,BTC,0.59999999999999998,Concept,25,1276,59,True
Synth_BTC,BTC,0.59999999999999998,Concept,26,1307,47,True
Synth_BTC,BTC,0.59999999999999998,Concept,27,1338,65,True
Synth_BTC,BTC,0.59999999999999998,Concept,28,1368,101,True
Synth_BTC,BTC,0.59999999999999998,Concept,29,1399,80,True
Synth_BTC,BTC,0.59999999999999998,Concept,30,1429,53,True
Synth_BTC,BTC,0.59999999999999998,Concept,31,1460,164,True
Synth_BTC,BTC,0.59999999999999998,Concept,32,1491,147,True
Synth_BTC,BTC,0.59999999999999998,Concept,33,1519,124,True
Synth_BTC,BTC,0.59999999999999998,Concept,34,1550,88,True
Synth_BTC,BTC,0.59999999999999998,Concept,35,1580,64,True
Synth_BTC,BTC,0.59999999999999998,Concept,36,1611,39,True
Synth_BTC,BTC,0.59999999999999998,Concept,37,1641,42,True
Synth_BTC,BTC,0.59999999999999998,Concept,38,1672,44,True
Synth_BTC,BTC,0.59999999999999998,Concept,39,1703,50,True
Synth_BTC,BTC,0.59999999999999998,Concept,40,1733,67,True
Synth_BTC,BTC,0.59999999999999998,Concept,41,1764,95,True
Synth_BTC,BTC,0.59999999999999998,Concept,42,1794,69,True
Synth_BTC,BTC,0.59999999999999998,Concept,43,1825,48,True
Synth_BTC,BTC,0.59999999999999998,Concept,44,1856,34,True
Synth_BTC,BTC,0.59999999999999998,Concept,45,1885,97,True
Synth_BTC,BTC,0.59999999999999998,Concept,46,1916,80,True
Synth_BTC,BTC,0.59999999999999998,Concept,47,1946,55,True
Synth_BTC,BTC,0.59999999999999998,Concept,48,1977,34,True
Synth_BTC,BTC,0.59999999999999998,Concept,49,2007,46,True
Synth_BTC,BTC,0.59999999999999998,Concept,50,2038,42,True
Synth_BTC,BTC,0.59999999999999998,Concept,51,2069,44,True
Synth_BTC,BTC,0.59999999999999998,Concept,52,2099,76,True
Synth_BTC,BTC,0.59999999999999998,Concept,53,2130,89,True
Synth_BTC,BTC,0.59999999999999998,Concept,54,2160,89,True
Synth_BTC,BTC,0.59999999999999998,Concept,55,2191,65,True
Synth_BTC,BTC,0.59999999999999998,Concept,56,2222,57,True
Synth_BTC,BTC,0.59999999999999998,Concept,57,2250,67,True
Synth_BTC,BTC,0.59999999999999998,Concept,58,2281,56,True
Synth_BTC,BTC,0.59999999999999998,Concept,59,2311,37,True
Synth_BTC,BTC,0.59999999999999998,Concept,60,2342,57,True
Synth_BTC,BTC,0.59999999999999998,Concept,61,2372,42,True
Synth_BTC,BTC,0.59999999999999998,Concept,62,2403,60,True
Synth_BTC,BTC,0.59999999999999998,Concept,63,2434,66,True
Synth_BTC,BTC,0.59999999999999998,Concept,64,2464,49,True
Synth_BTC,BTC,0.59999999999999998,Concept,65,2495,67,True
Synth_BTC,BTC,0.59999999999999998,Concept,66,2525,64,True
Synth_BTC,BTC,0.59999999999999998,Concept,67,2556,42,True
Synth_BTC,BTC,0.59999999999999998,Concept,68,2587,49,True
Synth_BTC,BTC,0.59999999999999998,Concept,69,2615,52,True
Synth_BTC,BTC,0.59999999999999998,Concept,70,2646,52,True
Synth_BTC,BTC,0.59999999999999998,Concept,71,2676,63,True
Synth_BTC,BTC,0.59999999999999998,Concept,72,2707,71,True
Synth_BTC,BTC,0.59999999999999998,Concept,73,2737,57,True
Synth_BTC,BTC,0.59999999999999998,Concept,74,2768,88,True
Synth_BTC,BTC,0.59999999999999998,Concept,75,2799,66,True
Synth_BTC,BTC,0.59999999999999998,Concept,76,2829,94,True
Synth_BTC,BTC,0.59999999999999998,Concept,77,2860,80,True
Synth_BTC,BTC,0.59999999999999998,Concept,78,2890,48,True
Synth_BTC,BTC,0.59999999999999998,Concept,79,2921,32,True
Synth_BTC,BTC,0.59999999999999998,Concept,80,2952,42,True
Synth_BTC,BTC,0.59999999999999998,Concept,81,2980,56,True
Synth_BTC,BTC,0.59999999999999998,Concept,82,3011,42,True
Synth_BTC,BTC,0.59999999999999998,Concept,83,3041,64,True
Synth_BTC,BTC,0.59999999999999998,Concept,84,3072,40,True
Synth_BTC,BTC,0.59999999999999998,Concept,85,3102,39,True
Synth_BTC,BTC,0.59999999999999998,Concept,86,3133,84,True
Synth_BTC,BTC,0.59999999999999998,Concept,87,3164,52,True
Synth_BTC,BTC,0.59999999999999998,Concept,88,3194,97,True
Synth_BTC,BTC,0.59999999999999998,Concept,89,3225,109,True
Synth_BTC,BTC,0.59999999999999998,Concept,90,3255,86,True
Synth_BTC,BTC,0.59999999999999998,Concept,91,3286,136,True
Synth_BTC,BTC,0.59999999999999998,Concept,92,3317,127,True
Synth_BTC,BTC,0.59999999999999998,Concept,93,3346,110,True
Synth_BTC,BTC,0.59999999999999998,Concept,94,3377,69,True
Synth_BTC,BTC,0.59999999999999998,Concept,95,3407,50,True
Synth_BTC,BTC,0.59999999999999998,Concept,96,3438,76,True
Synth_BTC,BTC,0.59999999999999998,Concept,97,3468,84,True
Synth_BTC,BTC,0.59999999999999998,Concept,98,3499,70,True
Synth_BTC,BTC,0.59999999999999998,Concept,99,3530,52,True
Synth_BTC,BTC,0.59999999999999998,Concept,100,3560,44,True
Synth_BTC,BTC,0.59999999999999998,Concept,101,3591,29,True
Synth_BTC,BTC,0.59999999999999998,Concept,102,3621,43,True
Synth_BTC,BTC,0.59999999999999998,Concept,103,3652,39,True
Synth_BTC,BTC,0.59999999999999998,Concept,104,3683,27,True
Synth_BTC,BTC,0.59999999999999998,Concept,105,3711,105,True
Synth_BTC,BTC,0.59999999999999998,Eco,0,516,48,True
Synth_BTC,BTC,0.59999999999999998,Eco,1,546,49,True
Synth_BTC,BTC,0.59999999999999998,Eco,2,577,41,True
Synth_BTC,BTC,0.59999999999999998,Eco,3,608,59,True
Synth_BTC,BTC,0.59999999999999998,Eco,4,638,110,True
Synth_BTC,BTC,0.59999999999999998,Eco,5,669,91,True
Synth_BTC,BTC,0.59999999999999998,Eco,6,699,78,True
Synth_BTC,BTC,0.59999999999999998,Eco,7,730,55,True
Synth_BTC,BTC,0.59999999999999998,Eco,8,761,47,True
Synth_BTC,BTC,0.59999999999999998,Eco,9,789,47,True
Synth_BTC,BTC,0.59999999999999998,Eco,10,820,53,True
Synth_BTC,BTC,0.59999999999999998,Eco,11,850,47,True
Synth_BTC,BTC,0.59999999999999998,Eco,12,881,64,True
Synth_BTC,BTC,0.59999999999999998,Eco,13,911,90,True
Synth_BTC,BTC,0.59999999999999998,Eco,14,942,76,True
Synth_BTC,BTC,0.59999999999999998,Eco,15,973,61,True
Synth_BTC,BTC,0.59999999999999998,Eco,16,1003,43,True
Synth_BTC,BTC,0.59999999999999998,Eco,17,1034,40,True
Synth_BTC,BTC,0.59999999999999998,Eco,18,1064,49,True
Synth_BTC,BTC,0.59999999999999998,Eco,19,1095,74,True
Synth_BTC,BTC,0.59999999999999998,Eco,20,1126,71,True
Synth_BTC,BTC,0.59999999999999998,Eco,21,1154,76,True
Synth_BTC,BTC,0.59999999999999998,Eco,22,1185,65,True
Synth_BTC,BTC,0.59999999999999998,Eco,23,1215,57,True
Synth_BTC,BTC,0.59999999999999998,Eco,24,1246,75,True
Synth_BTC,BTC,0.59999999999999998,Eco,25,1276,91,True
Synth_BTC,BTC,0.59999999999999998,Eco,26,1307,73,True
Synth_BTC,BTC,0.59999999999999998,Eco,27,1338,64,True
Synth_BTC,BTC,0.59999999999999998,Eco,28,1368,59,True
Synth_BTC,BTC,0.59999999999999998,Eco,29,1399,60,True
Synth_BTC,BTC,0.59999999999999998,Eco,30,1429,62,True
Synth_BTC,BTC,0.59999999999999998,Eco,31,1460,82,True
Synth_BTC,BTC,0.59999999999999998,Eco,32,1491,94,True
Synth_BTC,BTC,0.59999999999999998,Eco,33,1519,105,True
Synth_BTC,BTC,0.59999999999999998,Eco,34,1550,92,True
Synth_BTC,BTC,0.59999999999999998,Eco,35,1580,92,True
Synth_BTC,BTC,0.59999999999999998,Eco,36,1611,61,True
Synth_BTC,BTC,0.59999999999999998,Eco,37,1641,45,True
Synth_BTC,BTC,0.59999999999999998,Eco,38,1672,45,True
Synth_BTC,BTC,0.59999999999999998,Eco,39,1703,69,True
Synth_BTC,BTC,0.59999999999999998,Eco,40,1733,64,True
Synth_BTC,BTC,0.59999999999999998,Eco,41,1764,74,True
Synth_BTC,BTC,0.59999999999999998,Eco,42,1794,73,True
Synth_BTC,BTC,0.59999999999999998,Eco,43,1825,68,True
Synth_BTC,BTC,0.59999999999999998,Eco,44,1856,53,True
Synth_BTC,BTC,0.59999999999999998,Eco,45,1885,65,True
Synth_BTC,BTC,0.59999999999999998,Eco,46,1916,74,True
Synth_BTC,BTC,0.59999999999999998,Eco,47,1946,54,True
Synth_BTC,BTC,0.59999999999999998,Eco,48,1977,54,True
Synth_BTC,BTC,0.59999999999999998,Eco,49,2007,55,True
Synth_BTC,BTC,0.59999999999999998,Eco,50,2038,53,True
Synth_BTC,BTC,0.59999999999999998,Eco,51,2069,62,True
Synth_BTC,BTC,0.59999999999999998,Eco,52,2099,65,True
Synth_BTC,BTC,0.59999999999999998,Eco,53,2130,92,True
Synth_BTC,BTC,0.59999999999999998,Eco,54,2160,97,True
Synth_BTC,BTC,0.59999999999999998,Eco,55,2191,83,True
Synth_BTC,BTC,0.59999999999999998,Eco,56,2222,88,True
Synth_BTC,BTC,0.59999999999999998,Eco,57,2250,79,True
Synth_BTC,BTC,0.59999999999999998,Eco,58,2281,64,True
Synth_BTC,BTC,0.59999999999999998,Eco,59,2311,67,True
Synth_BTC,BTC,0.59999999999999998,Eco,60,2342,61,True
Synth_BTC,BTC,0.59999999999999998,Eco,61,2372,46,True
Synth_BTC,BTC,0.59999999999999998,Eco,62,2403,71,True
Synth_BTC,BTC,0.59999999999999998,Eco,63,2434,70,True
Synth_BTC,BTC,0.59999999999999998,Eco,64,2464,65,True
Synth_BTC,BTC,0.59999999999999998,Eco,65,2495,65,True
Synth_BTC,BTC,0.59999999999999998,Eco,66,2525,65,True
Synth_BTC,BTC,0.59999999999999998,Eco,67,2556,64,True
Synth_BTC,BTC,0.59999999999999998,Eco,68,2587,62,True
Synth_BTC,BTC,0.59999999999999998,Eco,69,2615,51,True
Synth_BTC,BTC,0.59999999999999998,Eco,70,2646,48,True
Synth_BTC,BTC,0.59999999999999998,Eco,71,2676,82,True
Synth_BTC,BTC,0.59999999999999998,Eco,72,2707,73,True
Synth_BTC,BTC,0.59999999999999998,Eco,73,2737,58,True
Synth_BTC,BTC,0.59999999999999998,Eco,74,2768,62,True
Synth_BTC,BTC,0.59999999999999998,Eco,75,2799,108,True
Synth_BTC,BTC,0.59999999999999998,Eco,76,2829,94,True
Synth_BTC,BTC,0.59999999999999998,Eco,77,2860,77,True
Synth_BTC,BTC,0.59999999999999998,Eco,78,2890,54,True
Synth_BTC,BTC,0.59999999999999998,Eco,79,2921,39,True
Synth_BTC,BTC,0.59999999999999998,Eco,80,2952,60,True
Synth_BTC,BTC,0.59999999999999998,Eco,81,2980,66,True
Synth_BTC,BTC,0.59999999999999998,Eco,82,3011,64,True
Synth_BTC,BTC,0.59999999999999998,Eco,83,3041,53,True
Synth_BTC,BTC,0.59999999999999998,Eco,84,3072,53,True
Synth_BTC,BTC,0.59999999999999998,Eco,85,3102,62,True
Synth_BTC,BTC,0.59999999999999998,Eco,86,3133,70,True
Synth_BTC,BTC,0.59999999999999998,Eco,87,3164,54,True
Synth_BTC,BTC,0.59999999999999998,Eco,88,3194,72,True
Synth_BTC,BTC,0.59999999999999998,Eco,89,3225,75,True
Synth_BTC,BTC,0.59999999999999998,Eco,90,3255,61,True
Synth_BTC,BTC,0.59999999999999998,Eco,91,3286,62,True
Synth_BTC,BTC,0.59999999999999998,Eco,92,3317,83,True
Synth_BTC,BTC,0.59999999999999998,Eco,93,3346,79,True
Synth_BTC,BTC,0.59999999999999998,Eco,94,3377,67,True
Synth_BTC,BTC,0.59999999999999998,Eco,95,3407,53,True
Synth_BTC,BTC,0.59999999999999998,Eco,96,3438,67,True
Synth_BTC,BTC,0.59999999999999998,Eco,97,3468,73,True
Synth_BTC,BTC,0.59999999999999998,Eco,98,3499,65,True
Synth_BTC,BTC,0.59999999999999998,Eco,99,3530,68,True
Synth_BTC,BTC,0.59999999999999998,Eco,100,3560,55,True
Synth_BTC,BTC,0.59999999999999998,Eco,101,3591,49,True
Synth_BTC,BTC,0.59999999999999998,Eco,102,3621,47,True
Synth_BTC,BTC,0.59999999999999998,Eco,103,3652,47,True
Synth_BTC,BTC,0.59999999999999998,Eco,104,3683,49,True
Synth_BTC,BTC,0.59999999999999998,Eco,105,3711,77,True
Synth_BTC,BTC,0.75,Concept,0,516,59,True
Synth_BTC,BTC,0.75,Concept,1,546,60,True
Synth_BTC,BTC,0.75,Concept,2,577,48,True
Synth_BTC,BTC,0.75,Concept,3,608,78,True
Synth_BTC,BTC,0.75,Concept,4,638,64,True
Synth_BTC,BTC,0.75,Concept,5,669,81,True
Synth_BTC,BTC,0.75,Concept,6,699,68,True
Synth_BTC,BTC,0.75,Concept,7,730,42,True
Synth_BTC,BTC,0.75,Concept,8,761,34,True
Synth_BTC,BTC,0.75,Concept,9,789,39,True
Synth_BTC,BTC,0.75,Concept,10,820,51,True
Synth_BTC,BTC,0.75,Concept,11,850,45,True
Synth_BTC,BTC,0.75,Concept,12,881,35,True
Synth_BTC,BTC,0.75,Concept,13,911,59,True
Synth_BTC,BTC,0.75,Concept,14,942,50,True
Synth_BTC,BTC,0.75,Concept,15,973,44,True
Synth_BTC,BTC,0.75,Concept,16,1003,39,True
Synth_BTC,BTC,0.75,Concept,17,1034,29,True
Synth_BTC,BTC,0.75,Concept,18,1064,39,True
Synth_BTC,BTC,0.75,Concept,19,1095,41,True
Synth_BTC,BTC,0.75,Concept,20,1126,40,True
Synth_BTC,BTC,0.75,Concept,21,1154,36,True
Synth_BTC,BTC,0.75,Concept,22,1185,57,True
Synth_BTC,BTC,0.75,Concept,23,1215,54,True
Synth_BTC,BTC,0.75,Concept,24,1246,62,True
Synth_BTC,BTC,0.75,Concept,25,1276,51,True
Synth_BTC,BTC,0.75,Concept,26,1307,42,True
Synth_BTC,BTC,0.75,Concept,27,1338,63,True
Synth_BTC,BTC,0.75,Concept,28,1368,49,True
Synth_BTC,BTC,0.75,Concept,29,1399,42,True
Synth_BTC,BTC,0.75,Concept,30,1429,40,True
Synth_BTC,BTC,0.75,Concept,31,1460,127,True
Synth_BTC,BTC,0.75,Concept,32,1491,127,True
Synth_BTC,BTC,0.75,Concept,33,1519,102,True
Synth_BTC,BTC,0.75,Concept,34,1550,73,True
Synth_BTC,BTC,0.75,Concept,35,1580,58,True
Synth_BTC,BTC,0.75,Concept,36,1611,32,True
Synth_BTC,BTC,0.75,Concept,37,1641,42,True
Synth_BTC,BTC,0.75,Concept,38,1672,37,True
Synth_BTC,BTC,0.75,Concept,39,1703,37,True
Synth_BTC,BTC,0.75,Concept,40,1733,39,True
Synth_BTC,BTC,0.75,Concept,41,1764,70,True
Synth_BTC,BTC,0.75,Concept,42,1794,64,True
Synth_BTC,BTC,0.75,Concept,43,1825,43,True
Synth_BTC,BTC,0.75,Concept,44,1856,32,True
Synth_BTC,BTC,0.75,Concept,45,1885,55,True
Synth_BTC,BTC,0.75,Concept,46,1916,69,True
Synth_BTC,BTC,0.75,Concept,47,1946,52,True
Synth_BTC,BTC,0.75,Concept,48,1977,29,True
Synth_BTC,BTC,0.75,Concept,49,2007,42,True
Synth_BTC,BTC,0.75,Concept,50,2038,39,True
Synth_BTC,BTC,0.75,Concept,51,2069,42,True
Synth_BTC,BTC,0.75,Concept,52,2099,46,True
Synth_BTC,BTC,0.75,Concept,53,2130,67,True
Synth_BTC,BTC,0.75,Concept,54,2160,64,True
Synth_BTC,BTC,0.75,Concept,55,2191,57,True
Synth_BTC,BTC,0.75,Concept,56,2222,52,True
Synth_BTC,BTC,0.75,Concept,57,2250,57,True
Synth_BTC,BTC,0.75,Concept,58,2281,46,True
Synth_BTC,BTC,0.75,Concept,59,2311,32,True
Synth_BTC,BTC,0.75,Concept,60,2342,50,True
Synth_BTC,BTC,0.75,Concept,61,2372,39,True
Synth_BTC,BTC,0.75,Concept,62,2403,34,True
Synth_BTC,BTC,0.75,Concept,63,2434,58,True
Synth_BTC,BTC,0.75,Concept,64,2464,37,True
Synth_BTC,BTC,0.75,Concept,65,2495,47,True
Synth_BTC,BTC,0.75,Concept,66,2525,49,True
Synth_BTC,BTC,0.75,Concept,67,2556,39,True
Synth_BTC,BTC,0.75,Concept,68,2587,44,True
Synth_BTC,BTC,0.75,Concept,69,2615,49,True
Synth_BTC,BTC,0.75,Concept,70,2646,42,True
Synth_BTC,BTC,0.75,Concept,71,2676,58,True
Synth_BTC,BTC,0.75,Concept,72,2707,70,True
Synth_BTC,BTC,0.75,Concept,73,2737,52,True
Synth_BTC,BTC,0.75,Concept,74,2768,68,True
Synth_BTC,BTC,0.75,Concept,75,2799,60,True
Synth_BTC,BTC,0.75,Concept,76,2829,37,True
Synth_BTC,BTC,0.75,Concept,77,2860,72,True
Synth_BTC,BTC,0.75,Concept,78,2890,45,True
Synth_BTC,BTC,0.75,Concept,79,2921,27,True
Synth_BTC,BTC,0.75,Concept,80,2952,42,True
Synth_BTC,BTC,0.75,Concept,81,2980,56,True
Synth_BTC,BTC,0.75,Concept,82,3011,42,True
Synth_BTC,BTC,0.75,Concept,83,3041,52,True
Synth_BTC,BTC,0.75,Concept,84,3072,35,True
Synth_BTC,BTC,0.75,Concept,85,3102,34,True
Synth_BTC,BTC,0.75,Concept,86,3133,67,True
Synth_BTC,BTC,0.75,Concept,87,3164,44,True
Synth_BTC,BTC,0.75,Concept,88,3194,29,True
Synth_BTC,BTC,0.75,Concept,89,3225,67,True
Synth_BTC,BTC,0.75,Concept,90,3255,57,True
Synth_BTC,BTC,0.75,Concept,91,3286,51,True
Synth_BTC,BTC,0.75,Concept,92,3317,98,True
Synth_BTC,BTC,0.75,Concept,93,3346,80,True
Synth_BTC,BTC,0.75,Concept,94,3377,49,True
Synth_BTC,BTC,0.75,Concept,95,3407,39,True
Synth_BTC,BTC,0.75,Concept,96,3438,46,True
Synth_BTC,BTC,0.75,Concept,97,3468,57,True
Synth_BTC,BTC,0.75,Concept,98,3499,39,True
Synth_BTC,BTC,0.75,Concept,99,3530,45,True
Synth_BTC,BTC,0.75,Concept,100,3560,44,True
Synth_BTC,BTC,0.75,Concept,101,3591,29,True
Synth_BTC,BTC,0.75,Concept,102,3621,32,True
Synth_BTC,BTC,0.75,Concept,103,3652,37,True
Synth_BTC,BTC,0.75,Concept,104,3683,24,True
Synth_BTC,BTC,0.75,Concept,105,3711,62,True
Synth_BTC,BTC,0.75,Eco,0,516,41,True
Synth_BTC,BTC,0.75,Eco,1,546,41,True
Synth_BTC,BTC,0.75,Eco,2,577,38,True
Synth_BTC,BTC,0.75,Eco,3,608,53,True
Synth_BTC,BTC,0.75,Eco,4,638,76,True
Synth_BTC,BTC,0.75,Eco,5,669,82,True
Synth_BTC,BTC,0.75,Eco,6,699,62,True
Synth_BTC,BTC,0.75,Eco,7,730,46,True
Synth_BTC,BTC,0.75,Eco,8,761,41,True
Synth_BTC,BTC,0.75,Eco,9,789,43,True
Synth_BTC,BTC,0.75,Eco,10,820,48,True
Synth_BTC,BTC,0.75,Eco,11,850,40,True
Synth_BTC,BTC,0.75,Eco,12,881,51,True
Synth_BTC,BTC,0.75,Eco,13,911,63,True
Synth_BTC,BTC,0.75,Eco,14,942,61,True
Synth_BTC,BTC,0.75,Eco,15,973,53,True
Synth_BTC,BTC,0.75,Eco,16,1003,41,True
Synth_BTC,BTC,0.75,Eco,17,1034,34,True
Synth_BTC,BTC,0.75,Eco,18,1064,41,True
Synth_BTC,BTC,0.75,Eco,19,1095,59,True
Synth_BTC,BTC,0.75,Eco,20,1126,59,True
Synth_BTC,BTC,0.75,Eco,21,1154,50,True
Synth_BTC,BTC,0.75,Eco,22,1185,51,True
Synth_BTC,BTC,0.75,Eco,23,1215,46,True
Synth_BTC,BTC,0.75,Eco,24,1246,60,True
Synth_BTC,BTC,0.75,Eco,25,1276,65,True
Synth_BTC,BTC,0.75,Eco,26,1307,59,True
Synth_BTC,BTC,0.75,Eco,27,1338,53,True
Synth_BTC,BTC,0.75,Eco,28,1368,47,True
Synth_BTC,BTC,0.75,Eco,29,1399,50,True
Synth_BTC,BTC,0.75,Eco,30,1429,53,True
Synth_BTC,BTC,0.75,Eco,31,1460,66,True
Synth_BTC,BTC,0.75,Eco,32,1491,78,True
Synth_BTC,BTC,0.75,Eco,33,1519,56,True
Synth_BTC,BTC,0.75,Eco,34,1550,73,True
Synth_BTC,BTC,0.75,Eco,35,1580,77,True
Synth_BTC,BTC,0.75,Eco,36,1611,50,True
Synth_BTC,BTC,0.75,Eco,37,1641,41,True
Synth_BTC,BTC,0.75,Eco,38,1672,41,True
Synth_BTC,BTC,0.75,Eco,39,1703,56,True
Synth_BTC,BTC,0.75,Eco,40,1733,56,True
Synth_BTC,BTC,0.75,Eco,41,1764,44,True
Synth_BTC,BTC,0.75,Eco,42,1794,64,True
Synth_BTC,BTC,0.75,Eco,43,1825,61,True
Synth_BTC,BTC,0.75,Eco,44,1856,45,True
Synth_BTC,BTC,0.75,Eco,45,1885,53,True
Synth_BTC,BTC,0.75,Eco,46,1916,61,True
Synth_BTC,BTC,0.75,Eco,47,1946,49,True
Synth_BTC,BTC,0.75,Eco,48,1977,43,True
Synth_BTC,BTC,0.75,Eco,49,2007,50,True
Synth_BTC,BTC,0.75,Eco,50,2038,43,True
Synth_BTC,BTC,0.75,Eco,51,2069,45,True
Synth_BTC,BTC,0.75,Eco,52,2099,47,True
Synth_BTC,BTC,0.75,Eco,53,2130,67,True
Synth_BTC,BTC,0.75,Eco,54,2160,75,True
Synth_BTC,BTC,0.75,Eco,55,2191,65,True
Synth_BTC,BTC,0.75,Eco,56,2222,57,True
Synth_BTC,BTC,0.75,Eco,57,2250,60,True
Synth_BTC,BTC,0.75,Eco,58,2281,57,True
Synth_BTC,BTC,0.75,Eco,59,2311,51,True
Synth_BTC,BTC,0.75,Eco,60,2342,52,True
Synth_BTC,BTC,0.75,Eco,61,2372,35,True
Synth_BTC,BTC,0.75,Eco,62,2403,57,True
Synth_BTC,BTC,0.75,Eco,63,2434,59,True
Synth_BTC,BTC,0.75,Eco,64,2464,48,True
Synth_BTC,BTC,0.75,Eco,65,2495,47,True
Synth_BTC,BTC,0.75,Eco,66,2525,44,True
Synth_BTC,BTC,0.75,Eco,67,2556,42,True
Synth_BTC,BTC,0.75,Eco,68,2587,46,True
Synth_BTC,BTC,0.75,Eco,69,2615,44,True
Synth_BTC,BTC,0.75,Eco,70,2646,40,True
Synth_BTC,BTC,0.75,Eco,71,2676,69,True
Synth_BTC,BTC,0.75,Eco,72,2707,70,True
Synth_BTC,BTC,0.75,Eco,73,2737,43,True
Synth_BTC,BTC,0.75,Eco,74,2768,50,True
Synth_BTC,BTC,0.75,Eco,75,2799,68,True
Synth_BTC,BTC,0.75,Eco,76,2829,75,True
Synth_BTC,BTC,0.75,Eco,77,2860,66,True
Synth_BTC,BTC,0.75,Eco,78,2890,47,True
Synth_BTC,BTC,0.75,Eco,79,2921,33,True
Synth_BTC,BTC,0.75,Eco,80,2952,45,True
Synth_BTC,BTC,0.75,Eco,81,2980,55,True
Synth_BTC,BTC,0.75,Eco,82,3011,54,True
Synth_BTC,BTC,0.75,Eco,83,3041,46,True
Synth_BTC,BTC,0.75,Eco,84,3072,46,True
Synth_BTC,BTC,0.75,Eco,85,3102,37,True
Synth_BTC,BTC,0.75,Eco,86,3133,55,True
Synth_BTC,BTC,0.75,Eco,87,3164,48,True
Synth_BTC,BTC,0.75,Eco,88,3194,58,True
Synth_BTC,BTC,0.75,Eco,89,3225,58,True
Synth_BTC,BTC,0.75,Eco,90,3255,52,True
Synth_BTC,BTC,0.75,Eco,91,3286,53,True
Synth_BTC,BTC,0.75,Eco,92,3317,74,True
Synth_BTC,BTC,0.75,Eco,93,3346,70,True
Synth_BTC,BTC,0.75,Eco,94,3377,59,True
Synth_BTC,BTC,0.75,Eco,95,3407,47,True
Synth_BTC,BTC,0.75,Eco,96,3438,57,True
Synth_BTC,BTC,0.75,Eco,97,3468,59,True
Synth_BTC,BTC,0.75,Eco,98,3499,50,True
Synth_BTC,BTC,0.75,Eco,99,3530,49,True
Synth_BTC,BTC,0.75,Eco,100,3560,48,True
Synth_BTC,BTC,0.75,Eco,101,3591,43,True
Synth_BTC,BTC,0.75,Eco,102,3621,42,True
Synth_BTC,BTC,0.75,Eco,103,3652,41,True
Synth_BTC,BTC,0.75,Eco,104,3683,45,True
Synth_BTC,BTC,0.75,Eco,105,3711,61,True
Synth_BTC,BTC,1,Concept,0,516,32,True
Synth_BTC,BTC,1,Concept,1,546,42,True
Synth_BTC,BTC,1,Concept,2,577,36,True
Synth_BTC,BTC,1,Concept,3,608,63,True
Synth_BTC,BTC,1,Concept,4,638,59,True
Synth_BTC,BTC,1,Concept,5,669,46,True
Synth_BTC,BTC,1,Concept,6,699,54,True
Synth_BTC,BTC,1,Concept,7,730,37,True
Synth_BTC,BTC,1,Concept,8,761,32,True
Synth_BTC,BTC,1,Concept,9,789,34,True
Synth_BTC,BTC,1,Concept,10,820,27,True
Synth_BTC,BTC,1,Concept,11,850,40,True
Synth_BTC,BTC,1,Concept,12,881,32,True
Synth_BTC,BTC,1,Concept,13,911,29,True
Synth_BTC,BTC,1,Concept,14,942,49,True
Synth_BTC,BTC,1,Concept,15,973,42,True
Synth_BTC,BTC,1,Concept,16,1003,29,True
Synth_BTC,BTC,1,Concept,17,1034,27,True
Synth_BTC,BTC,1,Concept,18,1064,32,True
Synth_BTC,BTC,1,Concept,19,1095,34,True
Synth_BTC,BTC,1,Concept,20,1126,35,True
Synth_BTC,BTC,1,Concept,21,1154,31,True
Synth_BTC,BTC,1,Concept,22,1185,29,True
Synth_BTC,BTC,1,Concept,23,1215,39,True
Synth_BTC,BTC,1,Concept,24,1246,31,True
Synth_BTC,BTC,1,Concept,25,1276,43,True
Synth_BTC,BTC,1,Concept,26,1307,37,True
Synth_BTC,BTC,1,Concept,27,1338,43,True
Synth_BTC,BTC,1,Concept,28,1368,32,True
Synth_BTC,BTC,1,Concept,29,1399,32,True
Synth_BTC,BTC,1,Concept,30,1429,37,True
Synth_BTC,BTC,1,Concept,31,1460,34,True
Synth_BTC,BTC,1,Concept,32,1491,44,True
Synth_BTC,BTC,1,Concept,33,1519,62,True
Synth_BTC,BTC,1,Concept,34,1550,69,True
Synth_BTC,BTC,1,Concept,35,1580,57,True
Synth_BTC,BTC,1,Concept,36,1611,29,True
Synth_BTC,BTC,1,Concept,37,1641,32,True
Synth_BTC,BTC,1,Concept,38,1672,34,True
Synth_BTC,BTC,1,Concept,39,1703,24,True
Synth_BTC,BTC,1,Concept,40,1733,32,True
Synth_BTC,BTC,1,Concept,41,1764,37,True
Synth_BTC,BTC,1,Concept,42,1794,47,True
Synth_BTC,BTC,1,Concept,43,1825,36,True
Synth_BTC,BTC,1,Concept,44,1856,32,True
Synth_BTC,BTC,1,Concept,45,1885,37,True
Synth_BTC,BTC,1,Concept,46,1916,34,True
Synth_BTC,BTC,1,Concept,47,1946,40,True
Synth_BTC,BTC,1,Concept,48,1977,24,True
Synth_BTC,BTC,1,Concept,49,2007,34,True
Synth_BTC,BTC,1,Concept,50,2038,29,True
Synth_BTC,BTC,1,Concept,51,2069,34,True
Synth_BTC,BTC,1,Concept,52,2099,31,True
Synth_BTC,BTC,1,Concept,53,2130,52,True
Synth_BTC,BTC,1,Concept,54,2160,51,True
Synth_BTC,BTC,1,Concept,55,2191,42,True
Synth_BTC,BTC,1,Concept,56,2222,42,True
Synth_BTC,BTC,1,Concept,57,2250,45,True
Synth_BTC,BTC,1,Concept,58,2281,34,True
Synth_BTC,BTC,1,Concept,59,2311,32,True
Synth_BTC,BTC,1,Concept,60,2342,40,True
Synth_BTC,BTC,1,Concept,61,2372,32,True
Synth_BTC,BTC,1,Concept,62,2403,27,True
Synth_BTC,BTC,1,Concept,63,2434,50,True
Synth_BTC,BTC,1,Concept,64,2464,32,True
Synth_BTC,BTC,1,Concept,65,2495,39,True
Synth_BTC,BTC,1,Concept,66,2525,29,True
Synth_BTC,BTC,1,Concept,67,2556,27,True
Synth_BTC,BTC,1,Concept,68,2587,39,True
Synth_BTC,BTC,1,Concept,69,2615,37,True
Synth_BTC,BTC,1,Concept,70,2646,27,True
Synth_BTC,BTC,1,Concept,71,2676,29,True
Synth_BTC,BTC,1,Concept,72,2707,68,True
Synth_BTC,BTC,1,Concept,73,2737,44,True
Synth_BTC,BTC,1,Concept,74,2768,58,True
Synth_BTC,BTC,1,Concept,75,2799,45,True
Synth_BTC,BTC,1,Concept,76,2829,32,True
Synth_BTC,BTC,1,Concept,77,2860,65,True
Synth_BTC,BTC,1,Concept,78,2890,38,True
Synth_BTC,BTC,1,Concept,79,2921,27,True
Synth_BTC,BTC,1,Concept,80,2952,29,True
Synth_BTC,BTC,1,Concept,81,2980,39,True
Synth_BTC,BTC,1,Concept,82,3011,32,True
Synth_BTC,BTC,1,Concept,83,3041,44,True
Synth_BTC,BTC,1,Concept,84,3072,30,True
Synth_BTC,BTC,1,Concept,85,3102,27,True
Synth_BTC,BTC,1,Concept,86,3133,58,True
Synth_BTC,BTC,1,Concept,87,3164,42,True
Synth_BTC,BTC,1,Concept,88,3194,27,True
Synth_BTC,BTC,1,Concept,89,3225,37,True
Synth_BTC,BTC,1,Concept,90,3255,39,True
Synth_BTC,BTC,1,Concept,91,3286,32,True
Synth_BTC,BTC,1,Concept,92,3317,40,True
Synth_BTC,BTC,1,Concept,93,3346,49,True
Synth_BTC,BTC,1,Concept,94,3377,34,True
Synth_BTC,BTC,1,Concept,95,3407,37,True
Synth_BTC,BTC,1,Concept,96,3438,25,True
Synth_BTC,BTC,1,Concept,97,3468,37,True
Synth_BTC,BTC,1,Concept,98,3499,34,True
Synth_BTC,BTC,1,Concept,99,3530,35,True
Synth_BTC,BTC,1,Concept,100,3560,32,True
Synth_BTC,BTC,1,Concept,101,3591,27,True
Synth_BTC,BTC,1,Concept,102,3621,29,True
Synth_BTC,BTC,1,Concept,103,3652,34,True
Synth_BTC,BTC,1,Concept,104,3683,24,True
Synth_BTC,BTC,1,Concept,105,3711,32,True
Synth_BTC,BTC,1,Eco,0,516,29,True
Synth_BTC,BTC,1,Eco,1,546,31,True
Synth_BTC,BTC,1,Eco,2,577,29,True
Synth_BTC,BTC,1,Eco,3,608,36,True
Synth_BTC,BTC,1,Eco,4,638,48,True
Synth_BTC,BTC,1,Eco,5,669,58,True
Synth_BTC,BTC,1,Eco,6,699,52,True
Synth_BTC,BTC,1,Eco,7,730,39,True
Synth_BTC,BTC,1,Eco,8,761,31,True
Synth_BTC,BTC,1,Eco,9,789,33,True
Synth_BTC,BTC,1,Eco,10,820,37,True
Synth_BTC,BTC,1,Eco,11,850,31,True
Synth_BTC,BTC,1,Eco,12,881,32,True
Synth_BTC,BTC,1,Eco,13,911,46,True
Synth_BTC,BTC,1,Eco,14,942,43,True
Synth_BTC,BTC,1,Eco,15,973,38,True
Synth_BTC,BTC,1,Eco,16,1003,33,True
Synth_BTC,BTC,1,Eco,17,1034,27,True
Synth_BTC,BTC,1,Eco,18,1064,31,True
Synth_BTC,BTC,1,Eco,19,1095,40,True
Synth_BTC,BTC,1,Eco,20,1126,40,True
Synth_BTC,BTC,1,Eco,21,1154,37,True
Synth_BTC,BTC,1,Eco,22,1185,38,True
Synth_BTC,BTC,1,Eco,23,1215,39,True
Synth_BTC,BTC,1,Eco,24,1246,41,True
Synth_BTC,BTC,1,Eco,25,1276,47,True
Synth_BTC,BTC,1,Eco,26,1307,40,True
Synth_BTC,BTC,1,Eco,27,1338,42,True
Synth_BTC,BTC,1,Eco,28,1368,35,True
Synth_BTC,BTC,1,Eco,29,1399,33,True
Synth_BTC,BTC,1,Eco,30,1429,38,True
Synth_BTC,BTC,1,Eco,31,1460,43,True
Synth_BTC,BTC,1,Eco,32,1491,46,True
Synth_BTC,BTC,1,Eco,33,1519,42,True
Synth_BTC,BTC,1,Eco,34,1550,39,True
Synth_BTC,BTC,1,Eco,35,1580,58,True
Synth_BTC,BTC,1,Eco,36,1611,40,True
Synth_BTC,BTC,1,Eco,37,1641,35,True
Synth_BTC,BTC,1,Eco,38,1672,31,True
Synth_BTC,BTC,1,Eco,39,1703,39,True
Synth_BTC,BTC,1,Eco,40,1733,41,True
Synth_BTC,BTC,1,Eco,41,1764,35,True
Synth_BTC,BTC,1,Eco,42,1794,45,True
Synth_BTC,BTC,1,Eco,43,1825,44,True
Synth_BTC,BTC,1,Eco,44,1856,37,True
Synth_BTC,BTC,1,Eco,45,1885,34,True
Synth_BTC,BTC,1,Eco,46,1916,46,True
Synth_BTC,BTC,1,Eco,47,1946,40,True
Synth_BTC,BTC,1,Eco,48,1977,33,True
Synth_BTC,BTC,1,Eco,49,2007,41,True
Synth_BTC,BTC,1,Eco,50,2038,38,True
Synth_BTC,BTC,1,Eco,51,2069,40,True
Synth_BTC,BTC,1,Eco,52,2099,40,True
Synth_BTC,BTC,1,Eco,53,2130,41,True
Synth_BTC,BTC,1,Eco,54,2160,53,True
Synth_BTC,BTC,1,Eco,55,2191,50,True
Synth_BTC,BTC,1,Eco,56,2222,46,True
Synth_BTC,BTC,1,Eco,57,2250,44,True
Synth_BTC,BTC,1,Eco,58,2281,46,True
Synth_BTC,BTC,1,Eco,59,2311,32,True
Synth_BTC,BTC,1,Eco,60,2342,41,True
Synth_BTC,BTC,1,Eco,61,2372,26,True
Synth_BTC,BTC,1,Eco,62,2403,32,True
Synth_BTC,BTC,1,Eco,63,2434,44,True
Synth_BTC,BTC,1,Eco,64,2464,36,True
Synth_BTC,BTC,1,Eco,65,2495,37,True
Synth_BTC,BTC,1,Eco,66,2525,35,True
Synth_BTC,BTC,1,Eco,67,2556,36,True
Synth_BTC,BTC,1,Eco,68,2587,37,True
Synth_BTC,BTC,1,Eco,69,2615,35,True
Synth_BTC,BTC,1,Eco,70,2646,29,True
Synth_BTC,BTC,1,Eco,71,2676,37,True
Synth_BTC,BTC,1,Eco,72,2707,51,True
Synth_BTC,BTC,1,Eco,73,2737,37,True
Synth_BTC,BTC,1,Eco,74,2768,29,True
Synth_BTC,BTC,1,Eco,75,2799,52,True
Synth_BTC,BTC,1,Eco,76,2829,46,True
Synth_BTC,BTC,1,Eco,77,2860,52,True
Synth_BTC,BTC,1,Eco,78,2890,39,True
Synth_BTC,BTC,1,Eco,79,2921,29,True
Synth_BTC,BTC,1,Eco,80,2952,36,True
Synth_BTC,BTC,1,Eco,81,2980,40,True
Synth_BTC,BTC,1,Eco,82,3011,36,True
Synth_BTC,BTC,1,Eco,83,3041,37,True
Synth_BTC,BTC,1,Eco,84,3072,37,True
Synth_BTC,BTC,1,Eco,85,3102,33,True
Synth_BTC,BTC,1,Eco,86,3133,42,True
Synth_BTC,BTC,1,Eco,87,3164,38,True
Synth_BTC,BTC,1,Eco,88,3194,37,True
Synth_BTC,BTC,1,Eco,89,3225,41,True
Synth_BTC,BTC,1,Eco,90,3255,42,True
Synth_BTC,BTC,1,Eco,91,3286,41,True
Synth_BTC,BTC,1,Eco,92,3317,42,True
Synth_BTC,BTC,1,Eco,93,3346,53,True
Synth_BTC,BTC,1,Eco,94,3377,46,True
Synth_BTC,BTC,1,Eco,95,3407,39,True
Synth_BTC,BTC,1,Eco,96,3438,40,True
Synth_BTC,BTC,1,Eco,97,3468,45,True
Synth_BTC,BTC,1,Eco,98,3499,40,True
Synth_BTC,BTC,1,Eco,99,3530,44,True
Synth_BTC,BTC,1,Eco,100,3560,43,True
Synth_BTC,BTC,1,Eco,101,3591,36,True
Synth_BTC,BTC,1,Eco,102,3621,35,True
Synth_BTC,BTC,1,Eco,103,3652,35,True
Synth_BTC,BTC,1,Eco,104,3683,37,True
Synth_BTC,BTC,1,Eco,105,3711,47,True
Synth_BTC,BTC,1.25,Concept,0,516,27,True
Synth_BTC,BTC,1.25,Concept,1,546,37,True
Synth_BTC,BTC,1.25,Concept,2,577,36,True
Synth_BTC,BTC,1.25,Concept,3,608,45,True
Synth_BTC,BTC,1.25,Concept,4,638,44,True
Synth_BTC,BTC,1.25,Concept,5,669,30,True
Synth_BTC,BTC,1.25,Concept,6,699,44,True
Synth_BTC,BTC,1.25,Concept,7,730,30,True
Synth_BTC,BTC,1.25,Concept,8,761,29,True
Synth_BTC,BTC,1.25,Concept,9,789,34,True
Synth_BTC,BTC,1.25,Concept,10,820,24,True
Synth_BTC,BTC,1.25,Concept,11,850,29,True
Synth_BTC,BTC,1.25,Concept,12,881,29,True
Synth_BTC,BTC,1.25,Concept,13,911,27,True
Synth_BTC,BTC,1.25,Concept,14,942,37,True
Synth_BTC,BTC,1.25,Concept,15,973,37,True
Synth_BTC,BTC,1.25,Concept,16,1003,27,True
Synth_BTC,BTC,1.25,Concept,17,1034,24,True
Synth_BTC,BTC,1.25,Concept,18,1064,32,True
Synth_BTC,BTC,1.25,Concept,19,1095,24,True
Synth_BTC,BTC,1.25,Concept,20,1126,35,True
Synth_BTC,BTC,1.25,Concept,21,1154,31,True
Synth_BTC,BTC,1.25,Concept,22,1185,24,True
Synth_BTC,BTC,1.25,Concept,23,1215,34,True
Synth_BTC,BTC,1.25,Concept,24,1246,31,True
Synth_BTC,BTC,1.25,Concept,25,1276,40,True
Synth_BTC,BTC,1.25,Concept,26,1307,34,True
Synth_BTC,BTC,1.25,Concept,27,1338,37,True
Synth_BTC,BTC,1.25,Concept,28,1368,29,True
Synth_BTC,BTC,1.25,Concept,29,1399,27,True
Synth_BTC,BTC,1.25,Concept,30,1429,32,True
Synth_BTC,BTC,1.25,Concept,31,1460,27,True
Synth_BTC,BTC,1.25,Concept,32,1491,37,True
Synth_BTC,BTC,1.25,Concept,33,1519,44,True
Synth_BTC,BTC,1.25,Concept,34,1550,34,True
Synth_BTC,BTC,1.25,Concept,35,1580,44,True
Synth_BTC,BTC,1.25,Concept,36,1611,27,True
Synth_BTC,BTC,1.25,Concept,37,1641,32,True
Synth_BTC,BTC,1.25,Concept,38,1672,27,True
Synth_BTC,BTC,1.25,Concept,39,1703,24,True
Synth_BTC,BTC,1.25,Concept,40,1733,27,True
Synth_BTC,BTC,1.25,Concept,41,1764,32,True
Synth_BTC,BTC,1.25,Concept,42,1794,47,True
Synth_BTC,BTC,1.25,Concept,43,1825,33,True
Synth_BTC,BTC,1.25,Concept,44,1856,32,True
Synth_BTC,BTC,1.25,Concept,45,1885,24,True
Synth_BTC,BTC,1.25,Concept,46,1916,34,True
Synth_BTC,BTC,1.25,Concept,47,1946,35,True
Synth_BTC,BTC,1.25,Concept,48,1977,24,True
Synth_BTC,BTC,1.25,Concept,49,2007,32,True
Synth_BTC,BTC,1.25,Concept,50,2038,24,True
Synth_BTC,BTC,1.25,Concept,51,2069,29,True
Synth_BTC,BTC,1.25,Concept,52,2099,27,True
Synth_BTC,BTC,1.25,Concept,53,2130,42,True
Synth_BTC,BTC,1.25,Concept,54,2160,49,True
Synth_BTC,BTC,1.25,Concept,55,2191,42,True
Synth_BTC,BTC,1.25,Concept,56,2222,32,True
Synth_BTC,BTC,1.25,Concept,57,2250,27,True
Synth_BTC,BTC,1.25,Concept,58,2281,31,True
Synth_BTC,BTC,1.25,Concept,59,2311,27,True
Synth_BTC,BTC,1.25,Concept,60,2342,37,True
Synth_BTC,BTC,1.25,Concept,61,2372,29,True
Synth_BTC,BTC,1.25,Concept,62,2403,27,True
Synth_BTC,BTC,1.25,Concept,63,2434,39,True
Synth_BTC,BTC,1.25,Concept,64,2464,27,True
Synth_BTC,BTC,1.25,Concept,65,2495,37,True
Synth_BTC,BTC,1.25,Concept,66,2525,24,True
Synth_BTC,BTC,1.25,Concept,67,2556,27,True
Synth_BTC,BTC,1.25,Concept,68,2587,29,True
Synth_BTC,BTC,1.25,Concept,69,2615,32,True
Synth_BTC,BTC,1.25,Concept,70,2646,27,True
Synth_BTC,BTC,1.25,Concept,71,2676,29,True
Synth_BTC,BTC,1.25,Concept,72,2707,50,True
Synth_BTC,BTC,1.25,Concept,73,2737,39,True
Synth_BTC,BTC,1.25,Concept,74,2768,37,True
Synth_BTC,BTC,1.25,Concept,75,2799,41,True
Synth_BTC,BTC,1.25,Concept,76,2829,24,True
Synth_BTC,BTC,1.25,Concept,77,2860,52,True
Synth_BTC,BTC,1.25,Concept,78,2890,32,True
Synth_BTC,BTC,1.25,Concept,79,2921,24,True
Synth_BTC,BTC,1.25,Concept,80,2952,24,True
Synth_BTC,BTC,1.25,Concept,81,2980,32,True
Synth_BTC,BTC,1.25,Concept,82,3011,32,True
Synth_BTC,BTC,1.25,Concept,83,3041,34,True
Synth_BTC,BTC,1.25,Concept,84,3072,24,True
Synth_BTC,BTC,1.25,Concept,85,3102,27,True
Synth_BTC,BTC,1.25,Concept,86,3133,34,True
Synth_BTC,BTC,1.25,Concept,87,3164,27,True
Synth_BTC,BTC,1.25,Concept,88,3194,24,True
Synth_BTC,BTC,1.25,Concept,89,3225,34,True
Synth_BTC,BTC,1.25,Concept,90,3255,34,True
Synth_BTC,BTC,1.25,Concept,91,3286,29,True
Synth_BTC,BTC,1.25,Concept,92,3317,32,True
Synth_BTC,BTC,1.25,Concept,93,3346,44,True
Synth_BTC,BTC,1.25,Concept,94,3377,32,True
Synth_BTC,BTC,1.25,Concept,95,3407,29,True
Synth_BTC,BTC,1.25,Concept,96,3438,24,True
Synth_BTC,BTC,1.25,Concept,97,3468,32,True
Synth_BTC,BTC,1.25,Concept,98,3499,27,True
Synth_BTC,BTC,1.25,Concept,99,3530,30,True
Synth_BTC,BTC,1.25,Concept,100,3560,32,True
Synth_BTC,BTC,1.25,Concept,101,3591,27,True
Synth_BTC,BTC,1.25,Concept,102,3621,27,True
Synth_BTC,BTC,1.25,Concept,103,3652,24,True
Synth_BTC,BTC,1.25,Concept,104,3683,24,True
Synth_BTC,BTC,1.25,Concept,105,3711,32,True
Synth_BTC,BTC,1.25,Eco,0,516,22,True
Synth_BTC,BTC,1.25,Eco,1,546,27,True
Synth_BTC,BTC,1.25,Eco,2,577,25,True
Synth_BTC,BTC,1.25,Eco,3,608,30,True
Synth_BTC,BTC,1.25,Eco,4,638,41,True
Synth_BTC,BTC,1.25,Eco,5,669,45,True
Synth_BTC,BTC,1.25,Eco,6,699,45,True
Synth_BTC,BTC,1.25,Eco,7,730,30,True
Synth_BTC,BTC,1.25,Eco,8,761,27,True
Synth_BTC,BTC,1.25,Eco,9,789,23,True
Synth_BTC,BTC,1.25,Eco,10,820,27,True
Synth_BTC,BTC,1.25,Eco,11,850,26,True
Synth_BTC,BTC,1.25,Eco,12,881,26,True
Synth_BTC,BTC,1.25,Eco,13,911,32,True
Synth_BTC,BTC,1.25,Eco,14,942,33,True
Synth_BTC,BTC,1.25,Eco,15,973,31,True
Synth_BTC,BTC,1.25,Eco,16,1003,27,True
Synth_BTC,BTC,1.25,Eco,17,1034,25,True
Synth_BTC,BTC,1.25,Eco,18,1064,27,True
Synth_BTC,BTC,1.25,Eco,19,1095,32,True
Synth_BTC,BTC,1.25,Eco,20,1126,33,True
Synth_BTC,BTC,1.25,Eco,21,1154,32,True
Synth_BTC,BTC,1.25,Eco,22,1185,33,True
Synth_BTC,BTC,1.25,Eco,23,1215,31,True
Synth_BTC,BTC,1.25,Eco,24,1246,28,True
Synth_BTC,BTC,1.25,Eco,25,1276,41,True
Synth_BTC,BTC,1.25,Eco,26,1307,33,True
Synth_BTC,BTC,1.25,Eco,27,1338,32,True
Synth_BTC,BTC,1.25,Eco,28,1368,32,True
Synth_BTC,BTC,1.25,Eco,29,1399,28,True
Synth_BTC,BTC,1.25,Eco,30,1429,30,True
Synth_BTC,BTC,1.25,Eco,31,1460,29,True
Synth_BTC,BTC,1.25,Eco,32,1491,37,True
Synth_BTC,BTC,1.25,Eco,33,1519,35,True
Synth_BTC,BTC,1.25,Eco,34,1550,31,True
Synth_BTC,BTC,1.25,Eco,35,1580,44,True
Synth_BTC,BTC,1.25,Eco,36,1611,31,True
Synth_BTC,BTC,1.25,Eco,37,1641,30,True
Synth_BTC,BTC,1.25,Eco,38,1672,25,True
Synth_BTC,BTC,1.25,Eco,39,1703,29,True
Synth_BTC,BTC,1.25,Eco,40,1733,31,True
Synth_BTC,BTC,1.25,Eco,41,1764,31,True
Synth_BTC,BTC,1.25,Eco,42,1794,40,True
Synth_BTC,BTC,1.25,Eco,43,1825,39,True
Synth_BTC,BTC,1.25,Eco,44,1856,33,True
Synth_BTC,BTC,1.25,Eco,45,1885,31,True
Synth_BTC,BTC,1.25,Eco,46,1916,38,True
Synth_BTC,BTC,1.25,Eco,47,1946,35,True
Synth_BTC,BTC,1.25,Eco,48,1977,29,True
Synth_BTC,BTC,1.25,Eco,49,2007,35,True
Synth_BTC,BTC,1.25,Eco,50,2038,30,True
Synth_BTC,BTC,1.25,Eco,51,2069,34,True
Synth_BTC,BTC,1.25,Eco,52,2099,32,True
Synth_BTC,BTC,1.25,Eco,53,2130,35,True
Synth_BTC,BTC,1.25,Eco,54,2160,44,True
Synth_BTC,BTC,1.25,Eco,55,2191,36,True
Synth_BTC,BTC,1.25,Eco,56,2222,37,True
Synth_BTC,BTC,1.25,Eco,57,2250,36,True
Synth_BTC,BTC,1.25,Eco,58,2281,35,True
Synth_BTC,BTC,1.25,Eco,59,2311,29,True
Synth_BTC,BTC,1.25,Eco,60,2342,33,True
Synth_BTC,BTC,1.25,Eco,61,2372,23,True
Synth_BTC,BTC,1.25,Eco,62,2403,26,True
Synth_BTC,BTC,1.25,Eco,63,2434,34,True
Synth_BTC,BTC,1.25,Eco,64,2464,29,True
Synth_BTC,BTC,1.25,Eco,65,2495,30,True
Synth_BTC,BTC,1.25,Eco,66,2525,28,True
Synth_BTC,BTC,1.25,Eco,67,2556,30,True
Synth_BTC,BTC,1.25,Eco,68,2587,30,True
Synth_BTC,BTC,1.25,Eco,69,2615,31,True
Synth_BTC,BTC,1.25,Eco,70,2646,24,True
Synth_BTC,BTC,1.25,Eco,71,2676,27,True
Synth_BTC,BTC,1.25,Eco,72,2707,41,True
Synth_BTC,BTC,1.25,Eco,73,2737,32,True
Synth_BTC,BTC,1.25,Eco,74,2768,25,True
Synth_BTC,BTC,1.25,Eco,75,2799,38,True
Synth_BTC,BTC,1.25,Eco,76,2829,38,True
Synth_BTC,BTC,1.25,Eco,77,2860,41,True
Synth_BTC,BTC,1.25,Eco,78,2890,34,True
Synth_BTC,BTC,1.25,Eco,79,2921,25,True
Synth_BTC,BTC,1.25,Eco,80,2952,28,True
Synth_BTC,BTC,1.25,Eco,81,2980,32,True
Synth_BTC,BTC,1.25,Eco,82,3011,33,True
Synth_BTC,BTC,1.25,Eco,83,3041,32,True
Synth_BTC,BTC,1.25,Eco,84,3072,32,True
Synth_BTC,BTC,1.25,Eco,85,3102,28,True
Synth_BTC,BTC,1.25,Eco,86,3133,38,True
Synth_BTC,BTC,1.25,Eco,87,3164,32,True
Synth_BTC,BTC,1.25,Eco,88,3194,30,True
Synth_BTC,BTC,1.25,Eco,89,3225,35,True
Synth_BTC,BTC,1.25,Eco,90,3255,34,True
Synth_BTC,BTC,1.25,Eco,91,3286,37,True
Synth_BTC,BTC,1.25,Eco,92,3317,37,True
Synth_BTC,BTC,1.25,Eco,93,3346,45,True
Synth_BTC,BTC,1.25,Eco,94,3377,41,True
Synth_BTC,BTC,1.25,Eco,95,3407,36,True
Synth_BTC,BTC,1.25,Eco,96,3438,37,True
Synth_BTC,BTC,1.25,Eco,97,3468,38,True
Synth_BTC,BTC,1.25,Eco,98,3499,34,True
Synth_BTC,BTC,1.25,Eco,99,3530,35,True
Synth_BTC,BTC,1.25,Eco,100,3560,36,True
Synth_BTC,BTC,1.25,Eco,101,3591,32,True
Synth_BTC,BTC,1.25,Eco,102,3621,32,True
Synth_BTC,BTC,1.25,Eco,103,3652,31,True
Synth_BTC,BTC,1.25,Eco,104,3683,29,True
Synth_BTC,BTC,1.25,Eco,105,3711,39,True
Synth_BTC,BTC,1.5,Concept,0,516,24,True
Synth_BTC,BTC,1.5,Concept,1,546,32,True
Synth_BTC,BTC,1.5,Concept,2,577,29,True
Synth_BTC,BTC,1.5,Concept,3,608,35,True
Synth_BTC,BTC,1.5,Concept,4,638,34,True
Synth_BTC,BTC,1.5,Concept,5,669,30,True
Synth_BTC,BTC,1.5,Concept,6,699,37,True
Synth_BTC,BTC,1.5,Concept,7,730,27,True
Synth_BTC,BTC,1.5,Concept,8,761,29,True
Synth_BTC,BTC,1.5,Concept,9,789,32,True
Synth_BTC,BTC,1.5,Concept,10,820,24,True
Synth_BTC,BTC,1.5,Concept,11,850,24,True
Synth_BTC,BTC,1.5,Concept,12,881,24,True
Synth_BTC,BTC,1.5,Concept,13,911,27,True
Synth_BTC,BTC,1.5,Concept,14,942,34,True
Synth_BTC,BTC,1.5,Concept,15,973,24,True
Synth_BTC,BTC,1.5,Concept,16,1003,27,True
Synth_BTC,BTC,1.5,Concept,17,1034,24,True
Synth_BTC,BTC,1.5,Concept,18,1064,27,True
Synth_BTC,BTC,1.5,Concept,19,1095,24,True
Synth_BTC,BTC,1.5,Concept,20,1126,29,True
Synth_BTC,BTC,1.5,Concept,21,1154,29,True
Synth_BTC,BTC,1.5,Concept,22,1185,24,True
Synth_BTC,BTC,1.5,Concept,23,1215,29,True
Synth_BTC,BTC,1.5,Concept,24,1246,29,True
Synth_BTC,BTC,1.5,Concept,25,1276,40,True
Synth_BTC,BTC,1.5,Concept,26,1307,34,True
Synth_BTC,BTC,1.5,Concept,27,1338,32,True
Synth_BTC,BTC,1.5,Concept,28,1368,29,True
Synth_BTC,BTC,1.5,Concept,29,1399,27,True
Synth_BTC,BTC,1.5,Concept,30,1429,24,True
Synth_BTC,BTC,1.5,Concept,31,1460,24,True
Synth_BTC,BTC,1.5,Concept,32,1491,32,True
Synth_BTC,BTC,1.5,Concept,33,1519,39,True
Synth_BTC,BTC,1.5,Concept,34,1550,32,True
Synth_BTC,BTC,1.5,Concept,35,1580,42,True
Synth_BTC,BTC,1.5,Concept,36,1611,27,True
Synth_BTC,BTC,1.5,Concept,37,1641,27,True
Synth_BTC,BTC,1.5,Concept,38,1672,27,True
Synth_BTC,BTC,1.5,Concept,39,1703,24,True
Synth_BTC,BTC,1.5,Concept,40,1733,27,True
Synth_BTC,BTC,1.5,Concept,41,1764,27,True
Synth_BTC,BTC,1.5,Concept,42,1794,44,True
Synth_BTC,BTC,1.5,Concept,43,1825,31,True
Synth_BTC,BTC,1.5,Concept,44,1856,29,True
Synth_BTC,BTC,1.5,Concept,45,1885,24,True
Synth_BTC,BTC,1.5,Concept,46,1916,32,True
Synth_BTC,BTC,1.5,Concept,47,1946,29,True
Synth_BTC,BTC,1.5,Concept,48,1977,24,True
Synth_BTC,BTC,1.5,Concept,49,2007,32,True
Synth_BTC,BTC,1.5,Concept,50,2038,24,True
Synth_BTC,BTC,1.5,Concept,51,2069,27,True
Synth_BTC,BTC,1.5,Concept,52,2099,24,True
Synth_BTC,BTC,1.5,Concept,53,2130,34,True
Synth_BTC,BTC,1.5,Concept,54,2160,46,True
Synth_BTC,BTC,1.5,Concept,55,2191,32,True
Synth_BTC,BTC,1.5,Concept,56,2222,29,True
Synth_BTC,BTC,1.5,Concept,57,2250,27,True
Synth_BTC,BTC,1.5,Concept,58,2281,29,True
Synth_BTC,BTC,1.5,Concept,59,2311,27,True
Synth_BTC,BTC,1.5,Concept,60,2342,32,True
Synth_BTC,BTC,1.5,Concept,61,2372,27,True
Synth_BTC,BTC,1.5,Concept,62,2403,27,True
Synth_BTC,BTC,1.5,Concept,63,2434,29,True
Synth_BTC,BTC,1.5,Concept,64,2464,27,True
Synth_BTC,BTC,1.5,Concept,65,2495,32,True
Synth_BTC,BTC,1.5,Concept,66,2525,24,True
Synth_BTC,BTC,1.5,Concept,67,2556,27,True
Synth_BTC,BTC,1.5,Concept,68,2587,24,True
Synth_BTC,BTC,1.5,Concept,69,2615,27,True
Synth_BTC,BTC,1.5,Concept,70,2646,27,True
Synth_BTC,BTC,1.5,Concept,71,2676,24,True
Synth_BTC,BTC,1.5,Concept,72,2707,48,True
Synth_BTC,BTC,1.5,Concept,73,2737,34,True
Synth_BTC,BTC,1.5,Concept,74,2768,34,True
Synth_BTC,BTC,1.5,Concept,75,2799,36,True
Synth_BTC,BTC,1.5,Concept,76,2829,24,True
Synth_BTC,BTC,1.5,Concept,77,2860,40,True
Synth_BTC,BTC,1.5,Concept,78,2890,27,True
Synth_BTC,BTC,1.5,Concept,79,2921,24,True
Synth_BTC,BTC,1.5,Concept,80,2952,24,True
Synth_BTC,BTC,1.5,Concept,81,2980,29,True
Synth_BTC,BTC,1.5,Concept,82,3011,29,True
Synth_BTC,BTC,1.5,Concept,83,3041,32,True
Synth_BTC,BTC,1.5,Concept,84,3072,24,True
Synth_BTC,BTC,1.5,Concept,85,3102,27,True
Synth_BTC,BTC,1.5,Concept,86,3133,34,True
Synth_BTC,BTC,1.5,Concept,87,3164,24,True
Synth_BTC,BTC,1.5,Concept,88,3194,24,True
Synth_BTC,BTC,1.5,Concept,89,3225,24,True
Synth_BTC,BTC,1.5,Concept,90,3255,32,True
Synth_BTC,BTC,1.5,Concept,91,3286,29,True
Synth_BTC,BTC,1.5,Concept,92,3317,32,True
Synth_BTC,BTC,1.5,Concept,93,3346,44,True
Synth_BTC,BTC,1.5,Concept,94,3377,27,True
Synth_BTC,BTC,1.5,Concept,95,3407,29,True
Synth_BTC,BTC,1.5,Concept,96,3438,24,True
Synth_BTC,BTC,1.5,Concept,97,3468,29,True
Synth_BTC,BTC,1.5,Concept,98,3499,24,True
Synth_BTC,BTC,1.5,Concept,99,3530,24,True
Synth_BTC,BTC,1.5,Concept,100,3560,29,True
Synth_BTC,BTC,1.5,Concept,101,3591,24,True
Synth_BTC,BTC,1.5,Concept,102,3621,27,True
Synth_BTC,BTC,1.5,Concept,103,3652,24,True
Synth_BTC,BTC,1.5,Concept,104,3683,24,True
Synth_BTC,BTC,1.5,Concept,105,3711,32,True
Synth_BTC,BTC,1.5,Eco,0,516,18,True
Synth_BTC,BTC,1.5,Eco,1,546,22,True
Synth_BTC,BTC,1.5,Eco,2,577,22,True
Synth_BTC,BTC,1.5,Eco,3,608,27,True
Synth_BTC,BTC,1.5,Eco,4,638,29,True
Synth_BTC,BTC,1.5,Eco,5,669,36,True
Synth_BTC,BTC,1.5,Eco,6,699,39,True
Synth_BTC,BTC,1.5,Eco,7,730,26,True
Synth_BTC,BTC,1.5,Eco,8,761,25,True
Synth_BTC,BTC,1.5,Eco,9,789,22,True
Synth_BTC,BTC,1.5,Eco,10,820,25,True
Synth_BTC,BTC,1.5,Eco,11,850,22,True
Synth_BTC,BTC,1.5,Eco,12,881,22,True
Synth_BTC,BTC,1.5,Eco,13,911,27,True
Synth_BTC,BTC,1.5,Eco,14,942,28,True
Synth_BTC,BTC,1.5,Eco,15,973,27,True
Synth_BTC,BTC,1.5,Eco,16,1003,24,True
Synth_BTC,BTC,1.5,Eco,17,1034,23,True
Synth_BTC,BTC,1.5,Eco,18,1064,23,True
Synth_BTC,BTC,1.5,Eco,19,1095,27,True
Synth_BTC,BTC,1.5,Eco,20,1126,28,True
Synth_BTC,BTC,1.5,Eco,21,1154,28,True
Synth_BTC,BTC,1.5,Eco,22,1185,27,True
Synth_BTC,BTC,1.5,Eco,23,1215,28,True
Synth_BTC,BTC,1.5,Eco,24,1246,26,True
Synth_BTC,BTC,1.5,Eco,25,1276,34,True
Synth_BTC,BTC,1.5,Eco,26,1307,28,True
Synth_BTC,BTC,1.5,Eco,27,1338,29,True
Synth_BTC,BTC,1.5,Eco,28,1368,27,True
Synth_BTC,BTC,1.5,Eco,29,1399,23,True
Synth_BTC,BTC,1.5,Eco,30,1429,26,True
Synth_BTC,BTC,1.5,Eco,31,1460,22,True
Synth_BTC,BTC,1.5,Eco,32,1491,31,True
Synth_BTC,BTC,1.5,Eco,33,1519,22,True
Synth_BTC,BTC,1.5,Eco,34,1550,26,True
Synth_BTC,BTC,1.5,Eco,35,1580,39,True
Synth_BTC,BTC,1.5,Eco,36,1611,29,True
Synth_BTC,BTC,1.5,Eco,37,1641,27,True
Synth_BTC,BTC,1.5,Eco,38,1672,23,True
Synth_BTC,BTC,1.5,Eco,39,1703,25,True
Synth_BTC,BTC,1.5,Eco,40,1733,27,True
Synth_BTC,BTC,1.5,Eco,41,1764,27,True
Synth_BTC,BTC,1.5,Eco,42,1794,34,True
Synth_BTC,BTC,1.5,Eco,43,1825,35,True
Synth_BTC,BTC,1.5,Eco,44,1856,30,True
Synth_BTC,BTC,1.5,Eco,45,1885,28,True
Synth_BTC,BTC,1.5,Eco,46,1916,35,True
Synth_BTC,BTC,1.5,Eco,47,1946,31,True
Synth_BTC,BTC,1.5,Eco,48,1977,27,True
Synth_BTC,BTC,1.5,Eco,49,2007,31,True
Synth_BTC,BTC,1.5,Eco,50,2038,27,True
Synth_BTC,BTC,1.5,Eco,51,2069,29,True
Synth_BTC,BTC,1.5,Eco,52,2099,28,True
Synth_BTC,BTC,1.5,Eco,53,2130,32,True
Synth_BTC,BTC,1.5,Eco,54,2160,36,True
Synth_BTC,BTC,1.5,Eco,55,2191,31,True
Synth_BTC,BTC,1.5,Eco,56,2222,33,True
Synth_BTC,BTC,1.5,Eco,57,2250,27,True
Synth_BTC,BTC,1.5,Eco,58,2281,30,True
Synth_BTC,BTC,1.5,Eco,59,2311,25,True
Synth_BTC,BTC,1.5,Eco,60,2342,29,True
Synth_BTC,BTC,1.5,Eco,61,2372,21,True
Synth_BTC,BTC,1.5,Eco,62,2403,23,True
Synth_BTC,BTC,1.5,Eco,63,2434,29,True
Synth_BTC,BTC,1.5,Eco,64,2464,25,True
Synth_BTC,BTC,1.5,Eco,65,2495,22,True
Synth_BTC,BTC,1.5,Eco,66,2525,23,True
Synth_BTC,BTC,1.5,Eco,67,2556,25,True
Synth_BTC,BTC,1.5,Eco,68,2587,23,True
Synth_BTC,BTC,1.5,Eco,69,2615,26,True
Synth_BTC,BTC,1.5,Eco,70,2646,21,True
Synth_BTC,BTC,1.5,Eco,71,2676,24,True
Synth_BTC,BTC,1.5,Eco,72,2707,35,True
Synth_BTC,BTC,1.5,Eco,73,2737,21,True
Synth_BTC,BTC,1.5,Eco,74,2768,20,True
Synth_BTC,BTC,1.5,Eco,75,2799,34,True
Synth_BTC,BTC,1.5,Eco,76,2829,33,True
Synth_BTC,BTC,1.5,Eco,77,2860,36,True
Synth_BTC,BTC,1.5,Eco,78,2890,32,True
Synth_BTC,BTC,1.5,Eco,79,2921,23,True
Synth_BTC,BTC,1.5,Eco,80,2952,26,True
Synth_BTC,BTC,1.5,Eco,81,2980,28,True
Synth_BTC,BTC,1.5,Eco,82,3011,30,True
Synth_BTC,BTC,1.5,Eco,83,3041,28,True
Synth_BTC,BTC,1.5,Eco,84,3072,29,True
Synth_BTC,BTC,1.5,Eco,85,3102,24,True
Synth_BTC,BTC,1.5,Eco,86,3133,32,True
Synth_BTC,BTC,1.5,Eco,87,3164,27,True
Synth_BTC,BTC,1.5,Eco,88,3194,27,True
Synth_BTC,BTC,1.5,Eco,89,3225,30,True
Synth_BTC,BTC,1.5,Eco,90,3255,29,True
Synth_BTC,BTC,1.5,Eco,91,3286,32,True
Synth_BTC,BTC,1.5,Eco,92,3317,33,True
Synth_BTC,BTC,1.5,Eco,93,3346,40,True
Synth_BTC,BTC,1.5,Eco,94,3377,37,True
Synth_BTC,BTC,1.5,Eco,95,3407,32,True
Synth_BTC,BTC,1.5,Eco,96,3438,31,True
Synth_BTC,BTC,1.5,Eco,97,3468,35,True
Synth_BTC,BTC,1.5,Eco,98,3499,31,True
Synth_BTC,BTC,1.5,Eco,99,3530,33,True
Synth_BTC,BTC,1.5,Eco,100,3560,34,True
Synth_BTC,BTC,1.5,Eco,101,3591,29,True
Synth_BTC,BTC,1.5,Eco,102,3621,29,True
Synth_BTC,BTC,1.5,Eco,103,3652,30,True
Synth_BTC,BTC,1.5,Eco,104,3683,27,True
Synth_BTC,BTC,1.5,Eco,105,3711,35,True
Synth_ETH,ETH,0.10000000000000001,Concept,0,507,-1,False
Synth_ETH,ETH,0.10000000000000001,Concept,1,537,-1,False
Synth_ETH,ETH,0.10000000000000001,Concept,2,568,-1,False
Synth_ETH,ETH,0.10000000000000001,Concept,3,598,-1,False
Synth_ETH,ETH,0.10000000000000001,Concept,4,629,-1,False
Synth_ETH,ETH,0.10000000000000001,Concept,5,660,-1,False
Synth_ETH,ETH,0.10000000000000001,Concept,6,690,462,True
Synth_ETH,ETH,0.10000000000000001,Concept,7,721,431,True
Synth_ETH,ETH,0.10000000000000001,Concept,8,751,-1,False
Synth_ETH,ETH,0.10000000000000001,Concept,9,782,370,True
Synth_ETH,ETH,0.10000000000000001,Concept,10,813,329,True
Synth_ETH,ETH,0.10000000000000001,Concept,11,842,283,True
Synth_ETH,ETH,0.10000000000000001,Concept,12,873,269,True
Synth_ETH,ETH,0.10000000000000001,Concept,13,903,239,True
Synth_ETH,ETH,0.10000000000000001,Concept,14,934,191,True
Synth_ETH,ETH,0.10000000000000001,Concept,15,964,161,True
Synth_ETH,ETH,0.10000000000000001,Concept,16,995,130,True
Synth_ETH,ETH,0.10000000000000001,Concept,17,1026,99,True
Synth_ETH,ETH,0.10000000000000001,Concept,18,1056,69,True
Synth_ETH,ETH,0.10000000000000001,Concept,19,1087,63,True
Synth_ETH,ETH,0.10000000000000001,Concept,20,1117,-1,False
Synth_ETH,ETH,0.10000000000000001,Concept,21,1148,-1,False
Synth_ETH,ETH,0.10000000000000001,Concept,22,1179,-1,False
Synth_ETH,ETH,0.10000000000000001,Concept,23,1207,-1,False
Synth_ETH,ETH,0.10000000000000001,Concept,24,1238,-1,False
Synth_ETH,ETH,0.10000000000000001,Concept,25,1268,-1,False
Synth_ETH,ETH,0.10000000000000001,Concept,26,1299,-1,False
Synth_ETH,ETH,0.10000000000000001,Concept,27,1329,-1,False
Synth_ETH,ETH,0.10000000000000001,Concept,28,1360,-1,False
Synth_ETH,ETH,0.10000000000000001,Concept,29,1391,-1,False
Synth_ETH,ETH,0.10000000000000001,Concept,30,1421,-1,False
Synth_ETH,ETH,0.10000000000000001,Concept,31,1452,-1,False
Synth_ETH,ETH,0.10000000000000001,Concept,32,1482,-1,False
Synth_ETH,ETH,0.10000000000000001,Concept,33,1513,-1,False
Synth_ETH,ETH,0.10000000000000001,Concept,34,1544,-1,False
Synth_ETH,ETH,0.10000000000000001,Concept,35,1572,-1,False
Synth_ETH,ETH,0.10000000000000001,Concept,36,1603,-1,False
Synth_ETH,ETH,0.10000000000000001,Concept,37,1633,-1,False
Synth_ETH,ETH,0.10000000000000001,Concept,38,1664,-1,False
Synth_ETH,ETH,0.10000000000000001,Concept,39,1694,-1,False
Synth_ETH,ETH,0.10000000000000001,Concept,40,1725,-1,False
Synth_ETH,ETH,0.10000000000000001,Concept,41,1756,-1,False
Synth_ETH,ETH,0.10000000000000001,Concept,42,1786,-1,False
Synth_ETH,ETH,0.10000000000000001,Concept,43,1817,-1,False
Synth_ETH,ETH,0.10000000000000001,Concept,44,1847,-1,False
Synth_ETH,ETH,0.10000000000000001,Concept,45,1878,-1,False
Synth_ETH,ETH,0.10000000000000001,Concept,46,1909,-1,False
Synth_ETH,ETH,0.10000000000000001,Concept,47,1937,-1,False
Synth_ETH,ETH,0.10000000000000001,Concept,48,1968,-1,False
Synth_ETH,ETH,0.10000000000000001,Concept,49,1998,-1,False
Synth_ETH,ETH,0.10000000000000001,Concept,50,2029,-1,False
Synth_ETH,ETH,0.10000000000000001,Concept,51,2059,-1,False
Synth_ETH,ETH,0.10000000000000001,Concept,52,2090,357,True
Synth_ETH,ETH,0.10000000000000001,Concept,53,2121,-1,False
Synth_ETH,ETH,0.10000000000000001,Concept,54,2151,-1,False
Synth_ETH,ETH,0.10000000000000001,Concept,55,2182,-1,False
Synth_ETH,ETH,0.10000000000000001,Concept,56,2212,-1,False
Synth_ETH,ETH,0.10000000000000001,Concept,57,2243,-1,False
Synth_ETH,ETH,0.10000000000000001,Concept,58,2274,-1,False
Synth_ETH,ETH,0.10000000000000001,Concept,59,2303,-1,False
Synth_ETH,ETH,0.10000000000000001,Concept,60,2334,-1,False
Synth_ETH,ETH,0.10000000000000001,Concept,61,2364,-1,False
Synth_ETH,ETH,0.10000000000000001,Concept,62,2395,-1,False
Synth_ETH,ETH,0.10000000000000001,Concept,63,2425,-1,False
Synth_ETH,ETH,0.10000000000000001,Concept,64,2456,-1,False
Synth_ETH,ETH,0.10000000000000001,Concept,65,2487,-1,False
Synth_ETH,ETH,0.10000000000000001,Concept,66,2517,-1,False
Synth_ETH,ETH,0.10000000000000001,Concept,67,2548,-1,False
Synth_ETH,ETH,0.10000000000000001,Concept,68,2578,-1,False
Synth_ETH,ETH,0.10000000000000001,Concept,69,2609,-1,False
Synth_ETH,ETH,0.10000000000000001,Concept,70,2640,-1,False
Synth_ETH,ETH,0.10000000000000001,Concept,71,2668,-1,False
Synth_ETH,ETH,0.10000000000000001,Eco,0,507,-1,False
Synth_ETH,ETH,0.10000000000000001,Eco,1,537,-1,False
Synth_ETH,ETH,0.10000000000000001,Eco,2,568,-1,False
Synth_ETH,ETH,0.10000000000000001,Eco,3,598,-1,False
Synth_ETH,ETH,0.10000000000000001,Eco,4,629,-1,False
Synth_ETH,ETH,0.10000000000000001,Eco,5,660,-1,False
Synth_ETH,ETH,0.10000000000000001,Eco,6,690,461,True
Synth_ETH,ETH,0.10000000000000001,Eco,7,721,440,True
Synth_ETH,ETH,0.10000000000000001,Eco,8,751,406,True
Synth_ETH,ETH,0.10000000000000001,Eco,9,782,369,True
Synth_ETH,ETH,0.10000000000000001,Eco,10,813,310,True
Synth_ETH,ETH,0.10000000000000001,Eco,11,842,269,True
Synth_ETH,ETH,0.10000000000000001,Eco,12,873,276,True
Synth_ETH,ETH,0.10000000000000001,Eco,13,903,238,True
Synth_ETH,ETH,0.10000000000000001,Eco,14,934,190,True
Synth_ETH,ETH,0.10000000000000001,Eco,15,964,186,True
Synth_ETH,ETH,0.10000000000000001,Eco,16,995,153,True
Synth_ETH,ETH,0.10000000000000001,Eco,17,1026,99,True
Synth_ETH,ETH,0.10000000000000001,Eco,18,1056,92,True
Synth_ETH,ETH,0.10000000000000001,Eco,19,1087,92,True
Synth_ETH,ETH,0.10000000000000001,Eco,20,1117,439,True
Synth_ETH,ETH,0.10000000000000001,Eco,21,1148,-1,False
Synth_ETH,ETH,0.10000000000000001,Eco,22,1179,-1,False
Synth_ETH,ETH,0.10000000000000001,Eco,23,1207,-1,False
Synth_ETH,ETH,0.10000000000000001,Eco,24,1238,-1,False
Synth_ETH,ETH,0.10000000000000001,Eco,25,1268,-1,False
Synth_ETH,ETH,0.10000000000000001,Eco,26,1299,-1,False
Synth_ETH,ETH,0.10000000000000001,Eco,27,1329,-1,False
Synth_ETH,ETH,0.10000000000000001,Eco,28,1360,-1,False
Synth_ETH,ETH,0.10000000000000001,Eco,29,1391,-1,False
Synth_ETH,ETH,0.10000000000000001,Eco,30,1421,-1,False
Synth_ETH,ETH,0.10000000000000001,Eco,31,1452,-1,False
Synth_ETH,ETH,0.10000000000000001,Eco,32,1482,-1,False
Synth_ETH,ETH,0.10000000000000001,Eco,33,1513,-1,False
Synth_ETH,ETH,0.10000000000000001,Eco,34,1544,-1,False
Synth_ETH,ETH,0.10000000000000001,Eco,35,1572,-1,False
Synth_ETH,ETH,0.10000000000000001,Eco,36,1603,-1,False
Synth_ETH,ETH,0.10000000000000001,Eco,37,1633,-1,False
Synth_ETH,ETH,0.10000000000000001,Eco,38,1664,-1,False
Synth_ETH,ETH,0.10000000000000001,Eco,39,1694,-1,False
Synth_ETH,ETH,0.10000000000000001,Eco,40,1725,-1,False
Synth_ETH,ETH,0.10000000000000001,Eco,41,1756,-1,False
Synth_ETH,ETH,0.10000000000000001,Eco,42,1786,-1,False
Synth_ETH,ETH,0.10000000000000001,Eco,43,1817,-1,False
Synth_ETH,ETH,0.10000000000000001,Eco,44,1847,-1,False
Synth_ETH,ETH,0.10000000000000001,Eco,45,1878,-1,False
Synth_ETH,ETH,0.10000000000000001,Eco,46,1909,-1,False
Synth_ETH,ETH,0.10000000000000001,Eco,47,1937,-1,False
Synth_ETH,ETH,0.10000000000000001,Eco,48,1968,-1,False
Synth_ETH,ETH,0.10000000000000001,Eco,49,1998,486,True
Synth_ETH,ETH,0.10000000000000001,Eco,50,2029,455,True
Synth_ETH,ETH,0.10000000000000001,Eco,51,2059,423,True
Synth_ETH,ETH,0.10000000000000001,Eco,52,2090,356,True
Synth_ETH,ETH,0.10000000000000001,Eco,53,2121,361,True
Synth_ETH,ETH,0.10000000000000001,Eco,54,2151,333,True
Synth_ETH,ETH,0.10000000000000001,Eco,55,2182,314,True
Synth_ETH,ETH,0.10000000000000001,Eco,56,2212,284,True
Synth_ETH,ETH,0.10000000000000001,Eco,57,2243,-1,False
Synth_ETH,ETH,0.10000000000000001,Eco,58,2274,-1,False
Synth_ETH,ETH,0.10000000000000001,Eco,59,2303,-1,False
Synth_ETH,ETH,0.10000000000000001,Eco,60,2334,-1,False
Synth_ETH,ETH,0.10000000000000001,Eco,61,2364,309,True
Synth_ETH,ETH,0.10000000000000001,Eco,62,2395,272,True
Synth_ETH,ETH,0.10000000000000001,Eco,63,2425,-1,False
Synth_ETH,ETH,0.10000000000000001,Eco,64,2456,-1,False
Synth_ETH,ETH,0.10000000000000001,Eco,65,2487,-1,False
Synth_ETH,ETH,0.10000000000000001,Eco,66,2517,-1,False
Synth_ETH,ETH,0.10000000000000001,Eco,67,2548,-1,False
Synth_ETH,ETH,0.10000000000000001,Eco,68,2578,-1,False
Synth_ETH,ETH,0.10000000000000001,Eco,69,2609,-1,False
Synth_ETH,ETH,0.10000000000000001,Eco,70,2640,-1,False
Synth_ETH,ETH,0.10000000000000001,Eco,71,2668,-1,False
Synth_ETH,ETH,0.14999999999999999,Concept,0,507,-1,False
Synth_ETH,ETH,0.14999999999999999,Concept,1,537,-1,False
Synth_ETH,ETH,0.14999999999999999,Concept,2,568,-1,False
Synth_ETH,ETH,0.14999999999999999,Concept,3,598,-1,False
Synth_ETH,ETH,0.14999999999999999,Concept,4,629,-1,False
Synth_ETH,ETH,0.14999999999999999,Concept,5,660,465,True
Synth_ETH,ETH,0.14999999999999999,Concept,6,690,435,True
Synth_ETH,ETH,0.14999999999999999,Concept,7,721,404,True
Synth_ETH,ETH,0.14999999999999999,Concept,8,751,374,True
Synth_ETH,ETH,0.14999999999999999,Concept,9,782,343,True
Synth_ETH,ETH,0.14999999999999999,Concept,10,813,312,True
Synth_ETH,ETH,0.14999999999999999,Concept,11,842,283,True
Synth_ETH,ETH,0.14999999999999999,Concept,12,873,252,True
Synth_ETH,ETH,0.14999999999999999,Concept,13,903,222,True
Synth_ETH,ETH,0.14999999999999999,Concept,14,934,191,True
Synth_ETH,ETH,0.14999999999999999,Concept,15,964,161,True
Synth_ETH,ETH,0.14999999999999999,Concept,16,995,130,True
Synth_ETH,ETH,0.14999999999999999,Concept,17,1026,89,True
Synth_ETH,ETH,0.14999999999999999,Concept,18,1056,59,True
Synth_ETH,ETH,0.14999999999999999,Concept,19,1087,58,True
Synth_ETH,ETH,0.14999999999999999,Concept,20,1117,-1,False
Synth_ETH,ETH,0.14999999999999999,Concept,21,1148,-1,False
Synth_ETH,ETH,0.14999999999999999,Concept,22,1179,-1,False
Synth_ETH,ETH,0.14999999999999999,Concept,23,1207,-1,False
Synth_ETH,ETH,0.14999999999999999,Concept,24,1238,474,True
Synth_ETH,ETH,0.14999999999999999,Concept,25,1268,444,True
Synth_ETH,ETH,0.14999999999999999,Concept,26,1299,-1,False
Synth_ETH,ETH,0.14999999999999999,Concept,27,1329,-1,False
Synth_ETH,ETH,0.14999999999999999,Concept,28,1360,-1,False
Synth_ETH,ETH,0.14999999999999999,Concept,29,1391,-1,False
Synth_ETH,ETH,0.14999999999999999,Concept,30,1421,-1,False
Synth_ETH,ETH,0.14999999999999999,Concept,31,1452,-1,False
Synth_ETH,ETH,0.14999999999999999,Concept,32,1482,-1,False
Synth_ETH,ETH,0.14999999999999999,Concept,33,1513,-1,False
Synth_ETH,ETH,0.14999999999999999,Concept,34,1544,-1,False
Synth_ETH,ETH,0.14999999999999999,Concept,35,1572,-1,False
Synth_ETH,ETH,0.14999999999999999,Concept,36,1603,109,True
Synth_ETH,ETH,0.14999999999999999,Concept,37,1633,79,True
Synth_ETH,ETH,0.14999999999999999,Concept,38,1664,48,True
Synth_ETH,ETH,0.14999999999999999,Concept,39,1694,148,True
Synth_ETH,ETH,0.14999999999999999,Concept,40,1725,-1,False
Synth_ETH,ETH,0.14999999999999999,Concept,41,1756,-1,False
Synth_ETH,ETH,0.14999999999999999,Concept,42,1786,-1,False
Synth_ETH,ETH,0.14999999999999999,Concept,43,1817,-1,False
Synth_ETH,ETH,0.14999999999999999,Concept,44,1847,-1,False
Synth_ETH,ETH,0.14999999999999999,Concept,45,1878,-1,False
Synth_ETH,ETH,0.14999999999999999,Concept,46,1909,-1,False
Synth_ETH,ETH,0.14999999999999999,Concept,47,1937,-1,False
Synth_ETH,ETH,0.14999999999999999,Concept,48,1968,479,True
Synth_ETH,ETH,0.14999999999999999,Concept,49,1998,449,True
Synth_ETH,ETH,0.14999999999999999,Concept,50,2029,418,True
Synth_ETH,ETH,0.14999999999999999,Concept,51,2059,388,True
Synth_ETH,ETH,0.14999999999999999,Concept,52,2090,355,True
Synth_ETH,ETH,0.14999999999999999,Concept,53,2121,326,True
Synth_ETH,ETH,0.14999999999999999,Concept,54,2151,296,True
Synth_ETH,ETH,0.14999999999999999,Concept,55,2182,265,True
Synth_ETH,ETH,0.14999999999999999,Concept,56,2212,235,True
Synth_ETH,ETH,0.14999999999999999,Concept,57,2243,204,True
Synth_ETH,ETH,0.14999999999999999,Concept,58,2274,173,True
Synth_ETH,ETH,0.14999999999999999,Concept,59,2303,144,True
Synth_ETH,ETH,0.14999999999999999,Concept,60,2334,113,True
Synth_ETH,ETH,0.14999999999999999,Concept,61,2364,-1,False
Synth_ETH,ETH,0.14999999999999999,Concept,62,2395,-1,False
Synth_ETH,ETH,0.14999999999999999,Concept,63,2425,-1,False
Synth_ETH,ETH,0.14999999999999999,Concept,64,2456,-1,False
Synth_ETH,ETH,0.14999999999999999,Concept,65,2487,-1,False
Synth_ETH,ETH,0.14999999999999999,Concept,66,2517,-1,False
Synth_ETH,ETH,0.14999999999999999,Concept,67,2548,-1,False
Synth_ETH,ETH,0.14999999999999999,Concept,68,2578,-1,False
Synth_ETH,ETH,0.14999999999999999,Concept,69,2609,-1,False
Synth_ETH,ETH,0.14999999999999999,Concept,70,2640,-1,False
Synth_ETH,ETH,0.14999999999999999,Concept,71,2668,-1,False
Synth_ETH,ETH,0.14999999999999999,Eco,0,507,-1,False
Synth_ETH,ETH,0.14999999999999999,Eco,1,537,-1,False
Synth_ETH,ETH,0.14999999999999999,Eco,2,568,-1,False
Synth_ETH,ETH,0.14999999999999999,Eco,3,598,-1,False
Synth_ETH,ETH,0.14999999999999999,Eco,4,629,-1,False
Synth_ETH,ETH,0.14999999999999999,Eco,5,660,479,True
Synth_ETH,ETH,0.14999999999999999,Eco,6,690,420,True
Synth_ETH,ETH,0.14999999999999999,Eco,7,721,394,True
Synth_ETH,ETH,0.14999999999999999,Eco,8,751,364,True
Synth_ETH,ETH,0.14999999999999999,Eco,9,782,328,True
Synth_ETH,ETH,0.14999999999999999,Eco,10,813,279,True
Synth_ETH,ETH,0.14999999999999999,Eco,11,842,249,True
Synth_ETH,ETH,0.14999999999999999,Eco,12,873,238,True
Synth_ETH,ETH,0.14999999999999999,Eco,13,903,207,True
Synth_ETH,ETH,0.14999999999999999,Eco,14,934,169,True
Synth_ETH,ETH,0.14999999999999999,Eco,15,964,174,True
Synth_ETH,ETH,0.14999999999999999,Eco,16,995,130,True
Synth_ETH,ETH,0.14999999999999999,Eco,17,1026,88,True
Synth_ETH,ETH,0.14999999999999999,Eco,18,1056,81,True
Synth_ETH,ETH,0.14999999999999999,Eco,19,1087,86,True
Synth_ETH,ETH,0.14999999999999999,Eco,20,1117,241,True
Synth_ETH,ETH,0.14999999999999999,Eco,21,1148,275,True
Synth_ETH,ETH,0.14999999999999999,Eco,22,1179,377,True
Synth_ETH,ETH,0.14999999999999999,Eco,23,1207,348,True
Synth_ETH,ETH,0.14999999999999999,Eco,24,1238,299,True
Synth_ETH,ETH,0.14999999999999999,Eco,25,1268,287,True
Synth_ETH,ETH,0.14999999999999999,Eco,26,1299,413,True
Synth_ETH,ETH,0.14999999999999999,Eco,27,1329,-1,False
Synth_ETH,ETH,0.14999999999999999,Eco,28,1360,-1,False
Synth_ETH,ETH,0.14999999999999999,Eco,29,1391,-1,False
Synth_ETH,ETH,0.14999999999999999,Eco,30,1421,-1,False
Synth_ETH,ETH,0.14999999999999999,Eco,31,1452,-1,False
Synth_ETH,ETH,0.14999999999999999,Eco,32,1482,-1,False
Synth_ETH,ETH,0.14999999999999999,Eco,33,1513,-1,False
Synth_ETH,ETH,0.14999999999999999,Eco,34,1544,-1,False
Synth_ETH,ETH,0.14999999999999999,Eco,35,1572,-1,False
Synth_ETH,ETH,0.14999999999999999,Eco,36,1603,-1,False
Synth_ETH,ETH,0.14999999999999999,Eco,37,1633,-1,False
Synth_ETH,ETH,0.14999999999999999,Eco,38,1664,-1,False
Synth_ETH,ETH,0.14999999999999999,Eco,39,1694,-1,False
Synth_ETH,ETH,0.14999999999999999,Eco,40,1725,152,True
Synth_ETH,ETH,0.14999999999999999,Eco,41,1756,121,True
Synth_ETH,ETH,0.14999999999999999,Eco,42,1786,-1,False
Synth_ETH,ETH,0.14999999999999999,Eco,43,1817,-1,False
Synth_ETH,ETH,0.14999999999999999,Eco,44,1847,-1,False
Synth_ETH,ETH,0.14999999999999999,Eco,45,1878,-1,False
Synth_ETH,ETH,0.14999999999999999,Eco,46,1909,-1,False
Synth_ETH,ETH,0.14999999999999999,Eco,47,1937,-1,False
Synth_ETH,ETH,0.14999999999999999,Eco,48,1968,478,True
Synth_ETH,ETH,0.14999999999999999,Eco,49,1998,424,True
Synth_ETH,ETH,0.14999999999999999,Eco,50,2029,394,True
Synth_ETH,ETH,0.14999999999999999,Eco,51,2059,307,True
Synth_ETH,ETH,0.14999999999999999,Eco,52,2090,257,True
Synth_ETH,ETH,0.14999999999999999,Eco,53,2121,299,True
Synth_ETH,ETH,0.14999999999999999,Eco,54,2151,275,True
Synth_ETH,ETH,0.14999999999999999,Eco,55,2182,262,True
Synth_ETH,ETH,0.14999999999999999,Eco,56,2212,249,True
Synth_ETH,ETH,0.14999999999999999,Eco,57,2243,239,True
Synth_ETH,ETH,0.14999999999999999,Eco,58,2274,208,True
Synth_ETH,ETH,0.14999999999999999,Eco,59,2303,180,True
Synth_ETH,ETH,0.14999999999999999,Eco,60,2334,150,True
Synth_ETH,ETH,0.14999999999999999,Eco,61,2364,125,True
Synth_ETH,ETH,0.14999999999999999,Eco,62,2395,97,True
Synth_ETH,ETH,0.14999999999999999,Eco,63,2425,248,True
Synth_ETH,ETH,0.14999999999999999,Eco,64,2456,-1,False
Synth_ETH,ETH,0.14999999999999999,Eco,65,2487,-1,False
Synth_ETH,ETH,0.14999999999999999,Eco,66,2517,-1,False
Synth_ETH,ETH,0.14999999999999999,Eco,67,2548,-1,False
Synth_ETH,ETH,0.14999999999999999,Eco,68,2578,-1,False
Synth_ETH,ETH,0.14999999999999999,Eco,69,2609,-1,False
Synth_ETH,ETH,0.14999999999999999,Eco,70,2640,-1,False
Synth_ETH,ETH,0.14999999999999999,Eco,71,2668,-1,False
Synth_ETH,ETH,0.20000000000000001,Concept,0,507,-1,False
Synth_ETH,ETH,0.20000000000000001,Concept,1,537,-1,False
Synth_ETH,ETH,0.20000000000000001,Concept,2,568,-1,False
Synth_ETH,ETH,0.20000000000000001,Concept,3,598,-1,False
Synth_ETH,ETH,0.20000000000000001,Concept,4,629,496,True
Synth_ETH,ETH,0.20000000000000001,Concept,5,660,465,True
Synth_ETH,ETH,0.20000000000000001,Concept,6,690,435,True
Synth_ETH,ETH,0.20000000000000001,Concept,7,721,404,True
Synth_ETH,ETH,0.20000000000000001,Concept,8,751,374,True
Synth_ETH,ETH,0.20000000000000001,Concept,9,782,343,True
Synth_ETH,ETH,0.20000000000000001,Concept,10,813,301,True
Synth_ETH,ETH,0.20000000000000001,Concept,11,842,262,True
Synth_ETH,ETH,0.20000000000000001,Concept,12,873,252,True
Synth_ETH,ETH,0.20000000000000001,Concept,13,903,222,True
Synth_ETH,ETH,0.20000000000000001,Concept,14,934,170,True
Synth_ETH,ETH,0.20000000000000001,Concept,15,964,151,True
Synth_ETH,ETH,0.20000000000000001,Concept,16,995,115,True
Synth_ETH,ETH,0.20000000000000001,Concept,17,1026,84,True
Synth_ETH,ETH,0.20000000000000001,Concept,18,1056,54,True
Synth_ETH,ETH,0.20000000000000001,Concept,19,1087,52,True
Synth_ETH,ETH,0.20000000000000001,Concept,20,1117,241,True
Synth_ETH,ETH,0.20000000000000001,Concept,21,1148,-1,False
Synth_ETH,ETH,0.20000000000000001,Concept,22,1179,-1,False
Synth_ETH,ETH,0.20000000000000001,Concept,23,1207,-1,False
Synth_ETH,ETH,0.20000000000000001,Concept,24,1238,472,True
Synth_ETH,ETH,0.20000000000000001,Concept,25,1268,442,True
Synth_ETH,ETH,0.20000000000000001,Concept,26,1299,413,True
Synth_ETH,ETH,0.20000000000000001,Concept,27,1329,383,True
Synth_ETH,ETH,0.20000000000000001,Concept,28,1360,352,True
Synth_ETH,ETH,0.20000000000000001,Concept,29,1391,321,True
Synth_ETH,ETH,0.20000000000000001,Concept,30,1421,291,True
Synth_ETH,ETH,0.20000000000000001,Concept,31,1452,260,True
Synth_ETH,ETH,0.20000000000000001,Concept,32,1482,230,True
Synth_ETH,ETH,0.20000000000000001,Concept,33,1513,199,True
Synth_ETH,ETH,0.20000000000000001,Concept,34,1544,168,True
Synth_ETH,ETH,0.20000000000000001,Concept,35,1572,140,True
Synth_ETH,ETH,0.20000000000000001,Concept,36,1603,107,True
Synth_ETH,ETH,0.20000000000000001,Concept,37,1633,77,True
Synth_ETH,ETH,0.20000000000000001,Concept,38,1664,45,True
Synth_ETH,ETH,0.20000000000000001,Concept,39,1694,80,True
Synth_ETH,ETH,0.20000000000000001,Concept,40,1725,120,True
Synth_ETH,ETH,0.20000000000000001,Concept,41,1756,90,True
Synth_ETH,ETH,0.20000000000000001,Concept,42,1786,63,True
Synth_ETH,ETH,0.20000000000000001,Concept,43,1817,-1,False
Synth_ETH,ETH,0.20000000000000001,Concept,44,1847,-1,False
Synth_ETH,ETH,0.20000000000000001,Concept,45,1878,-1,False
Synth_ETH,ETH,0.20000000000000001,Concept,46,1909,-1,False
Synth_ETH,ETH,0.20000000000000001,Concept,47,1937,495,True
Synth_ETH,ETH,0.20000000000000001,Concept,48,1968,476,True
Synth_ETH,ETH,0.20000000000000001,Concept,49,1998,431,True
Synth_ETH,ETH,0.20000000000000001,Concept,50,2029,410,True
Synth_ETH,ETH,0.20000000000000001,Concept,51,2059,150,True
Synth_ETH,ETH,0.20000000000000001,Concept,52,2090,340,True
Synth_ETH,ETH,0.20000000000000001,Concept,53,2121,319,True
Synth_ETH,ETH,0.20000000000000001,Concept,54,2151,295,True
Synth_ETH,ETH,0.20000000000000001,Concept,55,2182,264,True
Synth_ETH,ETH,0.20000000000000001,Concept,56,2212,234,True
Synth_ETH,ETH,0.20000000000000001,Concept,57,2243,204,True
Synth_ETH,ETH,0.20000000000000001,Concept,58,2274,173,True
Synth_ETH,ETH,0.20000000000000001,Concept,59,2303,144,True
Synth_ETH,ETH,0.20000000000000001,Concept,60,2334,113,True
Synth_ETH,ETH,0.20000000000000001,Concept,61,2364,83,True
Synth_ETH,ETH,0.20000000000000001,Concept,62,2395,52,True
Synth_ETH,ETH,0.20000000000000001,Concept,63,2425,-1,False
Synth_ETH,ETH,0.20000000000000001,Concept,64,2456,-1,False
Synth_ETH,ETH,0.20000000000000001,Concept,65,2487,-1,False
Synth_ETH,ETH,0.20000000000000001,Concept,66,2517,-1,False
Synth_ETH,ETH,0.20000000000000001,Concept,67,2548,-1,False
Synth_ETH,ETH,0.20000000000000001,Concept,68,2578,-1,False
Synth_ETH,ETH,0.20000000000000001,Concept,69,2609,494,True
Synth_ETH,ETH,0.20000000000000001,Concept,70,2640,463,True
Synth_ETH,ETH,0.20000000000000001,Concept,71,2668,435,True
Synth_ETH,ETH,0.20000000000000001,Eco,0,507,-1,False
Synth_ETH,ETH,0.20000000000000001,Eco,1,537,-1,False
Synth_ETH,ETH,0.20000000000000001,Eco,2,568,-1,False
Synth_ETH,ETH,0.20000000000000001,Eco,3,598,-1,False
Synth_ETH,ETH,0.20000000000000001,Eco,4,629,481,True
Synth_ETH,ETH,0.20000000000000001,Eco,5,660,439,True
Synth_ETH,ETH,0.20000000000000001,Eco,6,690,388,True
Synth_ETH,ETH,0.20000000000000001,Eco,7,721,370,True
Synth_ETH,ETH,0.20000000000000001,Eco,8,751,341,True
Synth_ETH,ETH,0.20000000000000001,Eco,9,782,296,True
Synth_ETH,ETH,0.20000000000000001,Eco,10,813,192,True
Synth_ETH,ETH,0.20000000000000001,Eco,11,842,163,True
Synth_ETH,ETH,0.20000000000000001,Eco,12,873,222,True
Synth_ETH,ETH,0.20000000000000001,Eco,13,903,191,True
Synth_ETH,ETH,0.20000000000000001,Eco,14,934,157,True
Synth_ETH,ETH,0.20000000000000001,Eco,15,964,147,True
Synth_ETH,ETH,0.20000000000000001,Eco,16,995,119,True
Synth_ETH,ETH,0.20000000000000001,Eco,17,1026,85,True
Synth_ETH,ETH,0.20000000000000001,Eco,18,1056,65,True
Synth_ETH,ETH,0.20000000000000001,Eco,19,1087,69,True
Synth_ETH,ETH,0.20000000000000001,Eco,20,1117,211,True
Synth_ETH,ETH,0.20000000000000001,Eco,21,1148,205,True
Synth_ETH,ETH,0.20000000000000001,Eco,22,1179,251,True
Synth_ETH,ETH,0.20000000000000001,Eco,23,1207,223,True
Synth_ETH,ETH,0.20000000000000001,Eco,24,1238,220,True
Synth_ETH,ETH,0.20000000000000001,Eco,25,1268,191,True
Synth_ETH,ETH,0.20000000000000001,Eco,26,1299,209,True
Synth_ETH,ETH,0.20000000000000001,Eco,27,1329,227,True
Synth_ETH,ETH,0.20000000000000001,Eco,28,1360,489,True
Synth_ETH,ETH,0.20000000000000001,Eco,29,1391,453,True
Synth_ETH,ETH,0.20000000000000001,Eco,30,1421,428,True
Synth_ETH,ETH,0.20000000000000001,Eco,31,1452,426,True
Synth_ETH,ETH,0.20000000000000001,Eco,32,1482,367,True
Synth_ETH,ETH,0.20000000000000001,Eco,33,1513,-1,False
Synth_ETH,ETH,0.20000000000000001,Eco,34,1544,-1,False
Synth_ETH,ETH,0.20000000000000001,Eco,35,1572,-1,False
Synth_ETH,ETH,0.20000000000000001,Eco,36,1603,275,True
Synth_ETH,ETH,0.20000000000000001,Eco,37,1633,216,True
Synth_ETH,ETH,0.20000000000000001,Eco,38,1664,188,True
Synth_ETH,ETH,0.20000000000000001,Eco,39,1694,158,True
Synth_ETH,ETH,0.20000000000000001,Eco,40,1725,124,True
Synth_ETH,ETH,0.20000000000000001,Eco,41,1756,93,True
Synth_ETH,ETH,0.20000000000000001,Eco,42,1786,-1,False
Synth_ETH,ETH,0.20000000000000001,Eco,43,1817,471,True
Synth_ETH,ETH,0.20000000000000001,Eco,44,1847,-1,False
Synth_ETH,ETH,0.20000000000000001,Eco,45,1878,488,True
Synth_ETH,ETH,0.20000000000000001,Eco,46,1909,454,True
Synth_ETH,ETH,0.20000000000000001,Eco,47,1937,367,True
Synth_ETH,ETH,0.20000000000000001,Eco,48,1968,338,True
Synth_ETH,ETH,0.20000000000000001,Eco,49,1998,283,True
Synth_ETH,ETH,0.20000000000000001,Eco,50,2029,252,True
Synth_ETH,ETH,0.20000000000000001,Eco,51,2059,191,True
Synth_ETH,ETH,0.20000000000000001,Eco,52,2090,166,True
Synth_ETH,ETH,0.20000000000000001,Eco,53,2121,182,True
Synth_ETH,ETH,0.20000000000000001,Eco,54,2151,211,True
Synth_ETH,ETH,0.20000000000000001,Eco,55,2182,202,True
Synth_ETH,ETH,0.20000000000000001,Eco,56,2212,213,True
Synth_ETH,ETH,0.20000000000000001,Eco,57,2243,194,True
Synth_ETH,ETH,0.20000000000000001,Eco,58,2274,165,True
Synth_ETH,ETH,0.20000000000000001,Eco,59,2303,144,True
Synth_ETH,ETH,0.20000000000000001,Eco,60,2334,132,True
Synth_ETH,ETH,0.20000000000000001,Eco,61,2364,118,True
Synth_ETH,ETH,0.20000000000000001,Eco,62,2395,89,True
Synth_ETH,ETH,0.20000000000000001,Eco,63,2425,200,True
Synth_ETH,ETH,0.20000000000000001,Eco,64,2456,217,True
Synth_ETH,ETH,0.20000000000000001,Eco,65,2487,-1,False
Synth_ETH,ETH,0.20000000000000001,Eco,66,2517,-1,False
Synth_ETH,ETH,0.20000000000000001,Eco,67,2548,482,True
Synth_ETH,ETH,0.20000000000000001,Eco,68,2578,-1,False
Synth_ETH,ETH,0.20000000000000001,Eco,69,2609,483,True
Synth_ETH,ETH,0.20000000000000001,Eco,70,2640,463,True
Synth_ETH,ETH,0.20000000000000001,Eco,71,2668,440,True
Synth_ETH,ETH,0.25,Concept,0,507,-1,False
Synth_ETH,ETH,0.25,Concept,1,537,-1,False
Synth_ETH,ETH,0.25,Concept,2,568,-1,False
Synth_ETH,ETH,0.25,Concept,3,598,-1,False
Synth_ETH,ETH,0.25,Concept,4,629,487,True
Synth_ETH,ETH,0.25,Concept,5,660,444,True
Synth_ETH,ETH,0.25,Concept,6,690,401,True
Synth_ETH,ETH,0.25,Concept,7,721,383,True
Synth_ETH,ETH,0.25,Concept,8,751,353,True
Synth_ETH,ETH,0.25,Concept,9,782,317,True
Synth_ETH,ETH,0.25,Concept,10,813,178,True
Synth_ETH,ETH,0.25,Concept,11,842,144,True
Synth_ETH,ETH,0.25,Concept,12,873,118,True
Synth_ETH,ETH,0.25,Concept,13,903,88,True
Synth_ETH,ETH,0.25,Concept,14,934,52,True
Synth_ETH,ETH,0.25,Concept,15,964,139,True
Synth_ETH,ETH,0.25,Concept,16,995,115,True
Synth_ETH,ETH,0.25,Concept,17,1026,84,True
Synth_ETH,ETH,0.25,Concept,18,1056,54,True
Synth_ETH,ETH,0.25,Concept,19,1087,52,True
Synth_ETH,ETH,0.25,Concept,20,1117,72,True
Synth_ETH,ETH,0.25,Concept,21,1148,207,True
Synth_ETH,ETH,0.25,Concept,22,1179,176,True
Synth_ETH,ETH,0.25,Concept,23,1207,148,True
Synth_ETH,ETH,0.25,Concept,24,1238,117,True
Synth_ETH,ETH,0.25,Concept,25,1268,87,True
Synth_ETH,ETH,0.25,Concept,26,1299,56,True
Synth_ETH,ETH,0.25,Concept,27,1329,380,True
Synth_ETH,ETH,0.25,Concept,28,1360,350,True
Synth_ETH,ETH,0.25,Concept,29,1391,318,True
Synth_ETH,ETH,0.25,Concept,30,1421,289,True
Synth_ETH,ETH,0.25,Concept,31,1452,258,True
Synth_ETH,ETH,0.25,Concept,32,1482,227,True
Synth_ETH,ETH,0.25,Concept,33,1513,197,True
Synth_ETH,ETH,0.25,Concept,34,1544,166,True
Synth_ETH,ETH,0.25,Concept,35,1572,138,True
Synth_ETH,ETH,0.25,Concept,36,1603,100,True
Synth_ETH,ETH,0.25,Concept,37,1633,76,True
Synth_ETH,ETH,0.25,Concept,38,1664,45,True
Synth_ETH,ETH,0.25,Concept,39,1694,80,True
Synth_ETH,ETH,0.25,Concept,40,1725,86,True
Synth_ETH,ETH,0.25,Concept,41,1756,85,True
Synth_ETH,ETH,0.25,Concept,42,1786,60,True
Synth_ETH,ETH,0.25,Concept,43,1817,390,True
Synth_ETH,ETH,0.25,Concept,44,1847,362,True
Synth_ETH,ETH,0.25,Concept,45,1878,301,True
Synth_ETH,ETH,0.25,Concept,46,1909,297,True
Synth_ETH,ETH,0.25,Concept,47,1937,242,True
Synth_ETH,ETH,0.25,Concept,48,1968,211,True
Synth_ETH,ETH,0.25,Concept,49,1998,181,True
Synth_ETH,ETH,0.25,Concept,50,2029,150,True
Synth_ETH,ETH,0.25,Concept,51,2059,120,True
Synth_ETH,ETH,0.25,Concept,52,2090,233,True
Synth_ETH,ETH,0.25,Concept,53,2121,305,True
Synth_ETH,ETH,0.25,Concept,54,2151,278,True
Synth_ETH,ETH,0.25,Concept,55,2182,261,True
Synth_ETH,ETH,0.25,Concept,56,2212,221,True
Synth_ETH,ETH,0.25,Concept,57,2243,203,True
Synth_ETH,ETH,0.25,Concept,58,2274,173,True
Synth_ETH,ETH,0.25,Concept,59,2303,144,True
Synth_ETH,ETH,0.25,Concept,60,2334,113,True
Synth_ETH,ETH,0.25,Concept,61,2364,83,True
Synth_ETH,ETH,0.25,Concept,62,2395,52,True
Synth_ETH,ETH,0.25,Concept,63,2425,-1,False
Synth_ETH,ETH,0.25,Concept,64,2456,-1,False
Synth_ETH,ETH,0.25,Concept,65,2487,-1,False
Synth_ETH,ETH,0.25,Concept,66,2517,-1,False
Synth_ETH,ETH,0.25,Concept,67,2548,-1,False
Synth_ETH,ETH,0.25,Concept,68,2578,-1,False
Synth_ETH,ETH,0.25,Concept,69,2609,494,True
Synth_ETH,ETH,0.25,Concept,70,2640,463,True
Synth_ETH,ETH,0.25,Concept,71,2668,435,True
Synth_ETH,ETH,0.25,Eco,0,507,125,True
Synth_ETH,ETH,0.25,Eco,1,537,195,True
Synth_ETH,ETH,0.25,Eco,2,568,188,True
Synth_ETH,ETH,0.25,Eco,3,598,407,True
Synth_ETH,ETH,0.25,Eco,4,629,435,True
Synth_ETH,ETH,0.25,Eco,5,660,347,True
Synth_ETH,ETH,0.25,Eco,6,690,300,True
Synth_ETH,ETH,0.25,Eco,7,721,278,True
Synth_ETH,ETH,0.25,Eco,8,751,254,True
Synth_ETH,ETH,0.25,Eco,9,782,208,True
Synth_ETH,ETH,0.25,Eco,10,813,151,True
Synth_ETH,ETH,0.25,Eco,11,842,144,True
Synth_ETH,ETH,0.25,Eco,12,873,191,True
Synth_ETH,ETH,0.25,Eco,13,903,175,True
Synth_ETH,ETH,0.25,Eco,14,934,141,True
Synth_ETH,ETH,0.25,Eco,15,964,135,True
Synth_ETH,ETH,0.25,Eco,16,995,115,True
Synth_ETH,ETH,0.25,Eco,17,1026,84,True
Synth_ETH,ETH,0.25,Eco,18,1056,57,True
Synth_ETH,ETH,0.25,Eco,19,1087,63,True
Synth_ETH,ETH,0.25,Eco,20,1117,119,True
Synth_ETH,ETH,0.25,Eco,21,1148,176,True
Synth_ETH,ETH,0.25,Eco,22,1179,185,True
Synth_ETH,ETH,0.25,Eco,23,1207,159,True
Synth_ETH,ETH,0.25,Eco,24,1238,176,True
Synth_ETH,ETH,0.25,Eco,25,1268,161,True
Synth_ETH,ETH,0.25,Eco,26,1299,131,True
Synth_ETH,ETH,0.25,Eco,27,1329,180,True
Synth_ETH,ETH,0.25,Eco,28,1360,337,True
Synth_ETH,ETH,0.25,Eco,29,1391,305,True
Synth_ETH,ETH,0.25,Eco,30,1421,290,True
Synth_ETH,ETH,0.25,Eco,31,1452,324,True
Synth_ETH,ETH,0.25,Eco,32,1482,230,True
Synth_ETH,ETH,0.25,Eco,33,1513,330,True
Synth_ETH,ETH,0.25,Eco,34,1544,308,True
Synth_ETH,ETH,0.25,Eco,35,1572,277,True
Synth_ETH,ETH,0.25,Eco,36,1603,240,True
Synth_ETH,ETH,0.25,Eco,37,1633,207,True
Synth_ETH,ETH,0.25,Eco,38,1664,179,True
Synth_ETH,ETH,0.25,Eco,39,1694,152,True
Synth_ETH,ETH,0.25,Eco,40,1725,119,True
Synth_ETH,ETH,0.25,Eco,41,1756,89,True
Synth_ETH,ETH,0.25,Eco,42,1786,180,True
Synth_ETH,ETH,0.25,Eco,43,1817,329,True
Synth_ETH,ETH,0.25,Eco,44,1847,409,True
Synth_ETH,ETH,0.25,Eco,45,1878,372,True
Synth_ETH,ETH,0.25,Eco,46,1909,341,True
Synth_ETH,ETH,0.25,Eco,47,1937,271,True
Synth_ETH,ETH,0.25,Eco,48,1968,281,True
Synth_ETH,ETH,0.25,Eco,49,1998,208,True
Synth_ETH,ETH,0.25,Eco,50,2029,177,True
Synth_ETH,ETH,0.25,Eco,51,2059,145,True
Synth_ETH,ETH,0.25,Eco,52,2090,117,True
Synth_ETH,ETH,0.25,Eco,53,2121,134,True
Synth_ETH,ETH,0.25,Eco,54,2151,138,True
Synth_ETH,ETH,0.25,Eco,55,2182,165,True
Synth_ETH,ETH,0.25,Eco,56,2212,161,True
Synth_ETH,ETH,0.25,Eco,57,2243,175,True
Synth_ETH,ETH,0.25,Eco,58,2274,152,True
Synth_ETH,ETH,0.25,Eco,59,2303,134,True
Synth_ETH,ETH,0.25,Eco,60,2334,112,True
Synth_ETH,ETH,0.25,Eco,61,2364,102,True
Synth_ETH,ETH,0.25,Eco,62,2395,87,True
Synth_ETH,ETH,0.25,Eco,63,2425,71,True
Synth_ETH,ETH,0.25,Eco,64,2456,204,True
Synth_ETH,ETH,0.25,Eco,65,2487,259,True
Synth_ETH,ETH,0.25,Eco,66,2517,238,True
Synth_ETH,ETH,0.25,Eco,67,2548,219,True
Synth_ETH,ETH,0.25,Eco,68,2578,357,True
Synth_ETH,ETH,0.25,Eco,69,2609,333,True
Synth_ETH,ETH,0.25,Eco,70,2640,307,True
Synth_ETH,ETH,0.25,Eco,71,2668,370,True
Synth_ETH,ETH,0.34999999999999998,Concept,0,507,116,True
Synth_ETH,ETH,0.34999999999999998,Concept,1,537,98,True
Synth_ETH,ETH,0.34999999999999998,Concept,2,568,396,True
Synth_ETH,ETH,0.34999999999999998,Concept,3,598,381,True
Synth_ETH,ETH,0.34999999999999998,Concept,4,629,349,True
Synth_ETH,ETH,0.34999999999999998,Concept,5,660,246,True
Synth_ETH,ETH,0.34999999999999998,Concept,6,690,216,True
Synth_ETH,ETH,0.34999999999999998,Concept,7,721,242,True
Synth_ETH,ETH,0.34999999999999998,Concept,8,751,213,True
Synth_ETH,ETH,0.34999999999999998,Concept,9,782,124,True
Synth_ETH,ETH,0.34999999999999998,Concept,10,813,90,True
Synth_ETH,ETH,0.34999999999999998,Concept,11,842,57,True
Synth_ETH,ETH,0.34999999999999998,Concept,12,873,106,True
Synth_ETH,ETH,0.34999999999999998,Concept,13,903,76,True
Synth_ETH,ETH,0.34999999999999998,Concept,14,934,45,True
Synth_ETH,ETH,0.34999999999999998,Concept,15,964,41,True
Synth_ETH,ETH,0.34999999999999998,Concept,16,995,101,True
Synth_ETH,ETH,0.34999999999999998,Concept,17,1026,70,True
Synth_ETH,ETH,0.34999999999999998,Concept,18,1056,43,True
Synth_ETH,ETH,0.34999999999999998,Concept,19,1087,37,True
Synth_ETH,ETH,0.34999999999999998,Concept,20,1117,62,True
Synth_ETH,ETH,0.34999999999999998,Concept,21,1148,70,True
Synth_ETH,ETH,0.34999999999999998,Concept,22,1179,157,True
Synth_ETH,ETH,0.34999999999999998,Concept,23,1207,141,True
Synth_ETH,ETH,0.34999999999999998,Concept,24,1238,110,True
Synth_ETH,ETH,0.34999999999999998,Concept,25,1268,81,True
Synth_ETH,ETH,0.34999999999999998,Concept,26,1299,50,True
Synth_ETH,ETH,0.34999999999999998,Concept,27,1329,66,True
Synth_ETH,ETH,0.34999999999999998,Concept,28,1360,100,True
Synth_ETH,ETH,0.34999999999999998,Concept,29,1391,70,True
Synth_ETH,ETH,0.34999999999999998,Concept,30,1421,257,True
Synth_ETH,ETH,0.34999999999999998,Concept,31,1452,233,True
Synth_ETH,ETH,0.34999999999999998,Concept,32,1482,171,True
Synth_ETH,ETH,0.34999999999999998,Concept,33,1513,173,True
Synth_ETH,ETH,0.34999999999999998,Concept,34,1544,149,True
Synth_ETH,ETH,0.34999999999999998,Concept,35,1572,115,True
Synth_ETH,ETH,0.34999999999999998,Concept,36,1603,88,True
Synth_ETH,ETH,0.34999999999999998,Concept,37,1633,61,True
Synth_ETH,ETH,0.34999999999999998,Concept,38,1664,40,True
Synth_ETH,ETH,0.34999999999999998,Concept,39,1694,73,True
Synth_ETH,ETH,0.34999999999999998,Concept,40,1725,84,True
Synth_ETH,ETH,0.34999999999999998,Concept,41,1756,75,True
Synth_ETH,ETH,0.34999999999999998,Concept,42,1786,53,True
Synth_ETH,ETH,0.34999999999999998,Concept,43,1817,362,True
Synth_ETH,ETH,0.34999999999999998,Concept,44,1847,332,True
Synth_ETH,ETH,0.34999999999999998,Concept,45,1878,231,True
Synth_ETH,ETH,0.34999999999999998,Concept,46,1909,237,True
Synth_ETH,ETH,0.34999999999999998,Concept,47,1937,172,True
Synth_ETH,ETH,0.34999999999999998,Concept,48,1968,141,True
Synth_ETH,ETH,0.34999999999999998,Concept,49,1998,111,True
Synth_ETH,ETH,0.34999999999999998,Concept,50,2029,80,True
Synth_ETH,ETH,0.34999999999999998,Concept,51,2059,50,True
Synth_ETH,ETH,0.34999999999999998,Concept,52,2090,75,True
Synth_ETH,ETH,0.34999999999999998,Concept,53,2121,122,True
Synth_ETH,ETH,0.34999999999999998,Concept,54,2151,123,True
Synth_ETH,ETH,0.34999999999999998,Concept,55,2182,165,True
Synth_ETH,ETH,0.34999999999999998,Concept,56,2212,161,True
Synth_ETH,ETH,0.34999999999999998,Concept,57,2243,183,True
Synth_ETH,ETH,0.34999999999999998,Concept,58,2274,153,True
Synth_ETH,ETH,0.34999999999999998,Concept,59,2303,127,True
Synth_ETH,ETH,0.34999999999999998,Concept,60,2334,99,True
Synth_ETH,ETH,0.34999999999999998,Concept,61,2364,81,True
Synth_ETH,ETH,0.34999999999999998,Concept,62,2395,50,True
Synth_ETH,ETH,0.34999999999999998,Concept,63,2425,399,True
Synth_ETH,ETH,0.34999999999999998,Concept,64,2456,-1,False
Synth_ETH,ETH,0.34999999999999998,Concept,65,2487,-1,False
Synth_ETH,ETH,0.34999999999999998,Concept,66,2517,-1,False
Synth_ETH,ETH,0.34999999999999998,Concept,67,2548,275,True
Synth_ETH,ETH,0.34999999999999998,Concept,68,2578,488,True
Synth_ETH,ETH,0.34999999999999998,Concept,69,2609,457,True
Synth_ETH,ETH,0.34999999999999998,Concept,70,2640,182,True
Synth_ETH,ETH,0.34999999999999998,Concept,71,2668,154,True
Synth_ETH,ETH,0.34999999999999998,Eco,0,507,88,True
Synth_ETH,ETH,0.34999999999999998,Eco,1,537,95,True
Synth_ETH,ETH,0.34999999999999998,Eco,2,568,118,True
Synth_ETH,ETH,0.34999999999999998,Eco,3,598,130,True
Synth_ETH,ETH,0.34999999999999998,Eco,4,629,132,True
Synth_ETH,ETH,0.34999999999999998,Eco,5,660,233,True
Synth_ETH,ETH,0.34999999999999998,Eco,6,690,213,True
Synth_ETH,ETH,0.34999999999999998,Eco,7,721,236,True
Synth_ETH,ETH,0.34999999999999998,Eco,8,751,208,True
Synth_ETH,ETH,0.34999999999999998,Eco,9,782,170,True
Synth_ETH,ETH,0.34999999999999998,Eco,10,813,135,True
Synth_ETH,ETH,0.34999999999999998,Eco,11,842,110,True
Synth_ETH,ETH,0.34999999999999998,Eco,12,873,116,True
Synth_ETH,ETH,0.34999999999999998,Eco,13,903,140,True
Synth_ETH,ETH,0.34999999999999998,Eco,14,934,95,True
Synth_ETH,ETH,0.34999999999999998,Eco,15,964,114,True
Synth_ETH,ETH,0.34999999999999998,Eco,16,995,102,True
Synth_ETH,ETH,0.34999999999999998,Eco,17,1026,71,True
Synth_ETH,ETH,0.34999999999999998,Eco,18,1056,54,True
Synth_ETH,ETH,0.34999999999999998,Eco,19,1087,52,True
Synth_ETH,ETH,0.34999999999999998,Eco,20,1117,72,True
Synth_ETH,ETH,0.34999999999999998,Eco,21,1148,90,True
Synth_ETH,ETH,0.34999999999999998,Eco,22,1179,149,True
Synth_ETH,ETH,0.34999999999999998,Eco,23,1207,129,True
Synth_ETH,ETH,0.34999999999999998,Eco,24,1238,117,True
Synth_ETH,ETH,0.34999999999999998,Eco,25,1268,99,True
Synth_ETH,ETH,0.34999999999999998,Eco,26,1299,94,True
Synth_ETH,ETH,0.34999999999999998,Eco,27,1329,100,True
Synth_ETH,ETH,0.34999999999999998,Eco,28,1360,154,True
Synth_ETH,ETH,0.34999999999999998,Eco,29,1391,137,True
Synth_ETH,ETH,0.34999999999999998,Eco,30,1421,133,True
Synth_ETH,ETH,0.34999999999999998,Eco,31,1452,188,True
Synth_ETH,ETH,0.34999999999999998,Eco,32,1482,100,True
Synth_ETH,ETH,0.34999999999999998,Eco,33,1513,182,True
Synth_ETH,ETH,0.34999999999999998,Eco,34,1544,222,True
Synth_ETH,ETH,0.34999999999999998,Eco,35,1572,199,True
Synth_ETH,ETH,0.34999999999999998,Eco,36,1603,162,True
Synth_ETH,ETH,0.34999999999999998,Eco,37,1633,132,True
Synth_ETH,ETH,0.34999999999999998,Eco,38,1664,148,True
Synth_ETH,ETH,0.34999999999999998,Eco,39,1694,137,True
Synth_ETH,ETH,0.34999999999999998,Eco,40,1725,110,True
Synth_ETH,ETH,0.34999999999999998,Eco,41,1756,83,True
Synth_ETH,ETH,0.34999999999999998,Eco,42,1786,81,True
Synth_ETH,ETH,0.34999999999999998,Eco,43,1817,69,True
Synth_ETH,ETH,0.34999999999999998,Eco,44,1847,287,True
Synth_ETH,ETH,0.34999999999999998,Eco,45,1878,262,True
Synth_ETH,ETH,0.34999999999999998,Eco,46,1909,231,True
Synth_ETH,ETH,0.34999999999999998,Eco,47,1937,203,True
Synth_ETH,ETH,0.34999999999999998,Eco,48,1968,197,True
Synth_ETH,ETH,0.34999999999999998,Eco,49,1998,148,True
Synth_ETH,ETH,0.34999999999999998,Eco,50,2029,145,True
Synth_ETH,ETH,0.34999999999999998,Eco,51,2059,109,True
Synth_ETH,ETH,0.34999999999999998,Eco,52,2090,89,True
Synth_ETH,ETH,0.34999999999999998,Eco,53,2121,85,True
Synth_ETH,ETH,0.34999999999999998,Eco,54,2151,99,True
Synth_ETH,ETH,0.34999999999999998,Eco,55,2182,105,True
Synth_ETH,ETH,0.34999999999999998,Eco,56,2212,109,True
Synth_ETH,ETH,0.34999999999999998,Eco,57,2243,117,True
Synth_ETH,ETH,0.34999999999999998,Eco,58,2274,99,True
Synth_ETH,ETH,0.34999999999999998,Eco,59,2303,114,True
Synth_ETH,ETH,0.34999999999999998,Eco,60,2334,92,True
Synth_ETH,ETH,0.34999999999999998,Eco,61,2364,80,True
Synth_ETH,ETH,0.34999999999999998,Eco,62,2395,67,True
Synth_ETH,ETH,0.34999999999999998,Eco,63,2425,59,True
Synth_ETH,ETH,0.34999999999999998,Eco,64,2456,121,True
Synth_ETH,ETH,0.34999999999999998,Eco,65,2487,175,True
Synth_ETH,ETH,0.34999999999999998,Eco,66,2517,145,True
Synth_ETH,ETH,0.34999999999999998,Eco,67,2548,117,True
Synth_ETH,ETH,0.34999999999999998,Eco,68,2578,95,True
Synth_ETH,ETH,0.34999999999999998,Eco,69,2609,130,True
Synth_ETH,ETH,0.34999999999999998,Eco,70,2640,118,True
Synth_ETH,ETH,0.34999999999999998,Eco,71,2668,260,True
Synth_ETH,ETH,0.5,Concept,0,507,66,True
Synth_ETH,ETH,0.5,Concept,1,537,50,True
Synth_ETH,ETH,0.5,Concept,2,568,35,True
Synth_ETH,ETH,0.5,Concept,3,598,133,True
Synth_ETH,ETH,0.5,Concept,4,629,129,True
Synth_ETH,ETH,0.5,Concept,5,660,101,True
Synth_ETH,ETH,0.5,Concept,6,690,175,True
Synth_ETH,ETH,0.5,Concept,7,721,152,True
Synth_ETH,ETH,0.5,Concept,8,751,122,True
Synth_ETH,ETH,0.5,Concept,9,782,91,True
Synth_ETH,ETH,0.5,Concept,10,813,60,True
Synth_ETH,ETH,0.5,Concept,11,842,37,True
Synth_ETH,ETH,0.5,Concept,12,873,78,True
Synth_ETH,ETH,0.5,Concept,13,903,76,True
Synth_ETH,ETH,0.5,Concept,14,934,45,True
Synth_ETH,ETH,0.5,Concept,15,964,39,True
Synth_ETH,ETH,0.5,Concept,16,995,79,True
Synth_ETH,ETH,0.5,Concept,17,1026,52,True
Synth_ETH,ETH,0.5,Concept,18,1056,38,True
Synth_ETH,ETH,0.5,Concept,19,1087,30,True
Synth_ETH,ETH,0.5,Concept,20,1117,40,True
Synth_ETH,ETH,0.5,Concept,21,1148,43,True
Synth_ETH,ETH,0.5,Concept,22,1179,59,True
Synth_ETH,ETH,0.5,Concept,23,1207,59,True
Synth_ETH,ETH,0.5,Concept,24,1238,60,True
Synth_ETH,ETH,0.5,Concept,25,1268,44,True
Synth_ETH,ETH,0.5,Concept,26,1299,32,True
Synth_ETH,ETH,0.5,Concept,27,1329,29,True
Synth_ETH,ETH,0.5,Concept,28,1360,57,True
Synth_ETH,ETH,0.5,Concept,29,1391,38,True
Synth_ETH,ETH,0.5,Concept,30,1421,75,True
Synth_ETH,ETH,0.5,Concept,31,1452,57,True
Synth_ETH,ETH,0.5,Concept,32,1482,28,True
Synth_ETH,ETH,0.5,Concept,33,1513,120,True
Synth_ETH,ETH,0.5,Concept,34,1544,101,True
Synth_ETH,ETH,0.5,Concept,35,1572,80,True
Synth_ETH,ETH,0.5,Concept,36,1603,63,True
Synth_ETH,ETH,0.5,Concept,37,1633,51,True
Synth_ETH,ETH,0.5,Concept,38,1664,38,True
Synth_ETH,ETH,0.5,Concept,39,1694,70,True
Synth_ETH,ETH,0.5,Concept,40,1725,84,True
Synth_ETH,ETH,0.5,Concept,41,1756,63,True
Synth_ETH,ETH,0.5,Concept,42,1786,48,True
Synth_ETH,ETH,0.5,Concept,43,1817,30,True
Synth_ETH,ETH,0.5,Concept,44,1847,168,True
Synth_ETH,ETH,0.5,Concept,45,1878,113,True
Synth_ETH,ETH,0.5,Concept,46,1909,103,True
Synth_ETH,ETH,0.5,Concept,47,1937,80,True
Synth_ETH,ETH,0.5,Concept,48,1968,61,True
Synth_ETH,ETH,0.5,Concept,49,1998,31,True
Synth_ETH,ETH,0.5,Concept,50,2029,72,True
Synth_ETH,ETH,0.5,Concept,51,2059,42,True
Synth_ETH,ETH,0.5,Concept,52,2090,53,True
Synth_ETH,ETH,0.5,Concept,53,2121,59,True
Synth_ETH,ETH,0.5,Concept,54,2151,58,True
Synth_ETH,ETH,0.5,Concept,55,2182,87,True
Synth_ETH,ETH,0.5,Concept,56,2212,110,True
Synth_ETH,ETH,0.5,Concept,57,2243,120,True
Synth_ETH,ETH,0.5,Concept,58,2274,100,True
Synth_ETH,ETH,0.5,Concept,59,2303,80,True
Synth_ETH,ETH,0.5,Concept,60,2334,84,True
Synth_ETH,ETH,0.5,Concept,61,2364,65,True
Synth_ETH,ETH,0.5,Concept,62,2395,38,True
Synth_ETH,ETH,0.5,Concept,63,2425,25,True
Synth_ETH,ETH,0.5,Concept,64,2456,253,True
Synth_ETH,ETH,0.5,Concept,65,2487,255,True
Synth_ETH,ETH,0.5,Concept,66,2517,225,True
Synth_ETH,ETH,0.5,Concept,67,2548,119,True
Synth_ETH,ETH,0.5,Concept,68,2578,164,True
Synth_ETH,ETH,0.5,Concept,69,2609,133,True
Synth_ETH,ETH,0.5,Concept,70,2640,71,True
Synth_ETH,ETH,0.5,Concept,71,2668,73,True
Synth_ETH,ETH,0.5,Eco,0,507,60,True
Synth_ETH,ETH,0.5,Eco,1,537,65,True
Synth_ETH,ETH,0.5,Eco,2,568,60,True
Synth_ETH,ETH,0.5,Eco,3,598,86,True
Synth_ETH,ETH,0.5,Eco,4,629,90,True
Synth_ETH,ETH,0.5,Eco,5,660,91,True
Synth_ETH,ETH,0.5,Eco,6,690,72,True
Synth_ETH,ETH,0.5,Eco,7,721,152,True
Synth_ETH,ETH,0.5,Eco,8,751,149,True
Synth_ETH,ETH,0.5,Eco,9,782,118,True
Synth_ETH,ETH,0.5,Eco,10,813,85,True
Synth_ETH,ETH,0.5,Eco,11,842,61,True
Synth_ETH,ETH,0.5,Eco,12,873,84,True
Synth_ETH,ETH,0.5,Eco,13,903,83,True
Synth_ETH,ETH,0.5,Eco,14,934,57,True
Synth_ETH,ETH,0.5,Eco,15,964,94,True
Synth_ETH,ETH,0.5,Eco,16,995,82,True
Synth_ETH,ETH,0.5,Eco,17,1026,64,True
Synth_ETH,ETH,0.5,Eco,18,1056,46,True
Synth_ETH,ETH,0.5,Eco,19,1087,47,True
Synth_ETH,ETH,0.5,Eco,20,1117,57,True
Synth_ETH,ETH,0.5,Eco,21,1148,55,True
Synth_ETH,ETH,0.5,Eco,22,1179,81,True
Synth_ETH,ETH,0.5,Eco,23,1207,101,True
Synth_ETH,ETH,0.5,Eco,24,1238,88,True
Synth_ETH,ETH,0.5,Eco,25,1268,83,True
Synth_ETH,ETH,0.5,Eco,26,1299,59,True
Synth_ETH,ETH,0.5,Eco,27,1329,67,True
Synth_ETH,ETH,0.5,Eco,28,1360,90,True
Synth_ETH,ETH,0.5,Eco,29,1391,98,True
Synth_ETH,ETH,0.5,Eco,30,1421,88,True
Synth_ETH,ETH,0.5,Eco,31,1452,84,True
Synth_ETH,ETH,0.5,Eco,32,1482,65,True
Synth_ETH,ETH,0.5,Eco,33,1513,110,True
Synth_ETH,ETH,0.5,Eco,34,1544,115,True
Synth_ETH,ETH,0.5,Eco,35,1572,115,True
Synth_ETH,ETH,0.5,Eco,36,1603,94,True
Synth_ETH,ETH,0.5,Eco,37,1633,69,True
Synth_ETH,ETH,0.5,Eco,38,1664,96,True
Synth_ETH,ETH,0.5,Eco,39,1694,81,True
Synth_ETH,ETH,0.5,Eco,40,1725,86,True
Synth_ETH,ETH,0.5,Eco,41,1756,64,True
Synth_ETH,ETH,0.5,Eco,42,1786,60,True
Synth_ETH,ETH,0.5,Eco,43,1817,50,True
Synth_ETH,ETH,0.5,Eco,44,1847,111,True
Synth_ETH,ETH,0.5,Eco,45,1878,146,True
Synth_ETH,ETH,0.5,Eco,46,1909,117,True
Synth_ETH,ETH,0.5,Eco,47,1937,100,True
Synth_ETH,ETH,0.5,Eco,48,1968,137,True
Synth_ETH,ETH,0.5,Eco,49,1998,103,True
Synth_ETH,ETH,0.5,Eco,50,2029,110,True
Synth_ETH,ETH,0.5,Eco,51,2059,81,True
Synth_ETH,ETH,0.5,Eco,52,2090,57,True
Synth_ETH,ETH,0.5,Eco,53,2121,66,True
Synth_ETH,ETH,0.5,Eco,54,2151,69,True
Synth_ETH,ETH,0.5,Eco,55,2182,68,True
Synth_ETH,ETH,0.5,Eco,56,2212,75,True
Synth_ETH,ETH,0.5,Eco,57,2243,67,True
Synth_ETH,ETH,0.5,Eco,58,2274,73,True
Synth_ETH,ETH,0.5,Eco,59,2303,69,True
Synth_ETH,ETH,0.5,Eco,60,2334,75,True
Synth_ETH,ETH,0.5,Eco,61,2364,64,True
Synth_ETH,ETH,0.5,Eco,62,2395,51,True
Synth_ETH,ETH,0.5,Eco,63,2425,55,True
Synth_ETH,ETH,0.5,Eco,64,2456,82,True
Synth_ETH,ETH,0.5,Eco,65,2487,117,True
Synth_ETH,ETH,0.5,Eco,66,2517,93,True
Synth_ETH,ETH,0.5,Eco,67,2548,90,True
Synth_ETH,ETH,0.5,Eco,68,2578,84,True
Synth_ETH,ETH,0.5,Eco,69,2609,63,True
Synth_ETH,ETH,0.5,Eco,70,2640,69,True
Synth_ETH,ETH,0.5,Eco,71,2668,99,True
Synth_ETH,ETH,0.59999999999999998,Concept,0,507,34,True
Synth_ETH,ETH,0.59999999999999998,Concept,1,537,48,True
Synth_ETH,ETH,0.59999999999999998,Concept,2,568,30,True
Synth_ETH,ETH,0.59999999999999998,Concept,3,598,40,True
Synth_ETH,ETH,0.59999999999999998,Concept,4,629,87,True
Synth_ETH,ETH,0.59999999999999998,Concept,5,660,71,True
Synth_ETH,ETH,0.59999999999999998,Concept,6,690,65,True
Synth_ETH,ETH,0.59999999999999998,Concept,7,721,143,True
Synth_ETH,ETH,0.59999999999999998,Concept,8,751,122,True
Synth_ETH,ETH,0.59999999999999998,Concept,9,782,91,True
Synth_ETH,ETH,0.59999999999999998,Concept,10,813,60,True
Synth_ETH,ETH,0.59999999999999998,Concept,11,842,37,True
Synth_ETH,ETH,0.59999999999999998,Concept,12,873,75,True
Synth_ETH,ETH,0.59999999999999998,Concept,13,903,65,True
Synth_ETH,ETH,0.59999999999999998,Concept,14,934,30,True
Synth_ETH,ETH,0.59999999999999998,Concept,15,964,35,True
Synth_ETH,ETH,0.59999999999999998,Concept,16,995,66,True
Synth_ETH,ETH,0.59999999999999998,Concept,17,1026,50,True
Synth_ETH,ETH,0.59999999999999998,Concept,18,1056,38,True
Synth_ETH,ETH,0.59999999999999998,Concept,19,1087,30,True
Synth_ETH,ETH,0.59999999999999998,Concept,20,1117,35,True
Synth_ETH,ETH,0.59999999999999998,Concept,21,1148,43,True
Synth_ETH,ETH,0.59999999999999998,Concept,22,1179,57,True
Synth_ETH,ETH,0.59999999999999998,Concept,23,1207,54,True
Synth_ETH,ETH,0.59999999999999998,Concept,24,1238,48,True
Synth_ETH,ETH,0.59999999999999998,Concept,25,1268,40,True
Synth_ETH,ETH,0.59999999999999998,Concept,26,1299,32,True
Synth_ETH,ETH,0.59999999999999998,Concept,27,1329,29,True
Synth_ETH,ETH,0.59999999999999998,Concept,28,1360,42,True
Synth_ETH,ETH,0.59999999999999998,Concept,29,1391,35,True
Synth_ETH,ETH,0.59999999999999998,Concept,30,1421,40,True
Synth_ETH,ETH,0.59999999999999998,Concept,31,1452,57,True
Synth_ETH,ETH,0.59999999999999998,Concept,32,1482,28,True
Synth_ETH,ETH,0.59999999999999998,Concept,33,1513,65,True
Synth_ETH,ETH,0.59999999999999998,Concept,34,1544,96,True
Synth_ETH,ETH,0.59999999999999998,Concept,35,1572,73,True
Synth_ETH,ETH,0.59999999999999998,Concept,36,1603,50,True
Synth_ETH,ETH,0.59999999999999998,Concept,37,1633,33,True
Synth_ETH,ETH,0.59999999999999998,Concept,38,1664,38,True
Synth_ETH,ETH,0.59999999999999998,Concept,39,1694,65,True
Synth_ETH,ETH,0.59999999999999998,Concept,40,1725,79,True
Synth_ETH,ETH,0.59999999999999998,Concept,41,1756,55,True
Synth_ETH,ETH,0.59999999999999998,Concept,42,1786,48,True
Synth_ETH,ETH,0.59999999999999998,Concept,43,1817,30,True
Synth_ETH,ETH,0.59999999999999998,Concept,44,1847,117,True
Synth_ETH,ETH,0.59999999999999998,Concept,45,1878,113,True
Synth_ETH,ETH,0.59999999999999998,Concept,46,1909,103,True
Synth_ETH,ETH,0.59999999999999998,Concept,47,1937,80,True
Synth_ETH,ETH,0.59999999999999998,Concept,48,1968,61,True
Synth_ETH,ETH,0.59999999999999998,Concept,49,1998,31,True
Synth_ETH,ETH,0.59999999999999998,Concept,50,2029,72,True
Synth_ETH,ETH,0.59999999999999998,Concept,51,2059,42,True
Synth_ETH,ETH,0.59999999999999998,Concept,52,2090,35,True
Synth_ETH,ETH,0.59999999999999998,Concept,53,2121,41,True
Synth_ETH,ETH,0.59999999999999998,Concept,54,2151,51,True
Synth_ETH,ETH,0.59999999999999998,Concept,55,2182,61,True
Synth_ETH,ETH,0.59999999999999998,Concept,56,2212,68,True
Synth_ETH,ETH,0.59999999999999998,Concept,57,2243,63,True
Synth_ETH,ETH,0.59999999999999998,Concept,58,2274,72,True
Synth_ETH,ETH,0.59999999999999998,Concept,59,2303,63,True
Synth_ETH,ETH,0.59999999999999998,Concept,60,2334,48,True
Synth_ETH,ETH,0.59999999999999998,Concept,61,2364,65,True
Synth_ETH,ETH,0.59999999999999998,Concept,62,2395,38,True
Synth_ETH,ETH,0.59999999999999998,Concept,63,2425,25,True
Synth_ETH,ETH,0.59999999999999998,Concept,64,2456,148,True
Synth_ETH,ETH,0.59999999999999998,Concept,65,2487,144,True
Synth_ETH,ETH,0.59999999999999998,Concept,66,2517,114,True
Synth_ETH,ETH,0.59999999999999998,Concept,67,2548,119,True
Synth_ETH,ETH,0.59999999999999998,Concept,68,2578,99,True
Synth_ETH,ETH,0.59999999999999998,Concept,69,2609,95,True
Synth_ETH,ETH,0.59999999999999998,Concept,70,2640,61,True
Synth_ETH,ETH,0.59999999999999998,Concept,71,2668,48,True
Synth_ETH,ETH,0.59999999999999998,Eco,0,507,51,True
Synth_ETH,ETH,0.59999999999999998,Eco,1,537,58,True
Synth_ETH,ETH,0.59999999999999998,Eco,2,568,51,True
Synth_ETH,ETH,0.59999999999999998,Eco,3,598,63,True
Synth_ETH,ETH,0.59999999999999998,Eco,4,629,66,True
Synth_ETH,ETH,0.59999999999999998,Eco,5,660,67,True
Synth_ETH,ETH,0.59999999999999998,Eco,6,690,66,True
Synth_ETH,ETH,0.59999999999999998,Eco,7,721,127,True
Synth_ETH,ETH,0.59999999999999998,Eco,8,751,122,True
Synth_ETH,ETH,0.59999999999999998,Eco,9,782,102,True
Synth_ETH,ETH,0.59999999999999998,Eco,10,813,71,True
Synth_ETH,ETH,0.59999999999999998,Eco,11,842,58,True
Synth_ETH,ETH,0.59999999999999998,Eco,12,873,75,True
Synth_ETH,ETH,0.59999999999999998,Eco,13,903,75,True
Synth_ETH,ETH,0.59999999999999998,Eco,14,934,54,True
Synth_ETH,ETH,0.59999999999999998,Eco,15,964,77,True
Synth_ETH,ETH,0.59999999999999998,Eco,16,995,69,True
Synth_ETH,ETH,0.59999999999999998,Eco,17,1026,52,True
Synth_ETH,ETH,0.59999999999999998,Eco,18,1056,41,True
Synth_ETH,ETH,0.59999999999999998,Eco,19,1087,37,True
Synth_ETH,ETH,0.59999999999999998,Eco,20,1117,50,True
Synth_ETH,ETH,0.59999999999999998,Eco,21,1148,43,True
Synth_ETH,ETH,0.59999999999999998,Eco,22,1179,71,True
Synth_ETH,ETH,0.59999999999999998,Eco,23,1207,70,True
Synth_ETH,ETH,0.59999999999999998,Eco,24,1238,78,True
Synth_ETH,ETH,0.59999999999999998,Eco,25,1268,68,True
Synth_ETH,ETH,0.59999999999999998,Eco,26,1299,55,True
Synth_ETH,ETH,0.59999999999999998,Eco,27,1329,53,True
Synth_ETH,ETH,0.59999999999999998,Eco,28,1360,69,True
Synth_ETH,ETH,0.59999999999999998,Eco,29,1391,66,True
Synth_ETH,ETH,0.59999999999999998,Eco,30,1421,77,True
Synth_ETH,ETH,0.59999999999999998,Eco,31,1452,76,True
Synth_ETH,ETH,0.59999999999999998,Eco,32,1482,53,True
Synth_ETH,ETH,0.59999999999999998,Eco,33,1513,66,True
Synth_ETH,ETH,0.59999999999999998,Eco,34,1544,95,True
Synth_ETH,ETH,0.59999999999999998,Eco,35,1572,81,True
Synth_ETH,ETH,0.59999999999999998,Eco,36,1603,82,True
Synth_ETH,ETH,0.59999999999999998,Eco,37,1633,63,True
Synth_ETH,ETH,0.59999999999999998,Eco,38,1664,55,True
Synth_ETH,ETH,0.59999999999999998,Eco,39,1694,71,True
Synth_ETH,ETH,0.59999999999999998,Eco,40,1725,57,True
Synth_ETH,ETH,0.59999999999999998,Eco,41,1756,55,True
Synth_ETH,ETH,0.59999999999999998,Eco,42,1786,57,True
Synth_ETH,ETH,0.59999999999999998,Eco,43,1817,44,True
Synth_ETH,ETH,0.59999999999999998,Eco,44,1847,96,True
Synth_ETH,ETH,0.59999999999999998,Eco,45,1878,94,True
Synth_ETH,ETH,0.59999999999999998,Eco,46,1909,107,True
Synth_ETH,ETH,0.59999999999999998,Eco,47,1937,85,True
Synth_ETH,ETH,0.59999999999999998,Eco,48,1968,121,True
Synth_ETH,ETH,0.59999999999999998,Eco,49,1998,92,True
Synth_ETH,ETH,0.59999999999999998,Eco,50,2029,90,True
Synth_ETH,ETH,0.59999999999999998,Eco,51,2059,72,True
Synth_ETH,ETH,0.59999999999999998,Eco,52,2090,51,True
Synth_ETH,ETH,0.59999999999999998,Eco,53,2121,56,True
Synth_ETH,ETH,0.59999999999999998,Eco,54,2151,54,True
Synth_ETH,ETH,0.59999999999999998,Eco,55,2182,61,True
Synth_ETH,ETH,0.59999999999999998,Eco,56,2212,66,True
Synth_ETH,ETH,0.59999999999999998,Eco,57,2243,60,True
Synth_ETH,ETH,0.59999999999999998,Eco,58,2274,65,True
Synth_ETH,ETH,0.59999999999999998,Eco,59,2303,60,True
Synth_ETH,ETH,0.59999999999999998,Eco,60,2334,59,True
Synth_ETH,ETH,0.59999999999999998,Eco,61,2364,58,True
Synth_ETH,ETH,0.59999999999999998,Eco,62,2395,44,True
Synth_ETH,ETH,0.59999999999999998,Eco,63,2425,48,True
Synth_ETH,ETH,0.59999999999999998,Eco,64,2456,46,True
Synth_ETH,ETH,0.59999999999999998,Eco,65,2487,89,True
Synth_ETH,ETH,0.59999999999999998,Eco,66,2517,84,True
Synth_ETH,ETH,0.59999999999999998,Eco,67,2548,71,True
Synth_ETH,ETH,0.59999999999999998,Eco,68,2578,72,True
Synth_ETH,ETH,0.59999999999999998,Eco,69,2609,56,True
Synth_ETH,ETH,0.59999999999999998,Eco,70,2640,56,True
Synth_ETH,ETH,0.59999999999999998,Eco,71,2668,83,True
Synth_ETH,ETH,0.75,Concept,0,507,29,True
Synth_ETH,ETH,0.75,Concept,1,537,43,True
Synth_ETH,ETH,0.75,Concept,2,568,30,True
Synth_ETH,ETH,0.75,Concept,3,598,40,True
Synth_ETH,ETH,0.75,Concept,4,629,30,True
Synth_ETH,ETH,0.75,Concept,5,660,66,True
Synth_ETH,ETH,0.75,Concept,6,690,42,True
Synth_ETH,ETH,0.75,Concept,7,721,33,True
Synth_ETH,ETH,0.75,Concept,8,751,111,True
Synth_ETH,ETH,0.75,Concept,9,782,91,True
Synth_ETH,ETH,0.75,Concept,10,813,60,True
Synth_ETH,ETH,0.75,Concept,11,842,35,True
Synth_ETH,ETH,0.75,Concept,12,873,28,True
Synth_ETH,ETH,0.75,Concept,13,903,50,True
Synth_ETH,ETH,0.75,Concept,14,934,25,True
Synth_ETH,ETH,0.75,Concept,15,964,35,True
Synth_ETH,ETH,0.75,Concept,16,995,56,True
Synth_ETH,ETH,0.75,Concept,17,1026,42,True
Synth_ETH,ETH,0.75,Concept,18,1056,28,True
Synth_ETH,ETH,0.75,Concept,19,1087,25,True
Synth_ETH,ETH,0.75,Concept,20,1117,30,True
Synth_ETH,ETH,0.75,Concept,21,1148,40,True
Synth_ETH,ETH,0.75,Concept,22,1179,57,True
Synth_ETH,ETH,0.75,Concept,23,1207,44,True
Synth_ETH,ETH,0.75,Concept,24,1238,33,True
Synth_ETH,ETH,0.75,Concept,25,1268,35,True
Synth_ETH,ETH,0.75,Concept,26,1299,26,True
Synth_ETH,ETH,0.75,Concept,27,1329,29,True
Synth_ETH,ETH,0.75,Concept,28,1360,40,True
Synth_ETH,ETH,0.75,Concept,29,1391,30,True
Synth_ETH,ETH,0.75,Concept,30,1421,35,True
Synth_ETH,ETH,0.75,Concept,31,1452,50,True
Synth_ETH,ETH,0.75,Concept,32,1482,25,True
Synth_ETH,ETH,0.75,Concept,33,1513,42,True
Synth_ETH,ETH,0.75,Concept,34,1544,39,True
Synth_ETH,ETH,0.75,Concept,35,1572,38,True
Synth_ETH,ETH,0.75,Concept,36,1603,45,True
Synth_ETH,ETH,0.75,Concept,37,1633,26,True
Synth_ETH,ETH,0.75,Concept,38,1664,33,True
Synth_ETH,ETH,0.75,Concept,39,1694,65,True
Synth_ETH,ETH,0.75,Concept,40,1725,51,True
Synth_ETH,ETH,0.75,Concept,41,1756,55,True
Synth_ETH,ETH,0.75,Concept,42,1786,48,True
Synth_ETH,ETH,0.75,Concept,43,1817,30,True
Synth_ETH,ETH,0.75,Concept,44,1847,108,True
Synth_ETH,ETH,0.75,Concept,45,1878,78,True
Synth_ETH,ETH,0.75,Concept,46,1909,50,True
Synth_ETH,ETH,0.75,Concept,47,1937,52,True
Synth_ETH,ETH,0.75,Concept,48,1968,54,True
Synth_ETH,ETH,0.75,Concept,49,1998,31,True
Synth_ETH,ETH,0.75,Concept,50,2029,67,True
Synth_ETH,ETH,0.75,Concept,51,2059,35,True
Synth_ETH,ETH,0.75,Concept,52,2090,33,True
Synth_ETH,ETH,0.75,Concept,53,2121,41,True
Synth_ETH,ETH,0.75,Concept,54,2151,46,True
Synth_ETH,ETH,0.75,Concept,55,2182,41,True
Synth_ETH,ETH,0.75,Concept,56,2212,53,True
Synth_ETH,ETH,0.75,Concept,57,2243,38,True
Synth_ETH,ETH,0.75,Concept,58,2274,48,True
Synth_ETH,ETH,0.75,Concept,59,2303,55,True
Synth_ETH,ETH,0.75,Concept,60,2334,32,True
Synth_ETH,ETH,0.75,Concept,61,2364,50,True
Synth_ETH,ETH,0.75,Concept,62,2395,30,True
Synth_ETH,ETH,0.75,Concept,63,2425,25,True
Synth_ETH,ETH,0.75,Concept,64,2456,40,True
Synth_ETH,ETH,0.75,Concept,65,2487,120,True
Synth_ETH,ETH,0.75,Concept,66,2517,90,True
Synth_ETH,ETH,0.75,Concept,67,2548,77,True
Synth_ETH,ETH,0.75,Concept,68,2578,54,True
Synth_ETH,ETH,0.75,Concept,69,2609,68,True
Synth_ETH,ETH,0.75,Concept,70,2640,56,True
Synth_ETH,ETH,0.75,Concept,71,2668,41,True
Synth_ETH,ETH,0.75,Eco,0,507,46,True
Synth_ETH,ETH,0.75,Eco,1,537,47,True
Synth_ETH,ETH,0.75,Eco,2,568,42,True
Synth_ETH,ETH,0.75,Eco,3,598,45,True
Synth_ETH,ETH,0.75,Eco,4,629,57,True
Synth_ETH,ETH,0.75,Eco,5,660,56,True
Synth_ETH,ETH,0.75,Eco,6,690,60,True
Synth_ETH,ETH,0.75,Eco,7,721,88,True
Synth_ETH,ETH,0.75,Eco,8,751,100,True
Synth_ETH,ETH,0.75,Eco,9,782,86,True
Synth_ETH,ETH,0.75,Eco,10,813,60,True
Synth_ETH,ETH,0.75,Eco,11,842,49,True
Synth_ETH,ETH,0.75,Eco,12,873,55,True
Synth_ETH,ETH,0.75,Eco,13,903,58,True
Synth_ETH,ETH,0.75,Eco,14,934,48,True
Synth_ETH,ETH,0.75,Eco,15,964,61,True
Synth_ETH,ETH,0.75,Eco,16,995,62,True
Synth_ETH,ETH,0.75,Eco,17,1026,49,True
Synth_ETH,ETH,0.75,Eco,18,1056,37,True
Synth_ETH,ETH,0.75,Eco,19,1087,33,True
Synth_ETH,ETH,0.75,Eco,20,1117,40,True
Synth_ETH,ETH,0.75,Eco,21,1148,39,True
Synth_ETH,ETH,0.75,Eco,22,1179,56,True
Synth_ETH,ETH,0.75,Eco,23,1207,52,True
Synth_ETH,ETH,0.75,Eco,24,1238,59,True
Synth_ETH,ETH,0.75,Eco,25,1268,57,True
Synth_ETH,ETH,0.75,Eco,26,1299,48,True
Synth_ETH,ETH,0.75,Eco,27,1329,38,True
Synth_ETH,ETH,0.75,Eco,28,1360,58,True
Synth_ETH,ETH,0.75,Eco,29,1391,56,True
Synth_ETH,ETH,0.75,Eco,30,1421,64,True
Synth_ETH,ETH,0.75,Eco,31,1452,57,True
Synth_ETH,ETH,0.75,Eco,32,1482,46,True
Synth_ETH,ETH,0.75,Eco,33,1513,51,True
Synth_ETH,ETH,0.75,Eco,34,1544,70,True
Synth_ETH,ETH,0.75,Eco,35,1572,67,True
Synth_ETH,ETH,0.75,Eco,36,1603,62,True
Synth_ETH,ETH,0.75,Eco,37,1633,53,True
Synth_ETH,ETH,0.75,Eco,38,1664,47,True
Synth_ETH,ETH,0.75,Eco,39,1694,62,True
Synth_ETH,ETH,0.75,Eco,40,1725,49,True
Synth_ETH,ETH,0.75,Eco,41,1756,44,True
Synth_ETH,ETH,0.75,Eco,42,1786,51,True
Synth_ETH,ETH,0.75,Eco,43,1817,32,True
Synth_ETH,ETH,0.75,Eco,44,1847,61,True
Synth_ETH,ETH,0.75,Eco,45,1878,76,True
Synth_ETH,ETH,0.75,Eco,46,1909,63,True
Synth_ETH,ETH,0.75,Eco,47,1937,68,True
Synth_ETH,ETH,0.75,Eco,48,1968,69,True
Synth_ETH,ETH,0.75,Eco,49,1998,54,True
Synth_ETH,ETH,0.75,Eco,50,2029,68,True
Synth_ETH,ETH,0.75,Eco,51,2059,59,True
Synth_ETH,ETH,0.75,Eco,52,2090,44,True
Synth_ETH,ETH,0.75,Eco,53,2121,46,True
Synth_ETH,ETH,0.75,Eco,54,2151,48,True
Synth_ETH,ETH,0.75,Eco,55,2182,46,True
Synth_ETH,ETH,0.75,Eco,56,2212,52,True
Synth_ETH,ETH,0.75,Eco,57,2243,45,True
Synth_ETH,ETH,0.75,Eco,58,2274,47,True
Synth_ETH,ETH,0.75,Eco,59,2303,49,True
Synth_ETH,ETH,0.75,Eco,60,2334,42,True
Synth_ETH,ETH,0.75,Eco,61,2364,52,True
Synth_ETH,ETH,0.75,Eco,62,2395,39,True
Synth_ETH,ETH,0.75,Eco,63,2425,37,True
Synth_ETH,ETH,0.75,Eco,64,2456,37,True
Synth_ETH,ETH,0.75,Eco,65,2487,61,True
Synth_ETH,ETH,0.75,Eco,66,2517,59,True
Synth_ETH,ETH,0.75,Eco,67,2548,57,True
Synth_ETH,ETH,0.75,Eco,68,2578,60,True
Synth_ETH,ETH,0.75,Eco,69,2609,52,True
Synth_ETH,ETH,0.75,Eco,70,2640,36,True
Synth_ETH,ETH,0.75,Eco,71,2668,66,True
Synth_ETH,ETH,1,Concept,0,507,25,True
Synth_ETH,ETH,1,Concept,1,537,30,True
Synth_ETH,ETH,1,Concept,2,568,25,True
Synth_ETH,ETH,1,Concept,3,598,35,True
Synth_ETH,ETH,1,Concept,4,629,29,True
Synth_ETH,ETH,1,Concept,5,660,28,True
Synth_ETH,ETH,1,Concept,6,690,35,True
Synth_ETH,ETH,1,Concept,7,721,25,True
Synth_ETH,ETH,1,Concept,8,751,60,True
Synth_ETH,ETH,1,Concept,9,782,65,True
Synth_ETH,ETH,1,Concept,10,813,52,True
Synth_ETH,ETH,1,Concept,11,842,35,True
Synth_ETH,ETH,1,Concept,12,873,20,True
Synth_ETH,ETH,1,Concept,13,903,48,True
Synth_ETH,ETH,1,Concept,14,934,25,True
Synth_ETH,ETH,1,Concept,15,964,25,True
Synth_ETH,ETH,1,Concept,16,995,34,True
Synth_ETH,ETH,1,Concept,17,1026,35,True
Synth_ETH,ETH,1,Concept,18,1056,28,True
Synth_ETH,ETH,1,Concept,19,1087,25,True
Synth_ETH,ETH,1,Concept,20,1117,23,True
Synth_ETH,ETH,1,Concept,21,1148,30,True
Synth_ETH,ETH,1,Concept,22,1179,32,True
Synth_ETH,ETH,1,Concept,23,1207,41,True
Synth_ETH,ETH,1,Concept,24,1238,28,True
Synth_ETH,ETH,1,Concept,25,1268,33,True
Synth_ETH,ETH,1,Concept,26,1299,23,True
Synth_ETH,ETH,1,Concept,27,1329,23,True
Synth_ETH,ETH,1,Concept,28,1360,26,True
Synth_ETH,ETH,1,Concept,29,1391,25,True
Synth_ETH,ETH,1,Concept,30,1421,35,True
Synth_ETH,ETH,1,Concept,31,1452,45,True
Synth_ETH,ETH,1,Concept,32,1482,25,True
Synth_ETH,ETH,1,Concept,33,1513,30,True
Synth_ETH,ETH,1,Concept,34,1544,31,True
Synth_ETH,ETH,1,Concept,35,1572,25,True
Synth_ETH,ETH,1,Concept,36,1603,38,True
Synth_ETH,ETH,1,Concept,37,1633,25,True
Synth_ETH,ETH,1,Concept,38,1664,28,True
Synth_ETH,ETH,1,Concept,39,1694,25,True
Synth_ETH,ETH,1,Concept,40,1725,46,True
Synth_ETH,ETH,1,Concept,41,1756,40,True
Synth_ETH,ETH,1,Concept,42,1786,38,True
Synth_ETH,ETH,1,Concept,43,1817,28,True
Synth_ETH,ETH,1,Concept,44,1847,53,True
Synth_ETH,ETH,1,Concept,45,1878,57,True
Synth_ETH,ETH,1,Concept,46,1909,50,True
Synth_ETH,ETH,1,Concept,47,1937,30,True
Synth_ETH,ETH,1,Concept,48,1968,50,True
Synth_ETH,ETH,1,Concept,49,1998,28,True
Synth_ETH,ETH,1,Concept,50,2029,62,True
Synth_ETH,ETH,1,Concept,51,2059,30,True
Synth_ETH,ETH,1,Concept,52,2090,23,True
Synth_ETH,ETH,1,Concept,53,2121,30,True
Synth_ETH,ETH,1,Concept,54,2151,27,True
Synth_ETH,ETH,1,Concept,55,2182,26,True
Synth_ETH,ETH,1,Concept,56,2212,33,True
Synth_ETH,ETH,1,Concept,57,2243,23,True
Synth_ETH,ETH,1,Concept,58,2274,30,True
Synth_ETH,ETH,1,Concept,59,2303,35,True
Synth_ETH,ETH,1,Concept,60,2334,29,True
Synth_ETH,ETH,1,Concept,61,2364,33,True
Synth_ETH,ETH,1,Concept,62,2395,23,True
Synth_ETH,ETH,1,Concept,63,2425,20,True
Synth_ETH,ETH,1,Concept,64,2456,25,True
Synth_ETH,ETH,1,Concept,65,2487,48,True
Synth_ETH,ETH,1,Concept,66,2517,33,True
Synth_ETH,ETH,1,Concept,67,2548,35,True
Synth_ETH,ETH,1,Concept,68,2578,33,True
Synth_ETH,ETH,1,Concept,69,2609,53,True
Synth_ETH,ETH,1,Concept,70,2640,41,True
Synth_ETH,ETH,1,Concept,71,2668,35,True
Synth_ETH,ETH,1,Eco,0,507,33,True
Synth_ETH,ETH,1,Eco,1,537,36,True
Synth_ETH,ETH,1,Eco,2,568,34,True
Synth_ETH,ETH,1,Eco,3,598,33,True
Synth_ETH,ETH,1,Eco,4,629,42,True
Synth_ETH,ETH,1,Eco,5,660,42,True
Synth_ETH,ETH,1,Eco,6,690,42,True
Synth_ETH,ETH,1,Eco,7,721,40,True
Synth_ETH,ETH,1,Eco,8,751,71,True
Synth_ETH,ETH,1,Eco,9,782,66,True
Synth_ETH,ETH,1,Eco,10,813,50,True
Synth_ETH,ETH,1,Eco,11,842,41,True
Synth_ETH,ETH,1,Eco,12,873,37,True
Synth_ETH,ETH,1,Eco,13,903,46,True
Synth_ETH,ETH,1,Eco,14,934,40,True
Synth_ETH,ETH,1,Eco,15,964,40,True
Synth_ETH,ETH,1,Eco,16,995,46,True
Synth_ETH,ETH,1,Eco,17,1026,37,True
Synth_ETH,ETH,1,Eco,18,1056,35,True
Synth_ETH,ETH,1,Eco,19,1087,27,True
Synth_ETH,ETH,1,Eco,20,1117,32,True
Synth_ETH,ETH,1,Eco,21,1148,31,True
Synth_ETH,ETH,1,Eco,22,1179,39,True
Synth_ETH,ETH,1,Eco,23,1207,43,True
Synth_ETH,ETH,1,Eco,24,1238,46,True
Synth_ETH,ETH,1,Eco,25,1268,43,True
Synth_ETH,ETH,1,Eco,26,1299,36,True
Synth_ETH,ETH,1,Eco,27,1329,30,True
Synth_ETH,ETH,1,Eco,28,1360,42,True
Synth_ETH,ETH,1,Eco,29,1391,38,True
Synth_ETH,ETH,1,Eco,30,1421,38,True
Synth_ETH,ETH,1,Eco,31,1452,46,True
Synth_ETH,ETH,1,Eco,32,1482,38,True
Synth_ETH,ETH,1,Eco,33,1513,40,True
Synth_ETH,ETH,1,Eco,34,1544,41,True
Synth_ETH,ETH,1,Eco,35,1572,49,True
Synth_ETH,ETH,1,Eco,36,1603,44,True
Synth_ETH,ETH,1,Eco,37,1633,43,True
Synth_ETH,ETH,1,Eco,38,1664,37,True
Synth_ETH,ETH,1,Eco,39,1694,46,True
Synth_ETH,ETH,1,Eco,40,1725,41,True
Synth_ETH,ETH,1,Eco,41,1756,28,True
Synth_ETH,ETH,1,Eco,42,1786,44,True
Synth_ETH,ETH,1,Eco,43,1817,28,True
Synth_ETH,ETH,1,Eco,44,1847,38,True
Synth_ETH,ETH,1,Eco,45,1878,58,True
Synth_ETH,ETH,1,Eco,46,1909,47,True
Synth_ETH,ETH,1,Eco,47,1937,36,True
Synth_ETH,ETH,1,Eco,48,1968,54,True
Synth_ETH,ETH,1,Eco,49,1998,39,True
Synth_ETH,ETH,1,Eco,50,2029,56,True
Synth_ETH,ETH,1,Eco,51,2059,43,True
Synth_ETH,ETH,1,Eco,52,2090,34,True
Synth_ETH,ETH,1,Eco,53,2121,37,True
Synth_ETH,ETH,1,Eco,54,2151,36,True
Synth_ETH,ETH,1,Eco,55,2182,37,True
Synth_ETH,ETH,1,Eco,56,2212,38,True
Synth_ETH,ETH,1,Eco,57,2243,37,True
Synth_ETH,ETH,1,Eco,58,2274,36,True
Synth_ETH,ETH,1,Eco,59,2303,36,True
Synth_ETH,ETH,1,Eco,60,2334,33,True
Synth_ETH,ETH,1,Eco,61,2364,37,True
Synth_ETH,ETH,1,Eco,62,2395,31,True
Synth_ETH,ETH,1,Eco,63,2425,29,True
Synth_ETH,ETH,1,Eco,64,2456,31,True
Synth_ETH,ETH,1,Eco,65,2487,51,True
Synth_ETH,ETH,1,Eco,66,2517,39,True
Synth_ETH,ETH,1,Eco,67,2548,40,True
Synth_ETH,ETH,1,Eco,68,2578,40,True
Synth_ETH,ETH,1,Eco,69,2609,40,True
Synth_ETH,ETH,1,Eco,70,2640,31,True
Synth_ETH,ETH,1,Eco,71,2668,49,True
Synth_ETH,ETH,1.25,Concept,0,507,23,True
Synth_ETH,ETH,1.25,Concept,1,537,23,True
Synth_ETH,ETH,1.25,Concept,2,568,22,True
Synth_ETH,ETH,1.25,Concept,3,598,23,True
Synth_ETH,ETH,1.25,Concept,4,629,26,True
Synth_ETH,ETH,1.25,Concept,5,660,25,True
Synth_ETH,ETH,1.25,Concept,6,690,32,True
Synth_ETH,ETH,1.25,Concept,7,721,23,True
Synth_ETH,ETH,1.25,Concept,8,751,40,True
Synth_ETH,ETH,1.25,Concept,9,782,55,True
Synth_ETH,ETH,1.25,Concept,10,813,42,True
Synth_ETH,ETH,1.25,Concept,11,842,30,True
Synth_ETH,ETH,1.25,Concept,12,873,20,True
Synth_ETH,ETH,1.25,Concept,13,903,43,True
Synth_ETH,ETH,1.25,Concept,14,934,22,True
Synth_ETH,ETH,1.25,Concept,15,964,25,True
Synth_ETH,ETH,1.25,Concept,16,995,29,True
Synth_ETH,ETH,1.25,Concept,17,1026,30,True
Synth_ETH,ETH,1.25,Concept,18,1056,28,True
Synth_ETH,ETH,1.25,Concept,19,1087,25,True
Synth_ETH,ETH,1.25,Concept,20,1117,23,True
Synth_ETH,ETH,1.25,Concept,21,1148,20,True
Synth_ETH,ETH,1.25,Concept,22,1179,32,True
Synth_ETH,ETH,1.25,Concept,23,1207,35,True
Synth_ETH,ETH,1.25,Concept,24,1238,25,True
Synth_ETH,ETH,1.25,Concept,25,1268,20,True
Synth_ETH,ETH,1.25,Concept,26,1299,23,True
Synth_ETH,ETH,1.25,Concept,27,1329,23,True
Synth_ETH,ETH,1.25,Concept,28,1360,23,True
Synth_ETH,ETH,1.25,Concept,29,1391,25,True
Synth_ETH,ETH,1.25,Concept,30,1421,30,True
Synth_ETH,ETH,1.25,Concept,31,1452,25,True
Synth_ETH,ETH,1.25,Concept,32,1482,25,True
Synth_ETH,ETH,1.25,Concept,33,1513,25,True
Synth_ETH,ETH,1.25,Concept,34,1544,26,True
Synth_ETH,ETH,1.25,Concept,35,1572,23,True
Synth_ETH,ETH,1.25,Concept,36,1603,35,True
Synth_ETH,ETH,1.25,Concept,37,1633,25,True
Synth_ETH,ETH,1.25,Concept,38,1664,23,True
Synth_ETH,ETH,1.25,Concept,39,1694,25,True
Synth_ETH,ETH,1.25,Concept,40,1725,44,True
Synth_ETH,ETH,1.25,Concept,41,1756,30,True
Synth_ETH,ETH,1.25,Concept,42,1786,28,True
Synth_ETH,ETH,1.25,Concept,43,1817,28,True
Synth_ETH,ETH,1.25,Concept,44,1847,28,True
Synth_ETH,ETH,1.25,Concept,45,1878,35,True
Synth_ETH,ETH,1.25,Concept,46,1909,33,True
Synth_ETH,ETH,1.25,Concept,47,1937,25,True
Synth_ETH,ETH,1.25,Concept,48,1968,43,True
Synth_ETH,ETH,1.25,Concept,49,1998,25,True
Synth_ETH,ETH,1.25,Concept,50,2029,30,True
Synth_ETH,ETH,1.25,Concept,51,2059,27,True
Synth_ETH,ETH,1.25,Concept,52,2090,20,True
Synth_ETH,ETH,1.25,Concept,53,2121,23,True
Synth_ETH,ETH,1.25,Concept,54,2151,23,True
Synth_ETH,ETH,1.25,Concept,55,2182,24,True
Synth_ETH,ETH,1.25,Concept,56,2212,27,True
Synth_ETH,ETH,1.25,Concept,57,2243,20,True
Synth_ETH,ETH,1.25,Concept,58,2274,23,True
Synth_ETH,ETH,1.25,Concept,59,2303,28,True
Synth_ETH,ETH,1.25,Concept,60,2334,23,True
Synth_ETH,ETH,1.25,Concept,61,2364,28,True
Synth_ETH,ETH,1.25,Concept,62,2395,23,True
Synth_ETH,ETH,1.25,Concept,63,2425,20,True
Synth_ETH,ETH,1.25,Concept,64,2456,23,True
Synth_ETH,ETH,1.25,Concept,65,2487,30,True
Synth_ETH,ETH,1.25,Concept,66,2517,23,True
Synth_ETH,ETH,1.25,Concept,67,2548,33,True
Synth_ETH,ETH,1.25,Concept,68,2578,30,True
Synth_ETH,ETH,1.25,Concept,69,2609,48,True
Synth_ETH,ETH,1.25,Concept,70,2640,36,True
Synth_ETH,ETH,1.25,Concept,71,2668,35,True
Synth_ETH,ETH,1.25,Eco,0,507,28,True
Synth_ETH,ETH,1.25,Eco,1,537,30,True
Synth_ETH,ETH,1.25,Eco,2,568,30,True
Synth_ETH,ETH,1.25,Eco,3,598,28,True
Synth_ETH,ETH,1.25,Eco,4,629,36,True
Synth_ETH,ETH,1.25,Eco,5,660,30,True
Synth_ETH,ETH,1.25,Eco,6,690,36,True
Synth_ETH,ETH,1.25,Eco,7,721,35,True
Synth_ETH,ETH,1.25,Eco,8,751,49,True
Synth_ETH,ETH,1.25,Eco,9,782,55,True
Synth_ETH,ETH,1.25,Eco,10,813,43,True
Synth_ETH,ETH,1.25,Eco,11,842,36,True
Synth_ETH,ETH,1.25,Eco,12,873,30,True
Synth_ETH,ETH,1.25,Eco,13,903,42,True
Synth_ETH,ETH,1.25,Eco,14,934,30,True
Synth_ETH,ETH,1.25,Eco,15,964,34,True
Synth_ETH,ETH,1.25,Eco,16,995,38,True
Synth_ETH,ETH,1.25,Eco,17,1026,34,True
Synth_ETH,ETH,1.25,Eco,18,1056,31,True
Synth_ETH,ETH,1.25,Eco,19,1087,24,True
Synth_ETH,ETH,1.25,Eco,20,1117,27,True
Synth_ETH,ETH,1.25,Eco,21,1148,26,True
Synth_ETH,ETH,1.25,Eco,22,1179,36,True
Synth_ETH,ETH,1.25,Eco,23,1207,36,True
Synth_ETH,ETH,1.25,Eco,24,1238,34,True
Synth_ETH,ETH,1.25,Eco,25,1268,36,True
Synth_ETH,ETH,1.25,Eco,26,1299,31,True
Synth_ETH,ETH,1.25,Eco,27,1329,27,True
Synth_ETH,ETH,1.25,Eco,28,1360,35,True
Synth_ETH,ETH,1.25,Eco,29,1391,32,True
Synth_ETH,ETH,1.25,Eco,30,1421,33,True
Synth_ETH,ETH,1.25,Eco,31,1452,39,True
Synth_ETH,ETH,1.25,Eco,32,1482,29,True
Synth_ETH,ETH,1.25,Eco,33,1513,33,True
Synth_ETH,ETH,1.25,Eco,34,1544,35,True
Synth_ETH,ETH,1.25,Eco,35,1572,39,True
Synth_ETH,ETH,1.25,Eco,36,1603,37,True
Synth_ETH,ETH,1.25,Eco,37,1633,33,True
Synth_ETH,ETH,1.25,Eco,38,1664,32,True
Synth_ETH,ETH,1.25,Eco,39,1694,30,True
Synth_ETH,ETH,1.25,Eco,40,1725,36,True
Synth_ETH,ETH,1.25,Eco,41,1756,22,True
Synth_ETH,ETH,1.25,Eco,42,1786,37,True
Synth_ETH,ETH,1.25,Eco,43,1817,26,True
Synth_ETH,ETH,1.25,Eco,44,1847,30,True
Synth_ETH,ETH,1.25,Eco,45,1878,49,True
Synth_ETH,ETH,1.25,Eco,46,1909,38,True
Synth_ETH,ETH,1.25,Eco,47,1937,28,True
Synth_ETH,ETH,1.25,Eco,48,1968,44,True
Synth_ETH,ETH,1.25,Eco,49,1998,31,True
Synth_ETH,ETH,1.25,Eco,50,2029,42,True
Synth_ETH,ETH,1.25,Eco,51,2059,36,True
Synth_ETH,ETH,1.25,Eco,52,2090,28,True
Synth_ETH,ETH,1.25,Eco,53,2121,26,True
Synth_ETH,ETH,1.25,Eco,54,2151,29,True
Synth_ETH,ETH,1.25,Eco,55,2182,26,True
Synth_ETH,ETH,1.25,Eco,56,2212,34,True
Synth_ETH,ETH,1.25,Eco,57,2243,29,True
Synth_ETH,ETH,1.25,Eco,58,2274,29,True
Synth_ETH,ETH,1.25,Eco,59,2303,29,True
Synth_ETH,ETH,1.25,Eco,60,2334,29,True
Synth_ETH,ETH,1.25,Eco,61,2364,31,True
Synth_ETH,ETH,1.25,Eco,62,2395,28,True
Synth_ETH,ETH,1.25,Eco,63,2425,26,True
Synth_ETH,ETH,1.25,Eco,64,2456,27,True
Synth_ETH,ETH,1.25,Eco,65,2487,39,True
Synth_ETH,ETH,1.25,Eco,66,2517,31,True
Synth_ETH,ETH,1.25,Eco,67,2548,31,True
Synth_ETH,ETH,1.25,Eco,68,2578,29,True
Synth_ETH,ETH,1.25,Eco,69,2609,30,True
Synth_ETH,ETH,1.25,Eco,70,2640,25,True
Synth_ETH,ETH,1.25,Eco,71,2668,40,True
Synth_ETH,ETH,1.5,Concept,0,507,20,True
Synth_ETH,ETH,1.5,Concept,1,537,20,True
Synth_ETH,ETH,1.5,Concept,2,568,22,True
Synth_ETH,ETH,1.5,Concept,3,598,20,True
Synth_ETH,ETH,1.5,Concept,4,629,25,True
Synth_ETH,ETH,1.5,Concept,5,660,23,True
Synth_ETH,ETH,1.5,Concept,6,690,30,True
Synth_ETH,ETH,1.5,Concept,7,721,23,True
Synth_ETH,ETH,1.5,Concept,8,751,35,True
Synth_ETH,ETH,1.5,Concept,9,782,40,True
Synth_ETH,ETH,1.5,Concept,10,813,36,True
Synth_ETH,ETH,1.5,Concept,11,842,25,True
Synth_ETH,ETH,1.5,Concept,12,873,20,True
Synth_ETH,ETH,1.5,Concept,13,903,28,True
Synth_ETH,ETH,1.5,Concept,14,934,22,True
Synth_ETH,ETH,1.5,Concept,15,964,25,True
Synth_ETH,ETH,1.5,Concept,16,995,26,True
Synth_ETH,ETH,1.5,Concept,17,1026,28,True
Synth_ETH,ETH,1.5,Concept,18,1056,23,True
Synth_ETH,ETH,1.5,Concept,19,1087,20,True
Synth_ETH,ETH,1.5,Concept,20,1117,20,True
Synth_ETH,ETH,1.5,Concept,21,1148,20,True
Synth_ETH,ETH,1.5,Concept,22,1179,30,True
Synth_ETH,ETH,1.5,Concept,23,1207,28,True
Synth_ETH,ETH,1.5,Concept,24,1238,20,True
Synth_ETH,ETH,1.5,Concept,25,1268,20,True
Synth_ETH,ETH,1.5,Concept,26,1299,23,True
Synth_ETH,ETH,1.5,Concept,27,1329,23,True
Synth_ETH,ETH,1.5,Concept,28,1360,20,True
Synth_ETH,ETH,1.5,Concept,29,1391,23,True
Synth_ETH,ETH,1.5,Concept,30,1421,28,True
Synth_ETH,ETH,1.5,Concept,31,1452,23,True
Synth_ETH,ETH,1.5,Concept,32,1482,23,True
Synth_ETH,ETH,1.5,Concept,33,1513,20,True
Synth_ETH,ETH,1.5,Concept,34,1544,26,True
Synth_ETH,ETH,1.5,Concept,35,1572,23,True
Synth_ETH,ETH,1.5,Concept,36,1603,30,True
Synth_ETH,ETH,1.5,Concept,37,1633,20,True
Synth_ETH,ETH,1.5,Concept,38,1664,23,True
Synth_ETH,ETH,1.5,Concept,39,1694,25,True
Synth_ETH,ETH,1.5,Concept,40,1725,36,True
Synth_ETH,ETH,1.5,Concept,41,1756,20,True
Synth_ETH,ETH,1.5,Concept,42,1786,25,True
Synth_ETH,ETH,1.5,Concept,43,1817,25,True
Synth_ETH,ETH,1.5,Concept,44,1847,23,True
Synth_ETH,ETH,1.5,Concept,45,1878,28,True
Synth_ETH,ETH,1.5,Concept,46,1909,25,True
Synth_ETH,ETH,1.5,Concept,47,1937,22,True
Synth_ETH,ETH,1.5,Concept,48,1968,39,True
Synth_ETH,ETH,1.5,Concept,49,1998,25,True
Synth_ETH,ETH,1.5,Concept,50,2029,23,True
Synth_ETH,ETH,1.5,Concept,51,2059,25,True
Synth_ETH,ETH,1.5,Concept,52,2090,20,True
Synth_ETH,ETH,1.5,Concept,53,2121,20,True
Synth_ETH,ETH,1.5,Concept,54,2151,20,True
Synth_ETH,ETH,1.5,Concept,55,2182,23,True
Synth_ETH,ETH,1.5,Concept,56,2212,25,True
Synth_ETH,ETH,1.5,Concept,57,2243,20,True
Synth_ETH,ETH,1.5,Concept,58,2274,23,True
Synth_ETH,ETH,1.5,Concept,59,2303,20,True
Synth_ETH,ETH,1.5,Concept,60,2334,20,True
Synth_ETH,ETH,1.5,Concept,61,2364,25,True
Synth_ETH,ETH,1.5,Concept,62,2395,23,True
Synth_ETH,ETH,1.5,Concept,63,2425,20,True
Synth_ETH,ETH,1.5,Concept,64,2456,23,True
Synth_ETH,ETH,1.5,Concept,65,2487,28,True
Synth_ETH,ETH,1.5,Concept,66,2517,23,True
Synth_ETH,ETH,1.5,Concept,67,2548,28,True
Synth_ETH,ETH,1.5,Concept,68,2578,25,True
Synth_ETH,ETH,1.5,Concept,69,2609,30,True
Synth_ETH,ETH,1.5,Concept,70,2640,28,True
Synth_ETH,ETH,1.5,Concept,71,2668,33,True
Synth_ETH,ETH,1.5,Eco,0,507,24,True
Synth_ETH,ETH,1.5,Eco,1,537,28,True
Synth_ETH,ETH,1.5,Eco,2,568,27,True
Synth_ETH,ETH,1.5,Eco,3,598,24,True
Synth_ETH,ETH,1.5,Eco,4,629,32,True
Synth_ETH,ETH,1.5,Eco,5,660,28,True
Synth_ETH,ETH,1.5,Eco,6,690,32,True
Synth_ETH,ETH,1.5,Eco,7,721,32,True
Synth_ETH,ETH,1.5,Eco,8,751,42,True
Synth_ETH,ETH,1.5,Eco,9,782,46,True
Synth_ETH,ETH,1.5,Eco,10,813,38,True
Synth_ETH,ETH,1.5,Eco,11,842,31,True
Synth_ETH,ETH,1.5,Eco,12,873,29,True
Synth_ETH,ETH,1.5,Eco,13,903,37,True
Synth_ETH,ETH,1.5,Eco,14,934,28,True
Synth_ETH,ETH,1.5,Eco,15,964,30,True
Synth_ETH,ETH,1.5,Eco,16,995,31,True
Synth_ETH,ETH,1.5,Eco,17,1026,31,True
Synth_ETH,ETH,1.5,Eco,18,1056,26,True
Synth_ETH,ETH,1.5,Eco,19,1087,23,True
Synth_ETH,ETH,1.5,Eco,20,1117,24,True
Synth_ETH,ETH,1.5,Eco,21,1148,24,True
Synth_ETH,ETH,1.5,Eco,22,1179,30,True
Synth_ETH,ETH,1.5,Eco,23,1207,29,True
Synth_ETH,ETH,1.5,Eco,24,1238,30,True
Synth_ETH,ETH,1.5,Eco,25,1268,29,True
Synth_ETH,ETH,1.5,Eco,26,1299,26,True
Synth_ETH,ETH,1.5,Eco,27,1329,25,True
Synth_ETH,ETH,1.5,Eco,28,1360,31,True
Synth_ETH,ETH,1.5,Eco,29,1391,28,True
Synth_ETH,ETH,1.5,Eco,30,1421,29,True
Synth_ETH,ETH,1.5,Eco,31,1452,33,True
Synth_ETH,ETH,1.5,Eco,32,1482,26,True
Synth_ETH,ETH,1.5,Eco,33,1513,28,True
Synth_ETH,ETH,1.5,Eco,34,1544,32,True
Synth_ETH,ETH,1.5,Eco,35,1572,32,True
Synth_ETH,ETH,1.5,Eco,36,1603,33,True
Synth_ETH,ETH,1.5,Eco,37,1633,30,True
Synth_ETH,ETH,1.5,Eco,38,1664,28,True
Synth_ETH,ETH,1.5,Eco,39,1694,25,True
Synth_ETH,ETH,1.5,Eco,40,1725,31,True
Synth_ETH,ETH,1.5,Eco,41,1756,19,True
Synth_ETH,ETH,1.5,Eco,42,1786,32,True
Synth_ETH,ETH,1.5,Eco,43,1817,23,True
Synth_ETH,ETH,1.5,Eco,44,1847,28,True
Synth_ETH,ETH,1.5,Eco,45,1878,35,True
Synth_ETH,ETH,1.5,Eco,46,1909,33,True
Synth_ETH,ETH,1.5,Eco,47,1937,25,True
Synth_ETH,ETH,1.5,Eco,48,1968,37,True
Synth_ETH,ETH,1.5,Eco,49,1998,26,True
Synth_ETH,ETH,1.5,Eco,50,2029,26,True
Synth_ETH,ETH,1.5,Eco,51,2059,31,True
Synth_ETH,ETH,1.5,Eco,52,2090,22,True
Synth_ETH,ETH,1.5,Eco,53,2121,24,True
Synth_ETH,ETH,1.5,Eco,54,2151,26,True
Synth_ETH,ETH,1.5,Eco,55,2182,24,True
Synth_ETH,ETH,1.5,Eco,56,2212,28,True
Synth_ETH,ETH,1.5,Eco,57,2243,25,True
Synth_ETH,ETH,1.5,Eco,58,2274,27,True
Synth_ETH,ETH,1.5,Eco,59,2303,24,True
Synth_ETH,ETH,1.5,Eco,60,2334,25,True
Synth_ETH,ETH,1.5,Eco,61,2364,28,True
Synth_ETH,ETH,1.5,Eco,62,2395,25,True
Synth_ETH,ETH,1.5,Eco,63,2425,22,True
Synth_ETH,ETH,1.5,Eco,64,2456,26,True
Synth_ETH,ETH,1.5,Eco,65,2487,31,True
Synth_ETH,ETH,1.5,Eco,66,2517,28,True
Synth_ETH,ETH,1.5,Eco,67,2548,27,True
Synth_ETH,ETH,1.5,Eco,68,2578,26,True
Synth_ETH,ETH,1.5,Eco,69,2609,26,True
Synth_ETH,ETH,1.5,Eco,70,2640,23,True
Synth_ETH,ETH,1.5,Eco,71,2668,34,True
