episode_id,ticker,phase_id,role,sigma_oracle,oracle_contaminated,oracle_certified,detector,detector_family,delta,operating_point,lambda_star,FPR_H,ARL0,arl0_censored_frac,arl0_right_censored,tau_realized_days,alarm_date,T_days_phase,alarm_within_T,oracle_verdict,ADD_min_census,detectable_flag_census,op_attainable,breakeven_exists
E1,SPY,22,TARGET,V1,False,True,D1,standardized_mean,0,OP1_isoFPR5_H,10.529059858728843,0.044049999999999999,144.05439999999999,0,False,6,2020-02-27,23,True,detected_within_T,42.075066132431338,False,True,True
E1,SPY,22,TARGET,V1,False,True,D1,standardized_mean,0,OP2_ARL0_20,3.0876122901990186,0.67584999999999995,20.6938,0,False,3,2020-02-24,23,True,detected_within_T,42.075066132431338,False,True,True
E1,SPY,22,TARGET,V1,False,True,D1,standardized_mean,0,OP2b_ARL0_252,15.213167424961057,0.0040499999999999998,275.46640000000002,0,False,16,2020-03-12,23,True,detected_within_T,42.075066132431338,False,True,True
E1,SPY,22,TARGET,V1,False,True,D1,standardized_mean,0,OP3_breakeven,17.19872800260837,0.0015,343.68579999999997,0,False,22,2020-03-20,23,True,detected_within_T,42.075066132431338,False,True,True
E1,SPY,22,TARGET,V1,False,True,D1,standardized_mean,0.050000000000000003,OP1_isoFPR5_H,9.9026459738685961,0.041200000000000001,186.46019999999999,0,False,6,2020-02-27,23,True,detected_within_T,42.075066132431338,False,True,True
E1,SPY,22,TARGET,V1,False,True,D1,standardized_mean,0.050000000000000003,OP2_ARL0_20,2.7311532984905198,0.68694999999999995,20.292000000000002,0,False,3,2020-02-24,23,True,detected_within_T,42.075066132431338,False,True,True
E1,SPY,22,TARGET,V1,False,True,D1,standardized_mean,0.050000000000000003,OP2b_ARL0_252,11.903269817194102,0.015699999999999999,277.21460000000002,0,False,13,2020-03-09,23,True,detected_within_T,42.075066132431338,False,True,True
E1,SPY,22,TARGET,V1,False,True,D1,standardized_mean,0.050000000000000003,OP3_breakeven,16.175510149607252,0.00175,576.78039999999999,0,False,22,2020-03-20,23,True,detected_within_T,42.075066132431338,False,True,True
E1,SPY,22,TARGET,V1,False,True,D1,standardized_mean,0.10000000000000001,OP1_isoFPR5_H,8.759404249414942,0.049500000000000002,207.9256,0,False,6,2020-02-27,23,True,detected_within_T,42.075066132431338,False,True,True
E1,SPY,22,TARGET,V1,False,True,D1,standardized_mean,0.10000000000000001,OP2_ARL0_20,2.5686665835500562,0.66600000000000004,21.343399999999999,0,False,3,2020-02-24,23,True,detected_within_T,42.075066132431338,False,True,True
E1,SPY,22,TARGET,V1,False,True,D1,standardized_mean,0.10000000000000001,OP2b_ARL0_252,9.9026459738685961,0.029899999999999999,284.28980000000001,0,False,6,2020-02-27,23,True,detected_within_T,42.075066132431338,False,True,True
E1,SPY,22,TARGET,V1,False,True,D1,standardized_mean,0.10000000000000001,OP3_breakeven,15.213167424961057,0.0018,971.1114,0.0038,False,23,2020-03-23,23,True,detected_within_T,42.075066132431338,False,True,True
E1,SPY,22,TARGET,V1,False,True,D1,standardized_mean,0.14999999999999999,OP1_isoFPR5_H,8.2382739188291012,0.047399999999999998,252.70060000000001,0,False,4,2020-02-25,23,True,detected_within_T,42.075066132431338,False,True,True
E1,SPY,22,TARGET,V1,False,True,D1,standardized_mean,0.14999999999999999,OP2_ARL0_20,2.2721188909158401,0.6845,20.244,0,False,2,2020-02-21,23,True,detected_within_T,42.075066132431338,False,True,True
E1,SPY,22,TARGET,V1,False,True,D1,standardized_mean,0.14999999999999999,OP2b_ARL0_252,8.2382739188291012,0.047399999999999998,252.70060000000001,0,False,4,2020-02-25,23,True,detected_within_T,42.075066132431338,False,True,True
E1,SPY,22,TARGET,V1,False,True,D1,standardized_mean,0.14999999999999999,OP3_breakeven,14.30807813536043,0.0018,1536.3668,0.041000000000000002,False,23,2020-03-23,23,True,detected_within_T,42.075066132431338,False,True,True
E1,SPY,22,TARGET,V1,False,True,D1,standardized_mean,0.20000000000000001,OP1_isoFPR5_H,7.7481476170246317,0.045850000000000002,303.38319999999999,0,False,4,2020-02-25,23,True,detected_within_T,42.075066132431338,False,True,True
E1,SPY,22,TARGET,V1,False,True,D1,standardized_mean,0.20000000000000001,OP2_ARL0_20,2.1369418817222763,0.66720000000000002,21.09,0,False,2,2020-02-21,23,True,detected_within_T,42.075066132431338,False,True,True
E1,SPY,22,TARGET,V1,False,True,D1,standardized_mean,0.20000000000000001,OP2b_ARL0_252,7.7481476170246317,0.045850000000000002,303.38319999999999,0,False,4,2020-02-25,23,True,detected_within_T,42.075066132431338,False,True,True
E1,SPY,22,TARGET,V1,False,True,D1,standardized_mean,0.20000000000000001,OP3_breakeven,13.456836055829003,0.00165,NaN,0.12559999999999999,True,23,2020-03-23,23,True,detected_within_T,42.075066132431338,False,True,True
E1,SPY,22,TARGET,V1,False,True,D1,standardized_mean,0.25,OP1_isoFPR5_H,7.2871807962094346,0.0453,346.3458,0,False,4,2020-02-25,23,True,detected_within_T,42.075066132431338,False,True,True
E1,SPY,22,TARGET,V1,False,True,D1,standardized_mean,0.25,OP2_ARL0_20,2.0098070678062459,0.6613,21.516400000000001,0,False,2,2020-02-21,23,True,detected_within_T,42.075066132431338,False,True,True
E1,SPY,22,TARGET,V1,False,True,D1,standardized_mean,0.25,OP2b_ARL0_252,6.85363864776697,0.057149999999999999,279.0992,0,False,4,2020-02-25,23,True,detected_within_T,42.075066132431338,False,True,True
E1,SPY,22,TARGET,V1,False,True,D1,standardized_mean,0.25,OP3_breakeven,11.903269817194102,0.0027499999999999998,NaN,0.13600000000000001,True,16,2020-03-12,23,True,detected_within_T,42.075066132431338,False,True,True
E1,SPY,22,TARGET,V1,False,True,D1,standardized_mean,0.29999999999999999,OP1_isoFPR5_H,6.85363864776697,0.044949999999999997,367.52420000000001,0,False,4,2020-02-25,23,True,detected_within_T,42.075066132431338,False,True,True
E1,SPY,22,TARGET,V1,False,True,D1,standardized_mean,0.29999999999999999,OP2_ARL0_20,1.7777786479191604,0.69235000000000002,20.119399999999999,0,False,2,2020-02-21,23,True,detected_within_T,42.075066132431338,False,True,True
E1,SPY,22,TARGET,V1,False,True,D1,standardized_mean,0.29999999999999999,OP2b_ARL0_252,6.445889573454612,0.057250000000000002,297.77159999999998,0,False,3,2020-02-24,23,True,detected_within_T,42.075066132431338,False,True,True
E1,SPY,22,TARGET,V1,False,True,D1,standardized_mean,0.29999999999999999,OP3_breakeven,11.195098946406727,0.0029499999999999999,NaN,0.20000000000000001,True,16,2020-03-12,23,True,detected_within_T,42.075066132431338,False,True,True
E1,SPY,22,TARGET,V1,False,True,D1,standardized_mean,0.40000000000000002,OP1_isoFPR5_H,6.445889573454612,0.037949999999999998,483.33760000000001,0,False,4,2020-02-25,23,True,detected_within_T,42.075066132431338,False,True,True
E1,SPY,22,TARGET,V1,False,True,D1,standardized_mean,0.40000000000000002,OP2_ARL0_20,1.5725374697020222,0.67800000000000005,20.673400000000001,0,False,2,2020-02-21,23,True,detected_within_T,42.075066132431338,False,True,True
E1,SPY,22,TARGET,V1,False,True,D1,standardized_mean,0.40000000000000002,OP2b_ARL0_252,5.7017238291636287,0.065750000000000003,290.69279999999998,0,False,3,2020-02-24,23,True,detected_within_T,42.075066132431338,False,True,True
E1,SPY,22,TARGET,V1,False,True,D1,standardized_mean,0.40000000000000002,OP3_breakeven,9.3134998375452991,0.0051000000000000004,NaN,0.1628,True,16,2020-03-12,23,True,detected_within_T,42.075066132431338,False,True,True
E1,SPY,22,TARGET,V1,False,True,D1,standardized_mean,0.5,OP1_isoFPR5_H,6.062399045025292,0.033550000000000003,576.50220000000002,0,False,4,2020-02-25,23,True,detected_within_T,42.075066132431338,False,True,True
E1,SPY,22,TARGET,V1,False,True,D1,standardized_mean,0.5,OP2_ARL0_20,1.3909909968326304,0.68335000000000001,20.210999999999999,0,False,2,2020-02-21,23,True,detected_within_T,42.075066132431338,False,True,True
E1,SPY,22,TARGET,V1,False,True,D1,standardized_mean,0.5,OP2b_ARL0_252,5.0434706107801173,0.076799999999999993,261.44959999999998,0,False,3,2020-02-24,23,True,detected_within_T,42.075066132431338,False,True,True
E1,SPY,22,TARGET,V1,False,True,D1,standardized_mean,0.5,OP3_breakeven,8.2382739188291012,0.0066,NaN,0.14999999999999999,True,6,2020-02-27,23,True,detected_within_T,42.075066132431338,False,True,True
E1,SPY,22,TARGET,V1,False,True,D1,standardized_mean,0.4285355425525495,OP1_isoFPR5_H,6.445889573454612,0.033099999999999997,551.02539999999999,0,False,4,2020-02-25,23,True,detected_within_T,42.075066132431338,False,True,True
E1,SPY,22,TARGET,V1,False,True,D1,standardized_mean,0.4285355425525495,OP2_ARL0_20,1.5725374697020222,0.66164999999999996,21.445599999999999,0,False,2,2020-02-21,23,True,detected_within_T,42.075066132431338,False,True,True
E1,SPY,22,TARGET,V1,False,True,D1,standardized_mean,0.4285355425525495,OP2b_ARL0_252,5.3625065560026526,0.071400000000000005,269.54680000000002,0,False,3,2020-02-24,23,True,detected_within_T,42.075066132431338,False,True,True
E1,SPY,22,TARGET,V1,False,True,D1,standardized_mean,0.4285355425525495,OP3_breakeven,9.3134998375452991,0.0043,NaN,0.2266,True,16,2020-03-12,23,True,detected_within_T,42.075066132431338,False,True,True
E1,SPY,22,TARGET,V1,False,True,D2,likelihood_ratio,NaN,OP1_isoFPR5_H,5.3625065560026526,0.045100000000000001,100.43680000000001,0,False,3,2020-02-24,23,True,detected_within_T,42.075066132431338,False,True,True
E1,SPY,22,TARGET,V1,False,True,D2,likelihood_ratio,NaN,OP2_ARL0_20,0.16254827312026174,0.99224999999999997,20.050999999999998,0,False,2,2020-02-21,23,True,detected_within_T,42.075066132431338,False,True,True
E1,SPY,22,TARGET,V1,False,True,D2,likelihood_ratio,NaN,OP2b_ARL0_252,8.2382739188291012,0.011050000000000001,293.10219999999998,0,False,3,2020-02-24,23,True,detected_within_T,42.075066132431338,False,True,True
E1,SPY,22,TARGET,V1,False,True,D2,likelihood_ratio,NaN,OP3_breakeven,11.903269817194102,0.0055500000000000002,591.64679999999998,0,False,16,2020-03-12,23,True,detected_within_T,42.075066132431338,False,True,True
E1,SPY,22,TARGET,V2,False,True,D1,standardized_mean,0,OP1_isoFPR5_H,9.9026459738685961,0.047849999999999997,NaN,0,False,NaN,NaN,23,False,no_alarm,42.075066132431338,False,True,True
E1,SPY,22,TARGET,V2,False,True,D1,standardized_mean,0,OP2_ARL0_20,NaN,NaN,NaN,NaN,False,NaN,NaN,23,False,not_attainable,42.075066132431338,False,False,True
E1,SPY,22,TARGET,V2,False,True,D1,standardized_mean,0,OP2b_ARL0_252,NaN,NaN,NaN,NaN,False,NaN,NaN,23,False,not_attainable,42.075066132431338,False,False,True
E1,SPY,22,TARGET,V2,False,True,D1,standardized_mean,0,OP3_breakeven,9.3134998375452991,0.065199999999999994,NaN,0,False,23,2020-03-23,23,True,detected_within_T,42.075066132431338,False,True,True
E1,SPY,22,TARGET,V2,False,True,D1,standardized_mean,0.050000000000000003,OP1_isoFPR5_H,9.3134998375452991,0.043150000000000001,NaN,0,False,NaN,NaN,23,False,no_alarm,42.075066132431338,False,True,True
E1,SPY,22,TARGET,V2,False,True,D1,standardized_mean,0.050000000000000003,OP2_ARL0_20,NaN,NaN,NaN,NaN,False,NaN,NaN,23,False,not_attainable,42.075066132431338,False,False,True
E1,SPY,22,TARGET,V2,False,True,D1,standardized_mean,0.050000000000000003,OP2b_ARL0_252,NaN,NaN,NaN,NaN,False,NaN,NaN,23,False,not_attainable,42.075066132431338,False,False,True
E1,SPY,22,TARGET,V2,False,True,D1,standardized_mean,0.050000000000000003,OP3_breakeven,8.2382739188291012,0.075300000000000006,NaN,0,False,23,2020-03-23,23,True,detected_within_T,42.075066132431338,False,True,True
E1,SPY,22,TARGET,V2,False,True,D1,standardized_mean,0.10000000000000001,OP1_isoFPR5_H,8.759404249414942,0.037699999999999997,NaN,0,False,NaN,NaN,23,False,no_alarm,42.075066132431338,False,True,True
E1,SPY,22,TARGET,V2,False,True,D1,standardized_mean,0.10000000000000001,OP2_ARL0_20,NaN,NaN,NaN,NaN,False,NaN,NaN,23,False,not_attainable,42.075066132431338,False,False,True
E1,SPY,22,TARGET,V2,False,True,D1,standardized_mean,0.10000000000000001,OP2b_ARL0_252,NaN,NaN,NaN,NaN,False,NaN,NaN,23,False,not_attainable,42.075066132431338,False,False,True
E1,SPY,22,TARGET,V2,False,True,D1,standardized_mean,0.10000000000000001,OP3_breakeven,7.2871807962094346,0.085250000000000006,NaN,0,False,23,2020-03-23,23,True,detected_within_T,42.075066132431338,False,True,True
E1,SPY,22,TARGET,V2,False,True,D1,standardized_mean,0.14999999999999999,OP1_isoFPR5_H,7.7481476170246317,0.045449999999999997,NaN,0,False,NaN,NaN,23,False,no_alarm,42.075066132431338,False,True,True
E1,SPY,22,TARGET,V2,False,True,D1,standardized_mean,0.14999999999999999,OP2_ARL0_20,NaN,NaN,NaN,NaN,False,NaN,NaN,23,False,not_attainable,42.075066132431338,False,False,True
E1,SPY,22,TARGET,V2,False,True,D1,standardized_mean,0.14999999999999999,OP2b_ARL0_252,NaN,NaN,NaN,NaN,False,NaN,NaN,23,False,not_attainable,42.075066132431338,False,False,True
E1,SPY,22,TARGET,V2,False,True,D1,standardized_mean,0.14999999999999999,OP3_breakeven,6.062399045025292,0.12039999999999999,NaN,0,False,23,2020-03-23,23,True,detected_within_T,42.075066132431338,False,True,True
E1,SPY,22,TARGET,V2,False,True,D1,standardized_mean,0.20000000000000001,OP1_isoFPR5_H,7.2871807962094346,0.041500000000000002,NaN,0,False,NaN,NaN,23,False,no_alarm,42.075066132431338,False,True,True
E1,SPY,22,TARGET,V2,False,True,D1,standardized_mean,0.20000000000000001,OP2_ARL0_20,NaN,NaN,NaN,NaN,False,NaN,NaN,23,False,not_attainable,42.075066132431338,False,False,True
E1,SPY,22,TARGET,V2,False,True,D1,standardized_mean,0.20000000000000001,OP2b_ARL0_252,NaN,NaN,NaN,NaN,False,NaN,NaN,23,False,not_attainable,42.075066132431338,False,False,True
E1,SPY,22,TARGET,V2,False,True,D1,standardized_mean,0.20000000000000001,OP3_breakeven,5.0434706107801173,0.16059999999999999,NaN,0,False,23,2020-03-23,23,True,detected_within_T,42.075066132431338,False,True,True
E1,SPY,22,TARGET,V2,False,True,D1,standardized_mean,0.25,OP1_isoFPR5_H,6.85363864776697,0.039,NaN,0,False,NaN,NaN,23,False,no_alarm,42.075066132431338,False,True,True
E1,SPY,22,TARGET,V2,False,True,D1,standardized_mean,0.25,OP2_ARL0_20,NaN,NaN,NaN,NaN,False,NaN,NaN,23,False,not_attainable,42.075066132431338,False,False,True
E1,SPY,22,TARGET,V2,False,True,D1,standardized_mean,0.25,OP2b_ARL0_252,NaN,NaN,NaN,NaN,False,NaN,NaN,23,False,not_attainable,42.075066132431338,False,False,True
E1,SPY,22,TARGET,V2,False,True,D1,standardized_mean,0.25,OP3_breakeven,3.9461730629943523,0.24145,NaN,0,False,23,2020-03-23,23,True,detected_within_T,42.075066132431338,False,True,True
E1,SPY,22,TARGET,V2,False,True,D1,standardized_mean,0.29999999999999999,OP1_isoFPR5_H,6.062399045025292,0.048349999999999997,NaN,0,False,NaN,NaN,23,False,no_alarm,42.075066132431338,False,True,True
E1,SPY,22,TARGET,V2,False,True,D1,standardized_mean,0.29999999999999999,OP2_ARL0_20,NaN,NaN,NaN,NaN,False,NaN,NaN,23,False,not_attainable,42.075066132431338,False,False,True
E1,SPY,22,TARGET,V2,False,True,D1,standardized_mean,0.29999999999999999,OP2b_ARL0_252,NaN,NaN,NaN,NaN,False,NaN,NaN,23,False,not_attainable,42.075066132431338,False,False,True
E1,SPY,22,TARGET,V2,False,True,D1,standardized_mean,0.29999999999999999,OP3_breakeven,3.0876122901990186,0.34825,NaN,0,False,16,2020-03-12,23,True,detected_within_T,42.075066132431338,False,True,True
E1,SPY,22,TARGET,V2,False,True,D1,standardized_mean,0.40000000000000002,OP1_isoFPR5_H,5.3625065560026526,0.048099999999999997,NaN,0,False,NaN,NaN,23,False,no_alarm,42.075066132431338,False,True,True
E1,SPY,22,TARGET,V2,False,True,D1,standardized_mean,0.40000000000000002,OP2_ARL0_20,NaN,NaN,NaN,NaN,False,NaN,NaN,23,False,not_attainable,42.075066132431338,False,False,True
E1,SPY,22,TARGET,V2,False,True,D1,standardized_mean,0.40000000000000002,OP2b_ARL0_252,NaN,NaN,NaN,NaN,False,NaN,NaN,23,False,not_attainable,42.075066132431338,False,False,True
E1,SPY,22,TARGET,V2,False,True,D1,standardized_mean,0.40000000000000002,OP3_breakeven,2.0098070678062459,0.53180000000000005,NaN,0,False,6,2020-02-27,23,True,detected_within_T,42.075066132431338,False,True,True
E1,SPY,22,TARGET,V2,False,True,D1,standardized_mean,0.5,OP1_isoFPR5_H,5.0434706107801173,0.046600000000000003,NaN,0,False,NaN,NaN,23,False,no_alarm,42.075066132431338,False,True,True
E1,SPY,22,TARGET,V2,False,True,D1,standardized_mean,0.5,OP2_ARL0_20,NaN,NaN,NaN,NaN,False,NaN,NaN,23,False,not_attainable,42.075066132431338,False,False,True
E1,SPY,22,TARGET,V2,False,True,D1,standardized_mean,0.5,OP2b_ARL0_252,NaN,NaN,NaN,NaN,False,NaN,NaN,23,False,not_attainable,42.075066132431338,False,False,True
E1,SPY,22,TARGET,V2,False,True,D1,standardized_mean,0.5,OP3_breakeven,1.6720118231307692,0.56274999999999997,NaN,0,False,16,2020-03-12,23,True,detected_within_T,42.075066132431338,False,True,True
E1,SPY,22,TARGET,V2,False,True,D1,standardized_mean,0.22009856618884607,OP1_isoFPR5_H,6.85363864776697,0.047699999999999999,NaN,0,False,NaN,NaN,23,False,no_alarm,42.075066132431338,False,True,True
E1,SPY,22,TARGET,V2,False,True,D1,standardized_mean,0.22009856618884607,OP2_ARL0_20,NaN,NaN,NaN,NaN,False,NaN,NaN,23,False,not_attainable,42.075066132431338,False,False,True
E1,SPY,22,TARGET,V2,False,True,D1,standardized_mean,0.22009856618884607,OP2b_ARL0_252,NaN,NaN,NaN,NaN,False,NaN,NaN,23,False,not_attainable,42.075066132431338,False,False,True
E1,SPY,22,TARGET,V2,False,True,D1,standardized_mean,0.22009856618884607,OP3_breakeven,4.7434153294096566,0.17249999999999999,NaN,0,False,23,2020-03-23,23,True,detected_within_T,42.075066132431338,False,True,True
E1,SPY,22,TARGET,V2,False,True,D2,likelihood_ratio,NaN,OP1_isoFPR5_H,3.0876122901990186,0.049200000000000001,NaN,0,False,NaN,NaN,23,False,no_alarm,42.075066132431338,False,True,True
E1,SPY,22,TARGET,V2,False,True,D2,likelihood_ratio,NaN,OP2_ARL0_20,NaN,NaN,NaN,NaN,False,NaN,NaN,23,False,not_attainable,42.075066132431338,False,False,True
E1,SPY,22,TARGET,V2,False,True,D2,likelihood_ratio,NaN,OP2b_ARL0_252,NaN,NaN,NaN,NaN,False,NaN,NaN,23,False,not_attainable,42.075066132431338,False,False,True
E1,SPY,22,TARGET,V2,False,True,D2,likelihood_ratio,NaN,OP3_breakeven,2.2721188909158401,0.14074999999999999,NaN,0,False,23,2020-03-23,23,True,detected_within_T,42.075066132431338,False,True,True
E1,SPY,22,TARGET,V3,True,False,D1,standardized_mean,0,OP1_isoFPR5_H,9.9026459738685961,0.049200000000000001,NaN,0,False,NaN,NaN,23,False,no_alarm,42.075066132431338,False,True,True
E1,SPY,22,TARGET,V3,True,False,D1,standardized_mean,0,OP2_ARL0_20,NaN,NaN,NaN,NaN,False,NaN,NaN,23,False,not_attainable,42.075066132431338,False,False,True
E1,SPY,22,TARGET,V3,True,False,D1,standardized_mean,0,OP2b_ARL0_252,NaN,NaN,NaN,NaN,False,NaN,NaN,23,False,not_attainable,42.075066132431338,False,False,True
E1,SPY,22,TARGET,V3,True,False,D1,standardized_mean,0,OP3_breakeven,9.3134998375452991,0.065100000000000005,NaN,0,False,23,2020-03-23,23,True,detected_within_T,42.075066132431338,False,True,True
E1,SPY,22,TARGET,V3,True,False,D1,standardized_mean,0.050000000000000003,OP1_isoFPR5_H,9.3134998375452991,0.042900000000000001,NaN,0,False,NaN,NaN,23,False,no_alarm,42.075066132431338,False,True,True
E1,SPY,22,TARGET,V3,True,False,D1,standardized_mean,0.050000000000000003,OP2_ARL0_20,NaN,NaN,NaN,NaN,False,NaN,NaN,23,False,not_attainable,42.075066132431338,False,False,True
E1,SPY,22,TARGET,V3,True,False,D1,standardized_mean,0.050000000000000003,OP2b_ARL0_252,NaN,NaN,NaN,NaN,False,NaN,NaN,23,False,not_attainable,42.075066132431338,False,False,True
E1,SPY,22,TARGET,V3,True,False,D1,standardized_mean,0.050000000000000003,OP3_breakeven,8.2382739188291012,0.073849999999999999,NaN,0,False,23,2020-03-23,23,True,detected_within_T,42.075066132431338,False,True,True
E1,SPY,22,TARGET,V3,True,False,D1,standardized_mean,0.10000000000000001,OP1_isoFPR5_H,8.759404249414942,0.038399999999999997,NaN,0,False,NaN,NaN,23,False,no_alarm,42.075066132431338,False,True,True
E1,SPY,22,TARGET,V3,True,False,D1,standardized_mean,0.10000000000000001,OP2_ARL0_20,NaN,NaN,NaN,NaN,False,NaN,NaN,23,False,not_attainable,42.075066132431338,False,False,True
E1,SPY,22,TARGET,V3,True,False,D1,standardized_mean,0.10000000000000001,OP2b_ARL0_252,NaN,NaN,NaN,NaN,False,NaN,NaN,23,False,not_attainable,42.075066132431338,False,False,True
E1,SPY,22,TARGET,V3,True,False,D1,standardized_mean,0.10000000000000001,OP3_breakeven,7.2871807962094346,0.083500000000000005,NaN,0,False,23,2020-03-23,23,True,detected_within_T,42.075066132431338,False,True,True
E1,SPY,22,TARGET,V3,True,False,D1,standardized_mean,0.14999999999999999,OP1_isoFPR5_H,7.7481476170246317,0.045249999999999999,NaN,0,False,NaN,NaN,23,False,no_alarm,42.075066132431338,False,True,True
E1,SPY,22,TARGET,V3,True,False,D1,standardized_mean,0.14999999999999999,OP2_ARL0_20,NaN,NaN,NaN,NaN,False,NaN,NaN,23,False,not_attainable,42.075066132431338,False,False,True
E1,SPY,22,TARGET,V3,True,False,D1,standardized_mean,0.14999999999999999,OP2b_ARL0_252,NaN,NaN,NaN,NaN,False,NaN,NaN,23,False,not_attainable,42.075066132431338,False,False,True
E1,SPY,22,TARGET,V3,True,False,D1,standardized_mean,0.14999999999999999,OP3_breakeven,6.062399045025292,0.11615,NaN,0,False,23,2020-03-23,23,True,detected_within_T,42.075066132431338,False,True,True
E1,SPY,22,TARGET,V3,True,False,D1,standardized_mean,0.20000000000000001,OP1_isoFPR5_H,7.2871807962094346,0.039550000000000002,NaN,0,False,NaN,NaN,23,False,no_alarm,42.075066132431338,False,True,True
E1,SPY,22,TARGET,V3,True,False,D1,standardized_mean,0.20000000000000001,OP2_ARL0_20,NaN,NaN,NaN,NaN,False,NaN,NaN,23,False,not_attainable,42.075066132431338,False,False,True
E1,SPY,22,TARGET,V3,True,False,D1,standardized_mean,0.20000000000000001,OP2b_ARL0_252,NaN,NaN,NaN,NaN,False,NaN,NaN,23,False,not_attainable,42.075066132431338,False,False,True
E1,SPY,22,TARGET,V3,True,False,D1,standardized_mean,0.20000000000000001,OP3_breakeven,5.0434706107801173,0.15310000000000001,NaN,0,False,23,2020-03-23,23,True,detected_within_T,42.075066132431338,False,True,True
E1,SPY,22,TARGET,V3,True,False,D1,standardized_mean,0.25,OP1_isoFPR5_H,6.445889573454612,0.04505,NaN,0,False,NaN,NaN,23,False,no_alarm,42.075066132431338,False,True,True
E1,SPY,22,TARGET,V3,True,False,D1,standardized_mean,0.25,OP2_ARL0_20,NaN,NaN,NaN,NaN,False,NaN,NaN,23,False,not_attainable,42.075066132431338,False,False,True
E1,SPY,22,TARGET,V3,True,False,D1,standardized_mean,0.25,OP2b_ARL0_252,NaN,NaN,NaN,NaN,False,NaN,NaN,23,False,not_attainable,42.075066132431338,False,False,True
E1,SPY,22,TARGET,V3,True,False,D1,standardized_mean,0.25,OP3_breakeven,3.9461730629943523,0.2404,NaN,0,False,23,2020-03-23,23,True,detected_within_T,42.075066132431338,False,True,True
E1,SPY,22,TARGET,V3,True,False,D1,standardized_mean,0.29999999999999999,OP1_isoFPR5_H,6.062399045025292,0.040899999999999999,NaN,0,False,NaN,NaN,23,False,no_alarm,42.075066132431338,False,True,True
E1,SPY,22,TARGET,V3,True,False,D1,standardized_mean,0.29999999999999999,OP2_ARL0_20,NaN,NaN,NaN,NaN,False,NaN,NaN,23,False,not_attainable,42.075066132431338,False,False,True
E1,SPY,22,TARGET,V3,True,False,D1,standardized_mean,0.29999999999999999,OP2b_ARL0_252,NaN,NaN,NaN,NaN,False,NaN,NaN,23,False,not_attainable,42.075066132431338,False,False,True
E1,SPY,22,TARGET,V3,True,False,D1,standardized_mean,0.29999999999999999,OP3_breakeven,3.0876122901990186,0.35070000000000001,NaN,0,False,16,2020-03-12,23,True,detected_within_T,42.075066132431338,False,True,True
E1,SPY,22,TARGET,V3,True,False,D1,standardized_mean,0.40000000000000002,OP1_isoFPR5_H,5.0434706107801173,0.047,NaN,0,False,NaN,NaN,23,False,no_alarm,42.075066132431338,False,True,True
E1,SPY,22,TARGET,V3,True,False,D1,standardized_mean,0.40000000000000002,OP2_ARL0_20,NaN,NaN,NaN,NaN,False,NaN,NaN,23,False,not_attainable,42.075066132431338,False,False,True
E1,SPY,22,TARGET,V3,True,False,D1,standardized_mean,0.40000000000000002,OP2b_ARL0_252,NaN,NaN,NaN,NaN,False,NaN,NaN,23,False,not_attainable,42.075066132431338,False,False,True
E1,SPY,22,TARGET,V3,True,False,D1,standardized_mean,0.40000000000000002,OP3_breakeven,2.0098070678062459,0.55510000000000004,NaN,0,False,6,2020-02-27,23,True,detected_within_T,42.075066132431338,False,True,True
E1,SPY,22,TARGET,V3,True,False,D1,standardized_mean,0.5,OP1_isoFPR5_H,4.4612114798857236,0.043150000000000001,NaN,0,False,NaN,NaN,23,False,no_alarm,42.075066132431338,False,True,True
E1,SPY,22,TARGET,V3,True,False,D1,standardized_mean,0.5,OP2_ARL0_20,NaN,NaN,NaN,NaN,False,NaN,NaN,23,False,not_attainable,42.075066132431338,False,False,True
E1,SPY,22,TARGET,V3,True,False,D1,standardized_mean,0.5,OP2b_ARL0_252,NaN,NaN,NaN,NaN,False,NaN,NaN,23,False,not_attainable,42.075066132431338,False,False,True
E1,SPY,22,TARGET,V3,True,False,D1,standardized_mean,0.5,OP3_breakeven,1.5725374697020222,0.63105,NaN,0,False,6,2020-02-27,23,True,detected_within_T,42.075066132431338,False,True,True
E1,SPY,22,TARGET,V3,True,False,D1,standardized_mean,0.22150917743226578,OP1_isoFPR5_H,6.85363864776697,0.043400000000000001,NaN,0,False,NaN,NaN,23,False,no_alarm,42.075066132431338,False,True,True
E1,SPY,22,TARGET,V3,True,False,D1,standardized_mean,0.22150917743226578,OP2_ARL0_20,NaN,NaN,NaN,NaN,False,NaN,NaN,23,False,not_attainable,42.075066132431338,False,False,True
E1,SPY,22,TARGET,V3,True,False,D1,standardized_mean,0.22150917743226578,OP2b_ARL0_252,NaN,NaN,NaN,NaN,False,NaN,NaN,23,False,not_attainable,42.075066132431338,False,False,True
E1,SPY,22,TARGET,V3,True,False,D1,standardized_mean,0.22150917743226578,OP3_breakeven,4.4612114798857236,0.1966,NaN,0,False,23,2020-03-23,23,True,detected_within_T,42.075066132431338,False,True,True
E1,SPY,22,TARGET,V3,True,False,D2,likelihood_ratio,NaN,OP1_isoFPR5_H,3.0876122901990186,0.04385,NaN,0,False,NaN,NaN,23,False,no_alarm,42.075066132431338,False,True,True
E1,SPY,22,TARGET,V3,True,False,D2,likelihood_ratio,NaN,OP2_ARL0_20,NaN,NaN,NaN,NaN,False,NaN,NaN,23,False,not_attainable,42.075066132431338,False,False,True
E1,SPY,22,TARGET,V3,True,False,D2,likelihood_ratio,NaN,OP2b_ARL0_252,NaN,NaN,NaN,NaN,False,NaN,NaN,23,False,not_attainable,42.075066132431338,False,False,True
E1,SPY,22,TARGET,V3,True,False,D2,likelihood_ratio,NaN,OP3_breakeven,2.2721188909158401,0.13420000000000001,NaN,0,False,23,2020-03-23,23,True,detected_within_T,42.075066132431338,False,True,True
E2,SPY,15,POSITIVE CONTROL A,V1,False,True,D1,standardized_mean,0,OP1_isoFPR5_H,38.176382217830508,0.035249999999999997,1506.2239999999999,0.023199999999999998,False,210,2010-01-06,284,True,detected_within_T,227.28012075441202,True,True,True
E2,SPY,15,POSITIVE CONTROL A,V1,False,True,D1,standardized_mean,0,OP2_ARL0_20,3.2829260694404119,1,21.093,0,False,3,2009-03-12,284,True,detected_within_T,227.28012075441202,True,True,True
E2,SPY,15,POSITIVE CONTROL A,V1,False,True,D1,standardized_mean,0,OP2b_ARL0_252,15.213167424961057,0.64890000000000003,271.17880000000002,0,False,58,2009-06-01,284,True,detected_within_T,227.28012075441202,True,True,True
E2,SPY,15,POSITIVE CONTROL A,V1,False,True,D1,standardized_mean,0,OP3_breakeven,51.878388671640536,0.0032000000000000002,NaN,0.1396,True,284,2010-04-23,284,True,detected_within_T,227.28012075441202,True,True,True
E2,SPY,15,POSITIVE CONTROL A,V1,False,True,D1,standardized_mean,0.050000000000000003,OP1_isoFPR5_H,28.093319714816047,0.038100000000000002,NaN,0.19339999999999999,True,211,2010-01-07,284,True,detected_within_T,227.28012075441202,True,True,True
E2,SPY,15,POSITIVE CONTROL A,V1,False,True,D1,standardized_mean,0.050000000000000003,OP2_ARL0_20,2.9039184717958113,1,20.6876,0,False,3,2009-03-12,284,True,detected_within_T,227.28012075441202,True,True,True
E2,SPY,15,POSITIVE CONTROL A,V1,False,True,D1,standardized_mean,0.050000000000000003,OP2b_ARL0_252,11.903269817194102,0.62370000000000003,286.0772,0,False,41,2009-05-06,284,True,detected_within_T,227.28012075441202,True,True,True
E2,SPY,15,POSITIVE CONTROL A,V1,False,True,D1,standardized_mean,0.050000000000000003,OP3_breakeven,38.176382217830508,0.0054999999999999997,NaN,0.60580000000000001,True,284,2010-04-23,284,True,detected_within_T,227.28012075441202,True,True,True
E2,SPY,15,POSITIVE CONTROL A,V1,False,True,D1,standardized_mean,0.10000000000000001,OP1_isoFPR5_H,20.673373608205694,0.043950000000000003,NaN,0.30020000000000002,True,270,2010-04-05,284,True,detected_within_T,227.28012075441202,True,True,True
E2,SPY,15,POSITIVE CONTROL A,V1,False,True,D1,standardized_mean,0.10000000000000001,OP2_ARL0_20,2.7311532984905198,1,22.118400000000001,0,False,3,2009-03-12,284,True,detected_within_T,227.28012075441202,True,True,True
E2,SPY,15,POSITIVE CONTROL A,V1,False,True,D1,standardized_mean,0.10000000000000001,OP2b_ARL0_252,9.3134998375452991,0.6482,270.13940000000002,0,False,39,2009-05-04,284,True,detected_within_T,227.28012075441202,True,True,True
E2,SPY,15,POSITIVE CONTROL A,V1,False,True,D1,standardized_mean,0.10000000000000001,OP3_breakeven,23.37157803183398,0.021899999999999999,NaN,0.51419999999999999,True,277,2010-04-14,284,True,detected_within_T,227.28012075441202,True,True,True
E2,SPY,15,POSITIVE CONTROL A,V1,False,True,D1,standardized_mean,0.14999999999999999,OP1_isoFPR5_H,16.175510149607252,0.045400000000000003,NaN,0.35039999999999999,True,485,2011-02-08,284,False,alarm_beyond_T,227.28012075441202,True,True,True
E2,SPY,15,POSITIVE CONTROL A,V1,False,True,D1,standardized_mean,0.14999999999999999,OP2_ARL0_20,2.4158468223271798,1,21.192399999999999,0,False,1,2009-03-10,284,True,detected_within_T,227.28012075441202,True,True,True
E2,SPY,15,POSITIVE CONTROL A,V1,False,True,D1,standardized_mean,0.14999999999999999,OP2b_ARL0_252,7.7481476170246317,0.64754999999999996,267.9948,0,False,41,2009-05-06,284,True,detected_within_T,227.28012075441202,True,True,True
E2,SPY,15,POSITIVE CONTROL A,V1,False,True,D1,standardized_mean,0.14999999999999999,OP3_breakeven,12.656237610691365,0.15029999999999999,1483.7393999999999,0.0378,False,278,2010-04-15,284,True,detected_within_T,227.28012075441202,True,True,True
E2,SPY,15,POSITIVE CONTROL A,V1,False,True,D1,standardized_mean,0.20000000000000001,OP1_isoFPR5_H,13.456836055829003,0.042700000000000002,NaN,0.41339999999999999,True,NaN,NaN,284,False,no_alarm,227.28012075441202,True,True,True
E2,SPY,15,POSITIVE CONTROL A,V1,False,True,D1,standardized_mean,0.20000000000000001,OP2_ARL0_20,2.1369418817222763,1,20.2654,0,False,1,2009-03-10,284,True,detected_within_T,227.28012075441202,True,True,True
E2,SPY,15,POSITIVE CONTROL A,V1,False,True,D1,standardized_mean,0.20000000000000001,OP2b_ARL0_252,6.85363864776697,0.60445000000000004,297.2568,0,False,102,2009-08-03,284,True,detected_within_T,227.28012075441202,True,True,True
E2,SPY,15,POSITIVE CONTROL A,V1,False,True,D1,standardized_mean,0.20000000000000001,OP3_breakeven,9.9026459738685961,0.19595000000000001,1202.9826,0.0166,False,277,2010-04-14,284,True,detected_within_T,227.28012075441202,True,True,True
E2,SPY,15,POSITIVE CONTROL A,V1,False,True,D1,standardized_mean,0.25,OP1_isoFPR5_H,11.195098946406727,0.048149999999999998,NaN,0.4052,True,NaN,NaN,284,False,no_alarm,227.28012075441202,True,True,True
E2,SPY,15,POSITIVE CONTROL A,V1,False,True,D1,standardized_mean,0.25,OP2_ARL0_20,2.0098070678062459,1,21.234200000000001,0,False,1,2009-03-10,284,True,detected_within_T,227.28012075441202,True,True,True
E2,SPY,15,POSITIVE CONTROL A,V1,False,True,D1,standardized_mean,0.25,OP2b_ARL0_252,5.7017238291636287,0.66564999999999996,257.15660000000003,0,False,95,2009-07-23,284,True,detected_within_T,227.28012075441202,True,True,True
E2,SPY,15,POSITIVE CONTROL A,V1,False,True,D1,standardized_mean,0.25,OP3_breakeven,7.7481476170246317,0.28055000000000002,827.27560000000005,0.0016000000000000001,False,277,2010-04-14,284,True,detected_within_T,227.28012075441202,True,True,True
E2,SPY,15,POSITIVE CONTROL A,V1,False,True,D1,standardized_mean,0.29999999999999999,OP1_isoFPR5_H,9.9026459738685961,0.042250000000000003,NaN,0.4622,True,NaN,NaN,284,False,no_alarm,227.28012075441202,True,True,True
E2,SPY,15,POSITIVE CONTROL A,V1,False,True,D1,standardized_mean,0.29999999999999999,OP2_ARL0_20,1.7777786479191604,1,20.071999999999999,0,False,1,2009-03-10,284,True,detected_within_T,227.28012075441202,True,True,True
E2,SPY,15,POSITIVE CONTROL A,V1,False,True,D1,standardized_mean,0.29999999999999999,OP2b_ARL0_252,5.0434706107801173,0.67025000000000001,254.45259999999999,0,False,95,2009-07-23,284,True,detected_within_T,227.28012075441202,True,True,True
E2,SPY,15,POSITIVE CONTROL A,V1,False,True,D1,standardized_mean,0.29999999999999999,OP3_breakeven,6.062399045025292,0.41835,511.47800000000001,0,False,102,2009-08-03,284,True,detected_within_T,227.28012075441202,True,True,True
E2,SPY,15,POSITIVE CONTROL A,V1,False,True,D1,standardized_mean,0.40000000000000002,OP1_isoFPR5_H,7.7481476170246317,0.041200000000000001,NaN,0.46779999999999999,True,NaN,NaN,284,False,no_alarm,227.28012075441202,True,True,True
E2,SPY,15,POSITIVE CONTROL A,V1,False,True,D1,standardized_mean,0.40000000000000002,OP2_ARL0_20,1.5725374697020222,1,21.7502,0,False,1,2009-03-10,284,True,detected_within_T,227.28012075441202,True,True,True
E2,SPY,15,POSITIVE CONTROL A,V1,False,True,D1,standardized_mean,0.40000000000000002,OP2b_ARL0_252,4.1957970125169552,0.63839999999999997,278.23180000000002,0,False,95,2009-07-23,284,True,detected_within_T,227.28012075441202,True,True,True
E2,SPY,15,POSITIVE CONTROL A,V1,False,True,D1,standardized_mean,0.40000000000000002,OP3_breakeven,4.4612114798857236,0.54779999999999995,350.31420000000003,0,False,95,2009-07-23,284,True,detected_within_T,227.28012075441202,True,True,True
E2,SPY,15,POSITIVE CONTROL A,V1,False,True,D1,standardized_mean,0.5,OP1_isoFPR5_H,6.445889573454612,0.038350000000000002,NaN,0.4924,True,NaN,NaN,284,False,no_alarm,227.28012075441202,True,True,True
E2,SPY,15,POSITIVE CONTROL A,V1,False,True,D1,standardized_mean,0.5,OP2_ARL0_20,1.3082356430002358,1,21.195399999999999,0,False,1,2009-03-10,284,True,detected_within_T,227.28012075441202,True,True,True
E2,SPY,15,POSITIVE CONTROL A,V1,False,True,D1,standardized_mean,0.5,OP2b_ARL0_252,3.4905948559742157,0.65069999999999995,269.66419999999999,0,False,95,2009-07-23,284,True,detected_within_T,227.28012075441202,True,True,True
E2,SPY,15,POSITIVE CONTROL A,V1,False,True,D1,standardized_mean,0.5,OP3_breakeven,3.4905948559742157,0.65069999999999995,269.66419999999999,0,False,95,2009-07-23,284,True,detected_within_T,227.28012075441202,True,True,True
E2,SPY,15,POSITIVE CONTROL A,V1,False,True,D1,standardized_mean,0.11780271207474304,OP1_isoFPR5_H,19.443435850339526,0.037199999999999997,NaN,0.37859999999999999,True,485,2011-02-08,284,False,alarm_beyond_T,227.28012075441202,True,True,True
E2,SPY,15,POSITIVE CONTROL A,V1,False,True,D1,standardized_mean,0.11780271207474304,OP2_ARL0_20,2.5686665835500562,1,21.160399999999999,0,False,3,2009-03-12,284,True,detected_within_T,227.28012075441202,True,True,True
E2,SPY,15,POSITIVE CONTROL A,V1,False,True,D1,standardized_mean,0.11780271207474304,OP2b_ARL0_252,8.759404249414942,0.64019999999999999,276.31139999999999,0,False,39,2009-05-04,284,True,detected_within_T,227.28012075441202,True,True,True
E2,SPY,15,POSITIVE CONTROL A,V1,False,True,D1,standardized_mean,0.11780271207474304,OP3_breakeven,18.286671775535151,0.052699999999999997,NaN,0.27339999999999998,True,277,2010-04-14,284,True,detected_within_T,227.28012075441202,True,True,True
E2,SPY,15,POSITIVE CONTROL A,V1,False,True,D2,likelihood_ratio,NaN,OP1_isoFPR5_H,4.4612114798857236,0.04555,NaN,0.22040000000000001,True,469,2011-01-14,284,False,alarm_beyond_T,227.28012075441202,True,True,True
E2,SPY,15,POSITIVE CONTROL A,V1,False,True,D2,likelihood_ratio,NaN,OP2_ARL0_20,0.62665120209918568,1,21.451599999999999,0,False,10,2009-03-23,284,True,detected_within_T,227.28012075441202,True,True,True
E2,SPY,15,POSITIVE CONTROL A,V1,False,True,D2,likelihood_ratio,NaN,OP2b_ARL0_252,2.2721188909158401,0.54374999999999996,277.93740000000003,0,False,133,2009-09-16,284,True,detected_within_T,227.28012075441202,True,True,True
E2,SPY,15,POSITIVE CONTROL A,V1,False,True,D2,likelihood_ratio,NaN,OP3_breakeven,3.9461730629943523,0.087800000000000003,NaN,0.073599999999999999,True,277,2010-04-14,284,True,detected_within_T,227.28012075441202,True,True,True
E2,SPY,15,POSITIVE CONTROL A,V2,False,False,D1,standardized_mean,0,OP1_isoFPR5_H,38.176382217830508,0.038199999999999998,NaN,0,False,195,2009-12-14,284,True,detected_within_T,227.28012075441202,True,True,True
E2,SPY,15,POSITIVE CONTROL A,V2,False,False,D1,standardized_mean,0,OP2_ARL0_20,NaN,NaN,NaN,NaN,False,NaN,NaN,284,False,not_attainable,227.28012075441202,True,False,True
E2,SPY,15,POSITIVE CONTROL A,V2,False,False,D1,standardized_mean,0,OP2b_ARL0_252,NaN,NaN,NaN,NaN,False,NaN,NaN,284,False,not_attainable,227.28012075441202,True,False,True
E2,SPY,15,POSITIVE CONTROL A,V2,False,False,D1,standardized_mean,0,OP3_breakeven,62.359339076580234,0.00050000000000000001,NaN,0,False,277,2010-04-14,284,True,detected_within_T,227.28012075441202,True,True,True
E2,SPY,15,POSITIVE CONTROL A,V2,False,False,D1,standardized_mean,0.050000000000000003,OP1_isoFPR5_H,28.093319714816047,0.042999999999999997,NaN,0,False,183,2009-11-25,284,True,detected_within_T,227.28012075441202,True,True,True
E2,SPY,15,POSITIVE CONTROL A,V2,False,False,D1,standardized_mean,0.050000000000000003,OP2_ARL0_20,NaN,NaN,NaN,NaN,False,NaN,NaN,284,False,not_attainable,227.28012075441202,True,False,True
E2,SPY,15,POSITIVE CONTROL A,V2,False,False,D1,standardized_mean,0.050000000000000003,OP2b_ARL0_252,NaN,NaN,NaN,NaN,False,NaN,NaN,284,False,not_attainable,227.28012075441202,True,False,True
E2,SPY,15,POSITIVE CONTROL A,V2,False,False,D1,standardized_mean,0.050000000000000003,OP3_breakeven,48.791945682036712,0.00084999999999999995,NaN,0,False,277,2010-04-14,284,True,detected_within_T,227.28012075441202,True,True,True
E2,SPY,15,POSITIVE CONTROL A,V2,False,False,D1,standardized_mean,0.10000000000000001,OP1_isoFPR5_H,21.981113813122313,0.039849999999999997,NaN,0,False,210,2010-01-06,284,True,detected_within_T,227.28012075441202,True,True,True
E2,SPY,15,POSITIVE CONTROL A,V2,False,False,D1,standardized_mean,0.10000000000000001,OP2_ARL0_20,NaN,NaN,NaN,NaN,False,NaN,NaN,284,False,not_attainable,227.28012075441202,True,False,True
E2,SPY,15,POSITIVE CONTROL A,V2,False,False,D1,standardized_mean,0.10000000000000001,OP2b_ARL0_252,NaN,NaN,NaN,NaN,False,NaN,NaN,284,False,not_attainable,227.28012075441202,True,False,True
E2,SPY,15,POSITIVE CONTROL A,V2,False,False,D1,standardized_mean,0.10000000000000001,OP3_breakeven,33.768991187666877,0.0023500000000000001,NaN,0,False,277,2010-04-14,284,True,detected_within_T,227.28012075441202,True,True,True
E2,SPY,15,POSITIVE CONTROL A,V2,False,False,D1,standardized_mean,0.14999999999999999,OP1_isoFPR5_H,17.19872800260837,0.043499999999999997,NaN,0,False,262,2010-03-23,284,True,detected_within_T,227.28012075441202,True,True,True
E2,SPY,15,POSITIVE CONTROL A,V2,False,False,D1,standardized_mean,0.14999999999999999,OP2_ARL0_20,NaN,NaN,NaN,NaN,False,NaN,NaN,284,False,not_attainable,227.28012075441202,True,False,True
E2,SPY,15,POSITIVE CONTROL A,V2,False,False,D1,standardized_mean,0.14999999999999999,OP2b_ARL0_252,NaN,NaN,NaN,NaN,False,NaN,NaN,284,False,not_attainable,227.28012075441202,True,False,True
E2,SPY,15,POSITIVE CONTROL A,V2,False,False,D1,standardized_mean,0.14999999999999999,OP3_breakeven,20.673373608205694,0.01435,NaN,0,False,275,2010-04-12,284,True,detected_within_T,227.28012075441202,True,True,True
E2,SPY,15,POSITIVE CONTROL A,V2,False,False,D1,standardized_mean,0.20000000000000001,OP1_isoFPR5_H,14.30807813536043,0.04265,NaN,0,False,271,2010-04-06,284,True,detected_within_T,227.28012075441202,True,True,True
E2,SPY,15,POSITIVE CONTROL A,V2,False,False,D1,standardized_mean,0.20000000000000001,OP2_ARL0_20,NaN,NaN,NaN,NaN,False,NaN,NaN,284,False,not_attainable,227.28012075441202,True,False,True
E2,SPY,15,POSITIVE CONTROL A,V2,False,False,D1,standardized_mean,0.20000000000000001,OP2b_ARL0_252,NaN,NaN,NaN,NaN,False,NaN,NaN,284,False,not_attainable,227.28012075441202,True,False,True
E2,SPY,15,POSITIVE CONTROL A,V2,False,False,D1,standardized_mean,0.20000000000000001,OP3_breakeven,15.213167424961057,0.029749999999999999,NaN,0,False,277,2010-04-14,284,True,detected_within_T,227.28012075441202,True,True,True
E2,SPY,15,POSITIVE CONTROL A,V2,False,False,D1,standardized_mean,0.25,OP1_isoFPR5_H,11.903269817194102,0.049799999999999997,NaN,0,False,270,2010-04-05,284,True,detected_within_T,227.28012075441202,True,True,True
E2,SPY,15,POSITIVE CONTROL A,V2,False,False,D1,standardized_mean,0.25,OP2_ARL0_20,NaN,NaN,NaN,NaN,False,NaN,NaN,284,False,not_attainable,227.28012075441202,True,False,True
E2,SPY,15,POSITIVE CONTROL A,V2,False,False,D1,standardized_mean,0.25,OP2b_ARL0_252,NaN,NaN,NaN,NaN,False,NaN,NaN,284,False,not_attainable,227.28012075441202,True,False,True
E2,SPY,15,POSITIVE CONTROL A,V2,False,False,D1,standardized_mean,0.25,OP3_breakeven,13.456836055829003,0.023349999999999999,NaN,0,False,277,2010-04-14,284,True,detected_within_T,227.28012075441202,True,True,True
E2,SPY,15,POSITIVE CONTROL A,V2,False,False,D1,standardized_mean,0.29999999999999999,OP1_isoFPR5_H,10.529059858728843,0.047149999999999997,NaN,0,False,274,2010-04-09,284,True,detected_within_T,227.28012075441202,True,True,True
E2,SPY,15,POSITIVE CONTROL A,V2,False,False,D1,standardized_mean,0.29999999999999999,OP2_ARL0_20,NaN,NaN,NaN,NaN,False,NaN,NaN,284,False,not_attainable,227.28012075441202,True,False,True
E2,SPY,15,POSITIVE CONTROL A,V2,False,False,D1,standardized_mean,0.29999999999999999,OP2b_ARL0_252,NaN,NaN,NaN,NaN,False,NaN,NaN,284,False,not_attainable,227.28012075441202,True,False,True
E2,SPY,15,POSITIVE CONTROL A,V2,False,False,D1,standardized_mean,0.29999999999999999,OP3_breakeven,11.195098946406727,0.032550000000000003,NaN,0,False,277,2010-04-14,284,True,detected_within_T,227.28012075441202,True,True,True
E2,SPY,15,POSITIVE CONTROL A,V2,False,False,D1,standardized_mean,0.40000000000000002,OP1_isoFPR5_H,8.759404249414942,0.038550000000000001,NaN,0,False,467,2011-01-12,284,False,alarm_beyond_T,227.28012075441202,True,True,True
E2,SPY,15,POSITIVE CONTROL A,V2,False,False,D1,standardized_mean,0.40000000000000002,OP2_ARL0_20,NaN,NaN,NaN,NaN,False,NaN,NaN,284,False,not_attainable,227.28012075441202,True,False,True
E2,SPY,15,POSITIVE CONTROL A,V2,False,False,D1,standardized_mean,0.40000000000000002,OP2b_ARL0_252,NaN,NaN,NaN,NaN,False,NaN,NaN,284,False,not_attainable,227.28012075441202,True,False,True
E2,SPY,15,POSITIVE CONTROL A,V2,False,False,D1,standardized_mean,0.40000000000000002,OP3_breakeven,7.7481476170246317,0.0814,NaN,0,False,262,2010-03-23,284,True,detected_within_T,227.28012075441202,True,True,True
E2,SPY,15,POSITIVE CONTROL A,V2,False,False,D1,standardized_mean,0.5,OP1_isoFPR5_H,7.2871807962094346,0.042549999999999998,NaN,0,False,NaN,NaN,284,False,no_alarm,227.28012075441202,True,True,True
E2,SPY,15,POSITIVE CONTROL A,V2,False,False,D1,standardized_mean,0.5,OP2_ARL0_20,NaN,NaN,NaN,NaN,False,NaN,NaN,284,False,not_attainable,227.28012075441202,True,False,True
E2,SPY,15,POSITIVE CONTROL A,V2,False,False,D1,standardized_mean,0.5,OP2b_ARL0_252,NaN,NaN,NaN,NaN,False,NaN,NaN,284,False,not_attainable,227.28012075441202,True,False,True
E2,SPY,15,POSITIVE CONTROL A,V2,False,False,D1,standardized_mean,0.5,OP3_breakeven,6.062399045025292,0.13134999999999999,NaN,0,False,262,2010-03-23,284,True,detected_within_T,227.28012075441202,True,True,True
E2,SPY,15,POSITIVE CONTROL A,V2,False,False,D1,standardized_mean,0.13111190132317341,OP1_isoFPR5_H,18.286671775535151,0.048550000000000003,NaN,0,False,257,2010-03-16,284,True,detected_within_T,227.28012075441202,True,True,True
E2,SPY,15,POSITIVE CONTROL A,V2,False,False,D1,standardized_mean,0.13111190132317341,OP2_ARL0_20,NaN,NaN,NaN,NaN,False,NaN,NaN,284,False,not_attainable,227.28012075441202,True,False,True
E2,SPY,15,POSITIVE CONTROL A,V2,False,False,D1,standardized_mean,0.13111190132317341,OP2b_ARL0_252,NaN,NaN,NaN,NaN,False,NaN,NaN,284,False,not_attainable,227.28012075441202,True,False,True
E2,SPY,15,POSITIVE CONTROL A,V2,False,False,D1,standardized_mean,0.13111190132317341,OP3_breakeven,26.421941094379207,0.0049500000000000004,NaN,0,False,277,2010-04-14,284,True,detected_within_T,227.28012075441202,True,True,True
E2,SPY,15,POSITIVE CONTROL A,V2,False,False,D2,likelihood_ratio,NaN,OP1_isoFPR5_H,5.0434706107801173,0.041300000000000003,NaN,0,False,254,2010-03-11,284,True,detected_within_T,227.28012075441202,True,True,True
E2,SPY,15,POSITIVE CONTROL A,V2,False,False,D2,likelihood_ratio,NaN,OP2_ARL0_20,NaN,NaN,NaN,NaN,False,NaN,NaN,284,False,not_attainable,227.28012075441202,True,False,True
E2,SPY,15,POSITIVE CONTROL A,V2,False,False,D2,likelihood_ratio,NaN,OP2b_ARL0_252,NaN,NaN,NaN,NaN,False,NaN,NaN,284,False,not_attainable,227.28012075441202,True,False,True
E2,SPY,15,POSITIVE CONTROL A,V2,False,False,D2,likelihood_ratio,NaN,OP3_breakeven,7.7481476170246317,0.0030500000000000002,NaN,0,False,277,2010-04-14,284,True,detected_within_T,227.28012075441202,True,True,True
E2,SPY,15,POSITIVE CONTROL A,V3,True,False,D1,standardized_mean,0,OP1_isoFPR5_H,38.176382217830508,0.041000000000000002,NaN,0,False,176,2009-11-16,284,True,detected_within_T,227.28012075441202,True,True,True
E2,SPY,15,POSITIVE CONTROL A,V3,True,False,D1,standardized_mean,0,OP2_ARL0_20,NaN,NaN,NaN,NaN,False,NaN,NaN,284,False,not_attainable,227.28012075441202,True,False,True
E2,SPY,15,POSITIVE CONTROL A,V3,True,False,D1,standardized_mean,0,OP2b_ARL0_252,NaN,NaN,NaN,NaN,False,NaN,NaN,284,False,not_attainable,227.28012075441202,True,False,True
E2,SPY,15,POSITIVE CONTROL A,V3,True,False,D1,standardized_mean,0,OP3_breakeven,62.359339076580234,0.00040000000000000002,NaN,0,False,271,2010-04-06,284,True,detected_within_T,227.28012075441202,True,True,True
E2,SPY,15,POSITIVE CONTROL A,V3,True,False,D1,standardized_mean,0.050000000000000003,OP1_isoFPR5_H,28.093319714816047,0.045100000000000001,NaN,0,False,153,2009-10-14,284,True,detected_within_T,227.28012075441202,True,True,True
E2,SPY,15,POSITIVE CONTROL A,V3,True,False,D1,standardized_mean,0.050000000000000003,OP2_ARL0_20,NaN,NaN,NaN,NaN,False,NaN,NaN,284,False,not_attainable,227.28012075441202,True,False,True
E2,SPY,15,POSITIVE CONTROL A,V3,True,False,D1,standardized_mean,0.050000000000000003,OP2b_ARL0_252,NaN,NaN,NaN,NaN,False,NaN,NaN,284,False,not_attainable,227.28012075441202,True,False,True
E2,SPY,15,POSITIVE CONTROL A,V3,True,False,D1,standardized_mean,0.050000000000000003,OP3_breakeven,48.791945682036712,0.00059999999999999995,NaN,0,False,271,2010-04-06,284,True,detected_within_T,227.28012075441202,True,True,True
E2,SPY,15,POSITIVE CONTROL A,V3,True,False,D1,standardized_mean,0.10000000000000001,OP1_isoFPR5_H,21.981113813122313,0.039849999999999997,NaN,0,False,203,2009-12-24,284,True,detected_within_T,227.28012075441202,True,True,True
E2,SPY,15,POSITIVE CONTROL A,V3,True,False,D1,standardized_mean,0.10000000000000001,OP2_ARL0_20,NaN,NaN,NaN,NaN,False,NaN,NaN,284,False,not_attainable,227.28012075441202,True,False,True
E2,SPY,15,POSITIVE CONTROL A,V3,True,False,D1,standardized_mean,0.10000000000000001,OP2b_ARL0_252,NaN,NaN,NaN,NaN,False,NaN,NaN,284,False,not_attainable,227.28012075441202,True,False,True
E2,SPY,15,POSITIVE CONTROL A,V3,True,False,D1,standardized_mean,0.10000000000000001,OP3_breakeven,35.905123794396268,0.00095,NaN,0,False,274,2010-04-09,284,True,detected_within_T,227.28012075441202,True,True,True
E2,SPY,15,POSITIVE CONTROL A,V3,True,False,D1,standardized_mean,0.14999999999999999,OP1_isoFPR5_H,17.19872800260837,0.041599999999999998,NaN,0,False,257,2010-03-16,284,True,detected_within_T,227.28012075441202,True,True,True
E2,SPY,15,POSITIVE CONTROL A,V3,True,False,D1,standardized_mean,0.14999999999999999,OP2_ARL0_20,NaN,NaN,NaN,NaN,False,NaN,NaN,284,False,not_attainable,227.28012075441202,True,False,True
E2,SPY,15,POSITIVE CONTROL A,V3,True,False,D1,standardized_mean,0.14999999999999999,OP2b_ARL0_252,NaN,NaN,NaN,NaN,False,NaN,NaN,284,False,not_attainable,227.28012075441202,True,False,True
E2,SPY,15,POSITIVE CONTROL A,V3,True,False,D1,standardized_mean,0.14999999999999999,OP3_breakeven,23.37157803183398,0.0057999999999999996,NaN,0,False,277,2010-04-14,284,True,detected_within_T,227.28012075441202,True,True,True
E2,SPY,15,POSITIVE CONTROL A,V3,True,False,D1,standardized_mean,0.20000000000000001,OP1_isoFPR5_H,14.30807813536043,0.038699999999999998,NaN,0,False,271,2010-04-06,284,True,detected_within_T,227.28012075441202,True,True,True
E2,SPY,15,POSITIVE CONTROL A,V3,True,False,D1,standardized_mean,0.20000000000000001,OP2_ARL0_20,NaN,NaN,NaN,NaN,False,NaN,NaN,284,False,not_attainable,227.28012075441202,True,False,True
E2,SPY,15,POSITIVE CONTROL A,V3,True,False,D1,standardized_mean,0.20000000000000001,OP2b_ARL0_252,NaN,NaN,NaN,NaN,False,NaN,NaN,284,False,not_attainable,227.28012075441202,True,False,True
E2,SPY,15,POSITIVE CONTROL A,V3,True,False,D1,standardized_mean,0.20000000000000001,OP3_breakeven,16.175510149607252,0.0183,NaN,0,False,277,2010-04-14,284,True,detected_within_T,227.28012075441202,True,True,True
E2,SPY,15,POSITIVE CONTROL A,V3,True,False,D1,standardized_mean,0.25,OP1_isoFPR5_H,11.903269817194102,0.04505,NaN,0,False,270,2010-04-05,284,True,detected_within_T,227.28012075441202,True,True,True
E2,SPY,15,POSITIVE CONTROL A,V3,True,False,D1,standardized_mean,0.25,OP2_ARL0_20,NaN,NaN,NaN,NaN,False,NaN,NaN,284,False,not_attainable,227.28012075441202,True,False,True
E2,SPY,15,POSITIVE CONTROL A,V3,True,False,D1,standardized_mean,0.25,OP2b_ARL0_252,NaN,NaN,NaN,NaN,False,NaN,NaN,284,False,not_attainable,227.28012075441202,True,False,True
E2,SPY,15,POSITIVE CONTROL A,V3,True,False,D1,standardized_mean,0.25,OP3_breakeven,13.456836055829003,0.020449999999999999,NaN,0,False,277,2010-04-14,284,True,detected_within_T,227.28012075441202,True,True,True
E2,SPY,15,POSITIVE CONTROL A,V3,True,False,D1,standardized_mean,0.29999999999999999,OP1_isoFPR5_H,10.529059858728843,0.041349999999999998,NaN,0,False,271,2010-04-06,284,True,detected_within_T,227.28012075441202,True,True,True
E2,SPY,15,POSITIVE CONTROL A,V3,True,False,D1,standardized_mean,0.29999999999999999,OP2_ARL0_20,NaN,NaN,NaN,NaN,False,NaN,NaN,284,False,not_attainable,227.28012075441202,True,False,True
E2,SPY,15,POSITIVE CONTROL A,V3,True,False,D1,standardized_mean,0.29999999999999999,OP2b_ARL0_252,NaN,NaN,NaN,NaN,False,NaN,NaN,284,False,not_attainable,227.28012075441202,True,False,True
E2,SPY,15,POSITIVE CONTROL A,V3,True,False,D1,standardized_mean,0.29999999999999999,OP3_breakeven,11.195098946406727,0.027099999999999999,NaN,0,False,277,2010-04-14,284,True,detected_within_T,227.28012075441202,True,True,True
E2,SPY,15,POSITIVE CONTROL A,V3,True,False,D1,standardized_mean,0.40000000000000002,OP1_isoFPR5_H,8.2382739188291012,0.046249999999999999,NaN,0,False,470,2011-01-18,284,False,alarm_beyond_T,227.28012075441202,True,True,True
E2,SPY,15,POSITIVE CONTROL A,V3,True,False,D1,standardized_mean,0.40000000000000002,OP2_ARL0_20,NaN,NaN,NaN,NaN,False,NaN,NaN,284,False,not_attainable,227.28012075441202,True,False,True
E2,SPY,15,POSITIVE CONTROL A,V3,True,False,D1,standardized_mean,0.40000000000000002,OP2b_ARL0_252,NaN,NaN,NaN,NaN,False,NaN,NaN,284,False,not_attainable,227.28012075441202,True,False,True
E2,SPY,15,POSITIVE CONTROL A,V3,True,False,D1,standardized_mean,0.40000000000000002,OP3_breakeven,7.7481476170246317,0.06855,NaN,0,False,262,2010-03-23,284,True,detected_within_T,227.28012075441202,True,True,True
E2,SPY,15,POSITIVE CONTROL A,V3,True,False,D1,standardized_mean,0.5,OP1_isoFPR5_H,6.85363864776697,0.047649999999999998,NaN,0,False,NaN,NaN,284,False,no_alarm,227.28012075441202,True,True,True
E2,SPY,15,POSITIVE CONTROL A,V3,True,False,D1,standardized_mean,0.5,OP2_ARL0_20,NaN,NaN,NaN,NaN,False,NaN,NaN,284,False,not_attainable,227.28012075441202,True,False,True
E2,SPY,15,POSITIVE CONTROL A,V3,True,False,D1,standardized_mean,0.5,OP2b_ARL0_252,NaN,NaN,NaN,NaN,False,NaN,NaN,284,False,not_attainable,227.28012075441202,True,False,True
E2,SPY,15,POSITIVE CONTROL A,V3,True,False,D1,standardized_mean,0.5,OP3_breakeven,5.7017238291636287,0.14365,NaN,0,False,258,2010-03-17,284,True,detected_within_T,227.28012075441202,True,True,True
E2,SPY,15,POSITIVE CONTROL A,V3,True,False,D1,standardized_mean,0.13095275041846727,OP1_isoFPR5_H,18.286671775535151,0.047800000000000002,NaN,0,False,251,2010-03-08,284,True,detected_within_T,227.28012075441202,True,True,True
E2,SPY,15,POSITIVE CONTROL A,V3,True,False,D1,standardized_mean,0.13095275041846727,OP2_ARL0_20,NaN,NaN,NaN,NaN,False,NaN,NaN,284,False,not_attainable,227.28012075441202,True,False,True
E2,SPY,15,POSITIVE CONTROL A,V3,True,False,D1,standardized_mean,0.13095275041846727,OP2b_ARL0_252,NaN,NaN,NaN,NaN,False,NaN,NaN,284,False,not_attainable,227.28012075441202,True,False,True
E2,SPY,15,POSITIVE CONTROL A,V3,True,False,D1,standardized_mean,0.13095275041846727,OP3_breakeven,28.093319714816047,0.0023,NaN,0,False,277,2010-04-14,284,True,detected_within_T,227.28012075441202,True,True,True
E2,SPY,15,POSITIVE CONTROL A,V3,True,False,D2,likelihood_ratio,NaN,OP1_isoFPR5_H,5.0434706107801173,0.039849999999999997,NaN,0,False,250,2010-03-05,284,True,detected_within_T,227.28012075441202,True,True,True
E2,SPY,15,POSITIVE CONTROL A,V3,True,False,D2,likelihood_ratio,NaN,OP2_ARL0_20,NaN,NaN,NaN,NaN,False,NaN,NaN,284,False,not_attainable,227.28012075441202,True,False,True
E2,SPY,15,POSITIVE CONTROL A,V3,True,False,D2,likelihood_ratio,NaN,OP2b_ARL0_252,NaN,NaN,NaN,NaN,False,NaN,NaN,284,False,not_attainable,227.28012075441202,True,False,True
E2,SPY,15,POSITIVE CONTROL A,V3,True,False,D2,likelihood_ratio,NaN,OP3_breakeven,9.3134998375452991,0.00044999999999999999,NaN,0,False,277,2010-04-14,284,True,detected_within_T,227.28012075441202,True,True,True
E3,SPY,21,POSITIVE CONTROL B,V1,False,True,D1,standardized_mean,0,OP1_isoFPR5_H,38.176382217830508,0.036049999999999999,1545.5334,0.0264,False,423,2020-08-28,289,False,alarm_beyond_T,223.04011300388913,True,True,True
E3,SPY,21,POSITIVE CONTROL B,V1,False,True,D1,standardized_mean,0,OP2_ARL0_20,3.2829260694404119,1,21.192,0,False,7,2019-01-04,289,True,detected_within_T,223.04011300388913,True,True,True
E3,SPY,21,POSITIVE CONTROL B,V1,False,True,D1,standardized_mean,0,OP2b_ARL0_252,15.213167424961057,0.65559999999999996,274.20740000000001,0,False,59,2019-03-21,289,True,detected_within_T,223.04011300388913,True,True,True
E3,SPY,21,POSITIVE CONTROL B,V1,False,True,D1,standardized_mean,0,OP3_breakeven,29.870425105397196,0.12914999999999999,969.43299999999999,0.0014,False,267,2020-01-16,289,True,detected_within_T,223.04011300388913,True,True,True
E3,SPY,21,POSITIVE CONTROL B,V1,False,True,D1,standardized_mean,0.050000000000000003,OP1_isoFPR5_H,28.093319714816047,0.03805,NaN,0.1988,True,NaN,NaN,289,False,no_alarm,223.04011300388913,True,True,True
E3,SPY,21,POSITIVE CONTROL B,V1,False,True,D1,standardized_mean,0.050000000000000003,OP2_ARL0_20,2.9039184717958113,1,20.984000000000002,0,False,5,2019-01-02,289,True,detected_within_T,223.04011300388913,True,True,True
E3,SPY,21,POSITIVE CONTROL B,V1,False,True,D1,standardized_mean,0.050000000000000003,OP2b_ARL0_252,11.195098946406727,0.67745,257.31,0,False,40,2019-02-22,289,True,detected_within_T,223.04011300388913,True,True,True
E3,SPY,21,POSITIVE CONTROL B,V1,False,True,D1,standardized_mean,0.050000000000000003,OP3_breakeven,17.19872800260837,0.28179999999999999,738.87699999999995,0.00080000000000000004,False,268,2020-01-17,289,True,detected_within_T,223.04011300388913,True,True,True
E3,SPY,21,POSITIVE CONTROL B,V1,False,True,D1,standardized_mean,0.10000000000000001,OP1_isoFPR5_H,20.673373608205694,0.040750000000000001,NaN,0.32379999999999998,True,NaN,NaN,289,False,no_alarm,223.04011300388913,True,True,True
E3,SPY,21,POSITIVE CONTROL B,V1,False,True,D1,standardized_mean,0.10000000000000001,OP2_ARL0_20,2.5686665835500562,1,20.341799999999999,0,False,2,2018-12-27,289,True,detected_within_T,223.04011300388913,True,True,True
E3,SPY,21,POSITIVE CONTROL B,V1,False,True,D1,standardized_mean,0.10000000000000001,OP2b_ARL0_252,9.3134998375452991,0.63519999999999999,286.9862,0,False,40,2019-02-22,289,True,detected_within_T,223.04011300388913,True,True,True
E3,SPY,21,POSITIVE CONTROL B,V1,False,True,D1,standardized_mean,0.10000000000000001,OP3_breakeven,12.656237610691365,0.31359999999999999,685.92939999999999,0.00020000000000000001,False,267,2020-01-16,289,True,detected_within_T,223.04011300388913,True,True,True
E3,SPY,21,POSITIVE CONTROL B,V1,False,True,D1,standardized_mean,0.14999999999999999,OP1_isoFPR5_H,16.175510149607252,0.04165,NaN,0.38779999999999998,True,NaN,NaN,289,False,no_alarm,223.04011300388913,True,True,True
E3,SPY,21,POSITIVE CONTROL B,V1,False,True,D1,standardized_mean,0.14999999999999999,OP2_ARL0_20,2.4158468223271798,1,21.826799999999999,0,False,1,2018-12-26,289,True,detected_within_T,223.04011300388913,True,True,True
E3,SPY,21,POSITIVE CONTROL B,V1,False,True,D1,standardized_mean,0.14999999999999999,OP2b_ARL0_252,7.7481476170246317,0.63154999999999994,287.5684,0,False,81,2019-04-23,289,True,detected_within_T,223.04011300388913,True,True,True
E3,SPY,21,POSITIVE CONTROL B,V1,False,True,D1,standardized_mean,0.14999999999999999,OP3_breakeven,9.9026459738685961,0.34549999999999997,635.22919999999999,0.00040000000000000002,False,268,2020-01-17,289,True,detected_within_T,223.04011300388913,True,True,True
E3,SPY,21,POSITIVE CONTROL B,V1,False,True,D1,standardized_mean,0.20000000000000001,OP1_isoFPR5_H,13.456836055829003,0.036249999999999998,NaN,0.4582,True,NaN,NaN,289,False,no_alarm,223.04011300388913,True,True,True
E3,SPY,21,POSITIVE CONTROL B,V1,False,True,D1,standardized_mean,0.20000000000000001,OP2_ARL0_20,2.1369418817222763,1,21.0336,0,False,1,2018-12-26,289,True,detected_within_T,223.04011300388913,True,True,True
E3,SPY,21,POSITIVE CONTROL B,V1,False,True,D1,standardized_mean,0.20000000000000001,OP2b_ARL0_252,6.445889573454612,0.65685000000000004,266.74639999999999,0,False,364,2020-06-05,289,False,alarm_beyond_T,223.04011300388913,True,True,True
E3,SPY,21,POSITIVE CONTROL B,V1,False,True,D1,standardized_mean,0.20000000000000001,OP3_breakeven,6.062399045025292,0.73055000000000003,220.17080000000001,0,False,267,2020-01-16,289,True,detected_within_T,223.04011300388913,True,True,True
E3,SPY,21,POSITIVE CONTROL B,V1,False,True,D1,standardized_mean,0.25,OP1_isoFPR5_H,11.195098946406727,0.0395,NaN,0.45419999999999999,True,NaN,NaN,289,False,no_alarm,223.04011300388913,True,True,True
E3,SPY,21,POSITIVE CONTROL B,V1,False,True,D1,standardized_mean,0.25,OP2_ARL0_20,1.8902359883313415,1,20.053599999999999,0,False,1,2018-12-26,289,True,detected_within_T,223.04011300388913,True,True,True
E3,SPY,21,POSITIVE CONTROL B,V1,False,True,D1,standardized_mean,0.25,OP2b_ARL0_252,5.7017238291636287,0.63390000000000002,282.6062,0,False,364,2020-06-05,289,False,alarm_beyond_T,223.04011300388913,True,True,True
E3,SPY,21,POSITIVE CONTROL B,V1,False,True,D1,standardized_mean,0.25,OP3_breakeven,5.0434706107801173,0.78454999999999997,193.35120000000001,0,False,122,2019-06-20,289,True,detected_within_T,223.04011300388913,True,True,True
E3,SPY,21,POSITIVE CONTROL B,V1,False,True,D1,standardized_mean,0.29999999999999999,OP1_isoFPR5_H,9.9026459738685961,0.033399999999999999,NaN,0.52800000000000002,True,NaN,NaN,289,False,no_alarm,223.04011300388913,True,True,True
E3,SPY,21,POSITIVE CONTROL B,V1,False,True,D1,standardized_mean,0.29999999999999999,OP2_ARL0_20,1.7777786479191604,1,20.964400000000001,0,False,1,2018-12-26,289,True,detected_within_T,223.04011300388913,True,True,True
E3,SPY,21,POSITIVE CONTROL B,V1,False,True,D1,standardized_mean,0.29999999999999999,OP2b_ARL0_252,5.0434706107801173,0.63354999999999995,287.19499999999999,0,False,364,2020-06-05,289,False,alarm_beyond_T,223.04011300388913,True,True,True
E3,SPY,21,POSITIVE CONTROL B,V1,False,True,D1,standardized_mean,0.29999999999999999,OP3_breakeven,4.4612114798857236,0.79095000000000004,188.49440000000001,0,False,122,2019-06-20,289,True,detected_within_T,223.04011300388913,True,True,True
E3,SPY,21,POSITIVE CONTROL B,V1,False,True,D1,standardized_mean,0.40000000000000002,OP1_isoFPR5_H,7.7481476170246317,0.033450000000000001,NaN,0.54020000000000001,True,NaN,NaN,289,False,no_alarm,223.04011300388913,True,True,True
E3,SPY,21,POSITIVE CONTROL B,V1,False,True,D1,standardized_mean,0.40000000000000002,OP2_ARL0_20,1.4789812245385263,1,20.319400000000002,0,False,1,2018-12-26,289,True,detected_within_T,223.04011300388913,True,True,True
E3,SPY,21,POSITIVE CONTROL B,V1,False,True,D1,standardized_mean,0.40000000000000002,OP2b_ARL0_252,4.1957970125169552,0.59045000000000003,318.13839999999999,0,False,364,2020-06-05,289,False,alarm_beyond_T,223.04011300388913,True,True,True
E3,SPY,21,POSITIVE CONTROL B,V1,False,True,D1,standardized_mean,0.40000000000000002,OP3_breakeven,3.2829260694404119,0.89354999999999996,130.40219999999999,0,False,122,2019-06-20,289,True,detected_within_T,223.04011300388913,True,True,True
E3,SPY,21,POSITIVE CONTROL B,V1,False,True,D1,standardized_mean,0.5,OP1_isoFPR5_H,6.062399045025292,0.049500000000000002,NaN,0.41660000000000003,True,NaN,NaN,289,False,no_alarm,223.04011300388913,True,True,True
E3,SPY,21,POSITIVE CONTROL B,V1,False,True,D1,standardized_mean,0.5,OP2_ARL0_20,1.3082356430002358,1,21.304200000000002,0,False,1,2018-12-26,289,True,detected_within_T,223.04011300388913,True,True,True
E3,SPY,21,POSITIVE CONTROL B,V1,False,True,D1,standardized_mean,0.5,OP2b_ARL0_252,3.4905948559742157,0.60440000000000005,307.1952,0,False,426,2020-09-02,289,False,alarm_beyond_T,223.04011300388913,True,True,True
E3,SPY,21,POSITIVE CONTROL B,V1,False,True,D1,standardized_mean,0.5,OP3_breakeven,2.4158468223271798,0.96114999999999995,91.070400000000006,0,False,113,2019-06-07,289,True,detected_within_T,223.04011300388913,True,True,True
E3,SPY,21,POSITIVE CONTROL B,V1,False,True,D1,standardized_mean,0.07742696831671235,OP1_isoFPR5_H,23.37157803183398,0.042099999999999999,NaN,0.26600000000000001,True,NaN,NaN,289,False,no_alarm,223.04011300388913,True,True,True
E3,SPY,21,POSITIVE CONTROL B,V1,False,True,D1,standardized_mean,0.07742696831671235,OP2_ARL0_20,2.7311532984905198,1,20.864000000000001,0,False,4,2018-12-31,289,True,detected_within_T,223.04011300388913,True,True,True
E3,SPY,21,POSITIVE CONTROL B,V1,False,True,D1,standardized_mean,0.07742696831671235,OP2b_ARL0_252,9.9026459738685961,0.67125000000000001,262.36279999999999,0,False,37,2019-02-19,289,True,detected_within_T,223.04011300388913,True,True,True
E3,SPY,21,POSITIVE CONTROL B,V1,False,True,D1,standardized_mean,0.07742696831671235,OP3_breakeven,14.30807813536043,0.3075,704.99620000000004,0.001,False,267,2020-01-16,289,True,detected_within_T,223.04011300388913,True,True,True
E3,SPY,21,POSITIVE CONTROL B,V1,False,True,D2,likelihood_ratio,NaN,OP1_isoFPR5_H,3.7114001932521505,0.041549999999999997,NaN,0.28899999999999998,True,NaN,NaN,289,False,no_alarm,223.04011300388913,True,True,True
E3,SPY,21,POSITIVE CONTROL B,V1,False,True,D2,likelihood_ratio,NaN,OP2_ARL0_20,0.40790355026959829,1,20.373200000000001,0,False,17,2019-01-18,289,True,detected_within_T,223.04011300388913,True,True,True
E3,SPY,21,POSITIVE CONTROL B,V1,False,True,D2,likelihood_ratio,NaN,OP2b_ARL0_252,1.5725374697020222,0.66359999999999997,268.80759999999998,0,False,81,2019-04-23,289,True,detected_within_T,223.04011300388913,True,True,True
E3,SPY,21,POSITIVE CONTROL B,V1,False,True,D2,likelihood_ratio,NaN,OP3_breakeven,2.5686665835500562,0.2046,1031.3878,0.0067999999999999996,False,268,2020-01-17,289,True,detected_within_T,223.04011300388913,True,True,True
E3,SPY,21,POSITIVE CONTROL B,V2,False,False,D1,standardized_mean,0,OP1_isoFPR5_H,38.176382217830508,0.0385,NaN,0,False,246,2019-12-16,289,True,detected_within_T,223.04011300388913,True,True,True
E3,SPY,21,POSITIVE CONTROL B,V2,False,False,D1,standardized_mean,0,OP2_ARL0_20,NaN,NaN,NaN,NaN,False,NaN,NaN,289,False,not_attainable,223.04011300388913,True,False,True
E3,SPY,21,POSITIVE CONTROL B,V2,False,False,D1,standardized_mean,0,OP2b_ARL0_252,NaN,NaN,NaN,NaN,False,NaN,NaN,289,False,not_attainable,223.04011300388913,True,False,True
E3,SPY,21,POSITIVE CONTROL B,V2,False,False,D1,standardized_mean,0,OP3_breakeven,43.159007953254189,0.017049999999999999,NaN,0,False,264,2020-01-13,289,True,detected_within_T,223.04011300388913,True,True,True
E3,SPY,21,POSITIVE CONTROL B,V2,False,False,D1,standardized_mean,0.050000000000000003,OP1_isoFPR5_H,28.093319714816047,0.042900000000000001,NaN,0,False,253,2019-12-26,289,True,detected_within_T,223.04011300388913,True,True,True
E3,SPY,21,POSITIVE CONTROL B,V2,False,False,D1,standardized_mean,0.050000000000000003,OP2_ARL0_20,NaN,NaN,NaN,NaN,False,NaN,NaN,289,False,not_attainable,223.04011300388913,True,False,True
E3,SPY,21,POSITIVE CONTROL B,V2,False,False,D1,standardized_mean,0.050000000000000003,OP2b_ARL0_252,NaN,NaN,NaN,NaN,False,NaN,NaN,289,False,not_attainable,223.04011300388913,True,False,True
E3,SPY,21,POSITIVE CONTROL B,V2,False,False,D1,standardized_mean,0.050000000000000003,OP3_breakeven,31.759945248001003,0.019650000000000001,NaN,0,False,268,2020-01-17,289,True,detected_within_T,223.04011300388913,True,True,True
E3,SPY,21,POSITIVE CONTROL B,V2,False,False,D1,standardized_mean,0.10000000000000001,OP1_isoFPR5_H,20.673373608205694,0.048649999999999999,NaN,0,False,723,2021-11-05,289,False,alarm_beyond_T,223.04011300388913,True,True,True
E3,SPY,21,POSITIVE CONTROL B,V2,False,False,D1,standardized_mean,0.10000000000000001,OP2_ARL0_20,NaN,NaN,NaN,NaN,False,NaN,NaN,289,False,not_attainable,223.04011300388913,True,False,True
E3,SPY,21,POSITIVE CONTROL B,V2,False,False,D1,standardized_mean,0.10000000000000001,OP2b_ARL0_252,NaN,NaN,NaN,NaN,False,NaN,NaN,289,False,not_attainable,223.04011300388913,True,False,True
E3,SPY,21,POSITIVE CONTROL B,V2,False,False,D1,standardized_mean,0.10000000000000001,OP3_breakeven,18.286671775535151,0.087900000000000006,NaN,0,False,268,2020-01-17,289,True,detected_within_T,223.04011300388913,True,True,True
E3,SPY,21,POSITIVE CONTROL B,V2,False,False,D1,standardized_mean,0.14999999999999999,OP1_isoFPR5_H,17.19872800260837,0.037699999999999997,NaN,0,False,NaN,NaN,289,False,no_alarm,223.04011300388913,True,True,True
E3,SPY,21,POSITIVE CONTROL B,V2,False,False,D1,standardized_mean,0.14999999999999999,OP2_ARL0_20,NaN,NaN,NaN,NaN,False,NaN,NaN,289,False,not_attainable,223.04011300388913,True,False,True
E3,SPY,21,POSITIVE CONTROL B,V2,False,False,D1,standardized_mean,0.14999999999999999,OP2b_ARL0_252,NaN,NaN,NaN,NaN,False,NaN,NaN,289,False,not_attainable,223.04011300388913,True,False,True
E3,SPY,21,POSITIVE CONTROL B,V2,False,False,D1,standardized_mean,0.14999999999999999,OP3_breakeven,14.30807813536043,0.0969,NaN,0,False,267,2020-01-16,289,True,detected_within_T,223.04011300388913,True,True,True
E3,SPY,21,POSITIVE CONTROL B,V2,False,False,D1,standardized_mean,0.20000000000000001,OP1_isoFPR5_H,14.30807813536043,0.035549999999999998,NaN,0,False,NaN,NaN,289,False,no_alarm,223.04011300388913,True,True,True
E3,SPY,21,POSITIVE CONTROL B,V2,False,False,D1,standardized_mean,0.20000000000000001,OP2_ARL0_20,NaN,NaN,NaN,NaN,False,NaN,NaN,289,False,not_attainable,223.04011300388913,True,False,True
E3,SPY,21,POSITIVE CONTROL B,V2,False,False,D1,standardized_mean,0.20000000000000001,OP2b_ARL0_252,NaN,NaN,NaN,NaN,False,NaN,NaN,289,False,not_attainable,223.04011300388913,True,False,True
E3,SPY,21,POSITIVE CONTROL B,V2,False,False,D1,standardized_mean,0.20000000000000001,OP3_breakeven,11.195098946406727,0.13255,NaN,0,False,268,2020-01-17,289,True,detected_within_T,223.04011300388913,True,True,True
E3,SPY,21,POSITIVE CONTROL B,V2,False,False,D1,standardized_mean,0.25,OP1_isoFPR5_H,11.903269817194102,0.042549999999999998,NaN,0,False,NaN,NaN,289,False,no_alarm,223.04011300388913,True,True,True
E3,SPY,21,POSITIVE CONTROL B,V2,False,False,D1,standardized_mean,0.25,OP2_ARL0_20,NaN,NaN,NaN,NaN,False,NaN,NaN,289,False,not_attainable,223.04011300388913,True,False,True
E3,SPY,21,POSITIVE CONTROL B,V2,False,False,D1,standardized_mean,0.25,OP2b_ARL0_252,NaN,NaN,NaN,NaN,False,NaN,NaN,289,False,not_attainable,223.04011300388913,True,False,True
E3,SPY,21,POSITIVE CONTROL B,V2,False,False,D1,standardized_mean,0.25,OP3_breakeven,7.2871807962094346,0.40844999999999998,NaN,0,False,226,2019-11-15,289,True,detected_within_T,223.04011300388913,True,True,True
E3,SPY,21,POSITIVE CONTROL B,V2,False,False,D1,standardized_mean,0.29999999999999999,OP1_isoFPR5_H,10.529059858728843,0.040899999999999999,NaN,0,False,NaN,NaN,289,False,no_alarm,223.04011300388913,True,True,True
E3,SPY,21,POSITIVE CONTROL B,V2,False,False,D1,standardized_mean,0.29999999999999999,OP2_ARL0_20,NaN,NaN,NaN,NaN,False,NaN,NaN,289,False,not_attainable,223.04011300388913,True,False,True
E3,SPY,21,POSITIVE CONTROL B,V2,False,False,D1,standardized_mean,0.29999999999999999,OP2b_ARL0_252,NaN,NaN,NaN,NaN,False,NaN,NaN,289,False,not_attainable,223.04011300388913,True,False,True
E3,SPY,21,POSITIVE CONTROL B,V2,False,False,D1,standardized_mean,0.29999999999999999,OP3_breakeven,6.445889573454612,0.41570000000000001,NaN,0,False,122,2019-06-20,289,True,detected_within_T,223.04011300388913,True,True,True
E3,SPY,21,POSITIVE CONTROL B,V2,False,False,D1,standardized_mean,0.40000000000000002,OP1_isoFPR5_H,8.2382739188291012,0.049149999999999999,NaN,0,False,NaN,NaN,289,False,no_alarm,223.04011300388913,True,True,True
E3,SPY,21,POSITIVE CONTROL B,V2,False,False,D1,standardized_mean,0.40000000000000002,OP2_ARL0_20,NaN,NaN,NaN,NaN,False,NaN,NaN,289,False,not_attainable,223.04011300388913,True,False,True
E3,SPY,21,POSITIVE CONTROL B,V2,False,False,D1,standardized_mean,0.40000000000000002,OP2b_ARL0_252,NaN,NaN,NaN,NaN,False,NaN,NaN,289,False,not_attainable,223.04011300388913,True,False,True
E3,SPY,21,POSITIVE CONTROL B,V2,False,False,D1,standardized_mean,0.40000000000000002,OP3_breakeven,5.0434706107801173,0.48980000000000001,NaN,0,False,122,2019-06-20,289,True,detected_within_T,223.04011300388913,True,True,True
E3,SPY,21,POSITIVE CONTROL B,V2,False,False,D1,standardized_mean,0.5,OP1_isoFPR5_H,7.2871807962094346,0.036450000000000003,NaN,0,False,NaN,NaN,289,False,no_alarm,223.04011300388913,True,True,True
E3,SPY,21,POSITIVE CONTROL B,V2,False,False,D1,standardized_mean,0.5,OP2_ARL0_20,NaN,NaN,NaN,NaN,False,NaN,NaN,289,False,not_attainable,223.04011300388913,True,False,True
E3,SPY,21,POSITIVE CONTROL B,V2,False,False,D1,standardized_mean,0.5,OP2b_ARL0_252,NaN,NaN,NaN,NaN,False,NaN,NaN,289,False,not_attainable,223.04011300388913,True,False,True
E3,SPY,21,POSITIVE CONTROL B,V2,False,False,D1,standardized_mean,0.5,OP3_breakeven,3.9461730629943523,0.62529999999999997,NaN,0,False,114,2019-06-10,289,True,detected_within_T,223.04011300388913,True,True,True
E3,SPY,21,POSITIVE CONTROL B,V2,False,False,D1,standardized_mean,0.086791876771861329,OP1_isoFPR5_H,23.37157803183398,0.037499999999999999,NaN,0,False,426,2020-09-02,289,False,alarm_beyond_T,223.04011300388913,True,True,True
E3,SPY,21,POSITIVE CONTROL B,V2,False,False,D1,standardized_mean,0.086791876771861329,OP2_ARL0_20,NaN,NaN,NaN,NaN,False,NaN,NaN,289,False,not_attainable,223.04011300388913,True,False,True
E3,SPY,21,POSITIVE CONTROL B,V2,False,False,D1,standardized_mean,0.086791876771861329,OP2b_ARL0_252,NaN,NaN,NaN,NaN,False,NaN,NaN,289,False,not_attainable,223.04011300388913,True,False,True
E3,SPY,21,POSITIVE CONTROL B,V2,False,False,D1,standardized_mean,0.086791876771861329,OP3_breakeven,20.673373608205694,0.069699999999999998,NaN,0,False,264,2020-01-13,289,True,detected_within_T,223.04011300388913,True,True,True
E3,SPY,21,POSITIVE CONTROL B,V2,False,False,D2,likelihood_ratio,NaN,OP1_isoFPR5_H,3.9461730629943523,0.04845,NaN,0,False,253,2019-12-26,289,True,detected_within_T,223.04011300388913,True,True,True
E3,SPY,21,POSITIVE CONTROL B,V2,False,False,D2,likelihood_ratio,NaN,OP2_ARL0_20,NaN,NaN,NaN,NaN,False,NaN,NaN,289,False,not_attainable,223.04011300388913,True,False,True
E3,SPY,21,POSITIVE CONTROL B,V2,False,False,D2,likelihood_ratio,NaN,OP2b_ARL0_252,NaN,NaN,NaN,NaN,False,NaN,NaN,289,False,not_attainable,223.04011300388913,True,False,True
E3,SPY,21,POSITIVE CONTROL B,V2,False,False,D2,likelihood_ratio,NaN,OP3_breakeven,4.1957970125169552,0.035249999999999997,NaN,0,False,267,2020-01-16,289,True,detected_within_T,223.04011300388913,True,True,True
E3,SPY,21,POSITIVE CONTROL B,V3,True,False,D1,standardized_mean,0,OP1_isoFPR5_H,38.176382217830508,0.042099999999999999,NaN,0,False,244,2019-12-12,289,True,detected_within_T,223.04011300388913,True,True,True
E3,SPY,21,POSITIVE CONTROL B,V3,True,False,D1,standardized_mean,0,OP2_ARL0_20,NaN,NaN,NaN,NaN,False,NaN,NaN,289,False,not_attainable,223.04011300388913,True,False,True
E3,SPY,21,POSITIVE CONTROL B,V3,True,False,D1,standardized_mean,0,OP2b_ARL0_252,NaN,NaN,NaN,NaN,False,NaN,NaN,289,False,not_attainable,223.04011300388913,True,False,True
E3,SPY,21,POSITIVE CONTROL B,V3,True,False,D1,standardized_mean,0,OP3_breakeven,45.889126944688861,0.0101,NaN,0,False,267,2020-01-16,289,True,detected_within_T,223.04011300388913,True,True,True
E3,SPY,21,POSITIVE CONTROL B,V3,True,False,D1,standardized_mean,0.050000000000000003,OP1_isoFPR5_H,28.093319714816047,0.046199999999999998,NaN,0,False,249,2019-12-19,289,True,detected_within_T,223.04011300388913,True,True,True
E3,SPY,21,POSITIVE CONTROL B,V3,True,False,D1,standardized_mean,0.050000000000000003,OP2_ARL0_20,NaN,NaN,NaN,NaN,False,NaN,NaN,289,False,not_attainable,223.04011300388913,True,False,True
E3,SPY,21,POSITIVE CONTROL B,V3,True,False,D1,standardized_mean,0.050000000000000003,OP2b_ARL0_252,NaN,NaN,NaN,NaN,False,NaN,NaN,289,False,not_attainable,223.04011300388913,True,False,True
E3,SPY,21,POSITIVE CONTROL B,V3,True,False,D1,standardized_mean,0.050000000000000003,OP3_breakeven,31.759945248001003,0.022450000000000001,NaN,0,False,262,2020-01-09,289,True,detected_within_T,223.04011300388913,True,True,True
E3,SPY,21,POSITIVE CONTROL B,V3,True,False,D1,standardized_mean,0.10000000000000001,OP1_isoFPR5_H,21.981113813122313,0.03925,NaN,0,False,425,2020-09-01,289,False,alarm_beyond_T,223.04011300388913,True,True,True
E3,SPY,21,POSITIVE CONTROL B,V3,True,False,D1,standardized_mean,0.10000000000000001,OP2_ARL0_20,NaN,NaN,NaN,NaN,False,NaN,NaN,289,False,not_attainable,223.04011300388913,True,False,True
E3,SPY,21,POSITIVE CONTROL B,V3,True,False,D1,standardized_mean,0.10000000000000001,OP2b_ARL0_252,NaN,NaN,NaN,NaN,False,NaN,NaN,289,False,not_attainable,223.04011300388913,True,False,True
E3,SPY,21,POSITIVE CONTROL B,V3,True,False,D1,standardized_mean,0.10000000000000001,OP3_breakeven,19.443435850339526,0.074050000000000005,NaN,0,False,267,2020-01-16,289,True,detected_within_T,223.04011300388913,True,True,True
E3,SPY,21,POSITIVE CONTROL B,V3,True,False,D1,standardized_mean,0.14999999999999999,OP1_isoFPR5_H,17.19872800260837,0.043049999999999998,NaN,0,False,NaN,NaN,289,False,no_alarm,223.04011300388913,True,True,True
E3,SPY,21,POSITIVE CONTROL B,V3,True,False,D1,standardized_mean,0.14999999999999999,OP2_ARL0_20,NaN,NaN,NaN,NaN,False,NaN,NaN,289,False,not_attainable,223.04011300388913,True,False,True
E3,SPY,21,POSITIVE CONTROL B,V3,True,False,D1,standardized_mean,0.14999999999999999,OP2b_ARL0_252,NaN,NaN,NaN,NaN,False,NaN,NaN,289,False,not_attainable,223.04011300388913,True,False,True
E3,SPY,21,POSITIVE CONTROL B,V3,True,False,D1,standardized_mean,0.14999999999999999,OP3_breakeven,14.30807813536043,0.109,NaN,0,False,267,2020-01-16,289,True,detected_within_T,223.04011300388913,True,True,True
E3,SPY,21,POSITIVE CONTROL B,V3,True,False,D1,standardized_mean,0.20000000000000001,OP1_isoFPR5_H,14.30807813536043,0.040550000000000003,NaN,0,False,NaN,NaN,289,False,no_alarm,223.04011300388913,True,True,True
E3,SPY,21,POSITIVE CONTROL B,V3,True,False,D1,standardized_mean,0.20000000000000001,OP2_ARL0_20,NaN,NaN,NaN,NaN,False,NaN,NaN,289,False,not_attainable,223.04011300388913,True,False,True
E3,SPY,21,POSITIVE CONTROL B,V3,True,False,D1,standardized_mean,0.20000000000000001,OP2b_ARL0_252,NaN,NaN,NaN,NaN,False,NaN,NaN,289,False,not_attainable,223.04011300388913,True,False,True
E3,SPY,21,POSITIVE CONTROL B,V3,True,False,D1,standardized_mean,0.20000000000000001,OP3_breakeven,11.195098946406727,0.14605000000000001,NaN,0,False,268,2020-01-17,289,True,detected_within_T,223.04011300388913,True,True,True
E3,SPY,21,POSITIVE CONTROL B,V3,True,False,D1,standardized_mean,0.25,OP1_isoFPR5_H,11.903269817194102,0.047399999999999998,NaN,0,False,NaN,NaN,289,False,no_alarm,223.04011300388913,True,True,True
E3,SPY,21,POSITIVE CONTROL B,V3,True,False,D1,standardized_mean,0.25,OP2_ARL0_20,NaN,NaN,NaN,NaN,False,NaN,NaN,289,False,not_attainable,223.04011300388913,True,False,True
E3,SPY,21,POSITIVE CONTROL B,V3,True,False,D1,standardized_mean,0.25,OP2b_ARL0_252,NaN,NaN,NaN,NaN,False,NaN,NaN,289,False,not_attainable,223.04011300388913,True,False,True
E3,SPY,21,POSITIVE CONTROL B,V3,True,False,D1,standardized_mean,0.25,OP3_breakeven,7.7481476170246317,0.35494999999999999,NaN,0,False,268,2020-01-17,289,True,detected_within_T,223.04011300388913,True,True,True
E3,SPY,21,POSITIVE CONTROL B,V3,True,False,D1,standardized_mean,0.29999999999999999,OP1_isoFPR5_H,10.529059858728843,0.043400000000000001,NaN,0,False,NaN,NaN,289,False,no_alarm,223.04011300388913,True,True,True
E3,SPY,21,POSITIVE CONTROL B,V3,True,False,D1,standardized_mean,0.29999999999999999,OP2_ARL0_20,NaN,NaN,NaN,NaN,False,NaN,NaN,289,False,not_attainable,223.04011300388913,True,False,True
E3,SPY,21,POSITIVE CONTROL B,V3,True,False,D1,standardized_mean,0.29999999999999999,OP2b_ARL0_252,NaN,NaN,NaN,NaN,False,NaN,NaN,289,False,not_attainable,223.04011300388913,True,False,True
E3,SPY,21,POSITIVE CONTROL B,V3,True,False,D1,standardized_mean,0.29999999999999999,OP3_breakeven,6.062399045025292,0.51854999999999996,NaN,0,False,122,2019-06-20,289,True,detected_within_T,223.04011300388913,True,True,True
E3,SPY,21,POSITIVE CONTROL B,V3,True,False,D1,standardized_mean,0.40000000000000002,OP1_isoFPR5_H,8.2382739188291012,0.046649999999999997,NaN,0,False,NaN,NaN,289,False,no_alarm,223.04011300388913,True,True,True
E3,SPY,21,POSITIVE CONTROL B,V3,True,False,D1,standardized_mean,0.40000000000000002,OP2_ARL0_20,NaN,NaN,NaN,NaN,False,NaN,NaN,289,False,not_attainable,223.04011300388913,True,False,True
E3,SPY,21,POSITIVE CONTROL B,V3,True,False,D1,standardized_mean,0.40000000000000002,OP2b_ARL0_252,NaN,NaN,NaN,NaN,False,NaN,NaN,289,False,not_attainable,223.04011300388913,True,False,True
E3,SPY,21,POSITIVE CONTROL B,V3,True,False,D1,standardized_mean,0.40000000000000002,OP3_breakeven,4.7434153294096566,0.58099999999999996,NaN,0,False,122,2019-06-20,289,True,detected_within_T,223.04011300388913,True,True,True
E3,SPY,21,POSITIVE CONTROL B,V3,True,False,D1,standardized_mean,0.5,OP1_isoFPR5_H,6.85363864776697,0.0453,NaN,0,False,NaN,NaN,289,False,no_alarm,223.04011300388913,True,True,True
E3,SPY,21,POSITIVE CONTROL B,V3,True,False,D1,standardized_mean,0.5,OP2_ARL0_20,NaN,NaN,NaN,NaN,False,NaN,NaN,289,False,not_attainable,223.04011300388913,True,False,True
E3,SPY,21,POSITIVE CONTROL B,V3,True,False,D1,standardized_mean,0.5,OP2b_ARL0_252,NaN,NaN,NaN,NaN,False,NaN,NaN,289,False,not_attainable,223.04011300388913,True,False,True
E3,SPY,21,POSITIVE CONTROL B,V3,True,False,D1,standardized_mean,0.5,OP3_breakeven,3.4905948559742157,0.77680000000000005,NaN,0,False,114,2019-06-10,289,True,detected_within_T,223.04011300388913,True,True,True
E3,SPY,21,POSITIVE CONTROL B,V3,True,False,D1,standardized_mean,0.08677316533369972,OP1_isoFPR5_H,23.37157803183398,0.041149999999999999,NaN,0,False,267,2020-01-16,289,True,detected_within_T,223.04011300388913,True,True,True
E3,SPY,21,POSITIVE CONTROL B,V3,True,False,D1,standardized_mean,0.08677316533369972,OP2_ARL0_20,NaN,NaN,NaN,NaN,False,NaN,NaN,289,False,not_attainable,223.04011300388913,True,False,True
E3,SPY,21,POSITIVE CONTROL B,V3,True,False,D1,standardized_mean,0.08677316533369972,OP2b_ARL0_252,NaN,NaN,NaN,NaN,False,NaN,NaN,289,False,not_attainable,223.04011300388913,True,False,True
E3,SPY,21,POSITIVE CONTROL B,V3,True,False,D1,standardized_mean,0.08677316533369972,OP3_breakeven,23.37157803183398,0.041149999999999999,NaN,0,False,267,2020-01-16,289,True,detected_within_T,223.04011300388913,True,True,True
E3,SPY,21,POSITIVE CONTROL B,V3,True,False,D2,likelihood_ratio,NaN,OP1_isoFPR5_H,4.1957970125169552,0.039949999999999999,NaN,0,False,249,2019-12-19,289,True,detected_within_T,223.04011300388913,True,True,True
E3,SPY,21,POSITIVE CONTROL B,V3,True,False,D2,likelihood_ratio,NaN,OP2_ARL0_20,NaN,NaN,NaN,NaN,False,NaN,NaN,289,False,not_attainable,223.04011300388913,True,False,True
E3,SPY,21,POSITIVE CONTROL B,V3,True,False,D2,likelihood_ratio,NaN,OP2b_ARL0_252,NaN,NaN,NaN,NaN,False,NaN,NaN,289,False,not_attainable,223.04011300388913,True,False,True
E3,SPY,21,POSITIVE CONTROL B,V3,True,False,D2,likelihood_ratio,NaN,OP3_breakeven,4.7434153294096566,0.019099999999999999,NaN,0,False,262,2020-01-09,289,True,detected_within_T,223.04011300388913,True,True,True
E4,SPY,18,NEGATIVE CONTROL,V1,False,True,D1,standardized_mean,0,OP1_isoFPR5_H,23.37157803183398,0.040149999999999998,603.81899999999996,0,False,NaN,NaN,108,False,no_alarm,462.29376067767311,False,True,True
E4,SPY,18,NEGATIVE CONTROL,V1,False,True,D1,standardized_mean,0,OP2_ARL0_20,3.2829260694404119,0.99724999999999997,20.703600000000002,0,False,12,2011-05-17,108,True,detected_within_T,462.29376067767311,False,True,True
E4,SPY,18,NEGATIVE CONTROL,V1,False,True,D1,standardized_mean,0,OP2b_ARL0_252,15.213167424961057,0.23069999999999999,274.47039999999998,0,False,69,2011-08-08,108,True,detected_within_T,462.29376067767311,False,True,True
E4,SPY,18,NEGATIVE CONTROL,V1,False,True,D1,standardized_mean,0,OP3_breakeven,18.286671775535151,0.12454999999999999,386.54059999999998,0,False,108,2011-10-03,108,True,detected_within_T,462.29376067767311,False,True,True
E4,SPY,18,NEGATIVE CONTROL,V1,False,True,D1,standardized_mean,0.050000000000000003,OP1_isoFPR5_H,19.443435850339526,0.042299999999999997,952.78560000000004,0.0033999999999999998,False,NaN,NaN,108,False,no_alarm,462.29376067767311,False,True,True
E4,SPY,18,NEGATIVE CONTROL,V1,False,True,D1,standardized_mean,0.050000000000000003,OP2_ARL0_20,3.0876122901990186,0.99665000000000004,21.612400000000001,0,False,16,2011-05-23,108,True,detected_within_T,462.29376067767311,False,True,True
E4,SPY,18,NEGATIVE CONTROL,V1,False,True,D1,standardized_mean,0.050000000000000003,OP2b_ARL0_252,11.903269817194102,0.26534999999999997,281.73579999999998,0,False,69,2011-08-08,108,True,detected_within_T,462.29376067767311,False,True,True
E4,SPY,18,NEGATIVE CONTROL,V1,False,True,D1,standardized_mean,0.050000000000000003,OP3_breakeven,13.456836055829003,0.187,372.78199999999998,0,False,69,2011-08-08,108,True,detected_within_T,462.29376067767311,False,True,True
E4,SPY,18,NEGATIVE CONTROL,V1,False,True,D1,standardized_mean,0.10000000000000001,OP1_isoFPR5_H,16.175510149607252,0.044249999999999998,1272.422,0.02,False,NaN,NaN,108,False,no_alarm,462.29376067767311,False,True,True
E4,SPY,18,NEGATIVE CONTROL,V1,False,True,D1,standardized_mean,0.10000000000000001,OP2_ARL0_20,2.7311532984905198,0.99744999999999995,20.322199999999999,0,False,17,2011-05-24,108,True,detected_within_T,462.29376067767311,False,True,True
E4,SPY,18,NEGATIVE CONTROL,V1,False,True,D1,standardized_mean,0.10000000000000001,OP2b_ARL0_252,9.9026459738685961,0.27424999999999999,293.73340000000002,0,False,69,2011-08-08,108,True,detected_within_T,462.29376067767311,False,True,True
E4,SPY,18,NEGATIVE CONTROL,V1,False,True,D1,standardized_mean,0.10000000000000001,OP3_breakeven,12.656237610691365,0.12615000000000001,576.77480000000003,0,False,69,2011-08-08,108,True,detected_within_T,462.29376067767311,False,True,True
E4,SPY,18,NEGATIVE CONTROL,V1,False,True,D1,standardized_mean,0.14999999999999999,OP1_isoFPR5_H,13.456836055829003,0.049950000000000001,1423.8796,0.0298,False,NaN,NaN,108,False,no_alarm,462.29376067767311,False,True,True
E4,SPY,18,NEGATIVE CONTROL,V1,False,True,D1,standardized_mean,0.14999999999999999,OP2_ARL0_20,2.5686665835500562,0.99724999999999997,20.735600000000002,0,False,22,2011-06-01,108,True,detected_within_T,462.29376067767311,False,True,True
E4,SPY,18,NEGATIVE CONTROL,V1,False,True,D1,standardized_mean,0.14999999999999999,OP2b_ARL0_252,8.2382739188291012,0.30449999999999999,275.88760000000002,0,False,67,2011-08-04,108,True,detected_within_T,462.29376067767311,False,True,True
E4,SPY,18,NEGATIVE CONTROL,V1,False,True,D1,standardized_mean,0.14999999999999999,OP3_breakeven,11.903269817194102,0.086749999999999994,909.40740000000005,0.0047999999999999996,False,69,2011-08-08,108,True,detected_within_T,462.29376067767311,False,True,True
E4,SPY,18,NEGATIVE CONTROL,V1,False,True,D1,standardized_mean,0.20000000000000001,OP1_isoFPR5_H,11.903269817194102,0.044150000000000002,NaN,0.063799999999999996,True,NaN,NaN,108,False,no_alarm,462.29376067767311,False,True,True
E4,SPY,18,NEGATIVE CONTROL,V1,False,True,D1,standardized_mean,0.20000000000000001,OP2_ARL0_20,2.4158468223271798,0.99695,21.061800000000002,0,False,22,2011-06-01,108,True,detected_within_T,462.29376067767311,False,True,True
E4,SPY,18,NEGATIVE CONTROL,V1,False,True,D1,standardized_mean,0.20000000000000001,OP2b_ARL0_252,7.2871807962094346,0.29880000000000001,283.74720000000002,0,False,67,2011-08-04,108,True,detected_within_T,462.29376067767311,False,True,True
E4,SPY,18,NEGATIVE CONTROL,V1,False,True,D1,standardized_mean,0.20000000000000001,OP3_breakeven,11.195098946406727,0.060400000000000002,1366.7539999999999,0.0252,False,69,2011-08-08,108,True,detected_within_T,462.29376067767311,False,True,True
E4,SPY,18,NEGATIVE CONTROL,V1,False,True,D1,standardized_mean,0.25,OP1_isoFPR5_H,10.529059858728843,0.043249999999999997,NaN,0.0848,True,69,2011-08-08,108,True,detected_within_T,462.29376067767311,False,True,True
E4,SPY,18,NEGATIVE CONTROL,V1,False,True,D1,standardized_mean,0.25,OP2_ARL0_20,2.2721188909158401,0.996,21.471599999999999,0,False,22,2011-06-01,108,True,detected_within_T,462.29376067767311,False,True,True
E4,SPY,18,NEGATIVE CONTROL,V1,False,True,D1,standardized_mean,0.25,OP2b_ARL0_252,6.445889573454612,0.31030000000000002,277.9692,0,False,67,2011-08-04,108,True,detected_within_T,462.29376067767311,False,True,True
E4,SPY,18,NEGATIVE CONTROL,V1,False,True,D1,standardized_mean,0.25,OP3_breakeven,11.195098946406727,0.030450000000000001,NaN,0.17080000000000001,True,69,2011-08-08,108,True,detected_within_T,462.29376067767311,False,True,True
E4,SPY,18,NEGATIVE CONTROL,V1,False,True,D1,standardized_mean,0.29999999999999999,OP1_isoFPR5_H,9.3134998375452991,0.0448,NaN,0.086599999999999996,True,69,2011-08-08,108,True,detected_within_T,462.29376067767311,False,True,True
E4,SPY,18,NEGATIVE CONTROL,V1,False,True,D1,standardized_mean,0.29999999999999999,OP2_ARL0_20,2.1369418817222763,0.99604999999999999,21.7378,0,False,22,2011-06-01,108,True,detected_within_T,462.29376067767311,False,True,True
E4,SPY,18,NEGATIVE CONTROL,V1,False,True,D1,standardized_mean,0.29999999999999999,OP2b_ARL0_252,5.7017238291636287,0.33660000000000001,258.774,0,False,67,2011-08-04,108,True,detected_within_T,462.29376067767311,False,True,True
E4,SPY,18,NEGATIVE CONTROL,V1,False,True,D1,standardized_mean,0.29999999999999999,OP3_breakeven,10.529059858728843,0.02155,NaN,0.28799999999999998,True,69,2011-08-08,108,True,detected_within_T,462.29376067767311,False,True,True
E4,SPY,18,NEGATIVE CONTROL,V1,False,True,D1,standardized_mean,0.40000000000000002,OP1_isoFPR5_H,7.7481476170246317,0.043499999999999997,NaN,0.1124,True,69,2011-08-08,108,True,detected_within_T,462.29376067767311,False,True,True
E4,SPY,18,NEGATIVE CONTROL,V1,False,True,D1,standardized_mean,0.40000000000000002,OP2_ARL0_20,1.8902359883313415,0.99480000000000002,21.901,0,False,22,2011-06-01,108,True,detected_within_T,462.29376067767311,False,True,True
E4,SPY,18,NEGATIVE CONTROL,V1,False,True,D1,standardized_mean,0.40000000000000002,OP2b_ARL0_252,5.0434706107801173,0.29270000000000002,309.98059999999998,0,False,67,2011-08-04,108,True,detected_within_T,462.29376067767311,False,True,True
E4,SPY,18,NEGATIVE CONTROL,V1,False,True,D1,standardized_mean,0.40000000000000002,OP3_breakeven,9.3134998375452991,0.01355,NaN,0.48359999999999997,True,69,2011-08-08,108,True,detected_within_T,462.29376067767311,False,True,True
E4,SPY,18,NEGATIVE CONTROL,V1,False,True,D1,standardized_mean,0.5,OP1_isoFPR5_H,6.85363864776697,0.035200000000000002,NaN,0.1726,True,69,2011-08-08,108,True,detected_within_T,462.29376067767311,False,True,True
E4,SPY,18,NEGATIVE CONTROL,V1,False,True,D1,standardized_mean,0.5,OP2_ARL0_20,1.6720118231307692,0.996,21.067399999999999,0,False,22,2011-06-01,108,True,detected_within_T,462.29376067767311,False,True,True
E4,SPY,18,NEGATIVE CONTROL,V1,False,True,D1,standardized_mean,0.5,OP2b_ARL0_252,4.1957970125169552,0.33589999999999998,260.14960000000002,0,False,67,2011-08-04,108,True,detected_within_T,462.29376067767311,False,True,True
E4,SPY,18,NEGATIVE CONTROL,V1,False,True,D1,standardized_mean,0.5,OP3_breakeven,8.2382739188291012,0.010500000000000001,NaN,0.58999999999999997,True,69,2011-08-08,108,True,detected_within_T,462.29376067767311,False,True,True
E4,SPY,18,NEGATIVE CONTROL,V1,False,True,D1,standardized_mean,0.079738203623828871,OP1_isoFPR5_H,17.19872800260837,0.0465,1108.7044000000001,0.010800000000000001,False,NaN,NaN,108,False,no_alarm,462.29376067767311,False,True,True
E4,SPY,18,NEGATIVE CONTROL,V1,False,True,D1,standardized_mean,0.079738203623828871,OP2_ARL0_20,2.9039184717958113,0.99680000000000002,21.275400000000001,0,False,16,2011-05-23,108,True,detected_within_T,462.29376067767311,False,True,True
E4,SPY,18,NEGATIVE CONTROL,V1,False,True,D1,standardized_mean,0.079738203623828871,OP2b_ARL0_252,10.529059858728843,0.27675,284.0376,0,False,69,2011-08-08,108,True,detected_within_T,462.29376067767311,False,True,True
E4,SPY,18,NEGATIVE CONTROL,V1,False,True,D1,standardized_mean,0.079738203623828871,OP3_breakeven,12.656237610691365,0.161,448.35059999999999,0,False,69,2011-08-08,108,True,detected_within_T,462.29376067767311,False,True,True
E4,SPY,18,NEGATIVE CONTROL,V1,False,True,D2,likelihood_ratio,NaN,OP1_isoFPR5_H,2.9039184717958113,0.042250000000000003,1106.7362000000001,0.0083999999999999995,False,NaN,NaN,108,False,no_alarm,462.29376067767311,False,True,True
E4,SPY,18,NEGATIVE CONTROL,V1,False,True,D2,likelihood_ratio,NaN,OP2_ARL0_20,0.4611414583444689,0.99744999999999995,21.0778,0,False,4,2011-05-05,108,True,detected_within_T,462.29376067767311,False,True,True
E4,SPY,18,NEGATIVE CONTROL,V1,False,True,D2,likelihood_ratio,NaN,OP2b_ARL0_252,1.7777786479191604,0.26000000000000001,273.09179999999998,0,False,69,2011-08-08,108,True,detected_within_T,462.29376067767311,False,True,True
E4,SPY,18,NEGATIVE CONTROL,V1,False,True,D2,likelihood_ratio,NaN,OP3_breakeven,2.2721188909158401,0.1234,517.74159999999995,0,False,108,2011-10-03,108,True,detected_within_T,462.29376067767311,False,True,True
E4,SPY,18,NEGATIVE CONTROL,V2,False,False,D1,standardized_mean,0,OP1_isoFPR5_H,23.37157803183398,0.036999999999999998,NaN,0,False,NaN,NaN,108,False,no_alarm,462.29376067767311,False,True,True
E4,SPY,18,NEGATIVE CONTROL,V2,False,False,D1,standardized_mean,0,OP2_ARL0_20,NaN,NaN,NaN,NaN,False,NaN,NaN,108,False,not_attainable,462.29376067767311,False,False,True
E4,SPY,18,NEGATIVE CONTROL,V2,False,False,D1,standardized_mean,0,OP2b_ARL0_252,NaN,NaN,NaN,NaN,False,NaN,NaN,108,False,not_attainable,462.29376067767311,False,False,True
E4,SPY,18,NEGATIVE CONTROL,V2,False,False,D1,standardized_mean,0,OP3_breakeven,11.195098946406727,0.45705000000000001,NaN,0,False,108,2011-10-03,108,True,detected_within_T,462.29376067767311,False,True,True
E4,SPY,18,NEGATIVE CONTROL,V2,False,False,D1,standardized_mean,0.050000000000000003,OP1_isoFPR5_H,19.443435850339526,0.038600000000000002,NaN,0,False,NaN,NaN,108,False,no_alarm,462.29376067767311,False,True,True
E4,SPY,18,NEGATIVE CONTROL,V2,False,False,D1,standardized_mean,0.050000000000000003,OP2_ARL0_20,NaN,NaN,NaN,NaN,False,NaN,NaN,108,False,not_attainable,462.29376067767311,False,False,True
E4,SPY,18,NEGATIVE CONTROL,V2,False,False,D1,standardized_mean,0.050000000000000003,OP2b_ARL0_252,NaN,NaN,NaN,NaN,False,NaN,NaN,108,False,not_attainable,462.29376067767311,False,False,True
E4,SPY,18,NEGATIVE CONTROL,V2,False,False,D1,standardized_mean,0.050000000000000003,OP3_breakeven,7.2871807962094346,0.6663,NaN,0,False,69,2011-08-08,108,True,detected_within_T,462.29376067767311,False,True,True
E4,SPY,18,NEGATIVE CONTROL,V2,False,False,D1,standardized_mean,0.10000000000000001,OP1_isoFPR5_H,16.175510149607252,0.0402,NaN,0,False,NaN,NaN,108,False,no_alarm,462.29376067767311,False,True,True
E4,SPY,18,NEGATIVE CONTROL,V2,False,False,D1,standardized_mean,0.10000000000000001,OP2_ARL0_20,NaN,NaN,NaN,NaN,False,NaN,NaN,108,False,not_attainable,462.29376067767311,False,False,True
E4,SPY,18,NEGATIVE CONTROL,V2,False,False,D1,standardized_mean,0.10000000000000001,OP2b_ARL0_252,NaN,NaN,NaN,NaN,False,NaN,NaN,108,False,not_attainable,462.29376067767311,False,False,True
E4,SPY,18,NEGATIVE CONTROL,V2,False,False,D1,standardized_mean,0.10000000000000001,OP3_breakeven,6.062399045025292,0.69425000000000003,NaN,0,False,69,2011-08-08,108,True,detected_within_T,462.29376067767311,False,True,True
E4,SPY,18,NEGATIVE CONTROL,V2,False,False,D1,standardized_mean,0.14999999999999999,OP1_isoFPR5_H,13.456836055829003,0.044049999999999999,NaN,0,False,NaN,NaN,108,False,no_alarm,462.29376067767311,False,True,True
E4,SPY,18,NEGATIVE CONTROL,V2,False,False,D1,standardized_mean,0.14999999999999999,OP2_ARL0_20,NaN,NaN,NaN,NaN,False,NaN,NaN,108,False,not_attainable,462.29376067767311,False,False,True
E4,SPY,18,NEGATIVE CONTROL,V2,False,False,D1,standardized_mean,0.14999999999999999,OP2b_ARL0_252,NaN,NaN,NaN,NaN,False,NaN,NaN,108,False,not_attainable,462.29376067767311,False,False,True
E4,SPY,18,NEGATIVE CONTROL,V2,False,False,D1,standardized_mean,0.14999999999999999,OP3_breakeven,5.3625065560026526,0.68964999999999999,NaN,0,False,69,2011-08-08,108,True,detected_within_T,462.29376067767311,False,True,True
E4,SPY,18,NEGATIVE CONTROL,V2,False,False,D1,standardized_mean,0.20000000000000001,OP1_isoFPR5_H,11.903269817194102,0.038850000000000003,NaN,0,False,NaN,NaN,108,False,no_alarm,462.29376067767311,False,True,True
E4,SPY,18,NEGATIVE CONTROL,V2,False,False,D1,standardized_mean,0.20000000000000001,OP2_ARL0_20,NaN,NaN,NaN,NaN,False,NaN,NaN,108,False,not_attainable,462.29376067767311,False,False,True
E4,SPY,18,NEGATIVE CONTROL,V2,False,False,D1,standardized_mean,0.20000000000000001,OP2b_ARL0_252,NaN,NaN,NaN,NaN,False,NaN,NaN,108,False,not_attainable,462.29376067767311,False,False,True
E4,SPY,18,NEGATIVE CONTROL,V2,False,False,D1,standardized_mean,0.20000000000000001,OP3_breakeven,5.0434706107801173,0.63939999999999997,NaN,0,False,69,2011-08-08,108,True,detected_within_T,462.29376067767311,False,True,True
E4,SPY,18,NEGATIVE CONTROL,V2,False,False,D1,standardized_mean,0.25,OP1_isoFPR5_H,10.529059858728843,0.036850000000000001,NaN,0,False,NaN,NaN,108,False,no_alarm,462.29376067767311,False,True,True
E4,SPY,18,NEGATIVE CONTROL,V2,False,False,D1,standardized_mean,0.25,OP2_ARL0_20,NaN,NaN,NaN,NaN,False,NaN,NaN,108,False,not_attainable,462.29376067767311,False,False,True
E4,SPY,18,NEGATIVE CONTROL,V2,False,False,D1,standardized_mean,0.25,OP2b_ARL0_252,NaN,NaN,NaN,NaN,False,NaN,NaN,108,False,not_attainable,462.29376067767311,False,False,True
E4,SPY,18,NEGATIVE CONTROL,V2,False,False,D1,standardized_mean,0.25,OP3_breakeven,4.4612114798857236,0.65910000000000002,NaN,0,False,69,2011-08-08,108,True,detected_within_T,462.29376067767311,False,True,True
E4,SPY,18,NEGATIVE CONTROL,V2,False,False,D1,standardized_mean,0.29999999999999999,OP1_isoFPR5_H,9.3134998375452991,0.037850000000000002,NaN,0,False,NaN,NaN,108,False,no_alarm,462.29376067767311,False,True,True
E4,SPY,18,NEGATIVE CONTROL,V2,False,False,D1,standardized_mean,0.29999999999999999,OP2_ARL0_20,NaN,NaN,NaN,NaN,False,NaN,NaN,108,False,not_attainable,462.29376067767311,False,False,True
E4,SPY,18,NEGATIVE CONTROL,V2,False,False,D1,standardized_mean,0.29999999999999999,OP2b_ARL0_252,NaN,NaN,NaN,NaN,False,NaN,NaN,108,False,not_attainable,462.29376067767311,False,False,True
E4,SPY,18,NEGATIVE CONTROL,V2,False,False,D1,standardized_mean,0.29999999999999999,OP3_breakeven,3.9461730629943523,0.68889999999999996,NaN,0,False,69,2011-08-08,108,True,detected_within_T,462.29376067767311,False,True,True
E4,SPY,18,NEGATIVE CONTROL,V2,False,False,D1,standardized_mean,0.40000000000000002,OP1_isoFPR5_H,7.2871807962094346,0.048250000000000001,NaN,0,False,NaN,NaN,108,False,no_alarm,462.29376067767311,False,True,True
E4,SPY,18,NEGATIVE CONTROL,V2,False,False,D1,standardized_mean,0.40000000000000002,OP2_ARL0_20,NaN,NaN,NaN,NaN,False,NaN,NaN,108,False,not_attainable,462.29376067767311,False,False,True
E4,SPY,18,NEGATIVE CONTROL,V2,False,False,D1,standardized_mean,0.40000000000000002,OP2b_ARL0_252,NaN,NaN,NaN,NaN,False,NaN,NaN,108,False,not_attainable,462.29376067767311,False,False,True
E4,SPY,18,NEGATIVE CONTROL,V2,False,False,D1,standardized_mean,0.40000000000000002,OP3_breakeven,3.2829260694404119,0.71389999999999998,NaN,0,False,69,2011-08-08,108,True,detected_within_T,462.29376067767311,False,True,True
E4,SPY,18,NEGATIVE CONTROL,V2,False,False,D1,standardized_mean,0.5,OP1_isoFPR5_H,6.445889573454612,0.038699999999999998,NaN,0,False,NaN,NaN,108,False,no_alarm,462.29376067767311,False,True,True
E4,SPY,18,NEGATIVE CONTROL,V2,False,False,D1,standardized_mean,0.5,OP2_ARL0_20,NaN,NaN,NaN,NaN,False,NaN,NaN,108,False,not_attainable,462.29376067767311,False,False,True
E4,SPY,18,NEGATIVE CONTROL,V2,False,False,D1,standardized_mean,0.5,OP2b_ARL0_252,NaN,NaN,NaN,NaN,False,NaN,NaN,108,False,not_attainable,462.29376067767311,False,False,True
E4,SPY,18,NEGATIVE CONTROL,V2,False,False,D1,standardized_mean,0.5,OP3_breakeven,3.0876122901990186,0.62565000000000004,NaN,0,False,69,2011-08-08,108,True,detected_within_T,462.29376067767311,False,True,True
E4,SPY,18,NEGATIVE CONTROL,V2,False,False,D1,standardized_mean,0.077818257043057018,OP1_isoFPR5_H,17.19872800260837,0.043400000000000001,NaN,0,False,NaN,NaN,108,False,no_alarm,462.29376067767311,False,True,True
E4,SPY,18,NEGATIVE CONTROL,V2,False,False,D1,standardized_mean,0.077818257043057018,OP2_ARL0_20,NaN,NaN,NaN,NaN,False,NaN,NaN,108,False,not_attainable,462.29376067767311,False,False,True
E4,SPY,18,NEGATIVE CONTROL,V2,False,False,D1,standardized_mean,0.077818257043057018,OP2b_ARL0_252,NaN,NaN,NaN,NaN,False,NaN,NaN,108,False,not_attainable,462.29376067767311,False,False,True
E4,SPY,18,NEGATIVE CONTROL,V2,False,False,D1,standardized_mean,0.077818257043057018,OP3_breakeven,6.85363864776697,0.64654999999999996,NaN,0,False,69,2011-08-08,108,True,detected_within_T,462.29376067767311,False,True,True
E4,SPY,18,NEGATIVE CONTROL,V2,False,False,D2,likelihood_ratio,NaN,OP1_isoFPR5_H,2.9039184717958113,0.036650000000000002,NaN,0,False,NaN,NaN,108,False,no_alarm,462.29376067767311,False,True,True
E4,SPY,18,NEGATIVE CONTROL,V2,False,False,D2,likelihood_ratio,NaN,OP2_ARL0_20,NaN,NaN,NaN,NaN,False,NaN,NaN,108,False,not_attainable,462.29376067767311,False,False,True
E4,SPY,18,NEGATIVE CONTROL,V2,False,False,D2,likelihood_ratio,NaN,OP2b_ARL0_252,NaN,NaN,NaN,NaN,False,NaN,NaN,108,False,not_attainable,462.29376067767311,False,False,True
E4,SPY,18,NEGATIVE CONTROL,V2,False,False,D2,likelihood_ratio,NaN,OP3_breakeven,1.2304037204506597,0.54710000000000003,NaN,0,False,29,2011-06-10,108,True,detected_within_T,462.29376067767311,False,True,True
E4,SPY,18,NEGATIVE CONTROL,V3,True,False,D1,standardized_mean,0,OP1_isoFPR5_H,23.37157803183398,0.039649999999999998,NaN,0,False,NaN,NaN,108,False,no_alarm,462.29376067767311,False,True,True
E4,SPY,18,NEGATIVE CONTROL,V3,True,False,D1,standardized_mean,0,OP2_ARL0_20,NaN,NaN,NaN,NaN,False,NaN,NaN,108,False,not_attainable,462.29376067767311,False,False,True
E4,SPY,18,NEGATIVE CONTROL,V3,True,False,D1,standardized_mean,0,OP2b_ARL0_252,NaN,NaN,NaN,NaN,False,NaN,NaN,108,False,not_attainable,462.29376067767311,False,False,True
E4,SPY,18,NEGATIVE CONTROL,V3,True,False,D1,standardized_mean,0,OP3_breakeven,10.529059858728843,0.52229999999999999,NaN,0,False,108,2011-10-03,108,True,detected_within_T,462.29376067767311,False,True,True
E4,SPY,18,NEGATIVE CONTROL,V3,True,False,D1,standardized_mean,0.050000000000000003,OP1_isoFPR5_H,19.443435850339526,0.041050000000000003,NaN,0,False,NaN,NaN,108,False,no_alarm,462.29376067767311,False,True,True
E4,SPY,18,NEGATIVE CONTROL,V3,True,False,D1,standardized_mean,0.050000000000000003,OP2_ARL0_20,NaN,NaN,NaN,NaN,False,NaN,NaN,108,False,not_attainable,462.29376067767311,False,False,True
E4,SPY,18,NEGATIVE CONTROL,V3,True,False,D1,standardized_mean,0.050000000000000003,OP2b_ARL0_252,NaN,NaN,NaN,NaN,False,NaN,NaN,108,False,not_attainable,462.29376067767311,False,False,True
E4,SPY,18,NEGATIVE CONTROL,V3,True,False,D1,standardized_mean,0.050000000000000003,OP3_breakeven,6.85363864776697,0.72755000000000003,NaN,0,False,69,2011-08-08,108,True,detected_within_T,462.29376067767311,False,True,True
E4,SPY,18,NEGATIVE CONTROL,V3,True,False,D1,standardized_mean,0.10000000000000001,OP1_isoFPR5_H,16.175510149607252,0.042250000000000003,NaN,0,False,NaN,NaN,108,False,no_alarm,462.29376067767311,False,True,True
E4,SPY,18,NEGATIVE CONTROL,V3,True,False,D1,standardized_mean,0.10000000000000001,OP2_ARL0_20,NaN,NaN,NaN,NaN,False,NaN,NaN,108,False,not_attainable,462.29376067767311,False,False,True
E4,SPY,18,NEGATIVE CONTROL,V3,True,False,D1,standardized_mean,0.10000000000000001,OP2b_ARL0_252,NaN,NaN,NaN,NaN,False,NaN,NaN,108,False,not_attainable,462.29376067767311,False,False,True
E4,SPY,18,NEGATIVE CONTROL,V3,True,False,D1,standardized_mean,0.10000000000000001,OP3_breakeven,5.7017238291636287,0.76265000000000005,NaN,0,False,69,2011-08-08,108,True,detected_within_T,462.29376067767311,False,True,True
E4,SPY,18,NEGATIVE CONTROL,V3,True,False,D1,standardized_mean,0.14999999999999999,OP1_isoFPR5_H,13.456836055829003,0.047699999999999999,NaN,0,False,NaN,NaN,108,False,no_alarm,462.29376067767311,False,True,True
E4,SPY,18,NEGATIVE CONTROL,V3,True,False,D1,standardized_mean,0.14999999999999999,OP2_ARL0_20,NaN,NaN,NaN,NaN,False,NaN,NaN,108,False,not_attainable,462.29376067767311,False,False,True
E4,SPY,18,NEGATIVE CONTROL,V3,True,False,D1,standardized_mean,0.14999999999999999,OP2b_ARL0_252,NaN,NaN,NaN,NaN,False,NaN,NaN,108,False,not_attainable,462.29376067767311,False,False,True
E4,SPY,18,NEGATIVE CONTROL,V3,True,False,D1,standardized_mean,0.14999999999999999,OP3_breakeven,5.0434706107801173,0.75780000000000003,NaN,0,False,69,2011-08-08,108,True,detected_within_T,462.29376067767311,False,True,True
E4,SPY,18,NEGATIVE CONTROL,V3,True,False,D1,standardized_mean,0.20000000000000001,OP1_isoFPR5_H,11.903269817194102,0.040349999999999997,NaN,0,False,NaN,NaN,108,False,no_alarm,462.29376067767311,False,True,True
E4,SPY,18,NEGATIVE CONTROL,V3,True,False,D1,standardized_mean,0.20000000000000001,OP2_ARL0_20,NaN,NaN,NaN,NaN,False,NaN,NaN,108,False,not_attainable,462.29376067767311,False,False,True
E4,SPY,18,NEGATIVE CONTROL,V3,True,False,D1,standardized_mean,0.20000000000000001,OP2b_ARL0_252,NaN,NaN,NaN,NaN,False,NaN,NaN,108,False,not_attainable,462.29376067767311,False,False,True
E4,SPY,18,NEGATIVE CONTROL,V3,True,False,D1,standardized_mean,0.20000000000000001,OP3_breakeven,4.7434153294096566,0.71104999999999996,NaN,0,False,69,2011-08-08,108,True,detected_within_T,462.29376067767311,False,True,True
E4,SPY,18,NEGATIVE CONTROL,V3,True,False,D1,standardized_mean,0.25,OP1_isoFPR5_H,10.529059858728843,0.036700000000000003,NaN,0,False,NaN,NaN,108,False,no_alarm,462.29376067767311,False,True,True
E4,SPY,18,NEGATIVE CONTROL,V3,True,False,D1,standardized_mean,0.25,OP2_ARL0_20,NaN,NaN,NaN,NaN,False,NaN,NaN,108,False,not_attainable,462.29376067767311,False,False,True
E4,SPY,18,NEGATIVE CONTROL,V3,True,False,D1,standardized_mean,0.25,OP2b_ARL0_252,NaN,NaN,NaN,NaN,False,NaN,NaN,108,False,not_attainable,462.29376067767311,False,False,True
E4,SPY,18,NEGATIVE CONTROL,V3,True,False,D1,standardized_mean,0.25,OP3_breakeven,4.1957970125169552,0.72945000000000004,NaN,0,False,69,2011-08-08,108,True,detected_within_T,462.29376067767311,False,True,True
E4,SPY,18,NEGATIVE CONTROL,V3,True,False,D1,standardized_mean,0.29999999999999999,OP1_isoFPR5_H,9.3134998375452991,0.036799999999999999,NaN,0,False,NaN,NaN,108,False,no_alarm,462.29376067767311,False,True,True
E4,SPY,18,NEGATIVE CONTROL,V3,True,False,D1,standardized_mean,0.29999999999999999,OP2_ARL0_20,NaN,NaN,NaN,NaN,False,NaN,NaN,108,False,not_attainable,462.29376067767311,False,False,True
E4,SPY,18,NEGATIVE CONTROL,V3,True,False,D1,standardized_mean,0.29999999999999999,OP2b_ARL0_252,NaN,NaN,NaN,NaN,False,NaN,NaN,108,False,not_attainable,462.29376067767311,False,False,True
E4,SPY,18,NEGATIVE CONTROL,V3,True,False,D1,standardized_mean,0.29999999999999999,OP3_breakeven,3.7114001932521505,0.75614999999999999,NaN,0,False,69,2011-08-08,108,True,detected_within_T,462.29376067767311,False,True,True
E4,SPY,18,NEGATIVE CONTROL,V3,True,False,D1,standardized_mean,0.40000000000000002,OP1_isoFPR5_H,7.2871807962094346,0.044150000000000002,NaN,0,False,NaN,NaN,108,False,no_alarm,462.29376067767311,False,True,True
E4,SPY,18,NEGATIVE CONTROL,V3,True,False,D1,standardized_mean,0.40000000000000002,OP2_ARL0_20,NaN,NaN,NaN,NaN,False,NaN,NaN,108,False,not_attainable,462.29376067767311,False,False,True
E4,SPY,18,NEGATIVE CONTROL,V3,True,False,D1,standardized_mean,0.40000000000000002,OP2b_ARL0_252,NaN,NaN,NaN,NaN,False,NaN,NaN,108,False,not_attainable,462.29376067767311,False,False,True
E4,SPY,18,NEGATIVE CONTROL,V3,True,False,D1,standardized_mean,0.40000000000000002,OP3_breakeven,2.9039184717958113,0.82594999999999996,NaN,0,False,25,2011-06-06,108,True,detected_within_T,462.29376067767311,False,True,True
E4,SPY,18,NEGATIVE CONTROL,V3,True,False,D1,standardized_mean,0.5,OP1_isoFPR5_H,6.062399045025292,0.046050000000000001,NaN,0,False,NaN,NaN,108,False,no_alarm,462.29376067767311,False,True,True
E4,SPY,18,NEGATIVE CONTROL,V3,True,False,D1,standardized_mean,0.5,OP2_ARL0_20,NaN,NaN,NaN,NaN,False,NaN,NaN,108,False,not_attainable,462.29376067767311,False,False,True
E4,SPY,18,NEGATIVE CONTROL,V3,True,False,D1,standardized_mean,0.5,OP2b_ARL0_252,NaN,NaN,NaN,NaN,False,NaN,NaN,108,False,not_attainable,462.29376067767311,False,False,True
E4,SPY,18,NEGATIVE CONTROL,V3,True,False,D1,standardized_mean,0.5,OP3_breakeven,2.7311532984905198,0.74380000000000002,NaN,0,False,69,2011-08-08,108,True,detected_within_T,462.29376067767311,False,True,True
E4,SPY,18,NEGATIVE CONTROL,V3,True,False,D1,standardized_mean,0.07772953632859822,OP1_isoFPR5_H,17.19872800260837,0.046249999999999999,NaN,0,False,NaN,NaN,108,False,no_alarm,462.29376067767311,False,True,True
E4,SPY,18,NEGATIVE CONTROL,V3,True,False,D1,standardized_mean,0.07772953632859822,OP2_ARL0_20,NaN,NaN,NaN,NaN,False,NaN,NaN,108,False,not_attainable,462.29376067767311,False,False,True
E4,SPY,18,NEGATIVE CONTROL,V3,True,False,D1,standardized_mean,0.07772953632859822,OP2b_ARL0_252,NaN,NaN,NaN,NaN,False,NaN,NaN,108,False,not_attainable,462.29376067767311,False,False,True
E4,SPY,18,NEGATIVE CONTROL,V3,True,False,D1,standardized_mean,0.07772953632859822,OP3_breakeven,6.445889573454612,0.71160000000000001,NaN,0,False,69,2011-08-08,108,True,detected_within_T,462.29376067767311,False,True,True
E4,SPY,18,NEGATIVE CONTROL,V3,True,False,D2,likelihood_ratio,NaN,OP1_isoFPR5_H,2.9039184717958113,0.039300000000000002,NaN,0,False,NaN,NaN,108,False,no_alarm,462.29376067767311,False,True,True
E4,SPY,18,NEGATIVE CONTROL,V3,True,False,D2,likelihood_ratio,NaN,OP2_ARL0_20,NaN,NaN,NaN,NaN,False,NaN,NaN,108,False,not_attainable,462.29376067767311,False,False,True
E4,SPY,18,NEGATIVE CONTROL,V3,True,False,D2,likelihood_ratio,NaN,OP2b_ARL0_252,NaN,NaN,NaN,NaN,False,NaN,NaN,108,False,not_attainable,462.29376067767311,False,False,True
E4,SPY,18,NEGATIVE CONTROL,V3,True,False,D2,likelihood_ratio,NaN,OP3_breakeven,1.0883559410133139,0.67095000000000005,NaN,0,False,29,2011-06-10,108,True,detected_within_T,462.29376067767311,False,True,True
